0.084041	-0.176134	-0.111182	0.485716	0.011776	0.105604	0.295813	0.159792	-0.212610	0.207529	0.026181	-0.181231	-0.145869	0.284880	0.304466	0.091898	-0.011816	-0.027883	-0.284003	0.029243	0.128696	0.103654	-0.122573	0.371736	0.031210
0.080118	-0.290234	0.000159	0.107415	0.216121	-0.222096	0.183006	-0.023460	-0.155314	0.209886	-0.147738	0.008612	-0.376855	-0.067870	-0.050337	-0.102656	0.001124	0.124575	-0.516747	-0.210572	0.168379	0.121016	-0.112026	0.358942	0.081752
0.395589	-0.275215	-0.043696	0.156047	0.151978	-0.132593	0.117214	-0.012618	0.089536	0.008778	0.152461	-0.166271	-0.110103	0.215917	-0.177262	0.155129	-0.078765	0.024154	-0.585623	-0.101582	0.234357	-0.069927	-0.081280	0.244842	0.165190
0.002505	-0.448506	0.303938	0.149198	-0.005110	0.177633	0.069526	0.270203	0.278471	0.035687	-0.263179	-0.404499	-0.271357	-0.006711	-0.069591	0.024716	0.046166	-0.025904	-0.100709	-0.003313	0.280558	-0.123575	-0.135728	0.183624	-0.157669
-0.060651	-0.189806	0.171077	0.344214	0.331869	0.115723	0.103032	0.064644	-0.226881	-0.072153	0.073264	-0.406394	-0.078425	0.074538	-0.046371	-0.094677	-0.139430	-0.027588	-0.307473	0.197420	0.290933	-0.008315	-0.107622	0.415609	-0.038155
0.067745	-0.203882	0.329107	0.150615	0.083669	0.065827	0.239666	0.014545	0.031982	0.171872	-0.052824	-0.194421	-0.001494	0.025047	-0.209614	0.181914	0.020324	-0.358446	-0.148020	0.183795	0.289443	0.211027	-0.012282	0.395825	0.367862
0.089601	-0.274062	0.386664	0.003831	0.087527	0.354563	0.042239	-0.047362	-0.063216	-0.092905	-0.085060	-0.308775	-0.083470	0.133897	-0.161725	-0.103645	-0.215307	-0.105867	-0.415935	0.270598	0.060220	-0.074679	0.074097	0.356061	-0.087600
-0.081913	-0.291578	0.297550	0.052563	-0.118524	0.225065	0.134071	0.399907	0.368669	-0.024396	-0.069703	-0.230182	-0.201420	-0.108891	-0.245318	0.053973	-0.040930	0.020599	-0.428600	0.068631	0.139989	0.063618	-0.031960	0.216598	-0.049067
0.362622	-0.170340	0.537665	0.270622	0.099667	0.171842	-0.025523	0.170584	-0.052539	0.008948	-0.135532	-0.105107	-0.057047	0.211601	-0.234709	0.129699	0.078042	-0.085431	-0.170046	0.148858	0.294913	-0.069413	0.043564	0.312071	0.014800
-0.036846	-0.122421	0.063136	0.101762	0.183929	0.101007	0.084032	-0.020939	0.186106	0.045207	-0.034391	-0.592059	-0.039134	0.012043	-0.133598	0.096061	-0.094333	0.021218	-0.580529	0.134820	-0.156911	0.050255	0.151115	0.175975	0.234830
0.093186	0.007149	0.398466	0.206906	0.046413	0.046993	-0.012397	0.185910	0.049347	0.022307	-0.262395	-0.401973	-0.037696	-0.075588	-0.056654	-0.098802	-0.002736	-0.208745	-0.209082	0.111391	0.114218	-0.058405	0.153034	0.586823	0.114833
-0.062562	-0.311001	-0.046260	0.260984	0.449383	0.175723	0.160185	0.103611	-0.272767	0.270588	-0.151904	-0.034498	-0.162432	0.230925	0.125255	0.182875	-0.146556	-0.185220	-0.265798	-0.032968	0.064901	0.070169	-0.028166	0.313894	0.152275
0.173470	-0.222787	-0.323027	0.237071	0.280878	-0.134548	0.092786	-0.014001	-0.062041	0.021388	0.023874	-0.301403	-0.268455	0.297944	0.361867	0.049146	0.002616	0.021221	-0.268850	0.065133	0.166129	0.217879	-0.295519	0.077544	0.136413
0.255720	-0.484686	0.031747	0.039376	0.320014	0.037333	0.115877	0.115445	-0.056486	0.055402	0.048679	-0.337966	-0.159246	0.040723	0.137867	0.017721	-0.070926	-0.086256	-0.277460	-0.062708	0.103809	0.190816	-0.211437	0.330688	0.320541
0.183185	-0.329190	0.002518	0.218708	0.328994	-0.030283	0.010985	0.229706	-0.220640	0.121104	0.031142	-0.462152	-0.038988	0.238027	-0.025063	-0.150416	-0.036653	0.094232	-0.386148	-0.010480	0.087064	0.127668	-0.239868	0.186953	0.114261
0.057906	-0.215744	0.304017	-0.020165	0.203308	0.002943	0.070475	-0.151188	0.003846	0.083242	0.010981	-0.318585	-0.242486	0.097832	-0.111928	-0.117290	-0.221738	-0.053162	-0.651775	-0.110126	0.158833	0.031237	-0.154318	0.148138	0.154885
-0.232469	-0.431851	0.251648	0.153378	-0.016212	0.015608	0.063450	0.187887	-0.066145	0.019300	-0.086537	-0.221164	-0.290450	0.072475	0.186270	-0.068284	0.330190	0.081358	-0.319009	0.060310	0.028143	0.070883	-0.210273	0.401426	-0.102139
-0.207340	-0.078712	-0.110027	0.329669	0.471855	0.186803	0.258982	0.278732	-0.028342	0.266645	-0.416435	-0.033432	0.026609	0.202031	0.112420	0.093842	-0.125299	0.084812	-0.233037	0.064668	0.003170	-0.086296	-0.006138	0.151526	0.080484
-0.109611	-0.072699	0.085077	0.070783	0.306091	0.009267	-0.065859	0.073938	-0.291618	0.036349	0.249895	-0.359519	-0.060953	-0.053376	0.054693	-0.008859	0.078901	0.074043	-0.213870	-0.052603	0.480044	0.189826	-0.208031	0.376908	0.259121
-0.116747	-0.111688	-0.007572	-0.200562	0.452623	0.119029	0.135172	0.146854	-0.036619	0.073252	0.092721	-0.181198	-0.077750	0.299457	-0.223597	0.078475	0.103939	-0.053528	-0.567704	0.013603	-0.133869	0.311791	-0.051605	0.142144	0.024195
-0.327913	-0.241260	0.214640	0.180340	0.223344	0.176986	0.084738	0.209502	-0.080495	0.007533	-0.223859	-0.339821	-0.377911	0.046813	0.015955	-0.072155	0.069874	0.050110	-0.101626	0.241866	0.205834	0.383430	-0.087102	0.165377	0.016046
-0.096789	-0.297376	-0.194085	-0.028433	0.095955	-0.196748	-0.050253	0.229445	0.130219	-0.073359	0.030093	-0.203162	-0.304531	0.027564	0.107713	0.013210	0.016050	-0.152079	-0.554830	0.311530	0.015010	0.263506	-0.181784	0.153465	0.190549
-0.099418	-0.428142	0.058238	0.028781	0.229608	-0.021089	0.233818	0.208894	-0.045910	-0.047712	0.005722	-0.115474	-0.141273	-0.109626	0.211350	-0.088977	0.270315	0.027569	-0.484081	-0.053826	0.147781	0.431391	-0.115399	0.127619	-0.014247
-0.388346	-0.069291	0.107123	0.218856	0.054779	0.284975	0.080741	0.053866	-0.081880	0.153015	-0.491528	-0.242793	-0.028885	0.132949	0.002734	-0.285707	0.196988	-0.038298	-0.308360	0.182821	0.054913	0.130857	-0.100342	0.247049	0.023410
-0.253352	-0.143137	0.162098	0.164805	0.175214	0.174132	0.119393	0.005356	-0.101281	0.226068	-0.312284	-0.012228	-0.037728	-0.044078	0.269989	-0.234023	0.137204	-0.162862	-0.474021	0.037841	-0.046619	0.281478	-0.044278	0.364271	0.094799
0.121700	-0.165425	0.087080	0.476851	0.190886	0.134903	0.143696	0.107614	-0.125183	0.352363	-0.144081	-0.328399	-0.038974	0.304657	0.294293	-0.003242	-0.122870	-0.152091	-0.178676	0.133188	-0.029509	0.122336	-0.185607	0.174452	0.134112
-0.318118	-0.187389	-0.075903	0.311069	-0.017032	-0.016224	0.268763	0.327622	0.190130	-0.170633	-0.075836	-0.238619	-0.032831	0.170911	0.135283	0.136845	-0.008477	-0.127190	-0.351177	0.209523	-0.013956	0.231620	0.053736	0.370961	-0.089159
-0.093906	-0.192396	0.408791	-0.084887	0.207253	0.173553	0.208746	-0.222742	0.275152	-0.055738	-0.310916	-0.088431	-0.092903	0.123383	-0.189170	-0.131940	-0.233149	0.005191	-0.340004	0.071291	0.163617	0.165219	-0.131050	0.153327	0.288812
-0.184277	-0.222766	0.227984	-0.010391	0.232953	0.080284	0.164387	-0.071346	0.089858	0.063893	0.009784	-0.469568	-0.141213	0.253022	-0.396359	-0.015026	-0.042328	0.067312	-0.405636	0.092699	0.300220	0.041240	-0.013063	0.071792	-0.144424
-0.000926	-0.306076	0.301256	0.237862	0.052095	-0.156223	0.226182	0.050253	0.131954	-0.155615	-0.091666	-0.171115	0.067476	0.219307	-0.013700	0.072352	-0.250296	0.180946	-0.559955	0.179411	0.119652	0.150529	0.028928	0.207837	-0.136608
0.051183	0.136249	-0.078944	0.189246	0.483882	0.035649	0.281182	0.006703	-0.099930	0.176546	-0.340803	-0.296058	-0.009246	0.144887	0.124112	0.137314	-0.050057	0.084770	-0.057021	0.065063	0.041469	0.053850	-0.129824	0.523153	-0.098092
0.052883	-0.114643	0.301903	-0.011624	0.083678	0.222451	0.180899	0.077451	0.100769	0.131032	-0.555178	-0.196290	0.124049	-0.046371	-0.190660	0.113739	0.120790	-0.243373	-0.203619	0.353845	0.066668	0.052471	0.119886	0.302067	0.058016
-0.094938	-0.049293	0.359139	-0.015202	0.387740	0.261988	0.118791	0.063425	0.312147	0.029812	-0.171217	-0.316798	0.047674	-0.092548	-0.108181	0.155143	-0.102285	-0.046701	0.016582	0.009414	0.254873	0.277477	0.025547	0.365097	0.242303
0.105493	-0.309427	-0.049663	-0.000351	0.147747	-0.164363	0.308599	0.098872	0.207679	0.008034	0.015019	-0.161196	-0.116459	0.139548	0.073391	-0.006205	0.154339	0.144270	-0.348598	-0.073953	0.162477	0.547186	-0.140403	0.236473	-0.236373
-0.117837	-0.276369	-0.195585	0.097179	0.256078	0.127765	0.016329	-0.024909	0.172607	-0.017849	-0.429156	-0.044807	-0.247246	0.112083	-0.064555	0.186964	0.143023	-0.249242	-0.472372	0.125932	-0.002924	0.162852	-0.286981	0.092200	0.105738
-0.094017	-0.148610	0.094157	0.357892	0.272116	0.235546	0.317428	0.145368	-0.082254	0.088350	-0.132227	-0.228165	0.009398	0.235727	0.208944	0.093388	-0.035959	-0.413340	0.173315	0.156708	0.114719	0.165599	-0.087165	0.296342	0.160673
0.135470	-0.057270	0.255247	-0.059544	0.233527	0.103835	0.413301	-0.114872	0.259755	-0.221816	-0.305720	-0.184603	0.067845	-0.089398	0.019928	0.095350	0.113520	-0.110200	-0.359841	0.302215	0.157739	0.332851	0.050765	0.033400	0.093947
-0.067799	-0.275162	0.116152	-0.008114	0.130448	0.076075	0.505064	0.237728	0.173752	0.093460	-0.117222	-0.120639	-0.050908	-0.214708	0.136908	0.155816	0.116929	-0.061741	-0.581566	-0.047996	0.002701	-0.008637	0.036199	0.230999	0.005593
-0.169135	0.059940	0.194201	0.046208	-0.008196	0.101029	0.227846	0.277939	0.207003	0.136829	0.122795	-0.465806	0.171468	-0.102717	0.034375	0.038722	0.093035	-0.121463	-0.253053	0.227201	0.363597	0.310099	-0.209483	0.183757	-0.084701
0.021777	-0.241359	0.002153	0.154551	0.413719	0.109803	0.204753	-0.016223	-0.070611	0.199264	-0.167359	-0.168138	0.034915	0.103634	0.140993	0.176046	-0.209873	0.133413	-0.501105	-0.071522	-0.277355	-0.160493	-0.093244	0.313786	0.016297
-0.362239	-0.098609	0.090542	0.185583	0.165486	0.199440	0.177032	0.263767	-0.012556	0.101614	0.021647	-0.471906	-0.072244	0.159496	0.041389	0.060894	0.082644	-0.066927	-0.422883	-0.031657	-0.156612	0.347479	0.005738	0.202664	-0.033217
-0.163121	0.000648	0.075452	0.228943	0.195670	0.439496	0.299665	0.110371	0.248799	-0.018410	-0.009552	-0.477895	-0.140000	0.125040	0.060001	-0.051396	-0.197104	-0.104616	-0.309092	-0.066965	0.252023	0.175041	-0.057468	-0.000050	-0.048923
-0.134889	-0.306693	0.088254	0.371551	0.212689	0.048016	0.243800	0.359763	0.060436	-0.043679	-0.155507	-0.382644	-0.172233	0.104827	0.279275	-0.003201	0.024281	0.067290	-0.385997	0.209433	-0.061433	-0.001043	-0.050495	0.052434	0.060255
0.127276	-0.312448	-0.087367	0.289256	0.182810	-0.029247	0.068800	-0.130707	-0.205864	0.113625	0.190085	-0.245186	-0.035387	0.260349	0.094495	0.155942	-0.275648	-0.050637	-0.159687	0.241552	0.248748	0.127548	-0.160528	0.211828	0.416875
0.269489	-0.414390	0.002939	0.345379	0.086827	-0.196651	0.016764	0.036751	-0.137753	0.247279	0.278636	-0.061442	-0.155447	0.240395	0.061580	0.099350	-0.067646	0.104459	-0.167851	0.112090	0.213586	0.235415	-0.210864	0.228074	0.278604
-0.199326	-0.279456	0.057493	-0.062213	-0.048154	-0.015642	-0.041169	-0.110801	0.248512	0.204488	-0.121230	-0.224368	-0.037331	-0.105432	-0.189050	-0.083769	0.034532	0.006323	-0.623389	-0.118079	0.100922	0.300936	0.015165	0.328014	0.149078
0.169218	-0.250973	-0.045581	-0.007891	0.006740	-0.163118	0.136373	-0.038184	-0.024754	0.068391	0.142405	-0.285782	-0.100849	0.040061	0.002485	-0.012910	-0.152424	0.126290	-0.624991	0.056966	0.255170	0.357096	-0.270906	0.193946	-0.060536
-0.118467	-0.173016	0.071921	0.187726	0.086244	-0.134469	0.340717	-0.099086	-0.011994	-0.330638	-0.049656	-0.241805	0.099170	0.007030	-0.226135	0.380941	-0.022400	0.036223	-0.416237	0.126918	0.277822	0.174712	-0.025799	0.261196	0.140994
-0.176943	-0.203435	-0.006110	0.306683	0.245807	-0.290660	0.171777	-0.205161	-0.152857	0.058084	-0.119257	-0.143253	-0.056363	0.101674	-0.041886	0.167817	0.118674	-0.026727	-0.461587	0.160591	0.152733	0.314035	-0.129569	0.324654	0.118376
-0.057052	-0.110601	-0.038977	0.158175	0.124949	-0.027161	0.318746	-0.413150	0.027969	0.016895	-0.172203	-0.144720	-0.127045	0.121748	-0.118560	-0.050519	0.198979	-0.264194	-0.439603	-0.014158	0.157446	0.410247	-0.192902	0.161408	0.104391
0.034827	-0.047026	0.303157	-0.169625	0.036523	0.281445	-0.006944	-0.069221	0.012777	0.237114	-0.081828	-0.489448	-0.044626	0.029843	-0.346990	0.028369	-0.174677	-0.118558	-0.323038	0.198568	0.187667	0.059129	-0.014635	0.366377	0.047665
0.257348	-0.257023	0.292489	-0.248658	0.160017	0.041091	-0.068749	0.152368	0.207910	0.072973	-0.342661	-0.219773	0.016197	-0.108958	0.126585	-0.034183	-0.207418	-0.189320	-0.314603	0.165856	0.127545	0.144579	-0.076378	0.415745	-0.017417
-0.043551	-0.085132	0.228310	0.096290	0.257448	0.172314	0.121627	0.117783	0.053003	0.018481	-0.049639	-0.487665	0.394505	0.130911	-0.128764	0.087569	-0.193912	-0.116836	-0.234849	0.149353	0.109397	-0.157149	-0.245949	0.347170	-0.134069
0.053181	-0.151417	0.266344	-0.164944	0.377125	0.007233	0.066121	0.230442	0.237921	0.115217	-0.230967	-0.341705	-0.237999	-0.022259	-0.138722	-0.003240	-0.133819	-0.309159	-0.219743	0.051837	0.275073	0.045303	-0.009233	0.323250	0.114943
0.059577	-0.218269	0.235419	0.158465	0.311327	0.373082	0.096835	0.311958	0.051966	0.302667	-0.457622	-0.078488	-0.065253	0.116728	-0.071097	0.015078	-0.132353	-0.139251	-0.097738	0.071655	0.238962	-0.037389	0.165987	0.195191	0.129101
0.240716	-0.260487	0.279537	-0.173184	0.086739	0.040027	0.044490	-0.154410	0.204643	0.187262	-0.276356	-0.124195	-0.087787	-0.084090	-0.118654	0.233600	-0.188048	-0.215738	-0.147893	0.087492	0.341728	-0.034286	0.072198	0.473531	0.141855
-0.115306	-0.099558	0.545961	0.214615	0.202605	0.036125	-0.149469	0.085292	0.088452	0.228780	-0.201648	-0.358438	-0.008693	0.149371	-0.046449	-0.018043	-0.097400	-0.102377	-0.385823	0.261097	0.069826	-0.066192	-0.003435	0.219578	-0.109702
-0.113708	-0.409507	-0.120638	0.328445	0.239936	0.066840	0.163026	0.031596	0.122350	0.228295	-0.186729	-0.035711	0.022013	0.202110	0.364999	0.215912	-0.204591	-0.056742	-0.000770	0.177085	0.149700	0.172058	0.035739	0.330243	0.210088
0.230766	-0.228073	0.090767	0.083880	0.303820	0.019493	0.032114	0.141173	-0.027277	0.072194	0.024049	-0.272252	-0.209521	0.194193	-0.047240	0.035129	-0.024075	-0.142756	-0.054751	0.216567	0.509905	0.033327	-0.159664	0.380359	0.312954
-0.041607	-0.031040	0.071402	0.194679	0.261628	0.116390	0.258598	0.018319	-0.166800	0.139353	-0.331770	-0.088634	-0.097809	0.276381	0.212945	0.165922	-0.219548	-0.335009	-0.171527	0.165062	-0.013986	-0.076618	-0.066442	0.483969	0.138923
0.238531	-0.070983	0.442866	-0.058687	0.188528	0.191451	-0.022781	0.045746	0.103368	0.029628	-0.377156	-0.247444	-0.060508	0.101570	0.084258	0.324141	-0.194886	-0.084368	-0.281030	-0.034943	0.041232	0.112412	0.167883	0.392927	-0.016992
0.170921	0.104182	0.157261	-0.073456	0.351652	-0.120493	0.426890	0.080107	0.162033	-0.004080	-0.219098	-0.004007	0.001163	0.053458	-0.014992	0.271715	-0.035976	-0.264487	-0.170186	0.136910	0.296404	0.076151	-0.019427	0.421476	0.247270
-0.103604	-0.018010	0.172205	0.062005	0.177642	0.060769	0.095185	-0.001876	0.086681	0.086141	-0.264650	-0.620326	0.105974	-0.043785	-0.038418	0.155307	-0.225502	-0.164841	-0.187664	0.117147	0.357889	-0.011297	-0.124065	0.355017	0.077470
0.156181	-0.200100	0.164369	0.054462	0.152714	0.177395	0.378349	0.072092	0.513763	-0.085803	-0.052317	-0.199894	-0.039002	-0.174934	0.183869	0.266258	0.154266	-0.071237	-0.077743	0.201604	0.136631	0.164843	-0.006442	0.309892	0.184764
0.085740	-0.081883	0.216155	0.096225	-0.027391	-0.244684	0.215977	0.054369	0.392743	0.162677	-0.253939	-0.065984	0.083756	0.176624	-0.135983	0.200139	0.044657	-0.208331	-0.314722	0.148653	0.233085	0.213954	0.045308	0.451636	0.027466
0.142340	-0.198289	0.087136	0.111831	0.052642	0.233256	0.501240	0.111057	0.303741	0.207972	-0.211661	0.131475	0.062813	0.142795	-0.030407	0.243801	0.029735	-0.039322	-0.311363	0.144658	0.017176	-0.228167	0.055060	0.363129	-0.098580
-0.096687	-0.243928	-0.160932	-0.063882	0.153056	0.098326	0.143632	0.071021	0.123862	0.322167	-0.156939	0.127286	-0.070043	-0.089177	0.209777	0.026954	0.200735	-0.041041	-0.212262	0.183511	0.023387	0.364662	-0.056059	0.606036	0.013733
0.060174	-0.171194	-0.168140	0.286970	0.283960	0.064880	0.066615	-0.264493	-0.029535	0.070518	-0.218293	0.031264	-0.131334	0.065901	0.128965	0.215249	0.367729	-0.289030	-0.170914	0.140687	0.021278	0.323150	-0.124587	0.375552	0.170218
0.192351	-0.097363	0.252113	0.139554	0.144182	0.078541	0.330268	0.031454	-0.025826	0.318002	-0.241649	0.027827	0.037265	0.198197	0.317038	0.273092	0.285842	-0.125195	-0.331234	0.055159	-0.059925	-0.019881	0.016118	0.375358	0.038220
0.022091	-0.100720	0.079575	0.307892	0.225676	0.185047	0.417648	0.012577	-0.122401	0.116130	-0.394893	0.084157	-0.068674	0.138046	0.045591	0.305971	0.111541	-0.071926	-0.031748	0.228389	0.040257	0.168708	0.004060	0.451375	0.113550
-0.005684	-0.190045	0.122825	0.025762	0.437181	0.073554	0.333135	-0.099600	-0.054118	0.183499	-0.342275	-0.144572	0.068730	0.273893	0.060657	0.466913	0.112702	-0.039532	-0.094763	0.165384	-0.059127	0.179091	0.134837	0.166785	0.149725
0.132675	-0.153401	0.074846	0.211030	0.264747	0.060254	0.442979	-0.225032	-0.075780	0.222178	-0.156665	-0.027496	-0.162921	0.022742	0.092278	0.195244	0.441555	-0.220259	-0.201718	0.149418	-0.076911	0.215598	-0.115552	0.247292	0.025154
-0.036524	-0.077887	0.156839	0.408696	0.120506	0.204296	0.333698	0.003350	-0.014208	0.304143	-0.129223	-0.100812	-0.005074	0.084257	-0.059963	0.186104	0.161870	-0.367093	-0.226635	0.256039	-0.047133	-0.032180	-0.155034	0.404038	0.002203
-0.021784	-0.034877	0.401083	0.155508	0.204843	0.120473	0.405211	0.055391	0.014326	0.135051	-0.206039	-0.206414	-0.029860	0.023041	-0.029784	0.159601	-0.104293	-0.181470	-0.094370	0.003653	0.017260	0.134654	-0.305507	0.443197	0.311961
0.021248	-0.117326	-0.056274	0.378113	0.335774	0.319355	-0.045787	0.228732	0.005776	0.240900	-0.066137	-0.221594	-0.072865	0.137103	0.156898	-0.077636	-0.209388	-0.066748	-0.245422	-0.016600	0.166750	-0.052165	-0.384005	0.326057	-0.105351
-0.192839	-0.146217	0.107091	0.354706	0.458073	-0.050347	0.011135	0.193333	-0.057762	0.195666	0.023032	-0.166495	-0.065732	0.239707	0.184485	0.112968	-0.188840	-0.075015	-0.391105	-0.103433	-0.058712	0.055439	-0.137337	0.380806	0.022098
-0.055014	-0.340470	-0.046686	0.204576	0.483353	0.107440	0.119778	0.070989	0.076061	-0.027479	0.084463	-0.310775	-0.140354	0.290565	0.213796	0.076960	-0.012786	0.009175	-0.044703	0.138109	0.093252	-0.018372	0.003111	0.374756	0.368297
-0.198288	-0.192285	0.362158	0.179458	0.439004	0.227097	0.030416	0.038071	-0.003796	0.005966	-0.213798	-0.255448	-0.021074	0.263516	-0.166505	-0.015327	-0.110440	0.067328	-0.151296	-0.010116	0.156150	0.092983	0.073518	0.463902	0.107027
-0.053352	-0.075340	-0.162444	0.201872	0.282913	0.156958	0.432103	0.063537	0.007433	-0.048260	-0.384839	0.135698	0.046697	0.236133	0.295574	0.108011	-0.028777	-0.063922	-0.241063	0.252372	0.123275	0.100573	0.202043	0.319351	-0.090595
0.076871	-0.034192	0.317510	-0.192469	0.213792	0.438576	0.132314	0.048219	0.107619	0.020985	-0.116801	-0.228787	-0.095642	-0.113270	-0.129908	-0.024614	-0.177361	-0.241356	-0.437246	0.211373	0.283088	0.115721	-0.059814	0.237796	0.021953
0.027117	-0.226114	0.436203	0.289546	0.307914	0.196119	-0.142113	0.019856	-0.031668	0.040867	0.116131	-0.414420	-0.011346	0.158764	-0.116800	-0.031895	-0.217827	-0.200495	-0.075917	0.192260	0.213599	-0.065403	-0.058278	0.311829	0.106565
-0.036437	-0.006474	0.390131	0.187166	0.165984	0.146423	0.177305	-0.223380	0.013509	0.084307	0.295622	-0.398212	-0.281384	0.135878	-0.095490	-0.006260	-0.177943	-0.014106	-0.459443	-0.024594	0.089824	0.037255	-0.141204	0.217351	0.028756
0.120530	-0.474069	0.089157	0.157992	0.246307	0.094326	0.245428	-0.099280	0.090019	-0.004302	-0.335836	0.019894	-0.013219	0.013511	0.177295	0.170198	0.062901	-0.034690	-0.356299	0.145018	-0.290101	0.062430	-0.018258	0.367489	0.171833
0.017719	-0.165313	0.194369	0.192111	0.436610	0.197321	0.088389	-0.023517	0.105591	-0.225683	-0.231487	-0.346695	-0.147471	-0.119896	0.007472	0.140460	-0.188392	0.120912	-0.327663	0.175077	-0.187703	0.071392	-0.243119	0.185107	0.214806
0.402221	-0.402504	0.218305	-0.223864	0.138931	0.137694	0.116184	-0.007671	0.259349	0.260751	0.035725	-0.311608	-0.053662	-0.056837	-0.108116	0.187370	-0.011574	-0.063088	-0.281957	0.017605	0.148292	0.279498	-0.072448	0.217773	0.058092
-0.146367	-0.134267	0.210021	0.245200	0.045025	0.116807	0.028555	0.030745	-0.048266	0.188680	0.046734	-0.368172	-0.074763	-0.053693	-0.163959	0.208598	-0.198033	-0.134575	-0.469079	0.026517	0.128238	0.081368	-0.270702	0.374043	0.264639
0.491372	0.005680	0.250256	0.071080	0.017908	0.123342	0.343227	-0.146219	0.173877	0.065226	0.057175	-0.192222	-0.186813	0.115072	0.096768	0.367439	0.058065	-0.117740	-0.120456	0.128876	0.210083	0.251327	-0.046683	0.254538	0.215125
0.082112	-0.136349	0.255351	-0.103407	0.003633	0.335437	0.488156	-0.169946	0.336130	0.034405	-0.170857	-0.180254	-0.141529	-0.170587	-0.197180	0.061053	0.149133	-0.068900	-0.355478	-0.073678	0.139131	0.189839	-0.107595	0.151508	0.052575
-0.170981	-0.212856	-0.148659	0.022230	0.170705	0.095688	0.488145	0.148060	-0.066509	0.005178	-0.096037	-0.210685	-0.177563	0.141258	0.210163	-0.058393	0.142263	-0.071757	-0.505571	0.084359	-0.237937	0.129035	-0.241791	0.164909	0.014486
-0.154365	-0.392494	0.127673	0.198194	0.201836	-0.067869	0.312366	0.300875	0.022785	-0.071788	-0.088718	-0.308041	0.038932	0.164964	0.038920	0.141647	0.141651	0.044984	-0.523610	0.012277	0.102533	0.038679	-0.144362	0.086750	0.193840
0.063719	-0.275092	-0.065621	0.275426	0.320800	0.226231	0.212436	0.379401	-0.191564	0.190035	0.018965	-0.170849	-0.258462	0.128039	0.104143	0.025881	0.077112	-0.076051	-0.287845	-0.119522	0.361233	-0.149352	-0.036762	0.135059	-0.136392
-0.264375	-0.220936	-0.150714	0.005834	0.178760	-0.030315	0.416445	-0.119029	0.087556	-0.218293	-0.224904	-0.228590	0.090429	0.189035	-0.113301	0.427494	-0.011073	-0.059745	-0.255813	0.107898	0.243360	0.108657	-0.091656	0.275270	0.066665
-0.148659	-0.110186	0.172179	0.331854	0.522333	0.252361	0.004638	0.037449	-0.267348	0.247287	-0.044993	-0.150303	-0.008339	0.179023	0.000524	-0.024192	-0.075611	-0.010369	-0.206906	-0.015757	0.167224	-0.010979	0.192500	0.398714	-0.158440
-0.297343	-0.083182	-0.034640	0.376056	0.185745	0.261756	0.214724	0.020014	-0.215535	0.087850	0.031731	-0.143306	-0.432315	0.095343	0.118971	0.059035	-0.062385	-0.145546	-0.308729	-0.097692	0.160409	0.305007	-0.184144	0.196114	0.046045
-0.044309	-0.159605	-0.161161	-0.185393	0.142856	0.040948	0.307030	0.080258	0.079142	0.105964	-0.475210	0.093245	-0.172252	0.296034	-0.039283	0.206446	0.122616	-0.224865	-0.305321	0.248763	0.097840	0.179889	0.087875	0.323756	0.027742
-0.024751	-0.354676	-0.233100	0.193099	0.254500	-0.017368	0.280663	-0.141784	-0.257152	-0.057287	-0.315737	-0.202973	-0.255735	0.078761	0.137002	0.193367	0.163293	-0.010876	-0.115799	0.302630	0.130609	0.146476	-0.028658	0.328937	0.025506
0.052187	-0.121748	-0.059216	0.227071	0.340753	0.207140	0.322605	0.116159	-0.014146	-0.087656	-0.185547	-0.259963	-0.126681	0.252490	0.253126	0.219501	0.074445	-0.291382	-0.307503	0.010909	0.208729	0.160894	-0.165484	0.258418	0.010615
-0.178463	-0.395323	-0.168352	-0.108054	0.093064	0.259001	0.142914	-0.022258	0.026791	0.145281	-0.248996	0.049806	-0.085291	0.153098	0.018366	0.192375	0.071821	-0.258945	-0.398415	0.146094	0.303649	0.182250	-0.130827	0.333416	0.121815
-0.170977	-0.334688	0.029191	0.330504	0.261473	0.167252	0.241609	-0.062835	0.031409	-0.013571	-0.125540	-0.275385	-0.190659	0.174264	-0.009420	0.106659	0.034562	0.023291	-0.328041	0.094794	0.256000	0.173260	-0.003644	0.450443	-0.047428
-0.012678	-0.258895	-0.057550	-0.075035	0.131985	0.304399	0.064423	0.354651	0.143796	-0.129680	0.089873	-0.267014	0.030946	0.097840	-0.010464	0.154637	-0.317514	-0.326812	-0.465082	0.118137	0.114935	0.109905	0.110358	0.156878	0.180239
-0.004850	-0.248580	0.280116	0.133365	-0.089795	0.367244	0.087209	0.163411	0.138269	0.072824	-0.103896	-0.452925	-0.065599	-0.095156	-0.074762	0.027922	-0.232049	-0.124787	-0.384706	0.224730	0.017536	0.013111	-0.078727	0.259383	0.250462
-0.037929	-0.240419	0.129478	0.120643	0.079072	0.133981	0.220471	0.331339	-0.040772	0.011951	-0.098460	-0.334593	-0.179650	0.227580	0.156707	-0.150937	-0.372310	-0.076566	-0.041151	0.349396	0.209566	0.089513	-0.093572	0.279091	0.255266
-0.040253	-0.155267	0.121049	-0.101739	0.146199	0.101217	-0.045693	0.061516	-0.029160	-0.176470	-0.248525	-0.394653	-0.019766	0.056567	-0.243194	0.257256	-0.306008	0.031398	-0.209993	0.414362	0.275545	0.101275	-0.154662	0.323744	0.089572
-0.296441	-0.132781	0.265331	-0.131310	0.290906	0.209717	0.180666	-0.044856	0.135719	0.018853	-0.259613	-0.352553	0.049440	0.147365	-0.313088	0.045075	-0.192667	0.000148	-0.502813	-0.016885	0.061851	0.092906	0.002608	-0.033718	0.071259
-0.113302	-0.023138	-0.040029	0.167799	0.069886	0.108224	0.219846	-0.027000	0.034361	0.124819	-0.161836	-0.001386	-0.476449	0.267297	-0.364494	-0.081717	-0.046858	-0.153631	-0.448499	0.032950	0.163318	0.241324	-0.156690	0.204055	-0.176458
-0.124673	-0.329871	-0.163159	0.124371	0.111214	0.042484	0.236600	0.241096	0.037503	0.249300	-0.014936	-0.264822	-0.020322	0.210939	-0.021959	-0.003795	-0.134360	0.001799	-0.374361	0.135506	0.282029	-0.112747	-0.388507	0.262101	0.193664
0.124565	-0.259415	0.128299	0.123896	0.179097	0.041889	0.214759	0.287451	0.046526	0.016587	0.048780	-0.151506	-0.195993	0.210013	0.223984	0.045134	-0.358272	-0.035120	-0.418910	0.065923	0.217786	0.148713	-0.009701	0.424678	-0.029724
0.143898	-0.141694	-0.054072	0.185166	0.124354	0.222334	-0.062868	-0.072179	-0.180502	0.074144	-0.083294	-0.453916	-0.094725	0.124348	0.026539	-0.042903	-0.193800	0.050587	-0.326932	0.315879	0.229226	0.345860	-0.365131	0.110652	0.073488
0.263280	-0.376642	0.203859	0.161347	0.266072	-0.046486	0.060206	0.078147	0.083865	0.027550	-0.262945	-0.320312	-0.437444	0.037645	0.166182	-0.030016	0.181622	0.116549	-0.029352	0.030863	0.110948	0.070598	-0.022414	0.414176	0.000017
0.039035	-0.099690	0.277613	-0.151399	0.186805	-0.130095	0.379376	0.096678	-0.012356	0.015519	-0.111284	-0.337563	0.073983	0.132793	-0.114408	0.135236	0.110414	-0.074803	-0.457951	0.053622	-0.027147	0.381431	-0.021770	0.280911	-0.215055
0.055182	-0.195962	-0.070951	0.146337	0.300136	0.056208	0.222209	0.256135	0.065629	0.098896	-0.031282	-0.470381	-0.191348	0.061855	-0.045079	0.300063	-0.024233	-0.133625	-0.191151	0.101132	-0.086341	0.370588	0.039200	0.372024	0.071481
-0.120911	-0.197137	0.114383	-0.194227	-0.073443	-0.295119	0.057322	0.224992	-0.028959	0.121713	0.124433	-0.231252	0.081317	0.151124	0.009942	-0.043671	-0.153479	0.045807	-0.113906	-0.027003	0.392364	0.335634	-0.118112	0.555402	-0.069736
-0.231645	-0.277610	0.035476	0.183256	0.211628	0.033359	0.313093	-0.313776	-0.247058	-0.216989	-0.116802	-0.058306	-0.019162	0.099495	-0.267401	0.305989	0.148192	0.012103	-0.351013	0.084823	0.214373	0.073042	-0.261762	0.131465	0.043369
-0.278062	-0.279873	0.095100	0.113386	0.267067	0.231502	0.211704	0.201054	0.022975	-0.203239	-0.266851	-0.133370	-0.294760	0.100874	0.110703	0.004497	0.124574	0.031802	-0.353235	0.432484	0.058358	-0.011346	0.003349	0.170738	-0.105278
-0.205553	-0.358892	0.050887	0.187482	0.166014	-0.060605	0.318857	0.011189	-0.143294	0.134053	-0.083429	-0.080094	0.132986	0.131031	0.008407	0.203522	-0.065227	-0.155894	-0.457722	0.025645	-0.118567	0.314444	-0.098443	0.406709	0.056492
-0.012555	-0.048204	0.040801	-0.180670	-0.091255	-0.137489	0.261605	-0.003733	0.258636	0.209420	-0.108959	-0.392993	0.190658	-0.095462	-0.108994	0.154567	0.056199	-0.013495	-0.359506	0.049317	0.275675	0.205536	-0.110392	0.430489	-0.241797
0.029796	0.056383	0.085603	-0.090524	-0.092745	-0.207890	0.183588	0.080382	0.119782	0.144968	0.085319	-0.235921	0.144225	0.054504	-0.082336	0.150486	-0.124542	-0.010806	-0.361771	0.169367	0.418743	0.103268	-0.027135	0.572161	-0.218224
-0.047584	-0.008374	0.138390	-0.025515	-0.117654	-0.364866	0.213186	-0.041598	0.086775	0.143355	0.139274	-0.274087	0.113465	0.142714	-0.073460	0.034759	0.065535	0.213910	-0.337021	0.022972	0.368236	0.277170	-0.020204	0.485116	-0.094537
0.020149	0.045299	0.189778	-0.096410	-0.143929	-0.146829	0.069100	-0.065497	0.309087	0.132748	-0.105136	-0.223206	0.055567	0.183929	-0.112063	0.159315	0.030372	0.003518	-0.404908	0.131545	0.032041	0.323811	0.075445	0.586185	-0.120951
-0.253741	0.012294	0.053295	0.354193	0.009042	-0.126725	0.281014	0.107176	-0.078254	-0.098911	-0.043426	-0.370916	-0.060172	-0.088557	-0.060493	-0.001182	-0.023595	-0.058273	-0.416171	-0.106597	0.144319	0.287817	-0.032004	0.443949	-0.199459
-0.056424	-0.252179	0.345780	-0.161558	0.156869	-0.261268	0.116004	0.150670	0.100234	0.100080	-0.363907	-0.289667	0.228366	0.072810	-0.091026	0.190561	-0.029309	-0.091465	-0.216213	0.162854	0.262793	0.137185	-0.045063	0.381202	0.048590
0.201513	-0.330205	0.088791	0.172372	-0.030667	0.002078	0.097706	0.156681	0.242957	-0.022518	-0.228409	-0.214475	-0.053969	0.247501	0.130077	0.196700	0.125019	-0.019123	-0.511355	0.012860	-0.175092	0.308248	0.107146	0.282250	0.075968
-0.251688	-0.172315	-0.042535	0.331636	0.128021	-0.122936	0.391843	-0.141398	-0.113188	-0.075171	-0.185833	-0.158563	-0.048748	0.199527	-0.152062	0.318097	0.226327	-0.028982	-0.274119	0.062965	0.333492	0.153213	-0.242794	0.110738	0.091788
-0.415144	-0.101849	0.018353	0.035343	0.075993	-0.062006	0.405400	-0.179834	0.005093	-0.149525	-0.241309	-0.137441	0.073155	0.246840	-0.236696	0.310737	-0.031107	-0.040623	-0.398116	0.116472	0.168388	0.075783	-0.202478	0.194926	0.056994
-0.191184	-0.304362	0.166447	0.315704	0.170601	-0.082343	0.180764	0.050409	0.128818	-0.210325	-0.165432	-0.278874	0.121115	0.144375	-0.196063	0.232939	0.126137	0.165958	-0.524978	0.227192	-0.020885	-0.015799	-0.074362	-0.031777	-0.016029
-0.088095	-0.160107	0.380986	0.125951	0.042760	-0.080627	0.173777	0.041281	0.322819	-0.089114	-0.266750	-0.154864	0.141576	0.156012	-0.239202	0.179470	0.402685	-0.101142	-0.378070	0.011980	-0.071803	0.024235	0.044798	0.316111	-0.033401
-0.099088	-0.014768	0.121288	0.345898	0.094045	0.194497	0.242514	0.015170	-0.016645	0.084713	-0.232406	-0.082155	0.063055	0.135629	0.372963	0.438864	-0.107729	-0.133614	-0.264026	0.311087	0.034548	0.054166	0.073727	0.326057	0.125627
0.170774	-0.171990	-0.096927	0.168574	0.323498	0.007720	0.051534	0.118517	-0.057094	0.261354	-0.377306	0.001512	-0.041102	0.408947	0.072668	0.360382	-0.033472	-0.209020	-0.232269	0.114256	-0.119712	0.117446	-0.235961	0.258727	0.038283
-0.205682	0.012953	0.166220	0.268617	0.183411	0.317548	0.369890	0.381005	0.006843	-0.002988	-0.318323	-0.205627	-0.042584	0.253577	0.158266	0.166298	-0.198566	-0.033201	-0.185442	0.102281	0.191512	-0.082413	0.091440	0.199530	-0.042114
0.158680	-0.031558	0.152325	0.050249	0.203719	-0.026891	0.163605	0.176858	0.275284	0.306889	-0.282757	-0.207776	0.038223	0.192375	-0.133523	0.193322	-0.281471	-0.036230	-0.029561	0.080108	0.351227	0.086126	0.000026	0.417074	0.261751
-0.021092	-0.098990	0.280404	0.011320	0.340792	0.226668	0.301337	-0.142789	0.147738	-0.069032	-0.169375	-0.589856	0.047642	0.099920	0.073830	-0.135153	-0.033583	0.037178	0.091411	0.113936	0.161081	0.147981	0.078265	0.274676	0.199613
0.008883	-0.158667	0.104759	0.117922	0.201615	0.377392	0.292981	0.222946	-0.224516	-0.139658	-0.355879	-0.210014	-0.101561	0.278895	-0.030429	0.222994	-0.224322	0.068048	0.012771	0.135280	0.019524	0.037927	-0.006364	0.393631	0.147012
0.088441	-0.201864	0.288773	0.069532	0.113283	0.165450	-0.139724	0.194095	0.269768	-0.020410	-0.275782	-0.365400	-0.011269	0.138991	-0.383270	0.049323	-0.166920	0.001334	-0.185797	0.292056	0.324418	0.146703	-0.166339	0.056346	0.094710
0.154641	-0.336924	0.184680	0.151434	0.010989	-0.181452	0.263473	-0.219361	-0.051624	-0.263007	-0.049181	-0.179683	-0.100678	0.283590	-0.062776	0.365304	-0.152912	0.134495	-0.300522	0.134987	0.037539	0.178691	-0.154571	0.164904	0.293301
0.161900	-0.301679	0.361760	-0.044524	-0.064342	0.080928	0.110925	-0.082367	-0.078148	-0.049044	0.229014	-0.141145	-0.146329	0.081586	-0.168494	0.237080	0.012624	-0.008000	-0.416518	0.039182	0.275252	0.254481	-0.284633	0.358660	-0.034307
-0.011471	-0.280475	0.037346	0.261160	0.019268	0.025817	0.085848	0.236970	-0.154220	-0.032186	-0.192479	-0.109660	-0.367591	0.052960	0.127016	-0.074457	0.420994	-0.022872	-0.561597	-0.003912	-0.041825	0.035285	-0.055948	0.153780	0.174940
0.015827	-0.263981	0.134694	-0.057788	0.002474	-0.253786	0.274000	-0.090282	-0.203877	-0.031802	-0.104954	-0.240419	-0.082245	-0.031595	0.105719	0.009691	0.201133	0.121704	-0.432903	-0.024091	0.213633	0.251161	-0.290257	0.331483	0.290536
-0.164853	0.091681	0.366037	0.276101	-0.093142	0.031613	0.255742	0.045367	-0.002296	-0.085967	0.070443	-0.317860	-0.209275	0.010212	0.177232	0.099401	0.061182	0.214746	-0.423719	-0.074582	0.071608	0.333132	-0.141621	0.326620	-0.026097
0.175969	-0.272554	-0.025219	-0.081193	0.047171	-0.037452	0.134485	0.056359	0.134533	0.088907	-0.102136	-0.023918	-0.215283	0.147804	0.164276	0.017271	0.359461	-0.024850	-0.592283	-0.179933	-0.087683	0.401765	-0.044819	0.211282	0.037274
-0.135219	-0.228648	0.122023	-0.054285	0.286730	0.145476	0.376922	-0.067876	0.315533	-0.074580	-0.431744	-0.058566	-0.163603	0.196806	0.125077	0.306005	0.062866	-0.056059	0.019235	0.144449	0.207115	0.069921	-0.143081	0.270650	0.148213
0.011411	-0.180653	0.153054	0.203228	0.155995	0.020833	0.290143	0.116314	0.002956	0.200158	-0.320800	0.061681	-0.186532	0.199347	0.101512	0.457835	0.136348	-0.117599	-0.116553	0.276077	0.014715	0.005656	-0.249932	0.387711	0.059410
0.239244	-0.431510	-0.207468	0.185433	0.353854	-0.112380	0.192494	0.011513	-0.065808	0.144284	-0.077794	0.077050	-0.267614	0.231456	0.216723	0.132625	-0.077754	-0.006085	-0.308650	-0.166768	-0.017631	0.306155	-0.103133	0.195205	0.072653
-0.080807	-0.170876	0.120127	0.055091	0.241278	0.415153	0.357202	0.127375	0.108342	0.292645	-0.283471	0.029992	-0.117275	0.004871	0.211256	0.201467	-0.163286	-0.289414	-0.164752	0.112788	0.198261	-0.030274	0.090306	0.223952	0.214409
0.061681	-0.328805	0.041396	-0.053405	-0.075455	-0.088165	0.262088	-0.080004	0.079082	0.153807	-0.274071	0.067781	-0.149673	0.015327	0.170410	0.261166	0.065404	-0.067442	-0.356331	0.160627	-0.032566	0.385656	-0.211420	0.382896	0.250516
0.028212	-0.139593	0.253111	-0.018481	0.231942	0.124438	0.165376	-0.254106	-0.139263	-0.030637	-0.429962	0.203643	-0.174753	0.074879	-0.067307	0.132761	0.040514	-0.088830	-0.508229	0.168713	-0.154861	0.114397	0.005500	0.331725	-0.075533
-0.092212	-0.051630	0.083087	0.063095	0.095272	0.095291	0.331900	-0.029483	-0.059334	0.140466	-0.341371	-0.056125	-0.170405	0.156724	0.277114	0.170852	0.034164	-0.366692	-0.250267	0.222850	0.091709	0.305614	-0.221603	0.223340	0.312282
-0.293279	0.271463	0.062253	0.368739	0.395115	0.137013	0.315083	0.225152	0.035789	0.089694	-0.190499	-0.174448	-0.088855	0.183842	0.100491	0.191093	-0.054297	-0.082099	-0.085567	0.085601	0.124468	0.180877	-0.088637	0.361296	0.017288
0.024327	0.213909	0.158327	0.190084	0.138155	0.360959	0.366615	0.056913	0.104382	0.010282	-0.294470	-0.042086	0.083967	0.174299	-0.012249	0.197535	0.062197	-0.237489	-0.052082	0.023357	0.162716	0.015478	0.244142	0.479385	0.222896
0.272482	-0.197878	0.168267	0.073991	-0.173729	-0.010532	0.240362	-0.055978	0.036220	0.173978	-0.380596	0.156267	-0.095785	0.011021	0.053304	0.189119	0.118714	-0.086927	-0.338375	0.209479	0.158853	0.090228	-0.141812	0.528265	0.016536
-0.163171	-0.109732	0.166833	0.247720	0.131438	0.114888	0.567477	0.105076	0.257471	0.060254	-0.265968	-0.024562	-0.066948	0.043453	0.056488	0.119189	-0.021837	0.085800	-0.273028	-0.028214	0.267455	0.205287	0.002380	0.376461	-0.070530
-0.043783	-0.285975	0.125643	0.030998	0.053352	0.174160	0.159142	-0.039885	0.083964	0.216280	-0.204708	-0.064377	-0.327067	-0.093244	0.099685	0.171585	0.350618	0.050177	-0.184417	0.008088	0.077048	-0.200734	0.172541	0.589861	-0.032767
-0.374502	-0.085176	-0.036105	0.000496	0.097069	0.242267	0.442949	-0.032197	0.120911	0.183393	-0.313044	0.107093	-0.230706	0.015289	-0.120641	-0.114151	0.158257	-0.148127	-0.388887	0.092382	0.050988	0.189669	0.013933	0.317300	0.029490
0.239309	-0.329574	0.151879	0.031617	0.275283	-0.041648	0.079469	-0.124181	-0.000481	0.159360	-0.242323	-0.171313	0.042027	0.222266	0.223100	0.241823	-0.249979	0.015428	-0.295129	0.088606	0.005631	-0.048836	0.095493	0.423676	0.298652
0.116327	-0.264165	0.203706	0.148216	0.173744	0.127486	0.257550	0.111766	-0.028210	0.194809	-0.374065	-0.134203	-0.159040	0.065915	-0.110717	0.043913	0.321206	-0.095641	-0.339831	0.081555	-0.064045	0.438429	-0.059704	0.069155	-0.219829
-0.286435	-0.226932	0.108146	0.115484	-0.179765	0.124596	0.298078	0.043680	0.307091	-0.022519	-0.535649	-0.251719	-0.082000	0.079676	0.069783	0.179360	0.000192	0.086408	-0.261032	0.138163	0.066891	0.093255	-0.090233	0.298043	0.052763
-0.186098	-0.101869	-0.197317	0.272838	0.348218	0.320722	0.128043	0.180388	-0.153650	0.262110	-0.200157	-0.070006	-0.140225	0.091265	0.250951	0.141001	0.128673	-0.122637	-0.312737	0.189264	-0.150554	0.033376	-0.073719	0.354735	-0.012817
-0.098444	-0.198391	-0.240419	-0.034753	0.111069	-0.034936	0.228233	0.009290	0.117368	0.126756	-0.069079	-0.242830	-0.160226	0.099009	-0.087773	0.081845	0.234867	0.010569	-0.651340	-0.065264	0.160970	0.203035	-0.310223	0.188406	0.010091
-0.280639	0.098783	0.213710	-0.103020	0.010391	0.089658	0.327294	0.042714	0.203910	-0.089358	-0.297191	-0.319003	-0.186476	-0.039149	-0.177214	-0.034035	0.132706	-0.036498	-0.315493	0.243215	0.094763	0.151444	0.210064	0.408447	0.095308
-0.201824	-0.147031	-0.204872	0.026154	0.159530	-0.160260	0.286280	0.036042	0.190139	0.037065	-0.190990	-0.200677	-0.276540	0.001882	0.094431	0.260495	0.272599	-0.262521	-0.176316	0.326796	0.065238	0.240231	-0.056943	0.375647	0.075140
0.106799	-0.262040	-0.108127	-0.172147	0.393827	-0.085398	0.008398	0.197663	0.181876	0.078736	-0.115040	-0.199692	-0.416453	0.143896	0.018091	0.208231	0.099670	-0.130309	-0.182887	0.049510	0.158311	-0.006022	-0.117446	0.379416	0.318104
0.043626	-0.027221	0.250607	0.006920	-0.115973	-0.021484	0.132421	-0.101330	-0.062398	0.110725	-0.181027	-0.152032	0.283087	0.186742	-0.087306	-0.089570	-0.017922	-0.030181	-0.602938	0.066928	-0.046918	0.392898	-0.184998	0.359632	-0.026826
0.005702	-0.069402	0.083266	-0.062261	0.294797	0.080685	0.324823	0.058519	-0.065473	0.114070	-0.188298	-0.240146	0.197423	0.289606	-0.131555	0.161121	-0.055372	-0.115651	-0.393172	0.021835	-0.337034	0.368347	-0.239455	0.075804	-0.146943
0.055981	-0.189484	0.395480	0.060013	-0.088612	-0.113294	0.394512	0.026505	0.096819	0.120755	-0.186920	-0.110662	0.143117	0.226190	-0.055863	0.170958	0.166610	-0.210785	-0.171361	0.016634	0.108779	0.420462	-0.117651	0.369117	-0.090846
0.157145	-0.169374	0.057557	0.073016	0.053585	-0.128935	0.276408	0.048063	-0.002129	-0.194847	-0.297863	0.087110	-0.003342	-0.121458	0.007348	0.057708	0.063466	-0.302450	-0.528817	0.070067	-0.162785	0.291113	-0.288506	0.334935	-0.024800
0.154729	0.237280	0.331495	0.060732	0.135842	0.060117	0.190993	-0.251302	0.109628	-0.004439	0.068665	-0.436366	-0.194975	0.071961	-0.085771	0.031782	0.064805	-0.095708	-0.465857	0.056421	0.203589	0.028986	-0.128285	0.337917	-0.138756
0.166646	0.105753	0.138097	0.031137	0.185265	0.108538	0.338829	0.150194	0.498548	0.000137	-0.056322	-0.293614	0.027626	-0.140981	0.128840	0.124487	-0.031179	0.037089	-0.341346	0.224242	0.018112	0.309489	-0.131597	0.274971	0.093187
-0.094846	-0.039282	0.182770	-0.113538	-0.041310	0.180083	0.408714	0.105790	0.185473	-0.064590	-0.085749	-0.424492	-0.066085	-0.224867	-0.008183	0.059096	0.006685	0.039515	-0.554813	0.074315	-0.064307	0.112256	0.050286	0.333380	0.028751
0.021466	-0.161923	0.120119	-0.169593	0.295208	-0.006470	0.376982	-0.037897	0.338055	0.199494	-0.129768	-0.133887	-0.276451	-0.131599	0.274710	0.067114	0.137125	0.100941	-0.327597	0.204346	0.057438	0.322691	-0.080105	0.210803	0.021857
-0.070258	-0.119732	0.124437	0.227510	0.303640	0.269669	0.331352	0.192507	0.216939	-0.457031	-0.125854	-0.143960	-0.085243	0.008383	0.111095	0.033149	0.279153	-0.025827	-0.213565	0.143739	0.181025	0.000743	-0.150243	0.139147	0.262412
-0.179724	0.043967	0.030288	0.468190	0.189548	0.074079	0.348143	-0.056511	-0.030417	-0.102871	-0.034891	-0.154473	-0.192243	0.048049	-0.021316	-0.104124	0.137620	-0.081968	-0.387419	0.130345	-0.163985	0.230846	-0.314228	0.312767	-0.152313
-0.084079	0.009823	0.255717	0.113258	0.333327	0.145033	0.224011	0.137749	0.086565	0.265954	0.050653	-0.277566	-0.203284	-0.039142	0.037358	0.173169	0.184440	-0.044767	-0.401560	0.108022	0.240474	0.381324	-0.009402	0.228767	0.129019
0.035427	-0.347725	0.166814	0.139268	0.225128	0.066752	0.190493	0.084458	-0.078205	0.149097	-0.113219	-0.300208	-0.215257	0.154094	0.084896	0.099894	0.051783	-0.124217	-0.462890	0.117392	0.234590	0.079623	-0.031650	0.443008	0.093304
0.038582	-0.334008	0.218537	0.077149	0.181529	0.126118	0.219789	0.074121	0.309634	-0.070760	-0.307074	-0.111679	-0.348088	-0.165930	0.206616	0.194414	-0.101601	0.013977	-0.296071	-0.005096	-0.168027	0.120869	-0.154595	0.358529	0.016159
0.045221	-0.088683	0.329062	-0.052517	0.183558	0.193665	0.157428	-0.092675	0.109898	0.171797	-0.431997	-0.501250	0.113391	0.050133	-0.147162	0.084111	-0.164025	0.054976	-0.071800	0.117040	0.160662	0.065066	-0.021052	0.383341	0.157138
-0.011423	-0.291730	0.344653	0.050107	0.100308	-0.000817	0.141630	0.269134	0.012742	0.175186	-0.130239	-0.256998	-0.352531	0.333318	0.116039	-0.070858	0.001708	0.098902	-0.116231	0.154988	0.086885	-0.051711	-0.120225	0.496591	0.067741
-0.029048	-0.273454	0.226917	0.341940	0.287122	0.280045	0.183864	0.243574	-0.129427	0.027115	-0.267407	-0.150056	-0.188380	0.183002	-0.083438	0.152502	0.021850	0.111291	-0.045795	0.435157	0.019233	-0.092869	0.107299	0.132143	0.221292
-0.062002	-0.382607	0.156158	-0.136065	0.280644	0.062704	0.338720	-0.063884	0.140697	0.092169	-0.096998	-0.292315	-0.274921	0.139109	-0.092349	0.010282	-0.236699	-0.221440	-0.417523	-0.064454	0.157752	-0.005837	-0.121914	0.215995	0.093115
-0.020744	-0.090337	0.294387	0.288369	0.148185	0.320195	0.157656	0.183715	-0.075087	-0.113115	-0.162954	-0.291500	0.079883	0.144173	0.015120	0.061124	-0.214506	0.246318	-0.210945	0.145517	-0.103141	0.264820	-0.085851	0.434167	-0.168548
-0.252618	0.040851	0.361177	-0.108259	0.068288	0.036477	0.271420	-0.023424	0.141268	-0.097183	-0.073332	-0.019919	0.006072	-0.049569	-0.221336	-0.001301	0.049812	0.121267	-0.562247	0.192066	0.033914	0.348429	-0.018107	0.361802	0.038654
0.086022	-0.221919	0.130619	0.013009	-0.088845	-0.397159	0.276096	0.024713	0.181445	0.131990	-0.067022	-0.223292	0.162916	0.077582	0.039896	0.135784	-0.068054	0.062797	-0.504902	-0.000742	0.096275	0.146574	-0.142405	0.452824	0.082377
0.357957	-0.041102	0.273378	0.003835	0.119916	-0.337238	0.320515	-0.145064	0.258924	-0.054499	-0.009932	-0.167002	-0.009839	0.241238	-0.008818	0.029439	-0.005127	-0.041205	-0.435641	0.084316	0.199559	0.152555	-0.048906	0.344110	0.061568
-0.167937	-0.034929	-0.007874	-0.067449	0.093043	-0.190151	0.244108	0.039731	0.246491	0.185802	-0.060208	-0.128803	-0.160999	0.038907	-0.194436	-0.100846	0.082997	0.026938	-0.503548	-0.044005	0.168403	0.413196	-0.136098	0.409443	-0.143913
-0.171826	-0.054453	0.002343	0.087484	0.195141	-0.193260	0.326804	0.141297	0.236421	-0.011631	0.097883	0.035247	-0.150860	0.303918	0.004734	-0.094728	-0.062532	-0.059663	-0.406955	0.214492	0.190071	0.453377	-0.147879	0.270017	0.105538
-0.062542	-0.020656	0.046161	0.008586	0.280950	-0.089779	0.444370	-0.101255	0.085775	0.123221	-0.030502	-0.433370	0.026374	-0.040098	0.121834	0.109626	0.096806	0.036277	-0.497917	0.116002	-0.046805	0.300599	0.023210	0.299488	-0.058771
-0.225966	-0.268265	-0.101131	0.000739	0.332425	-0.161206	0.292372	0.254327	0.150880	-0.085148	-0.116900	-0.116192	-0.381700	-0.148792	0.236297	-0.104638	0.147158	-0.090564	-0.242208	0.062202	0.031083	0.199971	-0.265778	0.258769	0.131690
0.153122	-0.310152	0.114348	0.192826	0.108980	-0.002751	0.408367	0.008889	0.153302	-0.117715	0.030269	-0.289058	-0.050290	0.020584	0.166584	0.153465	0.181678	0.074759	-0.583376	-0.076431	-0.124027	0.188325	0.042818	0.181273	-0.070601
-0.091083	-0.140204	0.431515	-0.176344	0.329892	0.144768	0.238069	0.048895	-0.067327	0.270281	-0.170669	-0.206472	-0.008590	-0.025713	0.131589	0.049858	0.095640	0.042374	-0.411591	0.182773	0.113634	-0.094880	0.088917	0.327945	-0.211863
0.339199	-0.511257	-0.100195	0.095231	0.180310	0.289464	0.271893	0.102250	-0.053245	0.004229	-0.067753	-0.087255	-0.137371	0.248010	0.059457	0.118672	-0.139370	-0.083635	-0.253957	0.129694	-0.000719	0.203741	-0.200717	0.258500	0.185369
-0.168601	-0.033230	-0.210427	0.253426	0.303997	0.144906	0.433092	0.212204	-0.035606	0.362436	-0.120313	-0.026867	-0.251458	0.036140	0.222099	-0.157794	-0.011662	-0.041244	-0.188808	0.038949	0.250074	0.076951	-0.056008	0.343570	-0.026966
-0.308067	-0.328917	0.050818	0.089450	0.140670	-0.015942	0.139515	0.090764	0.426377	0.227810	-0.290648	-0.192620	-0.156634	0.014707	-0.006636	0.085854	0.202862	0.162676	-0.460195	-0.076175	0.039932	0.080075	0.005927	0.236828	0.042579
-0.102682	-0.123860	0.215900	-0.200051	0.057407	0.164219	0.224264	-0.138175	0.002130	-0.104752	-0.280554	-0.283572	0.093465	0.141210	-0.370440	-0.090771	0.031089	-0.134930	-0.540188	0.059014	0.124490	0.206308	-0.217198	0.048820	0.146669
0.255901	-0.140090	-0.154583	0.376898	0.422840	-0.107553	0.154603	0.069549	-0.115601	0.250784	0.052825	-0.390574	0.048167	0.165659	0.044539	0.298345	0.046349	-0.099406	-0.097488	-0.133738	0.228962	0.018854	-0.146881	0.159072	0.195994
0.057596	-0.236959	-0.173774	0.187612	0.248752	0.123211	0.423387	-0.104511	0.036086	0.163175	-0.143813	0.008125	0.002154	0.065205	0.118907	0.359406	0.089303	-0.371468	-0.160464	0.031194	0.153682	-0.050789	-0.019467	0.447734	0.109216
0.030325	-0.475274	-0.230160	0.060836	0.338164	0.075234	0.226949	0.052132	0.105956	0.067951	-0.073892	-0.148766	-0.156024	0.151117	0.102491	0.341360	0.018479	-0.081531	-0.327542	0.078189	-0.164797	0.307485	-0.257640	-0.040542	0.120506
-0.108009	-0.268357	0.047292	0.158210	0.122316	0.079254	0.383501	0.028592	0.068835	0.191271	-0.322203	0.069528	0.013250	0.129839	0.204839	0.422081	0.028789	-0.290779	-0.170323	0.117053	0.063381	-0.144764	-0.122841	0.402492	-0.051449
0.116619	-0.039888	0.250976	-0.029057	0.153762	0.043014	0.168155	-0.114765	-0.006933	-0.063547	-0.080409	-0.112062	-0.239598	0.184105	0.047921	0.090551	-0.239529	-0.307191	-0.247357	0.412333	-0.137880	0.146895	-0.250606	0.438892	0.223973
-0.062985	-0.131119	0.046302	0.354472	0.433928	-0.026431	0.344351	-0.056816	0.001089	-0.153174	-0.046862	-0.356431	-0.148347	-0.005103	0.073653	0.039490	-0.133608	-0.071739	-0.215974	-0.071529	0.067621	0.223658	-0.043010	0.411461	0.240884
0.041328	-0.393966	0.089791	0.267915	0.452342	0.161507	0.203219	0.062950	0.135007	0.137842	0.013516	0.031597	-0.080059	0.257973	0.116142	0.351998	0.091048	-0.009353	-0.207527	-0.026638	0.289513	0.069781	-0.164370	0.253432	0.080235
-0.170578	-0.108108	-0.166737	0.298144	0.056728	0.126969	0.389701	-0.051688	-0.021308	0.009270	-0.175998	-0.009376	-0.204339	-0.034002	0.085099	0.327172	-0.057477	-0.229007	-0.282039	0.229528	0.024260	0.182402	-0.258301	0.410939	0.149748
0.070532	-0.071052	-0.013300	0.223856	0.487111	-0.143455	0.351897	0.142773	-0.123188	0.178927	0.000748	-0.256681	-0.117493	0.351939	0.114708	0.296828	-0.013794	-0.086612	-0.178954	-0.046826	0.243570	-0.070530	0.009015	0.125010	0.252373
-0.112244	-0.174069	0.132930	0.172721	0.199436	0.071176	0.302337	0.192426	0.085597	-0.008649	-0.173164	0.143641	-0.303990	0.038875	0.194395	0.404320	0.147325	-0.249949	-0.021294	0.150421	-0.000824	0.331144	-0.053965	0.393566	0.091619
-0.020264	-0.275653	0.175248	-0.220763	0.159208	0.135406	0.035791	0.002704	0.147194	0.116762	-0.066782	-0.502126	-0.050577	-0.149719	0.033480	-0.179103	-0.153453	-0.107746	-0.374490	0.041917	0.230524	0.010537	-0.181140	0.423589	-0.080464
-0.101604	-0.073342	0.138528	0.013326	-0.098381	0.315474	0.075697	0.089032	0.108964	-0.045697	-0.168288	-0.234105	0.015710	-0.146553	-0.177522	-0.137369	-0.191575	-0.131774	-0.303460	0.484825	0.073964	-0.054618	-0.212068	0.410667	0.263801
0.124169	-0.178779	0.091524	0.145475	0.230982	-0.023322	-0.075199	-0.011916	-0.063371	0.045919	-0.333117	-0.180338	0.194128	-0.006079	-0.239456	0.123384	0.000566	-0.353694	-0.274937	0.119210	0.036277	0.286527	0.041355	0.520975	-0.179020
0.088897	-0.299621	0.176810	0.121419	0.296707	0.009154	-0.270344	0.035207	0.003519	-0.000104	-0.174966	-0.235478	-0.025469	0.116871	-0.273514	0.103866	-0.296481	-0.066550	-0.334327	0.212543	0.046218	0.142838	-0.144687	0.401078	-0.232981
0.052113	-0.077144	0.018323	-0.197219	0.281728	0.169159	0.074963	-0.092235	0.150435	-0.108206	-0.441061	-0.192199	-0.035187	0.069515	-0.278272	-0.048219	-0.023758	-0.248049	-0.308542	0.017500	0.282969	0.211865	0.064903	0.370041	-0.233767
0.006223	-0.075182	0.191765	0.011940	0.089268	0.145782	0.258574	0.104772	0.308014	0.109451	-0.242987	-0.327798	-0.252617	0.194552	-0.063015	-0.097501	-0.059873	0.047664	-0.434538	0.066984	0.129861	-0.166936	-0.057550	0.362356	-0.288675
-0.009574	-0.123120	0.045774	-0.297609	0.108942	0.261197	0.243169	-0.115665	0.206058	0.202390	-0.246894	-0.422989	-0.179099	-0.022147	-0.009859	0.052193	-0.048031	-0.187588	-0.168347	0.258668	0.257041	0.066343	0.129930	0.393766	-0.087431
0.070337	-0.045636	0.150973	0.083155	0.212100	-0.092969	0.212914	-0.132329	0.195649	-0.132473	-0.005661	-0.316032	-0.111488	0.137162	-0.309527	-0.026248	-0.272576	-0.156676	-0.522727	0.019466	0.006212	0.135000	-0.213307	0.356165	-0.015184
0.128961	-0.153930	0.292959	-0.125463	0.037545	0.086582	0.170710	0.030196	0.071904	0.092220	-0.299780	-0.307797	-0.015154	-0.032974	-0.041462	0.126075	-0.133389	-0.098779	-0.028687	0.173046	0.141524	-0.108552	0.039405	0.713477	0.034681
0.087726	0.125679	0.209059	-0.161278	0.178338	0.187543	0.383834	0.031494	-0.103171	0.164217	-0.182690	-0.327146	0.158794	0.221442	-0.043780	0.086967	-0.141589	-0.191040	-0.228879	0.087543	-0.032304	0.003807	0.104212	0.545239	0.062894
0.092634	-0.272130	0.295325	0.149545	0.173327	0.434716	0.110097	-0.066053	-0.178964	0.213606	-0.281814	-0.125422	-0.065981	0.291467	0.031723	0.241011	-0.034765	-0.224221	-0.093876	-0.021787	0.158511	-0.213985	0.172044	0.299189	-0.016564
0.020872	-0.131808	0.065050	0.031836	-0.063184	0.290363	-0.073804	0.064752	0.169149	0.005782	-0.496748	-0.208026	-0.110555	0.062360	-0.256401	-0.002271	-0.167767	-0.086909	-0.453296	0.266704	0.172110	-0.011682	0.023870	0.342722	0.135550
-0.246229	0.038891	0.105279	0.107445	0.158725	0.428802	0.194277	0.234734	-0.106895	0.169019	-0.277227	-0.440443	-0.020439	0.133413	-0.012638	-0.182735	-0.096302	-0.291934	-0.126677	0.071927	0.249533	-0.135291	0.014140	0.218039	0.081750
-0.077929	0.069368	-0.016749	0.011747	0.212378	0.332703	0.319697	0.111741	-0.003682	0.171936	-0.427036	-0.317690	0.010804	-0.056693	-0.016965	0.039482	0.240036	-0.307096	-0.337128	-0.008718	-0.037674	-0.074287	-0.061137	0.349672	-0.039576
-0.030066	-0.093985	0.142523	0.180277	0.392907	0.383893	0.378889	0.180833	0.138009	0.234681	-0.211438	-0.073047	0.060604	0.037345	0.014457	0.256566	-0.112719	-0.310037	-0.065514	0.141141	0.135020	-0.157846	-0.133192	0.248290	0.092740
0.004626	-0.184859	-0.032525	0.321652	0.445006	0.130100	0.050216	0.111663	-0.175924	0.174109	-0.158316	-0.269246	-0.062992	0.191182	0.169000	0.275078	-0.233277	-0.234070	-0.153613	-0.099191	0.040209	0.108617	-0.120457	0.370943	0.140024
-0.050177	-0.093399	-0.063607	0.431406	0.050399	0.178815	0.205100	0.251246	0.173728	0.182847	-0.298924	-0.088432	-0.091837	0.004635	0.247423	-0.137873	0.283567	-0.089178	-0.326092	0.191488	0.097279	0.110747	-0.150444	0.353657	-0.092855
-0.410082	0.062995	0.104336	0.231364	0.181512	0.093261	0.325499	-0.032106	0.015379	0.261846	-0.297853	-0.358382	-0.032453	-0.070586	0.057035	0.004429	0.210253	-0.197418	-0.380866	0.021161	0.023772	-0.002397	-0.094764	0.222052	-0.178936
-0.265531	-0.062294	0.198953	0.396128	0.092003	0.184917	0.289796	-0.011702	0.082716	-0.022584	0.096187	-0.367242	-0.007183	0.187799	0.150391	-0.066741	0.038619	-0.064051	-0.480217	0.037290	0.148769	0.226827	-0.223808	0.056658	-0.154912
-0.360800	-0.148898	0.236658	0.140517	0.020222	0.268062	0.130822	0.217704	0.038312	0.014374	-0.213352	-0.394404	-0.164059	-0.051208	0.037877	0.213352	0.195534	-0.028518	-0.308714	0.049272	0.133160	0.331251	0.208221	0.202774	-0.084699
0.106761	-0.558467	0.067205	0.200469	0.044969	-0.046527	0.297680	0.008514	0.245262	-0.050866	-0.114723	-0.186771	0.002452	0.310051	0.082118	-0.017501	-0.107379	-0.037382	-0.121714	-0.027057	-0.118375	0.238334	-0.038161	0.452094	0.141534
-0.194737	-0.048518	0.083073	0.276451	0.118634	-0.157822	0.393442	0.089821	-0.001850	-0.042962	0.141579	-0.202995	-0.225260	0.229440	-0.033292	0.232699	0.215758	-0.227429	-0.332664	0.148241	0.054756	0.454209	-0.047985	0.078816	-0.063815
-0.399994	0.096406	0.114489	0.271437	0.115205	0.098449	0.219232	0.077597	0.267658	-0.220234	-0.011443	-0.343397	-0.178819	0.193911	0.074794	0.019997	0.095599	-0.136088	-0.361403	0.253613	0.213327	0.073613	0.024190	0.268858	-0.081979
0.112635	-0.154730	0.233046	-0.061159	0.138244	0.015143	0.470620	0.030336	0.426487	0.023924	0.094274	-0.103954	0.158596	0.063408	0.081591	0.199419	0.136082	0.032514	-0.383900	0.082933	0.157398	0.269286	-0.087875	0.319527	0.069854
-0.031172	-0.360280	0.028124	0.065178	0.248247	0.206040	0.344138	0.215792	-0.057223	-0.153006	-0.320568	0.113102	-0.128253	0.083520	0.180928	0.239192	0.178312	0.047579	-0.253407	0.165413	-0.160876	0.252072	0.003798	0.348167	0.056624
0.080074	-0.202085	0.205623	-0.295276	0.230981	-0.253338	0.066113	-0.063784	-0.058386	0.178565	0.071167	-0.359922	-0.213992	0.079850	0.033190	-0.016376	-0.154671	0.080325	-0.490846	0.026809	0.178915	0.242965	-0.128557	0.306537	0.017609
0.020879	-0.188975	0.130595	-0.148931	0.398127	-0.073886	0.154916	-0.091682	-0.116141	0.252132	-0.163754	-0.455691	0.081785	0.068483	-0.073694	0.059251	-0.065286	0.095636	-0.546672	0.054419	0.066325	0.062815	-0.265038	0.043272	0.026779
-0.359092	-0.169010	-0.081167	0.093980	0.115565	0.362954	0.132747	-0.079138	-0.077693	0.112526	-0.428863	0.069706	0.092075	0.129082	-0.115167	0.010586	-0.018073	-0.110223	-0.494671	0.141854	-0.012536	0.165183	-0.045684	0.319927	0.053992
0.087545	-0.072362	0.070477	0.042352	0.038161	0.185001	0.534762	0.016991	0.464342	0.210961	-0.158710	-0.167466	-0.080275	0.118540	-0.057026	0.135023	-0.127057	0.114751	-0.208005	0.037854	0.149273	0.278796	0.083737	0.281471	-0.206903
-0.045205	-0.260786	-0.211191	-0.095706	0.174180	0.135115	0.173750	0.020608	0.011660	-0.059316	-0.285695	-0.335962	-0.404380	0.034351	-0.155170	0.044160	0.330989	-0.085705	-0.327652	-0.058989	0.134013	0.199302	-0.259918	0.234789	-0.000738
-0.081343	-0.210403	-0.095135	0.466494	0.138272	-0.026149	0.091819	0.208987	-0.151684	0.079675	-0.150067	-0.066564	-0.159205	0.265784	0.060007	-0.082712	0.010759	0.131838	-0.470352	-0.109857	0.316889	0.247040	-0.228647	0.107750	0.108014
-0.006277	-0.038097	-0.015489	0.127103	0.392774	0.179514	0.453909	0.065597	0.297968	0.125177	-0.336876	0.041518	-0.291762	0.161036	0.082076	0.246314	-0.167508	-0.113871	-0.219637	-0.054078	0.049033	0.155532	-0.110469	0.155412	-0.178921
0.273675	-0.158300	-0.078670	-0.021948	0.217660	0.018008	0.303373	0.006159	0.089727	0.087599	-0.467530	-0.069027	-0.265351	-0.045248	0.138970	0.033631	0.096501	-0.060408	-0.434125	0.003094	0.066982	0.075652	-0.106499	0.445526	0.011959
0.116121	-0.140314	0.045559	0.212114	0.204708	-0.118476	0.289897	0.195742	-0.040394	0.150543	-0.135411	0.124013	0.030173	0.274851	0.152639	0.195056	0.057974	-0.301842	-0.245760	0.367734	0.187342	0.209734	-0.076119	0.399196	0.106401
0.220700	-0.362364	-0.072591	-0.026932	0.126804	-0.024009	0.247118	-0.044452	0.004500	0.293242	-0.209048	-0.003624	-0.006190	0.051982	0.103207	0.350689	0.074494	-0.235966	-0.230932	0.157472	-0.032888	-0.158322	-0.154001	0.458015	0.263043
0.044821	-0.137657	-0.109342	0.222917	0.246721	0.053402	0.005561	0.046286	-0.223510	0.255656	-0.050135	0.011391	-0.231274	-0.069430	0.262076	0.112074	0.098935	-0.221230	-0.232486	0.328042	0.049547	0.079452	-0.102421	0.559643	0.202816
-0.015690	-0.200602	-0.141317	0.142129	0.277673	-0.063849	0.357423	-0.161145	-0.190127	0.263825	-0.186832	-0.079259	-0.042706	0.089882	0.310686	0.117794	-0.040747	-0.208300	-0.330684	0.114355	-0.126776	0.307770	-0.168381	0.326365	0.063719
-0.011433	-0.280424	-0.050107	-0.106948	0.126349	-0.011501	0.199972	0.054340	-0.152935	0.190335	-0.227036	0.090855	0.122376	0.177842	0.233099	0.140766	0.081970	-0.292430	-0.395771	0.107747	0.143980	0.073785	0.076062	0.527818	0.192471
0.064412	-0.165511	-0.142682	0.206087	0.122394	-0.222752	0.232806	-0.154245	0.127121	0.124188	-0.096009	-0.163745	-0.154676	0.106479	0.299125	0.175039	-0.066757	-0.168600	-0.374092	0.020295	0.163907	0.352815	-0.208444	0.273064	0.312175
0.076972	-0.187526	-0.041139	0.115785	0.158745	-0.111317	0.322185	0.033522	-0.035329	0.272992	-0.192400	-0.105443	-0.236359	0.119951	0.279643	0.071944	0.104490	-0.334699	-0.187938	0.130461	-0.016838	0.170244	-0.143816	0.338674	0.428743
0.168664	-0.427693	0.020760	0.069250	0.181798	0.411022	0.234525	0.122222	-0.159066	0.089606	0.041404	-0.076221	0.030368	0.328341	0.098897	0.431614	-0.053812	-0.209078	-0.162073	0.195807	-0.000646	0.142424	-0.114157	0.075763	0.124677
0.183084	-0.138629	0.130253	0.259835	0.147987	0.005493	0.391630	0.016803	-0.128073	0.226419	-0.167183	0.078395	0.197055	0.187393	0.209310	0.047531	-0.011608	-0.032160	-0.133564	0.204286	0.149692	0.465570	-0.177586	0.365943	0.007754
0.191906	-0.335248	0.062781	0.263961	0.267056	0.039428	0.080018	-0.059811	-0.255770	0.125591	-0.109103	-0.083741	-0.064730	0.144740	0.230299	0.072672	-0.163013	-0.163984	-0.350282	-0.015947	0.237317	0.056958	-0.096600	0.499183	0.127476
-0.132288	0.067978	0.072436	0.304322	0.426630	0.256967	0.069137	0.142213	-0.060131	0.174547	-0.076913	-0.183797	-0.093448	0.285650	0.235293	0.060805	-0.108013	-0.234132	-0.300933	0.018845	0.112612	-0.113642	-0.214345	0.359151	0.160850
0.307803	-0.325521	0.078705	0.034486	0.112734	-0.067498	-0.128086	0.073605	-0.150379	0.209453	0.182065	-0.321394	-0.174498	0.071176	-0.110322	-0.105194	-0.043361	0.009481	-0.297301	-0.109075	0.353696	0.111976	0.023310	0.423477	0.267155
0.056230	-0.118860	-0.006841	0.324861	0.335689	-0.178231	0.160293	0.050996	-0.185068	0.043146	0.045350	0.086407	-0.111570	0.069097	0.194939	0.099076	-0.073613	-0.252184	-0.372023	0.126559	0.108005	0.204493	0.022960	0.557535	0.073612
0.010560	-0.098480	-0.145910	0.297304	0.141964	0.065786	0.325667	-0.029067	0.015140	0.308620	-0.033787	-0.051665	-0.017881	0.090115	0.365283	0.054201	-0.113087	-0.213248	-0.346879	0.030139	0.125350	0.008134	-0.111182	0.506128	0.203043
0.065256	-0.031159	-0.064747	0.343493	0.158742	0.022266	0.110016	0.348166	0.255094	0.147471	-0.066993	-0.462598	0.058153	0.112577	-0.007895	0.073415	-0.097201	-0.263041	-0.208244	0.089791	0.335484	0.116966	-0.057454	0.340048	0.107376
0.024803	-0.074324	-0.206912	0.343544	0.210792	0.236012	-0.014473	0.113828	-0.038849	-0.020492	-0.211550	-0.376586	-0.087346	0.196191	-0.054577	0.118110	0.045343	-0.035066	-0.434081	0.055969	0.311437	-0.108557	-0.101752	0.375897	-0.113589
-0.108860	-0.036719	-0.185829	0.334381	0.325753	-0.018938	0.223499	0.131091	-0.280654	0.067250	-0.097757	-0.210017	-0.169825	0.301487	0.211203	0.074747	0.009430	-0.107462	-0.118329	0.156484	0.034915	0.232806	-0.331096	0.350564	0.147996
0.092173	0.239609	0.005357	0.207494	0.226557	0.004816	0.486228	-0.115724	0.018379	-0.056307	0.134792	-0.175880	-0.074391	0.206753	0.073892	0.137698	0.059835	-0.158325	-0.362291	0.241504	0.271507	0.270823	-0.039209	0.312462	0.008899
-0.069050	-0.194114	-0.020449	0.195391	0.345784	0.130261	0.195726	0.026957	-0.013793	0.377595	0.091322	-0.193188	-0.038163	0.030033	0.461677	0.190352	-0.017892	-0.138092	-0.128820	-0.087903	0.025862	0.114746	-0.040427	0.468518	0.156616
0.231815	-0.054760	-0.024705	0.133721	0.375542	0.139020	-0.031798	-0.005458	0.057289	-0.156505	-0.102784	-0.282625	-0.164717	0.026628	0.248149	0.043735	-0.075154	-0.114388	-0.253125	0.407788	0.256798	0.276789	-0.145856	0.331538	0.176007
0.365157	-0.467313	0.074736	0.164224	0.256532	-0.086914	0.260490	0.085214	0.060079	0.103201	0.077549	-0.187407	-0.031313	0.234794	-0.026214	0.071957	-0.129075	-0.081828	-0.431358	0.202175	0.143457	0.105966	-0.050412	0.180691	0.180487
-0.063891	-0.217241	-0.246955	0.255411	-0.012653	-0.079562	0.017887	0.328318	-0.122764	0.012762	-0.059790	-0.288446	0.154628	0.172517	-0.030190	-0.106091	0.140898	-0.129482	-0.470932	0.004432	0.226216	0.363492	-0.140843	0.263969	0.093913
0.106542	-0.207167	0.101302	0.251873	0.014215	0.021943	0.235901	0.224139	-0.119093	0.324302	-0.187600	-0.198211	0.056288	0.198397	0.081920	0.115729	0.083301	0.009289	-0.451355	0.377138	0.227350	-0.055417	-0.142450	0.276773	0.065976
0.022179	0.041581	0.064317	0.196554	0.371481	0.331670	0.301767	0.280760	0.061379	0.054207	0.150688	-0.519484	-0.094427	0.226032	0.139226	0.008243	-0.043565	-0.141244	-0.034672	0.103094	0.246935	0.231709	-0.060657	0.079738	-0.000838
0.126311	-0.249675	-0.207337	0.303566	0.260601	0.089962	-0.243134	0.118417	-0.048594	0.255214	0.106911	-0.166533	-0.209242	0.093003	0.097709	-0.063399	-0.098634	-0.055746	-0.308067	-0.057050	0.300426	0.166845	-0.136465	0.444533	0.139448
0.096110	-0.099658	-0.152605	-0.002415	0.145723	-0.077852	0.345122	-0.054211	0.119656	0.043492	-0.112794	-0.052250	-0.355420	-0.084917	0.118473	0.311684	0.266304	-0.239893	-0.210113	0.302066	-0.080857	0.197344	-0.119196	0.450728	0.071489
0.277372	-0.409041	0.040959	0.043718	0.195066	0.017461	0.175849	-0.014241	-0.088074	0.363232	0.030825	0.013296	-0.243390	0.275895	0.164662	0.144563	0.040921	-0.236375	-0.340119	-0.096126	0.005357	0.070401	-0.148467	0.263913	0.281680
0.323717	-0.024304	0.381559	0.238939	0.285381	0.020741	0.246577	-0.056993	-0.231101	0.120894	-0.110413	-0.125446	0.035075	0.143775	-0.126735	0.081819	-0.071244	0.113750	-0.416250	0.218244	0.015389	0.046438	-0.055562	0.397770	0.052894
0.114747	-0.146931	0.005196	-0.086433	0.102172	-0.045684	0.405310	-0.049287	-0.157282	0.240279	-0.268983	0.023541	0.056899	0.105900	0.201826	0.347806	-0.042008	-0.152580	-0.309433	0.333175	0.046123	0.287641	-0.032541	0.328478	0.146154
-0.079355	-0.121589	0.457320	-0.097490	0.163337	0.259943	0.188092	0.135600	0.087972	-0.196270	-0.150575	-0.487937	-0.056405	0.073884	-0.148936	0.155626	-0.161612	-0.151959	-0.174594	0.188732	0.113255	0.075936	-0.283250	0.086550	0.169033
0.128629	-0.242712	0.093702	-0.327540	0.217921	0.027393	0.226055	-0.041056	-0.035732	0.090333	-0.147219	-0.196582	0.014892	0.320472	-0.071819	0.256319	-0.193402	-0.105558	-0.092547	0.300297	0.078054	0.094558	0.119105	0.358609	0.398509
-0.023461	-0.306556	0.325313	-0.104904	0.231510	-0.020548	-0.001179	-0.054360	0.012097	0.173802	-0.161194	-0.339085	-0.250385	-0.068664	-0.114249	-0.006952	-0.180083	-0.018527	-0.241584	0.241676	0.075420	0.157344	-0.024080	0.518512	0.174404
-0.136994	-0.014059	0.351985	-0.318199	0.244365	-0.007970	0.336265	-0.078628	0.218199	-0.101286	-0.088714	-0.224585	-0.107406	0.191713	-0.112994	-0.051485	0.061781	-0.214719	-0.195389	0.134495	0.141336	0.252734	0.134784	0.429209	-0.067420
0.115664	-0.126034	0.145623	-0.110764	0.087441	0.253330	0.115138	0.094338	0.194486	-0.020225	-0.417656	-0.282526	-0.048766	0.215149	0.033557	0.107331	0.208613	-0.379671	0.013022	0.257602	0.197569	-0.131627	0.092452	0.401702	0.094926
0.290809	-0.259680	0.219501	0.111444	0.200477	0.163464	0.180767	-0.074036	-0.024122	0.018800	0.052100	-0.263995	-0.119801	0.328557	-0.068864	0.123762	-0.285137	0.009509	-0.473180	0.082687	0.124852	0.201788	-0.226053	-0.011208	0.216702
0.315570	-0.276678	0.305719	-0.139796	0.183823	0.055584	-0.013352	0.169306	0.017302	-0.007946	-0.325320	-0.214798	0.033226	0.191693	-0.071074	-0.102027	0.012662	0.090196	-0.465109	0.242812	-0.141837	-0.159189	-0.259530	0.176892	0.108645
0.162545	-0.441397	0.232742	0.274718	0.175050	0.047692	0.047430	0.231818	-0.015837	-0.004022	0.219797	-0.484155	-0.085561	0.187037	0.188971	-0.267721	0.104895	-0.017009	-0.028768	-0.006134	0.282335	0.071807	0.025691	0.172146	0.014467
0.027646	-0.044248	0.202920	-0.034497	-0.074661	0.050683	0.097611	-0.170844	0.233207	-0.133762	-0.178178	-0.000687	-0.289440	0.027815	-0.047036	0.089681	0.260882	-0.205211	-0.284090	0.247619	0.138180	0.202329	-0.258752	0.504907	0.274071
-0.114365	0.005414	0.100257	-0.333910	0.129159	-0.050307	0.210441	-0.052322	0.074523	-0.062219	-0.314010	-0.247477	-0.192838	0.218570	-0.042919	0.102187	-0.209765	0.093649	-0.253128	0.224890	0.363414	0.166129	-0.040117	0.443415	0.085304
0.227033	-0.174421	0.090963	0.093008	0.236011	0.062754	0.117653	0.036881	-0.161865	0.123143	0.115207	-0.303550	-0.311280	0.356343	-0.045300	0.060503	-0.201161	0.012254	-0.464929	-0.040725	0.326953	0.158878	-0.198590	0.134844	0.041274
0.044488	-0.216665	0.167850	0.297255	0.484224	0.091855	0.151185	0.050131	-0.175340	0.162101	-0.074386	-0.258519	-0.262998	0.031994	0.060007	0.039800	-0.191681	-0.043707	-0.448465	0.121342	0.189536	0.110890	-0.207619	0.005404	0.125093
0.187404	-0.215336	0.384413	0.227140	0.203358	0.206391	0.090810	0.019382	-0.181041	0.152805	-0.048866	-0.153546	-0.201167	0.093726	0.019816	-0.110945	-0.290349	-0.120854	-0.364469	0.158714	0.269354	0.103408	-0.239419	0.291418	0.009998
0.338163	-0.200206	0.248341	0.090147	0.157887	0.080289	0.009373	-0.263333	0.083392	-0.042285	-0.073811	-0.196191	-0.297250	0.229821	-0.147259	-0.153880	-0.186430	-0.174131	-0.345497	-0.063924	0.267137	0.132639	-0.149606	0.195247	0.312643
0.071752	-0.077882	0.033613	-0.287135	0.081846	0.106192	-0.139638	-0.048977	0.071863	-0.079018	-0.385518	-0.235495	-0.060838	0.261693	-0.010880	0.150492	0.028725	0.002793	-0.581230	0.201358	0.061422	0.177441	-0.156098	0.318050	0.122106
0.030481	-0.168782	0.443655	0.280321	0.282045	-0.071260	0.109700	0.231872	0.312755	0.120951	-0.248369	-0.170938	-0.029199	0.038039	-0.396967	0.067864	-0.146648	-0.120384	-0.140058	-0.065210	0.244256	0.000883	-0.160689	0.151973	0.091998
0.150606	-0.197094	0.252295	0.257591	0.150405	0.349549	0.035987	0.328787	-0.067013	0.130453	-0.396611	-0.282115	-0.158325	-0.034020	-0.097561	0.163136	0.085351	0.079914	-0.269521	0.070603	0.182729	-0.112416	0.025597	0.230629	0.205769
0.134973	-0.365263	0.008303	0.059499	0.376278	0.326777	0.047322	-0.036851	-0.085410	0.199864	0.004279	-0.461759	-0.200367	0.082549	-0.066906	-0.073060	-0.167402	0.153428	-0.195846	-0.160040	0.226668	0.172706	-0.054235	-0.020112	0.274684
0.179528	-0.291100	0.138626	-0.111857	0.090670	0.016848	0.034933	0.072659	-0.060694	0.163608	-0.086577	-0.274659	0.262209	0.255893	0.124790	0.021720	-0.199022	0.035219	-0.271880	0.404218	0.012298	0.309047	-0.119178	0.427511	-0.042912
0.061671	-0.429055	0.125513	0.060052	-0.022106	0.377273	0.088247	0.207258	0.264801	0.161091	-0.256540	-0.119886	-0.180695	0.155690	-0.048883	0.137551	-0.253474	-0.023996	-0.097313	0.119297	0.208601	-0.059609	-0.003239	0.252471	0.381288
0.243714	-0.145572	0.300970	-0.167925	0.172702	-0.061025	-0.019458	-0.075660	-0.052845	-0.072515	0.095220	-0.397700	-0.038615	-0.000092	-0.018839	-0.156429	0.100396	0.126385	-0.522259	0.023123	-0.157891	-0.018673	-0.208639	0.437295	0.000801
0.275208	-0.262869	0.219214	0.283432	0.337761	0.019597	-0.120374	0.210825	0.087904	0.161559	-0.169017	-0.317204	-0.104259	0.055005	-0.145569	-0.077784	-0.265684	0.022952	-0.148204	-0.041495	0.193292	-0.004910	-0.097016	0.283751	0.356518
0.352871	-0.083130	0.287445	0.090679	0.347277	0.152387	0.268278	-0.029302	0.059251	0.117110	0.086929	-0.294084	-0.268699	0.151643	0.029149	0.070169	-0.285801	0.072367	-0.451405	0.083046	-0.011209	-0.011909	-0.180557	0.112204	0.076118
-0.072577	-0.120294	0.106916	0.038543	0.426942	0.075581	0.240521	-0.012534	0.251428	-0.006970	-0.121575	-0.498008	0.149518	0.056925	-0.139440	0.016559	-0.032387	0.025919	-0.539285	0.055281	-0.198091	0.096274	-0.003339	0.010329	0.075777
-0.026940	-0.152804	-0.140012	0.023265	0.256636	-0.024532	0.205039	-0.131830	-0.040755	-0.028894	-0.067627	-0.142714	-0.397037	-0.011008	-0.020676	0.076496	0.336423	-0.113934	-0.342419	0.382138	-0.051826	0.281722	-0.200984	0.353268	0.041635
-0.033224	-0.183106	-0.071518	0.107900	0.067904	0.019284	0.282613	0.015343	-0.086444	-0.111387	-0.271114	0.142700	-0.176312	0.076149	-0.169709	0.058679	0.078006	-0.114006	-0.281495	0.496755	0.085643	0.160302	-0.368695	0.381286	0.145650
-0.107294	-0.203273	0.022463	0.229590	0.303448	0.194877	0.145840	-0.010470	0.068953	0.041486	-0.283659	-0.269954	-0.084755	0.156962	-0.214894	0.046698	0.323271	0.085404	-0.059375	0.369192	0.179798	0.189661	-0.243049	0.169545	0.307861
0.102608	-0.282451	-0.144863	0.319244	0.126411	-0.089949	0.220907	0.111533	-0.061334	0.032009	-0.079248	0.023635	-0.397980	0.227495	0.157256	0.198606	0.215793	0.117293	-0.219776	-0.054120	-0.060326	0.310416	-0.090837	0.425059	0.122720
-0.112317	-0.033901	0.082944	0.011532	-0.080407	-0.259652	0.403598	-0.064436	0.003679	0.008215	0.099222	-0.141564	-0.088362	-0.034111	0.031764	-0.063123	0.148952	0.049808	-0.597006	-0.017420	0.203159	0.279474	-0.094503	0.419271	-0.094231
-0.095249	-0.372870	-0.142067	0.177920	0.065731	0.283169	0.024128	0.211651	-0.132906	0.148168	-0.268669	0.067830	-0.032944	0.113085	0.371729	0.024973	0.045360	-0.158486	-0.333637	0.268963	0.201245	-0.112041	-0.067987	0.337793	0.135951
0.445543	-0.160512	0.161693	-0.179666	0.288689	-0.101132	0.212462	-0.206785	-0.052990	0.255617	0.034962	-0.230475	0.108617	0.072397	-0.102937	0.014793	-0.016071	-0.134863	-0.411113	0.042284	-0.023569	0.039309	-0.091126	0.410139	0.132754
-0.306363	-0.142555	0.007511	0.095513	0.199141	0.033005	0.256337	-0.196510	0.074108	-0.006426	-0.173182	-0.130513	-0.324196	0.228819	-0.362683	0.265863	-0.050583	-0.036910	-0.229833	0.154935	0.450899	0.017172	-0.139996	0.123508	0.010978
-0.126743	-0.305718	-0.101352	0.117932	0.166733	0.198496	0.127326	0.202234	-0.003641	-0.076152	-0.201015	-0.224347	-0.469656	0.166886	0.056355	0.116465	0.120968	0.133726	-0.499105	-0.097795	0.230515	-0.085922	-0.140526	0.082405	-0.044939
-0.036356	-0.283163	0.067119	0.129529	0.183691	-0.088779	0.340688	-0.011480	-0.216075	0.199678	-0.363042	-0.096040	-0.052607	0.388942	0.111155	0.134789	0.047864	-0.118864	-0.077194	0.137436	-0.112220	0.292651	-0.085769	0.289476	0.310777
-0.128957	-0.250236	0.096221	0.189536	0.423053	0.010372	0.204201	-0.119928	0.131691	0.224964	-0.065725	-0.283297	-0.034991	-0.080563	0.254782	0.344906	0.024715	-0.101270	0.041343	-0.047385	-0.008069	0.070378	-0.354544	0.312175	0.230860
-0.147043	0.094779	0.093669	-0.010883	0.318363	0.027775	0.605737	0.046600	0.061960	0.040270	-0.220624	-0.212897	-0.164047	0.037304	0.188236	0.056567	0.168125	0.226579	-0.350398	0.132004	-0.059853	-0.032591	-0.207438	0.232161	0.038868
-0.172937	0.215486	0.112087	0.430880	0.272870	0.183959	0.355429	0.028205	0.110351	0.127314	0.054159	-0.263556	-0.143858	0.096887	0.089834	0.143361	-0.050752	-0.241405	-0.072290	0.064926	0.244912	0.373054	-0.097901	0.183173	0.133962
-0.301166	-0.067857	0.226858	0.032571	0.116181	-0.116048	0.422361	0.026527	0.103082	0.107370	-0.117492	0.120089	-0.334338	-0.001461	0.026985	0.183590	0.071825	-0.146692	-0.423219	-0.026229	-0.034122	0.268580	-0.153680	0.376107	-0.068263
-0.195960	0.070574	0.015710	0.073487	0.357594	0.092348	0.284270	-0.000153	0.314571	0.331785	-0.068369	-0.046208	0.100734	0.305460	0.109617	0.270092	-0.064692	-0.123535	-0.136209	0.022122	0.100589	0.214805	-0.200352	0.387385	0.211044
0.067214	-0.114330	0.064853	0.106258	0.180452	0.088178	0.202083	0.079212	0.096655	0.373038	-0.311199	0.081033	0.083110	0.257401	0.257142	0.254577	-0.321322	-0.029463	-0.064392	0.139193	0.100918	0.253299	-0.185597	0.387536	0.191955
0.031235	-0.207008	0.073405	0.297933	0.302712	0.252445	0.117172	0.050864	-0.032490	0.076166	-0.183488	-0.062468	-0.128795	0.281065	-0.048472	0.083919	-0.172180	-0.445899	0.037601	0.162579	0.019330	-0.017879	-0.215481	0.487209	0.010995
0.057805	-0.314325	0.105663	0.259020	0.314547	0.163101	0.222828	-0.029402	-0.074901	0.142734	-0.057317	-0.232875	-0.019379	0.068642	0.136774	0.041725	-0.165626	0.081040	-0.509300	-0.110287	0.237992	0.210619	-0.244782	0.168271	0.199313
-0.063914	-0.134707	0.282485	0.475402	0.001686	0.001888	0.086386	0.137520	0.128149	0.121715	-0.087318	-0.076947	0.062868	0.280266	0.141754	0.233181	0.006841	0.198586	-0.184029	0.224168	0.403624	0.158654	-0.220991	0.249162	-0.145704
-0.004677	-0.049000	-0.067746	0.043692	0.329085	-0.128575	0.341994	0.281274	-0.082400	0.070265	-0.346427	-0.099376	-0.106200	0.053915	0.022099	0.431110	-0.137121	-0.099959	-0.249196	-0.119647	0.301194	0.009649	-0.158035	0.309195	-0.106942
-0.153610	-0.129860	0.048966	0.326093	0.417808	0.230823	0.037851	0.107349	-0.160421	0.131807	-0.230473	-0.436371	0.056490	0.099149	0.230363	0.347516	0.081927	-0.033424	-0.040328	0.089799	0.036660	0.163560	-0.127657	0.267410	0.055543
-0.314369	-0.388319	0.013168	0.165918	0.132501	0.138783	0.159057	-0.159741	0.015389	-0.095243	-0.293585	-0.136898	-0.089686	0.107704	-0.305287	0.300259	-0.132711	0.056779	-0.417524	0.075276	0.079400	0.144475	-0.163887	0.020961	0.249998
-0.267790	-0.208959	-0.067828	0.073450	0.160939	0.066044	0.017547	-0.144632	-0.024541	0.030993	-0.253565	-0.258279	-0.166963	0.250600	-0.300575	0.196562	-0.176145	-0.146803	-0.447406	-0.037674	0.154677	0.295634	-0.139902	0.229160	0.182575
0.124087	-0.289450	0.274018	0.222072	0.303364	-0.029370	0.189490	0.123295	-0.055579	0.100806	-0.382777	-0.025912	-0.056525	0.482088	0.031841	0.189708	-0.116635	0.009095	-0.115833	-0.123513	-0.022783	0.030795	-0.030045	0.379932	0.101460
0.060049	0.084589	0.325310	-0.008175	0.094263	0.158399	0.338359	-0.040125	-0.006305	0.084656	-0.378142	-0.454391	-0.076530	0.072442	-0.013594	0.108765	-0.197362	-0.124023	-0.086458	0.156665	0.245180	0.022402	0.023496	0.434376	-0.131460
-0.160967	-0.265865	0.197545	-0.073060	0.146049	0.115814	-0.021113	-0.024760	0.067607	-0.103427	-0.412442	-0.374535	-0.218898	-0.090982	0.007920	0.210597	-0.018118	-0.097671	-0.135469	0.365804	0.178947	-0.246636	0.023603	0.361042	0.105776
-0.250749	-0.073071	0.420666	-0.188576	0.148136	0.078509	0.027480	0.064933	-0.030356	-0.136713	-0.391766	-0.235163	-0.077809	-0.035285	-0.089984	0.034835	0.064091	-0.118448	-0.422180	0.247299	0.072569	0.249196	0.066149	0.317118	-0.106518
-0.023353	0.036142	0.296932	-0.346039	0.312589	0.076552	0.190058	-0.043330	0.201086	0.177788	-0.458431	-0.338790	-0.067772	-0.036708	-0.115576	0.097294	-0.077009	-0.116174	-0.228542	0.063099	0.187192	-0.020056	-0.078673	0.316723	0.073033
-0.200539	-0.130930	0.174349	0.045587	0.246262	-0.046673	0.023177	0.200892	0.142444	-0.008748	-0.172713	-0.627931	0.087918	0.074102	0.016078	0.181191	-0.142447	-0.006487	-0.375254	-0.033866	0.082459	-0.175771	0.001450	0.337570	0.041220
0.011277	-0.294982	-0.109270	0.130945	0.190694	0.086088	0.232122	-0.068029	0.035430	0.151729	-0.396465	-0.180725	-0.195608	0.058478	0.024363	0.097748	-0.078375	-0.165744	-0.357724	-0.130582	0.085631	-0.046578	0.018648	0.490307	-0.294370
-0.092775	-0.275817	0.173376	-0.203042	0.156051	0.279989	0.020635	0.038203	0.291921	-0.131636	-0.221603	-0.397667	-0.008824	0.020665	-0.182665	0.096473	-0.145274	0.028930	-0.434208	0.145085	0.262546	-0.121406	0.006186	0.203823	0.172194
-0.217927	-0.059379	0.485924	0.065816	-0.010047	0.062364	0.059323	0.064373	0.055525	-0.109792	-0.463653	-0.100690	0.008492	0.214703	-0.063381	0.061783	0.133650	-0.005698	-0.390542	0.061766	-0.063891	0.198614	-0.034533	0.428172	-0.018308
-0.023578	-0.053654	0.458645	0.031295	0.252458	0.432078	0.187098	-0.151575	-0.009880	-0.028060	-0.353880	-0.352452	0.114291	0.100871	0.065775	0.142663	-0.058978	0.004624	-0.264779	0.129662	-0.114713	-0.012407	0.110541	0.249965	0.011566
-0.162701	-0.222617	0.209021	0.246442	0.234158	0.237824	-0.196614	0.138814	0.023366	-0.094838	-0.146486	-0.312862	0.093248	0.001982	-0.163294	0.028828	-0.173376	0.094278	-0.387922	0.294940	-0.158794	0.066355	-0.010782	0.398170	0.143038
0.040322	-0.128130	0.337565	-0.153412	0.210691	-0.057822	-0.075782	-0.040833	0.219451	0.282056	-0.240768	-0.288550	0.102650	0.222241	-0.157515	-0.053376	0.052344	-0.043756	-0.356443	0.030340	0.114751	0.244874	-0.081147	0.428246	-0.192504
0.017771	-0.121248	0.139612	-0.223566	0.194364	-0.099890	0.319731	-0.015626	0.096975	0.075953	-0.218370	-0.352014	0.045382	0.354739	-0.138364	0.205195	0.005389	-0.090310	-0.379551	0.006614	0.007901	0.453606	0.092089	0.148801	-0.025103
-0.055278	-0.108208	0.150462	-0.012635	-0.017207	0.064283	-0.099333	0.060361	0.122833	0.117696	-0.272397	-0.558199	0.075028	0.022994	-0.123406	-0.056906	0.043715	0.059601	-0.143259	0.165266	0.460358	0.424618	-0.045682	0.217865	0.100326
-0.136624	-0.318815	0.358003	0.032507	0.118004	0.299117	-0.084142	-0.058384	0.104739	-0.023802	0.076582	-0.583745	-0.185607	0.063425	-0.004946	0.175399	-0.194153	0.054458	-0.333765	-0.023302	0.064982	0.095475	-0.022251	0.175499	0.109204
-0.097075	-0.054254	0.249697	0.100864	-0.090455	0.064910	-0.048982	0.068446	-0.013171	-0.083881	-0.448455	-0.488171	0.045563	-0.024563	-0.314263	-0.021813	0.016898	-0.099228	-0.338484	0.150812	0.265344	0.185130	-0.158022	0.264532	-0.002563
-0.050662	-0.019470	0.319457	0.258338	0.079274	0.091028	0.188613	0.196325	0.260760	-0.290013	-0.055384	-0.307149	0.173950	0.087908	-0.152604	-0.015562	-0.147612	-0.195959	-0.488888	-0.025352	0.161392	-0.117755	-0.009426	0.290390	-0.066136
0.168577	-0.177764	0.306617	0.229186	0.144938	-0.004189	0.113693	-0.044323	0.198893	-0.264851	0.050722	-0.534015	-0.187486	0.095282	-0.093356	-0.197491	-0.072105	0.024754	-0.351034	0.199926	0.146723	0.135327	-0.115246	0.126258	-0.173373
0.144144	-0.060417	0.106574	-0.133115	0.031410	-0.032518	0.197818	-0.162923	0.021323	0.267626	-0.111365	-0.426240	0.167033	0.031239	-0.130678	0.218466	0.217739	0.075777	-0.310735	0.101218	-0.234552	0.438946	-0.003275	0.308793	0.126207
0.061759	-0.248426	-0.009545	-0.077299	0.186229	-0.067992	0.074753	-0.058338	-0.221713	0.114678	0.175551	-0.337676	-0.135780	-0.102616	-0.071236	-0.006716	-0.046185	-0.039895	-0.629574	0.040162	0.023584	0.270016	-0.092874	0.393658	-0.010686
0.253327	-0.240823	0.085492	-0.085587	0.091522	0.013226	0.090179	0.068622	-0.034565	0.387720	0.090526	-0.461166	0.070493	-0.050076	-0.139965	-0.055337	0.056905	0.016270	-0.523239	-0.062195	0.028372	0.250798	-0.230830	0.194807	-0.056536
0.089025	-0.192830	0.020743	0.051839	-0.044280	0.099383	0.017148	0.089381	-0.084942	0.287684	-0.084678	-0.303919	0.097300	-0.034915	-0.006807	-0.234578	0.067805	-0.016773	-0.489203	-0.126325	-0.129873	0.061705	-0.297428	0.548764	-0.077086
0.223995	-0.226256	0.320607	0.268907	0.198948	-0.140072	0.036501	0.151334	-0.158384	0.017630	0.125188	-0.149797	0.096033	0.044172	-0.145629	-0.059302	-0.052065	-0.091969	-0.365193	0.126993	0.208182	0.218038	-0.173017	0.509128	-0.002495
0.164535	-0.269700	0.331767	0.081353	-0.019784	0.148548	0.257396	0.109782	0.201867	0.013426	-0.238899	-0.032026	0.014581	0.125293	-0.100788	0.440837	-0.097811	-0.257845	0.006410	0.066142	0.219635	0.124471	0.040887	0.461023	-0.069936
-0.136118	-0.374288	0.145631	0.052720	0.225290	0.088582	0.321904	-0.035357	-0.206221	-0.016144	-0.136799	-0.156941	-0.193538	-0.062421	0.043014	-0.032659	0.277907	0.316160	-0.261706	-0.029930	-0.033420	0.001008	-0.003248	0.494840	0.175913
-0.045614	-0.102736	0.073105	0.060875	0.235540	0.239619	0.344226	-0.037217	0.172951	0.023635	-0.525710	-0.068040	-0.061211	0.165223	-0.023044	0.476411	0.195401	-0.042671	-0.173155	-0.093039	0.171712	0.018326	0.138109	0.213762	0.047918
-0.138590	-0.221322	0.289207	0.167399	0.089092	0.147624	0.217532	0.135309	0.192382	-0.040856	0.060048	-0.412000	0.064333	0.069559	0.231921	0.017900	-0.065075	-0.099423	-0.498158	-0.103601	-0.001244	0.071674	0.003236	0.397556	-0.116012
-0.007921	-0.218375	0.264902	-0.070635	0.035084	0.154793	0.105065	0.121117	0.040120	0.024329	-0.391082	-0.331817	-0.027409	-0.103729	0.048659	-0.376287	0.271155	-0.119754	-0.364150	0.086362	0.149205	0.031416	-0.002862	0.375522	0.115172
0.075194	-0.241114	0.148957	0.154485	-0.078045	-0.296933	0.083084	0.061550	0.009351	-0.157219	-0.014432	-0.291679	-0.011938	0.217173	0.183507	-0.012720	0.042244	0.143727	-0.610263	-0.001426	0.078770	0.328427	-0.185031	0.220820	0.045163
0.025126	-0.156203	0.001754	0.103182	0.084785	-0.380753	0.189935	0.067763	0.119689	0.118037	0.132205	-0.200639	-0.022386	0.109999	0.214179	0.148785	-0.057197	-0.076369	-0.483219	0.017055	-0.125551	0.434586	-0.132254	0.367767	0.067983
0.193848	-0.262182	0.012959	-0.104674	0.126777	-0.221958	0.158319	-0.155362	0.099861	0.305376	-0.149349	-0.121587	0.070193	0.139458	-0.186852	0.219579	-0.274523	0.108180	-0.249852	0.049610	0.328194	0.201483	-0.181432	0.394053	0.178169
0.188486	-0.443949	0.123523	0.075221	0.170369	-0.171903	0.085298	-0.025994	-0.121880	0.069372	0.058743	-0.299604	-0.192421	0.115463	-0.177002	-0.166326	-0.030339	0.203925	-0.512131	-0.093984	0.119042	0.088661	-0.316603	0.139527	0.048506
0.096933	-0.270632	0.145069	0.224952	0.113367	0.040280	0.081102	0.097634	-0.075196	-0.056030	0.093515	-0.415979	-0.037640	0.195349	-0.119932	0.007543	-0.154036	-0.032625	-0.503687	0.114860	0.201224	0.144306	-0.369752	0.251048	0.133385
-0.086415	-0.206062	0.227513	0.055128	0.363374	0.048037	0.106803	0.005939	0.168330	-0.018698	0.028302	-0.481542	-0.163054	0.009503	-0.296287	0.175993	-0.132527	0.187759	-0.387877	-0.076640	0.138768	0.249949	-0.095330	0.192378	0.075548
-0.011315	-0.365245	0.070771	0.117031	0.174188	0.100321	0.071811	-0.014761	-0.125979	0.093825	-0.102109	-0.361803	-0.088066	0.171138	-0.007308	0.097396	-0.050740	0.054073	-0.503770	0.030686	0.400515	0.127587	-0.240660	0.302226	-0.056793
-0.031352	-0.350292	0.039735	-0.139009	0.294980	0.257843	0.221666	-0.178334	0.136154	-0.067640	-0.061526	-0.320485	-0.058839	0.139095	-0.257053	0.045762	0.270461	-0.061447	-0.220948	0.284908	0.016469	0.015316	0.006841	0.373813	0.230612
-0.111246	-0.111688	-0.221062	0.131452	0.135742	-0.255621	0.551961	-0.044154	-0.113944	-0.061183	-0.198064	-0.170783	0.038522	0.124953	-0.022954	0.139363	0.132351	-0.062430	-0.457074	0.185134	0.055362	0.177147	-0.173514	0.248791	0.073474
-0.108658	-0.294974	0.032825	0.092948	0.085934	-0.088944	0.280839	-0.120874	-0.052854	-0.055481	-0.024461	-0.361362	-0.057342	-0.005064	-0.197104	-0.001296	0.101310	0.031188	-0.541805	0.050977	0.429250	0.035323	-0.023597	0.320789	0.084378
-0.062725	-0.354159	-0.181274	0.100829	0.212979	0.237329	-0.050162	0.149214	0.084724	-0.060264	-0.487177	-0.176523	-0.221279	0.046777	0.154025	0.064619	0.210521	-0.206435	-0.316321	-0.042668	0.079579	-0.000346	-0.122862	0.361700	0.041368
-0.168979	-0.217277	-0.185297	0.207811	0.130207	0.036733	0.044271	0.067094	-0.248038	0.127877	-0.220566	-0.292139	0.088249	0.203994	0.185095	0.157846	0.347994	-0.152376	-0.511123	0.070297	-0.099786	0.222178	-0.061127	0.104355	0.130579
-0.243184	-0.211197	-0.151268	0.226774	0.278911	-0.149942	0.424097	-0.011635	-0.080628	-0.098609	-0.211668	-0.186787	0.124498	-0.049330	-0.007360	0.235120	0.287807	-0.227746	-0.229268	-0.090849	0.185657	0.183616	-0.092308	0.273068	0.160332
-0.090942	-0.128513	-0.167506	-0.086216	0.244920	-0.107786	0.103736	0.212271	0.170604	0.132501	-0.011035	-0.063235	-0.419057	0.058289	-0.013033	0.113927	0.090926	-0.320217	-0.343829	0.159877	0.101118	0.255899	-0.147321	0.260569	0.386608
-0.340218	-0.330603	0.058077	-0.007105	0.064383	0.126394	0.434609	0.363619	-0.024303	0.040508	-0.071162	-0.092706	-0.125988	0.208299	0.208278	0.024215	0.111102	0.116038	-0.378796	0.188877	-0.083156	0.263120	0.052528	0.026965	-0.163053
0.157876	-0.182075	0.333568	-0.210131	0.114721	0.075275	0.373468	0.142315	0.084606	0.021190	-0.344578	-0.081231	-0.160714	0.089003	-0.012476	0.175266	-0.022746	-0.043056	-0.359567	0.015571	0.160520	0.449421	0.004804	0.103311	0.200085
0.091341	-0.223145	-0.050489	0.142251	0.018417	-0.017394	0.334681	-0.111000	-0.009237	0.105425	-0.119907	0.128366	0.059943	0.326532	0.098153	0.124574	-0.025294	-0.242382	-0.342865	0.365023	0.148098	0.137264	-0.179280	0.408997	0.257487
-0.301063	0.077829	0.322186	0.122590	0.263525	0.273569	0.213969	-0.028136	0.067749	0.279105	-0.236580	-0.074680	0.101729	0.119018	-0.002470	0.126646	0.022139	-0.402407	-0.196060	0.046189	0.100186	0.148658	-0.049798	0.402245	0.097999
-0.130827	0.075963	0.105141	0.452522	0.351120	0.068376	0.296575	0.070350	-0.239989	0.235509	-0.139875	-0.064324	-0.171334	0.059184	0.058404	0.129955	0.044662	-0.284479	-0.081642	0.187033	0.291082	0.090186	-0.245757	0.267161	-0.035980
0.008088	-0.094864	-0.102756	0.355612	0.329618	0.060482	0.308637	-0.080537	-0.182912	0.042046	-0.168874	-0.107353	-0.098088	0.129163	0.206553	0.118809	-0.096579	-0.176787	0.018668	-0.045059	0.349265	0.166685	-0.092909	0.495912	-0.185000
0.137369	-0.408513	-0.251437	-0.038852	0.173627	-0.048653	0.177507	-0.028067	0.030920	0.093597	0.073160	-0.311764	-0.201218	0.369495	0.360712	0.085755	0.073769	0.114520	-0.375515	0.122820	0.025748	0.177710	-0.131089	0.173854	0.060441
0.350313	-0.128288	0.064996	0.211727	0.333029	0.032463	0.339620	-0.157668	0.216443	-0.246712	-0.123900	0.048931	-0.019911	0.256187	-0.115847	0.230221	-0.054606	0.081725	-0.232723	0.108598	0.161570	0.046975	-0.001703	0.444555	-0.011815
-0.019660	-0.166651	-0.034180	0.228333	0.203598	0.083345	0.324979	-0.275551	0.154505	0.168234	-0.203873	-0.042029	0.247029	-0.163082	0.058871	0.344475	0.101736	0.013902	-0.248721	0.181182	-0.015894	0.164739	0.084618	0.486301	-0.084098
0.251759	-0.134182	0.081941	0.081315	0.381641	0.010108	0.143104	0.020741	-0.103508	0.297478	-0.097061	-0.116227	0.020569	0.128005	0.242662	0.187445	0.007117	-0.272897	-0.129780	0.158045	0.353247	-0.092570	-0.104757	0.494802	0.012612
-0.032732	-0.314002	0.021496	0.224278	0.258214	0.064907	0.343324	0.022301	0.287191	0.051148	-0.230059	0.049075	0.213285	-0.048996	0.278986	0.374593	0.158476	-0.074488	-0.131979	0.223910	0.239876	0.051271	0.003362	0.288352	0.110877
0.012986	-0.072569	-0.086426	0.399419	0.196850	0.290116	0.035856	0.031523	0.031396	0.170143	0.021497	-0.103432	-0.162659	0.153627	0.124972	0.171652	-0.021752	-0.162042	-0.226063	0.071267	0.397206	-0.153545	0.092848	0.485317	-0.240232
0.131302	-0.300777	0.028546	0.226397	0.234359	-0.185483	0.255311	-0.055163	-0.096051	0.311740	-0.171973	0.079341	0.135815	0.216427	0.053775	0.195475	0.070695	-0.117662	-0.405379	0.144140	0.011725	0.130225	0.032264	0.369370	0.274737
0.095280	0.228658	0.167885	0.371949	0.219836	-0.050763	0.323464	0.207680	-0.128142	0.047188	-0.121264	-0.211413	-0.099795	0.146238	0.165487	0.006743	0.148138	-0.129504	-0.380077	-0.033119	0.154544	0.346453	-0.166470	0.276388	-0.065799
0.098582	-0.245607	0.066413	0.479967	0.290976	-0.027091	0.176500	-0.088237	-0.179374	0.159859	-0.226227	-0.082200	-0.117257	0.135334	0.294655	0.118065	0.203824	0.011726	-0.199294	0.019305	0.302889	-0.058615	0.089514	0.337102	-0.154112
0.270663	-0.427787	0.147219	0.283761	0.318756	0.123009	0.194962	-0.090318	-0.124090	-0.046179	-0.071761	-0.109225	-0.039855	0.263620	0.177611	0.137269	-0.137979	0.009846	-0.278439	0.131360	0.135161	0.132179	0.110247	0.339435	0.213377
-0.084440	-0.200911	0.029378	0.186583	-0.026123	0.088273	0.290332	0.321555	0.138396	0.094847	-0.352846	-0.141709	-0.036305	-0.023696	0.114749	0.188930	0.235937	-0.099567	-0.045841	0.357004	0.384997	0.262388	-0.125980	0.259359	-0.043005
-0.071122	-0.201754	0.024094	0.341267	0.302916	0.262089	0.196323	0.132884	-0.009413	-0.108212	-0.100947	-0.168662	-0.087880	0.101910	0.009630	-0.053469	0.250698	-0.134777	-0.492618	0.020022	0.183258	-0.036415	0.032940	0.372446	-0.224163
-0.072416	0.056226	-0.039276	0.320088	0.321157	0.028632	0.097969	0.185332	-0.041576	-0.078353	-0.100844	-0.168668	0.009786	0.332003	-0.089546	0.292398	-0.086102	-0.193483	-0.444906	-0.024089	0.208093	-0.115599	-0.072155	0.424040	0.065668
0.166744	-0.125125	0.145647	0.168424	0.456297	0.249713	0.143744	-0.113500	0.252007	0.080669	-0.261585	-0.004706	0.117849	0.323024	0.103878	-0.025091	-0.122898	-0.168797	-0.389373	0.020838	0.051815	0.233211	-0.055563	0.279272	0.030693
-0.030826	-0.126792	0.292260	0.060834	0.266259	-0.089290	0.329297	0.064154	0.134405	-0.019131	-0.260637	0.123954	-0.137475	0.105782	-0.034775	0.389505	0.046753	-0.209777	-0.116605	0.277799	0.204819	0.247314	-0.151707	0.253343	0.300706
-0.045915	-0.113237	0.352357	0.112907	0.122778	0.185858	0.166753	0.319718	-0.149129	-0.057650	0.025614	-0.342718	-0.079616	0.331581	0.098478	0.136313	-0.029386	-0.081326	-0.368560	0.039519	0.128665	0.032956	-0.169964	0.431443	-0.052313
-0.001810	-0.294244	0.068271	0.288549	0.333493	-0.077359	0.125676	-0.020266	-0.269868	0.123851	-0.203711	-0.237653	0.067695	0.165923	0.104926	0.054040	0.080019	-0.146938	-0.350394	0.115001	0.059407	0.194311	-0.065378	0.336028	0.370717
0.230693	-0.036062	0.246660	0.047976	0.097256	-0.032686	0.099003	-0.056583	0.041307	0.088246	-0.052046	-0.316236	-0.292896	0.294112	0.021485	-0.107191	-0.304209	-0.122781	-0.399763	-0.117697	0.178764	0.070467	0.011405	0.427049	0.248302
0.120779	-0.076349	-0.231521	0.454744	0.129400	0.173962	0.064513	0.062334	-0.093489	0.167639	-0.082999	-0.175751	-0.142507	0.222317	0.292561	0.116221	0.053779	-0.235106	-0.178426	0.086890	0.232450	0.107576	-0.204427	0.449021	0.118796
-0.121920	-0.225937	-0.010073	0.159079	0.343762	0.085219	0.173328	0.222406	-0.053790	0.138080	-0.233547	-0.179292	-0.182168	0.362240	0.049138	0.025890	0.030006	0.085002	-0.326887	0.206625	0.285744	0.166796	-0.012139	0.344241	-0.204469
-0.084566	-0.016287	0.193649	0.057334	0.141592	-0.000984	-0.167962	0.083523	0.017727	0.091219	-0.163875	0.140179	0.221684	0.262444	0.134806	0.061565	0.021745	-0.300664	-0.382351	0.017925	0.363968	0.116365	-0.023627	0.554203	0.101672
0.032665	-0.278653	-0.222895	0.326256	0.143463	-0.090573	0.067912	-0.129558	-0.173802	0.233786	-0.110497	-0.162883	-0.018165	0.091005	0.176591	-0.004821	-0.068008	-0.197519	-0.482729	-0.119104	0.050314	0.141572	-0.181784	0.424262	0.158382
-0.009944	0.107964	0.378749	0.064325	-0.002557	-0.131540	0.170173	0.091332	0.147705	-0.111538	-0.048313	-0.100833	0.038344	0.285971	-0.275952	0.089160	0.097771	-0.098326	-0.388315	0.221118	0.163134	0.116691	0.193557	0.524210	-0.023245
0.055139	-0.239969	0.021893	0.181971	0.367823	0.034790	0.088814	0.068754	-0.340831	0.135634	-0.012195	-0.136661	-0.198382	0.388547	0.168014	0.302057	0.036711	-0.042627	-0.232484	0.235480	-0.010529	0.087748	0.019170	0.371027	0.187031
0.269959	0.018412	0.366991	-0.108955	0.240733	0.128729	0.059714	-0.073545	0.173367	0.033129	-0.405029	-0.293818	0.081026	0.102002	-0.203023	0.029496	-0.116422	0.027159	-0.276232	0.071345	0.077490	0.342200	-0.065640	0.342438	0.125611
0.175388	-0.113605	0.538144	-0.067404	0.051403	0.110194	0.204596	-0.006266	0.102401	-0.074664	-0.224751	-0.278227	0.206330	0.055130	-0.154097	0.118094	-0.142632	-0.178362	-0.177512	0.079108	-0.067192	0.204793	-0.226287	0.418152	0.125623
-0.027984	-0.189731	0.364340	-0.086615	0.066022	0.190986	0.070717	-0.022154	0.125383	0.007863	-0.327974	-0.453377	0.024830	-0.020829	-0.136175	0.191984	-0.164417	0.067110	-0.306513	0.002107	0.235134	-0.012753	-0.002987	0.352118	0.293865
0.087046	-0.043774	0.362673	-0.211575	0.189033	0.175599	0.014485	0.172788	0.092740	0.079969	-0.233506	-0.183066	0.037496	0.096742	-0.111806	-0.030222	-0.262029	0.076867	-0.316338	0.397671	0.011623	0.330549	0.115294	0.285973	0.230464
0.118663	0.048763	0.324199	0.052705	0.091691	-0.006774	0.184905	-0.078619	0.106288	-0.032012	-0.108363	-0.557883	0.142195	0.197511	-0.046019	0.289785	-0.006809	-0.151587	-0.265378	-0.176261	-0.033572	-0.065950	0.123039	0.398264	0.206072
-0.191203	0.053282	0.337192	0.217183	0.309189	0.078985	-0.052338	0.086691	0.059586	-0.135738	-0.318677	-0.269097	0.022003	0.085674	-0.243161	0.293623	-0.114124	-0.160214	-0.186291	0.341300	0.159573	0.146913	0.194817	0.245794	-0.056896
0.049016	-0.238152	0.391154	0.365900	0.059467	0.024603	0.136633	0.300927	0.103214	-0.112013	-0.024665	-0.344949	-0.087490	0.159125	0.258503	0.015170	-0.129211	-0.039202	-0.321078	0.237695	0.083286	0.130409	-0.065841	0.294663	0.069824
0.023009	-0.193858	0.409120	-0.071663	0.221738	0.049131	0.305875	-0.223444	0.211557	0.034200	-0.203022	-0.236917	-0.243415	-0.022753	-0.172348	0.169380	-0.048909	0.006971	-0.422875	-0.007432	0.114031	0.166563	-0.064541	0.245863	0.214919
-0.325103	-0.395904	0.236413	0.140931	0.091620	0.337007	0.150148	-0.143762	0.112707	-0.001075	-0.177244	-0.024068	0.031825	0.057573	-0.102366	0.215948	0.141001	-0.219296	-0.321538	0.076536	-0.144581	-0.061000	-0.005664	0.413170	0.133843
0.134127	-0.263023	0.182607	0.272577	0.037878	0.159275	-0.119546	0.137096	0.002720	0.003010	-0.064013	-0.322490	-0.188132	0.161157	0.180616	0.238532	0.133105	-0.020576	-0.267287	0.215649	0.105124	-0.235782	-0.217447	0.485140	-0.030350
0.249672	-0.106113	0.277233	0.159423	0.179692	-0.048631	0.228409	0.001333	0.069817	0.244354	-0.114522	-0.381971	-0.097940	0.164941	0.125543	0.144753	-0.097575	-0.173340	-0.276702	-0.039792	0.137849	-0.003891	0.015558	0.543505	0.088426
-0.184436	-0.026989	0.228126	-0.062349	0.124194	0.199900	0.042200	0.025301	0.135148	0.071850	-0.357823	-0.212621	-0.038427	-0.040179	-0.074111	-0.184317	-0.020241	-0.162614	-0.444962	-0.030464	0.018398	0.210841	-0.006776	0.454558	0.367504
-0.088335	-0.259703	0.002254	0.126047	0.208008	-0.149483	0.331629	0.304305	0.293359	0.162444	-0.175090	-0.422857	-0.076414	0.068239	0.187356	0.142813	0.074105	-0.016370	-0.231403	0.028399	-0.240560	0.201134	0.059554	0.184808	0.237957
-0.294192	-0.332199	0.219657	0.082779	0.209268	0.191828	0.031570	0.137039	0.226217	-0.097842	0.033112	-0.225010	-0.215963	0.092199	0.115262	0.067838	-0.000482	0.039015	-0.478486	0.251905	-0.246484	-0.028370	-0.076587	0.316177	0.028365
-0.200454	-0.428349	0.013392	0.038940	0.255880	-0.161557	0.229647	-0.007490	0.141730	0.009928	0.187290	-0.024463	-0.411813	0.040158	-0.006153	0.140581	-0.031446	-0.015220	-0.559423	0.019021	-0.057683	0.060354	-0.172869	0.140823	0.110380
0.058741	-0.073299	0.293147	-0.113018	0.241748	0.355897	0.192003	0.169265	-0.132314	0.032371	-0.314461	0.104127	-0.254327	0.217624	0.022981	0.259817	-0.111725	-0.167653	-0.122995	0.150044	-0.011734	0.261892	-0.134463	0.394329	-0.113833
0.051060	-0.325244	-0.034438	-0.230216	0.003148	0.140275	0.347153	-0.096671	0.067342	0.081083	-0.204301	-0.227428	0.002715	0.137690	-0.174251	0.203493	0.127996	-0.302500	-0.250407	0.073322	-0.068462	0.343102	-0.049534	0.424991	0.105455
-0.254505	-0.354458	-0.037768	0.090005	0.101525	0.243068	0.031765	0.180833	0.017926	-0.034314	0.233053	-0.364922	-0.268500	0.083304	0.177101	0.018888	-0.032779	0.133585	-0.468032	0.062658	-0.164298	0.252712	0.015853	0.253207	-0.010190
-0.059348	-0.260991	0.047782	-0.127926	0.168490	-0.035274	0.510196	0.008116	0.108182	0.061847	-0.161585	-0.124207	-0.296656	0.162045	0.114363	0.102087	0.011675	-0.084845	-0.091998	0.157649	0.068513	0.322610	-0.097566	0.381855	0.346597
-0.184820	-0.318937	-0.009331	0.142213	0.181683	0.307123	0.297682	-0.053761	0.064938	0.055058	-0.154913	-0.033118	-0.263466	0.262765	-0.044671	0.272278	-0.077000	-0.170683	-0.337856	0.079951	-0.269912	0.271554	-0.127963	0.242389	0.026747
-0.314636	-0.387632	-0.204781	0.280664	0.152009	-0.124784	0.209208	-0.018150	-0.045102	-0.078018	-0.197849	-0.317572	-0.439519	0.158390	0.068321	0.152190	0.112282	0.140021	-0.251296	-0.014829	-0.012673	0.120290	-0.095393	0.179507	0.038929
-0.067133	-0.170938	0.199986	0.062929	0.320305	0.274287	0.275057	0.211621	0.034141	0.103298	-0.261991	-0.208845	-0.120240	0.411118	0.129524	0.075896	0.011554	0.183627	-0.326581	-0.023974	0.000431	0.252038	0.123097	0.161683	-0.219194
0.037489	-0.348921	-0.048565	0.056301	0.375963	-0.008522	0.101879	0.181781	-0.055428	-0.125310	0.038074	-0.244653	-0.283967	0.037605	-0.085236	-0.025632	-0.202251	0.096995	-0.523231	-0.087276	0.190975	0.275624	-0.025804	0.001857	0.267605
0.103593	-0.275418	0.263758	0.255354	-0.011723	0.008669	0.281329	0.229189	0.237682	-0.249029	-0.001103	-0.305286	-0.080281	-0.112660	0.116171	0.184099	0.218621	-0.270442	-0.126709	0.055611	0.107138	0.352293	0.192268	0.186909	0.144725
0.044045	-0.348082	0.218007	-0.135212	0.150167	0.030745	0.370463	0.160126	0.171529	-0.142073	-0.097097	-0.214175	-0.204583	-0.103928	-0.103392	0.061830	0.256694	-0.148208	-0.349463	0.005264	0.011646	0.363125	-0.132589	0.263502	-0.153686
0.025450	-0.409156	0.062329	0.026284	-0.019574	0.185873	0.267446	0.304116	0.300662	0.114005	0.123379	-0.116350	-0.200597	-0.278385	-0.161250	0.150834	0.227107	-0.104045	-0.256498	0.080573	0.276552	0.269408	-0.089601	0.172108	-0.091544
0.123078	-0.059819	0.196903	0.109792	0.129481	0.291881	0.365524	0.208938	-0.006048	-0.172430	0.073688	-0.311411	-0.299511	0.018032	0.072496	-0.094855	0.287597	-0.108614	-0.177617	0.116347	0.411287	0.279632	-0.089166	0.137529	-0.030932
0.072368	-0.042110	0.485690	-0.056698	0.083591	0.032599	0.081816	-0.093849	0.357581	-0.222170	0.022527	-0.233340	-0.223811	0.061270	0.159324	0.124131	-0.221423	-0.003954	-0.369059	0.136415	0.190123	0.226174	-0.104297	0.287457	0.137272
0.164272	-0.200027	0.092860	-0.116823	0.210991	0.010605	0.042539	-0.172635	0.294930	0.183814	-0.031755	-0.313995	-0.368475	-0.212139	-0.041333	0.156000	0.085351	-0.131930	-0.504332	0.197453	0.253889	0.078405	0.028865	0.125208	-0.046386
-0.052412	-0.031020	0.111939	0.122613	0.315447	0.015980	0.277593	0.051885	0.192372	0.024511	0.098759	-0.367327	-0.209698	-0.096987	0.011431	0.261658	0.240350	-0.176300	-0.348620	0.288739	-0.087421	0.255808	0.001935	0.197452	0.281286
-0.039173	-0.141525	0.162217	0.010615	0.183166	0.157450	0.460549	0.110585	0.238235	-0.206581	-0.163125	-0.172920	-0.192521	-0.088597	-0.036534	0.285525	0.152588	-0.073571	-0.395798	0.050258	0.381010	0.179220	0.028546	0.082667	0.113160
0.167435	-0.115716	0.200883	0.163577	0.026018	0.090432	0.221291	-0.047579	0.207456	-0.103480	-0.041491	-0.284758	0.030424	0.051614	0.227223	0.190099	-0.047846	-0.102088	-0.111549	0.168325	0.178096	0.634390	0.049625	0.259001	0.215087
-0.073539	-0.018968	0.256327	0.157816	0.102686	-0.152931	0.373294	-0.072414	0.227474	-0.230035	-0.168071	-0.204435	-0.116480	-0.108790	-0.170900	0.358853	0.120263	-0.054594	-0.419131	0.169634	0.158608	0.204915	-0.009179	0.249236	-0.125584
0.007424	-0.393061	-0.093516	0.015793	-0.098447	-0.215942	0.218319	0.186908	0.127412	0.218009	-0.013948	-0.071098	-0.189788	-0.076759	0.191888	0.098948	0.243611	-0.178915	-0.426054	0.176788	0.060534	0.276502	-0.277165	0.203468	0.193722
-0.079792	-0.378908	-0.084813	-0.016481	-0.049394	-0.047206	0.238846	0.141309	0.188771	0.025740	-0.266870	-0.067377	-0.334491	-0.193845	0.088543	-0.041997	0.260950	-0.150646	-0.478413	0.030574	0.214927	0.030102	-0.111745	0.287954	0.163358
0.127638	-0.168270	0.126558	0.195912	-0.106261	0.298218	0.069081	0.057751	0.154016	0.142291	0.251132	-0.162157	-0.290216	0.033280	0.193001	-0.024144	0.178478	-0.007327	-0.290771	-0.094192	0.217505	0.254565	-0.102110	0.524974	0.112707
-0.186897	-0.151623	0.009393	0.288332	0.169368	0.093037	-0.002426	0.213407	-0.181935	-0.085250	-0.029173	-0.198901	-0.202124	0.002359	0.188043	-0.098301	0.109494	-0.067822	-0.603599	0.263414	0.148895	0.194251	-0.008757	0.307952	0.064658
0.012060	-0.121814	0.008831	0.229737	0.106674	0.117899	0.299458	0.021611	0.159652	0.329750	-0.153334	-0.284621	-0.161803	0.056537	0.369931	0.020931	0.092506	-0.103727	-0.211612	0.052661	0.012638	-0.064185	-0.044413	0.552627	0.181137
0.143273	-0.231321	0.025985	0.410786	0.143139	-0.183389	0.178006	0.005438	-0.055602	0.213810	-0.040818	-0.075066	-0.267999	-0.014563	0.020830	-0.081874	0.048280	0.060022	-0.556415	-0.062567	0.145862	-0.006384	-0.183176	0.354364	0.188512
-0.067744	-0.306148	0.090895	0.092512	0.211523	-0.056743	0.174994	0.134961	0.089057	0.123998	-0.158035	-0.279615	-0.300895	0.092729	0.080981	0.088756	0.225803	-0.235234	-0.385694	0.013747	0.308807	-0.084153	-0.039719	0.396925	0.176593
0.005397	-0.551466	-0.174679	0.333199	0.108177	0.049869	0.105897	0.177864	0.126024	0.005705	-0.210140	-0.330447	-0.238686	0.027280	0.076248	-0.017221	0.297439	0.003248	-0.313469	-0.040644	0.156062	-0.053400	-0.060149	0.180979	0.110528
-0.165619	0.124838	0.285617	0.227789	0.073875	0.364771	0.295219	0.027498	0.104145	0.010664	0.002262	-0.524204	-0.180023	-0.094204	0.120130	-0.096629	-0.018707	0.131706	-0.347833	0.075213	0.100028	0.016583	-0.231906	0.187923	-0.050714
0.260668	-0.277433	-0.165664	0.246279	0.191814	0.077851	0.216195	0.000330	0.010248	0.032371	0.066347	-0.235546	-0.099489	0.161177	0.002848	-0.236235	-0.006829	-0.019007	-0.421384	0.095723	0.470812	0.105692	-0.153801	0.274553	-0.075225
-0.107966	-0.165019	-0.000469	0.366296	0.118315	0.148916	0.138867	0.071844	-0.058350	-0.048846	0.104191	-0.488205	-0.270706	0.027767	0.097495	-0.046520	0.210903	0.076654	-0.301158	-0.007221	0.242014	0.339480	-0.099653	0.302486	0.096209
0.060899	0.016797	0.123479	0.051268	-0.117498	-0.107091	0.104218	0.080336	0.241042	0.008088	0.008019	-0.383140	0.055006	0.077686	0.261749	0.129274	0.133721	-0.058368	-0.507383	0.121909	0.060774	0.358976	-0.267575	0.318262	0.192874
0.085681	0.083240	0.178362	0.155345	-0.128566	-0.191495	0.062201	0.091839	0.019775	0.047745	0.074764	-0.390650	-0.051267	-0.059312	-0.372854	-0.023456	0.022743	0.013010	-0.424714	0.098847	0.306893	0.269986	-0.121358	0.426055	-0.059434
-0.055997	-0.274026	0.133367	0.216643	0.050499	-0.067244	0.263198	0.028505	0.269323	0.153766	0.122286	-0.038377	-0.311068	0.031641	0.050672	0.277702	-0.094360	0.031353	-0.486049	0.016252	0.329676	0.209642	-0.082327	0.241455	-0.160406
-0.021300	-0.203454	0.003161	0.205055	0.073792	-0.119646	0.167037	0.076559	-0.160287	-0.142358	0.035624	-0.430410	0.137201	0.046042	0.111289	-0.022960	-0.165736	0.032836	-0.513456	-0.030932	0.129598	0.367144	-0.258242	0.281837	0.073373
0.023388	-0.220850	0.299845	0.179389	0.075260	0.091807	0.323669	0.029207	0.170675	-0.244325	-0.085334	-0.264330	-0.036721	0.119245	0.151830	0.110490	-0.219945	-0.020524	-0.382553	-0.128993	-0.085910	0.275138	-0.319612	0.293376	-0.094832
-0.106768	0.127050	0.222266	-0.040864	-0.115430	0.087467	0.247350	0.131077	0.005968	0.050394	-0.115327	-0.115271	0.020419	0.062183	-0.211599	0.031326	0.182285	0.057859	-0.503581	0.282770	0.181759	0.483325	-0.020229	0.293560	-0.139618
-0.227239	0.052940	0.076293	0.354252	0.052656	-0.159520	0.201001	0.133565	0.029260	-0.192584	0.111712	-0.361624	-0.058530	-0.001300	-0.139036	0.340168	0.029487	-0.013106	-0.226023	0.082580	0.485446	0.158536	0.086124	0.236331	0.158452
-0.315915	-0.277302	-0.069254	0.171908	0.066284	-0.018810	0.367791	-0.069390	0.032705	-0.003315	-0.290944	-0.051450	0.053090	0.130448	-0.079270	0.428959	0.180142	-0.162744	-0.407453	0.152370	0.237185	-0.015270	-0.028774	0.182971	-0.081560
-0.023679	-0.390578	-0.026456	0.038558	0.209208	0.102488	0.111810	0.136023	-0.032251	0.069930	-0.179872	-0.056890	-0.195730	-0.198836	0.054833	0.120140	0.127434	-0.265758	-0.352722	0.029642	0.123273	0.117954	-0.123384	0.443594	0.411525
-0.061882	-0.203175	-0.074453	0.262272	0.215247	0.474957	0.079826	0.123422	-0.144974	-0.084766	-0.289618	-0.317701	-0.145791	0.092283	0.015004	0.049626	0.049923	-0.157092	-0.345833	-0.038377	-0.014979	0.012173	-0.095549	0.424948	0.056915
-0.190233	-0.239910	-0.037775	-0.151493	0.403132	0.143838	0.263900	0.157052	0.153158	-0.090315	-0.502308	-0.078699	-0.279066	0.037148	-0.156139	0.028180	0.030227	-0.024373	-0.293364	0.233495	0.150088	0.169834	-0.017937	-0.057694	0.112703
-0.071520	-0.388590	-0.035507	-0.013259	0.254219	0.133118	0.305448	0.241749	0.282846	-0.101722	-0.224551	-0.138873	-0.286554	-0.090756	-0.143467	0.164941	-0.007424	0.100700	-0.120886	0.099580	0.449584	0.242875	-0.062030	0.067278	-0.077122
-0.093297	-0.366087	0.123530	0.158716	0.142373	0.076108	0.206611	0.209607	0.034318	0.172376	-0.558680	-0.054172	-0.024030	-0.296478	0.097361	0.059845	0.244864	-0.060333	-0.208615	0.092452	0.037421	0.097306	-0.030863	0.340025	-0.116400
0.020936	0.042897	0.239595	-0.005211	0.089973	0.183757	0.108832	0.133665	-0.162662	0.132577	-0.285432	-0.409335	-0.003007	0.301573	-0.031373	0.222548	0.256880	0.013638	-0.318646	-0.037961	0.126314	0.103939	0.198977	0.368445	0.250869
-0.027164	-0.098428	0.066989	0.294250	0.045170	0.281880	0.306274	-0.046877	0.269610	-0.122545	0.025187	-0.151948	-0.187236	-0.109807	0.230227	0.288821	0.067634	-0.242393	-0.384593	0.243763	0.288836	0.160267	-0.108742	0.184379	-0.021143
-0.024313	-0.125558	0.078003	0.401778	0.179516	0.029644	0.158648	0.007467	-0.231324	0.076444	-0.172800	-0.257758	-0.064591	0.062304	0.180535	0.346112	0.115580	-0.322052	0.039740	0.165723	0.201738	-0.048799	-0.059801	0.465077	0.180660
0.110011	-0.291961	0.173571	0.303880	0.050038	0.257193	0.231422	0.012679	-0.033525	0.543117	-0.154897	-0.081094	-0.122819	0.004094	0.137606	0.310917	0.009614	-0.023327	-0.126799	-0.057716	0.024880	0.223213	-0.224149	0.278852	-0.044171
-0.176584	-0.022552	0.061348	0.245759	0.047756	0.201899	0.166298	0.005799	0.181152	0.264260	-0.342475	0.029311	0.067390	0.060148	-0.080706	0.438211	-0.065773	-0.113930	-0.405789	0.218293	0.089103	-0.086911	-0.079141	0.392787	-0.016003
0.146775	-0.006370	-0.033747	0.157208	0.283268	0.053942	0.343822	0.017622	0.208794	0.328978	-0.278802	-0.085652	0.090807	0.212047	0.085011	0.349797	-0.019218	-0.047250	-0.044895	-0.107021	0.244054	0.182312	-0.058098	0.467209	0.025988
0.083833	-0.007093	-0.109585	0.373992	0.362075	0.097629	0.100913	0.241328	-0.075893	0.144028	0.005981	-0.197637	-0.147864	0.180490	0.251597	0.235220	-0.195109	-0.088579	-0.027758	0.055396	0.218483	0.138875	-0.188756	0.478556	0.109094
-0.124860	-0.349659	0.025812	0.104352	0.045147	0.213270	0.143919	0.155302	0.192382	0.088073	-0.476215	-0.076313	-0.138905	0.228972	-0.025974	0.325655	-0.077601	-0.084790	-0.065598	0.101268	0.384983	0.209299	-0.148302	0.142153	0.201071
-0.038639	-0.115512	0.170435	0.141032	0.531913	0.149261	0.061343	0.218548	-0.138254	0.050154	-0.369492	-0.182159	-0.088610	0.059295	0.011429	0.249883	0.180705	-0.142718	-0.025779	0.145324	0.186787	0.266660	0.026607	0.264193	0.250808
-0.091360	-0.237656	-0.135633	0.262894	0.246379	0.201807	0.218862	0.055210	0.210607	0.263869	-0.176153	0.051477	-0.233281	0.088163	0.007187	0.302069	0.138990	-0.167763	0.013712	0.161592	0.264038	0.253666	0.101142	0.407121	0.101647
-0.189268	-0.061642	0.021997	0.023752	0.389795	0.160958	0.252265	0.001812	-0.003946	0.063789	-0.318301	-0.156451	-0.196308	0.104708	0.281007	0.210914	0.167985	-0.191646	-0.358743	0.115342	0.008783	0.387703	-0.035644	0.237233	0.011202
0.143197	-0.216429	0.060426	0.279977	0.278982	0.236619	0.121041	0.337283	-0.052268	0.152087	-0.224979	-0.130691	-0.074795	0.249161	0.138380	0.098802	-0.070130	-0.151509	-0.240351	0.126636	0.161059	0.016302	0.128787	0.502422	-0.036627
-0.025328	-0.230041	-0.064440	0.131548	0.532273	0.150093	0.134124	0.051166	0.134355	0.189664	-0.108441	-0.146169	-0.124114	0.029920	0.327477	0.140643	-0.344662	-0.078161	-0.275703	0.089117	0.148731	0.039187	0.025344	0.317026	0.185482
0.030017	-0.168274	-0.131679	0.208149	0.078918	0.065779	0.409543	-0.046709	0.054940	0.271839	-0.327750	-0.029226	0.176491	0.173842	0.221904	0.442445	-0.088111	-0.062380	-0.243655	0.130275	0.040913	0.179223	0.031811	0.335256	0.053856
-0.050644	-0.132906	0.012148	0.279641	0.245368	0.130476	0.316697	0.331290	-0.013893	0.172571	-0.354533	-0.180835	0.046758	0.058988	0.087503	0.373712	0.141430	-0.108124	-0.118234	-0.022050	0.202824	-0.133916	0.010754	0.373816	0.166462
-0.044642	0.049609	0.171196	0.189706	0.197629	0.349253	0.285259	0.094279	-0.108118	0.111837	-0.182358	-0.145045	-0.306108	0.096504	0.049069	0.142383	-0.132519	-0.282856	-0.163454	0.060315	0.024972	-0.036508	0.096162	0.492047	0.305828
-0.059635	-0.121535	0.028574	0.566474	0.143137	0.217139	0.155063	0.228247	-0.189572	0.080789	-0.095974	-0.154798	-0.193568	0.275995	0.169787	0.210217	-0.113473	-0.124485	-0.112215	0.063116	0.172517	0.172818	-0.078442	0.302641	0.227078
0.028089	-0.168820	-0.055968	0.315223	0.400308	0.092792	0.147427	-0.046598	0.010548	0.276504	-0.094251	-0.110919	0.031489	0.168689	0.131797	0.416092	-0.124954	-0.214162	-0.077996	-0.133841	0.107415	0.033401	-0.142278	0.475022	0.117168
0.146080	-0.155162	0.201473	-0.258558	0.091966	0.064994	0.158093	0.275932	0.140042	0.094526	-0.242756	-0.591505	0.033872	0.132822	-0.167027	0.026061	-0.005180	0.075258	-0.271716	0.181813	0.324083	0.098760	-0.053011	0.125172	0.052614
-0.127792	-0.095603	0.152133	0.037622	0.359028	0.139813	-0.152546	0.091661	0.022558	0.107545	-0.346655	-0.531205	0.151579	0.065748	0.094529	0.061623	-0.139549	-0.163888	-0.116651	0.264043	0.190504	0.017714	0.052866	0.382512	-0.004263
-0.015602	-0.258871	0.128494	0.238225	0.062175	0.307618	0.082416	0.331782	0.083307	-0.107726	-0.198826	-0.505314	0.036535	0.029560	0.082219	0.035696	0.004465	-0.138706	-0.354716	0.120245	0.224333	-0.187500	-0.077887	0.261097	0.034535
-0.074145	-0.144616	0.241660	-0.061199	0.087812	0.088643	-0.090661	0.026504	0.152054	0.028760	-0.324469	-0.571096	0.151981	0.103527	-0.131905	0.165380	-0.054851	-0.125659	-0.210709	0.098245	0.067839	-0.157162	0.121501	0.485898	0.000392
-0.007293	0.095217	0.194437	0.123807	0.136214	0.054117	-0.055053	0.048620	-0.161143	-0.076240	-0.104606	-0.411189	0.037071	0.179728	0.113054	0.056770	0.127454	-0.290152	-0.460799	0.007756	0.159191	0.126849	0.040696	0.508193	0.187650
0.030589	0.005988	0.375422	0.096227	0.365075	0.285171	0.101198	-0.009729	0.055175	-0.112711	-0.207534	-0.262754	-0.199684	0.117298	0.029762	0.295234	-0.132182	-0.367740	-0.253855	0.060169	0.156120	0.023975	0.023188	0.309170	0.111850
0.100922	-0.214487	0.327924	0.060595	0.296349	0.356477	0.024821	0.246319	-0.051238	0.038389	-0.093155	-0.356416	-0.138747	0.203342	0.008235	-0.067458	-0.370862	0.115833	-0.375551	0.064352	0.006001	-0.064917	-0.082918	0.192020	-0.085190
0.182984	-0.217970	0.337177	0.036585	-0.046574	0.143007	0.275859	0.235398	0.157452	-0.040571	-0.224045	-0.366024	0.202086	-0.117814	-0.126564	0.087685	-0.098295	0.099787	-0.436745	0.062554	-0.003298	-0.090782	-0.166620	0.305773	0.130482
-0.047225	-0.121281	0.240078	0.172771	0.047955	0.523801	0.238469	0.102794	0.086420	-0.209971	-0.156702	-0.506793	0.072633	-0.021448	0.110139	0.043877	-0.013450	-0.014032	-0.105243	0.285560	0.223979	0.142467	-0.137010	0.127539	0.015172
0.059035	-0.184944	0.255806	0.168207	0.156207	0.218171	0.016938	0.150962	0.147894	0.138550	-0.164797	-0.582926	0.068346	0.052330	0.199951	0.082471	-0.211358	-0.060182	-0.251416	0.149503	0.103254	0.050026	-0.000700	0.370560	-0.164163
-0.127503	-0.157150	0.227013	-0.070511	0.263634	0.097437	0.049633	0.118286	0.193905	-0.091100	-0.408552	-0.362123	0.292023	0.013036	-0.228457	0.041169	0.159770	0.079991	-0.186872	0.198801	-0.054544	0.120308	-0.038287	0.440290	-0.068335
-0.261831	-0.207271	0.162794	0.264130	0.431269	0.086609	0.384770	0.104707	-0.284769	-0.033118	-0.426663	-0.051897	0.070729	0.126179	-0.114190	0.119411	-0.086605	-0.133694	-0.132696	0.053482	-0.039187	0.208750	-0.104833	0.121360	-0.088835
-0.021592	-0.147549	0.330714	-0.034486	0.023263	0.081381	0.146039	0.171942	0.213352	0.231839	0.134158	-0.339684	0.016783	0.151984	-0.044641	0.122326	-0.268637	-0.230015	-0.487113	0.203887	-0.011878	0.132238	0.057267	0.315667	0.108085
-0.058739	-0.290451	0.115033	-0.000268	0.105913	0.086370	0.109688	0.034998	-0.148735	-0.021161	-0.677801	-0.105104	-0.101349	-0.063285	-0.028430	0.019751	0.144683	-0.017884	-0.279315	0.142265	0.117030	0.154481	-0.011210	0.447859	0.027267
-0.028174	-0.169486	0.327034	0.126985	0.164191	0.162851	0.000141	0.267746	0.070710	0.033484	-0.235428	-0.543537	0.078385	0.058692	-0.167461	0.118417	-0.277364	-0.042612	-0.015897	0.081591	0.304601	0.230693	-0.051002	0.279413	0.035663
0.249454	-0.218273	0.331435	-0.204028	0.013586	0.098891	0.197324	0.283524	0.067325	0.067771	-0.206408	-0.291310	-0.088538	0.025799	-0.058556	0.359925	-0.113309	0.009619	-0.220283	0.069397	0.303241	0.072142	0.116829	0.352568	0.172947
-0.112276	-0.020208	0.006738	0.145949	-0.123333	0.243117	0.288546	0.228731	0.079631	-0.037717	-0.127468	-0.516401	-0.167288	0.059447	0.123519	0.051665	-0.256190	-0.030311	-0.154877	0.245590	0.239730	-0.107111	-0.028248	0.417354	0.144361
0.027723	-0.037236	0.418581	-0.098735	0.279391	0.172952	0.269028	0.244112	-0.062789	0.097098	0.025792	-0.197599	-0.187558	-0.125190	0.102700	0.108406	0.013262	0.013972	-0.406989	0.264559	0.217634	-0.081904	0.195571	0.327929	0.104189
0.105925	-0.313187	0.117667	0.345159	0.224631	0.165562	0.385516	0.055521	-0.094261	-0.162185	-0.196444	-0.295315	-0.180479	-0.180112	-0.004054	0.062409	0.149224	-0.078741	-0.483439	-0.056483	-0.085277	0.088413	-0.000559	0.116959	-0.063912
0.157930	-0.233342	0.339435	0.135300	0.212490	0.163672	-0.096349	-0.018569	-0.075096	0.266379	-0.033320	-0.355471	0.020214	-0.060440	-0.125152	-0.002439	0.092581	-0.256601	-0.175808	0.319985	0.158598	0.041499	0.016515	0.494044	0.052717
-0.050600	-0.053175	0.371954	0.190707	0.204072	-0.050910	0.331298	0.075021	0.105995	-0.090800	-0.007412	-0.109996	-0.119988	0.261997	0.247412	0.376508	-0.010493	-0.115526	-0.245272	0.005734	-0.007236	-0.045982	-0.155823	0.488262	0.064259
-0.019563	-0.282494	0.212980	-0.021047	0.359919	0.105563	0.182011	0.110214	-0.179805	-0.064273	-0.386054	-0.146055	-0.239327	0.314502	0.041180	0.000825	-0.092361	0.117351	-0.405489	0.100245	0.085714	-0.095957	0.092669	0.271309	-0.166769
0.028982	-0.279850	0.259696	0.012379	0.141016	0.061355	0.050875	0.035473	-0.078729	0.029160	-0.299489	-0.429290	-0.088011	-0.099179	-0.134503	0.070337	0.183323	-0.166254	-0.354077	-0.033099	0.190064	-0.128174	-0.045199	0.487258	0.156107
0.032026	-0.408944	0.216004	0.085692	0.231496	-0.018490	-0.000100	0.028300	0.019491	0.318730	0.081898	-0.516324	-0.245839	-0.031128	-0.097513	-0.069502	-0.062893	0.079430	-0.363486	-0.007877	0.142677	0.254535	-0.120160	0.132656	-0.111193
0.037548	-0.253746	0.143737	0.128383	0.116475	-0.067050	-0.000089	0.146212	-0.121813	0.173575	0.192151	-0.232299	-0.175317	0.184303	0.105085	-0.026204	-0.157909	0.039411	-0.571396	0.048841	0.387848	0.066176	-0.163785	0.321082	0.072416
-0.093346	-0.411609	0.177779	0.366045	0.318280	0.089255	0.038333	0.195447	0.011202	-0.038919	-0.214117	-0.132474	-0.215467	0.184723	-0.005346	-0.014014	-0.200474	0.142773	-0.238263	-0.167898	0.317350	-0.102487	-0.203448	0.077924	-0.239403
0.069686	-0.329028	0.151870	0.148594	0.071965	0.143760	-0.077228	0.233484	-0.023192	-0.010756	0.020977	-0.516472	-0.164848	0.104593	-0.088547	-0.092532	-0.318883	0.015461	-0.407453	0.302001	0.058702	-0.026097	0.034193	0.258799	0.040493
-0.119590	-0.139405	0.185807	-0.017089	0.261168	0.212044	-0.028930	0.149296	0.265353	0.034451	-0.178949	-0.341160	-0.003916	0.066856	-0.215654	-0.034605	-0.311864	-0.066247	-0.454070	0.237576	0.200048	-0.122011	-0.141126	0.289481	-0.007603
0.098344	-0.104816	0.242718	0.236069	0.139804	0.026864	0.143095	0.202836	-0.018623	-0.102763	-0.153206	-0.419705	0.048552	0.162880	0.154414	0.048436	-0.214955	-0.122231	-0.408039	0.200791	0.061684	-0.142312	0.091044	0.452967	0.108272
0.098196	-0.255844	0.311636	0.152476	0.119158	0.296954	0.179751	0.170493	0.294281	0.016129	-0.311811	-0.479957	0.053324	-0.009807	0.146790	0.132662	-0.089908	0.022998	-0.105537	0.026567	0.142985	-0.081589	-0.028021	0.344829	0.130363
-0.058553	-0.301175	0.093038	-0.112239	0.043699	0.232764	0.069638	0.196992	0.124580	-0.135460	-0.147691	-0.496761	-0.079544	0.245760	-0.177076	-0.095438	-0.136774	-0.239832	-0.357053	0.316321	0.064675	0.004038	-0.157576	0.188330	-0.083399
-0.203267	0.045733	-0.128791	0.434721	0.307839	0.084185	0.286469	0.157072	0.061323	0.106821	-0.273042	-0.300927	-0.183437	0.124941	-0.121911	0.288034	0.134761	-0.029079	-0.263485	-0.031348	0.304879	0.027741	0.052780	0.167196	0.034548
-0.058834	-0.283053	-0.229560	0.144196	0.062800	0.076811	0.206065	0.120259	-0.005252	0.094956	-0.114651	-0.320904	-0.163138	0.206928	0.119052	0.336801	0.250801	-0.154186	-0.324781	0.111735	-0.075216	-0.049126	0.180115	0.335263	0.310475
-0.172457	-0.159249	-0.157625	0.032398	0.132580	0.057102	0.195282	0.160627	-0.025834	-0.075961	0.023047	-0.456226	-0.098456	0.094989	0.218892	0.139924	0.188791	-0.079479	-0.377791	0.257314	-0.032075	0.153785	-0.015424	0.343529	0.372941
-0.095303	-0.278513	-0.289441	0.398078	0.303226	-0.031215	0.318464	0.135092	-0.038138	-0.027045	-0.118794	-0.211210	-0.233523	-0.145263	0.216610	-0.117914	0.179341	-0.169663	-0.272596	0.115056	0.091476	0.159325	-0.068367	0.271232	0.025737
-0.161247	-0.106007	-0.093930	0.016968	0.227680	0.273591	0.202912	0.206850	-0.169181	-0.027831	-0.098073	-0.248220	-0.156928	0.089411	0.405731	-0.113597	-0.022012	-0.169629	-0.447233	0.268375	-0.025847	0.291891	-0.028500	0.206601	0.039555
0.010587	0.005406	-0.058354	0.239847	0.453775	-0.019405	0.490048	0.065137	0.096990	0.050101	-0.239734	-0.219239	-0.222821	0.293826	0.246191	0.243726	-0.037456	0.051369	-0.050509	-0.171899	0.183299	0.088343	-0.062157	0.175255	0.051718
-0.290440	-0.397927	0.023797	0.132319	0.191058	0.162134	0.237734	0.151852	0.045683	-0.175571	0.036819	-0.304733	-0.012255	-0.009191	-0.109387	0.086240	0.118057	-0.269244	-0.528167	-0.011602	-0.015237	0.241011	-0.041971	0.150762	0.041884
-0.219495	-0.203417	0.128639	0.282910	0.056922	-0.041839	0.044590	0.143994	0.253642	-0.007065	0.009224	-0.328182	-0.048387	0.302375	0.101895	0.288501	0.214540	-0.088318	-0.438082	0.136613	0.053855	-0.148731	0.071570	0.345449	0.112691
-0.262172	-0.362996	-0.038037	0.252848	0.215787	0.118079	-0.018448	0.171758	-0.009324	-0.036235	-0.196676	-0.380730	-0.222245	0.232554	0.106165	-0.064401	0.018464	0.106945	-0.499545	0.069672	-0.126885	0.134194	-0.062013	0.131793	0.135438
-0.269533	-0.242738	0.226290	0.286272	0.158730	-0.037272	0.142405	0.254400	0.123344	-0.169601	0.133805	-0.340351	-0.245229	0.078731	-0.169850	0.028155	0.021394	0.056668	-0.384433	0.066428	0.187352	0.245009	-0.145713	0.231153	0.155963
0.163786	-0.359317	-0.206651	-0.029862	0.010830	0.006297	0.186141	0.024334	0.063181	-0.001593	0.006934	0.052964	-0.141975	0.011605	-0.205420	0.348135	0.174439	0.014702	-0.455386	0.069193	0.320836	0.258388	-0.371218	0.097485	0.121331
0.145206	0.099126	0.358787	0.183885	-0.026931	0.158123	0.018194	-0.072683	0.170768	-0.125832	-0.115847	-0.225963	-0.235675	0.100804	-0.233099	0.047758	-0.270046	-0.100222	-0.392672	0.162309	0.188572	0.036069	-0.141644	0.396346	0.256695
0.088202	-0.466162	0.182824	0.131354	0.121133	0.069823	-0.217568	0.039510	-0.030762	-0.151785	0.105727	-0.381566	0.012479	0.164667	0.034118	-0.169030	0.072632	-0.132810	-0.304825	0.121012	0.191364	0.078819	-0.226646	0.300938	0.320605
-0.239450	-0.080415	0.055226	0.247462	0.090686	0.212126	0.458253	0.197279	0.200835	-0.196826	-0.167613	-0.162132	0.150468	0.313113	-0.150639	0.107015	-0.072940	-0.109841	-0.265922	0.182196	0.230097	0.271608	0.083701	0.062758	0.150125
0.009598	0.032653	0.108227	0.248742	0.029183	-0.152008	0.175133	0.029784	0.376483	0.037358	0.021683	-0.189402	-0.193530	-0.030701	0.078056	0.061977	0.116549	-0.130281	-0.189623	-0.060704	0.383117	0.361712	-0.060413	0.538568	-0.020317
0.112571	-0.044233	0.298970	-0.004818	0.079079	-0.094954	0.134863	-0.293509	0.121555	0.079828	0.208284	-0.383528	-0.081129	0.042040	-0.046003	0.199034	-0.018153	-0.003477	-0.571585	0.015700	0.066707	0.210424	-0.175351	0.317299	0.084870
-0.185058	-0.159435	-0.120317	0.109047	0.267118	0.006281	0.377003	-0.254008	0.086944	0.030318	-0.088466	-0.201451	0.035431	0.189817	-0.292430	0.236734	-0.072392	-0.014527	-0.492407	-0.036800	0.317030	-0.157934	-0.150047	0.054031	-0.006042
-0.075966	-0.156571	0.264376	0.016357	0.010198	0.170410	0.359916	-0.305808	-0.127079	-0.117356	-0.089544	-0.294220	-0.025729	0.128874	-0.048560	0.338971	0.040937	-0.010898	-0.208514	0.133514	0.227464	0.205312	-0.062139	0.423675	0.219004
0.069398	-0.009214	0.148338	-0.044493	0.026440	0.227069	0.295159	0.129548	0.136469	-0.074990	-0.195748	-0.072392	-0.061079	-0.060936	0.144956	0.471061	0.279049	0.014672	-0.269676	0.243517	0.052061	0.262092	0.067976	0.400916	0.223445
-0.225532	-0.258441	0.185384	0.144571	0.255782	0.105329	0.102361	-0.136524	-0.050690	0.035795	-0.184178	-0.179181	-0.456314	-0.236061	-0.006226	0.140699	0.223318	0.211370	-0.260454	-0.034262	0.101981	0.011377	-0.095063	0.253199	0.347198
-0.130239	-0.151438	-0.222423	0.103768	0.166112	0.265275	-0.125102	0.105971	0.237001	0.080622	-0.125499	-0.351534	-0.260823	-0.083320	0.082160	0.114163	-0.033737	0.197738	-0.400782	0.051319	0.244163	-0.137933	0.021920	0.440383	0.041394
0.269724	-0.343265	0.042908	-0.157475	0.283839	0.010319	-0.022878	-0.007050	0.082667	0.031804	0.057473	-0.420170	-0.368153	0.078142	-0.036054	-0.127058	0.080409	0.168876	-0.382458	-0.184745	0.296645	0.141929	-0.037095	0.172516	-0.009360
-0.138265	-0.325908	-0.167203	0.150765	0.303276	-0.114709	0.169710	0.323881	-0.018440	0.155609	-0.212049	0.071854	-0.350203	0.081151	-0.066138	0.108381	0.278559	-0.047698	-0.106376	0.082782	0.133493	0.333313	-0.146790	0.315096	0.131627
-0.325628	-0.308482	-0.163471	0.312898	0.188425	0.151512	0.007739	0.027484	0.105378	0.073944	-0.310065	-0.218331	-0.185053	0.259967	0.019025	0.233825	-0.084972	-0.190460	-0.342862	0.158214	0.131008	0.042651	-0.039769	0.197889	0.227713
-0.083409	-0.241318	0.207492	-0.195433	0.181909	-0.252658	0.054763	0.248501	0.036425	0.110702	-0.232478	-0.334129	0.011113	0.045424	-0.153823	0.141644	0.133204	0.046858	-0.461126	-0.024046	0.260271	0.238946	0.124233	0.298844	-0.063007
-0.278271	-0.294535	0.118310	-0.065765	0.241215	0.259936	0.259670	-0.018473	-0.019961	0.018655	-0.437774	-0.325590	0.140782	0.135163	-0.082252	0.185405	-0.056764	0.024494	-0.068210	0.248535	0.093704	-0.064547	0.043236	0.388520	0.101651
-0.221149	-0.183025	-0.093912	0.167938	0.178176	0.119661	0.216466	0.252435	-0.069986	0.183093	-0.169456	-0.386641	-0.194854	0.193288	0.081260	-0.000320	0.141577	-0.044239	-0.413954	0.161259	0.114694	0.328476	-0.109220	0.195245	-0.186822
-0.278405	-0.322140	0.099211	-0.080525	0.255470	0.203336	0.397106	0.260360	0.216727	-0.010277	-0.357819	-0.301460	-0.187274	-0.025909	0.016174	0.175352	-0.066860	-0.200519	-0.267629	0.051077	-0.017961	0.071334	-0.053703	-0.091671	-0.044112
-0.064555	0.116160	-0.139628	0.336962	0.261079	0.036548	0.411000	0.216115	0.017966	-0.025806	0.069506	-0.180121	0.078495	0.130803	0.166048	0.222372	-0.140818	-0.324972	-0.231786	0.065926	0.064748	0.347496	-0.159987	0.301864	-0.021200
0.159043	-0.336874	-0.189409	-0.042476	0.312641	-0.196180	0.421102	-0.044805	0.045482	0.060902	-0.199755	-0.054424	0.009850	0.244986	0.240949	-0.014102	0.037298	-0.193863	-0.343549	0.067802	-0.062580	0.139955	-0.110252	0.377912	0.029823
-0.061045	0.064929	-0.077742	0.208829	0.074967	-0.057371	0.283968	0.085992	0.033871	0.246040	-0.071413	-0.177895	0.016472	0.218753	0.257273	0.380872	-0.169073	-0.351522	-0.285722	0.196538	0.228004	0.123413	-0.121564	0.332877	0.149782
-0.278129	0.044120	-0.113979	0.225760	0.340900	0.097433	0.315080	0.123344	-0.144758	0.034764	-0.235532	-0.053653	0.181709	0.049718	0.072752	0.202066	0.055328	-0.302705	-0.214808	0.253007	0.133005	0.089993	-0.293775	0.369268	-0.033382
0.038794	-0.390966	-0.088581	0.093786	0.351477	0.057410	0.042056	0.063003	-0.160901	0.245818	-0.094316	-0.231671	0.210353	0.257265	-0.017871	0.073541	-0.069125	-0.198460	-0.150015	0.113141	0.370502	0.236933	-0.195667	0.333859	0.093582
-0.177909	0.081427	0.185590	0.048586	0.189187	0.051807	-0.055204	-0.011803	-0.072634	0.055038	-0.343311	-0.284200	0.029410	0.228813	-0.010249	0.139048	0.103161	-0.457590	-0.110757	0.156604	0.013849	-0.033730	-0.046984	0.581309	0.073302
0.101538	0.005019	0.036298	0.273090	0.308247	0.192757	0.202582	-0.055600	-0.051705	0.148536	0.009264	-0.122279	-0.131456	0.088064	0.438714	0.058949	-0.128253	-0.136523	-0.337705	0.122075	0.173837	0.098399	-0.029905	0.475035	0.214997
-0.076472	0.088345	-0.078660	0.153411	0.246138	0.289124	0.272745	0.062872	-0.082312	0.155570	-0.109075	-0.228827	-0.040058	0.251308	0.344742	0.113232	-0.140130	-0.228568	-0.369228	0.168875	0.205970	-0.195669	-0.001604	0.349105	0.055908
0.025783	-0.158321	-0.287015	0.112920	0.288828	0.028098	0.259725	0.126318	-0.028649	0.048979	-0.265219	0.005787	0.078270	0.323575	0.235609	0.205875	-0.117442	0.021511	-0.341754	-0.027053	0.080027	0.132284	-0.081101	0.513056	-0.060902
-0.010412	-0.269982	-0.220376	0.165558	0.286345	0.031685	0.191290	0.015634	0.029358	0.112146	-0.070358	-0.206180	-0.076813	0.151639	0.242884	0.076793	-0.140590	-0.295462	-0.113256	-0.267068	0.175731	0.020003	-0.172481	0.542073	0.174410
0.046666	-0.228331	0.019068	0.409136	0.236557	0.058515	0.082605	-0.115402	-0.210354	0.362592	0.046614	-0.351558	0.070234	0.208817	-0.020535	0.076639	-0.039436	-0.234471	-0.342888	-0.038642	0.058102	0.153604	-0.201529	0.039788	0.311965
-0.158583	-0.129366	-0.147422	0.278186	0.244891	0.213912	0.305203	0.113166	-0.099597	0.004149	-0.147035	-0.437487	-0.057302	-0.000457	0.077690	0.035755	0.137440	-0.251468	-0.472141	0.007503	0.173625	0.137175	-0.086569	0.223247	0.048647
0.072990	-0.090133	0.220230	0.090384	0.399336	0.038565	0.174335	-0.236982	-0.185529	0.276099	0.021019	-0.340750	-0.223031	0.184616	0.238575	0.214756	0.123730	-0.155767	-0.301492	0.021293	0.170441	0.000060	-0.007385	0.321338	-0.070811
0.141821	-0.264365	-0.116159	0.151503	0.176519	0.043719	0.300104	-0.058850	-0.047301	0.026564	0.056143	-0.380103	-0.281897	0.295451	0.125802	-0.045131	-0.084879	-0.208378	-0.410893	0.032541	0.227164	-0.007826	0.029290	0.370832	0.034723
-0.189484	0.075197	-0.042275	0.405291	0.212821	0.033322	0.353753	0.157192	0.028767	0.088575	0.025840	-0.131590	0.060202	0.164593	0.046833	0.253716	-0.051041	-0.322424	-0.146547	0.088184	0.127768	0.011763	-0.054105	0.541739	-0.153352
-0.054784	-0.255543	-0.031106	0.420624	0.399830	0.017236	0.074670	-0.014636	0.141132	0.144493	0.063030	-0.156165	-0.036952	0.069849	-0.087057	0.102794	0.131334	-0.264365	-0.366934	-0.084284	0.099984	-0.060716	-0.152471	0.454896	0.146849
-0.132852	-0.243031	-0.050626	0.264775	0.438178	-0.035519	0.264946	-0.089071	-0.102649	0.013229	0.111450	-0.403696	-0.105435	0.266443	0.072358	-0.040124	-0.025915	0.003844	-0.268921	-0.002148	-0.077081	0.196560	-0.165953	0.334890	0.216540
-0.172426	-0.046802	0.368917	-0.113053	0.388291	0.198264	0.163169	-0.021581	0.280292	0.108410	-0.323852	-0.387297	0.030393	0.062037	-0.141396	0.061817	0.151421	0.083328	0.033132	0.118382	-0.117036	0.139379	-0.068491	0.380494	0.025962
0.249941	0.012212	0.328617	0.059835	0.281546	0.221397	0.220795	-0.044233	0.108142	0.143943	-0.073694	-0.435988	-0.008310	0.142938	0.017226	0.130129	-0.296864	-0.093723	-0.130470	0.055228	0.244188	-0.020126	-0.217945	0.301449	-0.256454
-0.337102	0.014310	0.256996	0.152034	0.447165	0.203629	0.082466	0.224411	0.194822	0.083969	-0.297124	-0.340957	-0.107233	0.102042	-0.027779	0.253108	-0.091992	0.046232	-0.222020	0.097124	0.106737	-0.102340	-0.088734	0.248756	-0.034367
0.044703	-0.013555	0.343348	0.011234	0.243612	0.208881	0.096977	0.370605	0.248347	0.043323	-0.076350	-0.525586	-0.158488	-0.011687	0.024803	-0.016033	-0.161523	0.023062	-0.029235	0.244793	0.199077	0.089942	-0.250002	0.191318	0.155237
0.097989	0.026361	0.214949	0.023933	0.484933	-0.014587	0.210033	0.037269	-0.021768	0.064449	-0.064617	-0.322287	-0.278835	0.043197	0.019415	-0.029597	-0.247923	-0.039989	-0.367679	0.097310	0.066953	-0.097138	-0.212623	0.444626	0.063005
-0.147525	-0.255121	0.100818	0.116292	0.276482	0.484309	0.141646	-0.088224	-0.047727	0.152378	-0.211382	-0.225860	-0.044334	0.077664	-0.109414	0.126642	-0.065689	-0.150671	-0.332914	-0.019781	-0.089222	-0.196152	0.186865	0.413677	0.051919
-0.136455	-0.197700	0.053234	-0.271767	0.142399	0.073327	0.080624	0.183878	0.193458	-0.114434	-0.117279	-0.407318	-0.214631	0.012562	0.223292	0.108175	-0.185836	0.124387	-0.482424	0.074483	0.270800	0.063388	-0.189939	0.244704	0.008598
-0.381086	-0.091368	0.100633	0.059695	0.072839	0.308359	0.196919	0.334052	0.255351	-0.102781	-0.087053	-0.306481	-0.336597	0.161309	-0.005411	0.143702	-0.181731	0.107996	-0.099966	0.215474	0.068798	0.122192	-0.138414	0.322315	-0.029674
0.058041	-0.238184	0.290309	-0.000494	0.037353	-0.004413	0.087264	0.278006	-0.004233	-0.193358	0.074812	-0.328456	-0.226222	0.087325	-0.166538	0.020923	-0.242761	0.172038	-0.306329	0.422451	0.001351	0.137699	0.007142	0.332806	0.202082
-0.050210	-0.206007	0.130590	0.126086	-0.054922	-0.008563	0.060989	0.050844	0.046664	-0.208508	-0.235084	-0.555939	-0.238848	0.170009	-0.233125	0.070702	-0.109994	-0.038746	-0.279981	0.119511	0.206893	0.074804	-0.179844	0.389554	-0.136534
-0.156618	0.075172	0.150344	0.089149	0.283319	0.348873	0.021261	0.091970	0.028203	0.312244	-0.022932	-0.530991	-0.255309	0.098908	0.178873	-0.005445	-0.069369	-0.108734	-0.210451	0.045881	0.213759	-0.128563	-0.022083	0.280269	0.190595
0.024053	0.041512	0.240776	0.007450	0.394925	0.180898	0.166338	-0.022021	-0.256304	-0.022284	-0.101622	-0.496924	-0.020115	0.248217	-0.062740	0.020408	-0.313259	-0.026566	-0.365943	-0.069281	0.037129	-0.083308	-0.056603	0.288282	-0.028782
0.062591	-0.205550	-0.022532	0.270838	0.375692	0.202623	0.054919	0.237674	-0.192172	0.125786	-0.112878	-0.469281	-0.050452	0.262834	0.223190	0.014312	-0.240508	-0.015355	-0.086990	0.096239	0.182604	-0.206542	-0.015494	0.264369	0.099281
-0.059494	-0.110100	0.363950	0.156192	0.271304	0.356654	0.087096	-0.109952	0.098186	0.098897	0.185646	-0.450913	-0.344522	0.070224	0.053457	-0.074808	0.005869	-0.170895	-0.270596	-0.080048	0.247120	-0.132099	-0.095552	0.106891	0.098825
-0.097395	-0.215171	0.539414	0.305325	0.195016	0.173577	0.016627	0.057606	0.004869	-0.095921	-0.080280	-0.342331	-0.035078	0.172229	-0.160782	0.020416	-0.339919	-0.102132	-0.263682	0.261014	0.016736	0.018772	-0.124355	0.109213	-0.081192
0.227351	-0.155817	0.260820	-0.284819	0.187350	0.109162	0.216191	0.024996	0.152340	0.120258	-0.424827	-0.158287	0.111004	0.001587	-0.077021	0.037329	0.151718	-0.069480	-0.482623	-0.001432	-0.010595	0.064714	-0.227479	0.317230	-0.014033
-0.241152	-0.436099	0.017901	0.029348	0.366854	0.159335	0.246949	0.289958	0.027864	0.024950	-0.179662	-0.310859	-0.284621	0.120324	0.156701	0.036176	0.001799	-0.296960	-0.226079	0.207688	0.002671	-0.071010	0.031557	0.064878	-0.033194
-0.025153	-0.227643	-0.097177	0.072902	0.198759	-0.007759	0.214499	0.138354	-0.104594	-0.101457	-0.076292	-0.489247	-0.105908	0.124221	0.256758	0.069250	-0.075876	-0.270345	-0.568254	0.024572	0.059442	0.043236	-0.177557	0.145564	0.061718
-0.223267	-0.350584	-0.091612	0.011622	0.324878	0.186168	0.392437	0.057097	-0.075695	-0.038509	-0.245971	-0.090671	-0.119300	0.092533	0.333897	0.023074	0.105283	-0.102864	-0.375698	0.178625	0.061992	-0.113206	0.112703	0.253414	0.148970
-0.143123	-0.239775	-0.067049	0.344492	0.173811	0.171385	0.033761	-0.245284	0.213245	-0.019988	0.033716	-0.390280	-0.168351	0.002532	0.065717	0.167300	-0.199342	-0.080481	-0.383018	-0.029739	-0.113827	0.250875	-0.121464	0.365254	0.011050
-0.282835	-0.213858	-0.347701	0.239400	0.152591	0.169093	0.188535	0.164756	0.057431	-0.085569	-0.274788	-0.339596	-0.065379	0.137554	0.175012	0.171991	-0.048643	-0.018315	-0.198794	-0.026400	-0.022035	0.231340	0.135670	0.306648	0.295421
-0.065051	-0.432469	-0.063634	0.079053	0.448396	0.154353	0.171906	-0.047058	-0.147281	0.024645	-0.101182	-0.344382	-0.038998	0.138221	0.240126	0.219904	-0.177502	-0.245605	-0.237657	-0.037650	0.060830	0.107259	-0.059078	0.247701	0.185021
-0.328448	-0.276739	-0.190446	0.179986	0.252065	0.142036	0.085578	0.127599	0.047277	-0.216321	-0.179806	-0.318739	-0.093934	0.011087	0.160946	0.143879	0.196527	-0.056577	-0.506840	-0.010663	-0.201630	-0.063317	-0.137629	0.192335	0.040347
-0.160464	-0.283071	0.025759	0.241182	0.011214	0.372949	0.294559	0.264475	-0.078270	-0.178708	-0.126046	-0.212112	-0.127497	0.149840	0.082221	-0.004787	-0.101715	0.058571	-0.541392	0.217049	0.117032	-0.053522	0.029216	0.136419	0.070079
0.043419	-0.202511	-0.153510	-0.018883	0.360131	0.078549	0.391832	-0.012091	-0.087385	0.217979	-0.130273	-0.369051	0.013503	0.248747	-0.237327	0.335505	0.088302	-0.032227	-0.118537	-0.048887	0.273084	-0.102771	0.122700	0.278870	0.033704
0.092824	0.092729	0.222664	0.213623	0.204347	0.021749	0.446108	0.009026	-0.144273	-0.011876	0.020312	-0.144200	-0.040418	0.205573	0.059281	0.205089	-0.033270	-0.183467	-0.231112	-0.046871	0.001507	0.381286	-0.175854	0.479671	-0.133598
0.030497	-0.438500	-0.267726	0.108933	0.123017	0.234566	0.266605	-0.130940	-0.051364	-0.072861	-0.041724	-0.138694	-0.121830	-0.029961	0.248194	0.179457	-0.035387	-0.032743	-0.311027	0.106297	0.195229	0.055860	-0.034259	0.435092	0.290384
-0.032816	-0.427451	-0.106556	0.086662	0.098510	0.159779	-0.121541	-0.158344	0.173347	-0.016610	-0.234443	-0.301717	-0.027115	0.118095	-0.023451	0.436069	0.003991	-0.292070	-0.384119	-0.045512	0.092112	-0.050880	-0.198305	0.229130	0.052129
-0.186109	-0.151499	-0.052836	0.464131	0.137192	0.222560	0.213447	0.182654	0.249512	0.191772	-0.297694	-0.242703	-0.180993	0.139231	-0.065126	-0.035012	-0.030486	0.108403	-0.350796	0.163834	0.254649	0.016415	0.177613	0.025521	-0.113411
0.136008	-0.208861	-0.062142	-0.112714	0.234739	0.142851	0.314478	0.276586	0.033592	0.203105	-0.102664	-0.087430	0.057642	0.142145	-0.079562	0.046796	0.144160	-0.096334	-0.376314	-0.052776	0.137716	0.457373	-0.236455	0.320952	0.127510
0.041155	-0.017847	0.174381	0.073472	0.140897	0.494918	0.055288	0.244934	-0.063144	-0.077168	-0.008715	-0.504649	-0.148841	0.332509	0.052806	-0.122204	0.015367	-0.055581	-0.257175	-0.007877	0.111573	0.142256	-0.052380	0.322932	0.099839
-0.034342	-0.367077	0.218467	-0.012790	-0.025805	0.160151	-0.102320	0.230397	-0.131089	0.217800	0.038562	-0.054366	0.183803	0.155520	-0.037376	-0.195416	0.127115	-0.103416	-0.475835	0.054610	0.180276	0.471829	-0.030151	0.188602	0.108823
-0.285119	-0.065844	0.078000	0.029377	0.068680	0.038535	0.210698	0.106912	0.038093	-0.227855	-0.076168	-0.195124	-0.307507	0.015878	-0.137073	0.088220	0.317341	-0.131899	-0.505140	0.187986	0.065523	0.412855	-0.094507	0.020057	-0.184625
-0.123069	-0.338502	-0.055305	0.148567	0.118655	0.073737	0.160718	0.183327	-0.102384	0.152957	0.147663	-0.453008	-0.102463	0.227042	0.117422	0.020154	0.020212	-0.034788	-0.508567	-0.035777	-0.031150	0.264191	-0.182392	0.036724	0.249246
-0.371120	-0.187080	0.038275	0.218302	0.177148	0.011749	0.180918	0.131213	-0.023709	-0.086630	-0.080650	-0.513987	-0.088537	0.127886	-0.045239	-0.166216	0.179093	-0.133460	-0.418441	-0.000306	0.290144	-0.118034	-0.080025	0.185792	-0.006629
-0.075467	-0.304247	0.020480	0.127890	0.120865	-0.235086	0.058690	0.155174	0.011245	-0.137609	0.028147	-0.501308	-0.249771	0.107435	0.178097	0.211242	0.118044	-0.008729	-0.365713	0.184100	0.119404	0.047606	-0.194997	0.313639	0.177665
-0.353090	-0.352531	-0.037359	0.146006	0.250487	0.282856	0.242947	0.223246	0.132611	0.170503	0.063391	-0.377775	-0.056547	-0.042768	0.124373	-0.124747	-0.016060	0.082426	-0.268471	0.348707	0.054267	-0.056011	0.029375	0.177222	0.090544
-0.078517	-0.048493	0.015175	0.157630	0.440493	0.334015	0.471770	-0.111635	0.010254	-0.040042	-0.337047	-0.251747	0.077076	-0.132167	-0.189334	-0.096927	-0.010933	0.305434	-0.176105	0.114279	0.142184	0.075612	-0.106103	-0.039075	0.047320
0.146405	-0.008671	0.094091	0.070572	0.230532	0.145623	0.519290	0.155650	0.177989	0.067775	0.022871	-0.269283	-0.270371	-0.106568	0.111192	0.221591	0.129102	0.000351	-0.305036	0.233964	0.255804	0.204745	-0.072784	0.122870	-0.221312
0.040111	-0.373488	0.112616	0.050666	-0.009929	0.064850	0.262926	-0.033805	-0.056305	0.006510	0.145577	-0.272752	-0.148665	-0.131795	0.069920	0.168823	0.157792	-0.072945	-0.442551	0.223658	0.152250	0.453700	0.029108	0.260227	0.154042
-0.217260	-0.113048	0.075133	0.044201	0.269159	0.121277	0.351263	0.142507	0.219829	-0.061672	-0.226966	-0.343360	-0.265519	-0.217788	0.064033	0.196028	0.104633	-0.143103	-0.243338	0.028210	0.072405	0.169834	-0.214922	0.380156	-0.057811
-0.321118	-0.128951	0.123678	0.222699	0.285513	0.130538	0.023536	0.078304	0.243211	0.141731	0.135235	-0.234604	0.085160	-0.013590	0.015786	-0.059271	-0.047912	0.276954	-0.404441	0.234619	0.281766	0.380257	-0.099077	0.091988	-0.080444
-0.146912	-0.122503	-0.203637	0.323475	0.049962	0.140536	0.068659	0.180121	0.146087	0.037915	-0.265434	-0.065025	0.080566	-0.063440	0.222472	-0.194670	0.169493	-0.061483	-0.380101	0.096735	0.086665	0.163432	-0.232723	0.512435	0.158812
-0.188851	-0.090456	0.006548	0.158329	0.191809	0.193248	0.080287	-0.115271	-0.140015	0.097647	-0.341247	0.018984	-0.216063	-0.116871	0.147673	-0.091899	0.295907	-0.179869	-0.535026	0.146360	0.128076	0.182782	-0.162068	0.307835	-0.046908
-0.090345	-0.087973	-0.126012	0.204464	0.240018	0.086580	0.138701	-0.200242	-0.073636	0.136423	0.132773	-0.170789	-0.281367	0.043007	0.170060	-0.031727	0.022732	-0.231935	-0.608266	-0.021159	0.294611	0.140120	-0.185487	0.214346	0.093141
-0.168892	-0.370015	0.000487	0.211200	0.003052	0.126932	0.287477	-0.180876	-0.141968	0.109621	-0.324830	-0.000432	0.018197	0.127457	0.021843	0.196441	0.247287	-0.283396	-0.321804	0.029925	0.200404	0.081748	-0.311361	0.273857	0.021087
-0.214628	-0.253927	-0.146092	0.148047	0.123392	-0.116844	0.290008	0.068680	-0.009862	0.038422	-0.159783	-0.135593	-0.073895	-0.119027	0.170375	-0.270034	0.156534	-0.031163	-0.567925	-0.149967	-0.008757	0.249272	-0.042723	0.347351	-0.078976
0.022722	-0.291654	-0.118887	0.453482	0.140413	-0.042435	0.158259	-0.047087	-0.074153	0.212297	-0.003478	-0.343330	-0.240768	-0.002333	0.226533	-0.110181	0.126112	-0.042305	-0.396015	-0.137131	0.103175	0.075715	-0.118232	0.362323	0.031811
0.100150	-0.066518	-0.129037	0.262576	0.088108	-0.094077	0.348401	-0.076275	0.034473	0.229958	-0.226165	-0.202100	-0.182886	-0.042804	0.229066	-0.038141	0.138011	-0.098077	-0.529269	-0.190223	-0.037100	0.102241	-0.173379	0.364093	0.037867
0.199318	-0.140112	-0.109918	-0.057384	0.215823	-0.155014	0.357508	0.078488	0.213210	0.027701	0.309047	-0.250877	-0.099894	0.320049	0.149047	-0.021583	-0.164196	0.031608	-0.225035	0.101535	0.376046	0.231363	-0.010578	0.310574	-0.022402
-0.016600	-0.041331	0.050956	-0.098157	0.186136	-0.190674	0.341064	-0.200740	-0.001563	-0.010429	-0.006750	-0.186258	-0.041915	-0.032965	-0.222830	0.058678	-0.034744	0.043245	-0.411305	0.030448	0.410233	0.021057	-0.156239	0.545028	-0.063203
-0.119992	-0.172686	0.044265	0.150126	-0.102807	-0.261836	0.166259	0.029934	0.216710	0.011441	0.054392	-0.156375	0.041394	-0.037764	0.056264	0.135452	-0.127970	-0.036369	-0.345831	0.075216	0.224779	0.394562	-0.235647	0.553568	0.115471
0.271239	-0.128781	0.155995	-0.027181	0.117917	-0.062204	0.304316	-0.040912	0.074322	0.340594	0.063161	-0.092263	-0.050175	0.011919	0.036735	-0.036056	-0.098911	0.081485	-0.493102	0.149188	0.252547	0.314919	-0.043504	0.409354	-0.138311
-0.256480	-0.171848	-0.173441	0.086790	0.065858	-0.140118	0.377268	-0.007310	0.166703	0.109990	0.073932	-0.190186	-0.091217	0.119729	-0.123255	-0.050909	-0.053657	-0.008600	-0.462605	-0.034261	0.288457	0.332542	-0.165191	0.314411	-0.201717
0.082196	0.036773	-0.072765	-0.050099	0.254603	-0.079729	0.343764	-0.111459	0.010105	0.173593	0.195299	-0.172750	-0.083865	0.031832	-0.064907	0.046138	0.056047	0.046497	-0.585242	-0.227464	0.213797	0.343936	-0.217860	0.197977	-0.139610
-0.129030	-0.027589	-0.050177	0.188274	0.274414	-0.057383	0.199376	-0.299367	-0.051967	0.276541	0.154660	-0.022504	-0.123746	0.008527	-0.039581	-0.053819	0.115266	0.067653	-0.456730	-0.126495	0.285077	0.406113	-0.100265	0.338361	-0.001581
0.065315	-0.308897	-0.094596	0.254465	-0.097008	-0.120421	0.357740	0.028316	0.043005	0.065876	0.089342	-0.216276	-0.072797	-0.093597	-0.024053	-0.032559	0.003217	-0.143197	-0.564508	0.021646	0.243013	0.212768	-0.207768	0.331821	0.005289
-0.261592	-0.169008	-0.129910	0.152758	0.142203	0.007953	0.213601	-0.151523	-0.091749	0.028586	-0.139206	-0.281591	0.124356	0.200405	-0.257504	0.198520	-0.092656	-0.152998	-0.408576	0.187875	0.449101	-0.026944	-0.100584	0.179574	0.160208
-0.243551	0.004920	0.125515	0.091219	0.179409	-0.175673	0.369126	-0.141548	-0.205998	-0.067102	-0.103904	-0.087366	0.020707	0.024080	-0.080905	0.313384	0.274009	-0.239517	-0.194885	0.087057	0.279383	0.378477	-0.206976	0.282446	0.064751
-0.266972	-0.283619	-0.210906	0.150332	0.162804	0.143150	0.154491	-0.099970	0.101730	-0.037198	-0.099369	-0.278232	0.104667	0.078274	-0.143589	0.299459	0.090149	0.066861	-0.377995	0.002801	0.494761	0.065744	-0.054261	0.170390	-0.193334
-0.062321	-0.091430	-0.172049	-0.097296	0.070172	0.005520	0.377179	-0.169161	-0.080185	-0.092119	-0.041558	-0.222466	0.057564	0.105028	-0.018728	0.295374	0.080439	-0.071216	-0.266175	0.182830	0.323611	0.243983	-0.205498	0.408767	0.339691
-0.101991	-0.341536	-0.197609	0.210735	0.241773	-0.118856	0.330238	-0.089316	-0.033743	-0.239125	0.002326	-0.187522	-0.021079	0.261882	-0.008215	0.239669	0.170328	-0.085784	-0.363754	-0.107345	0.323503	-0.005124	-0.048397	0.168656	0.253326
-0.081890	-0.122841	-0.004246	-0.008382	0.195057	0.077856	0.161553	-0.045553	0.130869	-0.035922	-0.144934	-0.284666	-0.120046	-0.098151	-0.085453	0.292639	-0.026280	-0.258296	-0.385994	0.300551	0.368899	0.081208	-0.054407	0.414052	0.211142
-0.072263	-0.363062	-0.084712	0.217466	0.043894	-0.016879	0.220597	0.133483	-0.146396	-0.165134	-0.069005	-0.171884	-0.144961	0.200688	0.090039	0.217268	0.059142	-0.091758	-0.447848	0.005910	0.408460	-0.099191	-0.198834	0.327658	0.064042
-0.203419	-0.107801	-0.027885	0.199992	-0.209845	0.237000	0.037158	0.193874	0.064797	-0.042466	-0.184831	-0.465472	-0.140944	-0.137777	-0.058078	-0.149421	0.165228	-0.164220	-0.277863	0.234622	0.299788	0.109479	0.033353	0.384703	0.090476
-0.183889	-0.084444	0.027619	0.156370	-0.059412	0.212714	0.144359	0.122995	0.186023	-0.076080	-0.160142	-0.376400	-0.187872	-0.075952	0.280280	-0.135340	0.199397	-0.130513	-0.444517	0.057817	0.121923	0.330758	0.078329	0.326522	0.093238
-0.187576	-0.121921	-0.110562	-0.035726	0.253764	0.147405	0.114006	0.069593	0.143268	-0.276216	-0.241187	-0.561254	-0.149702	0.149097	0.103316	-0.114363	-0.012880	0.003658	-0.438675	0.020950	0.048129	-0.176750	-0.071948	0.241371	-0.063615
-0.144299	-0.194027	-0.153159	0.052401	0.357251	0.164866	0.282638	0.169126	0.035625	0.042805	-0.326135	-0.278905	-0.145198	0.043178	0.177825	-0.049077	0.011665	0.201377	-0.229718	-0.116900	-0.010691	0.174820	0.108472	0.500001	-0.090733
-0.355133	-0.046890	0.060398	0.029824	0.272362	0.042370	0.236744	0.064034	-0.000871	0.028148	-0.409413	-0.060993	-0.294940	-0.087545	-0.091117	-0.148417	0.203295	0.006939	-0.435859	0.056140	0.124973	0.014829	-0.072959	0.288854	-0.307903
-0.130169	-0.228478	0.045101	0.171216	0.114159	0.019860	0.149408	0.095471	0.064899	0.286522	-0.503522	0.028369	-0.151853	-0.173351	-0.017466	-0.020146	0.278192	0.016983	-0.405077	0.109220	0.097455	0.057439	0.098014	0.418485	0.094578
-0.187774	-0.164038	0.163652	0.139971	-0.184282	0.268782	0.323366	0.200429	0.001631	0.204055	-0.096477	-0.296299	-0.084950	-0.155067	0.178567	-0.139994	0.146424	-0.057776	-0.497588	-0.070254	0.140711	-0.009007	-0.142957	0.313704	0.054717
-0.281013	-0.077854	0.090821	0.188137	-0.077437	0.196254	0.377072	0.187078	-0.090972	-0.063402	-0.134670	-0.413812	-0.107230	-0.173806	-0.083379	-0.211716	0.233934	-0.016658	-0.374018	0.082269	0.200351	0.130153	-0.056625	0.231060	-0.197845
0.153861	-0.336106	0.039518	-0.035870	0.391529	0.079592	0.098992	-0.084135	-0.020831	0.108204	0.167242	-0.449892	-0.152008	0.160004	0.036881	0.092951	0.067397	0.112151	-0.510048	-0.003324	0.027050	-0.084589	-0.179895	0.223899	0.122965
-0.039637	-0.155588	0.065910	0.085095	0.209056	-0.228159	0.324006	0.241183	-0.253900	0.099943	0.000910	-0.129365	-0.005624	0.011059	-0.070101	0.095569	0.011220	0.165158	-0.596748	0.067157	0.139176	0.348127	-0.212896	0.156047	-0.008685
-0.039472	-0.553023	0.138774	0.200452	0.122703	-0.013231	0.047183	0.028906	-0.161707	-0.052168	0.111020	-0.332245	-0.199680	-0.021248	-0.075061	0.094667	0.042076	-0.018750	-0.234712	0.072906	0.421147	0.050670	-0.059176	0.365138	0.170546
0.022053	-0.314401	0.183338	0.191920	0.168143	0.175134	0.291262	-0.159142	0.200902	0.028792	0.058275	-0.480832	-0.219204	0.053627	0.069108	0.084304	-0.077201	0.014843	0.008618	-0.167608	0.186051	-0.129685	0.001395	0.393575	0.286071
0.025306	-0.138121	0.290634	0.301299	0.296679	0.101232	0.106362	0.374796	0.089081	0.027349	0.051876	-0.332163	-0.382092	0.053020	0.016881	-0.235466	-0.154332	0.151486	-0.165376	-0.088197	0.227885	-0.015623	-0.121394	0.270624	0.081827
-0.255526	-0.300975	0.039890	0.202064	0.151551	0.314835	0.107559	-0.060126	0.093908	-0.108376	-0.045960	-0.087925	-0.225312	0.258182	-0.045736	0.006395	-0.035700	-0.011244	-0.585527	0.050117	0.022789	0.151659	0.313745	0.208584	-0.047385
0.049209	-0.282862	-0.091101	-0.044721	-0.020690	-0.009175	0.302714	0.067590	0.292268	-0.264041	-0.062210	-0.302235	-0.227840	-0.000920	-0.111722	0.016454	0.102403	0.125002	-0.278989	0.163741	0.501677	0.153859	0.042399	0.280010	0.096020
-0.113821	-0.330151	0.096605	0.144935	0.382697	0.061989	0.237524	0.202524	0.312694	0.093624	-0.127373	-0.333070	0.013719	0.043434	-0.103997	-0.091261	-0.252776	-0.017705	-0.350398	0.025979	0.074354	-0.113268	-0.047422	0.219049	0.297992
-0.032630	-0.187025	0.440824	-0.140061	0.126272	0.037366	0.078201	0.245859	0.121357	0.044790	-0.356742	-0.408333	0.072912	0.124378	0.094630	0.148502	-0.144766	-0.105903	-0.113461	0.110161	0.245734	0.107129	0.060730	0.411095	-0.043047
0.221668	0.010301	-0.009852	-0.032045	0.155580	-0.146880	-0.038742	-0.038267	0.198497	0.094551	-0.323752	-0.417237	-0.167228	0.005570	-0.054198	0.162322	0.047084	0.101288	-0.308067	0.083764	0.368151	0.074353	-0.118021	0.496377	-0.024179
-0.017097	-0.232728	0.134004	-0.063388	0.082133	0.064284	-0.021194	0.310669	0.122909	-0.034013	-0.158901	-0.228806	-0.060914	0.244891	0.163181	0.071148	0.087435	0.051292	-0.480157	-0.064657	-0.018891	0.330379	0.143778	0.448212	-0.224522
-0.123531	-0.135992	-0.106503	0.359683	0.145950	-0.006550	0.404129	0.319144	0.090762	0.227776	-0.148357	-0.078875	0.081963	0.365846	0.076765	-0.027309	0.015498	0.113406	-0.359053	0.276768	0.042023	0.179475	-0.147047	0.158479	-0.064239
-0.153171	-0.438513	-0.078897	0.180014	0.454345	0.081806	0.124571	0.323717	0.133547	0.053693	-0.316123	-0.182114	-0.111358	0.157389	-0.001353	0.146988	0.029809	0.047521	-0.188414	-0.168174	0.073221	0.016799	0.009022	0.355656	-0.021017
-0.128930	-0.027408	0.263813	-0.218626	0.281298	0.060592	0.549816	-0.100762	0.087101	0.101034	-0.356324	0.027998	0.014841	0.146672	-0.253644	-0.003853	-0.068923	0.040032	-0.287232	0.250549	-0.142728	0.124300	-0.156380	0.146473	0.070649
-0.305941	-0.010738	0.204537	0.003974	0.163125	0.364279	0.223946	0.236885	0.013388	-0.030088	-0.266728	-0.270470	-0.215239	0.035876	-0.072605	0.186181	0.072210	0.116470	-0.307685	0.074549	0.315058	0.364840	-0.013519	-0.003147	-0.119818
-0.125168	-0.135358	0.370270	-0.031567	0.030635	-0.091230	0.041739	0.085417	0.263012	-0.230731	-0.223172	-0.262690	0.015086	-0.009934	-0.188776	-0.013841	-0.081249	0.026934	-0.635748	-0.046218	0.145069	-0.036002	0.041246	0.304842	-0.040352
0.084147	-0.074226	0.419587	0.100038	0.133374	0.147408	0.205666	0.212148	0.110405	-0.158858	-0.129445	-0.150108	0.099699	0.128093	-0.233336	-0.047953	-0.172661	0.245203	-0.537200	0.185689	0.047380	-0.007552	-0.086093	0.302551	-0.021633
0.224467	-0.237499	0.348663	-0.105283	0.209206	-0.105736	0.126747	0.145517	0.064819	0.017723	-0.168667	-0.446000	0.070644	0.052675	-0.031037	0.118235	0.007480	-0.194540	-0.228368	-0.006688	0.097399	-0.036655	-0.104804	0.512711	0.197480
0.196785	-0.236431	0.469373	0.151138	0.225428	0.170588	0.106508	0.003530	0.197577	0.036973	-0.042006	-0.262457	0.169573	0.172378	-0.202977	0.165434	-0.194234	0.002864	-0.509552	0.117597	-0.052866	0.091954	-0.001933	0.099075	0.024129
0.056799	-0.098916	0.117840	0.326974	-0.043356	-0.328207	0.229317	-0.024473	0.098892	-0.023417	0.028445	-0.278132	-0.038401	0.012122	0.051024	0.053354	-0.172645	-0.023232	-0.435634	-0.164145	0.275337	0.336968	-0.130197	0.391391	0.035754
0.211917	-0.212626	0.425473	-0.043959	0.153303	0.130248	-0.019002	-0.168637	0.087157	0.200595	-0.177389	-0.062135	-0.067499	0.029847	-0.087325	-0.184474	0.291539	-0.149722	-0.224432	0.010995	0.297678	-0.013894	-0.028850	0.528487	0.023488
0.213102	-0.434134	0.308072	-0.079184	0.163419	0.239714	0.152061	-0.036920	0.198750	0.013322	-0.033788	-0.428156	-0.134650	-0.200455	0.040616	0.085937	0.093257	-0.076079	-0.288063	0.103690	0.075021	0.322402	0.013328	0.214560	0.028187
0.000770	-0.050558	0.039839	0.130126	0.119985	-0.333293	0.142563	0.121890	0.019990	-0.182347	0.116200	-0.362722	-0.037415	-0.071003	-0.012993	-0.129971	-0.118324	0.021181	-0.444964	-0.024418	0.277618	0.236764	-0.174038	0.480119	-0.095234
-0.109623	-0.099589	-0.043590	0.190117	-0.015041	-0.312401	0.245232	-0.007611	-0.002082	-0.024861	-0.025521	-0.300020	0.021054	-0.059076	0.113356	0.068528	0.022953	0.083410	-0.480739	0.016831	0.214312	0.376465	0.059414	0.488224	-0.028496
0.224103	-0.078614	0.187511	0.183053	0.131548	0.036020	0.107284	0.097831	-0.114504	0.125194	-0.086181	-0.397716	-0.193867	-0.133305	0.106484	-0.028623	-0.216332	0.069890	-0.416938	0.117597	0.267882	0.311004	-0.047107	0.299824	0.270914
-0.026509	-0.170539	-0.161831	0.432362	0.058641	0.039587	0.302086	0.091222	-0.117713	0.055640	0.001888	-0.225588	-0.189659	0.106837	0.259889	0.110303	-0.251380	-0.220216	-0.043586	0.086973	0.263452	0.147135	-0.293883	0.370846	0.146508
0.319244	-0.254338	0.406067	0.093431	0.058147	0.185197	-0.085350	0.023214	-0.057380	0.279978	-0.047271	-0.048054	-0.224011	0.024202	-0.065217	0.170859	-0.061445	-0.238096	-0.182753	0.047434	-0.006243	0.186064	-0.027984	0.458794	0.319042
0.182793	-0.300817	0.487917	0.021164	0.142434	0.063676	-0.072390	0.121373	-0.077818	0.007319	-0.061771	-0.220365	-0.217998	0.256608	0.052172	-0.031318	-0.183596	-0.189776	-0.446660	0.154947	-0.049225	0.087510	0.062019	0.330819	0.033288
-0.082994	-0.130530	0.405328	-0.020485	0.201545	-0.032680	-0.034928	0.022257	0.054219	-0.126126	-0.412231	-0.172726	0.088713	0.094298	-0.325855	-0.197405	-0.054144	-0.068509	-0.242783	0.097098	0.223309	-0.003123	0.123682	0.495015	-0.034947
0.337727	-0.512450	0.140925	0.048740	0.037352	0.108075	-0.004250	0.141170	-0.024852	0.063412	-0.230313	-0.113844	-0.271577	0.206066	0.133775	-0.033078	0.050212	0.011860	-0.308012	0.035781	0.337065	-0.198204	0.001220	0.308845	0.123001
-0.030245	-0.094839	0.157569	0.102407	0.191123	0.252006	0.040920	0.396730	-0.006500	0.075057	-0.259224	-0.073475	-0.065265	0.029839	0.220538	0.090806	-0.037029	-0.270738	-0.268227	0.092425	0.224161	0.083984	0.165962	0.561543	-0.005803
-0.088612	-0.205792	0.244138	-0.084413	0.308857	0.207326	0.061424	0.013494	-0.022169	0.139969	-0.201170	-0.371115	-0.218692	0.062816	-0.067666	-0.036873	-0.287127	-0.048680	-0.530743	0.114482	0.214415	0.046565	-0.070047	0.097306	-0.206458
-0.258966	-0.101185	-0.265649	0.202371	0.141775	0.045421	0.297282	0.264740	0.037521	-0.069498	-0.157193	-0.244244	-0.159530	-0.009064	0.183587	0.000613	0.066599	0.093509	-0.548070	0.029969	0.102490	0.223198	-0.254916	0.201048	0.022927
0.012020	-0.083917	0.218199	0.332226	0.198118	0.039058	0.140576	0.113499	-0.115588	0.302478	0.029292	-0.059648	0.074828	0.160987	0.137722	0.301972	-0.112516	-0.364341	-0.145816	0.141063	0.072057	0.006357	-0.117896	0.550684	0.038975
0.061475	-0.032469	-0.009669	0.069428	0.138779	0.199389	0.211226	0.015973	0.322838	-0.257083	0.111764	-0.351999	-0.305070	-0.066609	0.003877	0.184640	0.030304	0.049936	-0.460824	0.231631	0.176094	0.350881	-0.138166	0.032662	0.065863
-0.138465	-0.159965	0.412466	0.198118	0.093139	-0.067988	0.167980	0.059832	-0.060149	-0.110193	0.102460	-0.573809	0.012074	-0.007617	0.016696	-0.064986	-0.188950	0.054329	-0.423661	0.263116	0.044888	-0.025027	-0.100223	0.201198	-0.002412
0.178639	-0.066678	0.137798	0.215213	-0.157784	-0.125263	0.184378	0.175492	-0.033531	-0.132665	0.149110	-0.388027	-0.107873	0.034479	0.044296	-0.021214	-0.178426	-0.013288	-0.420638	-0.018472	0.219391	0.314217	-0.253600	0.407062	0.005553
0.116762	-0.009079	-0.037339	0.373848	0.350348	0.148257	0.219917	-0.114136	-0.032904	0.053483	0.122673	-0.071316	-0.092395	0.231177	0.191318	0.309186	-0.113034	-0.362143	-0.225206	0.146544	0.187699	0.050175	0.080526	0.400484	-0.004483
-0.058696	0.078230	0.315901	0.252344	0.172402	0.160555	0.005074	0.000161	0.078195	0.029159	-0.029171	-0.390294	-0.079181	0.127309	-0.188191	0.000314	-0.192338	-0.022336	-0.511908	0.083751	0.177502	-0.090799	-0.039642	0.375238	-0.254395
-0.002133	-0.223353	0.057118	0.237910	-0.041612	-0.000475	0.385451	0.177012	0.173182	-0.067720	0.011104	-0.011924	-0.304553	-0.098307	0.026176	0.073697	0.167314	-0.206038	-0.439795	0.189539	0.131318	0.269557	-0.123504	0.347836	0.198221
0.101068	-0.184720	0.011799	0.467030	0.016727	-0.292401	0.209142	0.009746	0.137264	-0.043858	0.119839	-0.333882	-0.191784	0.077833	0.111997	0.095586	-0.227273	0.024442	-0.265819	-0.180467	0.199655	0.194558	-0.119557	0.371703	0.104981
-0.209773	-0.227646	-0.103205	0.384415	0.222562	0.117988	0.032037	0.011053	-0.024969	0.070483	-0.208461	-0.548099	0.069233	0.027733	0.307995	0.060218	0.120078	0.095301	-0.250567	-0.034038	-0.011719	0.141511	-0.131713	0.319841	0.019513
0.171165	-0.118509	0.141797	0.244258	0.169457	0.096084	0.285889	0.212592	-0.156431	-0.118196	0.025432	-0.520011	-0.164440	-0.019152	0.100757	0.066304	0.119564	-0.159651	-0.337637	0.111506	0.098189	0.329602	-0.133718	0.148569	0.190032
-0.062826	-0.260657	-0.053266	0.029688	0.015624	0.028606	0.323360	-0.189293	0.036867	-0.135785	-0.295532	-0.009269	-0.116652	0.322882	-0.122678	0.259674	0.081791	-0.053049	-0.599065	0.123287	0.223726	0.091126	-0.021588	0.050274	0.174471
0.173898	-0.375718	0.009257	0.314101	0.294397	0.074127	0.067180	0.142908	-0.163579	0.134121	0.029286	-0.385225	0.026304	0.170112	0.046970	-0.084523	-0.028376	-0.085014	-0.402227	0.162986	0.233338	0.175423	-0.128346	0.283241	-0.038279
-0.203842	-0.260461	0.064682	0.345858	0.441466	0.132608	0.322162	0.162506	-0.138997	-0.090222	-0.138353	-0.206723	0.038190	0.090718	-0.132657	0.158442	-0.097384	0.114859	-0.180076	0.158193	-0.273253	0.227114	-0.093998	0.248631	0.073337
-0.044217	-0.105955	0.341256	0.037261	0.272998	0.107832	-0.091416	0.267977	0.312560	0.008208	-0.159094	-0.381010	-0.045687	0.160952	-0.221878	-0.030026	-0.352018	-0.069536	-0.381301	0.117622	0.067292	-0.050633	0.009412	0.243005	0.045562
0.146267	0.075167	0.454910	0.183624	0.061519	0.075720	-0.005186	-0.012627	0.199985	0.090196	-0.237129	-0.172347	-0.009262	0.077859	-0.196125	0.058276	-0.309580	0.065783	-0.510745	0.144040	0.065284	-0.060205	-0.173010	0.325785	0.121606
-0.051860	-0.151638	0.106018	0.202526	0.046915	-0.171944	-0.259195	-0.113194	0.012134	-0.039961	0.113924	-0.094286	-0.217667	0.002225	-0.158998	-0.100046	-0.035717	-0.347648	-0.166773	0.167288	0.284779	0.143159	-0.385279	0.503630	-0.149672
0.049136	-0.221699	0.016971	0.009694	0.169095	-0.052956	0.208376	-0.292968	0.030350	-0.029712	0.074965	-0.250136	-0.090727	-0.137154	-0.137723	-0.181609	-0.145965	0.262006	-0.441677	0.047678	0.331662	0.336585	0.011215	0.344630	0.094506
0.142638	-0.259175	0.170689	0.036487	0.227712	0.134381	0.139732	0.121557	-0.186315	0.123433	-0.093260	-0.377854	0.062654	0.161670	-0.204659	-0.216423	-0.314487	-0.117566	-0.276237	0.220120	0.156765	0.093425	-0.070093	0.362732	0.224329
0.296402	0.120541	0.185367	0.072472	0.122590	0.200991	0.164285	-0.038892	-0.149440	0.054993	0.006663	-0.409817	0.065553	0.111165	-0.337129	-0.190247	-0.186509	-0.088176	-0.355198	0.173360	0.303550	0.067473	0.125437	0.295756	0.124650
0.123753	-0.308995	-0.044370	0.086382	0.156398	-0.098339	0.167330	0.024887	-0.054422	0.149828	0.230765	-0.374828	-0.224081	0.179289	0.095157	0.033665	-0.278937	-0.037806	-0.235655	0.038562	0.034936	0.227979	-0.154734	0.452443	0.295340
0.221966	-0.163097	-0.107159	0.199187	0.485743	0.164156	0.130238	0.250520	0.010320	-0.092568	-0.153498	-0.015954	-0.145110	0.345240	0.008541	0.074933	0.011067	0.025550	0.034817	0.063862	0.200826	0.371785	0.091801	0.353268	0.184617
0.136510	-0.111312	-0.032459	0.166470	0.147923	0.230117	0.227779	0.074434	0.004334	-0.208863	-0.067847	-0.303950	-0.370069	0.157336	-0.148319	0.017988	-0.173948	-0.180457	-0.027427	0.184703	0.104621	0.395063	-0.024846	0.463657	0.054632
0.156789	-0.167246	0.075989	0.009261	0.101480	0.265003	0.194778	0.050229	0.162326	-0.111420	-0.350763	0.102838	-0.363614	0.064992	-0.190764	0.068474	0.049466	-0.274109	-0.170506	0.258705	0.256842	0.133725	0.046308	0.442925	0.122256
-0.046617	-0.356669	0.161177	-0.084402	0.196443	0.099996	0.113382	0.208270	0.034792	0.133237	-0.233751	-0.277287	-0.341856	0.108780	0.004602	-0.159983	-0.187019	0.074466	-0.444848	-0.126058	0.231587	0.017374	0.038271	0.343605	-0.011020
0.185884	-0.125267	0.291214	0.251174	0.246179	0.256920	0.339470	-0.062872	-0.053079	0.222105	-0.135933	0.018633	-0.141454	0.211164	0.175213	0.307104	-0.045797	-0.267305	-0.003145	-0.030193	0.251447	0.008308	0.003225	0.334258	0.214401
0.001876	-0.063238	0.128645	0.271941	0.451496	0.005419	0.374987	-0.112120	-0.102459	0.233801	0.085136	-0.130252	-0.250984	0.201255	0.238296	0.198450	-0.142017	-0.207548	-0.303148	-0.041847	0.153855	0.040603	0.053687	0.253983	0.098942
-0.154330	-0.046025	0.539348	0.154767	0.090174	0.096735	0.235885	0.033023	0.004386	0.000661	-0.140603	-0.378947	0.083316	0.122960	-0.149058	0.211889	-0.182950	0.083111	-0.453765	0.110509	-0.020966	0.020552	-0.066067	0.248010	-0.084846
0.123630	-0.110472	0.333694	0.198076	-0.026099	-0.192385	0.032836	0.066239	0.225669	0.069315	0.159469	-0.389518	0.022869	0.277083	0.063095	0.140538	0.086283	-0.087016	-0.334932	0.078114	0.015818	-0.025219	0.097707	0.516666	0.184872
-0.426643	-0.132096	-0.061426	0.257907	-0.029950	0.071618	0.251793	0.319920	0.014067	0.070366	0.105089	-0.170670	-0.118506	0.018117	0.077145	0.032133	0.015383	-0.119838	-0.501924	0.136458	0.041147	0.187374	-0.204422	0.355366	0.042010
-0.267080	-0.235566	0.176718	0.255837	0.325131	0.061131	0.424144	-0.091082	-0.154622	0.140388	-0.098507	-0.143969	-0.199967	0.072339	0.200339	-0.065065	0.084314	0.194992	-0.315422	-0.064771	0.240696	0.112088	-0.085213	0.033195	-0.295871
0.131610	-0.085001	0.319522	0.053497	0.294470	-0.027837	0.092864	0.220046	0.121388	0.024714	-0.116176	-0.357326	-0.092884	0.168796	-0.177567	0.248955	-0.289322	0.216942	-0.342760	0.025805	0.148242	-0.013907	-0.047591	0.306222	-0.267741
0.047410	-0.188558	0.162204	0.122821	0.277156	-0.059048	0.105867	0.162581	0.270697	0.283128	-0.061782	-0.260243	-0.019629	0.277549	-0.102629	0.083568	-0.404272	0.080238	-0.197074	0.048567	0.193664	-0.091168	-0.163815	0.409184	0.178292
0.133467	-0.094309	0.154575	0.102332	0.424458	0.276607	0.068983	0.350589	-0.268645	0.087400	-0.088601	-0.304939	-0.006205	0.048351	-0.028749	0.173584	-0.255769	0.104750	-0.280752	0.210782	0.047271	0.067930	-0.070488	0.355591	-0.051919
0.185595	-0.291923	0.173196	0.147712	0.317914	0.107511	0.138216	0.014763	0.014901	-0.126040	-0.262474	-0.441001	-0.238748	-0.079521	0.104981	-0.016501	0.030345	0.098913	-0.285324	0.241899	0.018479	-0.239632	0.083878	0.329404	0.136138
0.383323	-0.318930	0.403309	0.256441	0.162152	0.068399	0.147581	0.183393	-0.024186	-0.013743	0.203250	-0.363519	-0.057647	0.346431	0.067423	-0.079163	-0.113754	0.175077	-0.150047	0.100684	0.046835	0.032800	-0.130767	0.177600	-0.002481
0.017687	-0.060455	0.279694	0.078196	0.233898	-0.002111	0.447886	0.010167	-0.062828	-0.086890	0.106210	-0.324814	0.098856	0.424634	0.000414	0.024391	-0.181528	-0.071459	-0.327304	0.178970	0.240069	0.169564	0.008109	0.208761	0.173373
-0.178617	-0.090390	0.319435	0.117897	0.039983	0.029585	0.251041	0.055017	0.202175	-0.215170	-0.209896	-0.017992	-0.021672	0.021333	-0.167316	0.035110	0.420723	-0.297939	-0.292943	0.263711	0.008826	0.237935	0.004142	0.368362	-0.015032
-0.150001	-0.006312	0.224889	0.094506	0.025169	0.052829	-0.017377	0.121376	0.067886	-0.035918	-0.115905	-0.197923	0.069894	0.087593	-0.260627	0.384593	0.070189	0.046708	-0.490542	0.234537	0.389036	-0.055363	0.116209	0.343098	-0.155600
0.243570	-0.225354	0.014098	0.018405	0.056277	-0.103714	-0.045713	-0.059569	-0.138997	-0.062033	0.086020	-0.462619	-0.024009	0.267489	-0.063961	-0.119207	0.065422	-0.007097	-0.472391	0.056902	0.130458	0.295818	-0.116851	0.375028	0.212669
0.084179	-0.024338	0.090338	-0.084269	-0.095711	0.002979	-0.023030	-0.033941	-0.025789	0.007371	-0.543311	-0.240922	-0.063417	0.184187	0.017942	0.036518	0.082911	-0.222669	-0.367780	0.187417	0.149683	0.246646	-0.235839	0.434540	0.134645
0.218863	-0.289102	0.102954	0.002742	0.196441	0.200627	0.190426	0.141230	-0.073967	0.073638	-0.010909	-0.363600	-0.248116	0.107267	-0.039780	0.128087	0.299772	0.011827	-0.364240	0.156792	0.000389	0.246880	-0.086383	0.415836	0.000923
0.062538	0.064943	0.067738	0.267621	0.431800	0.248600	0.372640	0.300880	-0.180300	0.195837	-0.030439	-0.222573	-0.099871	0.166929	-0.032640	0.214524	-0.219846	-0.098335	0.018511	0.117469	0.206021	0.136496	-0.272925	0.153231	-0.024104
-0.092023	0.038580	0.417289	0.344774	0.068939	0.094043	0.058243	0.170347	-0.027960	-0.056672	-0.151998	-0.489120	-0.119329	0.048326	0.035276	0.008560	-0.155432	-0.093057	-0.499529	-0.145693	0.150757	-0.039782	-0.066717	0.183910	0.025514
-0.080082	-0.055877	0.117624	0.210828	0.429091	0.222791	0.101792	-0.016844	-0.087491	-0.098398	-0.340724	-0.200360	-0.104926	0.142899	0.164244	-0.016770	-0.175724	0.032107	-0.301607	0.352901	0.032662	0.001587	-0.137639	0.417891	-0.116009
0.145779	-0.196689	0.307566	-0.148660	0.261860	0.311140	0.228836	0.041643	-0.125655	0.208561	-0.144493	-0.423287	0.068542	0.196949	-0.007060	0.030070	-0.040402	-0.157118	-0.271723	0.308743	-0.246379	0.075784	0.017283	0.081101	0.176954
0.050882	-0.159654	0.275367	0.186795	0.226064	0.210739	-0.025361	-0.088458	0.073834	-0.237552	0.129212	-0.363271	-0.197845	0.048479	-0.117116	-0.196228	-0.371986	0.041071	-0.421266	0.164988	0.135941	0.118327	-0.238019	0.138115	0.001943
0.368472	-0.238339	0.384647	0.060540	0.133398	-0.141704	0.044977	-0.111319	0.040095	0.166734	-0.229753	-0.276361	0.075813	0.091385	-0.038043	0.030422	-0.099052	0.003579	-0.417727	0.250460	0.227006	0.169880	-0.117937	0.294396	-0.021312
0.071104	0.067623	0.452364	0.181396	0.009549	0.103381	-0.028662	-0.056961	0.053781	-0.050297	-0.120648	-0.377446	0.006579	0.060187	-0.180309	0.013951	-0.304969	-0.127615	-0.395684	0.254925	-0.000226	0.047720	-0.233378	0.389111	-0.013394
-0.497293	-0.072807	-0.050448	0.174049	0.215748	0.166326	0.173027	0.293566	0.177691	0.122866	-0.056032	-0.288633	-0.166469	-0.068022	-0.053032	-0.059754	0.071423	0.147781	-0.402872	0.156298	0.220736	-0.007690	-0.232184	0.149978	0.116309
-0.145027	-0.170307	0.226612	0.195249	-0.026652	-0.099055	0.095167	0.325925	0.199223	0.057418	-0.168507	-0.386615	-0.043146	-0.063713	0.001690	-0.117376	0.130417	-0.275538	-0.295854	0.145579	0.087981	-0.104207	0.067870	0.513415	0.075325
0.008340	-0.310743	0.303357	-0.158137	0.094029	0.074709	0.347490	-0.021467	0.144047	-0.012792	-0.342434	-0.211270	0.059610	-0.020512	-0.266103	-0.222246	-0.019312	0.002962	-0.479336	0.171241	-0.102819	0.185737	-0.088702	0.176916	0.003188
-0.182927	0.008282	0.343665	0.140555	-0.000362	-0.008834	-0.033211	0.106053	0.240815	0.040404	-0.266495	-0.343553	-0.028626	0.145552	-0.234417	0.122902	-0.044341	0.072770	-0.323968	0.137525	0.253316	-0.112053	-0.022615	0.449561	-0.254899
-0.065658	-0.185540	-0.167330	0.352853	0.139632	0.013227	0.287135	0.172700	-0.261227	-0.062781	-0.028253	-0.147548	-0.030948	0.176103	0.166705	0.154215	-0.176156	-0.209556	-0.200496	0.103002	0.095697	0.144055	-0.178889	0.551038	-0.084946
-0.047555	-0.314905	-0.004276	-0.037372	0.238287	0.143180	0.310616	-0.007013	0.286707	0.070088	-0.237602	0.085884	-0.246034	0.168882	-0.097568	-0.003101	0.033981	-0.097230	-0.402012	0.042430	-0.046006	0.488806	0.129794	0.201539	0.035823
-0.154129	0.112489	0.115523	-0.008456	-0.052051	-0.171522	0.236234	0.149921	0.191207	0.177133	0.085388	-0.428981	-0.106115	0.140279	-0.162903	-0.120298	-0.188775	-0.100840	-0.390156	0.202920	0.217449	0.268607	-0.078120	0.276060	0.260027
-0.001810	-0.186162	0.212353	0.361356	0.400569	-0.061792	0.047850	-0.127333	0.054560	0.045667	-0.077882	-0.066335	-0.047138	0.323693	0.207944	0.292775	-0.027645	-0.200173	-0.363878	0.022321	-0.056865	-0.179024	0.026594	0.318904	0.209708
-0.153256	-0.064002	0.067657	0.265180	0.397764	0.176696	0.174306	0.412474	0.078148	0.028020	-0.016063	-0.269963	-0.351215	0.362156	0.077968	0.010271	-0.272449	-0.015715	-0.120253	0.077020	0.100985	0.177143	-0.158713	0.071943	-0.005407
0.293287	-0.418436	0.205670	-0.100821	0.113388	0.047005	-0.087784	-0.095620	0.000461	0.228811	-0.128752	-0.239035	-0.340395	0.030431	0.042861	0.207779	-0.071469	-0.033273	-0.304299	0.065697	0.049212	0.369632	-0.040123	0.247926	0.247758
0.060653	-0.010204	0.393917	-0.145268	0.035170	0.202545	0.166783	0.297193	0.220845	0.057741	-0.496819	-0.208723	0.068912	0.200751	-0.098275	0.132362	-0.037014	-0.046544	-0.361125	0.208215	-0.000813	0.230354	-0.051080	0.117405	-0.007460
-0.087122	-0.163455	0.189830	0.390159	0.288232	0.197275	0.163036	-0.022535	0.006011	-0.211764	-0.063997	-0.194076	-0.008814	0.051257	-0.033187	0.150808	-0.038200	-0.020140	-0.422957	0.179286	0.216134	0.177967	-0.054871	0.198841	-0.425821
-0.343475	0.214743	0.133518	0.134319	0.370898	0.076308	0.122792	0.175131	0.031953	0.092920	-0.218228	-0.025760	-0.210952	0.330067	-0.345480	0.042601	0.111610	-0.025272	-0.189578	0.197565	0.120567	0.185179	-0.005310	0.302641	-0.223230
-0.076051	-0.060590	0.287432	-0.003074	0.291046	0.118247	0.215115	0.067573	-0.132804	0.034683	-0.342829	-0.336870	-0.222634	0.287865	-0.016609	-0.102414	-0.231469	0.139379	-0.475033	0.121341	-0.081811	-0.098755	-0.119637	0.131458	-0.062566
-0.381508	-0.104828	0.209348	0.111383	0.472975	0.073680	0.246253	0.063522	0.174184	-0.307614	0.018574	-0.332837	-0.176108	0.177465	-0.015034	0.095005	-0.124097	-0.032102	-0.340390	-0.056444	0.107652	0.045303	0.031545	0.186494	0.025884
0.043465	-0.207707	0.339655	-0.084217	0.240412	-0.047768	0.008073	0.083936	-0.117431	0.101330	-0.154533	-0.424876	-0.084741	0.072791	-0.221531	-0.059774	-0.197239	0.202456	-0.475611	0.074231	0.161902	0.307513	-0.130733	0.139701	-0.052367
-0.073458	-0.066540	-0.136641	0.424152	0.070323	0.203823	0.202787	-0.083089	0.095191	0.119712	0.114887	-0.360525	-0.278572	0.175738	0.178004	-0.151182	0.238201	-0.082619	-0.375724	0.106318	-0.065606	0.275026	-0.133306	0.229515	-0.032559
0.102075	-0.159170	0.065038	0.386756	0.276253	0.246399	0.218085	0.163478	-0.083527	0.086341	0.036328	-0.296572	-0.176458	0.099738	0.334253	0.227575	0.093536	-0.011212	-0.388357	0.020399	-0.054717	0.192537	0.029501	0.299579	0.004449
-0.019704	0.023777	0.142967	0.193868	-0.028232	-0.180273	0.095001	-0.032886	0.248300	0.026044	-0.041370	-0.475400	-0.155907	-0.046702	-0.146780	-0.082148	0.053416	0.194564	-0.543923	-0.009496	0.268193	0.253716	-0.035332	0.264420	-0.093140
-0.175757	-0.142297	0.161409	0.062181	0.207125	0.055099	0.101934	0.195871	0.130269	-0.095250	-0.189121	-0.253736	-0.380410	-0.109041	0.270006	-0.008639	0.052289	-0.181996	-0.319457	0.046551	0.211806	0.048446	0.085040	0.520973	-0.050471
0.265111	-0.263963	0.000897	0.126645	0.109434	-0.111739	0.268002	0.046713	0.136521	0.038050	0.047551	-0.245673	-0.078213	0.062607	0.036196	0.119102	-0.310896	-0.065033	-0.483201	0.023974	0.329527	0.204200	-0.074840	0.380547	0.040632
0.300319	0.015811	0.445928	0.288973	0.270325	0.134479	0.195910	0.205555	0.224486	-0.045962	-0.115458	-0.238549	-0.097494	-0.193171	-0.073393	0.007137	-0.057010	-0.097366	-0.138220	0.224621	0.314423	0.024657	-0.032445	0.307898	0.052863
-0.057192	-0.161601	0.252929	-0.280941	0.344313	-0.009221	0.124686	0.170081	-0.086534	-0.114166	-0.356216	-0.388127	-0.023924	0.275144	0.220537	0.014245	-0.102484	-0.262487	-0.164551	-0.095763	0.169263	0.137569	-0.080664	0.222129	0.149527
-0.078103	-0.014876	0.055527	0.189570	0.313163	0.429061	-0.029218	-0.096180	-0.076897	0.243216	-0.046858	-0.319050	-0.237210	0.265783	0.131657	-0.071671	0.089742	-0.022743	-0.191819	0.056440	0.202186	-0.194737	-0.113597	0.404368	0.200456
0.059439	0.006870	0.299111	0.059917	0.069663	0.230903	0.332709	-0.122826	0.048016	-0.019716	-0.299167	-0.147625	-0.204920	0.274268	-0.129051	-0.235576	-0.011729	0.018918	-0.387233	0.104398	0.088034	0.433162	-0.070296	0.178074	-0.150610
0.250649	-0.119041	0.475717	0.081793	0.166879	0.221910	0.150520	0.318485	-0.227256	0.053445	-0.029814	-0.366232	-0.136104	0.127290	-0.145089	0.034072	-0.244524	-0.062864	-0.311511	-0.033818	0.078667	-0.044851	-0.069637	0.202492	0.162455
0.026272	-0.173342	0.320481	0.132258	0.136402	0.190715	-0.019348	-0.001061	-0.118555	0.079434	-0.105393	-0.385347	-0.198718	0.067955	-0.360125	0.199312	-0.065807	-0.040266	-0.540369	0.031849	-0.005531	-0.100981	0.034388	0.212903	0.210993
0.208440	-0.371540	-0.102006	0.019240	-0.023266	0.140048	0.107720	0.051106	-0.105853	-0.143387	-0.283194	-0.297301	-0.345465	0.050235	-0.068432	-0.112237	-0.004692	0.112242	-0.525129	-0.004425	0.046791	0.030386	-0.166328	0.322384	0.103705
0.052498	-0.279955	0.092835	0.234194	0.380823	0.028357	0.150222	0.469602	-0.212806	0.051765	0.114800	-0.052901	-0.017074	0.263211	-0.020412	-0.143640	0.026857	0.051214	-0.269278	0.125490	0.284103	0.212536	0.123946	0.281092	0.007269
0.009855	-0.136243	0.344981	0.060954	0.132330	0.172695	0.084373	0.254921	0.018636	0.066241	-0.161356	-0.502395	-0.054674	0.128470	-0.051430	0.074675	0.218330	-0.157924	-0.064224	0.095436	0.155614	0.074552	0.265545	0.338188	0.357475
0.076489	-0.061832	0.415024	0.165057	0.278412	0.059599	0.148966	0.420166	0.287642	0.012459	-0.094690	-0.443605	-0.159295	0.132451	-0.042558	0.021020	-0.129315	-0.013043	-0.246597	-0.121195	0.238642	0.098439	-0.025130	0.111570	-0.071522
0.206856	-0.157604	0.331644	0.208459	0.093780	-0.010770	0.334705	-0.008864	-0.006821	0.129243	-0.151134	-0.357104	-0.030399	-0.051952	-0.023112	0.089475	0.093372	-0.169513	-0.191029	-0.111201	0.398137	-0.080989	-0.054198	0.403145	0.248571
0.042682	-0.149238	0.521383	0.226794	-0.009055	0.227762	0.007033	0.058303	-0.027267	-0.042239	-0.091824	-0.370665	-0.274690	0.126540	-0.063176	0.108053	-0.296464	-0.084204	-0.288493	-0.004669	0.137601	-0.013212	-0.080330	0.265722	0.259496
0.044106	-0.100613	0.362568	-0.149785	0.272709	0.120038	0.051207	-0.157450	-0.008712	-0.116398	-0.362643	-0.111618	-0.020831	0.169499	-0.253990	0.077869	0.038997	-0.056463	-0.386185	0.040022	-0.000664	0.354768	-0.004105	0.423187	0.010172
-0.010191	-0.403584	-0.129535	0.193127	0.171471	-0.095840	0.187391	-0.123089	0.005210	0.024844	-0.094265	-0.008178	-0.351971	-0.073121	0.215307	0.161166	0.229819	0.087103	-0.528299	-0.150080	0.085569	0.064788	-0.134120	0.293808	0.071186
-0.049227	-0.296240	-0.044377	0.329870	0.159392	0.062830	0.328417	0.284445	0.075255	-0.063870	-0.105411	0.105142	-0.258455	0.156330	0.293681	0.272363	0.002176	0.018580	-0.114692	0.110981	0.179567	0.209209	-0.039328	0.361929	0.250928
0.109735	-0.114343	0.053933	0.163684	0.551993	0.160106	0.155293	0.081062	-0.021513	0.024662	-0.070821	-0.055710	-0.074018	0.183388	0.281019	0.109724	-0.274721	0.056337	-0.188948	0.049904	0.238982	-0.024198	0.044262	0.507170	0.105541
0.307285	-0.397522	0.376972	0.033310	0.195700	-0.071535	0.135674	0.355890	0.120017	-0.031161	-0.176317	-0.029783	-0.111893	0.235591	-0.111888	-0.040013	0.052432	0.127447	-0.271923	-0.040287	0.226054	0.270433	0.088201	0.206567	0.130841
0.350935	-0.478522	0.264202	-0.053030	0.255932	-0.056891	-0.036692	-0.040541	-0.105041	0.348058	0.070899	-0.046339	-0.221801	0.096374	0.012767	0.141051	0.070785	0.031772	-0.313372	-0.021474	0.296867	-0.054737	-0.072748	0.290718	-0.002295
0.197168	-0.303993	-0.069560	-0.020537	0.034820	0.192150	0.119185	0.161795	0.022564	0.201819	-0.425539	0.171161	-0.220263	0.148271	-0.133908	0.201109	-0.084158	0.062394	-0.308747	-0.025794	0.245663	-0.061920	-0.174057	0.438891	-0.101822
0.206252	-0.483124	0.040871	0.164559	0.108902	0.218432	0.212168	0.160202	0.042587	-0.027698	0.024474	-0.497997	-0.164734	0.150856	0.209497	0.055578	-0.127686	0.151464	-0.097029	-0.016166	0.262814	0.072409	-0.046405	0.296316	-0.061677
0.221388	-0.389411	-0.160656	0.112940	0.285457	0.043439	0.127647	-0.211020	0.011014	-0.053199	-0.091378	-0.031691	-0.209525	0.188668	0.000431	0.118782	-0.108540	-0.093180	-0.463946	-0.034990	0.318007	0.104518	-0.213465	0.099706	0.325850
0.225756	-0.330793	0.336759	-0.049158	0.148648	0.041804	0.174862	0.144840	-0.236181	0.228525	-0.286822	-0.058766	-0.000102	0.155907	-0.012911	0.111377	-0.060877	0.108096	-0.382393	0.108819	0.333184	0.030422	-0.063109	0.342986	-0.103769
0.351362	-0.460931	-0.007345	-0.115947	0.188826	0.063375	0.153311	0.048097	-0.002776	0.136409	-0.191625	0.018237	-0.338463	0.257998	0.206111	0.187202	-0.019218	-0.112981	-0.052300	-0.028302	0.201352	0.030418	-0.083244	0.444080	0.092254
0.160588	-0.404306	0.180926	-0.120328	0.257110	0.160571	0.239374	0.282526	0.244795	-0.004566	-0.146520	-0.179835	-0.241353	0.070825	-0.013675	0.117027	0.142898	-0.051978	-0.354230	0.081540	0.391147	-0.026641	0.048658	0.155310	-0.090430
-0.138689	-0.208986	-0.060767	-0.217764	0.327331	0.195102	0.313087	0.047120	-0.002887	0.255582	-0.409194	-0.052026	-0.070469	0.182692	0.097242	0.078462	0.167425	-0.000796	-0.240511	0.074178	0.259005	-0.209225	-0.113846	0.367245	-0.031995
0.424244	-0.198036	0.318332	0.050240	0.109650	0.120081	0.276953	-0.109814	-0.020408	0.075066	-0.332611	0.022308	-0.002664	0.017228	-0.146641	0.076254	0.212305	-0.073923	-0.099012	0.025468	0.308956	-0.070201	-0.009063	0.485700	-0.139912
0.226734	-0.446647	0.166082	0.051223	0.311172	-0.114597	-0.026280	0.040243	-0.198769	0.045489	-0.135264	-0.007262	-0.477523	0.184089	0.061236	0.034559	0.050242	0.167626	-0.275481	-0.077319	0.178877	0.132859	-0.032048	0.338934	0.042316
0.438250	-0.405713	0.281153	0.230590	0.097315	0.073141	0.041775	0.123591	0.037827	0.126939	-0.144844	0.137722	-0.129260	-0.043772	-0.194224	0.089976	-0.043541	0.032116	-0.225683	0.018120	0.339919	0.092918	-0.005734	0.416743	-0.072576
-0.022232	-0.404887	0.243915	-0.092759	0.160253	0.165028	0.353084	0.061349	-0.047279	0.064993	-0.100895	-0.173530	-0.063202	0.075536	0.009785	0.139272	-0.001352	0.156743	-0.248183	-0.122951	0.456373	0.094805	-0.056236	0.403636	-0.159843
0.313282	-0.380617	0.228470	-0.092043	0.260414	0.129869	0.226963	-0.071028	0.040611	0.035810	-0.260594	0.030093	0.123081	0.026555	-0.263887	0.294217	-0.059209	-0.216658	-0.153965	0.166668	0.238082	0.081052	-0.201492	0.310317	-0.095904
0.199373	-0.250590	0.089499	-0.307614	0.077024	0.382065	0.191454	0.062808	0.226787	0.022447	-0.139001	-0.149373	0.040921	0.282966	0.148468	0.177990	-0.129400	-0.144061	-0.441251	0.087751	0.197264	-0.032027	-0.066804	0.287495	-0.079501
0.096369	-0.452579	0.250589	-0.117846	0.180809	0.141095	0.018390	0.172638	0.167358	0.181206	-0.365999	-0.034622	-0.052967	0.072868	-0.034160	0.134136	-0.103575	0.089157	-0.317581	-0.059265	0.347058	-0.124195	0.007832	0.320648	-0.203449
0.177378	-0.317293	0.193769	-0.032184	0.267440	0.164428	0.240918	0.174262	-0.048915	0.152764	-0.147263	0.077829	-0.130903	0.152680	-0.049427	-0.020882	-0.041682	-0.222989	-0.311700	-0.092207	0.302711	0.189711	-0.279681	0.426813	0.019411
0.285530	-0.203783	0.196147	-0.021617	0.239047	0.231795	0.013239	0.215118	-0.073447	-0.014847	-0.087743	-0.093388	-0.170552	0.216337	-0.240693	-0.130243	-0.103149	-0.032900	-0.423568	0.090875	0.234533	0.092834	-0.191674	0.455433	0.026209
0.175394	-0.186043	0.297173	0.085916	0.376703	0.259879	0.069292	-0.266118	-0.030012	0.103607	-0.160247	-0.218082	-0.225846	0.264565	0.032997	0.124104	-0.100743	-0.031906	-0.259163	0.228981	0.185117	-0.211390	-0.101201	0.232303	-0.239954
-0.042620	-0.261760	0.144580	0.281866	0.267149	0.129667	0.317006	0.194661	0.056843	0.025401	-0.156489	0.102154	-0.188995	0.048852	-0.053162	0.286291	-0.005305	-0.190949	-0.088038	-0.052121	0.514024	0.050464	-0.173734	0.303676	-0.070169
0.234879	-0.190296	0.516613	-0.039283	0.414313	0.206111	0.086934	0.055133	-0.069850	0.232645	-0.168278	-0.157841	-0.084069	0.344782	-0.016230	0.237398	0.119614	0.111159	-0.140061	0.006401	-0.075147	-0.100600	-0.171710	0.156123	-0.068613
0.122366	-0.277311	0.135296	-0.263175	0.298822	0.022108	0.291518	-0.054112	0.024704	0.106677	-0.298794	-0.025095	-0.259287	0.122434	-0.011271	0.054089	0.440203	0.010729	-0.391091	-0.132359	0.196116	0.166570	-0.052754	0.147058	0.026720
0.251014	-0.296056	0.281629	0.183434	0.483247	0.132435	0.135172	0.094564	-0.045844	0.055256	-0.035603	-0.151301	-0.008428	0.265832	-0.255492	0.190696	-0.170916	-0.043515	0.029017	-0.044153	0.332901	-0.008684	-0.143218	0.264976	-0.144526
0.101593	-0.263819	0.307258	0.106060	0.164020	0.268612	0.019180	0.143877	-0.205069	0.117126	-0.119470	-0.102993	-0.092085	0.249287	0.046952	0.038529	-0.099095	-0.002566	-0.225606	0.029300	0.328580	0.100574	-0.295186	0.516301	-0.077262
0.306858	-0.353451	0.188635	0.157036	0.239474	0.167919	0.031637	-0.188603	-0.034200	0.147939	-0.243183	0.000052	-0.120286	0.385719	0.087621	0.113401	-0.043644	-0.044855	-0.177897	0.030166	0.319555	-0.083720	-0.119120	0.393076	0.135184
0.378712	-0.378635	0.350057	-0.026242	0.163923	-0.036716	0.179356	-0.017270	0.090969	0.117905	-0.211333	0.074470	0.019709	0.043538	-0.152043	0.106386	0.183134	-0.172038	-0.212890	0.004476	0.033219	-0.050037	-0.170700	0.513528	0.123532
0.004097	-0.211071	0.058736	0.030904	0.302147	0.240086	0.136059	0.188789	-0.054931	0.137452	-0.403996	0.017805	-0.124233	0.119103	-0.108406	0.051044	-0.183638	-0.005418	-0.249790	0.063670	0.500430	-0.060341	-0.192680	0.349862	-0.068719
0.212573	-0.302193	0.182180	0.108196	0.296402	0.348555	0.078431	0.227004	-0.020086	0.054896	-0.350935	0.050162	-0.167936	0.369653	0.000759	0.194769	-0.007550	-0.069686	0.010729	-0.004091	0.229178	-0.078660	-0.160586	0.326583	0.153294
0.336142	-0.221269	0.277872	0.270150	0.107812	0.101142	0.157198	0.051508	-0.087695	0.131528	-0.096880	-0.114450	-0.117911	0.090880	0.127337	-0.035299	-0.045444	-0.042335	-0.325837	0.104552	0.350849	0.024463	-0.183438	0.518269	-0.068090
0.073985	-0.365639	0.258210	0.003849	0.137803	0.087675	0.106730	-0.001198	0.058827	-0.020089	-0.272106	-0.070064	-0.137378	0.205271	0.068391	0.181983	-0.057597	-0.007177	-0.555309	0.079187	0.154734	-0.076276	-0.049735	0.454492	-0.132868
0.122063	-0.343802	0.175057	0.270354	0.429322	0.081924	0.214285	0.043833	-0.313466	-0.083147	-0.009810	-0.148471	-0.110012	0.178089	0.041275	-0.085883	0.221683	-0.077083	0.106149	0.127653	0.432848	-0.026758	-0.073419	0.251139	0.070011
-0.035151	-0.519117	0.273233	-0.049775	0.199931	0.057797	0.349053	-0.196602	-0.020217	0.220960	-0.305319	0.090611	-0.004524	0.255035	-0.080949	-0.024383	0.295933	0.093770	-0.256048	0.038094	0.088284	0.049178	-0.006018	0.221909	-0.050975
0.276430	-0.366731	0.290998	-0.027184	0.225877	0.120478	0.486620	0.133955	0.113635	-0.009494	-0.208646	-0.114118	-0.017154	0.118160	-0.216575	-0.037157	0.185857	-0.074210	-0.351748	0.112665	0.192750	0.045522	-0.048538	0.152212	0.100389
0.350282	-0.336368	0.139719	-0.126066	0.147601	0.065721	0.118890	-0.000425	0.209394	-0.075485	-0.259643	-0.036127	-0.043106	0.108243	-0.189697	0.038633	0.018656	-0.185987	-0.519240	-0.014829	0.213244	0.314040	0.127152	0.127513	0.194677
0.022013	-0.442895	0.152070	0.243888	0.208587	0.053792	0.085362	0.012310	-0.206595	0.164143	-0.125640	-0.149496	-0.278654	0.063010	0.012581	0.181484	0.141399	-0.043844	-0.311026	0.132222	0.251367	-0.047358	0.007597	0.465820	-0.160719
0.170857	-0.477096	0.303298	-0.056471	0.273361	0.189839	0.158698	0.044668	-0.075344	0.238486	-0.072978	-0.089238	-0.088936	0.179387	-0.108078	0.010759	-0.036790	-0.010797	-0.354620	-0.207337	0.359754	0.020772	-0.183525	0.174480	-0.134696
0.049949	-0.543413	0.141706	0.067292	0.174254	0.014870	0.244223	0.022310	0.098379	0.048253	-0.149614	0.001494	0.062817	0.323195	-0.209702	0.311358	-0.254024	0.016203	-0.228154	-0.063204	0.294041	-0.057338	-0.183785	0.226586	0.086327
0.125407	-0.308192	0.161532	-0.048728	0.278235	0.229447	0.307619	0.304090	0.018630	0.003340	-0.134730	0.215276	-0.013778	0.185037	-0.043430	0.209183	-0.185459	0.068062	-0.310762	-0.014188	0.348814	0.075441	-0.255552	0.255963	0.068914
-0.088203	-0.282395	-0.005288	-0.043994	0.351211	0.007341	0.303774	-0.029434	0.164243	0.172525	-0.375230	0.019688	0.002537	-0.023027	0.041540	0.246521	0.022566	0.041167	-0.471366	-0.097912	0.042105	0.283155	-0.257394	0.216553	-0.062681
0.250006	-0.261795	0.248149	0.070187	0.423081	0.287651	0.061017	0.062586	-0.065810	0.032949	-0.158647	-0.210115	-0.262290	0.061909	-0.052650	0.041100	-0.153412	-0.142039	-0.186818	-0.003142	0.440253	-0.011107	-0.033945	0.301594	-0.128739
-0.007415	-0.461261	0.097152	0.332873	0.174838	0.222602	0.239593	0.245040	0.074467	-0.037421	-0.287872	0.027635	-0.228864	0.066113	-0.000798	0.158090	-0.004673	-0.084520	-0.129177	-0.039846	0.428944	0.139608	-0.259865	0.008675	-0.022818
0.082869	-0.423003	0.156650	0.146454	0.261289	0.056081	0.290159	0.192885	-0.172460	0.098122	-0.265842	-0.169608	-0.054823	0.103390	0.252478	0.093491	-0.137175	-0.279272	-0.237983	0.072525	0.264136	-0.022929	0.065083	0.333028	-0.079157
0.222270	-0.394462	0.301395	-0.056373	0.204907	0.031482	0.194166	0.208391	0.042160	-0.095967	-0.316079	-0.097870	-0.101217	0.121117	-0.107909	0.128378	-0.176838	0.032949	-0.279622	0.069172	0.399300	-0.091476	0.097662	0.260908	-0.206430
0.157919	-0.408775	0.102858	-0.083632	0.385429	0.012926	0.149377	0.082136	-0.149223	0.180075	-0.047759	-0.104328	-0.161519	0.242005	0.004526	0.029373	-0.223209	0.075940	-0.412717	-0.097175	0.318202	-0.120544	-0.101663	0.299201	-0.090569
0.042228	-0.501341	0.148615	-0.079779	0.327447	0.294345	0.192430	0.162401	0.025557	0.077157	-0.279495	0.006653	-0.041666	0.194006	-0.113681	0.125045	-0.297413	-0.020160	-0.315449	-0.053140	0.212850	0.085548	-0.117138	0.042386	-0.221636
0.135146	-0.404239	0.251079	0.098993	0.377661	0.041024	0.180956	0.170021	0.055448	-0.052091	-0.028268	0.023063	-0.304622	0.247870	-0.156733	0.023270	0.032564	0.206452	-0.450961	0.008392	0.099864	-0.109856	-0.075129	0.270254	-0.072267
0.072946	-0.345357	0.387196	-0.036178	0.101529	0.237657	0.288097	0.116429	0.119660	-0.261964	-0.239815	-0.290503	-0.195468	0.073788	-0.068444	-0.054369	-0.024757	0.074092	-0.251367	0.099215	0.327855	-0.107960	-0.144696	0.255886	0.001879
-0.169771	-0.261394	0.096264	0.245562	0.152238	0.088933	-0.014555	0.174744	-0.125999	0.110131	-0.398480	-0.052511	0.064013	0.197525	0.088673	0.175708	0.203586	-0.005118	-0.182276	0.108691	0.091957	-0.115777	-0.421846	0.446243	0.120804
0.236311	-0.390552	0.186572	-0.046856	0.255688	0.117842	0.093104	0.099716	-0.108039	0.113225	-0.210580	-0.096136	-0.128778	0.134755	-0.127625	0.015446	-0.148389	-0.126762	-0.315872	-0.215898	0.369456	0.008505	-0.184879	0.401948	-0.103009
0.303449	-0.424244	0.040596	-0.011641	0.235321	0.163804	0.240653	0.213173	0.267810	0.043781	-0.198784	-0.203774	-0.215173	0.176829	-0.022233	0.064055	0.141660	0.071655	-0.111258	-0.080066	0.461677	0.002210	0.031145	0.131424	0.168410
0.262542	-0.383443	0.247503	-0.046511	0.102768	0.203892	0.071353	0.143584	-0.117686	0.122023	-0.136489	-0.192137	-0.067211	0.174756	-0.049998	-0.201549	0.004949	-0.013246	-0.500127	0.020298	0.181496	0.298241	-0.227038	0.176940	0.157592
0.002888	-0.246379	0.247437	0.183465	0.260089	0.298461	0.052033	0.347609	0.068862	0.014517	0.036070	-0.335264	-0.182191	0.151107	-0.041261	0.065327	-0.236241	0.185098	-0.136245	0.185574	0.352922	-0.084464	-0.030554	0.079976	-0.318429
0.083576	-0.250781	0.279426	0.024131	0.074636	0.343020	0.093893	0.148823	0.184504	-0.076799	-0.098938	-0.264240	-0.133280	0.328158	-0.265828	0.073600	-0.158494	-0.114888	-0.188302	0.167082	0.400453	0.168390	-0.265933	0.033525	0.118008
0.104517	-0.123490	0.124584	0.118068	0.161895	0.225569	0.282631	0.259868	-0.144392	-0.119199	0.001618	-0.099297	0.082632	0.099435	-0.207755	0.242730	-0.057603	0.134921	-0.372583	0.148055	0.438008	0.098011	0.025182	0.414371	-0.009605
0.191296	-0.306515	0.343136	0.096676	0.230729	0.282213	0.037466	0.230669	-0.128340	-0.048964	-0.102098	-0.207532	-0.290766	0.069280	0.031105	-0.177423	-0.194217	0.263278	-0.286708	0.193909	0.274636	-0.010512	-0.114490	0.113467	-0.179902
0.059912	-0.464040	0.000868	0.107409	0.293742	0.015123	0.243106	0.234294	-0.014552	0.094623	-0.395259	-0.044580	-0.085388	0.158276	0.020200	0.073082	-0.010658	0.015756	-0.136255	0.047367	0.370805	-0.216835	-0.038645	0.356550	-0.171033
0.005369	-0.280946	0.005526	0.023274	0.160624	0.072910	0.169421	-0.040136	0.238794	0.180611	-0.327022	-0.047466	-0.258808	-0.044932	-0.093618	0.308832	0.251502	-0.212865	-0.255180	-0.001806	0.165753	-0.048159	-0.290965	0.444633	-0.034911
0.126925	-0.263480	0.148402	0.203691	0.044397	0.094865	0.182469	0.123712	0.129008	-0.070570	-0.213990	-0.247203	-0.091772	0.204154	-0.151852	-0.119274	0.097136	0.143761	-0.341452	0.142417	0.277391	0.235002	-0.156223	0.488051	0.117170
0.113865	-0.200205	0.194215	0.050542	0.361621	0.151758	0.197449	-0.075678	-0.021696	0.241307	-0.177715	-0.250780	-0.207505	0.155208	0.078531	0.119465	-0.021122	0.058240	-0.333350	0.149889	0.270929	0.174704	-0.165817	0.445597	-0.001288
0.123792	-0.420628	0.234243	0.094844	0.304056	0.281073	0.156423	0.095258	0.011491	0.081886	-0.314344	0.131706	0.003631	0.232266	-0.141204	0.028610	-0.032783	0.148730	-0.249485	0.085838	0.405772	-0.078672	-0.115129	0.240605	-0.079888
-0.160424	-0.388305	0.246496	0.153664	0.045031	0.126295	0.046941	0.313316	-0.016835	0.038608	-0.213479	-0.120673	-0.046939	0.183294	-0.001870	-0.029943	-0.002420	0.102444	-0.260078	0.060916	0.535644	-0.021581	-0.069827	0.219769	-0.315826
0.441173	-0.560704	0.131589	0.070632	0.278113	0.083916	0.003420	0.044147	0.003464	0.138111	-0.109422	0.032959	-0.188762	0.130472	-0.056467	0.171115	-0.141349	-0.081206	-0.208670	-0.096554	0.268478	-0.136717	-0.060748	0.288978	0.087425
0.325134	-0.558213	0.212770	0.120422	0.209665	0.015288	-0.010831	0.148066	-0.083436	0.096039	-0.173744	-0.046950	-0.098649	0.198308	-0.045269	0.055894	-0.058010	-0.078094	-0.164164	-0.168272	0.390294	-0.043925	-0.253079	0.246522	-0.100311
0.184942	-0.395586	0.233891	-0.094937	0.306429	-0.094341	0.138377	0.118958	0.065831	0.134760	-0.159962	-0.099993	-0.220629	0.059888	-0.114036	0.185167	0.098980	-0.099588	-0.246521	-0.170637	0.463358	-0.084162	-0.196670	0.213083	-0.190750
0.258367	-0.416403	0.060153	0.069091	0.300520	-0.016321	0.003495	0.162775	-0.129504	-0.008982	0.068658	0.004417	-0.224938	0.190289	-0.030254	0.076304	-0.162809	-0.054136	-0.290324	0.062458	0.454615	0.101747	-0.324741	0.269361	-0.081118
0.255444	-0.435024	0.260328	0.046194	0.223234	0.103630	0.105526	0.221933	-0.066953	-0.034189	-0.127746	-0.012257	-0.303167	0.194871	0.061944	0.103727	0.088787	0.014368	0.020878	-0.088898	0.454619	-0.137405	-0.194394	0.328894	0.009322
0.173935	-0.338966	0.095442	0.129617	0.409618	0.241454	0.125058	0.340531	0.020606	0.141699	-0.145742	0.015564	-0.253781	0.309339	-0.041117	0.185185	-0.071019	0.029087	-0.305690	-0.141181	0.088335	-0.038703	-0.243696	-0.059144	-0.204282
0.174169	-0.355392	0.170609	-0.264203	0.267927	0.176559	0.058383	0.211656	0.059347	0.003504	-0.301906	-0.014686	-0.259106	0.097292	-0.008295	0.182025	0.000080	-0.203298	-0.006230	0.221928	0.253274	0.112350	-0.237130	0.375072	0.155834
-0.039238	-0.480318	0.041401	-0.015661	0.415073	0.259839	0.157460	0.113655	0.253813	0.121328	-0.287303	0.068627	-0.254771	0.058641	-0.037171	0.092829	-0.011587	0.053303	-0.325956	-0.161992	0.271156	-0.123706	-0.056514	0.125904	0.014264
-0.157276	-0.161710	0.026782	-0.063257	0.259434	0.153987	0.188335	-0.025548	0.167265	0.064880	-0.338195	0.180073	-0.136369	0.101668	-0.069039	0.229001	0.022592	-0.100473	-0.159315	0.192759	0.268697	0.004089	-0.241578	0.581263	0.102665
0.133182	-0.427346	-0.014417	-0.208076	0.364495	0.198772	0.199925	0.110984	0.192462	0.019116	-0.432815	0.140773	-0.107340	0.186470	-0.086586	0.132895	-0.062172	-0.187866	-0.264572	0.161917	0.056407	0.055163	0.019294	0.237916	-0.130001
0.200518	-0.468179	0.239049	0.093968	0.311189	0.187762	0.288000	0.143556	0.126408	-0.113521	0.012913	0.069628	-0.208887	0.097690	-0.052709	0.246761	-0.004439	0.092280	-0.433922	0.247905	-0.003269	-0.081634	-0.074911	0.129853	-0.028717
0.066666	-0.221390	0.363864	-0.142387	0.140853	0.152288	0.217491	0.188080	0.113628	0.230211	-0.233527	0.112616	-0.102811	-0.011215	-0.029047	-0.021637	0.219137	-0.188479	-0.401095	0.020742	0.095299	0.479155	-0.119751	0.086232	0.133154
0.135999	-0.516611	0.011469	-0.212388	0.368925	-0.092924	0.163110	0.115545	0.062550	0.080291	-0.138819	0.019525	-0.060646	0.227425	-0.026926	0.180833	0.004748	0.020890	-0.206449	0.061773	0.028005	-0.079086	-0.325680	0.435744	0.126374
0.014288	-0.444876	0.065208	-0.127155	0.182513	0.051987	0.267772	0.144878	-0.040462	0.243378	0.016815	-0.016199	-0.358770	0.298121	0.191763	0.159244	0.084599	-0.234341	-0.263545	0.118578	0.259731	0.213347	-0.015934	0.229766	-0.001946
0.148074	-0.379394	0.190361	-0.026199	0.080880	0.188479	0.221189	0.431177	0.058702	0.181620	-0.204259	-0.152964	-0.254046	0.079310	-0.183639	0.140386	0.026740	-0.023809	-0.186430	-0.008139	0.350814	-0.197028	-0.059935	0.304805	-0.001121
0.275302	-0.282673	0.312932	-0.092634	0.005971	0.084745	0.113703	0.014692	-0.175466	0.093416	-0.407818	0.034445	0.036139	0.169021	-0.142626	0.127595	0.114936	0.055050	-0.311352	0.044729	0.144742	-0.007936	0.141586	0.519109	0.134930
0.195139	-0.410797	0.165090	-0.158231	0.460145	0.110937	0.062738	0.360400	0.126007	0.280010	-0.245830	-0.210322	-0.055208	0.174315	-0.079099	0.061162	-0.055829	0.017514	-0.062268	-0.126567	0.051292	0.063578	-0.172861	0.215486	-0.185256
0.206460	-0.263747	0.157642	0.243927	-0.004328	0.027297	0.440644	0.411621	0.033811	-0.140472	-0.074385	-0.057314	-0.186519	0.154264	-0.113068	-0.033274	-0.138761	0.190729	-0.084325	0.062208	0.242709	0.375259	-0.244778	0.072989	-0.073096
0.076726	-0.407710	0.073797	0.055249	0.327412	0.136622	0.235103	0.218276	0.089337	-0.171009	0.009610	-0.039624	-0.232073	0.081687	-0.055487	0.003004	0.080704	-0.087710	-0.433884	0.096854	0.329621	-0.023707	-0.219995	0.264104	0.221124
-0.255007	-0.321384	-0.088245	0.053762	0.196368	-0.111070	0.028915	0.146353	0.111977	-0.067971	-0.373400	-0.203076	0.091168	0.306047	-0.184342	0.267619	-0.096060	0.069730	-0.451012	0.071790	0.282954	0.055173	-0.055826	0.117037	-0.140969
0.276738	-0.280331	0.260967	0.078284	0.157697	0.146816	0.357607	-0.023990	-0.006918	0.086149	-0.274357	-0.385415	-0.185763	0.132693	-0.192025	-0.027500	0.099602	-0.023064	-0.441622	0.087102	0.079168	0.121403	-0.179903	0.085833	-0.029611
0.232993	-0.214658	0.214376	-0.051647	0.273461	0.131763	0.360171	0.190873	0.048368	0.219248	-0.366349	0.080088	-0.068031	0.222047	-0.032905	0.084575	-0.015677	-0.278137	-0.190463	-0.050759	-0.063806	0.074239	-0.315646	0.276121	0.193890
0.367580	-0.429516	0.092316	0.015959	0.153784	0.083349	0.163126	0.130283	0.175325	0.044395	-0.245186	-0.224027	-0.079230	0.312330	-0.110932	0.115419	-0.273145	0.129028	-0.268132	-0.065924	0.084573	-0.078537	-0.060163	0.364377	-0.088129
0.158596	-0.362130	0.219694	-0.085363	0.228547	0.213081	0.305945	0.221466	0.001223	0.064669	-0.325284	-0.021717	-0.256736	-0.008371	-0.130738	-0.111427	0.024488	-0.141357	-0.205279	0.082792	0.421272	0.243292	-0.152457	0.047802	0.100738
0.306988	-0.422844	0.077589	-0.009267	0.219535	0.209104	0.271098	0.156298	-0.009605	0.167238	-0.223422	0.057462	-0.327984	0.043259	-0.151861	0.060994	0.017482	-0.179913	-0.189273	-0.139527	0.354291	-0.129043	-0.172991	0.224910	-0.053423
0.381353	-0.304902	0.281626	-0.007757	0.109358	0.160322	0.146211	-0.245143	0.005876	0.246035	-0.274197	-0.151381	-0.046422	0.108935	-0.159902	0.048078	-0.096164	0.004167	-0.387895	-0.049207	0.253844	-0.097899	-0.165912	0.278863	-0.145133
0.166070	-0.304889	0.220197	0.209317	0.127114	0.063326	0.200571	0.333046	0.252561	0.210516	-0.159559	-0.161889	-0.149485	0.106731	0.038110	-0.021807	-0.064097	0.249188	-0.149598	-0.070390	0.344812	-0.148116	-0.392618	0.134119	-0.117907
-0.045251	-0.231312	0.329112	-0.125734	0.058272	0.215292	0.180046	0.290130	0.155245	0.049192	-0.203612	-0.000805	-0.172675	0.050688	-0.332720	-0.006100	0.118450	0.076005	-0.417016	0.131049	0.211278	0.052613	-0.156415	0.271433	-0.294022
0.082069	-0.395953	0.018997	0.066240	0.024593	0.108125	0.231079	0.292971	0.271306	-0.014556	-0.112198	-0.182536	-0.328998	0.059935	-0.128511	0.149372	0.053030	0.025307	-0.020744	-0.011787	0.534952	-0.061640	0.072355	0.291682	-0.159741
0.133161	-0.396072	0.004699	-0.142499	0.052242	0.023607	0.155105	0.256217	0.057009	0.071780	-0.162758	-0.071439	-0.102430	0.248674	-0.080354	0.102359	-0.126291	-0.040088	-0.310681	0.025828	0.473657	0.026227	-0.147398	0.462555	-0.085710
0.217120	-0.234556	0.067453	-0.114668	0.200303	0.238710	0.101592	0.023658	-0.023962	0.188660	-0.438411	-0.075537	-0.122498	0.291705	0.259502	0.113185	-0.124231	-0.223600	-0.229515	-0.061980	-0.000367	-0.048765	-0.350551	0.332590	-0.001976
0.036845	-0.541044	0.066673	-0.100246	0.254690	-0.099534	0.213980	0.124308	0.066417	-0.079603	-0.231756	-0.043115	-0.106887	0.017415	-0.172266	0.275146	-0.176966	-0.005323	-0.279831	-0.028978	0.183372	-0.031973	-0.131490	0.391486	-0.237254
-0.031583	-0.341059	-0.119582	0.112549	0.420735	0.371255	0.297998	0.035802	0.123818	0.138477	-0.380027	0.045637	-0.113541	0.218014	-0.050460	0.045312	0.151266	-0.007519	0.098113	0.102991	0.113651	-0.169131	-0.030030	0.340616	-0.055995
-0.095283	-0.181019	0.054971	-0.132620	0.275276	0.254523	0.473907	0.028313	0.065398	0.182417	-0.337862	0.142702	-0.273309	0.235422	0.029992	0.325084	0.022431	-0.113067	-0.244711	-0.035635	-0.039046	0.146154	-0.094549	0.230617	-0.058114
0.143567	-0.391829	0.042540	-0.152220	0.316652	-0.016068	0.283688	0.145749	0.010262	0.289666	-0.327725	-0.099820	-0.364254	0.226631	-0.011086	0.215026	-0.045349	-0.056994	-0.120758	-0.111526	0.196857	-0.223008	-0.003192	0.209549	-0.046015
0.096963	-0.409030	-0.009498	-0.171165	0.346995	-0.123780	0.183175	0.105101	0.050254	0.040835	-0.401060	-0.248114	-0.369890	0.036607	0.106559	0.118650	-0.164210	-0.083500	-0.085436	-0.105524	0.239013	-0.069279	-0.195273	0.160513	-0.212580
0.210488	-0.253316	0.214120	0.165409	0.096100	0.200558	-0.011968	0.157631	-0.098975	0.103826	-0.133683	-0.070352	-0.025014	0.068588	-0.124124	0.171624	-0.209393	-0.135272	-0.324820	-0.038250	0.298959	0.023324	-0.470730	0.404785	0.076215
0.314719	-0.226912	0.299144	0.018739	0.267215	0.185821	0.167316	-0.065990	-0.066588	0.016987	-0.275891	0.168096	-0.057626	0.160709	-0.023475	0.155539	0.054607	-0.019592	-0.469089	0.017651	-0.206778	-0.103612	-0.012135	0.424023	-0.034623
0.128987	-0.312193	0.251407	0.083418	0.154352	0.024431	-0.045337	0.155315	-0.003018	0.044847	-0.442186	0.069225	-0.305319	0.046384	-0.144987	0.135897	0.102193	-0.040138	-0.199150	0.000300	0.521820	0.017158	-0.204113	0.248303	-0.017645
0.151151	-0.173906	0.388115	0.049354	0.218577	0.227752	-0.057469	0.058411	0.103387	0.097713	-0.408788	-0.005088	0.007861	0.169790	-0.142673	0.182179	-0.118893	0.041694	-0.420263	-0.103733	0.300126	-0.014189	-0.090517	0.313343	-0.133284
0.036420	-0.201610	0.154810	-0.057354	0.317624	0.129679	0.224253	-0.063455	0.179728	0.164583	-0.360146	0.045559	-0.128801	0.106441	0.059352	0.308109	0.165574	-0.178484	-0.183707	0.105278	0.165761	0.111382	-0.155709	0.466600	0.235082
0.317377	-0.235215	0.001006	0.017989	0.418877	0.104066	0.097709	0.032266	0.037637	0.077986	-0.293800	-0.096996	-0.149617	0.149518	-0.074302	0.124082	-0.055271	0.043444	-0.394681	-0.319492	0.239675	-0.151562	-0.099029	0.315624	-0.158841
-0.126014	-0.263003	0.213649	0.120651	0.398810	0.049236	0.200398	0.383346	-0.011315	-0.007537	-0.189299	-0.155692	-0.055974	0.383112	-0.020498	0.124043	-0.092357	0.053914	-0.238696	0.083656	0.378167	0.044988	0.153745	0.119038	-0.148103
-0.084413	-0.131352	-0.096525	0.195364	0.379773	0.166982	0.206283	0.258001	-0.023356	-0.031779	-0.055029	-0.224573	-0.090030	0.364301	-0.111567	0.215428	-0.348398	-0.086899	-0.078515	-0.007663	0.372900	0.088262	-0.234770	0.200564	-0.121952
0.321679	-0.321118	0.277415	-0.028416	0.025791	0.031826	0.144069	0.163942	-0.050940	0.066863	-0.155698	-0.127584	-0.064114	0.187269	-0.240467	0.093690	-0.104093	0.044907	-0.221333	-0.012874	0.448300	0.095298	-0.113924	0.386492	-0.280260
0.339432	-0.472628	0.196661	-0.132898	0.198843	0.017540	0.108941	-0.014366	-0.096202	0.198028	-0.313886	0.047490	-0.166062	0.018176	-0.023836	0.072476	-0.025539	0.001619	-0.342914	-0.146846	0.296970	0.000958	-0.135002	0.332054	-0.116993
0.197831	-0.502009	0.144307	-0.095537	0.147277	-0.036889	-0.042681	0.217650	-0.016714	0.138561	-0.240776	0.119935	-0.013086	0.047081	-0.156474	0.211498	-0.020543	-0.045531	-0.266091	0.069897	0.422908	0.022229	-0.134608	0.405501	0.055979
0.325017	-0.532688	0.066326	-0.108144	0.235943	0.028505	0.027487	0.098320	-0.093318	0.153528	-0.214904	-0.092809	0.017580	0.089572	-0.114450	0.017273	-0.119875	0.094266	-0.275825	-0.053741	0.433121	-0.043420	-0.191857	0.273342	-0.124803
0.086924	-0.283422	0.174184	-0.043467	0.125353	0.199459	0.146122	0.287213	0.077119	-0.059383	-0.356300	0.008747	-0.296069	0.149925	-0.056321	-0.031170	-0.092729	-0.117639	0.008323	0.092180	0.530562	0.071596	-0.121278	0.301360	-0.215909
0.284791	-0.334689	-0.066239	-0.122494	0.056665	0.173104	0.120934	0.140544	0.286808	-0.018586	-0.155709	-0.056152	-0.140864	0.276438	-0.270805	0.341271	-0.182649	-0.104769	-0.312314	0.068796	0.147774	0.231006	0.003264	0.317124	-0.038448
-0.112138	-0.001775	0.331016	0.130939	0.162558	0.175048	0.488576	0.099591	0.163222	-0.086007	-0.346386	-0.044754	-0.301561	0.055974	-0.236097	0.078564	0.016282	0.173843	-0.221380	0.228843	0.150743	0.109247	0.053417	0.242284	-0.122169
0.416616	-0.273439	0.281984	-0.034781	0.332938	-0.022394	0.036473	0.131420	0.082376	0.053835	-0.255106	-0.202731	-0.305446	0.049519	-0.057711	0.004455	-0.072371	-0.018547	-0.308621	0.181679	0.280895	0.285006	-0.172708	0.046749	-0.006690
-0.090008	0.030846	0.064775	0.158601	0.543156	0.104026	0.278286	0.251639	-0.115189	0.091925	-0.112632	0.066647	-0.259905	0.191968	0.102784	-0.009030	0.008789	0.073785	-0.344609	0.204134	0.258194	0.160635	-0.189926	0.201478	-0.161296
-0.025020	-0.277529	0.056273	0.084765	0.259995	0.095397	0.239144	-0.014164	-0.064378	0.063837	-0.185565	-0.126032	-0.095992	0.169349	0.134024	0.280526	0.057761	-0.433929	-0.339304	0.094400	0.270551	0.215665	-0.076527	0.299818	0.231726
-0.009168	-0.036611	-0.266010	0.295446	0.198631	0.189937	0.195230	-0.020195	-0.275641	0.098091	-0.156456	-0.193627	-0.171309	0.170181	0.236745	0.188525	-0.091126	-0.166625	-0.207855	0.228402	0.164393	0.205076	-0.288767	0.325394	0.198033
0.040412	-0.351252	-0.039421	-0.011044	0.209172	-0.194040	0.307275	0.083628	0.109917	-0.072912	-0.298251	0.086691	-0.165537	0.137873	0.114154	0.333769	-0.001254	-0.304190	-0.189613	0.303885	0.249114	0.145544	-0.080188	0.258924	0.168051
0.027853	-0.028208	0.216846	-0.011968	0.285544	-0.000817	0.453146	-0.170444	-0.051240	0.154612	-0.423972	0.024212	-0.082271	0.004302	0.162589	0.208359	0.017006	-0.134346	-0.208373	0.071860	0.030263	0.330432	-0.040237	0.347211	0.229418
0.021944	-0.198606	0.086407	-0.030319	0.180127	-0.171030	0.111078	0.016639	0.011383	0.125853	-0.306864	-0.054661	-0.165843	-0.195050	-0.085905	0.158148	0.316386	-0.114355	-0.358625	0.360590	0.072268	0.294811	-0.230051	0.374172	0.097139
0.225107	-0.141863	0.139487	0.221614	0.323687	-0.082055	0.209687	-0.061379	0.133342	-0.031451	0.182425	-0.000470	0.039209	0.149308	0.112119	0.452555	-0.206468	-0.019521	-0.219440	0.186041	-0.016208	0.198947	-0.069906	0.387204	0.296148
-0.154807	-0.179090	-0.164913	0.503726	0.428698	-0.149249	0.228623	0.078729	-0.060668	0.163161	-0.022418	-0.118415	-0.228759	0.223911	0.205519	0.188491	0.064159	-0.045085	-0.237281	0.049335	0.106252	-0.078162	-0.013229	0.282839	0.104805
0.028598	-0.178180	0.250898	-0.064873	0.269929	0.028357	0.174336	-0.099153	-0.147817	0.425757	-0.254133	-0.048794	-0.193579	0.166795	-0.007593	0.046197	-0.014960	-0.352016	-0.134740	0.166940	0.212538	0.253736	0.015865	0.403078	0.079850
-0.217748	-0.255815	-0.043211	0.192704	0.183544	-0.028701	0.082751	0.141400	-0.152435	0.053672	0.093030	-0.346926	0.039335	0.065135	0.325022	0.013597	0.307331	0.050234	-0.412609	0.179732	0.114479	0.418842	0.018400	0.154088	0.088906
-0.405948	-0.144490	0.167189	0.236676	0.028201	0.076655	0.399379	-0.060106	0.199486	-0.295855	-0.199412	-0.064964	-0.088051	0.119189	0.167110	-0.055446	0.114762	0.032559	-0.418882	0.136192	-0.049184	0.268645	-0.106127	0.167339	-0.119202
-0.040577	0.065182	-0.137993	0.234562	0.241228	-0.078403	0.107038	-0.116631	-0.090458	0.174638	-0.141159	-0.166921	-0.091822	0.249175	0.056882	0.300345	-0.075051	-0.154367	-0.477922	0.226567	0.117015	0.107477	-0.171723	0.430717	0.175385
-0.180351	-0.058405	-0.108822	0.212303	0.096914	-0.178812	0.439311	0.018835	-0.085279	0.005791	-0.226728	0.039089	-0.286632	0.238151	0.266184	0.067762	0.012105	-0.099006	-0.382195	0.065843	-0.081628	0.329425	-0.146890	0.274743	0.158972
0.124402	-0.341822	-0.063424	0.008876	0.244230	0.025358	0.200931	0.083710	0.082192	0.132169	-0.464382	-0.284057	-0.049740	0.093173	0.126021	-0.024225	0.151314	-0.354603	-0.315662	0.083431	-0.079897	0.228248	0.034799	0.254975	-0.166663
-0.215788	-0.164786	-0.142690	-0.220415	0.389906	0.092319	0.308514	-0.013569	-0.132096	0.240131	0.004541	-0.184955	-0.190982	0.120481	-0.003865	-0.093070	0.039175	-0.222566	-0.460836	0.172560	-0.045675	0.315505	-0.127890	0.145524	0.006015
-0.067360	-0.122858	-0.108371	-0.041494	0.341273	0.068276	0.174855	-0.097110	-0.054250	0.164984	0.231700	-0.292531	-0.047102	0.107185	0.038758	-0.020283	-0.154133	-0.127524	-0.443143	0.131670	-0.001879	0.517368	-0.230862	0.214457	0.005650
-0.186902	-0.085296	0.023152	0.019617	0.464346	0.286975	0.191602	0.090846	-0.141102	0.126642	-0.175356	-0.147174	0.044663	0.350249	-0.182066	0.168856	-0.337358	-0.128030	-0.285504	0.079896	0.007213	0.320200	-0.076487	-0.002980	0.112742
0.031623	-0.176573	-0.246487	-0.096878	0.359386	-0.028536	0.283326	0.031946	-0.022946	0.005691	-0.168628	-0.103825	-0.091656	0.131111	-0.061915	-0.053712	0.197378	-0.055671	-0.556163	-0.065375	-0.039634	0.337098	-0.261989	0.157364	-0.223774
-0.233936	-0.346560	-0.024526	0.062832	0.296220	-0.003699	0.383181	0.197498	-0.094675	-0.018727	-0.241396	-0.176875	0.005910	0.138451	0.019198	-0.106816	0.068115	-0.027143	-0.381170	0.176801	-0.052454	0.470759	0.023007	-0.062422	-0.080360
-0.206022	-0.507408	-0.114074	0.168696	0.146480	0.114346	0.161930	-0.153749	0.022844	-0.017014	-0.171110	-0.395225	-0.051461	0.038444	0.028851	0.083109	0.085178	-0.005728	-0.349689	-0.064036	0.004704	0.218130	-0.111568	-0.070380	-0.421185
0.058650	0.089782	0.311497	0.284706	0.163343	0.202021	0.287074	0.074157	0.003795	0.155164	-0.078280	-0.092881	0.002128	0.162286	0.050166	0.384808	0.039090	-0.338551	-0.124203	0.151645	0.083217	0.063603	0.197320	0.428076	0.226947
0.304610	-0.060154	0.168865	0.082081	0.227965	-0.101366	0.134448	-0.069322	0.105681	0.193867	0.084450	-0.208947	-0.268375	0.280580	0.074303	0.278186	0.010645	-0.172567	-0.103354	0.129442	0.253142	0.380682	0.074206	0.406249	0.114629
0.063733	0.092026	0.276537	0.093914	0.144708	0.343913	0.049134	-0.098251	0.218264	0.015548	-0.069441	-0.525546	-0.145361	-0.105629	-0.082477	-0.059976	-0.130190	-0.055665	-0.371254	0.150755	0.203843	0.104254	-0.022994	0.337648	-0.178170
0.089309	-0.290418	0.229197	0.000763	0.261426	0.076328	0.021991	0.016401	0.183609	-0.106685	-0.320834	-0.252019	-0.233794	-0.004223	0.075897	0.236366	-0.210747	-0.101709	-0.178763	0.156430	-0.138251	0.067686	-0.323209	0.458852	-0.049890
0.042683	0.004952	0.120052	-0.042294	0.099590	-0.043425	0.050894	-0.103063	-0.016505	0.158549	-0.141984	-0.538619	-0.255117	0.285971	-0.110310	0.080357	-0.018588	0.001652	-0.103047	0.153611	0.414432	0.403217	-0.155197	0.227412	0.105178
0.033509	-0.163311	0.319410	0.114437	0.290068	0.165511	0.103245	0.298484	0.153048	-0.014204	-0.254058	-0.231967	-0.352911	0.081894	0.030394	-0.016160	0.013350	-0.190894	-0.135464	-0.101801	0.336513	0.251943	0.189675	0.280789	-0.120487
-0.067084	-0.100034	0.132983	0.014151	0.327193	-0.036280	0.478120	0.122764	0.116127	0.044615	0.029224	-0.078860	-0.471399	0.323425	-0.199679	-0.045027	0.012210	-0.148348	-0.256290	0.102594	-0.104344	0.016856	0.110785	0.318720	0.030082
-0.189903	-0.113007	0.399993	0.107694	0.134538	0.221491	0.161649	0.007943	0.031885	-0.191300	-0.366229	-0.114138	0.105458	0.147179	-0.057163	0.213016	0.140873	-0.207477	-0.288867	0.085716	-0.183008	0.424368	-0.007897	0.221899	-0.058883
0.047050	0.108545	0.425323	-0.075813	0.142760	0.236912	0.267123	-0.128163	0.063078	-0.112146	-0.288326	-0.116723	-0.137860	0.126316	-0.207043	0.025913	-0.064894	-0.004210	-0.376092	0.131519	0.041987	0.488648	-0.037206	0.180461	0.076128
0.048320	-0.187960	0.378139	0.052516	0.160379	-0.045835	0.290280	0.267468	0.017232	0.011324	-0.041292	-0.146000	0.024296	0.053153	0.209435	0.208016	0.061612	0.108747	-0.432851	0.097653	-0.051763	0.021624	-0.043946	0.509607	-0.204144
0.071722	-0.459999	0.001366	-0.380248	0.171549	-0.028889	0.221048	0.070447	-0.117251	0.130817	-0.169867	-0.172483	-0.139762	0.059425	0.088016	-0.058100	0.066752	0.210158	-0.430965	0.065381	0.027290	0.239451	-0.034376	0.350077	-0.102369
-0.034795	-0.066901	0.040063	0.005685	0.186560	-0.004559	0.296427	0.022391	0.021245	0.053603	-0.393122	-0.144380	0.201463	0.330884	0.103448	0.143245	0.207125	-0.394071	-0.395201	-0.086949	-0.002522	0.157623	-0.089822	0.329370	-0.078314
-0.001061	0.164864	0.248572	0.022824	0.231534	0.027076	0.289331	-0.133200	-0.185868	-0.029772	-0.196440	-0.054434	-0.001757	0.303955	-0.125419	0.095889	0.122667	-0.072070	-0.468057	0.002359	-0.154317	0.279732	0.011699	0.445464	0.143002
-0.235589	0.037617	0.162590	0.218292	0.053216	-0.113290	0.315795	0.042138	0.288696	0.035712	-0.271413	-0.131192	-0.120915	0.258545	-0.204867	-0.252547	0.094749	-0.041020	-0.495226	0.026645	0.063670	0.305278	0.077552	0.170265	-0.015541
-0.219150	-0.018612	0.501177	0.176693	0.145100	0.117488	0.302453	-0.003678	0.047745	-0.242350	-0.343547	-0.096960	0.092402	0.138937	-0.183271	0.121404	0.029303	-0.046926	-0.220617	0.102786	0.051851	0.317667	0.167798	0.213964	-0.196053
0.033335	-0.429368	-0.233290	0.062544	0.102640	0.097437	0.279528	0.007608	-0.055887	0.075669	0.056965	-0.478703	-0.090584	0.175669	0.298832	-0.020702	-0.121471	0.009590	-0.295333	0.069780	0.239501	0.180738	-0.145969	0.202220	0.169596
-0.214271	-0.298258	-0.331430	0.181585	0.181599	0.055066	0.354314	0.234123	-0.030808	-0.033249	-0.067771	-0.194515	-0.347386	0.211313	0.188191	0.022837	-0.027331	-0.083838	-0.358052	0.024530	0.062642	0.055541	-0.222329	0.258109	0.023643
-0.264086	-0.049783	-0.124283	0.312903	0.027114	0.067314	0.347295	0.031702	0.006263	-0.118234	-0.027790	-0.225977	-0.194075	0.107623	0.072135	0.078850	0.051794	-0.130326	-0.388244	0.101095	0.235181	0.538776	-0.151153	0.085950	0.067603
0.044038	-0.312691	0.361307	0.096597	0.118715	0.298690	0.110289	0.132869	0.082853	-0.027651	-0.340710	-0.438761	-0.063166	0.222549	0.103793	-0.033343	-0.326389	0.041338	-0.003535	0.069378	0.107690	0.202957	-0.176560	0.206570	-0.077194
-0.193091	0.009067	0.253691	0.058847	-0.074881	-0.227252	0.187822	-0.030961	0.198662	0.219859	-0.064616	-0.492394	0.056543	0.042515	-0.096325	0.044298	0.062138	0.119388	-0.403819	0.164177	0.150282	0.245722	-0.032527	0.394671	0.052180
-0.087315	-0.192595	0.160930	0.142343	-0.014010	-0.272587	0.347255	0.199074	0.075522	0.096274	-0.193983	-0.193972	-0.028809	0.100962	-0.064629	-0.026708	-0.155728	0.251184	-0.390341	0.028790	-0.021713	0.365692	-0.139662	0.381638	-0.168439
0.031576	-0.128817	-0.178670	0.391066	0.290417	-0.118461	0.199192	0.248929	-0.205893	0.182430	-0.066399	-0.224674	-0.139600	0.089903	0.083155	0.194691	-0.264819	-0.217205	-0.322998	-0.030149	0.185537	0.117990	-0.172815	0.296489	0.076980
-0.060405	-0.357203	0.400816	0.280783	0.157253	0.219921	0.298757	0.195004	0.078340	-0.203442	-0.214560	-0.242481	-0.016157	0.031880	-0.018700	0.213814	-0.247700	0.192666	-0.252886	0.080422	0.051411	0.036366	-0.087777	0.161361	-0.150282
-0.101070	-0.149198	0.345454	0.081931	0.230760	-0.005565	0.468901	0.110034	0.027673	-0.079233	-0.353259	-0.148630	0.060385	0.182829	-0.288736	0.085547	-0.134868	0.074890	-0.271614	0.199833	0.196056	0.014809	-0.188569	0.229359	0.101021
0.024986	-0.061644	0.408946	-0.192937	0.193360	0.253868	0.094998	-0.061317	0.191154	0.150789	-0.139692	-0.518279	-0.149731	0.141272	-0.138276	0.042635	-0.107233	-0.076251	-0.452741	0.137295	0.099910	0.014672	-0.112252	0.027123	-0.033201
-0.107818	-0.233997	0.016699	-0.105777	0.332697	0.061537	0.279800	-0.030672	-0.187872	0.087644	-0.335162	0.060313	-0.083053	0.078093	-0.001398	0.245138	0.135356	-0.264449	-0.134694	0.318012	0.157105	0.235519	-0.135488	0.436242	-0.008263
0.116327	-0.200778	0.087370	0.081979	0.340183	-0.010850	0.218557	0.148529	-0.063766	0.367054	-0.241040	0.050496	0.080530	0.200421	0.117821	0.407670	0.037109	-0.162752	-0.132019	0.035838	-0.049005	0.144392	0.124464	0.416796	0.246815
0.078284	-0.308316	0.100399	0.060173	0.225768	-0.105338	0.135359	0.061562	0.096456	-0.140615	0.057851	-0.275453	-0.547512	0.059518	-0.216700	0.014379	0.012491	-0.104316	-0.419487	0.063873	0.070863	-0.201662	-0.191132	0.238918	-0.108487
-0.222111	0.085048	0.446069	0.096221	0.073803	0.278242	0.137395	0.124432	0.031627	-0.139710	-0.321882	-0.260067	0.044210	0.107058	-0.118791	-0.132172	0.238645	-0.131737	-0.187086	0.101140	0.209159	0.226814	0.104824	0.384744	-0.086416
0.200919	-0.174099	0.320051	-0.010918	0.101994	0.168025	0.013965	-0.176740	0.051039	0.177710	-0.439018	-0.363419	-0.027245	0.155856	0.207891	-0.034924	0.124308	-0.192208	-0.089060	0.034732	0.036866	0.004777	0.007627	0.502226	-0.114144
0.308043	0.146145	0.188692	0.183808	0.206320	0.127932	0.014105	0.090502	-0.190749	0.072369	-0.086689	-0.463322	0.058867	0.001825	0.104573	-0.067744	-0.099495	-0.093496	-0.451030	0.044149	0.095358	-0.039413	-0.070944	0.468831	-0.068833
-0.188757	0.102066	0.039167	0.113402	0.218218	0.123904	0.309736	0.072207	-0.127102	0.305272	-0.231617	-0.326447	0.062947	0.141409	-0.245402	-0.026829	0.243664	-0.051609	-0.326197	0.157725	-0.066105	0.369378	-0.184392	0.148830	0.175212
0.072161	-0.257790	0.108580	0.074560	0.340665	0.072331	0.208604	-0.132840	-0.104547	0.138821	-0.272587	-0.107918	-0.068362	0.391017	0.358674	0.010011	0.165914	0.009723	-0.339617	0.109538	-0.171072	0.282120	-0.191876	0.158439	0.018407
-0.180112	-0.161234	-0.003241	-0.218412	0.266238	0.054568	0.206847	0.150740	0.018688	0.107383	-0.026922	-0.185108	-0.201296	0.367528	0.176599	0.063498	-0.185460	-0.288350	-0.186524	0.073111	-0.103595	0.427011	-0.118673	0.295397	0.211432
0.118715	0.047355	0.325064	-0.097562	0.003685	0.091394	0.047896	0.047284	0.146931	0.054244	-0.202719	-0.342965	-0.044939	0.131140	0.019637	-0.124943	-0.052120	-0.144669	-0.196229	0.363835	0.298118	0.089367	-0.207615	0.489476	0.251074
-0.107901	0.026888	-0.084714	-0.087816	-0.082219	0.153040	0.116942	0.011905	-0.014342	-0.018998	-0.339956	-0.306803	-0.126216	0.005911	-0.193229	0.139072	0.074126	-0.090531	-0.281387	0.450389	0.165642	0.203716	-0.245269	0.426588	0.197605
0.178488	-0.082321	-0.085336	0.130999	0.223449	0.182877	0.310387	0.036585	0.039658	0.210320	-0.277809	-0.204110	0.073134	0.232988	0.211770	0.063458	0.226771	-0.294416	-0.225225	0.050933	-0.041918	0.187509	-0.093845	0.495523	0.005075
-0.105393	-0.202572	0.254987	0.163558	0.516032	0.096755	0.212434	-0.035096	-0.219521	0.272480	0.171758	-0.119899	-0.332480	0.160700	0.111104	-0.016078	0.137589	0.073357	-0.291529	-0.009228	-0.072381	0.007727	-0.081325	0.307610	0.053600
-0.203646	-0.472920	0.052830	0.061916	0.258609	0.023228	0.326161	0.010867	-0.142397	0.055449	-0.268302	-0.415540	-0.100703	-0.049494	0.111637	-0.108748	-0.009656	-0.051315	-0.253946	-0.033495	0.037855	0.145450	-0.212810	0.285681	-0.177808
-0.286912	-0.237382	-0.132636	-0.048597	0.213885	0.185754	0.301611	0.179178	0.084679	-0.178196	-0.249649	-0.264544	-0.355818	0.318091	-0.012073	0.078845	0.135521	0.146871	-0.199210	0.197322	-0.035415	0.305105	0.002689	0.073256	-0.119976
-0.262897	-0.119597	0.246266	0.071297	-0.020918	0.130266	0.023533	0.009950	0.261936	-0.206031	-0.030975	-0.404562	-0.254673	0.242099	-0.053535	0.092567	-0.056811	-0.184273	-0.327819	0.165003	0.317243	0.317147	-0.038866	0.143476	0.164320
-0.079012	-0.002358	0.044260	-0.099810	0.220304	-0.022522	0.216317	-0.065156	0.093130	0.167368	-0.483363	-0.246404	0.064536	0.022272	0.165936	0.188334	-0.035104	-0.068713	-0.322403	0.178268	-0.156585	-0.093331	-0.056732	0.551804	-0.020788
-0.104126	-0.202064	-0.112396	0.050132	0.350364	-0.238165	0.417484	0.066583	-0.096510	-0.037992	-0.174667	-0.372401	-0.086583	0.133687	-0.030850	0.039963	0.261109	-0.233562	-0.035194	0.066918	-0.032671	0.151605	-0.130066	0.334090	0.293397
-0.235914	-0.341848	-0.243071	0.097705	0.144999	0.215227	0.142088	0.121858	0.005532	0.188885	0.128324	-0.377737	-0.092665	-0.005251	0.403244	-0.040001	0.014833	-0.100150	-0.248603	0.092213	0.075295	0.329196	-0.147537	0.237174	0.127179
0.076540	-0.324912	-0.027706	0.002720	0.072766	0.026082	0.362525	0.063500	0.026419	-0.248519	-0.072502	-0.204773	-0.334149	0.078936	0.210194	0.010947	0.065334	-0.040162	-0.247148	0.293955	-0.207258	0.349911	0.078460	0.362302	0.135447
0.067301	-0.557470	-0.173913	-0.056878	0.107035	0.110437	0.258431	-0.163061	0.012528	0.145458	-0.026329	-0.187442	-0.168371	-0.082053	0.253541	-0.023037	0.219394	-0.064462	-0.142673	0.014191	0.165334	0.087377	0.124616	0.446718	0.232910
0.038285	-0.481458	-0.193482	0.111350	0.281568	0.014647	0.185099	-0.053956	-0.111274	0.171721	0.229425	-0.140972	-0.398662	0.016238	0.233695	-0.072021	0.327258	-0.134671	-0.195400	0.099353	0.153082	0.157766	0.038690	0.201072	0.057610
-0.020126	-0.145403	0.080396	-0.223172	0.301911	0.040284	0.518427	0.015010	0.078745	0.007236	-0.124312	-0.265662	-0.150516	0.257602	0.016709	0.108645	-0.106484	-0.298938	-0.054944	0.221068	-0.155959	0.019740	0.154832	0.363075	0.184222
0.025684	-0.407607	0.205679	-0.149168	0.283776	0.152190	0.262596	-0.088372	0.085264	0.171847	-0.459190	-0.186644	0.181621	0.029609	-0.172486	0.378081	0.032487	-0.119270	-0.128881	0.116360	-0.045044	0.084481	-0.054490	0.133863	0.153777
-0.179021	0.240956	0.189701	0.269272	0.264370	0.003835	0.178942	0.101078	-0.047872	0.098254	-0.000054	-0.061234	0.166313	0.146845	0.046753	0.091415	-0.013492	-0.224174	-0.250638	0.351443	0.352162	0.128583	0.029478	0.481329	0.062672
0.032612	-0.519507	-0.210957	0.043794	0.192539	-0.144939	0.116067	-0.089591	-0.038860	0.176030	-0.003457	-0.279310	-0.164780	0.248076	0.172649	0.044102	-0.037040	-0.082299	-0.375383	-0.007330	-0.058972	0.240039	-0.303933	0.057866	0.257198
-0.001364	0.106161	0.173588	0.026417	0.200799	0.076926	0.378907	-0.113367	0.059617	-0.096592	-0.171567	-0.098788	-0.079711	-0.047488	-0.072015	0.315196	0.054272	-0.200587	-0.228398	0.280733	-0.172680	0.459218	-0.207169	0.343325	-0.119860
-0.148164	-0.096351	0.021291	0.184104	0.134768	-0.069929	0.076009	0.101461	-0.247203	-0.069526	-0.297508	-0.335665	0.161454	0.071984	-0.105837	0.007199	0.277940	-0.254186	-0.266704	0.240260	0.086974	0.433194	-0.092492	0.330259	0.045829
-0.023517	-0.102236	0.441489	-0.095629	0.270241	-0.131433	0.080883	0.018059	0.048247	0.185646	-0.484951	-0.232071	0.171760	0.143924	0.038356	0.165787	0.086743	-0.045550	-0.137361	0.129169	0.095708	0.370587	-0.031310	0.284932	-0.094620
0.211408	-0.288811	0.366055	0.081100	-0.143236	-0.014434	0.087864	0.054676	0.049180	-0.090756	-0.173025	-0.385757	0.000823	0.119415	0.033768	0.204682	0.115762	-0.133952	-0.178074	0.180136	-0.111996	0.191842	0.052011	0.543936	0.098837
0.051775	-0.292197	0.094824	0.046543	0.054229	0.061568	0.394207	0.140778	0.259704	-0.070579	-0.378790	-0.114475	-0.118331	-0.044053	-0.073332	0.057693	0.052911	-0.194969	-0.449834	-0.181483	0.274758	0.155417	0.235662	0.183642	0.012822
-0.066379	-0.369357	0.021349	-0.192341	0.067943	-0.048186	0.210159	0.069185	0.009685	-0.128355	-0.278482	-0.305049	0.102277	0.091313	-0.068015	0.334981	-0.070903	0.057592	-0.367421	0.132428	-0.068543	0.268601	-0.272411	0.351836	0.085407
0.396723	-0.316778	0.061249	0.069330	0.173950	-0.209791	0.433004	-0.046796	0.177059	0.212553	-0.035116	-0.158422	0.059708	-0.000317	0.221735	0.131640	0.194038	0.005356	-0.150988	0.007656	0.198311	0.291745	-0.006224	0.333731	-0.020930
0.020795	-0.293073	0.240931	0.058662	0.086334	-0.007435	0.567819	0.100129	0.258706	0.015824	0.128256	-0.032407	-0.203066	-0.123520	0.004604	0.396046	0.028704	0.094030	-0.077714	0.159324	0.266219	0.141697	-0.103374	0.258961	-0.066341
-0.152736	-0.046540	0.356016	0.122645	0.155955	0.088758	0.303184	0.045628	0.107743	0.114864	-0.263574	0.158764	0.089098	0.002394	-0.026296	0.249973	0.088038	-0.322657	-0.294860	0.056303	-0.043872	0.347490	-0.050802	0.420890	0.107417
0.054180	-0.211753	-0.113102	0.063692	0.231000	-0.027382	0.098614	0.111683	-0.139903	0.251471	-0.167921	-0.012418	-0.156026	0.129657	-0.002317	0.226142	0.132620	-0.271443	-0.006409	0.258715	0.128612	0.410497	-0.030473	0.554574	0.061902
0.173555	-0.184573	-0.125612	0.027154	0.207647	0.010796	0.228699	0.088335	-0.043586	0.039098	-0.311647	-0.206432	-0.015919	0.034616	0.195975	0.171278	0.028236	-0.278848	-0.408796	0.077705	0.060265	0.387285	-0.151377	0.368274	-0.199318
0.095350	-0.262870	0.169861	-0.070196	0.091286	0.126796	0.210084	0.016280	-0.125633	-0.063042	-0.212727	-0.144485	0.004963	-0.234172	0.128829	-0.118386	0.242617	-0.047364	-0.399160	0.209473	-0.058450	0.431886	-0.140628	0.404106	0.102583
-0.226835	-0.256127	0.103977	0.143483	0.085639	0.094053	0.040976	-0.065797	-0.089239	-0.100114	-0.284679	-0.274898	-0.125181	0.155374	0.192653	-0.075983	0.016334	-0.234540	-0.316751	0.519198	0.130115	0.106214	-0.171100	0.286416	-0.085834
-0.006461	-0.066075	0.468766	-0.001729	0.200030	0.290933	0.253468	0.171458	0.131946	0.143065	-0.031911	-0.382026	-0.055922	0.018203	0.015133	-0.027805	-0.104224	-0.173443	-0.157966	0.328797	0.226033	0.295009	-0.137337	-0.010700	-0.192735
-0.216473	-0.126831	-0.145844	-0.122314	0.066351	0.170662	0.348622	0.002086	-0.043535	0.053880	-0.061897	-0.255183	-0.145698	0.032841	-0.139662	0.021218	0.339990	-0.252484	-0.551601	0.186124	-0.090704	0.296698	-0.017989	0.044690	-0.113656
-0.046768	0.035871	0.164352	0.166810	0.133077	0.352034	0.207019	-0.250467	0.013419	-0.114228	-0.161252	-0.101012	-0.134607	-0.057052	-0.415689	-0.027831	0.018868	0.020959	-0.503428	0.224612	0.176518	0.205514	-0.024754	0.126616	-0.235280
-0.277434	0.047739	0.011424	0.092053	0.380016	0.282496	0.201775	0.225729	0.061701	0.236130	-0.042797	-0.166016	-0.065924	0.179244	-0.116937	0.291852	0.043870	-0.118972	-0.054127	0.056548	0.170172	0.527097	-0.004507	0.134068	0.158083
-0.050246	-0.187730	-0.007126	-0.074169	0.134761	0.001106	0.020950	0.052095	-0.141130	0.035246	-0.275205	0.015302	-0.259379	0.179329	0.204564	0.194391	0.096572	-0.274916	-0.316834	0.131259	-0.006838	0.458788	-0.191528	0.414748	0.193428
-0.215772	-0.158778	0.288494	-0.116069	-0.003467	0.324483	0.160782	0.091216	0.110257	0.110553	-0.283915	-0.253639	0.019048	-0.202471	-0.020903	0.123251	0.028663	-0.037207	-0.198159	-0.069401	0.406120	-0.035645	0.135681	0.470579	0.115788
-0.038658	-0.176241	-0.022683	-0.152970	0.242056	-0.042057	0.132306	-0.037191	-0.083359	0.098572	-0.444675	-0.099886	0.014305	0.034290	0.017668	0.215072	0.184471	-0.214647	-0.439024	0.087489	-0.193925	0.321571	-0.363634	0.185502	0.061655
0.119642	-0.229939	0.011908	0.261742	0.294163	0.115020	0.322289	-0.100767	-0.240650	0.242062	-0.019208	0.060839	-0.140717	0.330742	0.151011	0.313069	-0.108347	-0.086004	-0.188733	0.207448	0.271281	0.225899	-0.072231	0.101202	0.204743
0.168532	-0.386829	0.115331	-0.016593	-0.002688	0.172482	0.144097	-0.092414	0.044014	0.090887	-0.066554	-0.147725	-0.107006	0.074591	0.043621	0.203229	0.114493	0.004640	-0.174826	0.177427	0.091642	0.129871	0.047621	0.391389	0.629889
-0.004032	-0.130351	-0.187152	0.419402	0.182561	0.110723	0.255630	0.007970	0.056972	0.074123	-0.282296	-0.350463	-0.276899	0.145532	0.051913	0.309723	0.013260	-0.133690	-0.386386	-0.038442	0.122564	-0.049145	0.078482	0.218226	0.115320
0.125687	-0.213620	0.349885	-0.088964	0.374684	0.099178	0.332419	-0.166411	0.147008	-0.052460	-0.188687	-0.061611	-0.117432	-0.047569	-0.160095	0.164858	0.019041	0.005902	-0.433183	0.106130	-0.178400	0.297056	-0.197761	0.089539	0.143830
-0.134401	-0.011834	0.273724	0.241331	-0.029995	0.032968	0.379845	-0.025124	0.075356	-0.056203	-0.286078	-0.099612	0.147547	0.151083	-0.187770	0.215466	0.366737	0.063282	-0.176788	0.023185	0.058071	0.263853	0.103131	0.393667	-0.256824
0.075540	-0.331458	0.271286	-0.068827	-0.120744	0.143256	-0.198866	-0.153505	0.096323	0.149153	-0.286985	-0.354861	0.007494	0.166378	0.041098	0.160421	-0.060496	-0.022976	-0.553919	0.019963	0.151014	-0.097687	-0.024355	0.226917	0.130635
-0.251181	-0.167384	0.132134	0.068687	0.005860	0.281366	0.219080	0.367876	-0.006970	-0.138591	-0.115899	-0.253767	-0.083315	0.054331	-0.200432	-0.079639	0.360429	-0.130820	-0.363190	0.201623	0.056445	0.323588	-0.039340	0.174138	-0.106491
0.173904	-0.373709	0.001711	0.009585	0.341255	-0.286054	-0.092229	-0.104909	0.028429	0.281186	0.001441	-0.110669	-0.029721	0.374907	0.043671	0.029530	0.190702	0.114594	-0.311045	-0.065349	0.270118	0.267986	-0.139671	0.239902	-0.059239
-0.137906	-0.129845	0.278005	-0.127229	0.097358	0.090902	0.047156	0.149393	0.136552	-0.086347	-0.466434	-0.113273	-0.013735	0.050869	-0.119320	0.218526	-0.072155	-0.128936	-0.194453	0.225208	0.218214	0.099704	0.116103	0.567424	-0.061104
-0.236658	-0.158631	-0.049203	0.197629	0.126793	0.417179	0.244520	0.285782	0.004581	-0.061685	-0.037643	-0.054334	-0.158011	0.489868	-0.007121	-0.012555	-0.024364	0.107830	-0.377331	0.185911	0.052375	0.174799	-0.084918	0.112977	-0.173200
-0.080650	-0.267442	0.061331	0.083704	0.335938	-0.279790	0.435698	0.042499	0.252592	-0.047322	0.059754	-0.160580	-0.184255	0.179163	-0.083441	0.078655	-0.252644	-0.002825	-0.336684	-0.090174	-0.143331	0.339057	-0.097277	0.153366	0.004213
-0.212396	-0.248677	0.329662	-0.035172	0.036899	0.049938	0.226652	0.193715	0.368308	0.000345	-0.376640	-0.291309	0.197121	0.084314	-0.172130	0.295880	-0.035448	-0.047888	-0.176798	0.189949	-0.030697	-0.017675	-0.125692	0.277323	0.004969
-0.155786	-0.244069	0.310034	-0.033036	0.144310	0.452251	0.248909	0.058882	0.213927	-0.103700	0.060718	-0.348279	-0.085112	0.082549	-0.192388	0.191089	-0.224860	-0.155391	-0.126423	0.119526	0.370968	0.042763	0.081073	0.071631	-0.054333
0.406312	-0.094686	0.249782	0.015976	0.169008	0.165301	0.033072	0.108074	-0.014333	0.164735	0.011523	-0.276209	-0.109074	0.159203	-0.076327	-0.277739	-0.082797	-0.082259	-0.180778	0.071726	0.302291	-0.036083	-0.149236	0.515765	0.195570
-0.179001	-0.072927	0.207100	0.096613	0.109061	0.112694	0.113537	0.214201	0.128946	0.470931	0.040793	-0.010210	-0.221138	0.060729	-0.041553	0.252353	-0.124432	-0.218548	-0.376071	-0.027894	0.256060	0.008229	0.053680	0.418881	0.139456
-0.141432	-0.196587	0.285165	0.194897	-0.070402	-0.336147	0.203976	0.090660	0.301848	-0.044839	0.018075	-0.079954	-0.317892	0.040829	-0.166922	0.141302	0.234291	0.156179	-0.420728	-0.030779	0.144081	0.206367	0.155385	0.242054	0.023482
-0.174520	-0.093245	-0.019483	-0.031901	0.357603	-0.072552	0.393318	0.061703	0.015369	-0.120609	-0.165382	0.001111	0.056670	0.276246	-0.170561	0.041828	0.164859	-0.184993	-0.420876	0.079522	0.021459	-0.070102	-0.255982	0.443296	-0.055024
-0.078394	-0.178567	0.409732	-0.004512	0.146172	0.244314	0.312437	0.107927	-0.136926	-0.157614	-0.240944	-0.206240	0.030768	0.006003	-0.090807	-0.055630	-0.043074	-0.157340	-0.292840	-0.031910	-0.147819	0.379736	-0.091147	0.239207	-0.319815
-0.225725	-0.128140	0.193875	0.070955	0.358279	0.356421	0.174785	-0.075375	-0.242756	0.095319	-0.289844	-0.048341	0.072367	0.247086	-0.038719	0.145112	0.113006	-0.092284	-0.141062	0.467487	-0.030596	0.053045	-0.093985	0.287813	-0.004356
0.154479	-0.293759	-0.212594	-0.077439	0.144501	-0.128752	0.289333	-0.062776	-0.110291	0.041781	-0.130914	-0.075780	-0.161120	0.333427	0.273469	0.303358	-0.053595	-0.237380	-0.175554	0.138313	-0.001094	0.366541	-0.074017	0.257861	0.239384
0.041300	-0.144788	0.309982	-0.202793	0.097523	0.108605	0.111913	-0.001110	-0.101255	-0.090616	-0.493353	-0.255941	-0.096703	-0.010713	-0.087774	0.129560	0.188796	-0.325835	-0.360690	0.065835	0.134011	0.148354	-0.058563	0.350595	0.049033
0.010109	-0.339984	0.053946	-0.097344	0.001962	0.257556	-0.162879	0.147176	0.008820	-0.040021	-0.069984	-0.314063	-0.354988	0.292920	-0.136674	0.011507	0.002227	-0.121077	-0.329283	0.207691	0.242542	0.136104	-0.230047	0.352793	-0.024246
0.037969	-0.346443	0.228040	-0.193976	0.024859	0.224266	-0.006168	0.033276	0.196493	-0.067346	-0.292057	-0.393596	-0.008047	-0.216174	0.066815	0.128555	-0.026981	0.015556	-0.433831	0.299213	-0.069832	0.163629	-0.038491	0.255598	0.092362
0.082242	-0.086843	0.146374	-0.122863	0.267218	-0.084560	0.245819	-0.225960	0.030270	0.007651	-0.306090	0.054096	-0.149579	-0.099286	-0.133032	0.016500	0.171431	-0.153155	-0.370658	0.098132	-0.219759	0.388979	-0.267852	0.359276	0.105143
0.038168	-0.083260	0.276588	0.128018	0.314976	0.178641	0.272122	0.194246	0.205176	0.025923	-0.328600	-0.115999	0.067591	0.106517	0.047898	0.333101	-0.068788	-0.173219	-0.117450	0.103120	0.027602	-0.065047	0.110108	0.359939	0.395742
-0.045068	-0.053806	0.225976	-0.099063	0.242421	0.220657	0.038979	-0.003901	0.147439	0.224381	0.135046	-0.516622	-0.281462	0.093059	-0.090081	0.023177	-0.025337	0.181483	-0.361116	0.165947	0.305784	0.223171	-0.010238	0.129048	-0.140933
-0.372736	-0.122257	0.149547	0.150992	0.095105	0.114139	0.358980	0.161685	-0.195522	-0.281166	-0.265814	-0.140832	0.100622	-0.023653	-0.049008	0.045656	-0.064214	-0.115877	-0.410052	0.278372	0.028595	0.146802	-0.109445	0.305481	-0.100413
0.020890	-0.148375	0.174504	0.309235	0.407690	0.028542	0.285814	-0.027504	-0.118339	0.305251	-0.028834	-0.171869	0.197201	0.100881	0.276061	0.004585	-0.048868	-0.217683	-0.250972	0.043250	0.287867	0.155003	-0.085172	0.303732	0.134603
0.061279	0.127626	0.322248	0.073529	0.157909	0.058819	0.257276	-0.155337	0.077896	0.023170	-0.140875	-0.117324	-0.337480	0.016942	-0.290347	-0.075085	0.099779	-0.303019	-0.272855	0.125870	0.305680	0.369357	0.061776	0.284506	0.031028
0.141045	0.211068	0.309025	0.143949	0.094812	0.111534	0.245791	0.177040	-0.007061	-0.123047	-0.110950	-0.418633	0.020417	0.130261	0.141342	0.019178	-0.028284	-0.252258	-0.109887	0.267213	0.176136	0.250524	0.101223	0.409435	0.214679
-0.102013	-0.247506	0.035326	0.115020	0.094653	0.252321	0.057796	0.156794	-0.216525	-0.077712	-0.321533	-0.063735	-0.146577	-0.111775	0.089541	0.030343	0.182531	-0.430236	-0.256749	0.060153	-0.142429	0.155903	-0.086539	0.453212	0.254131
0.133394	-0.180722	-0.195226	0.304364	0.405286	0.082012	0.363908	0.052344	-0.187244	0.087995	-0.096003	-0.004660	-0.033164	0.163424	0.176483	0.275674	-0.109064	-0.108289	-0.197061	0.295067	0.108095	0.108375	0.064749	0.350047	0.161175
0.093244	-0.429883	0.065966	0.059863	0.124106	0.018132	0.344512	-0.154457	0.040690	0.044171	-0.542189	0.202366	-0.006576	0.120363	0.012532	0.227398	0.105425	-0.136415	-0.276071	0.175400	0.059824	0.158213	-0.031730	0.260048	0.037736
-0.107034	-0.014287	0.274792	-0.019732	0.290222	0.370837	0.269021	-0.082462	-0.020609	0.265996	-0.459670	-0.118123	-0.217037	0.144094	-0.057342	-0.079435	0.259608	-0.184182	-0.194067	0.047212	-0.055139	0.190061	0.060435	0.194817	-0.125079
0.008651	-0.036525	0.198029	-0.012957	0.218679	0.267230	0.202407	0.009656	-0.118168	-0.115055	-0.371100	-0.315908	-0.138059	0.125619	0.255950	-0.176675	0.117895	-0.315013	-0.155998	0.076513	-0.012601	0.235050	-0.108834	0.414183	-0.143222
-0.176619	-0.334266	-0.139444	0.278668	0.229418	0.185218	0.177962	0.387207	-0.081056	0.139943	-0.070559	-0.211429	-0.141505	0.216766	0.303564	-0.012464	0.179821	0.007768	-0.276827	-0.096315	0.218267	0.165771	-0.128217	0.127696	0.173519
-0.250448	-0.131483	0.039114	-0.005176	0.172736	0.229658	0.509037	-0.051006	0.200275	-0.021661	-0.233256	-0.188972	0.166870	0.019494	-0.082565	0.147835	0.082293	-0.296537	-0.253099	0.173425	0.287659	0.243011	-0.032331	0.222534	0.072970
-0.146192	-0.229595	0.097864	0.232434	0.253826	0.203573	0.191376	0.092470	0.129374	-0.003438	-0.149614	-0.477895	-0.139425	0.176068	0.380995	0.008174	0.054324	-0.249505	-0.051318	0.050349	-0.062305	0.298564	-0.270223	0.101517	-0.036952
-0.150620	0.109804	0.050118	-0.009708	0.127359	0.045976	0.242155	0.174003	-0.054136	0.077514	-0.449650	-0.154864	-0.077285	-0.133490	0.050697	-0.007419	0.262120	-0.137016	-0.369547	0.184953	-0.071644	0.371911	-0.191742	0.390885	0.051137
0.223136	-0.219200	0.019327	-0.197409	0.164367	-0.107556	0.123531	-0.086606	0.141574	0.026983	-0.445157	0.035157	-0.006681	0.146045	0.055324	0.075192	0.159528	-0.174607	-0.495207	0.063006	-0.176841	0.273975	-0.163335	0.330769	-0.060452
-0.153574	0.121653	0.078323	-0.116299	0.112237	0.131468	0.237534	-0.038127	0.132403	-0.069092	0.059480	-0.496787	-0.186189	0.107343	-0.031631	0.052699	-0.019310	-0.091714	-0.285072	0.247033	0.152184	0.407742	-0.257650	0.319876	-0.149662
-0.416746	-0.150973	-0.131705	0.168777	0.030550	-0.145447	0.139510	-0.000877	0.193399	0.115585	-0.229310	-0.197626	-0.042201	-0.092092	0.258763	0.095396	0.063582	-0.047970	-0.255318	0.137798	0.159629	0.016391	-0.258899	0.520531	-0.182134
-0.023867	-0.137577	0.013353	0.152478	0.426978	0.209916	0.272508	0.255740	0.218499	-0.105464	-0.186437	-0.383261	-0.313914	0.117429	-0.273740	0.002186	0.142821	0.027094	-0.038963	0.098469	0.270339	0.198485	0.065817	-0.046729	-0.109145
-0.221687	-0.062598	0.214241	0.184989	0.342433	0.114085	0.183753	0.045090	0.249971	0.027769	0.125852	-0.372723	-0.266037	-0.188428	-0.222589	-0.065960	-0.087735	0.202347	-0.260471	-0.001903	0.165491	0.378485	-0.017281	0.148182	0.114731
-0.121387	-0.064547	0.310773	-0.059092	-0.044948	-0.050224	0.239598	0.076407	0.028698	0.129269	-0.447031	-0.159288	-0.276293	0.243421	-0.102232	0.094223	0.091422	-0.085259	-0.357446	0.050353	0.094499	0.436513	-0.113713	0.222954	0.086784
-0.180128	-0.117314	0.046340	0.031337	0.047443	0.321659	0.035587	-0.039993	0.014555	0.055187	-0.384199	-0.034691	-0.063068	0.193723	-0.137323	0.128722	0.165088	-0.128535	-0.226840	0.426625	0.352700	0.264158	-0.180438	0.142753	0.297866
-0.277207	-0.273822	-0.079084	-0.016692	0.295817	0.024842	0.124712	0.151742	0.039800	0.058149	0.006842	-0.328021	-0.305177	0.146568	-0.014443	-0.058430	0.190649	0.175178	-0.448404	-0.043178	0.046195	0.356123	-0.234721	0.113703	-0.130954
-0.158633	-0.100507	0.235903	-0.177866	-0.010640	0.032181	0.000537	-0.048770	0.276541	0.067809	-0.185639	-0.454446	0.191898	0.159911	-0.262739	0.135155	0.081787	-0.225761	-0.234975	0.238851	0.300072	0.019170	0.055813	0.365114	0.073583
-0.031027	-0.326516	0.014960	0.108157	-0.029710	0.064239	0.078786	0.068630	-0.023485	-0.167937	-0.488556	-0.272044	-0.098802	0.117664	0.041330	-0.037891	0.002195	-0.257645	0.050594	0.188255	0.230053	0.128109	-0.037593	0.563467	-0.061207
0.022510	-0.249025	-0.000054	0.336809	0.350606	-0.091826	-0.020297	0.147943	0.153460	0.189831	0.243335	-0.254613	-0.169618	0.446640	-0.032167	0.167968	-0.107441	-0.023772	-0.036506	0.146750	0.115660	0.144202	-0.182272	0.294674	0.200120
-0.064869	-0.352998	-0.024080	0.111332	0.149119	0.007609	0.195955	0.201383	-0.065508	-0.059354	0.014983	-0.355656	-0.252216	0.200748	0.367088	-0.012190	0.023474	-0.072938	-0.459549	0.223354	0.106243	0.235585	-0.145704	0.167425	0.025015
-0.170693	-0.252496	0.055304	-0.189322	0.192454	0.226457	0.323513	0.129436	0.216951	0.143831	-0.202103	-0.062610	-0.280347	0.162848	-0.121315	0.233597	-0.243921	-0.009695	-0.176440	0.113706	0.287976	0.405071	-0.089237	-0.109571	0.030331
-0.048880	0.015816	-0.143792	0.359779	0.091495	-0.131537	0.345873	0.095563	0.321507	0.234357	0.023029	-0.218560	0.017531	0.088073	0.086904	0.133388	0.162406	0.148354	-0.174550	-0.090766	0.266379	0.223461	-0.189888	0.446438	0.097285
0.188434	-0.058254	0.086732	-0.078176	0.181223	0.165648	0.154467	0.251570	0.072050	0.022241	-0.291847	0.065762	0.040688	0.305926	-0.169553	0.067814	-0.051449	-0.208490	-0.467311	0.188847	-0.210111	0.104597	0.045569	0.453616	-0.114755
-0.013065	-0.126139	0.031708	0.072855	0.132536	0.147956	0.369628	0.109954	0.098818	-0.053920	-0.267300	-0.138605	-0.116237	0.129578	0.152772	0.181366	-0.089999	-0.404183	-0.465911	0.010963	0.016225	0.132577	-0.080900	0.431791	0.008979
-0.075295	-0.018348	0.340915	-0.001869	0.060804	0.207993	0.307233	0.071926	0.055037	-0.010633	-0.469211	-0.150961	0.008221	-0.055488	-0.215895	0.051832	-0.177080	-0.044025	-0.454526	0.306714	-0.010009	0.185471	0.002943	0.222621	-0.121156
0.000020	-0.005201	0.214910	0.297193	0.251072	0.130121	0.140737	0.154019	0.122542	-0.001070	0.097962	-0.522743	-0.048243	-0.010766	-0.132801	0.176636	-0.053971	0.022220	-0.018219	0.045696	0.247837	-0.088495	0.172619	0.506869	0.176118
0.054906	-0.392460	0.055595	-0.145353	0.191676	0.191302	0.292806	-0.050747	-0.090264	0.262524	0.048919	-0.334002	-0.116965	0.047441	0.065793	-0.115860	0.067005	-0.018891	-0.484555	0.005900	0.116546	0.163597	-0.128768	0.300125	-0.213816
0.084468	-0.388557	0.038176	0.066567	0.047173	-0.058115	0.264852	-0.112574	0.000918	-0.004338	-0.339934	-0.061208	-0.374271	-0.062240	0.076251	0.203549	0.180144	0.111575	-0.536073	0.034469	0.001511	0.196943	-0.013228	0.198534	-0.158791
0.052035	-0.384241	0.089255	0.137354	0.129403	-0.034223	0.070515	0.169989	-0.214331	0.051730	0.210597	-0.133509	-0.301745	0.332448	0.045580	0.092299	-0.056168	-0.048446	-0.327770	0.030776	0.243666	0.303395	-0.065325	0.406799	0.114105
-0.105741	-0.012255	0.239459	0.332115	0.309885	0.109608	0.183651	0.066523	-0.103235	-0.009819	-0.209271	-0.217051	-0.113126	0.385890	0.144942	0.084610	-0.150268	0.078195	-0.337431	0.149490	0.088295	0.006438	-0.258442	0.326108	-0.193442
-0.241317	-0.141888	0.182538	0.284493	0.214752	0.400254	0.172020	0.276861	-0.040510	-0.121394	-0.305168	-0.313043	-0.078293	0.313038	-0.178564	0.039256	-0.168640	-0.066577	0.019968	0.195099	0.228044	0.008310	-0.027410	0.152056	-0.049830
0.058119	-0.158799	0.199648	0.233341	0.237959	0.290213	0.204497	-0.138077	0.065087	0.163577	-0.120160	-0.185407	-0.162950	0.061852	0.075518	0.291239	0.093406	0.008678	-0.332511	0.101868	0.430983	0.168136	-0.124114	0.326183	0.095392
0.090159	-0.170448	0.210385	-0.209548	0.335802	0.143455	0.211845	0.347014	-0.141626	0.087605	-0.097518	-0.202344	0.068973	0.186465	0.291496	0.199757	0.219429	-0.052426	-0.093173	0.017913	0.188348	0.449903	0.051070	0.136310	0.120194
-0.220789	-0.025590	0.222482	-0.101518	0.346464	0.400202	0.244204	0.150311	0.243456	-0.091346	-0.265243	-0.239278	0.032959	0.034298	-0.232204	-0.010346	-0.010861	-0.202332	-0.292562	0.238701	0.141578	0.141595	-0.157784	0.121932	-0.115632
-0.216010	-0.375037	0.231387	0.061555	-0.024535	-0.144762	0.379701	0.129199	0.077131	-0.192495	-0.083726	-0.458864	-0.033002	0.224707	-0.039335	0.250495	-0.066772	-0.049304	-0.189770	0.035915	0.214923	-0.049200	-0.203394	0.195904	-0.154711
0.025275	-0.423761	-0.021193	-0.160958	0.288563	0.244552	0.229823	-0.230638	-0.000076	0.128697	-0.011356	-0.218455	-0.330500	0.140359	0.292239	0.134620	-0.012757	-0.120385	-0.314603	0.082802	0.122216	0.284209	0.002736	0.020925	0.175581
0.010074	-0.310703	-0.121162	0.420898	0.257327	0.171824	0.385889	0.077124	0.060615	0.108522	0.063858	-0.298533	-0.178824	0.217184	0.091820	0.041722	0.164392	-0.013673	-0.403456	-0.029575	0.224560	-0.006421	-0.096548	-0.030227	-0.106726
-0.175677	-0.196695	0.115832	0.191324	0.031459	0.111684	0.107043	0.071621	0.067212	-0.042763	-0.290073	-0.292361	-0.086168	0.166197	0.041559	-0.131869	0.368672	-0.193217	-0.217066	0.123193	0.173703	-0.092429	-0.032351	0.531006	-0.250945
-0.051889	-0.338763	0.192790	-0.097912	0.366193	-0.020163	0.174548	0.085262	-0.120914	-0.043654	-0.105879	-0.289456	-0.169223	0.184356	-0.182322	-0.080867	-0.161126	-0.022881	-0.509291	0.022359	-0.095865	0.037654	-0.279956	-0.052543	0.267434
-0.292823	-0.210395	0.191349	0.149877	0.193093	0.230158	0.057494	0.195264	-0.039632	0.029146	0.050188	-0.325202	-0.016956	0.090024	-0.188509	0.002834	0.143854	0.150260	-0.547544	0.007233	0.115148	0.381817	0.004481	0.046216	-0.142343
-0.298666	0.003117	0.134002	-0.071327	0.202165	0.216222	0.449767	-0.055244	-0.021192	0.205973	-0.239861	-0.134718	-0.186982	0.118754	-0.054114	-0.065020	-0.203100	-0.030353	-0.456755	0.201464	0.191311	0.161731	-0.247821	0.051392	-0.042508
0.057494	-0.157219	0.026251	0.170956	0.158281	-0.092823	0.053771	0.163648	0.014304	0.125123	-0.047138	-0.439888	-0.210577	0.089237	-0.079296	0.100093	-0.093593	-0.171754	-0.557666	-0.010019	0.341159	0.212951	-0.083301	0.237224	-0.155635
-0.422031	0.072525	-0.064292	0.207863	0.060112	0.148512	0.474811	0.099041	-0.104583	0.146498	-0.100252	-0.507472	0.037926	0.123685	0.130525	0.008492	0.029127	0.015159	-0.192546	-0.044739	0.127967	-0.008340	-0.102256	0.326476	0.030034
-0.273828	-0.198129	0.009281	0.088276	0.112784	-0.028205	0.414967	0.147945	-0.080358	0.054901	0.029563	-0.341853	-0.101829	0.170742	0.083060	0.154169	-0.122514	0.170637	-0.591395	-0.041173	-0.052954	0.233321	-0.003076	0.113173	-0.085175
-0.081491	0.021985	0.399946	-0.077371	0.150947	0.082426	0.224293	-0.204726	0.305782	-0.052803	-0.085701	-0.241123	-0.237583	0.137778	-0.100412	-0.061132	-0.023213	-0.233021	-0.436766	0.086706	0.207640	0.369786	-0.097622	-0.007487	-0.107459
0.184235	-0.296003	0.166650	0.134855	0.071948	0.084194	0.080033	-0.215055	0.126754	-0.132700	-0.226346	-0.123850	-0.008715	0.321728	-0.112808	-0.133996	-0.147625	0.296576	-0.126654	-0.065644	0.360793	0.202822	0.015619	0.417863	-0.238299
0.035169	-0.393562	0.037488	-0.012588	0.165661	0.255966	0.160099	-0.074660	0.059675	-0.086095	-0.583320	0.057239	0.014188	-0.018734	-0.037721	0.229154	0.092816	-0.203852	-0.392782	0.148195	0.022780	0.224878	0.062045	0.166714	0.000293
0.104234	-0.346787	0.108161	-0.075715	0.318150	0.274545	0.191707	-0.193654	-0.117579	0.079206	0.161784	-0.292183	-0.042380	0.069136	0.080624	-0.103253	-0.082303	-0.080129	-0.442255	0.117999	0.039659	0.420832	-0.164082	0.003476	0.129993
0.316320	-0.180325	0.079288	0.119137	0.201957	-0.059873	-0.050786	0.173903	0.011429	0.073332	-0.168247	0.031970	-0.009795	-0.028325	-0.240411	0.428119	0.253489	-0.171040	-0.315407	0.087604	0.246496	0.155701	-0.058450	0.435617	0.118674
-0.142275	0.055734	0.183941	-0.035791	0.043393	0.143060	0.218015	-0.097509	0.205882	-0.037212	-0.299749	-0.280227	-0.001111	0.233939	-0.303262	0.076828	-0.122981	-0.038549	-0.213344	0.301877	0.153044	0.399488	-0.081216	0.310521	0.241066
-0.026986	-0.113616	0.004929	-0.046284	0.189687	-0.337772	0.254876	0.124474	0.100038	0.016511	0.166139	-0.284324	-0.030591	0.065917	0.019390	0.308273	-0.012485	0.112694	-0.428162	0.118011	0.408770	0.064973	-0.047031	0.386113	-0.039309
-0.133775	-0.295647	0.236397	0.184331	0.240764	0.293562	0.177901	0.086410	-0.203843	-0.117065	-0.113930	-0.294365	-0.180396	0.191041	0.139512	-0.233687	0.147900	0.085877	-0.406346	0.081467	0.014263	0.320586	-0.017503	0.134785	0.033468
-0.329927	-0.250837	0.093828	0.153426	0.037432	0.288809	0.065880	0.083388	-0.075115	-0.099617	-0.056777	-0.430930	-0.077179	0.227851	0.041272	-0.043755	0.263600	-0.087509	-0.378922	0.035013	0.111137	0.118735	-0.209556	0.302147	-0.224038
-0.066744	-0.233684	-0.006758	0.017321	0.364003	0.106473	-0.042520	-0.102832	0.124814	0.075979	-0.417502	-0.112428	-0.389315	0.268614	-0.025203	-0.003988	0.225149	0.001810	-0.138687	-0.018837	0.208716	0.260570	-0.257619	0.319457	-0.039248
-0.100057	-0.152398	-0.029528	0.163478	0.606701	0.161056	0.264908	0.192277	-0.107185	0.085893	-0.322130	0.048245	-0.040356	0.118367	0.095264	0.206098	-0.129577	-0.072916	-0.226615	0.065655	0.179537	0.007530	0.043101	0.347324	0.115277
-0.122969	-0.098302	0.266648	-0.110546	0.320806	0.140848	0.415004	0.210977	-0.126296	0.142624	-0.315218	0.042305	-0.163951	0.024053	-0.000133	0.127612	0.015706	-0.184650	-0.161935	0.044990	0.020895	0.407089	-0.149533	0.345819	-0.022665
-0.359881	-0.115210	0.244586	0.188322	-0.005530	0.148322	0.278367	0.296322	0.263772	-0.092723	-0.290145	-0.227995	-0.294864	0.086792	0.095174	-0.080943	0.176246	-0.057306	-0.268554	0.097751	0.143007	-0.054704	0.057667	0.313940	0.093927
0.023952	-0.196911	0.117508	-0.019765	-0.041606	0.211402	0.194587	-0.058125	0.126124	0.125454	-0.008385	-0.279621	0.063277	0.292176	-0.250387	-0.180706	-0.115724	-0.151764	-0.590873	-0.125913	-0.033700	0.254104	-0.105614	0.291411	-0.031259
-0.034142	-0.037368	0.292198	0.027496	0.264471	0.096965	0.075605	0.067814	0.063636	0.126173	-0.003217	-0.681437	-0.045960	0.194710	-0.011893	-0.084058	-0.205738	-0.001486	-0.230334	0.126274	0.184110	0.305159	-0.223109	0.021693	0.038435
-0.025954	-0.239659	-0.051079	-0.195528	0.290861	0.057446	-0.009660	-0.101082	-0.009827	0.189255	-0.311765	0.026259	-0.093594	0.298606	0.097199	0.100395	0.194504	-0.010221	-0.505351	-0.180970	0.169220	0.384599	0.061447	0.209382	-0.036747
-0.290429	-0.090659	-0.007252	-0.041006	0.392587	0.383655	0.287189	0.267227	0.050295	-0.047477	-0.307651	-0.432787	-0.026624	0.135698	-0.021210	-0.047915	-0.108250	-0.114187	-0.198761	0.103805	0.105848	0.065816	-0.053225	0.219989	-0.009296
-0.292282	-0.028684	-0.061280	0.159861	0.178374	-0.125527	0.340041	-0.056470	-0.115328	0.073630	-0.097959	-0.173298	0.102671	0.344015	0.042899	0.101639	0.255014	-0.168119	-0.223609	0.108602	0.420298	0.320508	-0.023383	0.244487	-0.154436
-0.063485	0.084793	0.008528	-0.161484	0.121949	-0.020219	0.080496	0.006016	0.057401	0.176992	-0.018584	-0.517035	-0.034814	0.190618	-0.005304	0.227006	0.154821	0.095878	-0.401987	0.164367	0.255922	0.473168	-0.031587	0.121005	0.150464
0.063929	-0.408107	0.039409	0.088333	0.305669	0.140562	0.229775	0.154773	-0.048457	0.126195	0.112083	-0.160512	0.063272	0.167027	0.034795	0.089685	0.012096	-0.126209	-0.446001	0.118020	0.175588	0.263356	-0.038234	0.432380	0.121596
-0.120906	-0.406124	0.085444	0.135427	0.291687	0.152747	0.318363	0.054122	-0.130292	0.023074	-0.029661	-0.368085	-0.139689	0.238573	-0.174347	0.031582	0.121667	0.039284	-0.413824	0.081406	0.048273	0.068767	-0.167284	0.236920	-0.187111
-0.092447	-0.296440	0.121596	0.034379	0.368612	0.393568	0.145369	0.053963	0.084144	0.075470	-0.453231	-0.055327	-0.160453	0.243975	0.041544	0.157051	-0.184870	-0.092700	-0.157643	0.155474	0.167220	0.135077	-0.197949	0.231441	0.095548
-0.108285	-0.278250	0.071700	0.231310	0.248640	0.201156	0.120416	0.007203	-0.090542	-0.044705	-0.200238	-0.270718	-0.185720	0.216408	-0.060068	0.121996	0.075627	-0.151564	-0.520983	0.100369	0.275922	0.066180	0.017809	0.347214	0.019947
0.016325	-0.379207	-0.025128	0.128924	0.135423	-0.017737	0.110320	0.029779	0.110418	-0.022018	-0.425053	-0.080767	-0.017804	0.126346	-0.249603	0.176432	0.125840	-0.024341	-0.335978	0.113853	0.315058	0.327642	-0.241228	0.288208	-0.085162
-0.234753	-0.307494	-0.083192	0.127548	0.114092	0.164564	-0.059658	0.089610	-0.113033	0.160118	-0.416292	-0.285075	-0.033169	-0.022025	0.059220	0.084385	0.238905	-0.265745	-0.170071	0.104863	0.117818	0.257258	-0.201041	0.380530	0.193309
-0.004061	-0.152988	0.199916	0.206110	0.399989	0.469751	0.174310	0.152619	0.006513	0.154079	0.069261	-0.130127	-0.243972	-0.004024	-0.061579	0.137706	0.127763	-0.109132	-0.144915	-0.109967	0.265339	0.290786	-0.110604	0.238453	-0.215896
