0.272627	-0.136786	-0.143994	0.143675	-0.004634	0.039472	-0.084957	-0.002394	-0.139216	0.192566	-0.141837	-0.115004	-0.389227	0.142775	-0.145274	-0.058556	-0.323611	-0.202250	-0.268562	0.329580	-0.067990	-0.073068	-0.138790	0.444332	-0.132397
0.002315	-0.419908	-0.081715	0.072767	0.198895	0.060602	-0.078706	0.017000	0.015693	0.106750	-0.174352	-0.075012	-0.101714	0.295467	0.061702	-0.033568	-0.075374	0.392882	0.020941	0.040393	-0.056895	0.227960	-0.257195	0.571063	-0.046508
0.175839	-0.518669	-0.317452	0.196403	-0.124748	0.092108	-0.179831	-0.132277	-0.028438	0.012868	-0.056509	0.109921	-0.136167	0.178588	-0.123615	-0.168652	-0.172406	0.241502	-0.026816	-0.122631	-0.220911	0.143672	-0.019620	0.401284	0.204352
-0.193580	-0.048205	0.027807	0.255853	-0.270556	0.333722	-0.162050	-0.024720	-0.250282	-0.086173	-0.012942	-0.187688	0.077984	0.118702	0.315231	-0.073111	-0.194434	0.150363	-0.178324	0.172098	0.065403	0.083091	0.045883	0.563079	-0.001500
-0.286410	-0.213298	-0.302200	0.170995	0.144623	0.261534	-0.129531	-0.118347	-0.101060	0.108710	-0.029014	-0.340375	-0.223333	0.073018	0.124446	0.129664	-0.048359	0.171485	-0.236937	0.014781	0.135111	0.341271	-0.098785	0.395607	-0.128390
0.099525	-0.098738	0.021071	0.170874	-0.020032	0.291834	-0.211671	-0.087489	0.056119	-0.002315	-0.324130	-0.026513	-0.022178	0.516309	0.079855	0.135472	0.277772	0.056111	-0.253832	0.099509	-0.017659	0.092906	0.045865	0.316425	0.382298
0.004777	-0.022176	-0.082352	-0.095053	-0.282403	0.229728	0.105820	-0.134621	-0.281395	-0.009180	-0.140927	-0.226503	-0.253671	0.107801	0.304210	0.051238	0.263502	0.249449	-0.196552	0.119219	0.061453	0.163199	-0.185533	0.418156	0.275789
0.095957	0.006713	-0.025449	0.124719	-0.165969	0.032231	-0.227249	0.178641	-0.309000	0.089394	-0.106128	-0.230315	-0.132342	0.132551	-0.039927	0.125420	0.020512	0.049615	-0.137797	0.033930	0.045649	0.346694	-0.383342	0.414185	0.422390
-0.131430	-0.512280	-0.089712	-0.037665	0.044527	0.012760	-0.359228	0.048397	-0.300208	0.009159	0.019816	0.062098	-0.142097	0.053444	0.252615	-0.053994	0.035290	0.130412	-0.306214	0.096639	0.218621	0.219539	-0.220960	0.340096	0.105928
-0.110153	-0.084961	-0.129723	-0.021858	-0.101530	0.082664	-0.292872	-0.034384	-0.106618	0.040594	0.208385	-0.479786	0.038298	0.277523	0.279261	-0.048069	0.098421	0.343091	-0.185529	0.315658	-0.110156	0.230869	-0.151229	0.251194	0.031062
-0.227509	-0.280763	-0.163860	0.155580	0.219893	0.045968	-0.099523	-0.097587	-0.286971	-0.168960	0.012524	-0.241697	-0.037062	0.032587	0.452156	0.017471	0.106221	-0.015946	-0.205873	0.062616	0.220786	0.321587	-0.141221	0.364701	0.094045
0.034506	-0.148929	-0.047785	0.209955	0.024267	0.152367	-0.053037	0.077943	-0.168836	0.293886	0.008423	-0.113212	-0.307326	0.380258	-0.297891	0.158562	0.020979	0.022581	-0.469724	0.048884	-0.062053	-0.193079	-0.095814	0.354666	-0.129634
0.226224	-0.247029	-0.089617	0.330536	-0.011537	0.020311	-0.065443	0.047333	-0.220029	0.076403	0.080848	0.161313	-0.207774	0.222536	-0.149834	-0.235006	-0.160020	0.171275	-0.225809	0.045099	0.043997	-0.001138	-0.024200	0.585043	-0.231309
0.127468	-0.231269	0.086279	0.243102	-0.048239	0.027814	-0.201729	0.146706	0.139405	0.179132	-0.271751	0.019055	-0.268618	0.327895	-0.152397	-0.058878	-0.255240	0.235362	-0.139090	-0.067362	0.099501	0.022130	-0.096487	0.547107	-0.053458
0.046380	-0.183830	-0.046765	0.221445	-0.046001	-0.031218	-0.261741	-0.140041	-0.176257	0.273201	-0.278472	-0.110906	0.017593	0.148363	0.027187	0.154508	-0.126478	0.155773	-0.098716	-0.131884	0.149002	0.123465	0.027092	0.587789	-0.357855
-0.109703	-0.152844	-0.143465	0.109062	0.091626	0.136625	-0.311302	-0.076320	-0.119598	-0.040601	-0.066149	-0.254513	-0.081393	0.211865	0.084017	-0.375822	-0.156588	0.186065	-0.206987	0.162192	0.082946	0.098519	-0.111797	0.600032	0.001418
0.058282	-0.285910	-0.086079	-0.088880	-0.286486	0.009643	0.030209	-0.117040	-0.011524	0.098050	-0.098051	-0.122014	0.013796	-0.026635	0.014952	0.162387	-0.187815	0.363186	-0.269935	0.132977	-0.154165	0.397426	-0.280138	0.434225	-0.185908
0.044346	-0.084596	0.173525	-0.080239	-0.106256	0.129604	-0.112850	-0.502636	-0.307705	0.128743	0.077705	0.001926	-0.138443	0.204754	0.013314	0.130358	-0.044738	-0.042245	-0.005260	0.018940	0.009204	-0.107158	-0.211118	0.633511	-0.060460
0.252999	0.042906	0.128870	0.004176	-0.037278	0.111242	-0.328754	-0.263157	0.037704	0.156709	-0.400795	-0.213780	-0.249291	0.102296	-0.059234	-0.018599	-0.043877	0.311312	-0.189612	0.318356	-0.005762	-0.007739	0.128776	0.372802	0.160767
0.067737	-0.119318	-0.262108	-0.155667	0.125306	-0.249340	-0.081658	0.028558	-0.104242	0.107753	-0.140314	-0.099438	-0.026628	0.340412	-0.139310	0.184899	-0.134941	0.229392	-0.107595	-0.166530	0.117969	0.185554	0.155887	0.627994	-0.059040
0.103209	-0.134467	-0.028057	0.180310	-0.116360	0.117946	-0.112158	-0.123429	-0.057637	0.289031	-0.180115	0.167975	-0.071978	-0.022148	-0.013901	0.119987	0.153746	0.355049	-0.275004	0.073569	0.131047	0.294977	-0.068400	0.610647	-0.049321
0.166402	-0.374534	0.100810	0.046388	-0.193845	0.018712	-0.254978	0.079326	-0.139869	0.280282	-0.253446	0.217092	0.243636	0.142831	-0.283896	-0.027973	-0.020610	0.315300	-0.208422	0.039289	-0.029516	-0.012290	-0.055787	0.436550	-0.018225
0.278666	-0.423920	0.062965	0.175996	-0.316074	0.184769	-0.157853	-0.187371	0.269826	0.018937	-0.184894	-0.093080	0.004302	0.170963	-0.162916	-0.057089	0.143082	0.252039	0.095630	0.138807	-0.239260	0.296092	-0.005459	0.245147	-0.145314
0.209838	0.058484	0.330625	-0.015537	-0.213224	-0.116085	0.179366	-0.123907	-0.015835	-0.074644	-0.046844	-0.071628	0.249860	0.179948	-0.024285	-0.301194	0.165662	-0.012554	-0.050139	0.352543	0.289413	0.090369	-0.463809	0.209617	-0.178537
0.115843	0.045984	0.100606	-0.116898	-0.050746	0.064858	-0.034567	-0.042291	-0.050211	-0.011062	-0.021294	-0.164198	0.233150	0.373653	0.129811	-0.094508	0.553815	-0.192321	-0.074082	0.430524	0.017560	0.186956	-0.104880	0.261134	-0.228274
0.291981	-0.251723	-0.053357	0.189097	-0.055708	0.179810	0.033135	-0.017429	-0.106914	0.229270	0.256195	0.034323	-0.365682	0.361400	-0.119543	-0.260127	0.021008	-0.115031	-0.279992	0.066921	0.049399	0.126770	-0.074849	0.416984	-0.065607
0.028097	-0.124783	0.121723	-0.071298	0.128347	0.305060	-0.056266	-0.326498	-0.477128	0.220599	0.037392	-0.050580	-0.208754	0.117138	-0.110956	0.120995	-0.001970	-0.016019	-0.329886	-0.004471	-0.199386	0.106384	-0.122841	0.418210	-0.172481
-0.060211	0.127670	-0.079869	0.200882	-0.056907	0.019103	-0.207746	-0.416684	-0.114246	-0.149999	-0.081321	0.181166	-0.158104	0.323178	0.080517	-0.301363	0.117848	0.269665	0.092170	-0.054887	0.169895	0.093344	-0.221193	0.425713	0.213013
-0.005228	-0.163798	0.039478	-0.102937	-0.049924	0.181543	0.076234	-0.306514	-0.358766	0.022926	-0.023917	-0.255978	0.032961	0.214598	-0.068524	-0.360497	0.125891	-0.150666	-0.393795	-0.112723	0.102695	0.161125	0.002775	0.453407	-0.014988
-0.385300	0.136613	-0.129923	0.148328	-0.002523	0.137929	-0.053633	-0.167846	-0.370342	-0.050242	-0.148474	-0.324471	-0.224863	0.054467	0.236161	-0.204866	-0.167220	0.202755	-0.092983	0.190648	-0.213360	0.165611	-0.057485	0.363613	0.055782
0.182983	-0.270146	0.052154	0.192027	0.060944	0.029725	0.249047	-0.246190	-0.204421	0.060759	0.065772	-0.142334	-0.219551	0.459383	-0.039940	-0.050651	-0.158991	-0.425630	-0.043373	0.008532	0.245751	-0.183000	-0.119918	0.081902	-0.264364
-0.107746	-0.107054	0.280953	-0.060448	-0.239419	-0.178291	0.029631	-0.092494	-0.033390	-0.479330	-0.062971	-0.342161	-0.016160	0.079566	0.199740	-0.148241	0.176301	-0.110547	-0.100464	0.203241	0.475734	0.122387	-0.120159	0.060837	0.145882
-0.244543	0.102127	0.057537	-0.075696	0.024369	-0.210217	0.209511	-0.150974	0.122842	-0.183953	-0.110096	-0.546307	-0.084277	0.233551	0.051416	0.058864	0.021580	-0.121217	-0.142578	-0.035772	0.309397	0.291310	-0.225602	0.070765	0.329753
0.013552	-0.201226	-0.151334	-0.131927	-0.301395	-0.365667	0.047957	-0.186583	-0.145473	0.137136	-0.247262	0.064196	0.130247	0.121209	-0.314759	-0.215424	-0.170434	0.264867	0.014661	-0.221628	-0.044395	0.140682	-0.113584	0.437452	0.020604
0.066960	0.037569	-0.084080	-0.177458	-0.190256	-0.098647	0.183045	0.033574	-0.131743	0.141280	-0.240537	0.218524	0.227413	0.116392	-0.341410	-0.327548	-0.001761	-0.179970	-0.151649	0.258202	0.425357	-0.104026	-0.075988	0.325020	0.133129
0.298658	-0.147996	-0.004129	0.131183	0.116616	0.024974	0.253063	-0.135525	-0.146827	0.255205	-0.162255	-0.377757	-0.307239	0.234855	0.037572	0.175051	-0.034566	0.092458	-0.274176	-0.202231	0.113131	-0.214299	-0.300149	0.250593	-0.017281
-0.141618	-0.168368	-0.104047	-0.058479	0.019599	0.004465	-0.069852	-0.224305	0.093868	-0.039465	-0.242874	0.003760	-0.548099	-0.031689	-0.032353	0.208140	0.336450	0.115859	0.035926	0.216982	0.021629	0.414025	0.053874	0.336179	0.061654
-0.143959	0.135875	-0.086750	-0.194823	-0.014512	-0.001757	0.162724	-0.244654	0.197902	-0.146315	-0.100263	-0.154481	-0.102036	0.384718	-0.094578	0.103284	0.057044	0.254895	0.124527	0.269831	-0.087012	0.369413	0.180865	0.449536	0.144528
-0.224282	-0.207744	-0.036914	0.039707	0.018866	0.200197	0.003233	-0.270596	0.032716	0.005330	-0.434431	-0.086828	-0.380660	-0.254589	-0.168371	0.152858	0.010465	0.033161	0.150556	0.287086	-0.127149	0.251055	-0.105750	0.366337	-0.016040
0.060929	-0.134272	-0.091207	-0.106354	-0.214004	0.071503	0.052590	-0.328485	-0.194316	0.048638	0.293401	-0.024868	0.152429	0.232654	0.082966	0.301639	-0.027855	0.103201	-0.116060	0.074076	0.094133	-0.002254	-0.335464	0.568226	0.142564
0.156527	0.064752	0.198818	0.110674	-0.204316	0.057038	0.064848	-0.352704	-0.100979	-0.006713	-0.005428	-0.034152	-0.037935	0.228383	-0.265185	0.186320	0.003003	0.064734	-0.052145	0.365810	-0.139231	0.255448	-0.250630	0.533822	0.051921
-0.028791	-0.133901	-0.344081	0.104457	-0.256038	0.461773	-0.216028	-0.326271	0.051932	0.111416	-0.106993	-0.061010	0.177480	0.217374	-0.079763	-0.154611	0.129074	-0.181595	-0.123121	0.261570	0.084521	0.159377	-0.023091	0.326073	-0.090083
0.056425	-0.163738	0.119754	-0.240460	-0.170301	0.103007	-0.089143	0.010196	-0.306078	0.320750	-0.048715	-0.180899	-0.140813	0.353736	0.105830	-0.070564	0.115214	0.072440	-0.111450	0.078970	-0.006627	0.429319	-0.068714	0.369911	-0.307065
0.042985	-0.194098	-0.252821	0.179190	0.036825	0.198896	0.091502	0.012460	-0.358359	0.335979	-0.069442	-0.012411	-0.221070	0.485290	-0.128600	-0.127389	-0.149617	0.201750	-0.314250	0.167385	-0.005704	-0.071042	0.029429	0.208642	-0.110671
0.119888	-0.468497	-0.141128	0.375271	0.027506	0.016522	-0.055765	-0.024589	-0.123216	0.367582	-0.179586	0.001665	-0.189203	0.319378	0.089320	-0.023676	-0.204380	0.132893	-0.108774	0.093527	-0.122902	0.023039	0.238135	0.334423	-0.086965
-0.102482	-0.424627	-0.165579	0.026792	-0.119669	-0.094682	0.137891	-0.067649	-0.094020	0.102684	-0.163616	-0.016579	0.100129	0.234084	-0.138226	-0.160259	-0.252942	0.452427	0.001078	0.141352	-0.300729	-0.092132	-0.162281	0.371092	0.162845
-0.030761	-0.172595	-0.100131	-0.009745	-0.215689	-0.205431	-0.336972	-0.190682	-0.084129	0.120972	-0.151269	-0.055916	-0.002068	0.054460	-0.251931	-0.042073	-0.288782	0.469208	-0.032681	0.026954	-0.189756	0.116777	-0.077507	0.462595	0.172012
-0.252820	-0.216715	-0.405747	-0.121718	-0.060042	0.015687	-0.056440	-0.125991	-0.323738	-0.026503	-0.214559	-0.018194	-0.054320	0.313601	-0.080104	-0.145344	-0.128719	0.115346	-0.386509	0.041380	-0.288909	-0.074818	-0.313651	-0.050625	0.187261
-0.182651	-0.267431	-0.219837	0.187043	-0.159880	-0.062880	-0.128545	-0.088399	-0.169153	0.095714	-0.371504	-0.059441	-0.072204	0.460582	-0.221454	-0.271609	-0.141558	-0.053424	-0.321120	0.091029	-0.077321	0.069487	-0.060091	0.212378	0.211302
0.218642	0.074625	-0.161953	-0.071317	-0.130965	0.117162	0.037649	-0.012038	-0.069503	0.052507	-0.438486	-0.243760	-0.064269	0.299396	-0.246694	-0.451729	0.206906	0.103561	-0.195457	0.241786	-0.064996	-0.123758	-0.186156	0.217459	0.115009
-0.179319	-0.336779	-0.053610	-0.020158	0.207958	-0.096081	-0.113183	-0.204243	-0.124727	-0.024789	-0.109557	-0.621085	-0.246309	0.124772	0.169784	0.241218	-0.079213	0.216915	-0.020707	0.214577	0.103398	0.005630	0.104429	0.088744	0.194083
-0.289479	-0.086939	0.108589	0.028842	0.210764	0.193985	-0.015779	-0.086527	-0.041798	-0.136963	-0.215237	-0.429313	-0.140268	0.261347	0.237084	0.058509	0.041012	0.326732	0.012283	0.299545	0.312638	0.085872	-0.131476	0.132871	0.262888
-0.065880	-0.286756	0.033468	0.217734	-0.204335	0.087961	-0.035996	-0.051705	-0.010007	0.073921	0.028351	-0.618843	-0.148610	0.139366	0.225893	0.114560	-0.116139	-0.207045	-0.385036	-0.098338	0.075337	0.110303	-0.216426	0.146644	0.126424
-0.155304	0.028396	0.120409	-0.047935	0.298199	-0.091385	-0.046755	-0.316271	-0.194765	-0.245708	-0.007651	-0.417465	-0.209052	0.246806	0.174398	0.142564	0.131242	0.154810	-0.116863	-0.041587	0.279335	0.208976	-0.313095	0.154277	0.175184
-0.070510	0.242467	0.026552	-0.033545	0.092200	0.232075	-0.229817	-0.124365	-0.316046	-0.100663	-0.090276	-0.249294	-0.208524	0.113502	0.043383	0.033229	0.218650	-0.168091	-0.011508	0.338308	0.427920	0.055631	-0.175334	0.286465	0.272831
-0.225223	-0.104913	0.007905	-0.205765	0.031188	0.162275	-0.139805	-0.181606	-0.256717	-0.174572	-0.169287	-0.463828	-0.074719	0.277853	-0.047326	0.000979	0.076653	0.279350	0.007176	0.027512	0.369651	0.112430	-0.210926	0.121892	0.312226
-0.183644	-0.094517	-0.182454	-0.032309	0.231305	-0.039533	-0.247712	-0.014378	-0.252896	-0.008195	-0.158508	-0.163831	0.080376	0.248302	0.163960	-0.092568	0.092043	0.312180	-0.358399	0.433750	0.246871	0.084351	-0.210567	0.045963	0.223141
0.130370	-0.077265	0.086804	-0.076092	0.082064	-0.073041	0.110663	-0.376000	-0.080296	0.153941	-0.035502	0.148856	-0.328092	0.330218	-0.143993	0.024835	-0.003067	-0.483885	-0.046436	0.033767	-0.010511	-0.285695	-0.036037	0.410922	0.130674
0.155982	-0.260160	0.319342	0.072876	-0.038381	-0.264648	0.105706	-0.077975	-0.252833	-0.018002	-0.115179	-0.016494	-0.327501	0.218783	0.029949	-0.037885	0.056822	0.023046	-0.202784	0.426464	0.410222	0.051394	0.069808	-0.027575	0.270886
0.029614	-0.175332	-0.076814	0.100322	0.061520	0.011661	0.183306	-0.107701	-0.145277	-0.040229	0.139194	0.220865	-0.118517	0.463924	-0.007880	-0.046837	-0.297899	-0.352863	-0.186344	0.184120	0.217282	-0.083062	0.142897	0.454382	0.134215
-0.300889	-0.162384	0.266502	-0.235577	0.254348	-0.142820	0.090979	-0.254790	0.093174	-0.321456	0.168433	0.001907	-0.217511	-0.077010	0.184945	-0.033847	-0.131276	-0.002738	-0.226632	0.226831	0.070787	-0.038061	-0.146388	0.294861	0.366640
-0.131064	-0.367529	0.077033	-0.016474	0.069803	0.017638	0.198224	0.022641	0.033549	-0.162663	-0.013314	-0.004429	0.058969	0.207850	0.105535	-0.158683	-0.388341	-0.123062	-0.135748	0.106204	0.531394	0.357744	0.080670	0.102066	0.250651
-0.147122	-0.161564	-0.070690	0.101931	0.063898	0.081750	0.109865	-0.322495	0.119475	0.080333	-0.173919	-0.423149	-0.301753	0.017133	0.167496	-0.069665	-0.167955	-0.297856	-0.084999	0.112544	0.423171	0.031411	-0.184517	0.182326	0.267526
-0.003572	-0.308329	0.062053	-0.305695	0.030946	0.258572	-0.120811	-0.122392	-0.118331	0.003219	-0.136000	0.149412	-0.336936	0.157420	-0.102437	0.215230	0.084411	0.052453	0.013514	-0.029147	-0.001889	0.541957	0.036701	0.187512	0.345157
0.067520	-0.155251	0.225083	0.093634	0.057045	0.158606	-0.204103	-0.308130	-0.058719	-0.163566	-0.016809	0.001303	-0.151636	0.637900	-0.042493	0.013623	0.306078	-0.193352	-0.023683	0.274568	0.046463	0.086093	0.121358	0.134692	0.187217
-0.200124	-0.085193	-0.063944	-0.171786	-0.196295	0.187850	-0.013068	-0.009647	-0.211755	-0.028119	0.065476	-0.038897	-0.354889	0.597177	-0.259904	-0.067890	0.084866	-0.217488	-0.111271	0.247675	0.073925	-0.229254	-0.047090	0.168136	0.148717
0.289955	-0.086837	0.078469	-0.138078	0.062023	-0.091011	-0.125134	-0.267708	-0.389590	-0.314791	0.056684	0.163205	-0.042192	0.387675	-0.004958	0.308832	0.081850	-0.334984	-0.057456	0.182570	0.066257	0.059744	-0.221897	0.206495	0.011208
0.225605	-0.212752	-0.107539	-0.120531	0.147112	-0.156725	-0.174137	-0.131175	-0.201771	-0.058865	-0.095032	0.209452	-0.068090	0.336276	0.121450	0.362707	0.111668	-0.284199	-0.396595	0.274751	0.113408	0.174485	-0.056488	0.223909	-0.016192
0.401578	-0.378132	-0.017799	0.150270	-0.108868	0.106067	0.042084	0.072886	-0.344160	-0.061983	-0.117511	-0.354273	-0.024518	0.329630	-0.262204	0.072439	0.048361	-0.105267	-0.058716	0.237813	0.018350	0.268643	-0.078743	0.117128	0.178768
0.085119	-0.303755	0.094413	-0.188638	-0.001659	0.049073	0.219070	-0.081392	-0.224165	0.167928	-0.063672	-0.184473	-0.237092	0.640164	0.034232	0.203549	-0.044122	-0.167938	-0.154515	0.268462	-0.056971	-0.058917	0.088327	0.136137	0.121054
-0.159991	-0.407316	0.031472	0.059695	0.032007	0.019783	0.288305	-0.214169	0.153105	-0.165020	0.012983	-0.112048	0.115013	0.398140	-0.209181	0.050523	-0.127138	-0.440396	-0.008011	-0.091853	0.338824	-0.100783	0.032276	0.217492	0.013090
0.237227	-0.287197	-0.021220	-0.094371	0.196128	-0.235317	0.195150	0.027589	0.097848	0.054461	-0.108166	0.068626	0.033638	0.471012	-0.119637	0.160833	0.157063	-0.449757	-0.031887	0.193557	0.289987	0.205012	-0.035026	0.129395	0.132528
0.146273	-0.163721	0.027278	-0.234759	-0.155373	-0.084251	0.085033	0.143899	0.251847	0.121233	0.177695	0.026147	-0.137086	0.504247	-0.179166	0.127746	-0.051907	-0.369606	-0.134263	0.228340	0.226995	-0.003894	-0.297109	0.063920	0.227016
0.028209	0.058820	-0.254927	0.187663	0.017018	0.148405	0.122963	-0.278537	-0.329486	0.045643	0.229493	-0.333398	-0.078518	0.244611	-0.066661	0.086572	0.110417	-0.132098	-0.148574	0.316527	0.049430	-0.003519	-0.144950	0.414618	0.284322
0.104154	-0.199225	0.019040	0.079190	0.134652	0.014865	-0.003433	-0.026299	0.097210	0.208503	0.042882	-0.194851	-0.223258	0.420823	0.083326	-0.133754	0.034499	-0.002449	-0.343574	0.352887	-0.072027	-0.148597	-0.045024	0.553252	-0.011027
0.056971	0.119367	-0.037343	0.268348	0.268284	-0.229254	0.158597	-0.146120	0.082378	0.024378	0.045805	-0.144960	-0.257122	0.263662	-0.013076	0.031824	-0.091719	-0.030694	-0.394096	0.172896	0.258266	0.051315	-0.127917	0.496953	-0.208662
0.111165	-0.273870	0.046921	-0.139741	0.069942	0.014376	0.109442	-0.095363	0.139592	-0.009831	0.278857	-0.058721	-0.090993	0.304891	-0.028791	0.317327	-0.213595	-0.278382	-0.380584	0.356385	0.184934	-0.005716	-0.096640	0.329002	0.119976
0.021077	-0.145192	-0.054149	-0.108026	-0.041208	0.298808	-0.065354	-0.191924	0.030604	-0.127240	-0.071955	-0.117390	-0.417999	0.441569	0.187214	-0.172136	-0.206046	0.004941	-0.266107	0.238204	0.015267	-0.036551	-0.206025	0.383749	-0.000306
-0.072142	-0.420864	-0.144843	0.108899	-0.064907	0.419634	0.004253	0.039601	0.175119	0.138813	-0.058279	-0.228139	-0.142356	0.436686	-0.193125	-0.122605	0.040054	-0.237060	-0.161506	0.182107	0.030924	-0.218495	-0.180666	0.171509	0.080427
0.021672	-0.085171	0.249854	0.031689	0.190253	0.280970	-0.075139	-0.096551	-0.030053	-0.416165	-0.047496	-0.349304	-0.006995	0.051729	0.112762	0.064335	0.156120	0.210273	-0.338819	0.118387	0.164454	0.274425	-0.342019	0.199031	0.156350
-0.058446	-0.111974	-0.139737	0.043739	0.171704	-0.017798	-0.201958	-0.389532	-0.213313	0.119456	-0.073853	-0.503006	0.134909	0.238304	0.275520	0.154842	0.103473	-0.125046	-0.183452	0.138904	0.095707	0.110778	-0.269263	0.251544	0.103276
-0.086796	-0.003855	-0.387358	0.261184	0.102302	0.120876	-0.142998	0.072687	0.072988	0.028905	-0.185943	-0.201133	-0.125808	0.268714	0.159578	-0.246525	-0.049365	0.016205	-0.149132	0.362583	0.169710	0.286311	-0.122622	0.348292	0.253747
0.072797	0.009657	-0.115572	0.369734	-0.224107	-0.120055	0.055835	-0.117712	0.088636	-0.041251	-0.194100	-0.125356	-0.112454	0.510102	-0.107568	0.479503	-0.172851	-0.029620	-0.116005	0.176377	-0.046546	0.107843	0.062837	0.298282	0.060075
0.031868	0.003784	-0.132391	0.267815	0.164285	0.125525	-0.142058	-0.128772	-0.075540	-0.013269	0.118388	-0.437094	0.068627	0.240731	0.187839	0.185431	0.001226	0.185152	0.104221	0.279007	0.073185	-0.017262	0.026775	0.593465	0.073276
-0.054624	-0.300728	-0.223146	-0.218136	0.249807	0.155758	-0.000247	-0.179053	0.117459	-0.170966	-0.239250	-0.006241	-0.328186	0.132654	-0.100104	0.357818	0.095367	0.219539	0.109836	-0.032199	0.095210	0.299358	0.013515	0.351162	0.185050
0.016894	-0.192513	-0.048876	0.175564	0.237169	0.122009	-0.158067	-0.091717	-0.167980	0.092270	-0.332413	-0.021364	-0.098193	0.198028	0.066874	0.311471	0.044734	0.290168	-0.007722	0.173366	-0.090459	0.201100	-0.013025	0.596000	0.080969
0.001132	-0.197615	0.014085	-0.064047	0.143857	0.270188	-0.059341	-0.026467	0.015775	-0.207619	-0.258811	-0.084715	-0.256414	0.170374	0.024896	0.207693	0.273416	-0.066343	0.036271	0.112723	-0.096857	0.544521	0.107128	0.429611	0.087045
-0.164813	-0.135148	-0.107207	-0.107979	-0.129936	-0.062001	-0.104320	-0.025396	0.189242	-0.271204	-0.067814	-0.029620	-0.291873	0.110844	-0.208303	-0.049779	-0.011171	0.142185	0.319062	0.283295	0.256608	0.432784	0.012775	0.384340	0.193781
0.073525	-0.118913	-0.045960	-0.105424	-0.230331	-0.037674	0.056092	-0.101979	-0.098516	0.237017	-0.370843	0.372837	0.209392	0.115822	-0.219841	-0.232659	-0.183069	0.006832	-0.006452	0.314329	0.013662	0.283696	-0.250910	0.344027	-0.051862
0.029755	-0.381772	0.305190	-0.100613	-0.215709	0.270890	-0.242375	0.176458	0.254819	0.073788	-0.102477	0.119568	-0.016753	0.195173	-0.121633	-0.142332	0.060855	0.003835	-0.052439	0.204880	0.198374	0.286788	-0.372101	0.209239	-0.139362
0.205949	-0.118710	0.196360	-0.061392	0.175869	0.202080	-0.221040	-0.336311	-0.001983	0.366401	-0.023165	-0.127304	-0.119430	0.298994	0.173864	-0.201946	0.035713	-0.248676	-0.181909	-0.020157	0.393035	0.184193	-0.183046	0.061609	-0.139463
-0.405374	-0.173491	-0.382736	-0.240674	-0.333252	0.003304	-0.050694	0.045118	-0.203481	-0.103977	-0.198000	0.190455	-0.015459	0.343593	-0.223376	-0.200596	-0.203606	-0.063580	-0.234300	0.102559	-0.020166	-0.089578	-0.083579	0.082785	0.127209
0.149563	-0.384146	0.168638	-0.133726	0.028352	-0.248746	0.013756	-0.352983	-0.091849	-0.193167	0.000083	-0.040194	-0.272592	0.229119	-0.232127	0.071023	-0.330231	0.239180	-0.226858	-0.097659	-0.013571	-0.118130	-0.239553	0.176011	-0.182801
0.296296	0.263528	-0.004263	-0.166410	0.061778	0.176754	0.014086	-0.201940	-0.049248	0.150157	-0.234071	-0.277255	-0.154283	0.363649	-0.251356	-0.033241	-0.305505	-0.144552	-0.071151	0.158464	-0.204800	-0.095188	-0.040357	0.406039	0.012297
0.021315	-0.173246	0.112732	-0.298500	-0.146946	-0.148032	0.017142	0.135005	0.068335	-0.201356	-0.236186	0.162194	0.018510	0.389506	-0.225750	0.015964	-0.084341	-0.248149	-0.113913	0.130982	0.344241	-0.175698	0.302460	0.320343	0.181153
0.136155	-0.346316	0.240755	-0.075839	-0.060027	-0.365640	-0.035988	-0.146796	-0.304812	-0.129065	0.000785	0.084252	-0.131802	0.345582	-0.122445	0.055534	-0.147130	-0.158331	-0.275529	0.216901	0.396601	0.118210	-0.127062	-0.054639	0.077813
0.007585	-0.011629	-0.196291	-0.020381	-0.151677	0.366643	-0.040610	0.004460	-0.116405	0.016708	-0.313576	-0.066644	-0.126087	0.364189	-0.018141	-0.047038	-0.136181	-0.173282	-0.307177	0.118332	-0.043361	0.009635	-0.501828	0.351078	-0.009680
0.171299	-0.231387	0.017396	-0.241589	-0.102904	-0.299757	0.118500	-0.299856	-0.134489	0.106426	-0.111600	0.024279	-0.226811	0.338823	-0.141789	0.097849	-0.112538	-0.151822	-0.117253	0.272408	0.462811	0.107285	-0.238008	0.098172	0.003251
0.113243	-0.038994	-0.037340	-0.031992	0.039195	0.020203	-0.060950	-0.278958	0.082533	-0.041438	-0.099944	-0.241526	-0.217104	0.420513	-0.147007	-0.062559	-0.181743	0.018381	-0.194715	0.029119	0.166481	0.071292	-0.204855	0.652683	-0.023013
-0.126477	-0.242542	0.004559	-0.200798	-0.090829	0.081695	0.177142	0.009608	0.045660	0.115285	0.112534	-0.068421	0.016056	-0.032961	0.103312	0.029175	-0.144663	-0.259486	-0.046048	0.082783	0.642156	0.194238	-0.147220	0.286543	0.376488
-0.017593	-0.061223	0.125324	0.266631	0.022713	0.354094	0.027132	0.060089	0.197326	-0.040019	-0.065426	-0.050469	-0.163092	0.235533	0.077564	0.033270	-0.123115	0.077185	-0.115032	0.342829	0.447133	-0.097030	-0.393434	0.203216	0.291591
-0.118835	0.037182	-0.028277	-0.076324	-0.122194	0.112291	-0.117883	-0.098499	-0.005497	0.324887	-0.134557	-0.509275	-0.021392	0.227980	0.311484	-0.056343	-0.077688	0.089610	-0.084006	0.299770	0.051326	0.139096	-0.410417	0.098430	0.282766
-0.159725	-0.255686	0.186968	-0.012635	-0.021853	-0.150519	-0.010524	-0.198048	0.090422	-0.280449	-0.011411	-0.250893	-0.066229	-0.002314	0.099317	0.043610	-0.196609	-0.312028	-0.081375	0.035565	0.492159	0.236397	-0.302953	0.152059	0.297585
-0.221857	-0.160900	-0.124443	0.124991	-0.315876	-0.236108	0.009935	-0.291863	0.276888	-0.231639	-0.024293	-0.099454	0.236013	-0.000106	0.129822	-0.072230	0.115274	-0.250702	-0.129951	0.149437	0.398235	-0.075005	-0.325487	0.215399	-0.049828
0.003361	0.121410	0.212893	-0.142623	0.044269	0.002414	0.090242	-0.377465	-0.100480	-0.180223	0.131951	0.074544	-0.109177	0.472386	0.031073	-0.079384	0.072440	0.276990	0.203053	0.392031	-0.141574	0.137289	-0.055847	0.361901	-0.096139
-0.033732	-0.109858	0.113928	-0.135432	-0.218361	0.386122	-0.084058	-0.454594	-0.124988	0.195308	-0.144093	0.100703	-0.099073	0.092330	0.034255	-0.229926	-0.010818	-0.088945	0.020308	0.102655	-0.113690	0.170735	-0.175855	0.527006	-0.134957
0.064175	-0.382549	0.005772	-0.101131	-0.261175	0.056178	0.079972	-0.101975	0.120512	0.050025	0.039895	0.018674	-0.060581	0.163382	-0.118384	-0.143402	-0.015262	-0.116461	-0.240065	0.223699	0.249975	0.190884	-0.221270	0.610799	0.157408
0.102591	-0.281084	0.169166	0.236580	-0.027543	-0.287205	-0.113674	-0.283624	0.089646	-0.196199	-0.277144	-0.045729	0.087326	-0.137681	-0.181554	-0.017808	-0.179503	0.281532	-0.083507	0.159103	0.100948	0.252791	-0.351033	0.274015	0.218653
-0.069558	-0.098278	0.016328	-0.013579	-0.300838	-0.250983	-0.039641	-0.208044	0.144779	0.013791	-0.131580	-0.040327	-0.077595	-0.144194	0.056861	0.077018	-0.259576	0.362348	0.048564	0.124795	0.470928	0.198647	-0.210624	0.357485	0.246240
0.228529	-0.312706	-0.168670	-0.239229	0.068931	-0.437765	-0.085217	-0.113110	-0.206482	-0.058147	-0.159347	-0.046040	-0.052281	-0.080179	-0.111889	0.186489	-0.009765	0.029637	0.239857	0.157266	-0.133021	0.231594	0.029417	0.512224	0.008427
0.011355	-0.365514	0.010116	-0.235013	0.016746	-0.063549	-0.322990	-0.224785	-0.091137	0.081459	-0.120219	-0.060865	-0.144007	-0.070925	-0.193488	0.047722	-0.112927	-0.028223	-0.095547	0.091692	0.019313	0.298582	-0.306914	0.580777	0.032817
-0.130161	-0.278478	0.154292	-0.305220	-0.522342	-0.089582	-0.060963	-0.179550	0.052111	0.020757	-0.270639	-0.300371	-0.208096	-0.067316	-0.120568	-0.076661	-0.242708	0.160048	0.083809	0.133010	-0.009852	-0.126478	0.129706	0.297533	0.078593
-0.297631	-0.020166	-0.287706	-0.042835	-0.018401	-0.121809	0.074542	-0.107111	-0.053765	-0.168346	0.034428	0.180533	0.120890	0.473212	-0.377192	-0.175827	-0.201379	0.033844	-0.398151	0.134775	0.253674	0.005087	-0.184728	-0.010920	0.021098
-0.179117	-0.143610	0.223760	0.133118	-0.241149	0.271749	-0.015676	-0.114246	-0.026853	0.224342	0.053793	0.080339	-0.261634	0.057120	0.031320	-0.020486	-0.156955	-0.198885	-0.207018	0.367386	-0.120077	0.446178	-0.137565	0.332924	-0.124164
0.068719	0.059861	-0.076920	-0.233039	-0.021966	-0.026460	0.065903	-0.240558	-0.087243	-0.125378	-0.204581	-0.113786	0.107337	0.369461	-0.358322	-0.361629	-0.103096	0.074129	-0.104607	0.383315	0.294583	-0.025557	0.061503	0.230429	0.253856
-0.186268	-0.318034	-0.159721	-0.136653	-0.224298	-0.334956	0.187692	-0.291191	-0.170128	-0.253798	-0.051305	-0.151414	-0.172825	0.000478	-0.347907	0.158974	-0.286938	0.009544	0.240739	-0.000200	0.025720	0.214054	-0.031721	0.200399	0.119691
-0.243156	-0.452858	0.021389	-0.186706	-0.317220	-0.335805	0.139917	-0.136879	-0.051778	-0.176917	-0.166478	-0.096594	-0.262659	-0.061980	-0.139175	0.067572	-0.314359	0.079618	0.030797	0.104783	-0.179653	0.160231	0.188615	0.174587	0.199712
-0.231171	-0.299156	-0.228592	-0.158356	-0.214929	-0.263005	0.078292	-0.327585	-0.066890	-0.144770	-0.070296	0.081537	-0.238122	-0.013713	-0.376744	-0.251311	-0.212956	0.215856	0.060665	0.081827	-0.091311	0.125831	0.051677	0.321511	0.139248
-0.267090	-0.174557	-0.062916	-0.184858	-0.149755	-0.288564	-0.070454	-0.232335	-0.099365	-0.415399	-0.130470	-0.049295	-0.194353	-0.015450	-0.195517	0.215460	-0.161374	0.179724	0.086247	0.125815	-0.228723	0.131230	0.050674	0.434585	0.168229
-0.171055	-0.020168	0.076670	0.077261	-0.346162	-0.201305	-0.095516	-0.140919	0.065293	-0.084030	-0.098595	-0.124786	0.003839	0.265065	-0.062087	0.091790	-0.222313	0.198164	0.009974	0.214730	-0.350341	0.256485	-0.006207	0.488393	-0.296635
-0.366851	-0.260396	0.203951	0.080415	0.122682	-0.143235	0.009615	-0.212570	0.112872	-0.064274	0.078875	-0.442109	-0.037044	0.332279	-0.074915	-0.280596	-0.253328	-0.047305	-0.006988	-0.166829	0.328652	0.122493	-0.065030	0.092713	0.154567
-0.228754	-0.223318	0.156191	-0.106904	-0.252290	-0.031341	-0.113083	-0.104561	0.219621	-0.023675	0.416151	0.163309	-0.003473	0.131668	-0.331869	0.028404	-0.242152	0.125392	-0.128247	0.162306	0.117825	0.346055	-0.080582	0.274604	0.252976
-0.198645	-0.061989	-0.288626	-0.133400	-0.297718	0.011923	0.143048	0.083923	-0.137760	-0.041056	-0.053950	0.111846	0.291383	0.444485	-0.317464	-0.267334	-0.003873	-0.145025	-0.374781	0.186491	0.196991	-0.103009	-0.024318	0.046887	0.003878
-0.433572	-0.034605	-0.216220	-0.033569	-0.113683	-0.100401	0.092433	-0.172297	-0.060359	-0.188547	0.001049	0.163659	0.242521	0.297758	-0.344762	-0.253378	-0.057264	-0.148773	-0.462750	0.156047	0.164917	-0.029559	0.007559	0.078992	0.083187
-0.140374	-0.098542	0.018896	-0.274123	-0.416551	-0.069744	-0.145694	-0.207077	0.062350	-0.114599	0.148207	0.009550	0.151138	0.363027	-0.161707	0.094098	-0.293030	-0.001610	-0.128393	-0.148528	0.339442	-0.088220	-0.080506	0.369830	-0.182243
-0.120718	-0.048036	-0.120728	-0.019477	-0.233168	-0.371677	0.124035	0.081283	-0.039300	-0.067811	0.070689	-0.317405	-0.186508	0.369046	0.120826	-0.047312	0.170295	-0.314563	-0.042175	-0.014403	0.026081	0.405269	-0.021056	0.395291	0.049008
0.188395	0.070438	-0.114936	0.139375	-0.020898	0.158117	-0.178353	-0.125144	-0.443240	0.052022	0.178726	0.074719	-0.341304	0.472393	-0.189972	0.271520	0.102644	-0.054326	-0.244969	0.249915	0.004959	0.069023	0.039921	0.128387	0.095031
0.165068	-0.123099	0.172174	0.053600	0.217293	0.165487	-0.080402	0.059445	-0.197461	-0.068598	-0.116686	-0.002619	-0.058481	0.334850	-0.091354	0.444276	-0.187230	-0.235743	-0.172803	0.259330	0.058924	-0.239807	-0.140384	0.429423	-0.095173
-0.043677	-0.207078	0.087782	0.103288	-0.198061	0.456081	0.105288	-0.217245	-0.052340	-0.104708	0.126525	-0.266026	-0.147171	-0.071612	0.052155	-0.098544	0.090093	-0.103245	-0.445613	0.298136	-0.230573	-0.100560	-0.152536	0.312570	-0.033794
-0.261133	-0.002414	-0.147189	0.035342	0.082367	0.203589	-0.071342	-0.095845	-0.295553	-0.324979	-0.072175	-0.227101	-0.400354	0.235496	0.147873	-0.012592	-0.215686	-0.079000	-0.013186	0.113249	-0.090496	-0.004543	-0.512249	0.101153	0.110751
0.144086	-0.146080	-0.065470	0.140943	0.149188	0.476530	-0.026622	-0.346897	-0.040761	-0.305729	-0.040310	-0.328715	-0.118901	0.059123	0.189599	0.242050	-0.039533	0.204732	-0.271302	0.252235	0.012769	0.045897	-0.184514	0.152043	0.079041
0.027148	-0.211994	-0.185364	0.236017	-0.318677	0.441108	-0.004333	0.009326	-0.083446	-0.203439	0.004104	-0.273908	0.003835	0.276250	0.188890	0.235193	0.000351	0.139107	-0.203491	0.135244	0.137614	0.026862	-0.398184	0.141308	-0.008645
-0.033326	0.018943	0.037184	0.081103	-0.175775	-0.010521	0.151793	-0.362100	-0.175563	-0.130784	-0.060162	-0.548045	-0.162156	-0.035707	0.030751	0.123313	0.206213	-0.002621	-0.188497	-0.044889	0.257842	0.205873	-0.192949	0.417946	0.094515
-0.087584	-0.112840	0.002329	0.141671	0.167680	-0.045414	-0.295223	0.388412	-0.061743	0.037797	-0.295255	-0.129440	-0.026463	0.453713	-0.076788	-0.268235	-0.085573	0.157904	-0.150206	-0.054662	-0.040564	0.174867	-0.265728	0.337431	-0.152469
-0.178338	-0.192701	-0.415224	0.009073	-0.102956	-0.025835	-0.352880	0.020836	0.106342	0.235263	-0.182223	-0.147063	-0.087738	0.155763	-0.096688	0.022794	0.212103	0.280184	-0.010749	-0.188424	0.199146	0.033121	-0.103844	0.496629	0.041646
0.294814	-0.187253	0.085601	-0.252752	-0.057432	0.005938	-0.118898	0.006448	-0.204319	0.263505	0.037282	0.084518	0.112296	0.185728	-0.246919	0.144828	-0.009241	0.299697	-0.005656	0.269111	0.101324	0.265887	-0.159138	0.519024	-0.050046
0.017845	-0.279810	-0.007371	0.088522	-0.260157	-0.000706	-0.098229	-0.057273	0.214807	0.090491	-0.257728	0.005246	-0.018136	0.324461	-0.120804	-0.141571	-0.079585	0.321044	-0.083905	0.270532	0.150633	0.151049	-0.172776	0.539042	0.127708
0.029121	-0.251426	-0.403867	0.058811	0.054408	0.316705	-0.085203	-0.001032	0.089208	0.184928	-0.035905	-0.260134	-0.121234	0.074224	0.073319	0.016494	-0.004219	-0.266026	-0.035896	0.346808	-0.116399	0.205379	-0.254550	0.455180	0.042562
0.084375	-0.014774	-0.281888	0.127723	0.042314	-0.304951	0.077271	-0.155622	0.005147	0.287322	-0.347694	0.087279	-0.096547	0.057721	-0.044067	0.109032	0.101947	0.238802	-0.093974	-0.025144	0.147902	0.479483	0.029908	0.439510	-0.107780
-0.180714	0.317977	-0.033093	-0.245838	-0.019548	0.023573	-0.104964	0.027377	-0.050894	-0.184843	-0.075098	-0.162924	-0.384980	0.481425	-0.317161	-0.184064	0.076046	-0.174843	-0.312326	0.215497	-0.088085	0.007854	0.072340	0.092030	0.082108
0.078278	-0.188970	-0.027683	0.226528	-0.080782	0.070369	-0.184838	0.283338	-0.257907	-0.049956	-0.471027	0.216558	-0.098391	0.375127	0.137414	0.159547	0.062635	-0.166965	-0.225813	0.105007	0.129379	0.085712	0.284412	0.117583	0.187146
0.153231	-0.303897	-0.122282	0.231651	-0.021951	0.017044	-0.098990	-0.028357	-0.128989	0.123344	-0.016838	0.394280	-0.313198	0.229638	-0.156942	-0.141407	0.052239	0.068075	-0.088733	-0.110244	0.127753	-0.053539	-0.241318	0.525993	-0.199122
0.102319	-0.147386	0.114734	-0.180441	0.037660	0.286775	0.293343	0.177646	-0.365524	-0.063628	0.030170	-0.151984	-0.234054	0.387478	-0.160926	0.012878	0.155142	0.021586	-0.493438	0.091042	-0.030265	0.055944	-0.027318	0.193051	0.099019
0.168491	-0.106889	-0.249149	0.018850	-0.057636	0.186698	-0.029626	0.018167	-0.148670	0.072633	-0.211578	-0.160881	-0.036209	0.441851	-0.166099	-0.119383	0.100097	0.116619	-0.140159	0.408907	0.133560	-0.145386	0.401950	0.285903	0.170911
-0.066737	-0.045421	-0.243046	0.031857	0.084436	0.019632	0.015769	0.007816	-0.201011	-0.154427	-0.083417	-0.171763	0.195872	0.355550	-0.010305	0.015212	0.012562	-0.234245	-0.113990	0.279765	0.158937	0.158659	0.363780	0.566425	-0.099200
0.029379	-0.272211	0.038153	-0.222632	-0.030744	-0.209300	-0.039787	0.017244	-0.046141	-0.224619	-0.315165	0.108138	-0.129031	0.418386	-0.212501	0.042075	-0.051452	-0.398588	-0.069460	0.411504	0.124685	-0.036809	0.005087	0.199187	0.181312
0.069751	-0.061247	0.173978	0.068825	0.102524	0.036697	0.174914	-0.318073	-0.028514	-0.125583	0.125280	-0.274551	-0.185671	0.272802	-0.329288	0.015905	-0.332734	-0.281945	-0.287178	0.222936	0.053697	-0.076925	-0.045406	0.386001	0.072690
0.037931	-0.090724	-0.181452	-0.016958	-0.079837	-0.136823	0.386460	-0.185443	0.067786	-0.124499	0.080158	-0.070233	-0.073829	0.548807	-0.119351	0.355837	0.031507	-0.277815	-0.182676	0.161623	0.027140	-0.005330	0.074301	0.348056	0.065040
-0.037496	-0.258814	0.171643	0.037167	0.165142	-0.299092	-0.062049	0.045484	-0.146814	-0.060486	-0.041479	0.142892	-0.092223	0.521321	0.101246	-0.099084	0.020452	-0.284537	-0.104684	0.237666	0.363876	-0.065772	-0.220893	0.286999	0.117059
0.195377	-0.047985	0.102096	-0.191407	-0.251361	0.029299	-0.074952	-0.159644	-0.243219	0.128863	0.117894	-0.140199	-0.173904	0.318084	0.064098	-0.027463	-0.047039	-0.180865	-0.434306	0.140124	0.144601	-0.047866	-0.169455	0.455209	0.263458
-0.065363	-0.223563	0.022963	-0.121261	0.165937	-0.045514	-0.130925	-0.084742	-0.131683	-0.131395	-0.091246	0.171608	-0.372934	-0.003710	-0.075457	0.247488	-0.108349	0.182368	-0.224418	-0.149362	-0.057907	0.133806	0.185121	0.648665	-0.064855
-0.042831	-0.060826	0.200086	-0.359349	-0.166404	-0.146778	0.243610	0.137052	0.215541	-0.156152	0.143482	-0.010452	0.086386	0.179320	-0.410642	0.053581	0.153164	0.012157	-0.090832	0.201946	0.411661	0.159821	-0.103365	0.330064	0.089489
0.011725	-0.238541	0.201101	-0.050591	-0.254102	-0.282172	-0.055427	-0.096695	0.086094	-0.145290	0.188264	0.340741	-0.179878	0.147378	-0.190069	0.151527	-0.085074	0.189924	-0.130976	0.021010	0.302190	0.065485	-0.123575	0.514151	0.118251
0.003593	-0.023867	0.102368	-0.064740	0.079353	-0.143573	-0.012212	-0.124358	-0.181268	-0.171625	-0.244230	0.300430	0.135026	0.353193	0.080108	0.091873	0.091508	0.336587	-0.158178	0.180611	0.459191	0.249692	-0.022990	0.344683	0.018058
-0.383237	-0.090914	0.199503	-0.210032	0.093403	0.015309	-0.262959	-0.140203	-0.256072	-0.246701	-0.219889	-0.074732	0.118085	0.233866	-0.021498	0.133882	0.105116	0.215384	-0.096478	0.167614	-0.065156	0.236752	0.014567	0.466542	0.150930
-0.034031	-0.279979	0.083063	-0.186942	0.178094	0.266253	-0.021326	-0.025105	-0.255519	-0.054540	-0.233483	0.098825	0.149703	0.209644	0.063774	0.105822	-0.113572	0.152035	0.001585	0.318806	0.238278	0.073164	0.014788	0.600561	0.008170
-0.284996	-0.487294	-0.061792	0.100149	-0.172642	-0.096834	-0.057291	0.035581	-0.148620	0.016010	-0.405956	0.049531	-0.175546	0.006185	-0.309462	0.129217	-0.111279	0.158920	-0.097361	-0.139209	0.001698	0.046365	-0.367691	0.294732	0.010684
-0.182213	-0.025735	0.075707	0.093875	-0.366118	-0.236460	0.066443	-0.320867	0.159342	-0.135139	-0.119903	0.022008	0.066076	0.242437	-0.171443	0.225096	-0.086841	-0.078052	0.078633	0.118662	-0.008533	0.485948	-0.129426	0.406377	0.023280
0.097026	-0.229249	0.196262	-0.124169	0.075280	-0.034615	-0.158035	-0.115025	-0.318991	-0.014386	-0.301952	0.380515	0.015729	0.411829	-0.216780	0.110396	-0.024444	0.052881	-0.268872	0.239175	0.043546	0.109911	0.227529	0.236791	-0.131740
0.051053	-0.102285	0.257777	-0.344913	0.029883	-0.176237	-0.198680	0.093092	-0.386562	0.090415	-0.243026	0.215448	-0.029858	0.146143	-0.131141	-0.011000	0.106466	0.092794	-0.241799	0.240022	0.300319	0.263269	0.044822	0.344390	-0.051315
-0.024001	-0.231947	-0.266702	0.022701	-0.114390	-0.375300	-0.032976	-0.281042	-0.136111	-0.374746	-0.269221	0.033326	0.018212	-0.225185	-0.071049	0.045348	-0.064931	0.059998	0.235195	0.222995	-0.075368	0.002212	0.010524	0.473705	-0.078902
0.390756	0.004874	-0.322094	0.177572	-0.257391	-0.103587	0.075151	-0.339428	0.322822	-0.111390	-0.049409	0.078174	0.156947	0.052619	-0.016612	-0.156406	0.146446	-0.208476	-0.058389	-0.182785	0.258130	0.169524	0.000079	0.371697	0.039984
0.079332	-0.060748	-0.096167	0.114241	0.082874	-0.360099	-0.044318	-0.235793	0.287084	-0.206290	-0.056263	-0.112999	0.247603	0.461753	0.043626	-0.412204	0.031596	-0.314457	-0.038956	0.119306	-0.036346	0.010365	0.014935	0.182832	0.188831
0.513735	0.009982	-0.078377	-0.104770	-0.168312	-0.377681	0.005809	-0.031366	-0.101365	-0.434883	-0.079474	0.059112	0.244317	0.104925	0.004086	-0.106260	0.068019	-0.195984	-0.238280	-0.041774	-0.132165	0.261853	-0.043531	0.226160	0.122536
-0.057092	-0.137348	-0.193345	0.137875	0.229296	-0.380959	0.179019	-0.279683	0.163577	-0.068659	-0.121273	-0.193714	-0.241111	-0.104823	0.089717	-0.103147	0.011080	0.016512	-0.191234	0.428890	0.043392	0.399122	0.128995	0.160022	0.132862
-0.047304	-0.062415	-0.109309	-0.211315	-0.066306	-0.007866	-0.080725	-0.251718	0.068425	-0.081558	-0.394357	0.108471	-0.480561	-0.063239	-0.136487	0.314914	-0.091187	0.053307	-0.006498	0.028852	-0.158019	0.392366	0.067801	0.346069	0.127509
-0.421909	-0.130195	-0.149775	-0.143970	-0.038639	-0.262126	0.021320	-0.157260	0.202556	0.094128	-0.002316	-0.042963	-0.067248	-0.075832	-0.326505	-0.013532	0.148060	-0.248446	-0.142428	0.267776	0.290556	0.221357	0.064563	0.263842	0.338899
-0.039199	-0.098021	-0.024261	-0.109723	-0.110219	-0.114235	0.041449	-0.192703	0.006747	-0.144096	-0.126585	0.087803	-0.538982	0.245382	-0.248608	0.123643	0.044380	0.093136	0.395203	0.202069	0.026093	0.352961	-0.081715	0.210431	0.236527
-0.221601	-0.362300	0.048809	-0.232636	-0.086552	-0.203472	0.043625	-0.263415	0.154489	0.282956	-0.034652	-0.199475	-0.338717	0.216138	0.136132	0.194471	0.156556	-0.015896	-0.030603	0.118621	0.150744	0.345858	-0.159909	0.111317	0.245267
0.181535	0.013391	-0.012519	0.166455	-0.096621	0.058090	-0.095027	-0.254031	-0.025305	0.160945	-0.023865	-0.197042	-0.101505	0.264749	0.013974	-0.176553	-0.132978	-0.263058	-0.335103	0.445594	0.120681	0.159894	0.019714	0.485628	-0.030752
-0.191392	-0.095837	0.029347	-0.105595	0.183064	-0.050423	0.078248	-0.109585	0.200339	0.016731	0.089716	-0.202399	-0.050606	-0.002487	-0.249343	-0.132725	-0.301373	-0.036525	-0.231713	0.288607	0.281531	0.409977	-0.036138	0.469619	0.133669
-0.147746	-0.074684	0.093023	-0.121184	-0.108847	0.109473	-0.150754	-0.327198	0.053580	-0.046903	-0.383694	-0.092006	-0.233641	0.085081	-0.174074	-0.063848	0.089215	-0.142807	-0.183336	0.278648	0.017909	0.261266	-0.158546	0.529053	-0.159530
-0.218625	0.121968	-0.079422	-0.144101	-0.013825	0.147620	-0.190311	-0.211825	0.241942	-0.210994	0.310698	0.067608	-0.000473	0.231761	0.145585	0.044544	-0.118421	-0.141193	-0.149414	0.056486	0.540564	0.099941	0.074868	0.386850	0.095927
-0.168722	-0.141408	0.149815	0.022727	-0.094473	-0.194478	0.110138	-0.156488	0.204529	-0.005086	-0.142633	-0.494512	-0.189887	0.136539	0.169513	-0.160086	0.042877	-0.128911	-0.350387	0.175097	0.266286	0.087410	-0.074991	-0.087896	0.406964
-0.338319	-0.273147	-0.130428	-0.036648	0.229014	0.181183	-0.379642	-0.162495	-0.174300	-0.054174	-0.202397	-0.276911	-0.428486	0.126528	0.104548	-0.020812	-0.027591	-0.094373	-0.108071	0.182123	0.088665	0.175219	0.025370	0.284714	-0.007236
-0.048085	0.098990	0.066593	0.004470	0.040170	0.010622	-0.270831	-0.225073	-0.196730	-0.251906	0.062830	-0.306771	-0.155700	0.436061	0.264337	0.118199	-0.124261	0.203031	-0.224187	0.129446	0.247616	0.260258	-0.201386	0.246396	-0.072494
-0.181487	-0.298795	-0.322557	0.195286	0.008966	-0.039245	-0.150681	-0.257760	0.178526	-0.088559	-0.089951	-0.080957	-0.178415	0.153148	-0.083222	-0.269652	-0.039105	0.010681	-0.192923	0.156194	0.239191	0.045680	-0.073447	0.480200	0.311463
-0.076796	-0.013907	0.019464	-0.100365	-0.144376	-0.170787	0.050536	-0.180897	0.152124	-0.080336	0.243417	-0.229299	0.040870	0.374807	0.325205	-0.010760	-0.188912	-0.044591	-0.195124	0.433498	0.242595	0.033547	-0.168748	0.357390	0.169899
0.321213	-0.317492	-0.175319	0.055311	-0.251852	-0.114785	0.179804	-0.055574	-0.001782	-0.277115	-0.021901	-0.310279	0.066342	-0.007844	-0.325910	0.077387	0.022789	-0.307534	0.039025	0.165899	-0.102380	0.287939	0.131047	0.350427	0.049794
-0.155610	-0.120386	-0.232170	-0.082249	-0.237283	-0.297041	0.005355	-0.259087	0.007950	-0.068165	-0.000371	0.274928	-0.194936	0.071896	-0.311025	0.040937	-0.291810	-0.057112	0.008903	0.050288	-0.103643	0.132903	0.031404	0.419341	0.413274
-0.235318	-0.282656	-0.244177	-0.240382	-0.073899	-0.170539	-0.014123	0.042248	0.212442	-0.014565	0.059686	0.416459	0.003325	0.066790	-0.312563	-0.045328	-0.086256	0.091725	-0.006935	0.159921	0.091783	0.306258	-0.002160	0.447786	0.200047
-0.157627	-0.074883	-0.080520	-0.029655	-0.162659	-0.285392	0.043560	-0.303841	-0.099396	-0.057214	0.037350	-0.138718	-0.044235	0.225229	-0.395512	-0.050720	-0.215934	0.350881	0.188834	0.187016	-0.123661	0.101990	-0.260288	0.407898	0.119911
-0.153128	-0.178304	-0.276994	-0.011400	-0.132052	-0.309577	0.073521	-0.191668	0.048122	0.076593	-0.124863	0.017944	0.091139	0.227783	-0.351276	-0.118335	-0.262062	0.169642	0.152452	0.292994	-0.066240	0.150432	-0.131822	0.466015	0.150651
-0.169438	-0.430007	-0.146571	-0.115697	-0.096158	-0.279874	-0.072226	-0.021700	0.039427	-0.062193	-0.093137	-0.077995	-0.086064	-0.071665	-0.383351	-0.096631	-0.259162	0.181365	-0.039324	0.257869	-0.021974	0.356787	0.011593	0.412849	-0.052668
-0.064404	-0.133756	0.352372	-0.075551	-0.041321	-0.257793	0.111724	-0.336624	0.180431	-0.022933	0.081024	0.172794	0.029103	0.066314	-0.355784	-0.028657	-0.215963	-0.093368	-0.173556	0.327955	0.313152	0.319389	-0.132571	0.200137	0.035140
-0.021342	-0.346656	-0.248688	-0.334892	-0.321782	0.033305	0.114090	0.118658	0.277323	0.115950	0.263158	0.073563	-0.128863	0.076423	-0.175549	-0.205064	0.041059	0.107549	-0.166724	0.279444	0.193903	0.354927	-0.045062	0.166606	0.028259
0.299391	-0.169196	-0.107335	0.314881	0.202146	0.117995	-0.233862	-0.140745	0.086918	-0.198518	-0.411686	-0.101786	-0.006494	0.000759	0.014477	-0.158279	-0.072888	-0.097465	-0.178835	0.092879	-0.028751	0.313421	-0.440208	0.155362	-0.131401
0.226838	-0.251617	-0.250182	0.093244	0.123522	-0.046903	-0.111372	-0.085995	-0.266159	0.195342	-0.117743	0.261084	-0.190329	0.341586	-0.168446	0.031663	0.171284	0.007606	-0.267392	-0.220043	-0.024237	0.158758	-0.156830	0.342075	-0.294391
0.159522	-0.264224	0.010059	0.026340	0.091774	-0.014414	0.193771	-0.383750	0.164898	0.130466	0.115168	-0.191284	-0.076902	0.363633	-0.305358	-0.129345	-0.073205	-0.304941	-0.280728	0.190540	-0.169420	-0.139988	-0.184514	0.205839	-0.173615
-0.119668	0.049072	0.076545	-0.189931	-0.139274	0.212342	-0.156562	0.041132	-0.007505	-0.104003	0.336275	-0.092340	0.075740	0.597633	-0.000033	0.114690	0.131384	0.065620	-0.114910	0.226736	0.387717	0.225066	-0.169908	0.156689	0.039144
-0.087378	0.079178	-0.060890	0.216464	-0.239007	-0.102709	-0.143921	-0.118902	0.007385	-0.423229	-0.412375	-0.152618	0.058604	0.084326	-0.207089	-0.124251	0.376128	0.070853	-0.329885	0.206827	-0.104987	0.129538	0.058754	0.249129	0.014190
0.366289	-0.268587	0.058812	0.188656	0.235338	0.119269	-0.250861	-0.238324	-0.150339	0.431843	-0.077870	-0.172805	-0.172777	0.347354	0.089010	-0.079207	0.227900	-0.079231	-0.190406	0.168148	0.127412	-0.036583	-0.028671	0.101214	-0.064832
-0.084893	-0.078750	-0.097485	-0.125928	-0.085597	0.154199	0.164692	0.200196	-0.236734	0.319804	-0.100918	-0.026440	-0.359717	0.550496	-0.030171	0.083039	0.008180	0.085769	-0.479683	0.062390	0.054119	0.039841	0.019425	0.083677	0.012936
0.087720	-0.320225	-0.022680	0.102761	-0.026881	-0.153419	0.096266	0.056710	0.013762	0.034504	-0.175183	0.052800	-0.021092	0.163360	-0.461000	0.085457	-0.096471	-0.189859	-0.143129	-0.128277	0.541823	-0.024009	0.107078	0.397374	-0.119655
-0.038638	-0.096352	-0.197168	0.021965	-0.105114	-0.144125	-0.023723	0.074154	-0.028052	0.030400	-0.025373	-0.197529	-0.419129	0.503889	-0.261641	0.236601	0.024130	-0.280231	-0.077187	0.324838	0.333997	-0.018973	0.019631	-0.034453	0.111917
0.173091	-0.126481	-0.116743	0.257974	0.103104	0.221365	0.096080	-0.039735	-0.370738	-0.241464	-0.170541	0.148281	-0.070277	0.381308	-0.036500	0.100954	0.014827	0.037090	-0.113180	-0.009341	0.065430	0.012560	0.073423	0.602586	-0.085475
-0.010769	-0.226963	0.052822	0.036710	0.001242	0.007454	0.017605	-0.181841	-0.172592	0.064029	0.024338	-0.057356	-0.531740	0.288769	-0.004755	-0.205241	-0.218278	-0.061466	-0.394160	0.093978	-0.027397	0.041109	0.044878	0.493453	-0.034384
-0.035838	-0.355540	0.024832	0.002438	0.020992	0.008682	-0.125289	-0.091161	0.000932	0.062457	-0.065556	-0.328278	-0.347300	0.290318	-0.128080	-0.026112	0.027538	-0.340694	-0.287404	-0.019661	0.137380	-0.036817	-0.075652	0.526495	-0.078984
0.098497	-0.097105	-0.013828	-0.149184	-0.251381	0.225465	-0.018928	0.144481	-0.115866	0.100914	-0.287283	-0.177425	-0.222557	0.209630	-0.002485	0.150034	-0.063502	0.074165	-0.364903	0.162981	0.207781	0.067926	-0.043253	0.542101	0.238262
0.103602	-0.279273	0.086106	0.085832	-0.022303	-0.114372	0.090219	-0.131090	0.151228	0.000060	0.090389	-0.065437	-0.101032	0.303348	-0.118039	-0.014364	-0.243185	-0.315383	-0.439390	0.019475	0.530059	-0.043809	-0.090898	0.248695	0.029316
0.252085	-0.109968	-0.075186	-0.009559	0.011481	0.024491	0.075711	-0.161156	0.054866	-0.155349	0.240098	0.369363	-0.214145	0.409852	-0.242106	0.051337	-0.038877	-0.347682	-0.171577	0.234460	0.197575	0.051092	0.011106	0.329835	0.180300
0.110791	-0.068594	-0.074058	-0.147337	0.057089	-0.017085	-0.020205	-0.075739	0.280211	-0.381638	-0.134118	-0.311287	-0.189224	-0.127585	0.244644	-0.138795	-0.188689	-0.007840	-0.365531	0.000646	0.344045	0.216975	-0.292736	-0.031221	0.233424
0.058002	-0.044192	0.343283	-0.076788	-0.330256	-0.200540	0.055636	-0.248089	-0.110013	-0.206453	0.113309	0.049171	-0.190862	-0.193838	0.093031	-0.012936	0.165567	0.032606	-0.230793	0.245406	0.433075	-0.094340	0.027404	0.190825	0.358642
-0.051404	-0.213591	-0.271980	0.040725	0.261586	-0.050525	-0.286409	-0.372069	-0.149778	-0.250802	-0.181115	-0.300478	-0.051977	0.261819	0.266716	0.197502	0.180493	-0.038353	-0.264859	0.136233	0.100271	-0.151386	-0.188373	-0.029930	-0.052235
-0.221623	-0.174392	0.313331	0.114847	-0.107900	-0.282286	-0.218718	-0.424997	-0.124192	-0.214896	0.218630	-0.168354	-0.093251	0.141408	0.109895	0.202474	0.041499	0.045171	-0.135363	-0.225189	0.286523	0.131445	-0.048076	0.297584	-0.082278
-0.245236	-0.120722	-0.005560	-0.170928	0.059549	-0.098880	-0.212779	-0.314789	0.129806	-0.475705	-0.269561	-0.281507	0.096536	0.074898	-0.121868	0.123699	0.092978	-0.122826	-0.306503	-0.111161	0.201028	0.094821	-0.023053	0.246525	0.239730
-0.211914	0.014852	-0.307813	0.236072	0.129618	0.132031	-0.321363	-0.202107	-0.047628	-0.144972	-0.085460	-0.354398	0.038466	-0.039568	0.192011	0.056725	0.122098	-0.083038	-0.148567	0.301095	-0.048957	0.183923	0.111722	0.456202	0.188046
-0.240175	-0.023488	-0.116083	-0.041187	0.047362	-0.011448	-0.149196	-0.319549	-0.542760	-0.221536	-0.247409	-0.117156	-0.042256	0.186827	0.095995	0.107407	-0.047552	-0.043497	-0.313518	0.127367	0.333053	0.115083	-0.241500	0.085984	0.123490
-0.129725	-0.028456	-0.239942	-0.048903	0.044970	-0.319469	-0.132079	-0.288927	0.146818	-0.113674	0.141124	-0.179356	-0.017283	0.036345	0.114857	-0.439151	-0.226195	-0.179005	-0.125249	0.065614	0.236326	0.113725	-0.029275	0.493855	0.080198
-0.307078	-0.346472	-0.082252	-0.090544	0.045613	-0.193127	0.126696	-0.093664	0.000620	-0.317067	0.102699	-0.454827	0.118158	0.164234	0.120689	-0.061462	-0.147195	-0.222002	-0.250903	0.064223	-0.019059	0.047638	-0.203503	0.382217	0.033256
-0.086248	-0.344199	0.112595	-0.072911	-0.118489	0.051603	0.299143	-0.123602	0.094777	-0.228417	0.218592	-0.217501	-0.176249	0.029697	0.157901	0.065269	-0.176452	-0.165135	-0.389341	0.260591	0.337633	-0.162022	0.111340	0.276943	0.100024
0.018318	-0.351884	0.114108	-0.091873	0.035750	0.320994	-0.080732	-0.290270	-0.218972	-0.040915	-0.088126	0.077152	0.085483	0.418272	0.313768	0.138500	0.046103	-0.159544	-0.289540	0.149362	0.084020	-0.071294	-0.081361	0.360246	0.117459
0.030061	-0.031979	-0.165870	-0.106057	-0.043866	0.157658	-0.321052	-0.151915	-0.307299	-0.157923	-0.171797	-0.092767	0.159465	-0.092175	0.104991	0.257171	0.113368	0.024011	-0.267671	0.049789	0.408138	0.166588	-0.181018	0.468652	-0.059302
-0.037284	-0.109007	0.345488	0.022623	-0.432491	0.410043	0.156429	-0.118727	-0.127260	0.040093	-0.036015	-0.036055	0.010071	0.194209	0.243027	0.165753	-0.026881	-0.150143	-0.449964	0.061476	0.082692	-0.115481	-0.069927	0.196634	-0.187370
-0.125132	-0.068948	-0.150086	-0.108666	-0.191346	0.099256	0.021701	-0.206194	0.126625	-0.247726	-0.318806	-0.212792	-0.140675	0.144634	0.217374	0.580943	-0.095657	-0.024773	0.042782	0.268287	0.053326	-0.102717	-0.036543	0.235822	-0.228282
0.111709	0.145638	0.139680	-0.349188	-0.277133	0.146903	-0.226878	-0.124685	-0.110370	-0.041897	-0.021188	-0.152323	-0.254134	0.292011	-0.059410	0.431915	0.133408	-0.214380	-0.170482	0.107384	0.225990	0.028436	-0.225706	0.270615	0.039160
0.165165	-0.060588	0.209105	0.031413	-0.400478	0.147395	-0.127405	-0.222568	-0.044926	0.004491	0.122863	-0.202231	-0.158987	0.248467	-0.257464	0.277083	-0.147349	-0.216274	-0.209699	0.093352	0.075714	-0.195153	-0.264848	0.387929	0.052247
0.247848	-0.146621	0.331784	-0.163698	-0.391206	-0.079464	-0.169577	-0.158123	0.086099	0.073505	0.007995	0.157245	0.220170	0.041425	-0.329927	-0.019279	0.262744	-0.130223	-0.094282	0.167634	0.188795	0.304613	-0.220626	0.252430	-0.079038
0.132917	-0.019098	0.141778	-0.179037	-0.107217	-0.018517	0.239088	-0.230713	0.152698	0.027448	0.007405	0.004692	0.039890	0.139872	0.044171	-0.305754	0.193861	-0.320137	-0.147443	0.493238	0.120234	0.311990	-0.056043	0.224098	-0.310800
0.173455	-0.122081	0.088951	-0.037972	-0.346339	-0.126374	0.212871	-0.349376	0.122095	0.013170	0.067793	0.124676	-0.001924	0.023601	-0.284471	-0.047764	0.051812	-0.153522	-0.125341	0.351324	-0.059149	0.317374	-0.102739	0.417237	-0.262888
-0.001401	-0.180131	0.073878	-0.009943	-0.429250	-0.124588	0.107665	-0.273298	0.060580	-0.209132	0.090719	-0.386461	-0.102503	-0.015594	-0.076363	0.006531	0.072556	-0.059496	-0.023752	-0.018786	0.510977	0.343103	-0.189963	0.143685	-0.095136
-0.255921	-0.014798	0.084218	-0.109014	-0.397572	0.142602	-0.062547	0.130411	-0.188817	0.003470	-0.113094	0.386586	-0.170664	0.234918	-0.151396	-0.033797	0.093332	0.301924	-0.057213	0.296394	0.070901	0.225652	-0.193521	0.352376	-0.033991
0.051710	-0.312438	-0.045178	-0.030886	-0.193607	-0.021967	-0.091359	-0.366875	-0.192107	-0.099489	0.378493	0.053843	-0.031268	0.252622	-0.230273	-0.208449	-0.162928	0.092438	-0.333384	0.128991	-0.320617	0.161185	-0.081032	0.235581	-0.088644
-0.334071	-0.140716	0.212945	0.002633	-0.184183	0.043748	0.199384	-0.126232	-0.039343	0.125479	0.164707	-0.052245	-0.110471	-0.104076	0.063661	-0.301408	0.030881	-0.452233	-0.213583	0.298222	0.085752	0.377537	0.043998	0.256257	-0.095495
-0.231000	-0.274881	-0.132910	-0.230820	-0.239444	0.024717	-0.083824	-0.017577	0.159168	0.086989	-0.382326	-0.025402	-0.410244	0.051627	-0.193008	0.259720	0.022872	0.199315	0.069598	-0.075588	-0.124880	0.311187	0.139466	0.296370	0.094549
0.204348	-0.167567	0.198313	-0.109539	-0.201521	-0.312746	-0.207265	0.190607	0.174909	-0.279078	0.145039	0.137704	-0.155842	0.254273	-0.222329	-0.111373	-0.036990	-0.183281	-0.440948	0.223039	0.172573	0.053846	0.144465	-0.074222	0.153857
0.234341	-0.232589	-0.189004	0.346965	0.320376	-0.021175	-0.159347	-0.188671	-0.014248	-0.357137	0.015607	0.063154	-0.176506	0.127424	-0.012361	-0.162760	-0.034949	0.238805	-0.098311	-0.049994	0.209227	0.090190	-0.178683	0.455837	-0.052405
-0.135633	-0.398548	0.016107	0.315622	-0.006612	-0.119467	-0.355801	-0.145694	-0.268748	-0.002834	-0.143732	-0.135463	0.032295	0.332833	0.063128	-0.090643	-0.263185	0.097676	0.005628	-0.052862	-0.044211	-0.015898	-0.055296	0.421305	-0.247159
-0.154038	-0.103235	-0.092058	-0.278208	-0.121275	0.147363	0.255641	0.025803	-0.085168	-0.079132	0.049025	0.088936	0.377857	0.314322	-0.076546	0.142940	0.310676	-0.182472	-0.060521	0.354185	0.246741	0.088046	-0.143040	0.319014	-0.189253
0.129149	0.093009	-0.172926	-0.092883	-0.092682	-0.115721	0.003257	-0.385497	0.201375	-0.073649	0.088718	0.130422	-0.266483	0.173382	-0.291503	-0.436111	-0.018131	-0.014643	-0.128965	-0.019232	0.177665	0.427861	0.081307	0.176253	0.220432
0.066320	-0.291456	-0.388884	-0.164932	-0.136382	-0.042158	-0.028326	-0.134820	-0.101950	-0.108859	-0.275472	0.259121	0.186480	0.212063	-0.274397	-0.166789	-0.080849	-0.108729	0.128586	0.293998	0.112356	0.208405	-0.150393	0.369335	0.091235
0.045287	-0.291000	0.016635	0.193253	-0.244949	0.068702	-0.177503	-0.031574	-0.223453	0.139013	-0.095422	0.257493	0.018767	0.019362	-0.145699	-0.225430	0.249744	0.355168	-0.458858	0.045610	-0.131754	0.134262	-0.294315	0.173527	-0.087848
0.031922	0.040587	0.042684	-0.028367	-0.349669	0.152987	0.077313	-0.225552	0.071641	-0.341074	0.044325	0.099690	-0.151583	0.393148	0.091960	-0.157792	0.287407	-0.193573	-0.269413	0.044801	0.083060	0.160408	-0.150727	0.427510	-0.123047
0.090899	0.035144	-0.454278	0.048621	-0.169425	0.249206	-0.058891	-0.211445	-0.064264	-0.221235	0.188857	0.003151	-0.291237	0.252836	-0.066068	-0.231242	-0.028445	-0.006445	-0.210400	0.230613	-0.025629	0.029748	-0.021831	0.490065	-0.083460
0.185765	-0.266897	0.212932	0.005193	0.031861	-0.222298	-0.113148	-0.099647	0.260592	-0.149172	-0.030644	0.132476	-0.138571	0.249516	0.083800	-0.142471	-0.234381	-0.404754	-0.387346	0.095361	0.135589	-0.023690	0.352775	0.027299	0.190432
-0.001100	0.034507	0.061950	-0.064789	0.118783	0.130089	-0.086923	0.080120	-0.412857	-0.102551	-0.020862	0.242472	-0.393765	0.397328	-0.082919	0.265787	0.099600	-0.018739	-0.420083	0.288091	-0.076692	-0.008879	0.114813	0.161548	0.012373
0.179496	-0.121981	-0.092172	-0.233284	0.208909	0.018628	-0.041103	0.054091	-0.316474	0.211606	-0.330819	-0.145201	-0.241534	0.345557	-0.059603	0.326729	-0.240672	0.124570	-0.230094	-0.005332	0.043392	-0.175315	0.138935	0.315394	0.007868
0.128491	-0.281211	0.004020	-0.043123	-0.029470	-0.201063	0.071073	-0.098313	0.246416	0.021589	0.287715	0.429842	-0.030186	0.348631	-0.167903	-0.099047	-0.055815	-0.048264	-0.283754	0.067428	0.355367	-0.076013	0.100785	0.352871	0.009389
0.220268	-0.314951	0.178236	-0.001647	0.001555	0.088239	0.209269	0.224235	0.144771	-0.022770	-0.116964	0.105466	-0.049863	0.465036	-0.224928	0.007461	-0.132648	-0.211981	-0.236559	0.222956	0.355616	-0.282319	0.019705	0.151886	0.071799
-0.077778	-0.219188	0.208422	0.153968	0.298983	-0.219294	0.061839	-0.074981	0.262480	-0.085054	-0.074576	0.123515	-0.119827	0.262037	-0.495264	-0.166382	-0.135332	-0.130821	-0.299023	0.061406	0.240659	-0.021665	-0.055057	0.254767	0.154782
-0.067976	-0.374035	0.100794	-0.261590	0.175660	-0.093709	-0.060955	0.121748	0.245417	-0.053683	0.040322	0.218193	0.147891	0.430188	0.077039	-0.136816	-0.044494	-0.310178	-0.399409	0.182989	0.050398	0.099003	0.189523	0.152844	0.109340
-0.046209	0.118807	-0.027366	-0.187137	0.003603	-0.111807	0.267970	-0.324587	0.099103	0.048264	-0.029199	0.217106	-0.185897	0.553865	-0.192094	0.019594	0.054742	0.157419	-0.341663	-0.277397	0.208329	0.149564	-0.070317	0.160945	-0.038431
0.226045	-0.180825	-0.002288	0.192359	-0.014717	0.009968	0.091231	0.096418	-0.004079	-0.123698	-0.386858	-0.236429	-0.177460	0.344033	0.024296	0.074632	0.059965	-0.429915	-0.315622	0.181883	-0.039760	-0.254925	-0.060469	0.273143	-0.135730
0.205327	-0.210699	0.079867	-0.115100	0.182426	0.168383	-0.055553	-0.004689	-0.201743	0.020075	0.011735	-0.038929	-0.286800	0.397442	-0.070131	0.201232	-0.128599	-0.080506	-0.509869	0.212502	-0.132534	-0.171590	-0.180528	0.301426	-0.045804
0.155455	-0.065911	-0.136327	-0.100044	0.020112	-0.035032	0.124763	0.035630	-0.446976	0.023618	0.019755	0.024879	-0.045727	0.418677	0.065678	0.076696	-0.138583	-0.100514	-0.459373	0.143168	-0.074051	-0.125734	-0.215341	0.450312	-0.064968
-0.167620	-0.186886	-0.006077	0.068920	0.148949	-0.064103	-0.043375	0.009286	-0.109324	-0.036031	-0.060824	-0.123796	-0.215409	0.087765	0.068814	0.359429	-0.012362	0.491795	-0.040758	0.152036	-0.002928	-0.041350	-0.127404	0.620429	-0.118112
0.006880	0.019688	0.031037	0.007112	0.064839	0.017225	0.041555	0.044902	-0.288964	0.212762	-0.093190	0.144078	-0.173869	0.339420	-0.000400	0.303751	0.166689	0.076924	-0.475890	0.169647	-0.086155	0.043030	-0.320077	0.430638	-0.090932
0.238951	-0.185706	-0.032527	-0.058538	0.271714	-0.303684	0.236480	-0.196513	0.053053	0.045824	0.033078	-0.076388	-0.246668	0.319776	-0.215907	-0.265862	-0.128192	-0.153481	-0.227288	0.329941	0.155899	-0.067895	0.175896	0.276052	0.120523
-0.140481	-0.221126	0.083960	-0.204383	0.148836	-0.074310	0.183698	-0.282611	-0.048767	0.140495	0.083970	-0.131342	-0.310980	0.197012	-0.311323	-0.277899	0.018929	-0.374965	-0.358485	0.192457	0.128957	-0.173840	0.059760	0.161335	0.047007
-0.091126	-0.206439	0.096996	-0.136122	-0.174875	0.059580	-0.221523	-0.127399	-0.448141	0.196514	-0.184546	-0.219656	-0.267231	0.250546	-0.195992	0.114058	-0.035182	-0.225566	-0.348969	0.144449	0.094310	0.237408	-0.031680	0.211870	-0.091836
0.238908	-0.303349	-0.032566	0.152186	0.024684	-0.161558	0.131369	0.067079	-0.147899	0.033472	-0.085964	0.050934	-0.092627	0.312704	-0.220178	-0.090500	-0.213608	-0.079762	-0.338927	0.041096	0.493732	0.008458	-0.035147	0.371990	-0.173775
-0.009368	-0.074008	-0.199027	-0.161193	0.101139	-0.116072	0.004359	-0.197863	0.185436	0.098358	0.053839	-0.260054	-0.150889	0.157198	-0.248408	-0.094171	-0.212239	-0.314469	-0.611468	0.068334	0.120864	-0.057226	-0.034864	0.272054	0.133113
0.081858	-0.172799	-0.120172	0.065786	0.170264	-0.145225	0.040656	-0.114531	-0.069335	0.118849	0.152544	0.198744	-0.139626	0.399467	-0.127365	0.035316	-0.162394	-0.182587	-0.481121	0.117064	0.136965	-0.025042	-0.268850	0.446986	-0.072289
0.031058	-0.514531	-0.136845	0.183933	-0.164133	0.000953	0.283781	-0.008007	-0.092484	0.200023	-0.110868	0.110998	0.140143	0.207967	-0.155711	-0.132666	0.024519	-0.044004	-0.374211	0.068069	0.451013	-0.001705	0.024567	0.197860	0.076912
0.176968	-0.265442	-0.100130	0.123326	0.126186	0.026062	-0.173556	-0.106460	-0.073986	0.245439	-0.168889	-0.028352	-0.381132	0.289460	-0.051196	-0.136548	-0.136170	-0.075115	-0.378538	-0.144964	0.311780	-0.090004	-0.232176	0.311154	-0.158284
0.160734	-0.415780	0.273949	0.204960	0.012143	-0.230436	0.065151	-0.148553	0.199289	-0.092306	-0.349976	-0.100516	-0.118689	0.258083	-0.101922	-0.208657	-0.211365	-0.180332	-0.393153	0.098577	0.115023	0.063939	-0.079917	0.133444	0.078985
0.165921	-0.448273	-0.004592	0.098098	0.042149	-0.120843	-0.120028	0.068265	-0.046714	0.030276	-0.131537	-0.124146	-0.081774	0.496815	-0.370001	-0.057863	-0.126881	-0.231314	-0.263534	0.173319	0.301623	-0.082474	0.032986	0.017425	-0.169090
0.199307	-0.192877	-0.149016	0.231106	-0.049416	0.269109	-0.206671	-0.184886	-0.231775	0.056004	-0.066991	-0.110946	-0.286979	0.337792	-0.059649	0.068540	-0.262386	0.038663	-0.409408	-0.025732	0.114336	0.091571	-0.168233	0.345222	0.098877
-0.027562	-0.392922	0.130301	0.125934	0.102659	-0.088359	-0.167756	-0.235549	-0.097203	0.134144	-0.213669	-0.066143	-0.061403	0.456771	-0.135893	-0.151950	-0.140821	-0.117811	-0.415631	0.129093	0.255216	-0.101328	-0.062110	0.271179	-0.051796
0.221876	-0.259769	0.123390	-0.103947	0.092443	0.137777	0.125328	-0.005219	-0.284265	-0.100589	-0.081241	0.166903	-0.417387	0.273294	-0.071938	0.287135	-0.017353	-0.000103	0.050160	0.206929	-0.146535	0.446178	0.118281	0.226197	0.144065
0.066312	-0.064160	0.018787	0.170348	0.060959	0.384324	-0.085955	0.067970	-0.276092	-0.103543	-0.036320	0.033735	-0.332787	0.393877	0.140690	0.242977	-0.003448	-0.033433	-0.461602	0.108594	-0.154165	-0.108076	0.133864	0.291836	-0.005445
0.272277	-0.216279	-0.036459	0.308505	0.142336	-0.140167	-0.105812	-0.168471	-0.306475	0.061917	-0.099920	-0.064461	-0.078977	0.364512	-0.029028	-0.123629	-0.166117	-0.091019	-0.232859	-0.021925	0.090466	0.196029	0.064628	0.514191	-0.173788
0.169703	-0.243637	-0.174008	0.410470	-0.005479	0.115557	0.146499	0.175635	-0.240948	-0.211590	-0.085392	-0.148340	-0.101181	0.336801	-0.250361	-0.027793	0.005760	-0.222133	-0.203783	0.228534	0.235495	-0.169510	-0.037670	0.182974	-0.256738
-0.092061	-0.093124	-0.045472	0.042955	0.067290	-0.185893	-0.019590	-0.073557	0.268650	-0.054398	-0.043211	-0.192310	0.127880	0.009055	0.161680	-0.236155	0.093486	-0.356484	-0.437937	0.034821	0.200801	-0.089728	-0.256855	0.157833	0.503640
-0.107994	-0.155538	-0.042965	-0.162975	-0.029377	-0.070134	0.038289	-0.061881	0.195761	-0.476313	-0.027699	0.311945	0.017075	0.043442	0.258558	0.134107	-0.106521	-0.370135	-0.429223	0.257446	0.192569	0.002003	0.028190	0.006203	0.193894
-0.123793	-0.126957	0.149926	0.106900	0.221295	-0.228242	-0.058196	-0.194671	0.266733	-0.037718	-0.140094	-0.286696	0.092441	-0.043336	0.245124	-0.165859	-0.180915	-0.001604	-0.185859	0.109165	0.484258	0.121861	0.187346	0.286996	0.271807
-0.348297	-0.244147	0.015128	-0.248884	-0.126323	0.045408	0.199255	-0.052110	0.323312	-0.299489	-0.133925	0.200055	-0.257929	0.064093	0.053835	-0.253572	0.268977	-0.076759	0.013848	0.307870	0.057459	0.109283	-0.057754	0.242527	-0.236307
-0.131515	-0.247915	0.258118	-0.288597	-0.086786	-0.031653	0.294791	0.053454	-0.033137	-0.074013	-0.170015	-0.058211	0.063141	0.179414	0.229164	0.121588	-0.134243	-0.105251	-0.281946	0.051471	0.462752	0.069785	-0.018670	0.117735	0.431543
0.000463	-0.088997	-0.087492	0.315774	0.136371	-0.164763	-0.196620	-0.269624	0.309094	0.135371	-0.024019	-0.221872	0.139778	0.125497	-0.029778	-0.281868	-0.132741	-0.050690	-0.008803	0.056774	0.356782	0.105937	-0.145307	0.445414	0.258465
-0.080085	-0.103804	-0.186435	-0.121577	0.194507	-0.214039	-0.291641	-0.352438	0.120505	-0.131967	0.014268	-0.133229	0.194469	0.019577	0.215108	-0.021038	-0.233901	-0.073787	-0.000472	-0.007396	0.484764	0.184815	-0.159230	0.347669	0.173102
0.134027	-0.072929	-0.020388	-0.009822	-0.048837	0.223719	-0.071605	-0.187009	-0.077943	0.132565	-0.298633	-0.344918	0.127405	0.072152	0.336401	-0.070203	-0.023138	0.349257	-0.228068	0.282061	-0.045969	0.170228	-0.370261	0.208579	0.215784
-0.010006	-0.002033	-0.170125	-0.277198	-0.053260	-0.347647	0.055832	-0.053314	-0.074197	-0.197998	-0.101269	0.384213	0.122480	0.320856	-0.077221	-0.043315	-0.061458	-0.081690	-0.140534	0.167773	0.390467	0.348150	0.188517	0.217100	0.146269
-0.045440	-0.135404	0.129471	0.033610	-0.283070	0.003436	0.093502	-0.108248	-0.086473	-0.260475	-0.085834	0.233834	0.254960	0.371094	0.229062	-0.068023	-0.245930	-0.297959	-0.198283	0.153712	0.317182	0.196286	0.130962	0.220107	0.216772
-0.120373	-0.129517	-0.034200	0.259207	0.114078	0.025187	-0.126757	-0.121665	-0.064483	0.140909	-0.140315	-0.034842	-0.170977	0.240055	0.262122	-0.382278	-0.107666	0.332536	-0.355086	-0.053925	0.285948	0.009268	-0.232524	0.341121	0.076100
-0.056510	-0.235568	-0.255377	0.379944	0.175303	0.066095	-0.038953	-0.223546	0.020560	-0.056393	-0.012860	-0.178487	-0.115723	0.191445	0.165607	-0.203233	-0.057612	0.007145	-0.440684	-0.050527	0.062510	0.127589	-0.160644	0.491474	0.055554
-0.042312	-0.080202	-0.155996	0.143740	-0.092687	0.077138	-0.405587	-0.140629	0.269963	-0.050903	-0.039575	-0.202642	0.042597	0.232470	0.289571	-0.228771	-0.009117	0.221336	-0.122787	0.196144	0.071928	0.209924	-0.174948	0.504693	-0.025137
-0.160033	-0.185090	-0.238341	0.291667	0.040073	-0.056438	-0.047881	-0.299762	0.217709	-0.005759	0.138016	-0.175357	0.024953	0.198476	0.172030	-0.449845	0.022541	-0.073690	-0.136804	0.035524	0.221657	0.156197	0.062016	0.474173	0.063123
-0.038316	-0.042697	-0.050171	0.053598	0.194685	0.334558	-0.387040	0.015616	-0.185218	-0.127739	-0.190238	-0.119665	-0.022053	0.337844	-0.143360	-0.198009	0.033658	-0.175280	-0.216781	0.121595	0.203658	0.093856	-0.174643	0.255947	0.419520
-0.248945	-0.031046	-0.151279	-0.164985	0.045048	0.260599	-0.254977	-0.354438	-0.085185	-0.037869	-0.096776	-0.269306	0.012421	0.390013	0.108226	-0.010152	0.145909	-0.003169	-0.041316	0.158607	0.172690	0.226919	-0.055399	0.480948	0.088643
0.002997	-0.192774	0.100210	-0.212266	0.050607	-0.139444	-0.237489	-0.274548	-0.062909	-0.276740	-0.037934	-0.084960	0.038158	0.005585	0.072534	-0.308903	0.025499	-0.097285	-0.452141	0.221893	0.398876	0.139172	0.035420	0.322740	0.122100
0.044455	-0.315082	0.287301	0.116981	0.083011	0.034766	-0.102110	-0.298067	0.103192	-0.080697	0.019512	-0.119774	-0.154007	-0.000221	0.158606	-0.324656	-0.099086	-0.046219	-0.153602	0.086375	0.492654	0.211780	-0.108923	0.371454	0.169050
-0.032383	-0.379610	0.054345	-0.037763	0.025351	-0.165402	-0.203476	-0.302000	0.084328	-0.346950	-0.107242	-0.149711	0.295253	0.011510	0.008034	-0.037428	-0.159849	-0.276455	-0.007691	0.261496	0.346997	0.000786	-0.059185	0.376978	0.056999
-0.129834	-0.319312	0.146603	0.023658	-0.020840	-0.102660	-0.095179	-0.104579	-0.309004	0.019743	-0.146140	0.148960	-0.022344	0.214310	-0.018686	-0.021262	0.010834	-0.150478	-0.059076	0.157096	0.360853	0.179800	-0.120067	0.385231	0.514997
0.009972	-0.210013	-0.062312	0.171333	0.194700	-0.017277	-0.283887	-0.033275	0.179511	-0.053570	0.042783	-0.053971	0.033954	0.179279	0.097967	-0.215507	-0.146166	-0.252932	0.021154	0.182788	0.284922	0.436093	0.056102	0.460126	0.260886
0.015270	0.028023	0.116573	0.163364	-0.012827	0.165891	-0.270739	-0.081527	0.062080	0.146920	0.053682	-0.137932	-0.153576	0.246661	0.430413	-0.037970	-0.415335	0.035139	-0.157131	0.225785	0.366254	0.101436	-0.010800	0.251413	0.274662
0.013252	-0.104936	-0.215954	0.279816	0.163538	0.143364	0.040616	-0.203478	-0.110557	-0.016401	0.099861	-0.104122	-0.202995	0.236908	0.143093	-0.123214	-0.276424	0.092840	-0.097603	-0.249759	0.129644	0.418805	-0.085130	0.499663	-0.034397
-0.007340	0.435108	0.027380	0.038448	-0.060840	-0.245665	-0.242496	-0.335354	0.086728	-0.182548	0.004931	-0.007204	-0.171473	0.110279	-0.027856	-0.390352	-0.049959	-0.037584	-0.348379	-0.037789	0.009453	0.347230	-0.048878	0.126927	0.267547
0.187052	-0.143949	-0.047184	-0.390827	0.056214	-0.083227	0.034823	-0.286908	0.068374	-0.181653	0.036412	0.581292	0.026413	-0.060056	-0.069313	-0.154655	-0.022206	-0.053689	-0.394640	0.161043	0.198359	0.177861	0.014245	0.161808	-0.057970
-0.178897	-0.064462	-0.071230	-0.138613	-0.272119	-0.050609	-0.141120	-0.030743	0.029866	-0.351426	-0.166807	0.439443	0.183181	0.127021	-0.006695	0.003627	0.173521	-0.058853	-0.480588	0.235537	0.277446	0.006941	0.145072	0.168819	-0.020552
0.150893	-0.267066	0.119173	-0.176722	-0.257979	-0.313221	0.036742	-0.220787	-0.157088	0.048416	-0.391386	0.145758	0.164238	0.036934	-0.039812	-0.229846	0.173247	-0.125050	-0.267419	-0.122617	0.356135	0.074576	0.115804	0.288604	0.014793
-0.110302	-0.245936	-0.107019	-0.136055	0.013216	-0.140415	-0.005158	0.077757	0.156705	-0.392764	0.092422	0.221903	-0.300087	0.052506	-0.367694	-0.027897	-0.193002	-0.206030	-0.362182	0.274636	0.145970	-0.028115	-0.114016	0.277640	-0.086902
-0.136114	-0.293463	-0.196991	0.060206	-0.188409	-0.534866	-0.110328	-0.034648	0.027740	-0.038193	-0.131686	0.128496	0.060218	0.053802	-0.366587	-0.184111	-0.249515	0.073255	0.000066	0.098866	-0.083260	-0.083966	-0.056168	0.442842	0.128219
0.382690	-0.157512	0.315121	0.015902	-0.030093	0.097451	-0.087748	-0.154395	0.016353	0.227152	0.044185	-0.020979	0.017539	0.344813	-0.199962	0.136674	0.190321	0.039765	-0.173716	0.275946	0.326160	-0.182646	-0.337336	0.212386	0.111124
0.124141	-0.272222	-0.328636	0.089505	-0.086857	-0.105205	-0.231014	-0.092472	-0.008666	-0.063074	-0.392244	0.003421	-0.126067	-0.216910	0.074393	0.101759	-0.319187	-0.067881	-0.041767	-0.092924	-0.032507	0.259553	0.119607	0.526846	-0.004871
-0.108327	-0.364582	-0.153498	-0.087858	0.092892	0.056048	0.006026	0.058561	-0.158838	-0.111715	-0.088750	0.144460	0.080529	0.310704	-0.368761	-0.389257	-0.156183	0.045418	-0.363564	0.204072	0.133438	-0.008489	-0.081694	0.020479	0.355801
0.368579	-0.248159	-0.018237	-0.234839	-0.391728	0.111780	0.046439	0.086406	-0.206548	0.067479	-0.024030	0.226176	-0.172105	-0.008041	-0.055210	0.159973	-0.144394	0.092149	-0.207968	-0.023314	-0.023600	0.299368	-0.053475	0.466263	-0.175128
0.097226	-0.311106	0.210623	0.019017	-0.117875	0.033836	0.013348	0.031654	0.204452	-0.061957	-0.167122	0.128447	0.005026	0.099737	-0.235795	-0.007801	-0.043563	-0.520026	-0.101978	0.206343	0.203880	-0.435041	0.090595	0.332601	-0.046433
-0.071294	0.071168	0.381952	0.066595	-0.184674	-0.106647	-0.093879	0.006343	0.110810	0.133740	0.148811	0.054940	-0.309496	0.364942	0.032734	-0.136609	-0.306795	-0.425061	-0.316825	0.146485	0.093018	-0.100814	0.083676	0.179054	0.163257
-0.246742	-0.109358	0.272621	0.191779	0.189856	0.041062	0.238589	0.043627	0.140159	-0.110059	0.093896	-0.035696	0.002866	0.138670	-0.173747	-0.166124	-0.190439	-0.242033	-0.146143	0.410425	0.235021	-0.008774	0.146745	0.447069	-0.198136
0.054968	0.030485	-0.151996	-0.134866	0.001106	-0.037746	0.390174	-0.193075	0.112782	0.178160	0.091210	-0.171000	-0.289875	0.150236	-0.330320	-0.143884	0.038341	-0.413347	-0.380876	0.001457	0.233165	0.049946	-0.033132	0.260584	-0.046120
0.072209	-0.027938	0.256820	-0.213967	-0.023158	-0.324203	0.079765	0.057053	0.075506	-0.039075	-0.148771	-0.042133	0.101421	0.271803	-0.171895	-0.230048	-0.102823	-0.450244	-0.281128	0.309383	0.024369	-0.061533	0.331678	0.247325	-0.075059
0.277534	-0.032501	-0.032982	0.088235	0.260943	0.044380	-0.032177	-0.125194	0.014962	-0.198393	-0.024644	0.123279	-0.082070	0.358842	-0.188547	-0.041127	0.131402	-0.424979	-0.332259	0.084286	0.168730	-0.169218	0.157924	0.323448	0.310009
-0.006313	-0.159994	-0.227513	0.149641	0.214493	0.121238	-0.021907	-0.125283	-0.104806	-0.110863	-0.161335	0.036698	-0.077120	0.513755	-0.167590	0.058980	0.168099	-0.286385	-0.141434	0.182038	0.141265	-0.368752	-0.011448	0.308287	0.238113
0.074060	-0.276463	0.181433	-0.094329	-0.119154	-0.262480	0.090836	-0.132770	-0.317220	0.169390	0.110173	-0.135832	-0.072074	0.417115	-0.061203	0.164654	-0.066665	0.030033	-0.083102	0.095216	0.037735	-0.134096	-0.137924	0.574062	-0.089748
0.106966	-0.186877	-0.047121	0.305234	0.071526	0.104952	0.062438	-0.311661	-0.214500	0.157209	-0.009540	-0.144092	-0.275121	0.431857	-0.092225	-0.016365	0.162468	0.023588	-0.195420	0.074158	-0.125025	-0.062698	-0.114386	0.522142	-0.051202
0.072546	0.024201	-0.004194	-0.191316	0.052819	-0.197664	0.228417	0.044948	0.108525	-0.088180	0.060365	-0.146432	-0.316779	0.241214	-0.224442	-0.466782	-0.241230	-0.194184	-0.338059	0.179580	0.232198	-0.030649	-0.160370	0.238364	0.101099
-0.028677	-0.166249	-0.040143	-0.120291	0.153878	0.022197	0.008672	-0.115177	-0.177127	0.088336	0.070730	0.146446	-0.335933	0.287522	-0.070328	-0.137745	-0.337248	-0.465111	-0.341728	0.308317	0.035486	-0.193255	-0.125971	0.191056	0.000676
0.245242	-0.017033	0.158577	-0.182350	-0.086186	-0.080764	0.298074	-0.260618	-0.166143	0.053430	-0.016769	-0.148639	-0.103151	0.241025	-0.320753	-0.109724	-0.102587	-0.189147	-0.338295	0.132578	0.200720	-0.204380	-0.260062	0.381843	-0.011975
0.060127	-0.148236	0.172342	-0.070402	0.007472	-0.045831	0.197876	-0.102240	-0.134624	-0.135917	-0.319105	0.117286	0.104010	0.367370	-0.372957	-0.105628	0.090113	0.042395	0.016840	0.222742	0.280675	0.051173	-0.164738	0.435560	0.285851
-0.148400	-0.192778	-0.026994	-0.155454	-0.061233	-0.112909	0.181298	0.122802	-0.098053	-0.093036	-0.212883	0.005636	-0.055783	0.426914	-0.343360	-0.356935	-0.181334	-0.021362	-0.059054	0.297166	0.132522	-0.070081	-0.087967	0.387326	0.227638
0.091357	-0.389965	-0.058393	0.149285	-0.201432	-0.327658	0.039909	-0.028865	-0.450495	0.001361	0.087383	-0.146453	-0.319496	0.308261	-0.201759	0.000380	0.078353	-0.113939	-0.143500	0.029030	-0.148667	0.050654	0.054860	0.354084	-0.008723
-0.326159	-0.066730	0.014755	0.013213	-0.170102	-0.025537	0.338892	-0.235888	0.244350	-0.201438	-0.027864	-0.080805	-0.223062	-0.072418	0.271349	-0.195028	-0.201152	-0.254600	-0.197413	0.146245	0.248299	0.012058	-0.115997	0.142417	0.391487
-0.211900	-0.078525	0.176679	-0.086079	-0.186987	0.050010	-0.118486	-0.078700	0.122128	-0.326032	0.030600	-0.063648	-0.123611	-0.089831	0.221536	0.031161	-0.062348	-0.210021	-0.333842	0.439798	0.362979	-0.136182	-0.235285	0.007826	0.307285
-0.126145	-0.098355	0.207331	0.052302	-0.030364	-0.119645	0.043535	-0.232504	0.134166	-0.574386	0.035984	-0.332905	0.123267	0.179809	0.055989	-0.027723	0.107672	-0.156635	-0.184906	0.434815	0.115491	0.191284	0.133000	0.120737	-0.066755
-0.154617	-0.260861	0.219809	-0.070748	0.211575	-0.172902	0.011083	-0.322404	0.193928	-0.430473	-0.149305	-0.275667	-0.036087	0.105552	0.136215	-0.234392	0.048509	-0.135049	-0.007900	0.210497	0.331320	0.121220	-0.057559	0.123740	0.246586
-0.346615	-0.161814	-0.068232	-0.056849	-0.122174	0.064132	0.085945	-0.327757	-0.083240	0.038723	0.018071	-0.182476	0.037275	0.103287	0.222019	-0.084179	-0.399483	-0.141674	-0.132459	0.071546	0.459238	-0.002760	-0.132997	0.256719	0.323459
-0.097385	-0.161502	-0.012164	-0.238042	0.152012	0.224496	0.057053	-0.284608	0.299198	-0.070601	-0.030773	0.222152	0.135350	0.106949	0.296500	-0.135032	-0.037063	-0.063455	-0.193678	0.293941	0.454364	0.076249	-0.177734	0.277070	0.138643
-0.180404	-0.222525	-0.073828	-0.304722	0.383024	0.114403	0.053118	-0.095670	-0.018401	-0.210488	-0.168126	-0.147729	-0.141525	-0.058872	0.297848	-0.029427	-0.112584	-0.160370	-0.228705	0.036295	0.342347	0.287474	-0.052503	0.301791	0.233150
-0.095780	0.029186	-0.045029	-0.303527	0.037438	-0.042043	-0.002380	0.045754	0.149159	-0.270545	-0.048710	-0.045361	0.310262	0.120610	0.039138	0.100445	-0.258394	-0.269829	-0.106682	0.432309	0.117767	-0.045822	-0.012691	0.522568	0.202956
-0.141190	-0.094370	-0.000465	-0.101274	-0.285159	-0.034501	-0.101986	-0.382136	0.118686	-0.238072	0.369163	-0.146459	-0.073676	-0.007743	0.142492	0.321063	-0.032083	-0.073813	-0.097645	0.122906	0.458318	0.169684	0.014497	0.303869	-0.045669
0.058531	0.155041	0.357025	-0.023907	-0.376995	0.159240	0.051100	-0.088344	-0.007692	0.020400	0.095281	-0.209202	0.127029	0.307443	0.002031	0.086113	-0.143975	0.187440	-0.035779	0.133227	0.261749	-0.103258	-0.060694	0.570220	0.110918
-0.205093	-0.227805	0.225703	0.124583	-0.091655	-0.336221	0.002937	-0.267082	-0.199782	-0.446155	-0.110009	-0.058030	-0.058623	0.181882	0.020339	-0.070875	0.017996	-0.069926	0.166484	-0.029975	-0.059264	-0.083043	-0.311085	0.447528	-0.095438
-0.175018	-0.039557	-0.055145	0.171775	0.056177	0.038228	0.059695	-0.150591	0.092667	-0.538061	-0.083902	-0.217067	0.022769	0.219923	-0.023887	-0.100330	0.074369	-0.132871	-0.087169	-0.009066	0.089153	0.150802	-0.035907	0.655250	0.020593
-0.068090	-0.192084	0.219436	0.034440	-0.236119	-0.115056	0.152184	-0.243709	0.015802	-0.213037	-0.356313	-0.409941	-0.284483	0.042482	0.023102	0.036340	-0.044624	-0.022769	0.137041	-0.109636	0.240805	-0.077279	-0.340564	0.312578	0.146259
-0.317346	-0.119894	-0.296110	-0.140651	0.079389	-0.065392	-0.046262	-0.098247	-0.085016	0.007246	0.136001	-0.145374	-0.131772	0.076665	0.184232	-0.046173	-0.191584	-0.181392	-0.148154	0.092172	0.208719	-0.014280	-0.243680	0.579546	0.331335
0.119086	-0.107846	0.000840	0.163220	-0.157533	-0.086101	-0.074130	-0.194474	-0.294237	-0.128844	-0.363918	-0.551994	0.012953	-0.019128	0.061167	-0.273670	0.083433	-0.022792	-0.340434	0.129756	-0.166931	0.145146	-0.133883	-0.027231	0.211444
-0.301129	-0.053263	-0.141258	-0.115464	-0.145147	-0.097303	-0.279986	-0.245816	0.044331	0.286168	-0.330864	-0.381013	-0.099482	0.142597	0.353707	-0.166055	-0.064337	-0.162910	-0.084410	0.192259	-0.049293	0.110987	0.016652	0.303356	0.024792
-0.234562	-0.008943	-0.241725	0.157841	-0.133959	0.078200	-0.415961	-0.178134	-0.078760	0.148471	-0.129974	-0.245091	-0.110950	0.051107	0.411583	-0.286577	0.072521	-0.043354	-0.391365	-0.010977	-0.026216	0.246913	0.103494	0.166412	-0.024452
0.033441	-0.132068	-0.163453	-0.273014	-0.037413	-0.284695	-0.026936	-0.011828	0.069011	-0.242419	-0.274396	0.204700	0.097994	-0.131215	-0.137281	0.036018	-0.277317	-0.211397	0.076039	0.115601	0.260505	0.371001	-0.006395	0.468089	-0.061554
0.073546	-0.371287	-0.165017	-0.111369	0.047287	-0.413060	-0.239323	-0.312314	0.095839	0.013869	-0.102614	0.173282	0.085940	-0.038624	-0.054348	0.011283	-0.299786	0.135055	0.014625	-0.053603	0.280354	0.364527	-0.025259	0.282485	0.156296
-0.178909	-0.152215	-0.182422	-0.031706	0.099372	-0.413998	-0.063446	-0.128143	-0.183550	-0.134032	-0.190649	0.070314	0.088152	-0.166358	-0.024101	-0.102839	-0.358310	-0.010621	-0.037934	-0.085172	0.227397	0.193923	-0.072317	0.578817	-0.050079
-0.043362	-0.268394	-0.341063	-0.253667	-0.097416	-0.377689	-0.145072	-0.107822	-0.284199	-0.024204	-0.267081	0.067118	-0.043466	-0.123140	0.007758	0.194894	-0.192199	0.135159	0.129543	0.210829	-0.021940	0.148400	-0.029704	0.456607	0.000511
-0.024243	-0.427382	-0.130864	0.041538	0.045483	-0.182790	-0.021203	-0.287381	0.032381	0.141838	-0.103066	0.192821	-0.333359	0.011611	-0.037508	0.160666	-0.107176	0.186762	0.015664	-0.056514	0.144411	0.152948	-0.339374	0.503028	0.098334
-0.127886	-0.326958	-0.090673	-0.277524	-0.252343	-0.048506	0.349885	-0.378321	0.073194	-0.083515	0.204739	-0.182955	-0.071447	0.245467	0.161057	0.009836	0.181875	-0.138149	0.141190	-0.073727	0.209626	-0.032591	-0.064574	0.297911	0.255635
-0.011588	-0.262256	-0.028304	-0.302166	-0.117314	0.144844	0.124609	-0.125196	-0.001113	0.170832	0.216489	-0.061103	-0.043042	0.461109	-0.217104	-0.153179	0.187299	0.309547	-0.044750	0.305094	0.121989	0.376031	0.011612	0.155921	0.038321
-0.038544	-0.304720	-0.055966	-0.139154	-0.159558	0.265598	0.006738	-0.052569	-0.253737	0.068340	0.017647	0.111810	-0.074607	0.543041	-0.080022	-0.211898	-0.111924	-0.006384	0.329623	0.310242	-0.010924	0.073396	-0.050800	0.215788	0.280364
-0.145987	-0.288057	0.071021	-0.433190	-0.109356	-0.042284	-0.000347	0.030951	0.288244	-0.163999	0.133457	0.049547	-0.138474	0.005518	-0.002753	0.269721	-0.238602	-0.009587	0.061093	0.207006	-0.085973	0.270098	-0.227316	0.467279	0.110122
0.100106	-0.316855	0.140015	-0.054939	0.092868	-0.469932	0.113804	-0.055349	-0.077326	-0.209555	0.038798	-0.049983	-0.085866	-0.092274	0.031807	0.043151	0.149844	0.058397	-0.296184	0.363262	0.247952	0.423835	-0.207992	0.099952	0.094394
-0.200085	-0.369119	0.023440	-0.087631	-0.168755	-0.243672	0.051759	-0.089686	0.221860	-0.095222	-0.148242	0.097679	-0.052301	0.212035	-0.151652	-0.111863	-0.365365	0.209276	0.202647	0.368700	-0.014506	0.194187	-0.069512	0.372532	0.089866
-0.215392	-0.183971	-0.031263	-0.019859	-0.148999	-0.293944	0.092048	0.006000	-0.055190	0.086814	-0.089809	0.125067	-0.070462	0.118467	-0.279666	-0.128228	-0.381882	0.241445	0.014802	0.169372	0.066639	0.331287	-0.174917	0.493871	0.177762
-0.065632	-0.251747	-0.205442	0.072403	-0.179355	-0.028259	-0.253186	-0.121049	-0.100454	-0.048284	-0.375741	0.017105	-0.020028	0.431229	-0.301642	-0.179515	-0.127886	0.148026	0.254805	-0.198979	0.020437	0.130298	-0.082636	0.375119	0.044180
-0.060890	-0.194611	0.104448	0.155609	-0.118864	-0.214511	-0.216404	-0.072166	-0.081742	0.295997	-0.088564	-0.036147	-0.135950	0.281814	-0.026122	-0.318419	0.122955	0.297556	-0.010495	-0.044153	0.091401	0.213564	-0.168516	0.555537	0.104844
-0.080653	-0.349549	-0.095110	0.211242	-0.162490	-0.008146	-0.253829	-0.024229	-0.137161	0.242715	-0.142399	-0.148461	0.063193	0.206942	-0.257667	-0.250926	0.258132	0.138069	-0.121756	0.016952	0.002112	0.022454	-0.257018	0.492492	0.141476
0.016390	-0.343017	0.120269	0.225712	-0.331014	0.080917	-0.225153	-0.262563	-0.209040	-0.116793	0.064103	0.081570	-0.104958	0.153088	-0.041276	-0.020411	-0.123510	0.184159	-0.048172	0.068578	0.286855	0.214881	-0.318666	0.435823	0.009718
0.130679	-0.257428	0.361523	-0.068815	-0.310166	0.132976	0.108089	-0.066945	0.113344	-0.233218	0.079210	0.068226	-0.041284	0.180273	0.052847	0.329804	-0.189136	-0.099577	-0.091900	-0.160637	0.489975	0.051457	-0.227276	0.218980	0.070484
-0.137109	-0.220101	-0.269573	-0.161592	-0.150039	-0.110842	0.187935	0.007408	-0.018766	-0.025598	-0.327393	0.456158	-0.004144	0.244901	-0.237304	-0.127295	-0.264387	-0.126273	-0.356023	0.085592	0.112914	0.272275	-0.029292	-0.032327	0.079429
-0.205847	-0.362141	-0.031719	0.139152	-0.084893	0.247583	-0.045208	-0.067439	-0.203057	-0.123291	-0.146250	0.026219	0.113182	0.486154	-0.066154	-0.331597	-0.122708	-0.041317	-0.281008	0.317223	-0.034263	-0.058775	-0.227589	0.015708	0.189697
0.057565	-0.253181	0.085804	-0.426360	-0.195193	-0.060026	-0.077916	0.038217	-0.267799	0.103111	-0.390203	0.017227	0.257203	0.243616	-0.179033	-0.060639	-0.103904	-0.090380	-0.158288	0.064494	0.124758	-0.223412	-0.284295	0.317190	-0.054593
0.314814	0.007935	-0.056342	-0.163812	-0.134639	-0.201329	-0.015557	-0.076793	-0.138011	0.130910	-0.378414	-0.096582	0.121928	0.352578	-0.194539	0.157691	0.088390	0.022746	-0.140661	0.289268	0.155966	0.140339	-0.314980	0.341714	-0.208874
0.042465	-0.321762	0.007815	-0.165975	-0.087711	0.010666	0.385896	-0.155375	-0.114581	0.076552	0.041636	0.117993	-0.069902	0.417523	-0.018554	-0.266359	0.097753	0.201607	-0.068714	0.261096	0.059887	0.282058	-0.376413	0.059758	-0.222597
-0.043513	-0.341485	0.286899	-0.270773	0.121698	0.144871	-0.073450	-0.055425	0.052240	0.068697	-0.240064	0.224943	-0.177298	0.194657	-0.216165	0.114870	-0.190787	0.060039	-0.285839	0.011944	0.303873	0.129856	0.209625	0.399409	0.046385
0.018830	-0.413956	-0.242041	-0.036109	-0.158324	0.189254	-0.152520	-0.052217	0.148572	-0.143540	-0.033681	0.086998	0.157122	0.228200	-0.129026	-0.304915	-0.170381	0.055076	0.136868	0.128197	0.254489	0.243958	-0.350888	0.223788	-0.281154
0.269000	0.114885	0.063166	-0.186046	-0.149455	-0.321616	-0.151595	0.162415	0.028577	-0.422877	0.031879	0.125796	-0.062245	0.384757	-0.158932	-0.125316	0.230174	0.090798	-0.165343	-0.000011	0.271088	0.248392	-0.134480	0.243878	-0.100169
0.018925	-0.167357	0.005136	-0.012208	0.111853	-0.191655	0.231916	0.014741	-0.082645	-0.014045	0.054022	0.172774	-0.232373	0.453783	-0.218063	-0.073564	-0.088230	-0.122472	-0.199246	0.141183	0.215318	-0.365984	-0.058446	0.258460	0.427314
-0.127001	0.079455	0.146216	0.171040	-0.154744	-0.391789	0.246495	-0.113591	0.060593	-0.195005	-0.080863	-0.176914	-0.046390	0.200267	-0.036513	-0.027578	0.061332	-0.516196	-0.266682	0.321302	0.284850	0.078623	-0.003584	0.130590	0.054463
0.162934	-0.023052	0.014522	0.156258	0.025976	-0.161620	0.154816	-0.119785	0.036530	0.136794	0.030487	-0.330124	-0.081343	0.338157	-0.072364	0.143159	-0.091255	-0.528594	-0.216321	0.238513	0.136845	-0.064586	0.046661	0.341007	-0.271555
0.223586	-0.155080	-0.030903	-0.048688	0.025289	-0.187687	0.204017	-0.256628	-0.130797	0.094876	0.141026	-0.014552	-0.425564	0.393600	-0.266571	0.006160	-0.288314	-0.185144	-0.341886	0.008816	0.245500	0.037977	-0.162603	-0.031026	-0.049723
0.196219	-0.349434	-0.069371	0.052710	0.114235	0.095762	-0.190527	-0.105491	-0.072104	0.252204	0.013713	0.110892	-0.329287	0.192474	-0.290088	-0.162833	-0.010259	0.096725	-0.173725	-0.166454	-0.027926	-0.103116	-0.113052	0.551088	-0.171705
0.081663	-0.056180	-0.194009	-0.137947	0.080796	0.077857	-0.375187	-0.117785	0.148913	0.233036	0.016865	-0.324228	-0.100208	0.526472	-0.028528	0.111825	-0.072418	0.111766	-0.391440	0.184933	-0.097917	-0.106225	0.113144	0.206925	0.046936
0.156229	-0.258858	-0.197672	0.151878	-0.110493	-0.120899	0.037644	-0.134026	-0.352961	0.030872	0.056090	-0.145280	-0.213588	0.268227	-0.165059	0.434365	0.244160	0.021128	-0.188884	0.012997	-0.006502	-0.263802	-0.181814	0.199373	0.280396
0.217859	-0.408757	-0.122301	0.135792	0.194594	0.226247	0.093148	-0.089089	-0.186105	0.164517	-0.078902	-0.070480	-0.431378	0.343386	0.039442	0.127125	-0.045490	-0.244979	-0.297594	0.119915	0.173431	-0.144917	-0.045242	0.168567	0.072200
-0.066686	-0.231839	-0.109444	0.214817	-0.132824	0.192014	0.091169	-0.102249	-0.113577	0.294259	-0.070817	-0.163099	-0.410065	0.426685	-0.036051	0.105997	0.160227	-0.119675	-0.392968	0.182972	0.020975	-0.002454	-0.170671	0.242037	-0.022217
0.108710	-0.116128	-0.230745	-0.139949	-0.005733	0.343824	0.011247	0.093169	0.018544	0.343057	-0.311729	-0.179263	-0.330411	0.205295	-0.053099	0.171045	-0.027368	-0.000307	-0.264318	0.072098	0.110343	0.225991	-0.235066	0.328526	0.204532
0.334616	-0.047713	-0.036864	0.238480	0.307577	-0.085901	-0.163911	0.037860	-0.295850	-0.001201	-0.072267	-0.127483	-0.336997	0.362358	-0.187291	-0.046351	-0.027605	0.069206	-0.242078	0.146859	0.192861	0.106923	0.115743	0.325521	-0.228980
0.089722	-0.072092	0.241894	-0.114395	0.196280	-0.167335	0.202213	0.180528	0.077435	-0.117189	0.026389	-0.126045	0.139479	0.302790	0.043184	-0.148313	-0.085633	-0.291670	-0.303324	0.304584	0.021559	0.240534	0.113829	0.501073	-0.065587
0.177223	-0.167576	-0.209791	-0.059414	0.235198	0.044262	-0.027721	-0.010913	-0.198266	0.219823	-0.112273	-0.054818	-0.145560	0.327680	0.051961	0.121192	0.062674	0.274932	-0.424718	0.267327	0.145668	-0.090068	-0.249016	0.402665	-0.027704
0.191272	-0.290073	0.032433	0.029161	0.125129	0.059510	0.181776	0.180737	-0.329450	-0.007078	-0.104216	-0.072249	-0.190534	0.459212	-0.032546	0.194442	0.060259	0.205688	-0.230323	-0.130398	0.053735	-0.118082	-0.025567	0.492856	-0.073255
-0.089017	-0.339972	0.196336	-0.164648	0.215124	-0.195430	-0.028993	-0.302897	0.115027	0.104847	-0.083136	-0.085888	0.022396	0.353283	-0.150662	0.321676	-0.125104	-0.317359	-0.137101	0.239365	0.237220	-0.148927	-0.100991	0.194513	0.157592
0.079097	-0.062715	-0.118497	-0.032921	0.115656	0.173375	-0.101894	0.065552	-0.268182	0.213870	0.096492	-0.062613	-0.299082	0.367237	-0.184079	0.238765	0.176609	-0.015843	-0.246722	0.352987	0.190968	-0.105362	-0.230083	0.390384	0.025497
-0.087896	-0.154173	-0.055292	-0.134725	-0.059270	-0.024307	0.296187	-0.026877	-0.323992	0.249429	-0.336313	-0.161478	-0.108608	0.195759	-0.179738	-0.000372	0.052988	-0.003440	-0.268070	0.081177	0.077049	0.087671	-0.016641	0.586588	0.163393
-0.137027	-0.140807	-0.168424	-0.121079	-0.089766	-0.190825	-0.002772	0.275367	-0.097525	0.225016	-0.080540	-0.229446	-0.278343	0.441535	-0.123765	0.327193	-0.091732	0.101701	-0.291207	0.093460	-0.042855	0.102264	0.078507	0.390371	0.029087
0.267057	-0.138426	-0.233963	0.001575	-0.046204	0.090574	-0.277561	-0.239385	-0.191851	-0.210878	-0.126357	-0.065989	-0.046357	0.395225	-0.074154	0.033136	0.219677	-0.343342	-0.048651	0.030447	0.120111	0.144421	-0.261437	0.303660	0.279768
-0.002281	-0.217907	-0.064060	0.240064	-0.117257	0.509224	-0.099859	-0.060313	-0.171900	0.045220	-0.081849	0.018291	-0.099845	0.267695	-0.002736	0.078243	-0.167561	-0.063277	-0.384831	0.062164	-0.011736	0.129129	-0.123415	0.426278	-0.282712
0.154380	-0.136985	-0.107425	0.179233	0.099044	0.172166	-0.079457	-0.291585	-0.043692	0.181544	-0.140160	-0.142792	-0.237123	0.491850	-0.081586	0.142258	0.009647	-0.028760	-0.335986	-0.016516	0.034630	-0.050361	0.146739	0.462120	-0.173523
0.121063	-0.103374	0.089259	0.052592	-0.066395	0.129493	0.038588	0.060124	-0.086563	0.021348	-0.101989	-0.114316	-0.270326	0.377136	-0.049216	-0.113709	-0.075733	0.080670	-0.422774	0.211390	0.108046	-0.118042	-0.111301	0.627783	-0.088263
0.081166	-0.178975	-0.138315	-0.046949	-0.110451	0.247671	-0.218996	-0.061020	-0.172760	0.260151	-0.200604	-0.064050	-0.121962	0.281998	-0.118253	0.008671	-0.003025	-0.059270	-0.372235	0.283439	0.146910	-0.158035	-0.279411	0.416325	0.210055
-0.005593	-0.189656	-0.072448	0.021181	-0.096130	0.147121	-0.082487	-0.297165	-0.162006	-0.010162	-0.251321	-0.068076	-0.256458	0.323480	-0.032803	-0.168927	-0.091060	-0.099398	-0.393230	0.184330	-0.015819	-0.067568	-0.270825	0.473956	-0.169000
0.106380	-0.052697	0.149822	-0.196992	-0.167855	0.327477	-0.037369	0.107370	-0.471349	0.206501	-0.076286	0.038234	-0.312842	0.343949	0.075636	0.112228	0.038172	0.008875	-0.305300	-0.002644	-0.150453	0.014507	-0.032717	0.384199	0.058779
0.196250	-0.245629	-0.000917	0.217257	-0.038605	0.113662	-0.079063	-0.075110	-0.034384	0.288922	-0.152807	0.145985	-0.376559	0.402757	-0.165514	-0.058256	0.010967	0.113619	-0.310696	-0.079302	0.135122	-0.122577	0.007504	0.411648	-0.211864
-0.090773	-0.240076	0.320167	-0.089734	-0.154646	-0.343789	-0.123733	-0.173763	-0.332289	0.037488	0.129229	-0.312991	-0.210230	0.247066	-0.023882	-0.042382	0.000725	-0.247960	-0.196088	-0.021393	0.051583	0.220517	0.222156	0.315998	0.031233
-0.033580	-0.125357	-0.034722	-0.048916	0.048871	0.117388	-0.053739	0.037595	-0.272014	0.058472	0.006839	-0.073501	-0.304268	0.514784	-0.194307	0.003010	-0.102714	-0.061506	-0.437331	0.110473	0.151932	-0.252612	-0.261198	0.315798	-0.090771
0.109874	-0.036291	0.180896	0.074794	0.075564	-0.376231	-0.152557	-0.310944	0.155017	-0.361161	-0.062828	-0.383400	-0.231796	0.069142	0.261401	-0.089910	-0.196813	-0.072719	-0.070951	0.114686	0.142634	0.221946	0.147462	0.195128	0.221597
-0.241176	-0.311366	-0.058720	0.182977	-0.188280	-0.276477	0.116614	-0.148051	0.011262	-0.270462	0.029240	-0.332889	0.010740	-0.026229	0.248534	-0.102348	-0.283261	-0.216330	0.100353	0.195056	0.387172	0.093233	-0.082389	0.186347	0.165210
-0.365690	-0.003836	-0.088124	0.064870	-0.003352	-0.202961	0.250152	-0.368022	0.120928	-0.214175	0.031488	-0.313538	0.088130	0.095993	-0.006860	-0.269452	-0.191660	-0.102143	0.078773	0.135279	0.307215	0.084697	-0.267316	0.254836	0.236663
-0.242838	-0.138405	-0.001628	0.093810	-0.009910	0.105155	0.246808	-0.288509	-0.038517	-0.326290	-0.027118	-0.137911	-0.060238	-0.013274	0.163414	0.197021	0.146275	-0.076985	-0.311794	0.070355	0.636168	0.082105	-0.034387	0.085945	0.105951
-0.062376	-0.228730	-0.169650	-0.144098	-0.142741	-0.271147	0.087809	-0.003938	0.008668	0.027002	0.128938	-0.466995	-0.161949	-0.055041	0.188108	-0.332639	0.033594	-0.119581	-0.250263	0.137421	0.261873	0.200467	0.153090	0.103553	0.376766
-0.042143	0.076865	0.315628	-0.161824	-0.272827	0.221574	-0.217462	-0.377155	-0.336447	-0.269697	0.162999	-0.193771	0.146411	0.197433	0.026921	0.140703	-0.024070	-0.016074	-0.184876	0.061818	-0.029440	0.030884	-0.168809	0.230525	0.316477
0.105124	-0.240410	-0.026346	0.047148	-0.155552	0.279431	0.099960	0.050706	-0.132311	0.252659	-0.158948	-0.455038	0.042791	-0.129479	0.105933	-0.043570	-0.036576	0.108529	-0.233960	0.221553	0.218451	0.099746	-0.311018	0.337444	0.287751
-0.361072	-0.071441	0.164715	0.042255	0.143677	-0.016879	0.118688	-0.236581	0.005895	-0.040677	0.130271	-0.166723	-0.009623	0.293781	0.246320	-0.379547	-0.061818	-0.079210	-0.107681	0.102230	0.101544	0.390913	-0.060667	0.347599	0.295407
0.003557	-0.038072	0.061327	-0.074023	-0.520786	0.262978	-0.133963	-0.040257	0.166041	-0.247484	0.149986	-0.153080	-0.067633	0.172374	-0.205111	-0.045782	0.095282	0.104183	-0.197446	0.176547	0.200321	-0.117515	-0.083047	0.475343	0.198198
-0.016364	-0.424185	-0.136838	0.061810	0.061954	-0.221863	-0.027077	-0.278629	0.033496	0.145886	-0.067764	0.174465	-0.314899	0.016877	-0.061973	0.132119	-0.095331	0.222693	0.057270	-0.049697	0.168827	0.157300	-0.351685	0.476292	0.139415
0.151525	-0.156222	0.043083	-0.181953	0.094777	-0.011553	-0.115596	-0.275229	-0.067726	0.238084	-0.191217	-0.370002	-0.073940	0.177921	0.105885	-0.016134	-0.030325	0.043882	-0.346931	0.422456	0.132311	0.174002	-0.251287	0.290516	0.197757
-0.216336	-0.208257	0.097759	-0.145896	0.183780	-0.029493	-0.035400	-0.013802	-0.097944	0.105503	-0.022066	-0.209859	-0.226641	0.489344	0.197451	0.052748	-0.151072	0.036570	-0.378444	0.311474	0.057173	0.137494	-0.226999	0.319807	0.068394
0.228974	-0.110936	0.198304	0.099700	-0.100479	0.205524	0.100997	-0.171456	-0.185812	-0.203899	-0.315994	-0.251539	0.151458	0.032276	0.116938	-0.232263	0.022738	0.189689	-0.105511	0.122012	0.504144	0.157964	0.065736	0.324680	0.108939
-0.040148	-0.237740	0.122874	-0.254713	-0.279215	-0.010330	0.112241	-0.218452	0.301880	-0.021285	0.185108	0.465084	0.028364	0.216234	-0.001357	-0.074042	-0.237359	-0.178473	-0.089307	0.058451	-0.208109	0.242812	0.036051	0.298475	0.189916
0.059754	-0.057108	0.281076	-0.394634	-0.325625	-0.159522	0.064376	0.048000	0.091178	-0.005475	0.369297	0.278427	-0.151906	0.137701	-0.116264	-0.003422	-0.057452	-0.071450	-0.277613	0.144298	0.120263	0.384226	-0.021340	0.236286	0.134217
0.164932	-0.383161	0.147696	-0.049244	-0.055091	0.000664	-0.136698	0.216231	0.339505	-0.105369	0.097396	0.231371	-0.015607	0.056566	-0.350338	-0.276251	-0.061046	0.049560	-0.371478	0.008442	0.054316	0.036616	-0.130708	0.250192	0.336401
0.259812	0.046235	0.088985	-0.001638	0.064843	0.267017	-0.354238	-0.142992	-0.119381	-0.379579	-0.061456	0.029595	0.105181	0.348314	0.087567	0.272092	0.142605	0.086659	-0.187602	0.389901	-0.209259	-0.060744	-0.110410	0.221748	0.005281
-0.149675	-0.246241	0.228810	-0.320781	-0.091945	-0.028764	0.295528	0.014760	0.180791	-0.298277	-0.139031	-0.056968	0.140904	0.366102	0.185443	-0.280707	-0.251763	0.138314	0.008233	0.171822	-0.019462	0.157582	0.066980	0.277463	0.186506
0.027514	-0.468018	-0.063909	-0.108603	-0.200015	0.234715	0.025185	-0.223251	-0.105457	0.215600	-0.128170	0.253136	0.115525	-0.080347	-0.242774	-0.023129	0.126446	0.041959	-0.170143	0.172306	-0.030202	0.274348	-0.260413	0.411749	-0.106986
0.024963	-0.299048	0.290771	-0.220474	-0.039002	-0.316783	0.065732	0.004225	0.215626	-0.073936	-0.091648	0.115489	0.182126	0.464040	-0.175475	-0.167879	0.108311	-0.287234	0.024413	0.259351	0.188145	0.123828	0.049253	0.268581	-0.044899
0.187532	0.065475	-0.044676	-0.118757	-0.234057	0.262749	-0.044213	-0.001972	-0.173724	-0.011332	-0.362842	-0.198442	-0.046368	0.497567	-0.030934	0.312889	-0.142130	-0.186502	-0.037627	0.180233	-0.009421	0.279458	-0.024214	0.311250	0.064916
0.190562	-0.421194	0.050665	-0.214433	-0.179445	-0.119529	0.186316	-0.034570	0.179801	0.112294	0.016576	0.180524	0.015932	0.218959	-0.248069	-0.031291	-0.147472	-0.198091	-0.005323	0.272548	0.183090	0.143524	-0.255412	0.445340	-0.117635
0.063119	-0.046077	-0.248381	-0.095335	-0.341549	0.284433	-0.073330	-0.054417	-0.202575	0.148483	0.128565	0.055181	0.009091	0.318118	0.054057	0.000123	0.024271	-0.247201	-0.108017	0.415863	0.194207	0.160293	-0.044754	0.466541	0.031180
0.179520	-0.305458	-0.031997	0.062616	-0.187051	0.241827	-0.364681	-0.243602	-0.168679	0.245887	-0.215630	0.093299	0.213400	0.122067	-0.268609	-0.161434	-0.075430	0.317079	-0.109399	0.092851	0.094257	0.093817	-0.120737	0.325726	-0.125604
0.068045	-0.224901	0.032282	-0.118863	-0.047047	0.004505	-0.053730	-0.050315	0.185303	0.068562	-0.246678	0.129154	-0.263888	-0.019184	-0.025848	0.169410	0.275481	0.032527	-0.092785	0.261194	-0.309666	0.435937	0.184262	0.357879	0.322926
-0.217844	-0.250900	0.201647	0.073334	-0.329262	-0.113954	-0.084877	-0.081647	0.144195	0.010810	-0.295503	0.099197	-0.475546	0.179779	-0.042719	0.027703	0.173091	0.147811	0.080127	0.209735	-0.181464	0.398581	0.069982	0.173913	-0.000018
-0.171988	-0.123820	-0.066370	-0.249237	-0.207783	0.110436	-0.081090	-0.165751	0.029542	0.148723	-0.436746	-0.018701	-0.299748	0.053048	-0.063557	0.171039	0.173041	0.138876	0.220139	0.102792	-0.162492	0.409205	0.113189	0.344491	0.159706
-0.139656	-0.367104	-0.122647	-0.358747	0.047551	-0.023616	-0.070869	-0.183219	0.192719	0.131307	-0.390049	-0.048353	-0.178361	-0.045510	-0.181183	0.171588	0.160568	0.029923	-0.080028	0.229310	-0.176573	0.288937	0.029670	0.392251	-0.022313
-0.402853	-0.243015	0.036354	0.125506	-0.212333	0.103447	-0.118648	0.004358	-0.074838	0.114894	-0.042446	0.008958	-0.366290	0.165150	-0.180535	-0.062717	0.242476	0.176699	-0.153842	0.247598	0.011496	0.384611	0.198323	0.302206	0.139056
-0.221119	-0.441180	-0.048425	-0.271078	0.054384	-0.022262	-0.059317	-0.049659	-0.154118	0.123794	-0.243312	0.003100	-0.261959	0.031515	-0.309130	0.025660	-0.013391	-0.029063	0.057473	0.042584	-0.017625	0.476753	0.155173	0.344806	0.174248
-0.105371	-0.520090	0.100241	-0.155571	0.084290	-0.065347	0.287188	-0.095639	0.021273	-0.084756	-0.063448	0.009636	-0.261819	-0.035650	-0.219672	-0.085007	0.163920	-0.026788	-0.045941	-0.042156	0.147903	0.484108	0.132330	0.360575	0.094133
-0.231594	-0.116255	-0.029585	-0.348814	0.021293	0.093545	0.069576	0.027591	-0.033457	-0.051213	-0.251643	0.182338	-0.354721	0.272333	-0.095922	-0.018878	0.186170	0.040419	-0.083633	0.263088	-0.118711	0.542910	-0.045119	0.166282	0.186014
-0.074258	-0.270795	-0.181274	0.085898	-0.015711	0.138626	-0.100830	-0.190380	0.012605	-0.000083	-0.375630	0.167056	-0.262251	0.026259	-0.264284	0.188354	0.118614	0.015942	-0.169158	0.116579	0.106862	0.594015	0.181884	0.080863	0.103282
-0.078962	-0.174291	-0.107696	0.139978	-0.346188	-0.162866	0.041815	-0.028518	-0.313987	-0.251249	-0.122052	0.138072	0.179015	0.313595	-0.015502	0.019076	0.285415	0.157291	-0.262629	0.052888	-0.284363	0.316819	0.011577	0.228461	0.212267
-0.033646	-0.201581	0.095606	-0.135348	-0.020027	-0.405995	0.077319	-0.076153	-0.028177	0.043884	-0.053313	-0.020488	0.034231	0.413705	-0.293257	-0.027579	0.126678	0.366017	0.166381	-0.092817	0.256183	0.319435	-0.164900	0.292561	0.148093
-0.020340	-0.313293	0.270787	-0.309340	0.071363	0.227986	-0.000821	-0.192511	-0.010187	0.004285	-0.316871	0.193144	-0.067209	0.171366	-0.200836	-0.062818	0.156885	0.324533	0.067013	0.087382	-0.086481	0.312791	0.018196	0.363962	0.205204
0.281282	0.003390	-0.035259	-0.150063	-0.242327	0.034383	-0.158865	0.201977	-0.042206	0.198161	-0.076734	0.059825	-0.194976	0.188589	-0.221243	-0.002468	0.009047	0.298112	-0.007806	0.291817	-0.026349	0.190346	-0.254021	0.375614	0.425920
0.176859	-0.344868	0.264497	-0.196637	-0.314218	0.151792	-0.124591	-0.109256	-0.048077	0.243308	0.004119	-0.155308	-0.044347	0.171319	-0.107796	0.083337	0.188943	0.253028	0.122311	0.272874	-0.129343	0.257361	0.008418	0.416952	0.101843
0.197712	-0.137731	0.153333	-0.190869	0.135657	0.063577	-0.056709	0.126421	-0.009383	0.391049	-0.373594	0.062557	-0.002725	0.252480	-0.084268	0.125254	0.007231	0.114959	-0.068713	0.216173	-0.151921	0.239240	-0.172223	0.484795	0.218165
0.164362	-0.159657	0.056179	-0.022109	0.090435	0.218723	0.099717	-0.083610	-0.056057	0.114797	-0.188999	0.192590	0.139058	0.150081	-0.171389	0.167164	0.308867	0.149721	-0.031829	0.156868	-0.176283	0.266538	-0.032815	0.647906	0.127170
0.018572	-0.517461	0.120766	-0.188412	0.283683	-0.106895	-0.032951	0.015124	-0.097248	0.093908	-0.138787	0.181882	-0.174800	0.255774	0.116055	0.062326	0.130410	0.136592	-0.151234	0.158873	-0.032318	0.276106	-0.103330	0.465562	0.127127
0.075091	-0.189857	0.295937	-0.236971	-0.088861	-0.168063	-0.027459	-0.102732	-0.157991	0.220575	-0.151513	0.118874	0.173826	0.284013	-0.242968	-0.035010	-0.025025	0.222060	-0.071122	0.006680	0.316617	0.482979	-0.099940	0.293809	0.020640
-0.017007	-0.215951	0.180543	-0.052604	-0.121237	0.288563	-0.221536	-0.143668	-0.384565	0.136293	-0.102801	-0.056451	-0.105747	0.061824	-0.201564	0.042489	-0.286476	-0.015727	-0.190181	0.223339	-0.168329	0.182806	-0.215716	0.454363	-0.171087
0.335847	-0.389330	0.043664	0.004744	-0.088201	0.147587	-0.154626	-0.321144	-0.041155	-0.002211	-0.104111	-0.095444	0.226885	0.087991	0.023863	-0.155278	-0.044734	0.282990	-0.133153	0.144996	-0.111996	0.169899	-0.348752	0.430900	0.044710
0.176242	-0.296024	0.022189	0.281315	-0.066123	-0.059588	-0.018976	-0.153873	0.008979	0.080959	-0.090956	0.077266	-0.179235	0.241854	-0.012829	-0.039768	0.015402	0.352666	-0.049358	0.188098	0.216807	0.110769	-0.451068	0.470767	0.098427
-0.082851	-0.243746	-0.413153	0.075666	-0.139374	-0.125849	0.151351	-0.206089	-0.159278	-0.105947	-0.410131	0.169381	-0.065165	0.010677	-0.120849	0.131331	-0.205328	0.186250	0.042635	0.249703	-0.202204	0.170185	-0.088330	0.317595	0.259654
-0.252971	-0.189014	-0.255973	-0.039496	-0.161366	-0.246005	0.030375	-0.167536	-0.128851	0.171370	-0.186851	0.003894	-0.196787	0.176464	-0.008675	0.040053	-0.102850	0.232332	0.210020	0.331171	-0.274181	0.167005	-0.041969	0.453248	-0.191329
-0.354666	-0.381324	-0.102109	0.098311	-0.052727	-0.021666	-0.089325	-0.108015	-0.088075	-0.020832	-0.276662	0.095016	-0.121524	0.317077	-0.181492	-0.138235	-0.012948	0.173684	-0.012031	0.139461	-0.351383	0.155481	0.025862	0.475658	-0.014482
-0.086583	-0.345616	-0.086890	0.152098	-0.279743	-0.049601	-0.009637	-0.038360	0.055615	-0.022407	-0.147655	0.116479	-0.152338	0.148608	-0.362082	-0.109063	-0.431879	-0.109387	-0.124807	0.210532	0.126697	0.099043	-0.146165	0.459484	0.126874
-0.045577	-0.103479	0.005053	-0.057953	-0.344751	-0.070622	-0.125368	-0.064338	0.060754	0.076613	-0.091079	-0.119266	0.175435	0.307695	-0.402368	0.170307	-0.437175	0.125493	-0.209464	0.150106	0.120717	-0.074512	0.052182	0.442219	-0.003441
-0.139710	-0.189057	-0.175780	0.072010	-0.402118	-0.200970	-0.026743	-0.326850	0.039934	-0.308061	-0.147349	-0.020122	-0.049939	0.128731	-0.177005	-0.427363	0.014283	0.190733	0.097737	0.101544	-0.035617	0.325371	-0.090501	0.222239	0.161895
-0.342217	-0.133576	-0.282553	0.126826	0.016217	0.123486	-0.080238	-0.175211	-0.271316	0.144332	-0.159422	-0.328180	-0.234614	0.245143	-0.335666	-0.071505	-0.221556	0.195559	-0.355363	0.132365	0.020506	0.080674	-0.012631	0.106949	0.079561
-0.150040	-0.301604	-0.246280	-0.151392	-0.149935	0.112412	0.091016	-0.137095	-0.131165	-0.297646	0.012546	0.042407	0.148079	0.331051	-0.369820	-0.212892	0.085320	-0.209324	-0.287142	0.132149	0.049508	-0.057809	-0.223563	0.164230	0.292633
0.174111	-0.135302	-0.023704	-0.369518	-0.014310	0.066209	0.098042	0.079179	-0.411010	0.172669	-0.335110	-0.070492	0.091612	0.295692	-0.017614	-0.159042	0.095006	0.128356	-0.141189	0.124015	0.201106	-0.085223	-0.085935	0.404280	-0.277508
0.087302	-0.113195	-0.129094	-0.226929	-0.280497	0.190438	-0.006936	0.164510	-0.452043	0.016384	-0.060571	0.124359	0.077770	0.161705	-0.089694	0.060608	0.124947	0.108744	-0.264390	0.280311	0.119591	0.012789	-0.206559	0.401515	-0.327759
-0.207125	-0.056307	0.159779	-0.022431	0.064946	0.005961	-0.016756	-0.340688	-0.003965	-0.327323	-0.185514	-0.008254	-0.304796	0.326299	-0.049870	-0.165728	0.059128	-0.040094	-0.143329	-0.193700	0.401297	0.366505	-0.269686	-0.022231	-0.067621
-0.129159	-0.259572	0.023377	-0.044565	0.096792	0.277093	-0.054984	-0.313901	-0.191787	-0.078592	-0.322631	-0.258677	-0.362962	0.415396	-0.117185	-0.167954	0.040630	-0.064344	-0.158489	0.062596	0.215636	0.068203	-0.051701	0.275981	0.026170
0.020336	-0.061936	0.407228	-0.101291	-0.133138	0.188106	-0.020472	-0.319788	0.135597	-0.367214	-0.057717	0.077477	0.065181	0.075616	-0.134452	-0.156236	0.254703	0.030962	0.083601	0.284404	0.336538	0.209115	-0.191284	0.289999	0.132135
0.112882	-0.430460	-0.107892	-0.128472	-0.156989	-0.115514	0.179343	0.046514	-0.142168	-0.052108	0.086613	-0.168662	-0.128421	0.063346	-0.130340	0.347256	-0.035723	0.180237	-0.132270	0.335885	0.027671	0.281831	-0.146474	0.463143	-0.065714
-0.270726	-0.144055	0.188194	-0.186498	0.068420	0.281587	0.031769	-0.062156	0.089124	0.053429	-0.405179	0.084249	-0.224302	-0.104591	-0.181275	0.038629	0.046146	0.199727	-0.151876	0.229081	0.061592	0.301535	0.158851	0.332218	0.348366
0.012374	-0.265774	-0.161184	-0.083299	0.132871	-0.085243	0.206977	-0.103148	0.190905	0.194772	-0.016629	0.064740	-0.200830	0.342969	0.063759	0.117465	-0.154298	-0.286282	-0.447972	0.308663	0.307857	-0.200475	-0.152483	0.019418	0.053930
0.140332	-0.176947	-0.004493	0.056063	0.042074	0.180054	0.103679	-0.178045	-0.093406	0.363942	-0.263481	-0.144162	-0.205018	0.512171	0.072388	-0.129587	0.098382	-0.151748	-0.244609	0.205091	-0.023912	-0.356615	0.082906	0.156502	0.133088
-0.007966	-0.149361	0.161852	0.013830	-0.085975	0.241851	0.101534	-0.162883	-0.086992	0.019512	0.004433	0.000662	-0.259919	0.575771	-0.339788	-0.108886	-0.205107	-0.222965	0.071226	0.093502	0.311383	0.095773	0.115492	0.102236	0.280440
0.031798	0.060743	0.022235	-0.127993	0.065643	-0.027501	0.227471	-0.204557	-0.159524	0.333118	-0.093681	-0.085395	-0.229941	0.457156	-0.329245	-0.177143	-0.271509	-0.192339	-0.177041	0.256748	0.212965	-0.126771	-0.068323	0.155608	0.165407
0.231775	-0.007953	0.028058	-0.151599	0.036356	-0.055988	0.280304	-0.169662	-0.206831	0.191956	-0.006696	-0.184676	-0.417334	0.237652	-0.075973	0.117039	-0.220461	-0.318470	-0.194107	0.027962	0.367612	-0.041277	-0.000099	0.336647	-0.089919
-0.212185	0.038793	0.121440	-0.043514	-0.054624	0.279233	0.053475	-0.180598	0.050274	0.043728	-0.291406	-0.100064	-0.240914	0.391364	-0.211863	0.026610	-0.101798	-0.373708	-0.330964	-0.111008	0.118097	-0.003732	0.096300	0.191855	0.363742
0.166744	-0.157449	0.157186	-0.158656	0.304231	-0.009497	0.291548	-0.143957	-0.141075	0.000222	-0.235128	0.092985	-0.239938	0.600712	0.049396	0.092000	0.030225	-0.079548	-0.190688	0.089022	0.282029	0.165276	0.051129	0.145287	-0.062351
0.254571	-0.110385	0.230503	-0.266473	0.042908	0.067012	0.149170	-0.044779	-0.423680	0.024539	-0.228687	-0.038988	-0.213719	0.394151	-0.142670	0.209917	0.215473	-0.052135	-0.295467	0.087751	0.040660	0.343417	0.044124	0.054313	-0.016545
0.054635	0.089990	-0.018370	0.077214	-0.219905	-0.196432	0.325500	-0.109729	-0.186660	-0.213188	-0.216757	0.002484	-0.025603	0.433277	-0.122739	0.097595	0.002211	-0.032129	-0.264531	0.513513	0.156538	0.228016	0.102702	0.058712	-0.110585
0.114465	0.018039	-0.019089	-0.187635	0.099635	-0.004905	0.054503	-0.170480	-0.375882	-0.100605	-0.067454	-0.135966	-0.332626	0.227732	-0.037075	0.076839	-0.361651	-0.063532	-0.477118	-0.138921	-0.001944	-0.020782	-0.081620	0.353570	0.225637
0.134463	-0.247747	0.116577	0.101748	0.329722	0.118488	0.054370	-0.124054	-0.042899	-0.035018	0.028479	0.005316	-0.220190	0.384068	-0.402356	-0.177644	-0.188420	-0.052697	-0.342443	0.091916	0.066456	-0.071924	0.096591	0.422023	-0.033681
-0.006567	-0.238944	0.172411	-0.097896	0.051442	0.030947	0.137363	-0.362814	-0.198778	0.065842	-0.008873	0.052169	-0.296438	0.351480	-0.121750	-0.037465	0.043273	-0.502302	-0.273567	0.223176	0.307454	-0.007231	-0.033096	0.002154	0.025539
0.027260	-0.300483	0.165707	-0.166765	-0.134270	0.122474	0.216869	-0.349131	-0.268660	0.059172	-0.011637	-0.162814	-0.268440	0.408528	-0.091863	-0.097901	-0.321047	-0.248363	-0.118785	0.067006	0.115530	-0.002723	-0.244134	0.189159	-0.018731
0.095215	-0.010593	-0.034189	0.025966	-0.225619	0.160379	0.073677	-0.051890	-0.279365	0.237842	-0.239822	-0.055335	-0.294960	0.284947	0.077793	0.242680	0.049225	-0.259429	-0.238078	0.118337	0.170305	0.036549	-0.315687	0.444707	0.087905
0.005824	-0.000065	-0.015230	0.103344	-0.142344	0.058172	0.109793	0.089178	-0.127126	0.149185	-0.225344	0.074601	-0.251387	0.263564	-0.130362	0.098251	-0.132973	-0.153375	-0.546555	0.251110	0.035226	-0.342191	0.215422	0.221879	-0.272714
0.139469	-0.119537	0.128648	0.201145	-0.019449	-0.044128	-0.149530	0.223953	-0.148826	0.072534	-0.070634	-0.345857	-0.236986	0.203559	0.005794	-0.034488	0.162002	-0.138652	-0.627690	-0.210682	-0.212917	-0.143956	-0.018815	0.180731	-0.025445
-0.248157	-0.180610	0.231931	0.048691	0.149030	-0.003144	0.002039	-0.023003	0.110739	-0.182939	-0.269079	-0.180060	-0.227256	0.002763	0.205177	-0.120605	-0.259385	-0.182211	-0.158725	-0.065660	0.609055	0.210222	-0.102943	0.068064	0.087600
-0.053288	-0.174364	0.250625	-0.071079	0.045593	-0.197511	0.210748	-0.184679	-0.012173	-0.016568	-0.200673	-0.427936	-0.041801	-0.200804	0.153428	0.018189	-0.037391	-0.289697	-0.392690	0.296858	0.276877	-0.059593	-0.141630	0.135917	0.207661
-0.097698	-0.021075	0.068321	-0.498615	0.007113	-0.115099	0.071538	-0.053356	0.222294	0.270509	-0.127423	-0.098379	-0.172795	-0.047543	0.098654	-0.056276	-0.110660	-0.187429	-0.258650	0.179299	0.437423	0.222427	-0.205939	0.151271	0.263458
-0.129870	-0.273156	0.352883	0.075911	-0.033921	-0.209081	0.084016	-0.093207	-0.095150	-0.297204	-0.071608	-0.431718	-0.069603	-0.043795	0.169431	-0.020591	-0.233109	-0.214049	-0.040934	-0.011414	0.254029	-0.061543	-0.229010	0.264383	0.316559
0.026428	-0.206897	-0.037841	0.161176	-0.084478	-0.090720	0.325844	0.000062	0.119885	0.005957	0.038329	-0.228558	0.162853	-0.049868	0.222376	-0.098621	-0.190691	-0.113482	-0.350058	0.409276	0.471642	0.043076	0.060886	0.286463	0.043415
-0.178839	-0.046571	-0.187473	-0.048327	0.243595	-0.016864	0.328667	-0.103155	-0.048708	-0.074153	-0.043712	-0.281744	0.103611	0.011498	0.100996	-0.133631	-0.003031	-0.366030	-0.427935	-0.008545	0.441373	0.030576	-0.106060	0.312750	0.000285
-0.092657	-0.092266	0.035556	0.197821	0.082121	0.060952	-0.009192	-0.186802	0.063820	-0.261030	0.249310	-0.316261	-0.020672	-0.075942	0.183580	0.038652	-0.345204	0.042181	-0.029615	0.053742	0.406739	0.022004	-0.319519	0.477858	0.014730
-0.195541	0.086733	0.218673	-0.058373	-0.011530	-0.036868	0.063700	-0.208999	0.139726	0.120968	-0.169802	-0.190884	-0.182817	0.024424	0.274195	-0.220788	-0.139804	-0.174802	-0.162517	0.191659	0.510743	0.191660	0.021216	0.349206	0.251353
-0.169880	-0.204717	-0.033830	-0.147048	-0.299431	-0.067515	0.053239	-0.270152	0.170507	0.074288	-0.232782	-0.272422	-0.137874	-0.217157	0.161509	0.210588	0.073257	-0.251398	-0.342423	-0.033576	0.248875	0.068299	-0.207666	0.286799	0.240640
-0.094381	-0.313416	0.030147	-0.004712	0.071222	0.011587	0.145217	-0.375791	-0.077395	-0.139377	-0.023200	-0.448540	-0.327029	-0.042053	0.391465	-0.102229	-0.119851	-0.111623	-0.192800	0.025355	0.152028	0.258757	-0.213175	0.069573	0.140974
-0.106672	-0.225771	0.129864	-0.047156	-0.294601	-0.144184	0.067654	-0.193123	-0.110757	-0.259525	-0.143967	-0.340315	0.264763	0.249423	0.132134	0.242223	-0.139718	-0.131792	-0.125257	-0.037092	0.095671	0.430237	-0.068835	0.125665	0.275249
0.052438	-0.171753	-0.020886	-0.117604	-0.371959	-0.303332	-0.360579	-0.354527	0.220743	-0.037642	0.160818	-0.017277	0.285937	0.112894	-0.189298	0.049313	0.283151	-0.137113	-0.057587	0.124605	0.165875	0.186000	-0.041771	0.273233	-0.044811
-0.246258	-0.072329	-0.250179	-0.160716	0.038996	-0.013858	-0.129252	0.038767	-0.106648	-0.089752	0.085749	-0.102128	0.171523	0.101462	0.119357	0.145233	0.065059	-0.142198	-0.183628	0.339089	0.401058	0.046205	-0.293532	0.338793	0.420048
-0.080820	-0.120081	0.271829	0.074869	0.059849	-0.170646	0.079863	-0.256170	-0.153604	-0.120108	-0.346492	-0.076238	-0.085318	0.143747	0.139566	-0.213758	0.135545	-0.061274	-0.251305	0.153200	0.514314	0.333507	-0.084549	0.132299	0.169406
0.030311	-0.302704	0.029427	-0.032321	0.091998	-0.215790	0.175680	-0.294889	-0.054513	-0.106345	-0.186056	-0.416674	-0.313340	-0.094234	0.146958	-0.004510	-0.023229	-0.094525	-0.093556	0.019969	0.301853	0.263317	-0.374679	0.121346	0.217507
-0.152076	-0.264949	-0.059501	-0.066323	0.121447	0.170844	0.156422	0.064031	0.046295	-0.239300	0.042222	-0.216101	-0.238887	0.158763	0.172958	-0.172129	-0.258474	-0.041781	-0.133240	-0.110710	0.389406	0.085906	-0.167672	0.337213	0.420854
-0.064516	-0.338345	0.050462	0.002353	-0.327258	0.119980	0.234586	-0.232313	-0.008631	-0.024289	-0.061313	-0.294266	-0.187442	0.014918	0.232987	0.025699	-0.194884	0.083045	-0.222672	-0.013833	0.289528	0.216746	-0.168803	0.222830	0.404221
0.015946	-0.227797	-0.188801	-0.181327	-0.089958	-0.251695	0.200861	-0.065696	0.167203	-0.176107	0.286117	-0.222636	-0.002428	0.388804	0.269985	0.019331	-0.051319	0.198228	-0.234586	0.154935	0.181242	0.195765	-0.037124	0.381732	0.095666
0.079773	-0.226327	-0.132579	-0.099694	0.073311	0.015200	0.068552	0.016300	0.134116	0.089902	0.270680	-0.395043	-0.191486	0.402905	-0.034291	-0.115998	-0.317623	-0.213798	-0.240289	0.081161	0.121022	0.326153	-0.260145	0.181520	0.052268
0.017458	-0.227596	-0.145111	0.018316	0.123786	-0.221956	-0.228588	-0.251118	0.134575	0.061592	-0.116655	-0.064983	-0.133680	-0.066903	0.147291	-0.105096	0.055886	-0.282857	-0.368398	0.375244	0.395133	0.112907	-0.331779	0.108993	0.035902
-0.278691	0.033968	-0.168757	0.112692	0.033429	0.072929	-0.126162	-0.178082	-0.287874	-0.042962	0.114414	-0.061689	-0.019130	0.228789	0.161540	-0.066533	-0.167471	-0.308196	-0.104640	0.076566	0.298970	0.057509	-0.168787	0.604728	-0.119873
-0.249093	-0.151552	0.138308	0.098214	0.021349	-0.069153	0.128454	0.003943	-0.042488	-0.068293	0.075415	-0.280451	-0.016174	0.307459	-0.022121	-0.113413	-0.188906	0.028090	-0.369499	0.455272	0.198247	0.229784	-0.113095	0.401725	0.137657
-0.047892	-0.245192	0.183526	-0.146708	-0.026058	-0.041571	0.065463	0.134208	-0.097214	0.021505	-0.008863	-0.414910	0.041625	0.351105	-0.015570	-0.308987	0.090578	-0.258545	0.045197	0.119878	0.348417	-0.009512	-0.063418	0.470180	0.129512
-0.039313	0.001907	-0.179236	0.247278	0.179227	-0.157558	-0.170258	-0.192320	0.237178	0.028707	-0.101610	0.005136	-0.157772	-0.046631	-0.076006	-0.243721	-0.217524	0.071064	-0.238734	0.030187	0.457525	0.219344	-0.258428	0.430260	0.054445
-0.062892	-0.149751	0.046679	0.295111	0.047846	-0.221773	-0.051117	-0.236046	0.152456	-0.001966	0.000619	-0.146863	0.122769	0.146393	0.243997	-0.248132	-0.198935	0.207070	-0.196505	0.007260	0.512786	0.176554	-0.109975	0.368285	0.095685
-0.169533	-0.161627	-0.035719	0.014849	-0.064280	0.144867	-0.188520	-0.330574	-0.155610	-0.066641	0.099458	-0.137586	-0.108054	0.283617	0.065396	-0.037786	0.052103	0.108379	-0.050807	-0.093687	0.178412	0.022627	-0.125093	0.737958	0.003632
0.035751	-0.187598	-0.019611	0.111934	-0.065448	-0.101633	-0.121118	-0.239038	-0.206042	-0.149702	-0.140204	-0.411670	-0.086164	0.225057	0.129969	-0.183612	0.005679	0.124000	-0.082462	0.060182	0.545437	0.073225	-0.162098	0.365204	0.114787
-0.281704	-0.016910	0.181398	0.017418	-0.006000	-0.177522	-0.235665	-0.001834	-0.066663	-0.186519	-0.049626	0.012699	0.010705	-0.329979	0.233408	-0.109625	-0.004221	-0.202497	-0.527771	-0.061508	0.261322	-0.067468	-0.187735	0.348137	0.173406
-0.192756	-0.097577	-0.059288	0.152972	-0.187910	0.061256	-0.376571	0.139985	-0.186926	-0.135678	0.173723	-0.201201	-0.186654	-0.013468	0.384932	-0.104508	0.180677	-0.039801	-0.499407	0.143383	-0.125458	-0.032374	-0.164102	0.139127	0.201369
0.078151	-0.069348	-0.153412	-0.024359	-0.376615	0.174985	-0.039434	-0.324178	-0.222401	0.181110	-0.221319	-0.164229	-0.395166	-0.049920	0.284636	-0.090782	0.118112	0.058415	-0.089267	0.161465	0.050365	0.204831	-0.388684	0.088308	0.157978
-0.094446	0.020595	-0.100841	0.031798	-0.125741	-0.342968	-0.094262	-0.082995	-0.097240	-0.163914	0.237473	-0.097586	0.134754	-0.121211	0.022363	-0.291823	0.261282	-0.092812	-0.412785	-0.156190	0.296863	0.152585	-0.389403	0.127840	0.241777
0.036117	-0.097512	0.120438	-0.083386	-0.329029	0.171999	-0.293947	0.127735	-0.165927	0.267078	-0.312008	-0.308215	-0.415474	0.016959	-0.244321	-0.009131	0.106664	-0.317501	-0.114199	0.051336	-0.070987	-0.030605	0.066397	0.235703	-0.097324
-0.134722	-0.379945	0.055240	-0.229170	-0.154735	0.025067	0.218461	0.093435	0.073384	0.143677	0.216448	0.415141	-0.048330	0.214394	-0.139072	-0.133760	-0.153544	-0.043730	-0.206849	0.296961	0.244476	0.329034	0.106920	0.175230	0.059264
0.048768	-0.627330	0.148628	-0.087119	-0.098377	-0.005005	0.204405	-0.300446	0.056942	0.087820	0.014643	0.176094	0.028087	-0.164533	-0.350388	-0.056414	-0.126960	0.134447	-0.208434	0.183037	0.209584	0.186512	-0.116049	0.180726	-0.025896
0.190936	-0.254008	0.145770	-0.091052	-0.195561	0.102422	0.103250	-0.086275	0.166012	0.204365	-0.093995	0.363899	-0.017657	0.052978	-0.200259	-0.006424	0.231709	-0.297248	-0.343170	0.301429	-0.237031	0.238873	-0.093951	0.246699	0.123278
0.298717	-0.408968	0.068569	0.121553	-0.135241	-0.030627	0.369001	-0.218696	0.209272	-0.135428	0.020182	0.206825	0.076749	0.000017	-0.117167	-0.161939	-0.011582	0.112548	-0.307026	0.132541	0.126493	0.296023	-0.241455	0.197662	-0.209818
-0.085284	-0.099349	-0.099306	0.180043	-0.079748	0.243579	-0.196412	0.053899	0.056516	0.082609	-0.020103	-0.328547	-0.258738	0.162713	-0.185152	0.067530	0.397692	-0.123168	-0.159574	0.164623	-0.085655	0.224137	-0.309202	0.323606	-0.314616
-0.068367	-0.146848	-0.212023	-0.103382	-0.260816	0.124654	-0.122787	-0.089823	0.116505	0.172162	-0.081359	-0.278340	0.289210	0.180702	-0.196640	0.069681	0.216304	0.270935	-0.126155	0.262404	0.038887	0.246939	-0.243138	0.415625	-0.158027
-0.156248	-0.311433	-0.179216	0.149267	-0.187537	0.389707	-0.109447	0.027215	-0.271725	0.009382	0.029649	0.020491	-0.115787	0.434444	-0.086839	-0.138584	-0.052993	-0.203063	-0.112669	0.255549	-0.064668	0.088095	-0.107160	0.405985	0.100136
0.002535	-0.065117	-0.108190	0.131200	-0.339150	0.284860	-0.057017	-0.164915	-0.361576	0.200608	0.031383	0.087360	-0.071403	0.257815	0.212384	-0.322549	0.125479	-0.014800	-0.082165	0.247913	0.064527	0.148235	-0.114661	0.437107	-0.159332
-0.037603	-0.092649	-0.123282	-0.008025	-0.409147	0.380703	-0.113276	-0.081700	-0.263617	-0.052635	-0.176381	-0.130273	0.114558	0.146421	-0.052451	-0.018137	0.255194	0.309620	-0.033836	-0.057754	0.194076	0.114251	-0.090163	0.510413	0.008385
0.124077	-0.159118	-0.180495	-0.167856	-0.160280	0.059290	-0.177141	-0.145291	-0.252380	0.160655	-0.044289	-0.075697	-0.020031	0.276939	-0.164899	-0.310991	-0.084428	-0.066947	0.194684	0.435004	0.464694	0.117846	-0.033514	0.195901	0.102812
0.038741	0.009206	0.044242	0.236681	-0.172468	0.093704	-0.129512	-0.174429	-0.016282	-0.223228	-0.073982	-0.121007	-0.128828	0.060747	-0.078369	0.113093	0.010185	0.448689	0.065423	0.023621	-0.183695	0.148607	-0.379074	0.559807	0.161590
-0.165992	-0.242806	-0.091065	0.105403	-0.267452	0.035255	-0.334339	-0.272192	0.090831	0.045427	-0.086621	0.106539	-0.274396	-0.144081	-0.161170	0.222134	-0.303599	0.347441	-0.191189	0.055165	0.113954	0.117484	-0.247387	0.247072	0.182724
0.019343	-0.497309	-0.106645	-0.140132	-0.280008	0.345504	-0.148701	-0.022069	0.044265	-0.167769	-0.168499	0.068537	0.079966	-0.156253	-0.368827	-0.056522	0.180356	-0.066871	-0.410459	0.036216	0.075692	-0.014311	-0.138782	-0.009363	0.188731
-0.321814	-0.206678	0.151105	-0.100000	-0.163897	-0.254973	0.414324	-0.169639	0.029884	-0.168322	-0.105764	0.255851	-0.168977	-0.072368	-0.266329	-0.098310	-0.169724	-0.153271	0.065296	0.093844	-0.058341	0.211598	-0.033145	0.392023	0.199972
-0.179235	-0.336778	-0.114709	-0.010832	0.016885	-0.485193	0.098556	-0.217177	0.054402	0.131274	-0.018482	0.134127	-0.091430	0.136012	-0.175439	0.013713	-0.211134	0.160216	0.057621	0.075380	-0.106862	0.041919	-0.182271	0.418231	0.389472
-0.362722	-0.246278	-0.201737	0.004942	-0.015291	-0.037300	-0.052364	-0.180635	-0.166554	-0.122123	-0.105158	-0.041444	0.075066	0.370713	-0.223198	-0.322225	-0.072896	-0.234945	-0.387656	0.260952	0.003585	-0.066864	-0.259534	-0.042132	0.159436
-0.412273	-0.334229	0.065987	-0.107245	-0.211929	-0.022624	0.226140	-0.043558	0.008484	-0.230609	0.126414	0.074917	-0.215232	0.235271	-0.187249	0.042406	-0.301627	0.043295	-0.403348	0.104775	0.214095	0.140587	-0.205606	0.124093	0.028719
-0.148238	-0.235257	-0.070688	-0.288447	-0.134408	-0.089615	0.082070	-0.129079	0.180847	-0.086945	-0.149906	-0.077628	-0.127752	0.060948	-0.142443	0.198358	-0.007484	-0.244907	-0.089734	0.080688	0.319612	0.366437	0.387034	0.188455	0.374456
-0.139720	-0.095256	0.089056	-0.154499	0.141425	-0.014059	0.222739	-0.204538	0.343649	0.057698	0.116619	0.025032	-0.126894	0.185824	-0.347809	0.225940	0.038739	0.065844	-0.052782	0.135240	0.160009	0.394387	0.093924	0.368840	0.341662
-0.055087	-0.148434	0.270921	-0.333044	0.098670	-0.087612	-0.044691	-0.064935	0.084161	0.098058	0.048324	0.104338	0.113542	-0.099080	0.011062	0.265400	-0.062328	0.259424	-0.125518	0.289457	0.140771	0.109078	-0.282401	0.507830	0.322059
-0.066383	-0.429792	-0.014404	-0.133374	0.110142	-0.091923	0.026968	-0.067015	0.059849	0.047060	-0.106207	0.053558	0.213625	0.139693	0.018133	-0.046771	-0.257595	0.316330	0.094932	-0.049926	0.307486	0.340312	-0.185151	0.506062	0.028330
-0.040538	-0.254932	0.218018	-0.371689	0.027509	0.105231	-0.423381	-0.124012	-0.118486	-0.165203	-0.074061	0.225522	-0.031227	0.279073	-0.298671	0.235169	-0.051176	-0.019860	-0.181641	0.131799	0.082197	0.200785	-0.095351	0.181799	-0.278544
0.053052	0.118874	0.032382	-0.248433	-0.070292	0.179757	-0.087112	0.060114	-0.271705	0.186526	-0.074079	0.077882	0.113539	0.289785	-0.284039	-0.144048	0.179431	-0.160241	-0.202437	0.050577	0.281426	0.076801	-0.403758	0.441737	-0.093303
-0.177232	-0.364399	0.135127	-0.270926	-0.041653	-0.192341	0.014368	-0.403869	-0.048952	-0.171543	-0.316673	0.032836	-0.105999	-0.096953	-0.107537	0.130082	0.064588	0.195654	-0.178893	0.059595	0.438797	0.103840	0.072514	0.242605	0.119765
-0.026019	-0.288127	0.365754	-0.065308	-0.314251	0.061514	0.065022	-0.124939	-0.074159	-0.106613	0.200982	-0.061529	-0.238828	0.374968	-0.069724	0.091830	-0.046548	-0.021991	-0.128220	0.214354	0.173322	0.094683	-0.412312	0.301503	0.137700
-0.008426	-0.148848	0.018534	0.056546	-0.294957	0.094179	0.114679	-0.168744	0.191777	0.052186	-0.176716	-0.108838	-0.031039	0.141314	-0.495285	-0.008293	-0.028187	-0.373392	-0.227726	0.088487	0.132149	0.159312	-0.215405	0.436616	-0.089838
-0.119824	0.114575	0.091254	-0.135972	-0.528776	0.194671	-0.020785	-0.019124	0.307045	-0.156237	0.207694	-0.178910	-0.094662	0.060632	-0.291644	-0.146306	0.181677	-0.201990	-0.256196	0.002545	0.242686	0.194110	-0.086509	0.183799	0.192821
0.210405	-0.014797	-0.125661	-0.028676	-0.190290	-0.301306	-0.051475	-0.218535	0.134766	0.134618	-0.044389	-0.140887	-0.182715	-0.026326	-0.350215	0.016414	-0.060634	-0.228276	-0.619732	-0.011477	0.126254	-0.028907	0.223319	0.132827	0.148721
0.068257	-0.315667	-0.088628	0.070345	0.073915	-0.250182	0.003401	0.037263	0.165901	0.031092	0.233333	0.364557	-0.238411	0.292724	-0.234753	-0.183880	-0.030084	-0.124066	-0.357448	0.089825	0.365139	0.070438	0.001295	0.264271	-0.076749
0.030169	0.072122	-0.081054	-0.088258	0.190291	0.023532	0.068274	-0.131864	0.158082	0.050649	-0.017733	-0.058835	-0.462309	0.436840	-0.232396	-0.132896	-0.196149	-0.260459	-0.373377	-0.031266	0.155237	-0.113023	0.033308	0.151518	0.324829
-0.103593	0.080341	-0.004854	-0.089180	-0.043154	-0.272854	0.132349	-0.094488	-0.050806	-0.001981	0.007946	-0.074821	-0.220838	0.297419	-0.374609	0.239978	-0.137486	-0.281656	-0.358454	0.174440	0.406244	-0.180041	-0.020826	0.258458	-0.082776
0.079145	-0.301663	0.267915	-0.101082	0.229185	-0.072395	0.118046	-0.199688	0.026448	0.104112	-0.251252	0.027914	-0.370078	0.387433	-0.089565	0.058212	-0.145594	-0.060584	-0.368280	0.021636	0.354043	-0.025659	-0.102997	-0.098041	0.167490
0.023646	-0.298857	0.246741	-0.015398	0.038661	0.052834	0.330971	0.025931	-0.158357	-0.368436	-0.140287	0.118131	-0.075987	0.149154	-0.045245	0.148441	-0.116451	-0.060171	-0.543668	0.089003	0.257760	-0.045709	-0.206701	0.183314	0.149699
-0.047287	-0.218994	0.009714	0.065107	0.319192	-0.089177	0.150237	-0.034356	0.055759	-0.053037	-0.096922	0.196581	-0.302492	0.315154	-0.062112	-0.114528	-0.037606	-0.174020	-0.451042	0.198955	0.318970	-0.103675	0.122007	0.359263	0.137701
-0.108996	-0.271243	0.019153	-0.019760	0.172946	-0.106039	0.227605	-0.080549	-0.013203	0.101590	0.038870	-0.138778	-0.193154	0.330194	-0.117167	0.015552	-0.224549	-0.341829	-0.307811	0.263042	0.450381	-0.158496	-0.078454	0.172020	0.166894
-0.051841	-0.319323	0.264772	-0.050936	-0.136743	0.004226	0.123487	0.004819	0.020457	0.078313	-0.036726	0.123372	-0.294123	0.401752	-0.169155	-0.070440	-0.249380	-0.297001	-0.361687	0.219594	0.301491	-0.210624	0.090610	0.089047	0.056671
-0.094774	-0.291418	-0.107088	-0.074737	0.021570	0.142279	0.263674	0.015517	0.010046	-0.041374	-0.029118	0.242470	-0.195976	0.384641	-0.216195	-0.006806	-0.000871	-0.126329	-0.370912	0.180859	0.100997	-0.155525	0.019405	0.531877	0.008310
0.192932	-0.269460	0.028842	0.206415	0.076433	-0.318825	-0.024719	-0.117435	0.167592	0.171991	-0.069501	-0.013294	-0.261496	0.223723	-0.279307	-0.133987	-0.141774	-0.098381	-0.187377	0.147166	0.315280	-0.180413	-0.183772	0.441936	-0.013685
0.099382	-0.334391	0.048113	-0.224033	-0.023672	-0.126594	0.165415	-0.096645	0.009524	-0.057244	-0.163969	-0.120366	-0.263287	0.292416	-0.090708	-0.126663	-0.234378	-0.098564	-0.240019	0.247997	0.301125	-0.004775	-0.135624	0.463295	0.202920
-0.042583	-0.174688	-0.012128	-0.090218	0.205955	0.021709	0.136265	-0.335749	-0.076512	-0.044180	-0.201884	-0.081963	-0.473097	0.488022	-0.061824	0.021904	-0.177117	-0.151189	-0.215135	0.250442	0.094462	0.048394	-0.035045	0.295957	0.017744
0.111209	-0.259182	-0.102616	0.098026	-0.070830	0.031583	0.062288	-0.085382	-0.082416	-0.124093	-0.044513	-0.073493	-0.129802	0.311750	-0.198349	0.072642	-0.225198	-0.146646	-0.494096	0.145794	0.178901	0.046695	-0.132328	0.552799	-0.003828
0.104613	-0.075154	-0.062654	-0.019595	-0.187101	0.263556	0.063318	-0.372315	-0.241688	0.151483	0.238086	-0.185897	-0.322612	0.281743	-0.174326	-0.074961	-0.093061	-0.026047	-0.372246	0.247623	0.005316	-0.262003	-0.108287	0.190113	-0.119025
-0.122450	-0.070814	-0.004934	0.090004	0.081465	0.059711	-0.150965	-0.318285	-0.322979	0.257180	0.127262	-0.031641	-0.369548	0.356275	-0.070296	0.072891	-0.043210	-0.122987	-0.351113	-0.017562	-0.072068	-0.046847	0.051149	0.452592	-0.143999
0.090543	-0.134980	-0.082077	0.013451	-0.013274	-0.163316	0.061273	-0.298796	0.177555	0.073091	-0.082236	0.046519	-0.276106	0.350778	-0.103423	-0.035425	-0.179996	-0.160721	-0.443021	0.046988	0.466133	-0.048452	-0.086089	0.312807	-0.090363
-0.156884	-0.070621	0.090190	-0.213230	-0.171778	-0.356194	0.122810	-0.184109	0.305005	-0.287033	0.161918	-0.214671	-0.212894	-0.023152	0.344192	0.031489	0.098401	-0.292370	-0.303855	0.001071	-0.004116	0.102624	-0.134801	0.145420	0.247069
-0.032227	-0.173324	0.032280	0.005674	0.108160	-0.008660	0.093724	-0.357684	0.292066	0.020480	-0.057888	-0.398917	-0.137827	-0.035312	0.182976	0.052979	-0.148415	-0.259355	-0.341843	0.008273	0.288011	0.144276	-0.171938	0.193422	0.371018
-0.244310	-0.056491	0.227476	-0.043312	0.036323	-0.003889	0.115696	-0.351738	0.049738	0.074649	0.240786	-0.147772	0.099031	0.114099	0.184322	0.089531	-0.137267	-0.278752	-0.299204	0.122436	0.305221	-0.121084	-0.133726	0.403920	0.320109
-0.275879	0.045868	0.142940	-0.199976	-0.022513	0.018147	0.247255	-0.110033	0.117423	-0.108105	-0.120225	-0.219284	0.008436	-0.047656	0.345664	-0.009891	-0.072627	-0.022416	-0.432721	-0.041332	0.385161	0.116002	-0.259694	0.346869	0.181804
0.182190	0.040253	-0.062520	0.219044	0.081382	-0.220294	0.085744	-0.167422	0.173661	-0.053114	0.071623	-0.273982	0.004397	0.050190	0.185114	-0.258625	-0.131535	-0.025472	-0.339016	0.185760	0.382764	0.204436	-0.085715	0.453223	0.193509
-0.052245	-0.231153	-0.060730	-0.136284	0.148230	-0.228881	0.209268	-0.029314	0.167491	-0.033868	0.271179	-0.265810	-0.008079	0.133083	0.150402	-0.031701	-0.022300	-0.102240	-0.061198	0.130888	0.368678	0.225067	-0.138058	0.514551	0.292476
-0.222382	-0.040979	-0.091771	-0.060584	0.109597	-0.119775	0.066558	-0.166356	0.028400	0.020250	0.021941	-0.045100	-0.091968	0.086413	0.153265	-0.496425	-0.134639	0.043785	-0.072657	0.111602	0.442476	0.148109	-0.350818	0.442060	0.121398
-0.315796	0.067957	-0.009909	-0.013583	0.010948	-0.064321	0.077506	-0.424402	0.053802	0.242264	-0.040054	-0.080023	-0.154383	0.152400	0.121089	-0.193295	-0.024042	-0.221696	-0.177519	0.292575	0.262488	0.213882	-0.356132	0.246365	0.259422
-0.059164	-0.107391	-0.239890	0.152514	-0.078808	-0.023660	0.044799	-0.267530	0.012806	-0.208325	0.118891	-0.075358	-0.167542	-0.173551	0.171985	0.129052	-0.234405	0.077235	-0.214147	0.260702	0.417145	0.156083	-0.227103	0.477487	0.057732
0.012641	-0.063021	-0.086932	-0.301302	-0.094705	-0.029218	0.032818	-0.360345	0.094489	-0.041982	0.151873	-0.070197	0.044120	0.196321	0.237206	0.108044	-0.221753	-0.158132	-0.228478	0.198521	0.367190	0.325033	-0.322698	0.251723	0.189477
-0.038463	-0.235425	0.013579	0.034061	0.146367	0.033993	0.210262	-0.034423	0.094582	-0.046956	-0.085028	-0.264917	-0.006020	0.290431	0.162624	-0.040692	-0.045511	-0.204511	-0.232609	0.587173	0.283177	0.201781	-0.224669	0.236062	0.053354
0.094286	-0.326806	-0.186102	0.194345	0.016357	-0.050216	0.120936	-0.291026	0.071390	-0.040548	0.000333	-0.094783	-0.096882	0.147323	0.143130	-0.273760	-0.306305	-0.076058	-0.150732	0.419825	0.301588	0.240658	-0.133817	0.312111	-0.069099
-0.170758	-0.241500	-0.188325	0.095293	-0.010180	-0.060338	0.089749	-0.112567	-0.042641	0.314675	0.074548	-0.088965	-0.128827	0.232441	-0.039242	-0.023584	-0.019242	-0.260580	-0.355689	0.162656	0.519500	0.219061	-0.236813	0.243040	0.047013
0.005584	-0.031869	0.177769	-0.108046	0.322006	0.016473	-0.155921	-0.186068	-0.058281	0.136200	0.255722	-0.241034	-0.389228	0.181812	0.153260	-0.136186	0.116812	0.074144	-0.338463	0.333116	0.229796	0.166229	-0.071916	0.300796	-0.002007
-0.175592	0.144788	-0.248478	0.212083	-0.319965	0.026477	-0.270022	-0.147854	-0.139249	0.133985	0.008021	-0.270302	0.002831	0.106762	0.433980	-0.009137	0.260569	0.034890	-0.335892	0.257743	-0.150526	0.009453	-0.114799	0.188761	0.115795
0.210374	-0.291878	0.103181	0.027597	-0.197165	-0.456135	0.225301	0.005623	0.162396	-0.356508	0.078107	-0.120717	-0.168445	0.149428	-0.053500	-0.006846	0.165066	-0.018469	0.252460	0.217729	0.262719	0.310496	-0.019557	0.163815	-0.047806
0.203892	0.072201	0.135978	-0.255085	-0.361105	0.150241	0.055820	-0.045947	0.138825	-0.016497	-0.158051	0.336428	-0.221881	-0.127160	0.116033	-0.090709	0.160195	0.191003	-0.477868	0.007367	0.025421	0.244535	-0.265160	0.152050	0.149097
0.082113	-0.538341	-0.005873	-0.283756	-0.210891	0.091817	0.189958	-0.143995	0.178167	0.104257	-0.062839	0.266383	0.119981	-0.114664	-0.221427	-0.322204	-0.028129	-0.129898	-0.223154	0.223975	0.238703	0.125639	0.002704	0.155709	0.024829
0.067189	-0.337664	0.128234	-0.150512	0.152410	0.262488	0.208085	-0.023072	0.158812	-0.010702	0.226253	0.245243	0.042262	0.314974	-0.029522	-0.169848	-0.111795	-0.116329	0.080670	0.157021	0.219581	0.401930	-0.242334	0.308710	0.134314
-0.179517	-0.054051	-0.302143	-0.006729	-0.006728	0.025196	-0.132521	-0.413191	0.115009	0.371882	0.002824	-0.144882	0.016377	0.289330	-0.005892	-0.048708	-0.449333	-0.145730	-0.258372	0.059670	0.204816	0.138708	-0.101704	0.231473	0.084088
0.002929	-0.080679	-0.066777	-0.420992	-0.025845	0.032551	0.264159	-0.141502	0.251635	0.103641	0.082679	0.337714	0.050503	0.080016	-0.120010	-0.032548	0.033880	-0.030887	-0.204693	0.116925	0.362091	0.042352	-0.251903	0.490822	-0.077195
0.050309	-0.229120	-0.269106	-0.073988	-0.016142	-0.112763	0.109089	-0.011105	0.221572	0.216705	-0.001686	0.331723	-0.159644	0.247870	-0.177584	-0.211353	-0.005782	0.154410	-0.155930	0.044732	0.379440	-0.056994	-0.120256	0.499979	0.104865
0.263543	-0.463664	0.074082	-0.115915	-0.168952	-0.124983	0.113410	-0.136923	0.072107	0.267828	0.006786	-0.024234	0.056397	0.012172	-0.221082	-0.002929	0.076744	-0.078300	0.087318	0.299371	0.349885	0.273450	-0.004103	0.425423	-0.060145
0.103103	-0.130610	0.010257	0.006227	-0.415931	0.138815	0.031568	-0.080884	-0.243434	0.186116	0.056342	0.177595	-0.187635	0.218621	-0.154753	-0.105939	-0.112153	-0.063814	-0.281076	0.336885	0.361431	0.337617	-0.102392	0.246477	-0.023963
-0.093951	-0.131084	-0.133061	0.255738	0.128737	-0.072209	0.213865	-0.013006	0.061828	-0.029355	0.031739	0.043146	-0.188187	0.284360	-0.229122	0.003555	-0.259438	0.016230	-0.094454	0.097250	0.471439	0.207767	-0.019556	0.543186	0.006658
0.166595	0.032842	-0.196883	-0.096357	0.058449	0.014807	0.070755	-0.236113	0.106708	0.056587	-0.038982	0.117291	-0.310599	0.306614	-0.323396	0.068542	0.243043	-0.043304	-0.193677	0.040208	0.357778	0.321218	0.256415	0.363392	0.005960
-0.054828	-0.280343	-0.032658	-0.037335	-0.337687	0.267301	0.257762	-0.140694	-0.066733	0.077665	0.094193	0.244209	0.048507	0.197160	-0.364376	-0.253301	0.074346	0.249465	-0.067461	0.265877	0.226988	0.226013	0.031710	0.283618	0.004428
0.010325	-0.073292	-0.051012	-0.395022	-0.014336	-0.051899	-0.076315	0.046376	-0.161656	-0.042981	-0.022486	-0.024089	0.275807	0.263077	-0.330177	-0.079497	0.073980	-0.084350	-0.210117	0.131970	0.405529	0.070796	-0.363306	0.282403	0.282771
-0.081879	-0.277063	0.245781	0.025042	-0.064085	0.161657	0.182590	-0.113107	-0.092852	0.217791	-0.193138	-0.078379	-0.362754	0.158832	-0.158753	-0.172752	0.331557	0.024371	-0.206313	0.263057	0.089860	0.050629	-0.317218	0.323389	0.172125
0.240468	-0.344440	0.185406	-0.090500	-0.036545	-0.107563	0.007414	0.121812	0.259645	-0.114966	-0.155027	0.087767	-0.052999	0.246409	-0.306029	-0.264129	-0.152960	0.132526	-0.021821	0.013017	0.363885	0.178657	-0.305404	0.337719	0.024440
0.062511	-0.265013	-0.008087	-0.300815	-0.102867	-0.124424	-0.042600	-0.242449	0.071531	0.044185	-0.116187	-0.089982	-0.167066	-0.121423	-0.234570	0.130165	-0.062933	0.010554	-0.208975	0.198150	0.159866	0.204767	-0.402970	0.528323	0.096732
0.114129	-0.362657	0.382245	0.179882	-0.133428	-0.108299	-0.088976	-0.011185	0.164592	-0.147224	-0.281844	0.007231	-0.085842	0.292459	-0.020494	-0.123887	0.255929	-0.053887	-0.204488	0.190234	0.390885	0.098204	-0.041910	0.303008	0.008690
-0.024717	-0.210193	-0.112545	-0.065314	-0.243557	-0.167531	0.006774	-0.303299	0.122136	-0.245825	-0.259991	-0.183301	-0.057615	0.154375	-0.315462	-0.251309	0.277261	0.114006	-0.218668	0.102058	0.084634	0.185592	-0.244543	0.169914	-0.337794
0.177545	-0.392140	0.071413	-0.016012	-0.119720	-0.109232	0.150359	-0.206654	0.124958	0.073220	-0.165921	0.024966	0.115768	0.029780	-0.201746	-0.181969	-0.101303	-0.021852	-0.304549	0.250925	0.153959	0.230228	-0.191780	0.544646	0.062910
0.045094	-0.116756	0.131597	-0.295070	-0.249846	0.024628	0.030997	-0.131881	0.036463	-0.023493	0.056242	0.093592	-0.006550	0.204599	-0.187750	-0.134094	-0.141552	-0.150423	-0.278941	0.272333	0.185208	0.255477	-0.343467	0.518696	-0.091676
-0.199899	-0.259267	0.200192	-0.148734	-0.025428	-0.136206	-0.092224	-0.247470	0.091892	-0.186994	-0.248327	0.176679	-0.010836	0.294680	-0.109923	-0.044409	-0.183496	-0.075758	-0.302154	0.240035	0.199781	0.054187	0.035111	0.521354	-0.012618
0.025366	-0.396649	-0.003987	-0.093932	-0.061632	-0.025478	0.028304	-0.271889	0.060966	0.050033	0.104555	-0.033008	0.007161	0.214570	-0.035574	-0.077078	-0.240938	-0.286227	-0.344550	0.198660	0.090432	0.264981	-0.100157	0.500300	-0.213525
0.100622	0.091328	0.040553	0.197580	-0.258660	0.269321	0.082669	-0.382797	0.159160	-0.203131	-0.194533	-0.200009	-0.116573	0.295253	0.048154	0.000132	0.341233	-0.171632	-0.284573	0.044394	0.103461	-0.057831	0.204022	0.339579	-0.026164
-0.036258	-0.267340	-0.053417	-0.117557	-0.086067	0.052303	0.050303	-0.362484	0.164628	0.090561	0.044297	0.173482	-0.329310	-0.127278	-0.199623	0.288072	-0.015662	-0.055847	-0.040117	0.179584	0.170730	0.553902	0.160265	0.195306	0.120922
0.005999	-0.036007	-0.108339	-0.097246	0.035931	-0.034407	0.032452	-0.296037	0.220974	0.189122	-0.258284	0.136425	-0.309086	-0.056778	-0.287237	0.009836	-0.176041	-0.127258	-0.066941	-0.040358	0.319925	0.399153	-0.069718	0.435432	0.159991
-0.216850	-0.180675	0.105599	-0.307966	0.014560	0.118120	0.240136	-0.334269	0.185926	0.003941	-0.027382	-0.022402	-0.240147	0.107960	0.030269	0.026870	-0.160712	0.021728	0.044181	0.250772	-0.085795	0.355123	0.056089	0.528537	0.129860
-0.075258	-0.036670	0.083745	0.333990	-0.056567	-0.062766	-0.266471	-0.422346	-0.057179	0.058764	-0.110504	0.237522	-0.108888	-0.037913	-0.274510	0.080879	-0.119977	0.095099	0.020084	0.216092	-0.129697	0.259410	-0.130854	0.523190	-0.043158
0.471468	0.012448	0.255174	-0.338902	-0.091732	-0.049395	0.128566	-0.135592	0.103700	0.106007	-0.030673	0.107679	0.222313	0.284820	-0.081047	-0.013462	0.159752	-0.040406	-0.021493	0.371494	0.081987	0.257207	-0.212432	0.281044	0.131871
0.070540	-0.126750	0.210336	-0.298875	-0.024728	-0.163355	0.316987	-0.163229	-0.157395	0.002690	-0.038718	0.091158	0.169664	0.299787	-0.181851	0.070362	-0.059150	0.266064	-0.052370	0.427091	0.093863	0.096152	-0.132561	0.452363	0.001848
-0.045614	-0.167866	0.086956	-0.356477	-0.043377	-0.173418	0.247155	-0.203477	0.206527	0.276585	-0.080507	-0.085645	-0.088891	0.235967	-0.255921	-0.243135	-0.018792	-0.157028	-0.325763	-0.080031	0.323725	0.208786	-0.061798	0.297543	0.034920
0.083678	-0.095205	-0.034733	-0.075026	-0.151598	0.120547	0.269068	-0.032659	0.063107	-0.101054	-0.134010	0.075253	0.182552	0.551045	-0.189933	-0.119515	0.288630	0.065927	-0.026228	0.467856	0.225846	0.021701	-0.064976	0.268817	0.076006
0.159240	-0.304072	0.162393	-0.338286	0.122746	-0.017356	0.037247	-0.020148	0.211459	-0.041740	-0.030153	-0.011717	0.123359	0.315287	-0.266376	-0.081841	-0.049807	0.243714	-0.159132	0.065508	0.023524	0.230813	-0.295118	0.448407	0.225720
0.143481	-0.238612	-0.021719	-0.227229	-0.160897	-0.152541	0.162168	-0.157602	0.061794	0.041046	-0.073406	0.113785	0.055751	0.288697	-0.086614	-0.357711	-0.199331	0.153945	-0.104414	0.191068	0.392127	0.001376	-0.160062	0.477756	-0.076491
0.243197	-0.078929	0.095199	-0.265333	-0.143477	0.238239	-0.027757	0.051229	-0.227907	0.105582	-0.245853	-0.020711	0.133486	0.171134	-0.182501	-0.237525	0.078125	0.320538	-0.267618	0.172971	-0.300782	0.340307	-0.025330	0.304723	0.058887
-0.207392	-0.308994	-0.317207	-0.167085	-0.173470	-0.294793	0.025285	-0.110600	0.224914	-0.093029	0.004799	0.175700	-0.108537	0.122654	-0.228103	-0.022311	-0.350054	-0.020884	-0.026698	0.191870	-0.152749	0.157327	-0.247730	0.373017	0.156594
-0.206904	-0.241704	-0.133375	0.005638	-0.330749	-0.408233	0.059190	-0.255604	0.003717	-0.164971	0.070158	0.126561	-0.340880	-0.084731	-0.108153	-0.040659	-0.277694	0.106719	0.081875	-0.001118	0.118906	0.084588	-0.050255	0.447366	0.178893
-0.230543	-0.284193	-0.170029	-0.113982	-0.205122	-0.287204	0.108252	-0.240175	0.113113	-0.025089	-0.087682	0.117318	-0.019750	0.317941	-0.369923	-0.041343	-0.253797	0.047469	0.114748	0.126016	-0.039118	0.253548	0.003255	0.350335	0.266530
0.016994	-0.333541	-0.158594	0.145261	0.033729	-0.310512	-0.003175	-0.296613	0.042548	-0.236213	-0.022536	0.165769	-0.165048	0.248253	-0.294561	0.032975	-0.207838	0.209259	0.024383	0.222187	-0.084435	0.092967	-0.360224	0.297940	0.151979
-0.258758	-0.264262	-0.129958	-0.080705	-0.329221	-0.026441	0.256311	-0.161217	-0.017494	-0.127432	-0.155710	0.167136	-0.012110	0.309387	-0.329739	-0.199610	-0.311626	-0.068379	0.039759	-0.039213	-0.068346	0.115098	-0.248632	0.343098	0.153344
-0.043251	-0.185212	-0.154611	-0.037156	-0.124738	-0.209423	0.158213	0.028722	0.132001	0.117470	-0.158460	-0.054718	-0.207777	0.349926	-0.278191	-0.277154	-0.375360	0.287290	-0.225401	0.254582	0.043175	0.138207	-0.123351	0.313987	0.017306
0.085203	-0.285783	-0.197076	0.077117	-0.062133	-0.243607	0.094197	-0.211988	0.262677	-0.053166	-0.172235	0.034867	-0.156476	0.300700	-0.172510	-0.086551	-0.252909	0.269985	-0.231746	0.216797	0.187182	0.090841	-0.058482	0.444038	0.113854
-0.218981	-0.276061	-0.053152	0.032122	-0.287336	0.003920	-0.271863	-0.017108	0.090235	0.183746	-0.159859	-0.101704	-0.069829	0.067697	-0.346853	0.149385	-0.031694	0.258180	-0.304334	0.098863	-0.142961	0.280671	-0.213308	0.355546	0.210080
-0.269894	-0.362881	-0.233121	-0.171194	-0.279466	0.025706	0.112430	0.075900	-0.189431	-0.034741	-0.070584	0.202169	0.132543	0.310240	-0.206927	-0.182700	-0.060236	0.074245	-0.319829	0.182981	0.215374	-0.102568	-0.079052	0.084333	0.355693
-0.138828	-0.197485	-0.366644	-0.056685	-0.166330	-0.098603	0.227861	0.005220	-0.059752	-0.058535	-0.126031	0.200696	0.269346	0.252457	-0.270799	-0.268340	-0.198270	-0.077674	-0.341666	0.205647	0.329293	-0.116899	-0.014042	0.197085	0.066784
-0.209244	-0.201198	-0.200022	-0.220393	-0.126055	0.001704	-0.135613	-0.075888	-0.056617	-0.181684	-0.073573	0.053968	0.139402	0.254787	-0.363807	-0.333663	-0.214942	-0.047076	-0.335777	0.077146	0.226256	-0.050262	-0.377403	0.147106	0.172135
-0.215071	-0.175263	-0.257571	-0.011701	-0.127974	-0.129547	-0.044724	-0.080993	-0.019821	-0.096031	-0.104286	0.061823	0.025176	0.443779	-0.421087	-0.131809	-0.172420	0.104412	-0.493014	0.058648	0.063357	-0.028552	-0.087658	0.068975	0.306350
-0.211796	-0.201933	-0.070819	-0.233944	-0.098902	-0.058315	0.153658	-0.173117	-0.021892	-0.234751	-0.009030	-0.095465	-0.101641	0.511779	-0.117758	-0.257418	-0.112060	0.076678	-0.328046	0.006681	0.274098	0.086792	-0.323698	-0.046573	0.234494
-0.103666	-0.243724	-0.162020	-0.024012	-0.131273	-0.122602	0.087336	-0.067372	-0.055134	-0.266532	-0.172966	0.053791	-0.143380	0.218066	-0.276975	-0.172908	-0.153482	-0.097510	-0.433684	0.249984	0.316370	-0.084476	-0.164243	0.314161	0.245855
-0.247512	-0.178657	-0.088267	-0.101366	-0.169083	0.264676	-0.196178	-0.116920	-0.333054	-0.058825	-0.102323	0.103545	0.019056	0.362672	-0.246140	-0.266145	-0.185868	0.037020	-0.396588	0.190652	-0.078356	-0.028854	-0.282615	-0.022540	-0.148885
0.113048	-0.190978	-0.063274	-0.126183	-0.156968	0.091088	0.188281	-0.142099	-0.178727	0.084294	-0.311688	0.088362	0.029241	0.090254	-0.020330	0.511608	-0.050357	0.350449	-0.037073	0.031510	0.094814	0.192574	-0.297294	0.406072	-0.003352
0.194193	-0.220745	0.073153	-0.135863	-0.368047	-0.021927	0.154640	-0.327276	0.187402	0.037351	-0.200637	-0.110209	0.004358	0.117367	0.141652	0.428175	-0.104911	0.350800	-0.003141	0.106176	-0.043561	0.151681	-0.147842	0.288106	0.203866
0.077300	-0.039701	0.125180	-0.295180	-0.093547	-0.032703	0.078329	-0.105568	0.124585	0.074359	-0.019076	0.210966	-0.126443	0.188743	-0.033984	0.226689	-0.097746	0.087187	-0.056137	0.248242	0.324303	0.437694	-0.359183	0.429649	0.013443
0.035202	-0.102833	0.172026	-0.233788	-0.161127	0.045591	0.178898	0.057427	0.224196	-0.092424	0.132437	0.253928	-0.116887	0.269532	-0.209958	0.087747	-0.151860	0.148478	-0.076045	0.097735	0.426762	0.161583	-0.285837	0.445600	0.112863
0.259363	0.014683	0.192303	0.076142	-0.100006	-0.110109	-0.016613	-0.289028	0.261788	-0.128990	0.075373	0.019770	0.219875	0.233506	0.027008	-0.091054	0.139288	-0.170098	-0.191310	0.527695	0.185404	0.195200	-0.107347	0.285627	-0.227344
0.136337	-0.098366	0.184005	-0.383375	-0.045766	-0.137123	0.131699	-0.008381	-0.129348	-0.167356	-0.010870	0.076261	0.126245	0.293093	-0.041900	-0.338029	0.229982	-0.040914	0.038836	0.330711	0.345616	0.299330	0.096263	0.304642	-0.086546
0.215697	-0.111878	0.175871	0.100533	-0.046990	-0.127490	0.141995	0.052666	0.146001	-0.075334	0.042969	-0.185234	-0.086625	0.252822	0.038058	-0.328649	0.141581	-0.045909	0.045395	0.642427	0.228760	0.028718	-0.292050	0.192153	0.046853
0.178149	-0.197510	0.155815	0.116696	-0.089829	-0.113301	-0.004284	-0.146877	0.084536	0.140835	-0.212442	-0.314477	0.008925	0.155740	0.044936	0.022006	0.327262	-0.215909	-0.096595	0.428372	-0.065909	0.270538	0.037362	0.436701	-0.186611
-0.092449	-0.404938	-0.057250	-0.093329	-0.146044	-0.176612	-0.154620	0.087532	0.125745	0.258272	-0.076359	0.033547	0.096668	0.450977	0.004870	-0.036972	-0.307692	-0.064845	-0.202036	0.036660	0.190191	0.318228	-0.040482	0.344082	0.171164
-0.057629	-0.118886	-0.172746	-0.126478	0.040017	-0.235589	-0.127675	-0.067694	0.133841	0.113212	-0.119558	0.199841	0.014192	0.292235	-0.277086	-0.065919	-0.304942	0.235704	-0.147217	0.026686	-0.044532	0.422615	-0.164670	0.383517	0.285160
-0.107570	-0.404069	-0.046430	0.197601	-0.140821	-0.099589	-0.158204	0.083368	0.096601	0.093284	-0.034708	-0.265617	0.117827	0.213421	-0.153734	-0.079788	-0.079540	0.016116	-0.269771	-0.298161	0.079523	0.215649	-0.023600	0.565546	0.038922
0.163463	-0.270908	-0.165957	-0.107753	-0.053525	-0.046443	0.208021	-0.204096	0.322598	-0.094302	0.059211	-0.021630	-0.139630	-0.001896	-0.141649	0.101688	-0.222620	0.151559	-0.224310	0.149674	0.372393	0.394145	-0.172322	0.336239	0.148056
-0.130298	-0.222034	0.171939	0.058272	-0.254983	0.094189	0.063629	-0.250883	0.116572	-0.043588	-0.058437	-0.083599	-0.220531	0.058395	0.081537	0.231573	-0.182325	0.472032	-0.231590	-0.169304	-0.117794	0.168222	-0.310085	0.376869	-0.054439
-0.079900	-0.700881	-0.199558	-0.082281	-0.074956	-0.112453	-0.100485	-0.074862	0.168744	-0.191881	0.155693	0.287207	0.122686	0.055438	-0.110259	-0.145355	0.026092	-0.211906	-0.165550	0.124425	0.269155	0.105193	-0.130400	0.072650	0.064223
0.151913	-0.446545	-0.261017	-0.235414	-0.007078	0.295366	-0.251773	0.062878	-0.060726	0.033118	0.065338	-0.094341	-0.097490	0.033706	-0.127907	-0.231820	-0.001432	0.032229	-0.274478	0.326752	0.082212	0.217388	-0.356096	0.190854	-0.015799
-0.019130	-0.177804	0.446469	-0.293380	-0.111643	0.016424	0.064875	-0.278041	0.054935	0.008754	0.224813	0.208479	-0.017653	0.009287	0.108053	0.144663	-0.257955	-0.093380	-0.113524	0.192501	0.264932	0.123629	-0.146805	0.472949	-0.048516
-0.018575	-0.099419	0.088999	0.136072	-0.180377	-0.003003	-0.140216	-0.255855	0.042699	-0.113626	-0.075939	-0.418938	0.196107	0.237206	0.202010	0.085325	-0.219353	0.097173	-0.108601	0.309469	0.501615	0.065959	-0.186493	0.207083	0.089938
-0.072553	-0.267652	0.206672	-0.009087	0.145286	-0.048917	0.001898	-0.226177	0.033859	-0.000496	-0.354434	-0.073318	0.229372	0.081929	-0.039806	-0.059058	-0.198890	0.236009	-0.252819	-0.015494	0.409435	0.420619	-0.110165	0.300657	0.050959
0.030340	0.004292	0.144104	-0.171835	0.049396	0.007311	-0.056542	-0.079365	-0.141281	-0.186203	-0.200174	-0.159125	0.100093	0.115426	0.164024	-0.073100	-0.189745	-0.122235	0.041433	0.466203	0.414354	0.436821	0.020641	0.255889	-0.250505
-0.003491	-0.280510	0.291094	-0.180492	-0.202189	-0.253943	-0.090513	-0.108736	-0.119148	-0.379126	-0.068600	0.169432	-0.004182	0.332346	-0.017474	0.056993	-0.134034	0.009640	-0.052431	0.068892	0.391545	0.151971	-0.348157	0.138775	-0.175518
0.068904	-0.332048	0.024391	-0.062623	-0.236635	-0.005236	-0.170967	-0.120636	-0.256606	-0.234889	-0.101547	0.060303	-0.307270	0.442149	-0.068939	-0.006091	-0.040573	-0.082106	-0.100362	0.069389	0.134144	0.353129	-0.369124	0.214447	-0.052869
0.151315	-0.140167	-0.233181	-0.150224	-0.285347	-0.117605	0.085508	-0.214307	0.067301	-0.486317	-0.051045	0.108678	-0.060247	0.184373	-0.016955	0.267252	0.269790	-0.080894	-0.011193	-0.088980	0.213988	0.374700	-0.011062	0.284433	-0.112475
0.231958	0.294070	0.119016	0.059664	-0.383555	-0.098827	0.126059	-0.269220	0.070526	-0.230960	-0.067275	-0.074778	-0.299384	-0.144132	-0.317040	-0.158718	0.155951	-0.016833	-0.327633	-0.118026	0.205726	0.115375	-0.111238	0.279568	-0.012390
-0.324544	0.189348	-0.158392	0.121107	-0.244006	-0.208818	-0.293012	0.145574	-0.108407	-0.108799	0.165302	-0.487194	-0.035599	0.058723	0.248157	-0.191455	-0.027255	0.030092	-0.332789	0.124553	-0.012749	0.111619	-0.039008	0.258505	0.093640
0.047997	0.131216	-0.126288	0.019614	-0.286238	-0.112648	-0.355635	0.027470	-0.245675	-0.071546	0.032515	-0.265724	0.007659	-0.064044	0.378332	-0.050446	0.025893	0.039646	-0.400598	-0.243253	-0.032292	-0.035185	0.112707	0.465351	0.043392
0.271592	-0.034484	-0.157204	-0.110654	-0.002891	0.116972	-0.128726	-0.081127	-0.072987	-0.096433	-0.266121	-0.265480	-0.283878	-0.059063	0.426840	-0.048253	-0.090914	0.262555	-0.251382	0.197552	-0.287978	-0.006840	-0.104691	0.146977	0.362996
-0.208740	-0.008018	-0.064414	0.334527	-0.251876	0.034861	-0.462476	0.087779	-0.166843	-0.077018	0.172977	-0.330262	-0.216276	0.188953	0.243936	-0.161160	-0.181566	-0.030366	-0.214787	0.180154	-0.196293	0.026676	-0.089976	0.158855	0.168200
0.043719	-0.190732	-0.300339	0.091515	-0.391262	-0.354506	-0.242723	-0.046387	-0.230963	0.032517	-0.223855	-0.114864	-0.127137	-0.025305	-0.020005	-0.040262	-0.031812	0.283649	-0.204369	-0.045785	-0.372058	0.021410	-0.172681	0.187657	0.239839
0.215363	-0.129836	-0.143961	0.141445	0.024670	0.021541	-0.014541	0.220275	-0.167206	-0.170538	-0.239478	-0.237051	-0.155756	0.108262	0.428617	-0.324762	0.134470	0.139489	-0.372352	-0.164790	-0.191895	0.064678	-0.210211	0.143308	0.203479
0.031215	-0.164329	-0.197824	0.027344	-0.019954	-0.052928	-0.179826	-0.107665	0.085811	-0.261697	-0.464406	0.046499	-0.505851	-0.163808	0.200730	0.007651	0.065157	0.143533	-0.101377	-0.052561	-0.290829	0.197610	-0.025171	0.306307	0.110823
0.081902	-0.246711	-0.184260	-0.016649	-0.236532	-0.201433	-0.071887	-0.089853	-0.044257	0.011207	-0.335162	0.087000	-0.216968	-0.099800	-0.055759	-0.174270	-0.304926	0.316679	-0.176337	-0.028103	-0.369812	-0.006621	-0.264474	0.315755	0.210545
0.122542	-0.167460	-0.207489	0.069451	-0.361323	-0.187338	-0.050710	0.014582	-0.235503	-0.110495	-0.300478	0.084430	-0.194754	-0.111944	-0.198348	-0.005066	-0.195569	0.407110	-0.126445	-0.011430	-0.297460	0.012796	-0.307797	0.279092	0.065841
-0.059346	-0.282442	-0.078465	0.133714	-0.257973	-0.072768	0.046918	-0.046436	-0.191603	0.049829	-0.454777	-0.057518	-0.018512	0.001730	-0.102729	-0.128053	0.071055	0.254865	0.068071	0.170666	-0.109650	0.258689	-0.281576	0.525998	-0.034279
0.303784	-0.141802	-0.170612	0.185749	0.011719	0.042438	0.179266	-0.143421	0.032440	0.088419	-0.136661	-0.114004	-0.371294	0.456673	0.221295	0.084256	-0.184099	0.053131	-0.437618	0.070746	-0.017586	-0.038816	-0.197638	0.211395	-0.086801
0.317697	0.129543	0.163401	0.079915	0.111314	0.111462	-0.218547	0.102061	-0.079345	-0.233995	-0.355480	-0.393012	-0.178436	0.101982	0.254819	0.024995	-0.158558	0.263165	-0.304778	0.073433	-0.162104	0.118935	-0.120788	0.162836	0.205741
-0.029847	-0.070722	-0.183998	0.336245	0.033415	0.083235	-0.290828	-0.002300	-0.021653	-0.001651	-0.227815	-0.126086	-0.154113	0.150141	0.519436	-0.083743	-0.082511	0.222918	-0.448996	-0.015114	-0.182512	0.069203	-0.022561	0.187717	0.176067
-0.056362	-0.219753	0.203096	0.425406	-0.006616	0.139897	-0.133004	-0.121000	-0.225047	-0.123091	-0.216703	-0.320981	0.022515	0.308156	0.353226	0.132810	0.070943	0.216321	-0.075777	0.066335	-0.054429	0.169338	-0.231001	0.259232	0.080841
-0.144427	-0.177018	-0.068035	-0.163739	0.165494	0.084545	-0.088278	0.064091	-0.305518	0.071458	-0.074269	-0.333403	-0.138821	0.198231	0.295365	-0.045397	0.054433	0.349690	-0.219690	0.364596	0.298574	0.239901	-0.231348	0.001940	0.016584
0.053153	-0.299169	-0.259270	-0.139529	-0.101070	0.227753	0.079963	-0.192146	-0.158913	0.085862	0.064507	0.092560	-0.262566	0.240249	0.407243	0.184193	0.189350	0.011501	-0.241519	0.121270	0.083671	0.071512	-0.338697	0.323162	0.059223
0.079290	-0.086407	-0.084613	0.290563	0.052127	0.304867	-0.435630	-0.280774	0.073005	-0.167300	0.038353	-0.360516	-0.187326	0.032499	-0.032491	-0.267318	0.092693	0.239101	-0.197383	0.168309	0.129144	-0.045281	-0.057289	0.319199	0.004485
0.124412	-0.123889	0.161351	-0.149872	-0.437233	0.185915	-0.012519	-0.124859	0.056955	0.128325	-0.293843	0.180676	0.102355	-0.109501	-0.260127	-0.120444	0.065574	0.045108	-0.407829	0.108693	-0.268544	0.125326	-0.203382	0.349518	0.005650
0.321654	0.012355	0.058167	0.060787	-0.244035	-0.069717	-0.035850	0.116517	-0.241760	0.118849	0.061752	-0.284980	-0.194595	0.205576	0.032911	-0.119171	0.153233	-0.040534	-0.459744	0.124174	-0.418210	-0.165657	-0.054734	0.240785	0.204443
0.066244	-0.038129	-0.071001	-0.152175	-0.186006	-0.050077	-0.398634	-0.252206	0.135657	0.154480	-0.309921	0.165524	-0.156670	-0.211551	-0.089249	0.052169	0.202386	0.024342	-0.109087	0.073537	-0.223285	0.224169	0.236335	0.404287	0.286992
-0.141663	-0.122682	-0.206236	0.371070	-0.339769	0.187742	-0.297788	-0.009177	-0.264572	0.040908	-0.044300	-0.164227	0.012286	-0.000265	0.411382	-0.166227	-0.031880	-0.212068	-0.338501	0.007798	0.091876	0.165060	-0.128422	0.141290	-0.121682
0.047664	-0.310910	-0.138223	0.100439	-0.305022	0.049933	-0.097590	-0.080349	-0.081602	-0.054588	-0.333338	0.116075	-0.250190	-0.113304	-0.122182	-0.011569	-0.233619	0.342241	-0.182331	0.272540	-0.324856	0.016461	-0.168305	0.217258	0.274003
0.144878	0.024325	-0.061454	0.002577	-0.011761	0.056655	-0.124629	-0.104093	-0.311542	0.108373	-0.145811	-0.083708	-0.450960	0.131387	0.001163	0.122987	0.058445	0.002042	-0.684675	-0.015334	-0.174500	-0.097942	0.162207	0.182298	0.008485
-0.189163	0.153212	-0.244857	0.179015	-0.283185	0.141799	-0.260857	0.059477	-0.283206	-0.068490	-0.050214	-0.192762	-0.026121	-0.061217	0.356817	-0.123225	-0.056181	-0.033631	-0.558949	0.202222	0.009646	0.116006	-0.059670	0.126160	0.121321
0.062773	-0.190864	0.231335	-0.097819	-0.187403	0.069440	-0.071523	0.132781	-0.211648	0.011948	-0.183089	0.297448	0.022616	0.048536	-0.139737	-0.101523	0.208661	0.185523	-0.425788	-0.054036	-0.264827	0.423990	-0.190491	0.288744	0.049883
-0.017080	-0.157479	-0.237521	0.207609	-0.257571	-0.180371	-0.204157	-0.104103	-0.069768	0.229709	-0.128638	-0.087300	-0.450625	-0.024022	-0.180740	-0.149515	0.049209	0.347674	-0.214988	0.173308	-0.344578	0.107608	-0.097683	0.187859	0.093979
0.243959	-0.191451	0.037989	-0.011555	-0.363595	0.165492	0.066182	-0.189142	-0.124160	0.018582	-0.050649	0.327176	-0.034263	0.017764	-0.169722	0.117939	-0.021973	0.336580	-0.224647	0.194250	-0.327717	0.000546	-0.369324	0.286024	0.073196
0.245099	-0.264340	-0.001411	0.050328	-0.207278	-0.012831	-0.063632	-0.260493	0.009116	0.007283	-0.283482	-0.118570	0.026647	0.269322	0.003847	0.022549	0.102643	0.049081	-0.395874	0.116572	0.215432	0.150460	-0.165766	0.551706	0.000586
0.217658	-0.094721	-0.072541	-0.014951	-0.100718	0.037057	-0.232335	-0.144101	-0.368016	-0.305498	-0.239320	0.138848	0.023169	0.260174	-0.122202	-0.044972	0.280422	0.143521	-0.126711	0.007938	-0.029519	0.036154	0.114172	0.454887	0.352018
0.106348	-0.149277	0.123389	0.043058	-0.115728	-0.253169	0.110479	-0.465459	-0.126640	0.135142	-0.307418	0.001006	-0.292369	0.100489	-0.027894	0.014523	0.047650	0.225217	-0.177532	0.312787	0.008674	0.122138	-0.206949	0.408135	-0.104245
0.191009	-0.037306	0.145930	0.080372	-0.440736	0.091698	-0.356165	0.084698	0.027358	-0.011063	0.012095	0.113098	0.055387	0.201212	-0.037472	0.410291	0.084607	0.116365	-0.261908	0.132467	-0.074314	0.156925	-0.270185	0.391633	0.084927
-0.284125	0.070545	-0.124931	0.106575	-0.068741	0.091448	-0.311462	0.064818	-0.169372	-0.174467	-0.050736	-0.283430	-0.066230	-0.045854	0.340003	-0.039933	0.120674	0.368519	-0.515645	0.048661	0.005586	-0.017462	-0.077931	0.256069	0.129260
-0.173279	0.305794	0.098294	0.258253	-0.138014	0.094583	-0.443271	-0.157015	-0.086031	0.059467	-0.002956	-0.317721	-0.027053	0.128464	0.252919	-0.123383	0.073469	0.098359	-0.239928	0.253577	0.027494	-0.003534	0.054462	0.348515	0.283754
-0.217185	-0.110875	0.051480	0.218724	-0.125682	0.043397	0.106655	-0.125761	0.006436	0.085583	-0.257239	-0.069261	-0.258192	0.282523	0.288591	-0.389135	0.028469	0.050518	-0.067999	-0.068866	-0.262027	0.149793	-0.175658	0.468797	0.176626
0.073869	-0.061501	-0.109913	0.076053	-0.232608	0.104111	-0.323123	-0.355348	-0.099514	-0.026742	-0.242131	0.030905	-0.119149	-0.007597	-0.140461	-0.191163	-0.061951	0.541129	-0.309131	-0.090890	-0.105815	0.229706	0.018422	0.267589	0.012519
0.084918	-0.388126	0.003847	0.224073	0.131100	-0.130949	-0.168747	-0.346972	-0.200336	0.067092	-0.008185	-0.464503	0.038524	0.177521	0.216520	-0.130750	-0.083642	0.119186	-0.160416	0.157407	0.254912	0.172339	-0.200636	0.208525	0.033959
0.082540	-0.378178	-0.032017	0.116437	0.097210	-0.124313	-0.009883	-0.417431	-0.356431	-0.056808	-0.200188	-0.320845	-0.002700	-0.052104	0.138887	-0.188936	-0.183738	-0.027848	-0.335195	0.150202	0.246262	0.148374	0.048304	0.219452	0.052314
0.109192	-0.253539	-0.120522	0.145233	-0.098732	0.086193	-0.130509	-0.211201	-0.002125	-0.075751	-0.199947	-0.043002	-0.041652	0.089980	0.050652	0.203972	-0.270801	0.455939	-0.202663	0.109423	-0.118462	0.188903	-0.127192	0.530361	0.162329
0.237630	0.024076	-0.163243	-0.022503	-0.109416	-0.208557	-0.110398	-0.033981	-0.185458	-0.029986	-0.221836	-0.005886	-0.232782	0.347215	-0.068837	0.214954	-0.172429	-0.054282	-0.524829	-0.045881	0.053609	-0.327773	-0.175883	0.215566	-0.197018
0.104787	0.101209	-0.063261	-0.162008	-0.168805	0.193362	0.011950	0.129640	-0.067838	0.007722	-0.276211	-0.264268	0.111163	0.091172	0.164969	0.233742	-0.272262	0.357212	-0.393047	0.092654	0.079604	0.191203	-0.023715	0.258829	0.370317
0.126762	-0.119809	0.064182	-0.361957	-0.074250	0.035287	0.377835	0.184772	-0.247249	-0.127531	-0.338237	0.084482	0.098847	0.433895	0.071043	0.008495	0.225492	-0.033982	-0.166276	0.168471	0.071754	-0.085742	0.053229	0.296095	0.194052
0.203196	-0.341007	0.098546	-0.118648	-0.158825	0.073267	0.151507	-0.022940	0.014805	-0.199353	-0.199640	-0.034399	-0.137972	0.214775	-0.068780	-0.053049	-0.275840	0.235092	-0.185438	0.337547	0.059938	0.016685	-0.293638	0.489557	0.037588
0.334552	0.038053	-0.331475	0.123857	-0.184721	0.120548	-0.143496	0.130426	-0.135196	-0.008561	-0.135996	-0.233344	-0.397967	0.336425	0.089254	-0.080125	0.124884	-0.080855	-0.447813	0.039935	-0.206006	-0.124541	0.091792	0.080596	-0.027904
0.382707	0.015911	-0.181261	0.116712	0.069776	0.209690	-0.067454	0.073356	-0.047516	0.026069	-0.077593	-0.110418	-0.305438	0.223966	0.013492	-0.239912	0.177425	-0.072854	-0.602713	0.097991	-0.194552	-0.143058	0.033107	0.230420	-0.059446
-0.167544	0.143073	-0.196959	0.184581	-0.388257	0.048373	-0.291615	0.151874	-0.225573	-0.080264	-0.045212	-0.370478	0.084108	-0.000797	0.348930	-0.159079	0.091603	0.001587	-0.413369	0.154883	0.021853	-0.050349	-0.139511	0.198922	-0.036728
0.033057	-0.172946	-0.202209	-0.061926	-0.197897	-0.069267	-0.224131	0.023929	-0.363459	0.109142	-0.003044	-0.202856	-0.097443	-0.018350	0.379823	-0.173965	0.185517	0.095450	-0.247599	0.128111	-0.381516	0.113222	0.157349	0.339181	0.201368
-0.003389	-0.058855	0.154589	-0.218092	-0.551608	0.073088	0.001590	-0.194730	-0.121248	0.068746	-0.294048	0.057001	0.165350	-0.017022	-0.193764	-0.074229	0.056213	0.061249	-0.220603	0.219695	-0.339145	0.148930	-0.200961	0.336001	-0.058107
0.195462	0.172839	0.055290	0.015334	-0.147138	-0.256258	-0.240549	-0.097246	0.177498	0.014233	-0.159914	0.018355	-0.102816	0.088763	-0.002742	-0.202523	0.065653	-0.384119	-0.187084	0.086904	0.338326	0.186400	-0.273021	0.103875	-0.477441
0.178147	-0.029437	-0.121897	0.132409	0.032432	-0.129661	0.002354	-0.169819	-0.111256	0.287334	-0.144955	-0.255087	-0.248129	0.188510	-0.088572	-0.194502	0.050975	-0.333420	-0.555219	-0.108838	-0.135495	-0.221544	0.039995	0.248149	-0.000500
-0.032422	0.005701	-0.064100	0.159285	-0.000547	0.252003	0.014292	-0.180457	-0.226630	0.071456	-0.009360	-0.342191	0.187582	0.047789	0.423523	-0.212376	-0.049618	-0.017513	-0.218415	0.032581	-0.037754	0.198531	-0.454708	0.351380	0.122330
-0.099517	-0.018617	0.030723	-0.154655	0.231158	0.146348	-0.251955	-0.156897	-0.074361	0.043261	0.222943	-0.392309	0.105636	0.020480	0.220609	0.175405	0.033854	-0.021184	-0.435405	0.257291	0.088473	-0.007021	-0.000129	0.450083	-0.179137
0.036375	-0.450179	-0.030054	0.101918	-0.190566	0.093469	0.231503	0.014272	-0.101702	-0.225720	0.001975	-0.171401	-0.114999	0.069873	0.445127	0.225357	-0.047127	0.213720	-0.100858	0.018994	0.183052	0.299475	-0.125940	0.360478	-0.027228
-0.180891	0.057127	0.001695	0.324327	-0.043671	0.038014	-0.172129	-0.135046	-0.234543	0.103573	-0.042063	-0.279585	0.009661	0.327604	0.316310	-0.100588	0.137249	0.381048	-0.048054	0.122446	0.266522	0.184575	-0.074594	0.360604	-0.149349
-0.227244	-0.367226	-0.187766	0.270726	-0.068018	-0.241078	-0.302192	0.005661	-0.044179	0.009500	-0.156946	-0.105249	-0.288216	0.133437	0.247189	-0.276949	0.068364	0.169387	-0.258764	0.032224	-0.061585	0.170116	-0.119568	0.354768	0.013372
-0.234682	0.270191	-0.217493	0.076025	-0.052214	0.144087	-0.120720	-0.284336	-0.375374	0.002652	0.018536	-0.241344	-0.087942	-0.010705	0.273106	-0.074161	-0.189937	0.322483	-0.251906	0.091123	0.095031	0.070135	-0.168024	0.380033	0.118547
0.023406	-0.136478	0.172984	0.038402	-0.384196	0.069422	-0.002939	-0.272584	-0.062405	0.092492	-0.395384	0.109540	0.100132	-0.252621	-0.136590	-0.127192	0.101605	0.054559	-0.419801	0.148028	-0.125888	0.169676	-0.031672	0.325526	-0.264921
0.004968	-0.151349	0.065851	0.051490	-0.176618	0.013959	-0.304649	0.212142	-0.159028	-0.022503	-0.088452	-0.087721	-0.179614	0.051748	0.275053	-0.007548	0.212455	0.026899	-0.336449	0.339990	-0.362116	0.235602	-0.086332	0.242747	0.348203
-0.291217	0.000698	-0.051854	0.093174	-0.130865	0.006000	-0.359054	0.152811	-0.066346	-0.343288	0.059085	-0.031660	-0.108301	0.328558	0.318388	-0.248091	0.117129	0.257457	-0.302448	0.208750	-0.066044	0.089987	0.093850	0.296786	0.025392
-0.212230	-0.127140	0.075995	0.206274	0.050130	-0.173854	0.011670	-0.137948	-0.464554	-0.039648	-0.066931	-0.413101	-0.260266	-0.032215	0.254267	-0.004315	0.264384	-0.016135	-0.220418	0.159450	-0.133324	0.084979	-0.052854	0.339267	0.159825
-0.024973	-0.081296	0.083676	-0.029372	-0.101702	0.265553	0.014164	-0.231195	-0.259070	0.296459	-0.181665	-0.192275	-0.359070	0.274294	0.010371	0.133365	-0.172880	-0.009394	-0.492042	0.182746	-0.075157	-0.198727	-0.088341	0.166627	-0.131011
0.129585	0.016649	0.043429	0.261888	-0.200730	-0.111638	-0.221446	-0.068486	-0.005550	-0.337627	-0.332638	0.109772	0.034648	0.259326	-0.079988	0.098113	0.226228	0.283569	-0.199724	-0.094189	-0.141916	-0.062179	0.118963	0.440240	0.269179
-0.219177	-0.208110	-0.221960	-0.005503	-0.463152	0.056415	0.188130	0.008796	0.002016	0.003369	-0.310911	-0.196954	0.047924	0.111911	-0.030185	-0.145676	-0.194396	0.224161	0.080186	0.176057	0.077874	-0.037907	0.058875	0.545175	0.010972
0.235554	-0.097506	-0.099759	0.214818	-0.135826	-0.012074	-0.031681	0.148369	-0.293095	0.116682	0.107615	-0.381039	-0.425287	0.292938	-0.099848	-0.019336	0.096266	-0.018899	-0.232408	0.106814	-0.187711	0.154708	0.117986	0.387946	0.073083
-0.126101	0.113972	0.036528	0.026476	-0.349267	0.363653	0.149847	-0.203337	-0.131279	0.074797	0.034757	-0.049545	-0.455899	0.172725	0.074042	-0.037550	0.162052	-0.058063	-0.368484	0.119971	-0.152582	-0.053987	-0.069087	0.359329	-0.200224
0.199940	-0.251543	0.274011	0.263009	0.039203	0.126494	-0.132988	-0.028714	-0.095146	-0.119638	-0.211911	-0.270983	-0.020132	-0.012242	0.284360	0.011571	0.025624	0.304292	-0.060711	0.109003	0.270328	0.255558	0.045485	0.434007	0.235706
-0.071098	-0.064631	0.167796	-0.064516	0.175558	0.026508	-0.180454	-0.102729	-0.171125	-0.409028	-0.284952	-0.400580	0.113130	-0.142611	0.249709	0.146988	0.120975	0.057758	-0.076489	0.139041	0.090428	0.099842	0.135888	0.459106	0.194732
-0.202668	-0.187547	-0.208899	0.161752	-0.062467	-0.020576	-0.291971	-0.308326	-0.266334	-0.008295	0.264385	-0.257901	0.035269	0.218089	0.283216	-0.110255	0.214204	-0.201974	-0.148124	0.128948	-0.060879	0.159367	-0.184480	0.363021	0.023604
0.373826	0.037187	0.117358	-0.086995	-0.192781	0.094494	-0.173078	-0.358939	-0.100039	-0.155929	-0.177873	-0.303463	-0.093350	0.073717	-0.084086	-0.001695	0.066937	-0.348358	-0.199520	0.260160	-0.158978	0.042200	-0.164598	0.373739	-0.161917
-0.248459	0.013090	-0.201793	0.129945	-0.081635	0.022120	-0.215747	-0.172423	0.044729	0.122476	-0.064204	-0.327266	0.113939	0.169595	0.126008	-0.053637	0.005857	0.080777	-0.025778	0.472689	0.132141	-0.049791	-0.373893	0.393419	-0.251319
-0.324204	-0.098791	-0.057737	0.181843	-0.214960	0.263284	0.052579	-0.163099	-0.165536	0.162854	-0.138170	-0.098955	0.036401	0.071809	0.319171	0.005964	0.025173	0.019319	-0.311100	-0.072913	0.010758	0.381172	-0.231297	0.457020	0.042020
-0.027853	-0.354791	-0.122749	0.306219	0.134683	0.038594	-0.199065	-0.217352	-0.113815	-0.108994	-0.161881	-0.378850	0.187354	0.293024	0.132841	-0.223071	0.030181	0.268060	-0.107118	-0.054286	0.113956	0.020752	-0.186876	0.372856	0.022906
0.192771	-0.179774	-0.057398	0.018002	-0.281502	0.063134	-0.072473	-0.252305	0.023444	0.026637	-0.314063	0.032432	0.051541	0.058068	-0.243280	-0.060962	-0.066571	0.049694	-0.146084	0.439272	-0.087595	-0.063777	-0.055835	0.583530	-0.168282
0.098993	-0.139767	-0.026319	0.214555	-0.266577	0.023720	0.078608	-0.184356	-0.177110	0.099196	0.123144	-0.108614	-0.451840	0.335332	0.142105	0.001104	-0.144562	-0.034618	-0.487314	0.236062	0.052381	0.203788	-0.002565	0.216211	0.029185
-0.052129	-0.266933	0.012900	0.083016	-0.091843	-0.111580	-0.106223	-0.126646	-0.148225	-0.147880	-0.004600	-0.016452	-0.279631	0.157030	-0.080675	-0.129615	-0.202505	0.432507	-0.238331	0.208640	-0.100577	0.190695	-0.202842	0.480827	0.230758
-0.056349	-0.132128	-0.057401	-0.261174	-0.099851	-0.107581	0.151464	-0.142990	-0.218628	-0.160299	-0.213239	-0.084391	0.093419	-0.045741	-0.174993	0.154559	-0.140844	0.035310	-0.003565	0.267403	-0.166490	0.062812	-0.418255	0.592920	-0.027507
-0.077882	-0.339499	-0.042170	0.107912	0.055284	0.100897	-0.097604	-0.250113	-0.017621	0.097325	-0.202895	-0.088428	-0.180604	0.140897	-0.111388	0.005927	-0.326953	0.277320	0.121884	-0.109964	-0.109235	0.203587	-0.091394	0.618461	0.035664
-0.315368	-0.112298	0.032221	-0.029289	0.007223	0.137010	-0.238004	-0.130630	-0.205447	0.133012	-0.265087	-0.264537	-0.062693	0.166510	0.417275	-0.062815	-0.126597	0.078054	-0.126043	0.323420	0.137506	0.145519	-0.064140	0.436571	0.078933
0.001043	-0.144328	0.340371	0.046515	0.037683	0.300042	-0.231820	0.121182	0.048460	-0.159445	-0.123012	-0.455835	-0.120982	0.262012	0.206133	-0.055884	0.077093	0.334598	-0.258814	0.202975	0.139687	0.028559	-0.135286	0.154554	0.181914
0.080420	-0.337360	0.060112	0.167897	0.017348	0.437094	-0.129555	-0.225966	-0.011924	0.163461	-0.027801	-0.267228	0.005025	0.073082	0.267305	-0.137792	-0.030351	0.009786	-0.473867	0.182029	0.162982	0.089081	-0.125988	0.287601	0.045648
-0.092675	-0.037264	-0.189577	0.147069	-0.115702	-0.080498	-0.245443	-0.277872	-0.047328	-0.416570	-0.072747	-0.366517	-0.080298	0.402906	-0.098185	-0.100209	-0.043687	0.120532	0.091665	0.117029	-0.015529	0.275831	-0.208596	0.225614	-0.248997
0.137490	-0.029969	-0.240114	0.165532	-0.164228	-0.006481	-0.293872	0.162206	-0.038948	0.019717	-0.128401	-0.290138	0.014215	-0.123251	0.520609	-0.137354	0.091073	0.040134	-0.427181	0.026068	-0.020993	0.072664	-0.203234	0.242628	0.220525
-0.192261	-0.039498	-0.202680	0.091868	-0.063315	0.088002	-0.361971	-0.082613	-0.110472	-0.089885	-0.081588	-0.274309	0.187511	-0.105437	0.307486	-0.154333	0.226766	0.197542	-0.541505	0.086218	0.027399	-0.169366	-0.100155	0.198621	0.159697
0.175630	-0.319579	-0.010590	0.179913	-0.306488	0.005701	-0.138529	0.020731	-0.064230	0.087976	-0.260183	0.030284	-0.067401	0.184079	-0.064540	-0.104156	-0.208720	0.534579	-0.087552	0.163225	0.186199	0.335376	0.181909	0.207721	0.001440
-0.110717	-0.290185	0.046749	0.164790	0.131483	0.156016	-0.276859	0.073652	-0.074974	-0.103899	0.009625	-0.288347	-0.334719	0.180550	0.317619	-0.015455	-0.231609	0.125940	-0.279221	0.126586	0.132330	0.092263	-0.129493	0.399574	-0.197834
0.269066	0.097592	0.075279	-0.164264	-0.192737	0.045062	0.199063	0.012024	0.153990	-0.263773	-0.107173	-0.249496	-0.135991	-0.119245	0.328838	-0.135985	-0.231552	-0.223909	-0.184067	0.213017	0.411318	0.212312	0.010956	0.147877	0.246704
0.039620	0.101731	0.006070	0.317856	0.089276	0.002254	-0.099689	-0.403129	-0.111879	0.217015	-0.180508	-0.331054	0.163210	-0.036022	0.250366	-0.152485	-0.102415	-0.068408	-0.410874	0.020855	0.192708	0.132269	-0.279369	0.217872	0.162340
-0.286443	-0.237786	0.196491	-0.045252	0.197142	0.346718	-0.105294	-0.138714	-0.193831	0.117420	0.006320	-0.326855	-0.170259	0.155843	0.264929	-0.271166	-0.027199	0.153703	-0.179972	0.350901	0.130949	0.067663	-0.172423	0.204153	-0.055680
-0.229458	-0.041057	0.107180	0.202169	-0.019634	0.396655	-0.101355	-0.376009	-0.181471	0.111117	-0.000452	-0.155854	0.272255	0.323965	0.177813	0.044699	-0.077775	0.022890	-0.435723	0.172967	0.184470	0.053204	-0.075409	0.100418	0.150633
-0.127068	-0.130551	-0.119728	0.010472	0.253157	-0.200008	0.106221	-0.172328	0.226786	-0.637006	0.060364	-0.212577	0.110750	0.020514	-0.057832	-0.074072	0.126602	0.019385	-0.195869	0.294762	0.170728	0.224439	-0.123822	0.207467	-0.013677
0.209375	-0.164782	0.230379	0.245665	-0.086579	-0.077915	0.018363	-0.115777	-0.326679	0.012784	0.012283	0.119725	0.020879	0.299801	-0.308221	-0.277490	0.212568	0.334829	-0.216160	0.097750	-0.013728	0.171775	0.206594	0.236989	0.249947
0.227028	-0.039197	-0.073601	0.201960	-0.234937	0.070723	-0.092312	-0.057106	-0.214459	-0.174036	-0.211883	0.147166	-0.295706	0.149758	0.120543	0.002160	0.026631	0.225521	-0.438153	0.287813	-0.296482	-0.327771	0.001193	0.198983	0.013628
-0.191875	-0.115909	-0.075869	0.208680	-0.003454	0.088212	-0.021288	0.013920	-0.313847	0.013972	0.151356	-0.049145	-0.413453	0.271105	0.154212	0.231702	-0.020285	-0.035988	-0.379741	-0.060760	-0.146467	-0.252991	-0.151776	0.412853	0.132426
-0.100571	-0.314237	0.031508	0.099820	-0.123218	0.173538	-0.374493	-0.318615	0.025926	0.056062	-0.128691	-0.285855	-0.105307	0.172460	0.400675	-0.197137	-0.185384	0.114757	-0.045354	0.052431	-0.081427	0.144470	-0.212626	0.105702	0.338486
-0.211350	-0.251143	-0.047747	0.319386	-0.090368	0.000616	-0.310192	-0.243348	-0.160777	-0.012007	0.018100	-0.389874	-0.112109	0.143636	0.450258	0.014083	0.002254	0.107218	0.002467	0.183171	-0.115906	0.017412	-0.117556	0.367777	0.045151
-0.106706	-0.067468	0.045979	0.067914	-0.251747	-0.087515	-0.030240	-0.079228	-0.359142	-0.124564	-0.005605	-0.331322	-0.104883	0.258245	0.413929	0.008865	-0.237536	0.301933	-0.099318	0.231134	0.159679	-0.005216	-0.372994	0.124147	0.069007
0.027651	-0.393590	0.053079	0.193316	0.091180	0.050825	-0.148367	-0.096606	-0.268207	-0.095337	-0.116151	-0.414222	-0.049532	0.230410	0.478379	0.048351	-0.230018	0.261223	-0.115146	0.085475	0.100724	0.036325	-0.123620	0.195262	0.049854
0.159282	-0.177449	0.046329	0.253662	-0.212255	0.112690	-0.193058	-0.098689	-0.097897	0.208629	-0.094795	-0.259401	-0.167851	0.165919	0.350504	-0.070549	-0.060450	-0.073014	-0.247708	0.136641	-0.067928	0.429498	-0.336323	0.141745	0.218328
0.167353	-0.313658	-0.011470	-0.042317	0.271958	0.156373	-0.219057	-0.193300	0.199280	0.167184	-0.008480	-0.272879	-0.295247	0.046943	0.111762	0.200900	-0.134455	-0.006956	-0.261122	0.118880	0.067482	0.335628	-0.290814	0.299725	-0.107004
-0.146471	-0.174947	-0.062203	-0.083479	-0.020863	-0.155899	0.012430	0.019692	-0.040637	0.092936	-0.241820	-0.240944	0.000809	0.424469	-0.006848	-0.036850	0.385664	-0.159879	-0.161602	0.225699	-0.081656	0.427337	-0.019520	0.380107	0.133872
0.005517	-0.162585	0.098702	-0.050910	-0.211586	-0.213791	0.010037	0.056564	-0.317887	-0.206208	-0.151036	-0.283166	-0.067273	0.400120	0.023634	-0.136970	0.289842	-0.067932	-0.197167	0.048949	-0.097832	0.345268	-0.175812	0.335130	0.187136
-0.053543	-0.360864	-0.086509	0.108486	-0.034001	-0.230075	0.174262	-0.280465	0.074772	0.077568	-0.291770	0.102133	-0.104678	0.057377	-0.035277	-0.161078	-0.353785	0.057147	0.066787	0.069837	0.305244	0.129173	0.016733	0.531903	0.071428
-0.164485	-0.120817	-0.281190	0.071436	0.047085	-0.064730	-0.026044	-0.130004	-0.197461	-0.066672	-0.355606	0.006158	0.070087	0.224300	-0.272692	0.045215	0.034533	0.146447	-0.143936	0.474466	0.070682	-0.208547	0.099730	0.439691	0.168512
0.188737	-0.419719	0.015676	-0.059803	-0.205527	-0.043192	0.063969	0.029459	-0.017634	-0.145176	-0.374080	0.050294	-0.052012	0.084042	0.137996	0.422403	-0.182417	0.319668	-0.104591	-0.090302	-0.154216	0.123107	-0.114336	0.396788	0.015122
-0.020303	-0.054125	-0.028074	-0.104359	-0.174010	0.218760	-0.520540	0.156123	-0.100250	-0.174452	-0.128712	-0.181884	0.069403	0.322969	0.123688	-0.211997	0.100024	0.016542	0.013820	-0.046987	0.002661	0.006273	-0.218530	0.538724	0.036135
-0.037761	-0.199588	0.217671	-0.028372	0.021503	0.228993	-0.500301	0.082346	-0.101988	-0.159638	-0.286050	-0.036089	-0.290936	0.204472	0.299852	-0.166857	0.157021	-0.042446	-0.106126	0.046752	0.186598	-0.102404	0.027660	0.383100	-0.067913
-0.032847	-0.323309	-0.058168	-0.064543	-0.053767	-0.044998	-0.218243	0.021241	-0.338485	-0.164910	0.037200	-0.009177	-0.148199	0.360814	0.074423	-0.199613	0.258805	0.035401	0.243329	0.222493	0.319108	-0.217274	-0.024518	0.375687	-0.159221
-0.149611	0.123596	0.075401	-0.312653	-0.149781	0.062634	-0.324862	0.015442	-0.065440	-0.000280	-0.041263	-0.256424	-0.203942	0.193484	-0.137790	0.009363	-0.006326	0.161740	-0.245491	-0.027866	0.329457	0.109781	-0.388476	0.419832	-0.148066
0.024584	-0.316436	0.107386	0.120135	-0.057019	0.245776	-0.096958	0.137779	-0.225531	0.087236	-0.100947	0.191982	-0.265273	0.296063	0.041802	-0.311924	0.311550	0.123961	0.024563	0.010996	0.354011	-0.131138	-0.118498	0.385612	-0.016002
-0.164409	-0.258705	-0.098253	-0.035865	0.057348	0.103293	-0.416446	0.131015	-0.041698	-0.176540	0.068426	-0.035705	-0.184949	0.248496	0.160857	0.041383	0.165938	-0.143889	-0.052117	-0.094686	0.166981	-0.117252	-0.036038	0.622965	-0.192897
0.038064	-0.446528	0.043381	-0.058897	-0.213001	0.135935	-0.240018	0.219678	-0.228853	0.085965	-0.152665	0.081607	-0.196796	0.226130	0.065886	0.183453	0.107884	-0.085888	0.164810	-0.021820	0.291840	-0.147969	-0.030149	0.491835	-0.099888
0.146843	-0.241368	-0.031916	0.003371	-0.083399	0.044230	-0.590651	0.120327	-0.036196	0.043782	-0.133225	-0.298747	-0.215664	0.195479	0.026817	0.080410	0.096222	0.034779	-0.079027	0.069176	0.252999	0.016285	-0.272264	0.406095	-0.141220
-0.011185	-0.295538	-0.013354	-0.089563	0.160001	-0.134492	-0.384862	0.296815	-0.056479	0.124613	-0.368917	-0.240773	-0.307041	0.150912	-0.132416	-0.023265	0.196822	-0.036844	-0.041300	0.175042	0.071340	-0.248765	-0.155239	0.335733	-0.016736
0.066059	-0.188374	-0.063507	-0.069456	-0.043687	-0.019632	-0.137774	-0.079441	-0.016484	-0.113327	-0.287989	-0.016094	-0.305650	0.466562	0.177644	0.260311	0.240358	0.089986	0.002672	-0.085096	0.067757	-0.063581	-0.084350	0.558836	0.125745
0.040761	-0.137859	-0.119774	0.081277	-0.201960	0.196512	-0.411587	-0.106392	-0.172389	-0.038663	-0.099831	-0.107713	-0.217907	0.342323	0.237950	0.038903	0.141474	0.243060	0.042383	-0.184014	0.209927	0.188409	-0.119523	0.388854	-0.250718
0.180663	-0.213735	-0.048323	-0.018364	0.004788	-0.054175	-0.319455	0.179975	-0.149401	-0.250103	-0.081228	-0.086792	-0.208848	0.305671	-0.002586	-0.117790	0.274832	0.095462	0.012195	-0.247688	0.257923	-0.048672	-0.173973	0.534831	-0.017920
-0.009865	-0.270003	-0.086034	-0.126085	-0.064738	0.031904	-0.323267	0.109583	-0.074293	0.102729	-0.268775	-0.165657	-0.432149	0.297742	0.269360	-0.039567	0.132982	0.014002	0.130980	-0.043712	0.063004	0.044714	-0.309580	0.417905	-0.057488
-0.027345	-0.202238	-0.030767	0.075396	-0.112209	0.134020	-0.365220	0.295044	0.013064	-0.360783	-0.043167	-0.053557	-0.009384	0.421592	0.103320	0.081595	0.242925	0.009986	0.025929	0.091526	0.040356	-0.117535	-0.014364	0.529912	-0.076733
0.057936	-0.121041	-0.177798	-0.331279	-0.094503	0.065284	-0.186102	-0.128445	-0.273501	-0.092830	0.091556	-0.077979	-0.217347	0.455673	0.173229	0.191646	0.329405	0.070660	-0.189551	0.057776	0.121414	-0.140008	-0.056125	0.395307	0.101405
0.085347	-0.176602	-0.059682	-0.156412	-0.197078	0.029082	-0.346656	0.185992	-0.334462	-0.162831	-0.184947	-0.202657	-0.281090	0.348744	0.140432	0.163477	0.134268	0.147099	0.095737	-0.102154	0.137949	-0.097881	-0.166377	0.391755	0.096373
-0.143877	-0.167007	-0.061638	0.021311	0.067804	0.066418	-0.304936	-0.167274	-0.005402	-0.244096	-0.204616	-0.052455	-0.370614	0.442723	0.283380	-0.063404	0.033296	0.106817	0.056615	-0.018992	0.044838	0.002311	-0.288897	0.394414	0.195300
0.124530	-0.244584	-0.000720	0.111538	0.050587	-0.040962	-0.400138	-0.278164	-0.205687	-0.175796	-0.210789	-0.180759	-0.240321	0.380846	0.169171	-0.189166	0.007095	0.005838	-0.182708	0.175673	0.363733	0.051495	0.107468	0.090436	-0.184337
-0.059404	-0.373010	-0.120404	-0.118156	0.042007	-0.009157	-0.625666	0.052219	-0.007892	-0.109422	-0.165654	-0.141130	0.049924	0.223497	0.030759	0.114065	0.217240	-0.051152	-0.186912	0.143840	0.108970	-0.101455	-0.198314	0.344348	-0.146771
0.084940	-0.091642	-0.012615	-0.238847	-0.095811	0.068048	-0.348995	-0.072470	-0.264459	-0.117744	-0.251185	-0.119905	-0.371433	0.384726	0.283002	-0.009376	0.068202	-0.173496	-0.030480	-0.080375	0.056292	0.083160	-0.171164	0.322449	-0.270917
-0.168098	-0.187821	-0.325000	-0.342008	0.028766	-0.048458	-0.417434	-0.036949	0.021240	0.035165	-0.148616	-0.113026	-0.272936	0.302861	0.031735	0.020758	0.218275	0.045844	-0.074374	-0.030800	0.024161	0.011481	-0.229413	0.446421	-0.148360
0.045657	-0.286035	-0.257731	-0.003971	0.073402	-0.048771	-0.095856	0.100535	-0.100945	-0.234297	-0.359676	-0.201329	-0.287721	0.298114	0.121014	0.079689	0.294898	-0.129969	-0.031123	0.052414	0.237828	0.136140	-0.026408	0.432802	-0.155808
-0.178436	-0.207320	0.001556	-0.037101	-0.034573	0.001785	-0.320936	0.030079	-0.341455	-0.056830	-0.340689	-0.170048	-0.253540	0.117798	0.193565	0.065489	0.066904	0.038567	-0.095686	0.012641	0.193321	0.092763	-0.351848	0.465467	-0.179613
-0.110772	-0.285803	-0.051906	0.082727	0.078541	0.020259	-0.429452	0.060365	0.000882	-0.157168	-0.175747	-0.171558	-0.365896	0.185668	0.062760	-0.093850	0.293802	0.008700	-0.239217	0.291501	0.259320	-0.073632	-0.182055	0.277065	-0.156732
0.126444	-0.087184	0.101004	-0.141211	-0.200159	0.262415	-0.251949	0.051736	-0.233113	-0.104525	-0.196066	0.078038	-0.373794	0.365141	0.122109	-0.101516	0.095192	0.140078	0.084745	0.129936	0.254938	-0.211469	-0.013734	0.430754	-0.122166
0.261210	-0.484645	-0.074871	-0.061497	0.029322	-0.016626	0.083050	0.170838	-0.126342	-0.061551	-0.009595	-0.037808	-0.287191	0.441050	0.268058	-0.055386	0.348541	0.095120	-0.127558	0.010492	0.228340	-0.045821	-0.123686	0.220606	0.109406
0.039679	-0.348622	0.014142	-0.072255	-0.115671	0.105487	-0.203542	0.220686	-0.368576	-0.254847	-0.143941	-0.229247	-0.084006	0.209288	0.014659	-0.123985	0.128444	-0.033366	0.079554	0.122855	0.430382	-0.012683	-0.281923	0.325739	-0.079409
0.098669	-0.198273	0.037884	-0.097618	-0.110222	0.014825	-0.295707	0.176187	-0.372798	-0.039716	-0.137503	0.032941	-0.225588	0.388293	0.117527	-0.289364	0.156519	0.184781	0.100158	0.242885	0.300066	-0.062454	0.058370	0.347884	-0.057818
0.035690	-0.097458	-0.092804	-0.404812	0.009446	0.169524	-0.413563	-0.167284	-0.197418	-0.161499	-0.323511	0.021286	-0.105589	0.312075	0.193491	0.088921	0.171540	-0.070544	-0.111592	-0.243560	0.077563	-0.020371	-0.192848	0.306228	-0.145841
-0.111726	-0.093560	-0.080758	0.049854	-0.158345	0.231035	-0.329549	-0.046265	-0.217268	-0.280177	-0.205950	-0.143024	-0.284920	0.169240	0.028892	-0.139211	0.076028	0.054036	-0.081459	0.095862	0.374631	0.032104	-0.258247	0.478243	-0.025291
0.156319	-0.018887	-0.129218	-0.149836	0.125791	-0.020035	-0.484700	-0.087158	-0.000464	0.098877	-0.280441	-0.261113	-0.441387	0.225066	-0.007037	-0.274322	0.137921	-0.118524	-0.154506	0.055518	0.165792	0.046778	-0.249088	0.187527	-0.114063
-0.030953	-0.193749	-0.060446	-0.069625	-0.054116	-0.008591	-0.410105	0.017742	0.039152	-0.235393	0.010089	-0.088279	-0.418527	0.285217	0.134388	0.043990	0.361209	0.036710	-0.060358	0.169566	0.052447	0.044503	-0.079107	0.512871	0.043722
-0.041662	-0.421610	-0.017379	-0.105534	-0.090120	0.006078	-0.278622	0.000800	-0.103914	-0.208069	-0.168401	-0.134500	-0.188062	0.318226	0.188092	-0.264611	0.073044	0.097495	0.080131	-0.205407	0.189745	0.298262	-0.030832	0.419384	-0.124327
0.058776	-0.355186	-0.087866	-0.108011	0.054302	0.072268	-0.363018	0.081793	0.012581	-0.335588	0.017461	-0.052139	0.000542	0.176463	0.113034	-0.035755	0.208095	0.095060	-0.099970	0.101555	0.257470	0.111725	-0.056529	0.580889	0.226528
0.099975	-0.285008	-0.118124	-0.297341	-0.061865	0.180507	-0.215139	0.016577	-0.276411	0.105704	-0.305817	-0.182160	-0.207066	0.163933	0.341323	0.067409	0.127638	-0.132857	-0.052553	0.055914	0.128742	-0.131493	-0.214649	0.396397	-0.203624
-0.034677	-0.080778	0.019295	-0.056925	0.016840	0.067923	-0.283836	-0.127518	-0.221907	-0.127846	-0.281439	-0.126277	-0.186892	0.379901	0.060309	-0.136718	0.196744	-0.029319	0.034375	-0.234321	0.279281	-0.138518	-0.297102	0.482781	-0.102113
0.039090	-0.240438	-0.070129	-0.048571	-0.210843	0.044052	-0.052862	0.102632	-0.204341	-0.220005	-0.209237	-0.067530	-0.283996	0.256740	0.086028	-0.121720	0.201663	-0.029735	-0.102445	0.110832	0.362903	-0.003776	-0.198696	0.574946	-0.017075
0.012138	-0.179670	0.039170	-0.006613	-0.245958	0.034857	-0.385525	0.123125	-0.175869	-0.269792	-0.008080	-0.164870	-0.233018	0.296974	0.094767	-0.166756	0.293784	0.147360	0.182508	-0.012789	0.210053	-0.098561	-0.005402	0.478434	0.077383
0.018927	-0.215774	-0.083227	-0.010999	-0.016009	0.214972	-0.311204	0.026609	-0.143657	-0.204583	-0.315214	-0.074935	-0.348605	0.371369	0.066782	-0.174982	0.108606	0.115196	-0.031940	0.080392	0.036319	0.078367	-0.300465	0.457705	0.015578
0.051968	-0.292153	0.011582	-0.067533	-0.090283	0.103733	-0.354973	0.122040	-0.230275	-0.083030	-0.139763	-0.234027	-0.277228	0.233770	0.054822	-0.081467	-0.004201	-0.015413	-0.199083	-0.054061	0.121446	-0.058665	-0.209744	0.585075	-0.157362
-0.080588	-0.174022	-0.085340	-0.142848	-0.171193	0.227961	-0.209772	-0.235216	-0.203158	0.034690	-0.376436	-0.116475	-0.382634	0.271463	0.074609	-0.094017	0.251040	0.133784	0.103589	-0.146498	0.187459	0.066023	-0.188230	0.366169	-0.023540
0.024141	-0.432520	0.036232	-0.060098	-0.002284	0.209456	-0.299094	-0.050715	-0.202825	-0.143732	-0.321626	-0.002270	-0.145354	0.268662	0.216874	0.048785	0.068621	-0.039668	0.054175	0.023285	0.233122	-0.071523	-0.118262	0.483465	-0.215875
0.103669	-0.084991	-0.185955	-0.207897	-0.037276	0.105924	-0.404156	0.094949	-0.255856	-0.026731	0.029657	-0.070884	-0.420983	0.212412	0.232372	0.024720	-0.004016	-0.106926	0.043801	0.179663	0.181818	0.155602	-0.064781	0.512947	0.000387
-0.045048	-0.256870	-0.137128	-0.160682	0.057423	0.279534	-0.168260	-0.060331	-0.199913	0.012986	-0.098974	0.073803	-0.147196	0.193513	0.023193	-0.180206	0.148925	0.027689	-0.110709	0.008331	0.138421	-0.208887	-0.281704	0.645129	-0.181277
0.004219	-0.092691	-0.145977	-0.274147	-0.036201	0.061700	-0.392792	-0.049769	-0.030459	-0.080639	-0.166294	-0.107368	-0.272448	0.228878	0.222067	0.049856	0.144321	-0.008887	-0.105860	0.036336	0.096598	-0.242233	-0.264904	0.515161	-0.266484
-0.049712	-0.246528	-0.004422	0.029311	-0.119084	-0.125974	-0.513210	0.063931	0.053382	0.104412	-0.140452	-0.109110	-0.340908	0.278035	-0.032992	-0.177063	0.109329	0.114943	-0.025096	0.043196	0.316311	-0.030858	-0.337076	0.353124	0.005029
0.088197	-0.148618	0.184510	-0.009453	-0.081907	0.037044	-0.106433	0.050803	-0.481881	-0.213601	-0.100645	-0.253404	-0.276349	0.277801	0.125587	0.336853	0.095560	-0.062394	0.021016	0.289216	0.161702	-0.126229	-0.161942	0.318037	0.111721
-0.036003	-0.338955	0.043023	-0.012337	-0.103901	0.272011	-0.090348	0.011280	-0.330120	0.010180	-0.390005	-0.056496	-0.116243	0.077092	0.058162	-0.262114	0.199026	-0.181680	-0.212894	0.189333	-0.067424	0.130384	-0.105667	0.475217	0.143109
-0.073346	-0.419358	0.008830	-0.032982	-0.238858	0.196793	-0.340619	-0.002515	0.036724	-0.121266	-0.440437	-0.169077	-0.024323	0.361990	0.023294	-0.006980	0.006701	-0.184252	-0.161014	0.009268	0.007843	0.023368	-0.256880	0.311875	0.105240
0.109409	-0.143113	-0.026121	0.071416	0.140891	0.132044	-0.287823	-0.047114	-0.259307	-0.188920	-0.179698	-0.050861	-0.429961	0.239983	-0.002169	-0.277757	0.186972	0.048248	0.061189	-0.212003	0.102368	0.013343	-0.116705	0.517965	-0.058783
0.056867	-0.361125	0.038455	-0.028604	-0.057748	0.225814	-0.383747	-0.056530	-0.165511	-0.081167	-0.281253	-0.271426	-0.056679	0.119271	0.094718	-0.119782	0.095394	-0.062668	-0.054897	-0.063425	0.174607	0.170103	-0.307295	0.502605	-0.072324
0.180896	-0.031443	0.060487	0.036328	-0.109430	0.047960	-0.178375	-0.089574	-0.169864	0.165983	-0.161421	-0.262969	-0.454199	0.122582	0.169901	-0.240481	0.056834	-0.028281	0.052013	-0.253547	0.396206	0.046869	-0.218670	0.403247	0.083282
-0.001349	-0.151432	-0.030579	0.084445	-0.330575	0.297204	-0.021612	0.032061	-0.018524	-0.114246	-0.089579	-0.382534	-0.264249	0.052901	0.062351	-0.024103	0.181868	-0.184860	0.051158	0.056381	0.034080	-0.015060	-0.280062	0.608588	0.042438
0.025671	-0.230932	0.137199	-0.077197	-0.151429	-0.070536	-0.331084	0.149991	-0.096755	0.017658	-0.194833	-0.183441	-0.241992	0.330044	-0.018141	-0.107917	0.061161	-0.043775	-0.142357	0.128806	-0.115951	-0.208740	-0.051215	0.432794	0.459343
-0.050167	-0.044119	-0.060875	-0.167009	-0.177428	0.079175	-0.336889	-0.087821	-0.278371	-0.054805	-0.184350	-0.360126	-0.169285	0.176608	-0.012046	-0.265376	0.075811	0.094349	-0.084598	-0.211456	0.233350	0.263517	-0.381767	0.273500	-0.139407
0.256723	-0.401812	-0.111265	-0.224951	-0.053860	0.126026	-0.311629	0.053764	-0.032524	-0.284976	0.034414	-0.265566	-0.218532	0.134215	-0.049902	0.081933	-0.060149	-0.016302	0.128324	0.116886	-0.092220	0.026353	-0.198749	0.513502	-0.124584
0.065601	-0.093003	-0.090551	-0.143060	-0.100943	0.019243	-0.344192	-0.091879	-0.249450	-0.139736	-0.063225	-0.105381	-0.280925	0.434351	0.087562	0.057370	0.389170	-0.016344	0.010980	0.064251	0.139376	-0.090004	-0.184032	0.474582	0.054119
-0.025336	-0.429059	-0.189759	-0.101044	-0.216691	0.035817	-0.039909	-0.023710	-0.389245	-0.158271	-0.082961	-0.109063	0.106028	0.317412	0.183313	-0.065122	-0.114408	-0.054597	-0.012770	0.218090	-0.043731	0.021539	-0.043245	0.533282	-0.145079
-0.107894	-0.252598	0.079938	-0.018352	0.022957	0.019609	-0.117901	-0.220858	-0.152217	-0.027585	-0.234946	-0.120419	-0.326416	0.396777	-0.034431	-0.095933	0.008340	-0.146324	-0.048534	0.186048	0.151164	-0.060202	-0.317451	0.530064	-0.139889
0.037870	-0.246932	0.087181	-0.130240	-0.131154	-0.113799	-0.189355	0.237917	-0.274271	0.051971	-0.117598	-0.271891	-0.261636	0.412980	0.046699	-0.021020	0.164989	-0.150202	-0.035537	0.112009	0.033007	0.051782	0.007995	0.541050	-0.151484
0.077885	-0.188735	0.081455	-0.239065	-0.255920	0.225543	-0.482471	0.207732	-0.153704	-0.121493	-0.245190	-0.251620	-0.183830	-0.029317	0.263115	-0.141777	0.194719	0.009604	-0.218412	-0.046840	-0.023156	-0.144180	-0.288969	0.148964	-0.038841
-0.009292	-0.228817	-0.086705	-0.130830	-0.067132	0.040819	-0.522803	0.250234	-0.040389	-0.112740	-0.224303	-0.029989	-0.267173	-0.088067	0.125707	-0.173193	0.205694	-0.045505	-0.276187	-0.118676	0.130317	-0.307313	-0.284465	0.247948	0.041901
0.029593	-0.042061	-0.180816	-0.179508	-0.178882	0.073088	-0.563583	0.223654	-0.070521	-0.030442	-0.318086	-0.055927	-0.316716	-0.017956	0.163331	-0.093558	0.131116	0.025641	-0.208570	-0.162031	-0.001872	-0.169442	-0.246433	0.318900	-0.049373
0.141184	0.024476	-0.076955	-0.093686	-0.163857	0.188127	-0.506200	0.209478	-0.043429	-0.016134	-0.333427	-0.152390	-0.272331	0.167250	0.341536	-0.211567	0.129316	-0.155824	-0.076365	-0.078283	0.062110	-0.194782	-0.049681	0.319452	-0.055160
0.071838	-0.162812	-0.070375	-0.138773	-0.131418	0.032631	-0.461449	0.121168	-0.090419	0.086520	-0.283220	0.063786	-0.420751	-0.095162	0.285471	-0.113665	0.272500	-0.107236	-0.204635	-0.165317	0.081386	-0.146499	-0.175336	0.320960	-0.030330
0.152489	-0.012294	-0.051176	-0.211141	-0.043458	0.155319	-0.394861	0.193773	-0.071910	-0.095697	-0.292921	-0.126979	-0.331335	0.138735	0.195604	-0.295418	0.157883	-0.117610	-0.220527	-0.076824	-0.114938	-0.270323	-0.316752	0.231647	-0.074375
0.334563	-0.097218	-0.175065	-0.065629	-0.075061	0.052511	-0.443029	0.204475	-0.149505	-0.093336	-0.161683	-0.126191	-0.367817	0.059261	0.026520	-0.235948	0.171994	-0.075977	-0.143607	-0.162368	-0.027336	-0.168899	-0.305136	0.297401	-0.188968
0.077768	-0.129847	-0.069864	-0.322003	0.038691	0.136813	-0.418476	0.069455	0.003520	-0.426823	-0.205637	0.075469	-0.244117	0.267327	0.210586	0.178761	-0.098519	-0.115578	0.145845	0.010358	0.123154	-0.145984	0.043358	0.378123	-0.071103
-0.215797	-0.227140	-0.230714	-0.093622	-0.002799	-0.048549	-0.351114	0.121749	-0.139367	-0.220606	-0.259829	-0.040332	-0.233618	0.182244	-0.086810	-0.045692	0.288552	0.029868	0.181786	-0.130559	0.390871	0.020766	-0.092761	0.400405	-0.091363
0.074035	-0.034154	0.181131	-0.060519	0.109348	0.204529	-0.223022	0.065605	-0.245092	-0.262097	-0.270723	-0.000375	-0.072970	0.285191	0.009875	0.020601	0.354427	-0.031020	0.174704	0.022861	0.278940	-0.145127	-0.081461	0.543227	-0.039846
0.046732	-0.112554	0.090938	-0.243144	-0.326250	0.237401	-0.122644	0.036717	-0.148522	-0.328375	-0.055765	0.024282	-0.081213	0.445082	0.135764	-0.034594	0.023800	0.010611	0.239257	-0.037539	0.056999	-0.330933	-0.060780	0.426283	0.152156
0.128405	-0.181108	-0.094195	0.129468	-0.024116	0.205080	-0.511607	0.205335	-0.151010	-0.261124	-0.121632	-0.008611	-0.288027	0.310983	0.068529	-0.071780	0.198662	-0.134221	0.082340	-0.066088	0.026192	0.116779	-0.110197	0.407525	-0.148271
0.379545	0.092403	0.193604	-0.139501	-0.055805	0.020834	0.052705	0.050002	-0.074129	-0.234313	-0.339436	-0.122879	-0.111981	0.408146	0.087920	0.083548	0.219057	0.059639	0.225042	-0.043994	0.023045	0.093560	0.031889	0.526255	-0.075648
0.037347	-0.276057	0.240897	-0.209471	-0.014473	0.008131	-0.185298	-0.007145	-0.211617	-0.249177	0.039454	0.110903	0.121463	0.513012	0.098007	0.066547	0.232015	-0.077144	0.138877	-0.134543	-0.086901	-0.038706	-0.368760	0.361803	-0.004975
0.096079	-0.154252	-0.108080	-0.112011	-0.017072	0.090138	-0.322137	0.209382	-0.220831	-0.178884	-0.225781	0.053854	-0.115210	0.401490	0.130854	-0.389230	-0.093761	0.063379	0.175540	0.217384	0.180841	-0.146929	-0.218015	0.337616	-0.047960
0.119412	0.023672	0.042012	-0.320905	-0.062549	0.072261	-0.273266	0.085429	-0.224683	-0.112433	-0.093680	-0.086911	-0.457940	0.352909	0.224909	-0.036934	0.026777	-0.114233	0.198693	0.164094	0.283508	-0.113418	-0.161056	0.332134	0.118358
-0.084751	-0.209018	0.121944	0.013505	-0.187713	-0.013185	-0.180978	-0.089288	-0.109412	-0.055802	0.008280	0.069847	-0.164971	0.437068	0.215058	0.121185	0.200014	0.117204	0.190353	-0.056997	0.323745	-0.291735	-0.111922	0.512785	-0.010398
-0.062594	-0.242392	0.106759	-0.044346	-0.025173	0.019484	-0.288758	0.078499	-0.125660	0.079539	-0.077553	-0.126190	-0.313306	0.539868	0.044554	0.087182	0.313986	-0.247430	0.186511	0.093836	0.192782	-0.150184	-0.254803	0.224678	-0.107810
-0.072617	-0.019493	-0.224952	0.065870	-0.152559	-0.132834	-0.047708	0.226253	-0.388947	-0.064194	-0.205711	-0.121504	-0.107684	0.143598	0.041585	-0.001579	0.398463	0.090958	-0.125196	-0.137891	0.071930	0.091761	-0.440395	0.416907	-0.124512
0.193825	-0.204705	-0.011244	-0.150006	-0.017814	0.148892	-0.422160	0.159498	-0.317393	-0.140868	-0.192808	-0.212986	-0.116646	0.317391	0.086029	-0.105304	0.153109	-0.079881	0.138822	-0.178663	0.169112	-0.124673	-0.262766	0.357278	0.118114
-0.107022	-0.294603	-0.053804	-0.078778	-0.129115	0.170825	-0.125771	0.066161	-0.150335	0.073632	-0.075513	-0.047060	0.045571	0.234336	0.048964	-0.077937	0.359507	0.146196	0.225946	0.068786	0.294657	0.005140	-0.314126	0.522948	-0.244550
-0.058520	-0.268855	-0.058736	0.187453	-0.007537	0.168847	-0.214983	0.283881	-0.228582	-0.149188	-0.237711	-0.086022	-0.235303	0.425277	0.215648	-0.239198	0.211033	-0.096392	-0.065157	0.009856	0.124880	-0.048308	-0.115975	0.333039	-0.226953
0.252455	-0.060516	-0.066257	-0.008356	-0.059038	0.117730	0.007286	0.192800	-0.309065	-0.038808	-0.331738	-0.017770	0.180146	0.444402	0.104596	0.116698	0.303398	-0.199393	-0.202089	-0.135081	0.173750	-0.022814	-0.177861	0.383811	0.105485
0.133194	-0.294605	0.157174	-0.248114	-0.135263	0.074541	-0.276359	0.118584	-0.187242	-0.213746	0.007480	-0.123858	-0.248021	0.354672	0.028716	-0.105367	0.049656	0.180148	0.144545	0.005206	0.278542	-0.207755	-0.296947	0.363288	-0.052855
0.129890	-0.138762	0.157260	-0.170835	-0.042346	0.017603	-0.442310	0.038857	-0.045764	-0.112230	-0.325592	0.022502	-0.241703	0.260658	0.390844	-0.115430	0.214568	-0.107466	0.068301	-0.113232	0.188405	-0.164211	-0.207194	0.319296	-0.120992
0.395408	-0.141209	0.000263	-0.320148	-0.230930	0.013630	-0.295184	0.223513	-0.078424	-0.131642	-0.201435	-0.160601	-0.190532	0.319341	0.367161	-0.194184	0.110114	-0.124460	0.012907	-0.049577	0.034985	-0.250021	-0.085022	0.147790	-0.083200
-0.063580	-0.356095	0.106735	-0.187249	0.019631	-0.061141	-0.060600	-0.019843	0.017805	-0.108338	0.006661	-0.171448	-0.183016	0.407689	0.342550	-0.146581	0.069764	-0.361623	0.082350	-0.106428	0.341823	-0.211352	-0.123272	0.319344	0.045265
0.016963	-0.366517	0.118962	-0.149581	-0.011680	0.034101	-0.132968	-0.305267	-0.077646	0.030019	-0.082122	-0.174991	-0.246038	0.182425	0.281493	-0.240919	-0.023357	-0.097685	0.302776	0.090979	0.508921	-0.033124	-0.189927	0.144047	0.119730
0.193069	-0.395045	0.067226	-0.015421	-0.232356	0.000615	-0.258179	-0.039677	-0.061961	-0.297617	0.001518	0.153148	0.051373	0.278395	-0.108601	-0.042613	0.180950	-0.260095	0.173990	0.147196	0.422232	0.289849	0.051287	0.181940	0.140380
-0.033818	-0.203800	0.153832	-0.453130	-0.037311	0.041043	-0.225500	0.015258	-0.048058	-0.227092	0.163544	-0.008145	-0.168268	0.156781	0.043709	-0.203122	-0.044326	-0.283069	-0.002664	0.038750	0.454961	0.179935	-0.372031	0.188583	0.021832
-0.118891	0.026702	-0.030169	-0.065310	-0.111967	-0.260826	-0.121982	0.130851	-0.023191	-0.037504	-0.189653	0.012706	-0.299416	0.282112	-0.112300	-0.201026	0.042608	-0.387358	0.037933	-0.224903	0.376608	-0.093249	-0.383514	0.314008	-0.083536
0.151550	-0.229909	-0.067634	-0.171989	-0.074911	-0.106332	-0.089550	0.024515	0.106634	-0.299517	0.066768	-0.014257	-0.045968	0.281470	0.190096	0.199509	0.141231	-0.216270	0.011891	-0.001777	0.435763	-0.240695	-0.134688	0.501812	0.129684
-0.076164	-0.400745	0.038745	-0.211145	-0.109770	-0.150439	-0.351618	-0.100533	-0.025510	-0.298218	0.164578	0.070201	-0.174144	0.357000	-0.100801	-0.377867	0.079375	-0.219171	0.069884	0.024833	0.176170	0.075068	0.041791	0.264744	-0.135768
-0.110641	-0.170737	-0.012276	-0.447888	0.035031	-0.082554	0.039155	-0.000528	0.059466	-0.075815	0.056710	-0.027271	-0.387015	0.511213	0.069778	0.254591	-0.192742	-0.015126	0.054763	0.042063	0.302226	0.013050	-0.304456	0.148979	0.075384
0.161767	-0.063408	-0.085518	-0.225561	-0.036517	0.061355	-0.093020	0.053943	0.110278	-0.378300	0.079926	0.171555	-0.024145	0.410896	-0.004616	-0.090033	0.181226	-0.168299	0.138266	0.163087	0.408086	-0.017094	-0.122263	0.487114	0.019619
0.192039	-0.179824	0.053803	-0.302179	-0.075436	0.016765	-0.282839	0.067632	0.055196	-0.342036	0.078512	0.224042	-0.358443	0.101275	0.237079	-0.125185	-0.061313	-0.408653	0.105092	-0.068471	0.272090	-0.033396	-0.268152	0.159415	-0.008205
0.091767	-0.122381	0.104427	-0.365776	-0.157655	-0.175392	-0.200418	-0.002168	0.137099	-0.137383	0.005061	0.057796	-0.193497	0.009635	0.316812	-0.348575	-0.000459	-0.415527	-0.013954	-0.207461	0.256750	-0.190287	-0.039136	0.301625	-0.158540
-0.029476	-0.222428	-0.058809	0.100953	-0.067796	0.287733	-0.340390	0.147110	-0.336840	-0.179907	-0.155743	-0.047247	-0.288125	0.160109	0.176174	0.161289	-0.007262	-0.165090	-0.181434	-0.234319	0.085221	-0.142609	-0.015284	0.458106	0.142371
0.058016	-0.185602	-0.308748	-0.028605	0.237076	0.067941	-0.324407	0.345406	-0.128921	-0.340327	-0.117477	-0.105978	-0.095722	0.389446	0.135254	-0.004087	0.163319	-0.024882	0.078042	0.088766	0.206958	-0.071333	-0.077583	0.368795	-0.113355
-0.012577	-0.210053	-0.015161	0.003025	0.130754	0.399092	-0.426286	0.093674	-0.261428	-0.149637	-0.242097	-0.248471	-0.139251	0.427468	0.079461	-0.073931	0.007887	-0.037798	-0.008699	0.018369	0.173269	-0.142347	-0.218306	0.234052	-0.094888
0.315802	-0.041754	-0.095681	0.071866	-0.174647	0.156846	-0.458592	0.156618	-0.180318	-0.314939	-0.151530	0.013602	-0.372328	0.251608	0.103796	-0.014926	-0.056905	0.103295	0.139539	0.130908	0.043719	-0.084959	-0.281075	0.280390	0.096029
-0.024801	-0.293409	-0.024450	0.092446	0.068402	0.014017	-0.182964	-0.061470	-0.216180	-0.029142	-0.229117	0.178572	0.080229	0.527821	0.066595	0.141998	0.134610	-0.159602	-0.102978	0.045831	-0.098608	0.108750	0.221630	0.522940	0.141391
0.091705	-0.169021	-0.012762	-0.161511	0.084560	0.057011	-0.258983	0.107245	-0.224786	-0.055554	-0.034853	-0.128308	-0.279573	0.521945	0.026267	-0.060956	0.000594	-0.022566	0.079208	-0.099026	0.247746	-0.180339	0.095548	0.527248	-0.154613
-0.036731	-0.159301	0.139283	-0.039868	-0.158619	0.270484	-0.327998	-0.030062	-0.254171	-0.172128	0.098118	-0.155057	-0.343171	0.208936	0.072952	-0.171151	0.049926	-0.044074	-0.386831	-0.047634	0.000476	-0.118795	-0.343587	0.357781	-0.070895
-0.004060	-0.134146	0.061635	0.034552	-0.162770	0.107937	-0.416976	0.137930	-0.324811	-0.136885	-0.157595	-0.063734	-0.294076	0.269146	-0.012692	-0.229792	-0.011630	-0.155097	-0.116637	0.035931	0.090047	0.004011	-0.389501	0.422442	-0.059628
0.096189	-0.207102	0.013267	-0.158412	0.044440	0.152046	-0.423256	-0.027860	-0.081410	-0.094609	-0.284012	-0.278104	-0.230451	0.217347	0.242552	-0.078800	0.130492	0.001324	0.100208	-0.184636	0.034625	-0.208423	-0.405143	0.328960	-0.021058
0.294468	-0.056943	0.069011	-0.062545	-0.120851	-0.002263	-0.505713	0.192661	-0.087889	-0.077307	-0.191230	-0.156938	-0.340229	0.246809	0.192789	-0.288241	0.134066	-0.192899	0.075586	0.127693	-0.027294	-0.268566	-0.078492	0.254031	-0.036196
0.122162	-0.431626	0.116656	-0.136173	-0.208067	0.054784	-0.562882	0.067648	-0.227999	-0.026574	-0.277747	0.036986	-0.092417	0.181136	0.252872	-0.050535	0.079888	-0.047813	0.103632	0.259907	-0.009290	-0.150705	-0.144923	0.158860	-0.062213
0.181695	-0.147092	0.133802	-0.284844	-0.166869	0.159468	-0.534196	0.145835	-0.075827	-0.128063	-0.305670	-0.032974	-0.306044	-0.043279	0.125448	-0.067601	0.221471	-0.127822	-0.162809	-0.009653	0.181506	-0.103915	-0.159904	0.252931	-0.169162
0.227396	-0.244390	-0.156144	-0.243266	0.121135	0.001139	-0.207379	-0.088617	0.084918	0.003335	-0.383141	-0.215397	-0.279554	0.135251	0.278713	-0.057726	0.169690	-0.157846	0.202211	0.013662	0.316807	-0.167625	-0.165422	0.330092	-0.044989
0.050024	-0.076926	0.137212	-0.022615	0.059456	0.088221	-0.284887	0.235177	-0.197779	-0.351333	-0.162085	-0.249588	-0.185590	0.166919	-0.179892	0.046161	-0.151828	0.120663	-0.348548	0.040987	0.161549	0.048839	-0.134387	0.395228	0.336177
-0.165222	-0.088908	-0.179940	-0.058880	-0.226111	0.181969	-0.167832	-0.000993	-0.033515	-0.099118	-0.220540	-0.038726	-0.430143	0.547428	0.068673	0.086784	0.011959	-0.096797	0.032352	0.055069	-0.042537	0.248016	-0.166194	0.351651	0.174127
-0.154328	-0.039132	0.055150	-0.122765	0.062356	0.139495	-0.373905	0.004041	-0.011769	-0.190503	-0.321580	0.319768	-0.181536	0.375693	0.311874	-0.237432	-0.022841	0.064885	-0.097646	0.286823	0.224396	0.143865	-0.065488	0.194730	-0.117229
0.308098	-0.234542	0.215898	0.003821	-0.001475	0.015139	-0.129745	0.107746	-0.055473	-0.059453	-0.181114	-0.028624	-0.398470	0.219184	0.212247	-0.111391	0.160940	-0.073414	-0.287093	0.266569	0.048896	0.147786	-0.231917	0.455007	-0.020813
0.085177	-0.046186	0.218808	0.166389	0.358842	-0.128109	-0.138376	-0.055070	0.012471	-0.096975	-0.151878	-0.111325	-0.005012	0.548067	-0.202929	-0.235762	-0.144251	-0.199890	-0.352005	0.129694	0.254019	0.011670	0.097165	0.172331	-0.014470
0.408562	-0.081955	0.095655	0.081909	0.079569	0.020372	0.075412	-0.071301	-0.077839	-0.023507	-0.051268	0.135450	0.017622	0.302707	-0.123827	0.013702	-0.194934	-0.167136	-0.332318	0.162466	0.370077	0.183143	0.166084	0.409625	-0.298824
-0.112124	-0.264474	-0.193972	-0.075799	-0.022345	0.071231	-0.095391	0.076655	-0.063605	-0.035717	-0.171202	0.232480	-0.243342	0.256929	-0.315659	-0.110776	0.025385	-0.190230	-0.275024	0.085982	0.313595	-0.249622	0.127045	0.238635	0.417302
0.047575	0.053868	0.100226	0.037087	-0.049255	-0.078703	-0.121581	-0.099812	0.216489	-0.155877	-0.016826	-0.161109	-0.134531	0.417985	0.117974	-0.198297	0.005257	-0.436253	-0.302574	0.335613	0.260597	-0.058812	0.311359	0.168700	-0.123651
0.132738	-0.384262	0.081744	0.013265	-0.098759	-0.175826	-0.090092	-0.039132	0.065340	-0.300498	-0.130504	0.297200	0.243050	0.305578	-0.042650	0.077417	0.183554	-0.268454	-0.114145	0.029299	0.357865	0.111127	0.117933	0.351860	0.139927
0.122200	-0.210965	-0.029002	0.003198	0.121006	0.069747	0.228206	0.144942	0.065909	-0.103131	-0.058214	-0.126355	-0.151513	0.267982	-0.141789	0.091787	-0.252015	-0.184227	-0.302160	0.189094	-0.004164	-0.325824	-0.122098	0.506890	0.294873
0.270793	-0.265967	0.120402	0.102920	0.169239	-0.064093	0.231409	0.072356	-0.089869	0.186542	0.198616	-0.051560	-0.256659	0.318106	-0.041678	0.006451	-0.281900	-0.251963	-0.271835	0.217444	0.310497	0.236102	-0.167575	0.196053	0.051802
0.090551	-0.364994	0.303723	-0.056183	0.162911	0.084674	0.251569	0.107542	-0.009294	-0.277349	0.022149	0.013243	0.074852	0.345294	-0.035339	-0.152006	0.021576	-0.445757	-0.335603	-0.040911	0.134887	-0.005293	-0.061436	0.186903	0.239489
0.155616	-0.376767	0.092837	-0.089925	-0.259034	0.024037	-0.231018	-0.188590	0.115200	-0.251575	-0.186154	0.084804	-0.137003	0.028018	-0.181219	-0.182620	0.015347	0.133050	-0.287541	0.055767	-0.156611	0.343907	-0.269009	0.185557	-0.320996
0.097639	0.026965	-0.014183	0.120394	-0.333863	-0.037114	-0.044312	-0.035762	0.286551	-0.310091	0.031188	-0.090150	0.224245	0.248369	-0.091762	-0.204868	0.089728	-0.150651	-0.183932	0.583983	0.051151	0.270018	0.015783	0.092323	-0.138980
0.210035	-0.189805	0.182168	0.073288	0.047439	-0.166583	-0.085826	-0.090954	-0.290355	-0.207041	0.262255	0.098791	0.091281	0.208846	-0.183917	-0.129924	-0.112415	-0.402163	0.075276	0.130982	0.137709	-0.069006	-0.049381	0.544486	-0.086463
0.057651	-0.153141	0.254057	0.033157	-0.091674	-0.294886	0.053037	0.120336	0.337185	-0.018617	-0.045133	0.108318	0.180696	0.351176	-0.282065	-0.004440	0.064167	-0.072214	-0.273400	0.315585	0.350333	-0.043359	0.055775	0.325280	-0.119806
0.113440	-0.332355	0.220455	0.003329	0.082658	-0.025109	0.141631	-0.040533	0.305705	-0.375207	-0.205383	0.024413	0.309100	0.214717	-0.161963	-0.146273	-0.001218	0.039413	-0.263606	0.162833	0.031651	0.213597	0.116415	0.417924	-0.014537
0.097863	-0.167015	0.018463	0.277442	-0.319497	-0.184307	0.073199	-0.162592	0.252450	-0.027121	-0.036337	0.304977	0.105929	0.511163	-0.080398	-0.152800	0.116514	-0.121197	-0.284608	0.003047	0.164109	0.204835	-0.170204	0.021217	-0.220610
0.264759	-0.278842	0.109206	0.200282	-0.158918	-0.230757	-0.016522	-0.142955	0.337199	0.113543	-0.223976	-0.021321	0.208605	0.174307	-0.224919	0.089311	-0.204706	-0.033328	-0.436837	-0.122890	0.150990	0.081262	-0.107405	0.272467	-0.164619
0.208730	0.032757	-0.137100	0.071042	0.088930	-0.174191	0.050119	-0.304287	0.389990	-0.221894	-0.150698	-0.145710	-0.041663	0.296009	-0.321668	0.041562	-0.021446	-0.095958	-0.337324	0.061196	0.092216	-0.231730	-0.085172	0.255339	-0.310615
0.136365	-0.337803	-0.109184	0.103037	-0.182732	-0.128484	0.151987	0.117623	0.108953	-0.275009	0.107211	-0.052083	0.276375	0.283994	-0.210101	-0.099360	0.163474	-0.137736	-0.292338	-0.049373	0.162831	0.024978	-0.293803	0.150776	-0.418781
-0.008176	0.100963	-0.070520	0.084711	-0.247145	-0.173640	-0.002226	-0.141582	0.198025	-0.188515	-0.088646	0.076979	-0.076515	0.253835	-0.301257	-0.344497	0.166675	-0.276838	-0.202943	0.147374	0.316796	0.278633	-0.121745	0.028476	-0.370269
-0.153540	-0.179131	-0.103788	0.127838	-0.344402	-0.148175	-0.105092	-0.262212	0.224516	-0.200862	-0.228461	-0.028910	0.055727	0.181730	-0.206142	-0.103338	0.251828	-0.142794	-0.299354	0.262257	0.003853	0.043237	-0.199268	0.140070	-0.400445
0.188299	-0.112506	-0.009699	-0.003409	0.137680	0.102805	0.089866	-0.147363	0.011587	0.077242	0.075111	0.009252	-0.138727	0.515332	-0.114227	-0.095222	-0.013239	-0.058556	-0.388117	0.192745	-0.109166	-0.150490	0.236664	0.471210	0.264019
0.184695	0.082443	-0.044591	0.151274	0.319298	-0.128578	-0.114462	-0.014531	-0.066239	0.166446	-0.165215	-0.129215	-0.262883	0.499506	-0.183268	-0.011681	0.001506	-0.038075	-0.415976	-0.067733	0.151590	0.244558	0.032193	0.330396	-0.044034
0.126947	-0.232091	-0.078951	0.334207	-0.020233	0.036171	0.139992	-0.387422	-0.344934	0.246649	-0.146584	-0.376898	0.145756	0.105515	0.249744	0.058875	0.163086	0.090103	-0.294884	0.117386	0.004505	0.183722	0.003614	0.170005	0.031114
-0.088626	0.051801	-0.046210	-0.108786	0.034233	0.086537	0.069960	-0.064755	-0.140984	-0.359091	-0.078078	-0.062787	0.008227	0.102453	0.404275	-0.012575	-0.162180	-0.145608	-0.058992	0.216675	-0.185680	0.204575	-0.293539	0.400976	0.451127
0.046688	-0.425014	0.022721	0.119223	0.223632	-0.089803	-0.112896	-0.272552	-0.075224	0.124618	-0.226702	-0.137675	-0.220804	0.141390	-0.168064	0.006691	-0.141682	0.137680	-0.179752	-0.267477	0.202448	0.370157	-0.042058	0.377514	0.060028
0.165977	0.161037	0.009391	-0.101535	0.096579	0.002114	-0.231793	-0.233105	-0.158516	0.125072	-0.070667	-0.192897	-0.340884	0.297249	0.034256	-0.004319	0.066185	-0.067557	-0.183237	-0.140522	0.218743	0.507277	-0.021590	0.265711	-0.302466
-0.032920	-0.302156	-0.326508	-0.001739	-0.160277	0.383654	-0.165735	0.069046	-0.275644	0.086089	0.083751	-0.020399	0.151110	0.190324	0.074079	-0.308660	-0.019227	-0.127227	0.097594	0.250691	0.015002	0.033012	-0.119305	0.490068	0.024766
0.048553	0.194347	0.016805	-0.045391	-0.303554	-0.151324	-0.026629	-0.171828	0.215696	-0.503913	0.067784	0.214957	0.023660	0.036114	0.135373	-0.081847	0.182763	-0.250365	-0.254526	0.288018	0.008355	0.324799	-0.060279	0.139402	0.248305
0.043695	0.139753	-0.175021	-0.050856	0.126615	-0.238486	0.034828	-0.302756	0.156813	-0.431942	0.165102	-0.236770	-0.109737	0.197408	0.062285	0.025098	0.280416	-0.169278	-0.186478	0.148232	0.201053	0.425318	-0.098747	0.184405	0.021130
-0.258827	-0.029364	-0.144380	0.103094	0.178627	-0.155338	-0.042348	-0.090856	0.165410	0.124686	-0.160233	-0.084879	0.134650	0.177066	0.004896	-0.134257	-0.297389	-0.431884	0.013098	0.161366	0.351998	-0.047027	-0.309610	0.371454	0.173619
-0.053431	-0.288425	0.160008	-0.075255	-0.081484	-0.145642	-0.146097	0.006838	0.284290	-0.380820	0.023643	0.245673	-0.176771	0.154906	-0.146325	-0.138548	-0.182406	0.176296	-0.423753	-0.196062	0.202181	0.170283	0.017137	0.132665	-0.284100
-0.090250	-0.150877	-0.152495	-0.365392	0.000356	-0.245347	0.064350	-0.041122	0.155673	-0.224861	0.032298	0.102786	0.345500	0.207849	-0.098277	-0.037709	-0.047735	-0.195215	-0.034962	0.426603	0.389500	-0.182976	-0.058139	0.272067	-0.007138
-0.016605	-0.094384	0.199468	0.008084	-0.177168	-0.421159	-0.174413	-0.102347	-0.130734	-0.078842	0.197523	-0.070899	0.357601	0.347474	-0.172914	-0.151554	0.092263	0.102924	-0.157339	0.281385	0.197954	-0.022384	0.095980	0.369169	-0.155716
0.111709	-0.167252	0.006919	-0.019477	-0.088424	-0.289623	0.040281	-0.197286	-0.265063	-0.221696	0.128364	-0.293297	-0.211450	0.087389	0.003919	-0.144437	0.220203	-0.035622	-0.020227	0.418387	-0.252582	0.305119	0.097158	0.328487	-0.179690
-0.142539	0.193716	-0.092514	-0.078307	-0.414375	-0.107964	0.110313	-0.050585	0.060871	-0.394940	0.231600	-0.186727	-0.013077	0.151925	-0.162578	0.102326	0.290039	-0.186665	-0.150534	0.166553	0.013036	0.312406	0.023825	0.366690	-0.137363
0.021367	-0.337972	-0.049405	0.082245	-0.293883	0.317588	0.130352	-0.095526	-0.007774	0.205832	-0.205562	0.308084	-0.069943	0.286774	-0.202878	-0.089271	-0.118197	0.161655	-0.165699	0.194375	-0.028711	-0.191390	-0.295338	0.205690	-0.273092
0.096359	-0.232050	0.206295	-0.179592	-0.379962	0.231880	0.142525	0.004896	-0.152084	0.126212	-0.213857	0.243074	-0.128991	0.274612	-0.017088	-0.068880	-0.065918	0.102915	-0.192238	0.054445	0.020127	0.107067	-0.401338	0.239670	-0.342601
0.108903	0.078112	-0.104512	-0.131925	-0.088501	0.212500	0.162363	-0.343314	-0.070617	-0.023153	-0.293903	-0.149261	-0.076239	0.421296	-0.350076	-0.228223	-0.146068	0.082562	-0.071850	0.259959	0.077882	-0.026706	-0.244828	0.036085	-0.339793
-0.106551	-0.089558	-0.224598	0.286743	-0.358530	0.134336	-0.101985	-0.490216	-0.011651	0.021917	-0.115759	-0.204043	-0.243441	-0.008973	0.287019	-0.028274	0.112464	-0.087318	-0.244276	0.079810	0.113697	0.040550	-0.220952	0.317428	0.044950
-0.340492	-0.258012	-0.133951	-0.010470	-0.232793	-0.284431	0.053461	-0.289676	-0.157028	-0.233059	-0.034252	-0.146330	-0.348419	-0.088353	-0.304851	0.138674	-0.083743	0.326414	0.005096	0.203873	-0.125619	0.060568	0.028505	0.243270	0.007850
0.052773	-0.090445	-0.105819	0.011769	-0.554979	0.045243	-0.067113	-0.142811	0.085534	-0.227266	0.023936	0.049800	-0.297832	0.196093	-0.282938	0.164246	-0.222423	0.314079	0.121598	0.149639	-0.260143	0.094566	-0.050321	0.284142	0.036917
0.022203	-0.296709	-0.145985	0.225876	-0.125182	-0.011472	-0.034171	-0.125098	-0.396715	-0.156023	-0.090090	0.017902	-0.197972	0.153496	-0.244850	-0.008680	-0.251218	0.253089	0.031613	0.214308	0.046009	0.130350	-0.230992	0.455813	0.198128
-0.112143	0.119033	-0.024293	-0.002382	-0.140386	0.035165	0.029921	-0.356842	-0.084412	-0.230529	0.374794	-0.004887	-0.125519	0.106698	0.138743	0.012477	-0.158303	-0.083823	-0.372983	-0.019725	0.283776	0.014768	-0.404742	0.255226	0.308025
-0.017911	0.074083	-0.094804	0.000490	-0.140716	0.104787	-0.032196	-0.017714	0.054906	-0.432099	-0.088571	-0.008946	-0.061339	0.249899	0.338554	0.046837	0.031396	0.084955	-0.262226	-0.003083	0.081420	-0.024922	-0.577453	0.143637	0.366181
-0.308730	-0.164210	-0.089605	0.059189	0.247591	0.255073	-0.008340	-0.129299	-0.035063	-0.170118	0.028350	-0.031708	0.341750	0.145644	0.079718	-0.267645	0.024137	-0.178948	-0.258480	0.064298	0.150759	0.200667	-0.438174	0.329700	0.088427
0.232824	-0.085363	0.049806	-0.156688	-0.070039	-0.196277	0.082275	-0.108444	-0.185810	-0.124170	-0.193294	0.076364	-0.271262	0.459285	0.089728	0.088292	-0.274690	-0.323668	-0.140638	0.164185	0.394298	0.062554	0.162491	-0.039288	-0.204262
0.077417	-0.178893	0.142271	-0.138242	0.095675	0.067988	0.035483	0.058847	0.120683	-0.366532	-0.102996	0.168442	-0.128130	0.273883	-0.363513	0.337685	0.071081	-0.145442	-0.419095	0.263985	0.252166	-0.080454	0.139892	0.125372	0.042160
0.036138	-0.393756	0.089911	-0.488423	0.068104	0.029288	0.075793	-0.216590	-0.043145	0.020976	0.032346	0.109405	-0.171277	-0.082844	0.198299	-0.104654	-0.134838	-0.260258	-0.320426	0.092825	0.263113	0.333478	-0.095586	0.194908	0.110903
-0.022623	-0.000175	0.050058	-0.172735	-0.191039	-0.415920	0.185351	-0.200175	-0.330176	-0.187072	0.182320	-0.230027	-0.224985	0.115017	0.198558	0.153614	0.256433	0.050265	-0.119546	0.237670	0.022139	0.407841	-0.077765	0.119055	-0.009538
-0.129182	-0.135590	0.056083	0.052174	-0.075062	-0.133856	-0.011941	-0.075735	-0.285189	-0.391620	-0.017822	-0.469866	-0.151090	-0.033841	0.236296	0.108987	0.335399	0.115948	-0.167053	0.296665	-0.222097	0.196193	-0.019455	0.211018	0.087023
0.105985	-0.341153	-0.042771	-0.030905	0.080053	0.340695	-0.178022	-0.192931	0.022274	0.205067	-0.044437	-0.214976	-0.212032	0.175084	0.426582	0.117295	0.157121	0.256311	-0.218822	0.214039	0.147782	0.037638	-0.209836	0.253910	-0.016892
0.083554	-0.058362	-0.200775	0.202223	0.021729	-0.286917	0.319311	-0.296413	0.063883	-0.192562	-0.018990	-0.068769	0.153127	0.548553	-0.134973	0.010276	-0.020535	-0.163995	-0.208392	0.187343	0.090831	0.092106	-0.226681	0.063072	-0.262535
0.112393	-0.007912	-0.068327	0.252930	-0.097426	-0.412680	0.144854	-0.084060	-0.049001	-0.181703	0.014356	-0.066384	-0.100748	0.205955	-0.107610	0.281693	-0.030000	0.109993	-0.100193	0.426040	0.055151	0.094211	-0.250885	0.452532	-0.207599
0.002018	-0.106968	-0.019633	0.011997	0.067084	-0.266704	0.002402	-0.043703	0.230363	-0.195911	-0.160562	0.199819	0.193925	0.033321	-0.419849	0.170645	-0.206608	-0.019242	-0.150601	0.142295	0.001371	-0.147845	-0.195871	0.601765	0.029637
0.251674	-0.144072	-0.127887	0.068032	0.123114	-0.202916	0.124258	-0.341378	-0.185302	-0.108822	-0.315459	-0.378789	0.137148	0.179065	0.264822	-0.038495	-0.176220	0.014165	-0.231986	0.286311	0.279187	0.212930	0.005532	0.066207	-0.014272
-0.129711	-0.194723	-0.034366	0.082495	-0.143695	-0.030510	-0.021976	-0.120796	-0.031461	-0.138757	-0.442359	-0.110554	0.306550	0.204858	0.078937	0.058217	-0.027051	-0.203151	-0.233117	0.186851	0.529753	-0.200620	0.041419	0.121970	0.241194
0.313651	-0.066535	-0.072799	-0.062698	0.109885	0.114061	-0.160286	-0.086026	0.304390	-0.102281	-0.503381	0.106097	0.057730	0.399457	0.026855	0.125136	-0.048044	-0.302980	-0.054190	0.181077	0.224491	0.143705	-0.228035	0.118961	-0.125364
0.011758	-0.126987	0.114272	-0.098887	-0.229798	0.063894	-0.334537	0.073160	0.164318	-0.073549	-0.166497	-0.060724	0.118041	0.337835	-0.123828	0.021007	-0.007598	0.024000	-0.353712	0.315578	-0.088704	0.226566	-0.131464	0.369234	-0.375408
-0.109770	-0.345919	-0.051832	-0.148471	-0.086172	0.020120	-0.202459	-0.172137	0.155924	-0.148149	-0.319050	-0.228856	0.137093	0.413414	0.080149	-0.090188	0.040626	0.146966	-0.325100	0.373726	-0.141619	0.046739	-0.126701	0.204604	-0.107936
-0.224196	0.016957	-0.170613	-0.211199	0.087235	-0.042220	0.015172	-0.196247	0.124173	-0.002835	-0.191065	-0.181553	0.122762	0.251266	-0.409155	-0.032821	-0.099695	-0.020585	-0.156858	0.264619	0.260979	0.251158	-0.272017	0.224946	-0.367751
-0.203000	-0.056173	0.004389	0.124254	-0.143000	-0.029329	-0.233450	-0.154756	-0.326362	-0.379519	-0.051500	-0.141352	-0.075781	0.133327	-0.211540	-0.126989	0.290207	-0.078253	-0.246351	0.164387	-0.137968	0.160908	-0.392333	0.258229	-0.198132
0.241411	-0.414016	-0.178676	0.011734	-0.126170	-0.323299	0.164655	-0.044056	0.117226	-0.364758	0.235936	-0.126576	-0.047158	-0.198220	-0.143565	0.070110	0.100023	-0.331626	-0.137784	0.153615	-0.178777	0.082993	-0.043715	0.279681	0.147283
0.007731	-0.269697	0.042996	-0.167130	-0.339915	-0.304048	-0.071876	0.067448	-0.388754	0.028030	-0.170388	0.086315	-0.203219	0.384675	-0.044481	0.207377	-0.180331	-0.101236	0.205134	0.178095	-0.182426	0.123050	-0.000136	0.292270	-0.081593
0.118407	-0.427198	0.124436	-0.141819	-0.323846	0.103933	0.019162	-0.263979	0.112979	0.142396	-0.089496	0.461287	-0.042736	0.081371	-0.136438	0.148777	0.094833	0.091005	-0.085161	0.338644	-0.164192	-0.012241	-0.246181	0.227378	-0.022318
0.112334	-0.399961	-0.006519	-0.190179	-0.450420	-0.012129	0.069294	-0.149882	0.151300	0.130906	0.069471	0.307151	-0.055995	0.216550	0.102442	0.031003	0.229807	0.225093	0.066226	0.292894	-0.086885	0.253443	0.122773	0.273902	-0.068558
0.202678	-0.587695	0.326960	-0.148686	0.034266	0.101517	-0.191245	-0.013662	-0.020781	0.041334	-0.270415	0.188046	-0.112735	0.101539	-0.116319	0.025214	0.134171	0.286292	-0.023731	0.325535	-0.093437	0.208536	-0.109717	0.117314	-0.062886
0.144354	-0.509238	0.088954	-0.230924	-0.006433	0.166519	0.094956	0.178635	0.057798	0.117328	-0.319483	0.366108	-0.221369	0.049923	0.045741	0.068813	0.044615	0.091404	-0.087416	0.111487	-0.030873	0.247619	-0.229386	0.320927	-0.173408
-0.083989	-0.294333	0.199769	-0.181610	-0.188398	0.126629	0.335699	0.121032	0.052159	-0.431275	0.095650	-0.146219	-0.020410	0.250890	-0.058891	-0.018872	-0.197233	-0.263200	-0.027162	-0.067833	0.246006	0.329802	-0.122442	0.207850	0.164693
-0.080005	-0.362058	0.197975	-0.001089	-0.451697	0.094534	0.210138	-0.192991	-0.086874	-0.257651	-0.070542	0.061850	-0.049339	0.441278	0.000442	0.015864	-0.117963	-0.129077	0.158855	-0.109600	0.288836	0.204930	0.085689	0.149318	0.160989
0.346074	-0.073466	-0.058675	0.066326	-0.072209	-0.059131	0.131751	0.038636	0.063445	-0.016085	-0.039692	-0.486156	-0.147488	0.358777	-0.104045	-0.076837	-0.396763	-0.222473	-0.238573	0.031047	0.316289	0.003026	-0.136211	-0.042498	0.211703
0.078858	-0.123718	0.060043	0.031076	0.099155	-0.222710	0.047316	-0.129279	0.096516	-0.044468	0.096840	0.405093	-0.052405	0.188061	-0.466289	-0.245651	0.013069	-0.038053	-0.272082	-0.137992	0.353641	-0.032982	-0.049576	0.404302	-0.090059
0.035122	0.152651	-0.140922	-0.134063	-0.157639	-0.004341	-0.045867	-0.112222	-0.020535	-0.585030	-0.027326	0.122092	0.200112	0.171099	-0.008497	0.301941	0.069530	-0.162431	-0.196658	0.271101	0.115604	0.323181	0.064899	0.335109	-0.038232
0.093770	-0.208258	-0.008510	-0.188216	0.008527	-0.082838	0.182877	-0.189230	-0.089783	-0.461849	-0.397260	0.033569	0.146443	0.078058	-0.337039	-0.166446	-0.003873	-0.021121	-0.093537	0.275412	-0.134257	0.166761	0.013202	0.321083	-0.229870
-0.092794	-0.265114	-0.006137	0.056904	0.216648	-0.158347	-0.010245	-0.148501	0.365233	-0.261834	-0.311340	-0.389764	0.000453	0.173329	0.045758	-0.216833	-0.053003	-0.211005	0.084526	0.365902	0.238961	0.116422	0.098184	0.009998	0.157950
-0.123984	-0.359500	-0.042530	-0.114182	-0.141391	-0.202513	0.162487	-0.055838	-0.005343	-0.067517	-0.089374	-0.078926	0.140779	0.209753	0.311267	0.193118	0.060239	0.089424	-0.153219	0.495802	0.172653	0.419271	-0.125542	0.164127	0.063260
-0.111682	-0.313739	-0.115932	-0.273181	0.050205	0.211014	-0.251562	-0.090949	0.016625	-0.181594	-0.042491	-0.158459	-0.359383	0.335420	-0.032863	-0.364114	0.222437	-0.047584	0.118099	0.333011	0.036442	0.147303	-0.071653	0.033125	0.202712
-0.115519	0.059489	-0.107706	-0.058126	-0.218980	-0.061600	-0.324296	-0.141137	-0.307437	-0.044778	-0.018437	0.213563	-0.184966	0.262926	-0.102762	0.139046	0.111232	0.301681	0.043336	-0.232792	0.140804	0.271119	-0.209297	0.431532	-0.181063
-0.180456	-0.233358	0.106475	-0.263221	-0.200758	-0.210657	0.122938	-0.214588	0.069388	-0.055951	0.017616	0.314453	-0.395238	0.020730	-0.228622	0.078522	0.081082	-0.239761	-0.056208	-0.120075	-0.022636	0.343115	-0.022536	0.383673	0.129281
0.073124	-0.442133	-0.070724	-0.229999	-0.128872	0.193403	-0.038214	-0.218233	0.073329	0.152694	-0.179441	0.327920	-0.403505	0.146196	-0.193694	-0.132953	0.083034	-0.157023	0.015349	-0.214414	0.002153	0.238606	0.075257	0.283567	0.097942
0.141995	0.078404	0.031600	0.104688	-0.119740	-0.222665	0.060867	0.006064	-0.202690	-0.283341	0.059914	-0.154483	0.139634	0.572372	-0.280292	0.056561	0.075869	-0.244802	-0.076402	0.316289	0.165350	-0.074058	-0.029808	0.257791	0.211313
0.224067	-0.193357	0.045509	-0.126588	-0.145797	-0.191148	0.432553	-0.061197	-0.040894	-0.141442	0.002158	0.121534	-0.342609	0.446194	-0.196246	0.249115	-0.104804	-0.101422	-0.139408	-0.032355	0.245391	-0.000653	-0.135493	0.111743	0.243644
0.125591	-0.065996	0.058273	-0.021188	0.050883	-0.193682	0.137363	-0.226908	-0.098366	-0.189864	-0.141347	0.036274	0.128831	0.421433	-0.039315	0.410047	-0.073453	0.058514	-0.337668	0.465628	0.194579	0.086578	-0.080703	0.201806	-0.049193
0.181582	-0.006252	0.082194	-0.023190	0.154932	-0.217575	0.087208	0.008873	0.174425	-0.368667	-0.451645	-0.024496	0.206719	0.288483	0.164221	0.069455	-0.010712	0.101045	-0.417391	0.207931	0.141434	0.108791	0.021138	0.302452	0.021436
-0.007789	-0.152177	0.252007	0.202991	0.053384	0.018553	0.041639	-0.239845	-0.000919	-0.018952	0.109312	-0.378143	-0.126014	-0.100310	-0.227213	-0.119841	-0.127812	-0.210298	-0.290765	0.375263	0.234787	0.155313	-0.398441	0.190932	0.044721
0.011838	-0.142843	0.153150	-0.159096	0.022234	0.223427	0.054694	-0.251904	0.310188	0.002523	0.033956	-0.512941	-0.261206	-0.053237	-0.061128	-0.060707	-0.004630	-0.251947	-0.317648	0.243498	0.219076	0.277217	-0.023525	0.066792	0.145981
0.280548	-0.148979	-0.177466	-0.038337	-0.332718	0.009131	-0.248940	0.040745	-0.007961	-0.147991	-0.128143	-0.236380	0.267657	0.091797	-0.444281	-0.161579	0.051887	-0.008274	-0.149992	0.433988	-0.033117	0.179036	0.163225	0.030676	-0.139853
0.132766	0.035860	-0.022380	0.232128	-0.201533	0.026713	-0.370797	-0.483336	-0.186310	-0.316133	0.084845	0.031352	-0.040552	0.014627	-0.034273	-0.131618	0.174679	0.014836	-0.048870	0.521198	-0.103773	0.033544	-0.005496	0.153509	0.104033
0.268713	0.186386	0.104127	0.066385	-0.335892	-0.034739	0.174468	-0.029367	0.089352	0.010481	-0.138898	-0.369178	-0.315747	0.122921	-0.301567	-0.181425	0.099408	-0.236477	-0.304664	-0.128695	0.219039	-0.122684	0.131504	0.261084	-0.080363
0.318999	-0.113635	0.144901	0.047619	-0.066528	-0.227398	0.264458	0.117115	0.172777	-0.282283	-0.272994	0.158932	0.009688	0.406749	-0.078747	0.105345	-0.054838	0.044310	-0.338540	0.395004	0.064553	-0.182665	0.046990	0.106033	0.059346
-0.075165	0.019603	0.158640	-0.121894	-0.329023	-0.007622	0.057205	-0.102375	0.138723	-0.210963	-0.034680	-0.137365	-0.191993	0.023622	0.098941	-0.188798	0.247669	0.107881	-0.187413	0.336097	0.619426	-0.005726	-0.103291	-0.009841	0.222821
0.370809	-0.047871	-0.079411	0.130525	0.009134	-0.369253	0.102666	-0.064353	-0.294898	-0.434387	-0.260180	-0.202268	0.080723	0.356928	-0.130861	0.010700	-0.017459	0.051877	0.035383	0.192548	0.077477	0.237240	0.003374	0.207869	-0.059230
0.307542	-0.067384	-0.180246	0.268599	0.245857	0.137181	-0.092988	-0.223013	0.010318	-0.073368	0.019473	-0.081044	-0.330553	0.588568	0.080278	0.079043	0.067285	-0.243679	-0.239260	0.154877	0.006151	-0.075347	-0.064701	0.093609	-0.118271
0.220094	-0.108317	0.121815	0.009389	0.104509	0.448536	0.216188	0.015199	-0.164265	0.038996	-0.401992	0.270642	-0.272674	0.230148	-0.042934	0.081057	0.144787	0.215625	-0.114183	0.207177	0.100382	0.289513	0.052990	0.215572	0.012357
-0.160739	-0.195408	-0.123909	-0.247334	-0.243251	-0.173246	-0.229344	-0.095038	-0.088656	0.375460	-0.231690	0.023684	-0.049551	0.025202	-0.079647	-0.077124	0.092414	0.151267	-0.181520	0.561158	-0.136199	0.168453	0.124157	0.203608	0.084346
0.153702	-0.108186	-0.309178	0.170024	-0.013941	-0.027204	-0.242119	-0.192800	0.088276	-0.149184	-0.220241	0.089939	-0.148459	0.106773	0.069638	0.154510	0.386749	0.042085	0.185080	-0.021771	0.047289	0.453763	0.112161	0.433169	0.014495
-0.090735	-0.193859	-0.076894	0.178391	-0.307712	-0.222030	0.163611	-0.070078	0.244230	-0.269028	0.159865	-0.334842	-0.045706	0.325389	-0.075648	-0.222012	0.088838	-0.314540	-0.191303	0.285057	-0.017607	0.255237	0.082117	-0.072645	-0.077128
-0.108245	0.076801	-0.220682	0.163129	0.338204	0.234956	-0.306932	0.027151	-0.027185	-0.308439	-0.168531	-0.218694	-0.067526	0.365451	0.158339	-0.177479	-0.166782	0.004088	-0.009893	0.124622	0.094116	-0.023406	0.146132	0.387528	0.226616
0.195685	-0.106286	0.155471	-0.119563	-0.439854	-0.081189	-0.056288	-0.146962	-0.290681	-0.279354	-0.144767	-0.006841	-0.114930	-0.141860	-0.052230	-0.058834	0.270344	-0.113800	-0.079261	0.017095	-0.264081	0.331546	-0.151972	0.266622	-0.312408
0.061429	-0.348635	0.212628	0.195635	0.178798	-0.173443	0.222308	-0.195314	0.238868	-0.206290	-0.059222	-0.031415	-0.297724	0.271067	-0.018015	-0.234031	0.108789	-0.041018	-0.027424	-0.130735	0.193950	0.144593	-0.264038	0.290735	-0.275916
-0.327634	-0.315557	0.230219	-0.072687	-0.107660	-0.057489	0.099717	-0.276172	0.078251	-0.232026	0.144566	-0.137506	-0.131254	0.096187	0.057164	0.201940	0.051460	-0.240973	0.195964	0.188181	0.299809	-0.208600	-0.141372	0.362046	0.210709
0.021412	-0.228336	0.089727	0.176965	-0.229001	0.162672	-0.044027	-0.216075	-0.029562	0.151265	-0.134350	0.147860	0.263379	0.314255	0.265661	0.115853	0.018654	-0.154202	0.147096	-0.023466	0.151584	0.103190	-0.225034	0.437774	-0.377479
-0.059021	0.085077	0.052102	0.032649	-0.306131	-0.119125	-0.262068	-0.322740	0.256005	-0.113262	0.084280	0.221124	-0.085166	0.244534	-0.080730	-0.180451	-0.273696	-0.071328	0.095875	-0.236782	0.068314	0.209139	-0.314922	0.410534	0.053649
-0.293242	0.056332	-0.286259	-0.133430	-0.303914	-0.066734	0.182085	-0.122095	-0.021688	-0.322563	-0.001437	-0.295009	0.138861	0.177860	0.226328	0.080699	0.077799	-0.317019	0.121437	0.129673	0.094265	0.188196	-0.200496	0.294474	0.238060
-0.060136	-0.079577	0.123733	-0.131770	-0.401779	0.158655	0.001703	-0.288721	0.128887	0.169282	0.081647	-0.197783	-0.057382	-0.033737	-0.082998	0.052870	0.222064	-0.077703	-0.119412	-0.044383	0.472519	0.284881	-0.128547	0.219893	0.375982
0.131822	-0.316473	0.185266	-0.124079	0.215506	-0.075739	0.038713	-0.123210	0.277718	0.012406	-0.003847	-0.335345	0.133533	0.091156	0.300300	0.015341	-0.256858	-0.055845	-0.223693	-0.061675	0.383955	-0.000681	-0.201160	0.326704	0.200055
-0.261313	0.094906	-0.056071	-0.006496	0.138478	-0.079893	-0.242740	-0.071356	-0.137161	-0.163709	-0.366268	-0.391442	-0.274800	0.189807	0.001930	0.199855	-0.098257	0.081271	-0.190121	0.183800	0.061775	-0.312954	0.131839	0.362761	0.092447
0.001555	-0.026659	-0.173819	-0.177595	-0.046685	0.016603	-0.189251	-0.396344	0.061359	0.093895	-0.085676	0.341175	-0.079873	0.208386	-0.331315	-0.080734	-0.068203	0.078002	0.119067	0.135469	-0.065809	0.499501	0.054572	0.251661	0.276319
-0.223970	0.033456	-0.107362	-0.114737	-0.164356	-0.342448	-0.364438	0.101362	-0.038432	-0.138509	0.028095	0.259021	0.248204	0.320676	-0.052475	0.264047	0.025243	-0.227001	-0.348518	0.114782	0.109144	0.109471	0.054732	0.310508	0.032932
-0.182820	-0.253497	0.010720	-0.003533	-0.022115	-0.213086	0.352757	-0.271852	0.207428	-0.237118	-0.094575	-0.133361	0.181039	0.343010	0.279613	-0.160313	0.087396	-0.300799	-0.024141	0.274680	-0.131669	0.141329	-0.131890	0.215361	-0.049202
0.036338	-0.430317	0.193482	0.151359	-0.259593	-0.095032	0.198502	0.093836	0.086391	-0.423272	0.023464	0.072533	0.147820	-0.006868	-0.229295	0.104011	0.282314	-0.153268	-0.242530	0.239086	0.065714	0.052829	-0.047686	0.306248	0.168704
0.056599	-0.305024	-0.117848	0.013882	0.156261	-0.100469	0.049015	-0.001086	0.241281	-0.055125	0.050421	0.249825	-0.157610	0.138837	-0.456218	-0.140587	-0.069890	-0.164116	-0.203333	0.081275	0.520284	-0.040858	-0.050013	0.278040	-0.150313
-0.249541	0.106955	0.003650	-0.099023	0.142012	-0.227301	0.290295	-0.141245	0.043686	-0.334438	-0.142078	0.040675	0.115859	0.133263	0.211898	-0.190071	-0.004096	0.085523	-0.305619	0.072447	0.462473	0.129330	-0.082503	0.270917	0.275347
0.064792	0.002310	-0.128943	0.262659	0.156083	-0.035659	-0.200043	-0.281339	0.204481	-0.049572	-0.193569	-0.088715	0.039575	0.111418	0.315729	-0.170887	-0.295764	-0.100793	-0.136068	0.288520	0.409201	0.158024	-0.296570	0.195743	0.121744
-0.030795	-0.013083	0.077961	-0.277678	0.156121	0.174254	-0.158080	-0.073332	-0.065538	-0.391490	-0.129248	-0.318023	-0.163695	-0.068339	0.068447	0.275046	-0.122552	0.065731	0.106274	0.187715	0.343016	0.130709	-0.181713	0.420782	0.180818
0.149982	0.057056	-0.109182	0.121132	-0.046660	-0.234157	0.157269	-0.013765	0.150339	-0.468094	-0.301147	0.217425	0.171622	0.292765	0.082166	0.109238	0.073253	-0.113768	-0.112405	0.047907	-0.111688	0.081739	0.031968	0.536716	0.103533
0.125597	-0.086560	0.026919	-0.038627	0.087569	0.006192	-0.110551	-0.195168	-0.049629	0.032330	0.282774	-0.020941	-0.399641	0.191568	0.094428	0.297783	0.127313	-0.391896	-0.051089	-0.036327	0.126914	0.040248	0.002186	0.532561	0.252017
-0.127916	-0.204800	-0.049860	0.079167	0.299653	-0.028633	-0.209926	-0.333435	0.358379	-0.065250	-0.121485	-0.239939	-0.070746	0.027136	0.096528	-0.057664	-0.208780	-0.108748	-0.021651	0.164175	0.409888	0.052423	-0.362436	0.280540	0.004234
-0.094128	0.107695	-0.056590	-0.228022	-0.400140	-0.091099	-0.221964	-0.371410	0.095369	-0.207057	0.172229	-0.160231	0.172178	0.318722	-0.121416	0.173235	0.038961	-0.179515	-0.282824	0.341751	-0.007911	-0.029937	0.100956	0.208384	-0.018270
0.248737	-0.176388	-0.023853	0.244859	-0.074507	0.161970	0.162641	-0.047190	-0.145905	0.191937	-0.114599	-0.265066	-0.318829	0.364223	-0.153513	0.069813	-0.075837	-0.027875	-0.262839	-0.087477	0.034008	-0.363592	-0.088355	0.360593	0.165236
-0.071761	-0.070725	-0.040418	0.252065	-0.136011	-0.162427	-0.158835	-0.152431	-0.049546	-0.233121	-0.189429	-0.175062	-0.086263	0.156282	0.123848	-0.039534	0.388930	0.186253	-0.073444	0.441895	-0.098841	0.375591	0.135889	0.312283	-0.076086
0.144869	0.038708	0.062353	-0.432805	-0.009155	-0.163237	0.218816	0.041189	0.166573	-0.166215	-0.150126	-0.080419	-0.170932	-0.116048	0.124593	0.227114	-0.166752	-0.196832	-0.329430	0.175964	0.301938	0.051692	-0.252829	0.216891	0.324024
0.144637	0.177311	0.042261	-0.112833	-0.072383	0.080442	0.047584	-0.037085	-0.070561	-0.047208	-0.422622	0.089799	0.095161	0.242563	0.168445	0.225323	-0.143590	-0.069088	-0.180836	0.293316	0.576307	0.187299	-0.164585	0.194048	0.027854
0.199101	-0.370522	-0.134885	-0.061456	0.201304	0.025825	-0.207574	-0.103038	-0.095185	0.174848	0.054958	-0.066035	-0.213172	0.503888	-0.090201	0.145968	-0.282377	-0.070946	-0.156164	0.193300	0.169154	-0.180545	0.167183	0.275618	-0.136962
-0.213641	-0.317727	-0.146390	0.055318	0.006763	-0.060568	-0.033004	0.030456	0.162653	-0.237957	-0.215843	0.205631	-0.022939	0.609766	-0.039021	-0.231249	0.103666	0.003148	-0.013696	0.215821	0.096756	0.004502	-0.041251	0.078513	0.386166
0.338142	0.014981	0.024077	0.069397	0.074717	-0.060713	0.318055	-0.033019	0.281738	-0.193058	-0.083560	-0.053603	0.232693	0.164888	0.106253	-0.152370	0.243326	-0.260103	-0.187137	0.351718	0.222253	0.216754	-0.230871	0.260278	-0.152203
0.229168	-0.172651	0.036904	-0.072554	-0.072465	-0.316691	0.084690	-0.070125	-0.071309	-0.235434	0.139049	0.046348	-0.085063	0.192318	-0.113924	-0.089269	0.328588	0.088276	-0.116685	0.494941	-0.002953	0.433422	-0.193779	0.152550	-0.152370
0.395743	-0.220599	-0.113356	-0.143561	-0.227965	0.128921	-0.043872	-0.406362	-0.063693	0.127197	-0.184335	-0.081777	0.127785	0.186089	-0.152343	0.029986	0.239459	0.040969	-0.224214	0.248264	-0.021579	0.090165	-0.258441	0.371929	0.070770
-0.096789	-0.279207	-0.355145	-0.015801	-0.318243	0.068824	0.079023	-0.268624	-0.144073	-0.225503	-0.149798	-0.052640	0.042491	0.421462	-0.233161	-0.093197	0.028409	-0.031663	-0.241079	0.065051	0.054583	-0.051649	-0.406590	0.106119	0.127239
-0.042503	-0.029494	0.049223	-0.023910	-0.157370	-0.040308	0.313108	-0.233523	0.268039	0.095439	-0.076003	0.162363	-0.154531	-0.121395	-0.268048	-0.200728	0.104019	-0.168692	-0.194708	0.246594	0.211610	0.383583	-0.402020	0.244751	-0.009208
0.149165	0.020560	0.138099	0.071534	-0.112085	-0.195163	0.052875	-0.239863	-0.238726	-0.353409	-0.367787	-0.161065	0.231157	0.235685	-0.087830	0.021908	-0.060373	0.018369	-0.152593	0.399018	0.277140	0.184029	0.089273	0.277009	-0.004954
0.396894	0.013896	-0.123354	0.034334	-0.064121	-0.302515	0.193111	0.114626	0.013228	-0.195587	-0.214443	0.000187	0.096422	0.320592	-0.077707	-0.020581	0.129794	0.216098	0.020923	0.149132	0.234502	0.266268	0.129114	0.495686	-0.048873
0.069533	-0.382489	-0.104075	-0.024630	-0.122467	0.073990	-0.234529	-0.321198	0.049068	-0.227346	0.069676	-0.055012	0.260864	-0.092141	-0.078054	0.146133	-0.303262	-0.267395	0.061152	0.190253	-0.000183	0.286299	-0.182584	0.390108	0.148091
-0.055939	-0.115539	0.423096	0.135467	-0.166161	0.036697	-0.071175	0.078558	-0.301173	0.047522	0.017033	0.081643	-0.110017	0.303506	-0.230019	0.287969	0.098675	0.218149	-0.027645	0.297785	-0.070204	0.169209	-0.393230	0.258175	0.066213
-0.050287	0.008840	-0.128391	-0.045824	-0.034649	0.290414	-0.102293	-0.563232	-0.090620	0.103816	-0.033928	-0.382809	-0.027574	0.309018	-0.092795	0.154386	0.156919	-0.084623	-0.167009	-0.037538	0.145722	0.118651	-0.305237	0.200769	-0.200789
0.069185	-0.137673	0.008180	0.296253	-0.086752	0.185284	-0.049663	-0.358459	-0.167888	0.059100	-0.161201	-0.301111	-0.073460	0.278810	-0.184242	-0.206049	0.296364	0.183671	-0.207111	0.155283	0.091599	0.104058	-0.422255	0.147109	-0.003485
-0.180814	-0.010520	-0.304587	0.127143	-0.230217	-0.227521	0.253843	0.000751	-0.176285	-0.354090	-0.042935	-0.103812	-0.026737	0.364209	-0.133575	-0.127319	0.164227	-0.021206	-0.151952	0.361114	0.033277	-0.081150	0.007667	0.401011	-0.055575
-0.011251	-0.107005	0.078450	0.034733	-0.164772	-0.092941	-0.207989	0.036182	-0.140077	0.023058	-0.082690	-0.151427	0.048844	0.664091	-0.191109	-0.146335	0.075611	-0.147750	0.279055	0.322689	-0.041105	-0.006885	-0.217375	0.293697	-0.068212
0.046481	0.068786	0.164726	-0.068903	-0.047206	-0.083918	0.025265	-0.386373	0.144459	-0.279288	-0.296382	0.011898	-0.286519	0.136339	-0.273435	-0.254432	0.079964	0.065675	-0.306196	0.177655	-0.224574	0.063028	-0.196967	0.196186	-0.327536
-0.209795	-0.279116	-0.077322	0.162632	-0.093781	0.287151	-0.049645	0.025153	-0.199917	-0.298731	-0.499711	-0.465151	0.010415	0.084987	-0.043423	-0.049438	-0.112011	0.001483	-0.194797	0.043555	0.024246	0.085781	-0.072875	0.164981	0.226918
0.115124	-0.126087	0.193046	-0.210577	-0.314503	0.022750	0.149943	0.067087	-0.010521	-0.174607	-0.181130	0.041505	0.189962	0.475446	-0.195034	-0.101465	-0.026824	-0.093019	0.020542	0.186867	0.362743	0.200271	-0.041284	0.266816	0.312937
0.173491	-0.247348	-0.140948	-0.053808	0.284646	0.147612	-0.133390	-0.103869	-0.292133	0.230900	-0.228594	0.002911	-0.341589	0.352858	-0.115489	-0.011526	0.109559	-0.137775	-0.429533	0.213811	0.125534	0.103178	-0.053036	0.135942	-0.009241
0.125118	-0.365464	0.136792	0.107350	-0.269982	0.271533	-0.063401	-0.010847	-0.242249	0.249421	0.043995	0.107987	0.013912	0.161107	-0.033284	-0.199714	0.033922	0.243668	-0.210186	0.012020	0.191875	0.104606	-0.043744	0.471460	-0.302257
-0.018897	0.129535	-0.279576	-0.001186	0.030536	0.024077	0.072308	-0.178933	0.128333	0.157141	-0.476751	-0.446873	-0.175837	0.436305	-0.022614	0.012922	0.205453	-0.236587	-0.082776	0.057057	0.165584	0.125775	0.010628	0.152808	-0.029002
-0.163099	-0.246978	0.006693	-0.190998	-0.268689	-0.038597	-0.055694	-0.425592	-0.106675	-0.118837	-0.098133	-0.057779	-0.258487	0.085512	-0.324589	0.328829	-0.144710	0.275683	0.052050	0.159721	-0.181693	0.172281	-0.036277	0.303555	0.102765
-0.243438	-0.145942	0.166942	-0.063703	-0.094731	-0.197176	-0.234650	0.073436	-0.398447	-0.165420	-0.125222	-0.257983	-0.027238	0.200488	0.037076	-0.039584	-0.055251	-0.125398	0.249497	0.193503	-0.082564	-0.040729	-0.203806	0.539920	0.083495
-0.018691	0.198945	0.037889	-0.051612	-0.325568	-0.013251	-0.078574	-0.084758	-0.314242	-0.431003	0.081161	-0.330684	-0.070492	0.044798	-0.220302	-0.135596	-0.039069	-0.040997	-0.178278	0.428240	0.016245	0.196702	-0.216078	0.229236	-0.074325
-0.045045	-0.051162	-0.125904	0.233178	-0.289629	0.002124	-0.075902	-0.456223	-0.302425	-0.369351	-0.071650	0.127490	-0.036422	0.363808	-0.016465	-0.142622	-0.047136	0.071154	0.121794	0.187397	0.022826	0.243156	-0.164025	0.277907	0.052516
0.036760	-0.101316	0.188415	0.139474	0.105561	0.037125	-0.126455	-0.256724	0.061182	-0.069353	-0.020290	-0.286507	-0.156735	0.069149	0.224612	0.256091	-0.087272	0.062457	-0.159532	0.431169	0.102599	0.227964	-0.415044	0.372024	0.080922
0.079662	-0.233293	-0.127543	0.019883	0.211788	0.145339	-0.064447	-0.105303	0.271922	0.012930	-0.146290	-0.285415	-0.164651	0.151796	0.175286	-0.313161	-0.304744	-0.057674	-0.204412	0.335143	0.084693	0.082935	-0.376684	0.105693	0.260796
-0.061336	-0.050246	0.146029	-0.113075	-0.221077	-0.280189	0.214250	0.122163	-0.069474	-0.296812	-0.212561	0.136250	0.108682	0.185962	-0.077846	-0.270723	0.248405	0.141604	-0.120027	0.236101	0.424693	0.225033	-0.050761	0.316099	-0.059792
0.224970	-0.297865	-0.219726	0.015115	-0.039029	-0.016359	0.314961	-0.090601	-0.014462	0.090284	-0.070432	-0.179257	-0.360773	0.233076	-0.023167	0.145453	0.041436	0.108815	-0.201833	0.294216	-0.058967	-0.078214	-0.280985	0.451838	-0.133290
0.003583	-0.112474	0.081139	0.218467	-0.121868	0.184401	0.088158	0.103147	-0.076241	-0.040636	0.052116	-0.117455	0.087003	0.403229	-0.055011	-0.042026	-0.021307	0.261255	-0.059348	0.188964	0.068781	0.073275	-0.451459	0.501626	-0.305524
-0.212378	-0.070756	0.098631	-0.013976	-0.272708	0.363644	-0.002747	-0.337060	-0.143124	-0.036704	-0.188951	-0.131197	0.000231	0.114138	0.033718	0.044643	0.232925	-0.013675	-0.206943	0.078936	0.284739	-0.001345	-0.306946	0.499988	0.007668
0.210771	-0.229478	-0.080994	-0.044516	0.107840	0.183182	-0.174423	-0.300376	-0.150052	-0.171248	-0.329323	-0.332765	-0.128339	0.254475	0.125214	-0.016247	0.074899	-0.012476	-0.260567	0.202723	0.225306	0.073247	-0.115941	0.288410	0.304684
0.012163	-0.215869	0.299201	0.036342	-0.313592	-0.007375	-0.093181	0.191395	0.093831	-0.000388	-0.224719	-0.299573	-0.165589	0.302659	-0.046833	0.226439	0.182590	0.157048	-0.317752	-0.100525	0.221410	0.129616	0.104597	0.387097	-0.038505
0.145082	-0.108200	-0.115417	0.208007	-0.244000	0.098306	-0.000878	-0.243812	0.131996	-0.335797	-0.368265	-0.070847	-0.260102	0.216171	-0.071497	0.042039	0.209747	-0.133380	-0.128102	0.340847	-0.008177	-0.067047	-0.171568	0.393078	-0.083959
0.134751	-0.239235	-0.046799	-0.235671	-0.135058	0.092266	-0.074147	0.025449	-0.227378	0.069863	-0.206969	-0.252955	-0.093988	0.481053	-0.080760	-0.030453	-0.165238	0.087958	-0.226648	0.353898	0.022641	0.019039	-0.311299	0.336379	0.017129
0.166775	-0.120661	-0.358480	-0.066414	-0.323247	0.030774	0.198158	-0.034674	0.195458	0.084507	-0.417349	-0.050915	-0.054568	0.105074	-0.057962	0.085810	-0.011443	-0.082870	-0.265325	0.142973	0.370322	0.207289	-0.072185	0.378728	0.073183
0.064881	-0.025169	0.155957	-0.313421	-0.253882	-0.041327	0.018437	-0.072895	-0.223669	0.244146	-0.349412	-0.159990	-0.065622	0.367746	-0.212322	-0.229954	0.101373	0.007172	-0.156526	0.050355	0.156896	0.213934	-0.303052	0.319248	-0.066731
-0.053315	-0.161985	0.072479	-0.241848	-0.003398	-0.199960	0.100470	-0.210342	-0.386171	-0.141482	0.130811	-0.235280	-0.112291	0.077595	0.039643	-0.173607	0.178293	0.104585	-0.175614	0.518918	0.050088	0.269020	-0.091772	0.303588	0.050741
-0.143748	-0.249279	-0.104662	0.067300	-0.233904	-0.102991	-0.094339	-0.134083	0.126334	-0.101615	0.187007	-0.059293	0.220846	0.122418	0.069657	-0.258769	-0.218558	-0.054172	-0.241185	0.136476	0.417192	-0.043448	-0.306181	0.459038	0.035678
-0.013674	-0.155482	0.261092	-0.032678	-0.245485	-0.315655	0.036391	-0.234515	0.010972	-0.231298	-0.009542	-0.379427	0.006875	0.360998	-0.287205	0.056721	0.040266	-0.189467	-0.040237	0.082454	-0.077742	0.244797	-0.312933	0.113211	-0.231911
-0.048568	0.086045	-0.055704	0.137017	-0.310985	0.224156	0.103373	0.150423	-0.047356	-0.395495	-0.213810	-0.180786	0.051333	0.242351	-0.101677	-0.171774	-0.109380	-0.123864	-0.214713	0.453549	0.187249	0.142793	-0.307424	0.135472	0.048902
0.144574	-0.021340	0.049569	0.051820	-0.050765	0.049420	-0.001926	-0.262565	-0.078801	-0.352660	-0.291440	-0.121208	-0.234941	0.356052	-0.152920	-0.351354	-0.130817	-0.091928	-0.268008	0.073894	-0.006877	0.199365	-0.288543	0.328280	-0.082789
0.159234	0.041038	-0.116122	-0.141857	-0.328010	0.073891	0.106288	-0.471865	-0.043333	0.042415	-0.217333	-0.097133	-0.027844	0.365421	-0.112251	-0.025536	-0.064975	-0.001607	-0.209745	0.232707	-0.096240	0.131321	-0.346207	0.302784	-0.209830
-0.251222	-0.086074	-0.113669	-0.052663	-0.242202	-0.066996	0.106147	-0.082912	0.415954	-0.180679	-0.013216	-0.053546	-0.077436	0.203763	-0.332496	-0.186933	-0.131805	-0.207946	-0.199228	0.085568	0.203929	-0.049320	-0.152981	0.459580	-0.210976
0.047671	-0.002390	-0.042507	-0.016344	-0.048099	-0.162169	0.074942	-0.062077	-0.086132	-0.358378	-0.032305	-0.215078	-0.301358	0.066749	-0.044654	-0.022353	0.284039	0.094961	-0.220977	0.262555	-0.151339	0.567523	-0.225881	0.267951	0.037116
0.090754	-0.226929	0.141121	0.192766	-0.031572	0.044510	-0.323330	-0.054910	-0.123973	-0.181059	-0.058365	-0.225587	0.006227	0.077675	0.423095	-0.257559	-0.199803	0.311126	0.047989	0.257148	0.265459	0.121975	-0.176554	0.300087	0.084103
-0.151839	0.163104	0.029158	-0.076895	-0.021823	-0.247222	-0.161452	-0.232164	-0.036297	-0.242091	-0.199886	0.191582	0.020106	0.396787	-0.176916	-0.119713	-0.100203	-0.167738	-0.041317	0.288620	0.288359	-0.039067	-0.119385	0.446555	0.201079
0.080899	-0.383780	-0.146110	-0.124025	-0.056986	-0.309456	-0.026951	0.045078	0.351651	-0.027508	-0.086415	0.008919	0.026148	0.158517	-0.281181	-0.127615	0.036792	-0.054397	-0.235311	0.145384	0.190444	0.453844	-0.282125	0.227763	0.003629
-0.120497	-0.407232	0.050394	-0.241910	-0.103609	0.209702	-0.111837	0.070802	-0.375965	0.129468	-0.337786	-0.026352	0.001144	0.351564	-0.171743	-0.141744	0.014252	0.010110	-0.156563	0.345422	0.082701	-0.059059	-0.158177	0.162986	0.184975
0.066570	-0.269071	0.128304	0.408833	-0.099356	-0.051870	0.015136	-0.253834	0.001474	-0.045390	-0.270479	-0.287335	-0.090685	0.370229	-0.101551	-0.240159	-0.068078	-0.010908	-0.119401	0.155179	-0.133489	0.011923	-0.216397	0.378069	0.201144
-0.217688	-0.181391	-0.254330	-0.055188	-0.122024	0.373325	-0.068672	-0.137992	-0.061631	-0.175345	0.143827	-0.101571	0.035291	0.345542	-0.346716	-0.158676	-0.066898	0.078481	-0.171994	0.135758	-0.137220	0.252708	-0.131248	0.423072	0.069467
0.084155	0.259475	0.172318	-0.012617	-0.062444	-0.027778	-0.006040	-0.126676	-0.006348	-0.054705	0.029637	0.051417	-0.133262	0.202174	0.113246	-0.147780	0.291443	0.164898	-0.186912	0.357715	0.287385	0.293432	-0.351194	0.326118	-0.318941
0.138327	-0.098815	0.121820	-0.083697	-0.177894	-0.115658	0.031093	0.010661	-0.316518	-0.080394	-0.010601	-0.286774	-0.076106	-0.150810	0.045237	0.047287	0.185709	0.172776	-0.365496	0.283600	0.391753	0.215824	-0.231664	0.373985	-0.096937
0.026576	-0.142212	-0.123600	-0.066832	-0.227346	0.105889	-0.255048	0.045919	0.060715	0.077153	-0.140396	0.016764	-0.078708	0.207974	-0.325483	-0.069375	0.327560	0.058172	-0.259189	-0.045311	0.191715	0.275287	-0.110664	0.545702	-0.192227
-0.053576	-0.175524	0.200595	-0.175860	0.098384	-0.157207	-0.099018	0.062037	-0.290320	-0.120507	-0.140174	-0.018562	-0.263175	0.401400	-0.194693	-0.024814	-0.021821	-0.167198	-0.150346	0.076144	-0.093931	0.055519	-0.095234	0.606357	-0.118014
0.338299	-0.106087	0.098151	-0.037257	-0.107089	-0.133781	-0.051015	-0.162729	-0.137743	-0.373483	-0.165204	0.059128	0.076332	0.543585	-0.183938	0.020818	-0.045941	0.060926	-0.180451	0.162854	0.018688	0.203076	0.154159	0.345627	0.174015
-0.222972	-0.143353	0.138760	-0.196383	-0.261077	-0.165999	-0.053175	-0.458482	-0.027572	0.004646	-0.030630	-0.007220	0.052129	0.252771	-0.284136	-0.098556	0.019596	0.017104	-0.077824	0.324926	0.162111	0.168129	-0.107975	0.266432	0.393488
0.064853	-0.198759	-0.088555	0.227304	-0.176660	-0.137144	-0.095265	-0.340127	0.174056	-0.005473	-0.063632	-0.051146	0.023731	0.133990	0.021236	-0.013882	-0.067383	-0.093866	0.228884	0.232947	0.339261	0.379274	-0.180654	0.501610	-0.051490
-0.036294	-0.303627	-0.121601	-0.258694	0.109660	-0.053215	-0.039857	-0.384854	0.047213	-0.170610	-0.165879	-0.379806	-0.038702	0.011807	-0.044363	-0.154692	0.076257	-0.111109	-0.172568	0.208850	0.407630	-0.103265	-0.313469	0.101868	0.229264
0.102273	-0.127659	0.064553	0.122003	0.001307	-0.147030	-0.123216	0.158390	-0.213972	-0.449369	-0.439534	0.127148	0.166031	0.205882	-0.166065	0.108430	-0.153520	-0.045459	-0.155377	0.219724	0.162223	0.200345	-0.086533	0.317478	-0.230543
0.021790	-0.213614	0.085590	-0.089300	-0.311134	0.190495	0.245573	-0.251946	-0.025637	-0.241568	0.016728	-0.176973	-0.076291	0.177561	-0.255101	-0.029703	-0.078519	-0.133001	-0.300885	0.147915	0.043888	0.125436	-0.406829	0.405371	0.063556
0.150225	-0.114904	0.118932	-0.063461	0.031344	-0.165581	0.019974	-0.201910	0.037824	-0.400133	-0.263798	0.013306	-0.220190	0.331960	-0.216129	-0.016137	-0.120017	-0.051616	-0.388761	0.382834	0.033928	0.288941	-0.113882	0.052344	-0.156277
0.117279	-0.327192	-0.034577	0.146801	-0.073290	0.163864	-0.114431	-0.066688	-0.058145	-0.273653	-0.309957	-0.074766	0.029343	0.276850	-0.180326	0.021969	-0.211350	0.075998	-0.201336	0.136243	0.357725	0.245730	-0.327354	0.300711	-0.144090
0.021504	-0.178261	0.192637	-0.297729	-0.099646	-0.188613	0.300503	0.107846	-0.172460	0.164237	-0.426107	0.076468	0.284412	0.171498	-0.012878	-0.157124	0.246696	0.008514	-0.129615	0.229945	0.136399	0.305437	-0.099203	0.250495	0.013968
0.058040	-0.289983	-0.067077	-0.204087	-0.279412	0.012849	-0.289590	0.033368	-0.204583	0.088663	-0.046159	-0.241950	-0.117100	0.111672	-0.274074	-0.355194	-0.026402	-0.028508	-0.155163	0.137502	0.003818	0.267542	-0.362507	0.076988	-0.334524
-0.050720	-0.010215	-0.241324	-0.181493	-0.172239	0.184256	0.210011	-0.127275	-0.263516	-0.140667	-0.289648	-0.078678	-0.048338	0.274768	0.087116	-0.061838	0.320241	-0.105093	-0.396419	0.121004	0.102441	-0.051129	-0.287861	0.363347	-0.016818
0.146087	-0.130173	-0.123765	-0.091944	0.049593	-0.108339	0.013553	-0.211132	-0.009782	-0.147318	-0.082252	-0.047690	-0.383585	0.475391	-0.069762	-0.046889	0.056373	0.070705	-0.347648	-0.118240	0.133715	0.052840	-0.164623	0.495640	-0.177481
-0.245369	-0.248304	-0.046239	0.147514	-0.160223	0.004212	0.054744	-0.057489	-0.398388	-0.184585	-0.341253	0.107970	-0.067994	0.375569	0.059177	-0.264644	0.113482	-0.023635	-0.123395	0.101768	0.240982	0.125006	-0.026970	0.405739	-0.063801
0.172066	-0.109538	0.040833	0.014196	-0.139091	-0.003133	-0.011782	-0.136679	-0.168758	-0.263453	-0.382286	-0.099931	0.065326	0.404038	-0.279697	-0.087329	-0.168853	0.088878	-0.109541	0.310227	0.307686	0.219823	-0.077784	0.340920	-0.032289
0.059622	0.068789	-0.252338	0.131497	-0.207313	0.078704	-0.140076	-0.174241	-0.030995	0.001383	-0.190018	0.158181	-0.257942	0.324512	0.059671	-0.023487	0.138082	0.140839	-0.358470	0.254378	0.356087	0.133542	0.039957	0.359181	-0.257289
