0.164638	-0.046967	-0.011742	0.066969	0.007291	0.065271	-0.030914	0.169424	-0.012383	-0.080516	0.146582	0.081062	-0.079288	0.120894	-0.014042	0.002704	0.032282	0.116231	0.067901	-0.055532	-0.021420	0.078593	0.221314	-0.043069	0.041815	-0.011353	0.036176	-0.133447	0.137464	0.074887	-0.060142	0.003409	0.180978	0.079460	-0.012367	-0.001188	0.057140	-0.067199	0.019209	-0.110301	0.060811	0.169029	-0.047524	-0.035656	0.036326	-0.074642	0.175571	-0.111764	-0.088478	-0.002426	0.119753	-0.098311	0.034127	-0.091391	0.086584	0.024652	-0.208213	-0.011144	0.198603	0.051320	-0.003556	-0.060296	-0.045338	0.216436	-0.087187	0.056336	0.161416	0.024132	-0.027715	0.087220	0.029083	0.040590	-0.017441	0.054846	-0.133910	-0.072287	0.235987	-0.039415	-0.105931	0.128814	0.235253	0.148654	0.031687	0.173163	-0.113595	0.001789	0.138312	-0.082360	-0.067123	-0.158855	-0.134408	-0.034956	-0.151909	0.007834	-0.081659	-0.140369	0.033977	0.042673	0.052518	-0.054859
-0.046478	0.007842	0.038332	-0.015322	0.282142	-0.072061	0.040247	0.072457	0.086278	0.045873	-0.057551	0.051512	-0.054189	0.064027	0.078117	-0.029231	0.198585	0.129199	0.095572	0.015051	0.052185	0.026431	0.155241	0.039295	0.160962	0.062074	0.008273	0.164422	-0.056822	0.071987	-0.174047	0.071485	0.121981	-0.007702	-0.066153	-0.079448	0.100430	0.004145	-0.033993	0.069877	0.083032	0.055350	0.032127	0.147635	0.002346	0.112897	0.053830	0.001724	-0.135028	-0.009143	0.050388	-0.122518	0.008274	-0.092855	-0.106078	0.087827	-0.064907	-0.035005	-0.055159	0.097853	0.013031	-0.117325	-0.067862	0.127178	0.051925	0.146349	0.042733	0.022836	-0.135539	0.124612	0.078737	0.092863	-0.032082	-0.031591	-0.050466	0.021258	0.111865	-0.148947	-0.384282	0.091727	-0.042014	0.112766	-0.045271	0.047152	-0.063132	-0.005985	-0.119468	0.040953	0.105956	-0.186247	-0.016766	0.091215	-0.185692	-0.131624	0.030136	0.164915	-0.096080	-0.124213	-0.058143	-0.031293
0.069976	-0.154456	0.022712	0.084378	0.002214	0.045705	-0.103154	0.107400	0.306433	0.068517	0.092495	-0.136378	-0.026463	0.041469	-0.138585	-0.030763	0.130958	0.120835	0.055488	-0.021395	0.037793	0.288488	0.091315	-0.129839	0.139813	-0.132960	0.027269	-0.016517	0.012382	0.009134	-0.158005	0.080222	0.149037	0.036425	-0.009233	0.008449	-0.097134	0.095607	0.048298	0.030988	0.008446	-0.081986	0.063357	0.010020	0.098689	-0.035597	0.008997	0.183782	0.052021	0.114038	0.022003	0.014481	-0.059929	0.053005	-0.079432	0.027724	-0.016721	-0.116004	0.037594	0.056608	0.002340	-0.117505	-0.109342	-0.180314	-0.134217	0.248072	0.032494	0.018072	-0.015239	0.028222	0.045393	0.282485	-0.014419	-0.103883	0.014228	-0.054420	-0.023398	-0.041741	-0.207149	-0.048470	0.094549	0.103240	0.020459	0.015801	-0.046434	0.001064	0.068890	-0.054084	0.039167	-0.036947	-0.077525	0.119096	-0.202423	0.022783	0.069176	0.124961	-0.133183	0.042364	0.065271	0.061115
-0.059750	0.002526	-0.036907	-0.033300	0.044838	0.138950	0.091364	0.211825	0.185596	-0.034778	0.041648	-0.078469	0.101681	0.227041	-0.083733	0.016503	-0.156160	-0.093384	0.056989	-0.169395	-0.014928	0.001702	-0.132796	0.017695	0.017614	-0.194478	0.107340	-0.092289	-0.005153	0.203633	-0.053482	0.056458	-0.005687	0.039275	0.089085	0.041825	-0.022171	-0.161590	0.044750	-0.091135	-0.107246	-0.011789	0.011209	0.001647	-0.004217	-0.025381	0.077921	0.162104	-0.021649	-0.119864	-0.041498	-0.065385	0.081639	-0.042821	-0.048706	0.189139	0.043647	0.016196	0.028390	0.079996	-0.096625	-0.015297	-0.109909	0.072846	0.123390	0.089013	0.161145	0.162435	0.038903	0.063427	-0.056809	-0.094426	-0.036371	0.013024	0.277638	-0.086401	0.122440	-0.005396	-0.282581	0.057428	-0.037008	0.097877	-0.108133	0.051209	-0.118080	0.119492	-0.015979	-0.070634	-0.077626	-0.039567	-0.158581	-0.008662	-0.068357	-0.013866	-0.169239	-0.076344	-0.105997	0.000399	-0.014404	-0.035934
-0.090359	-0.051666	0.026612	0.050342	-0.013395	-0.095317	0.067788	0.051499	0.064562	0.128923	0.052630	0.070066	-0.042042	0.225728	-0.024310	-0.136055	0.140773	0.059832	0.105437	-0.102074	0.030714	0.219180	0.053870	-0.038303	0.073652	-0.017240	-0.084867	-0.068277	0.171176	0.045172	-0.059617	0.041605	0.232540	0.104425	0.038765	0.000101	0.028332	-0.098435	0.067782	-0.204962	0.022101	-0.145369	-0.109473	0.041045	-0.010088	0.036906	-0.041670	0.088208	0.017996	0.051946	0.012375	0.072868	0.026021	-0.040890	0.123849	0.062173	0.019886	0.026771	0.027338	-0.141964	-0.066594	-0.034528	-0.057687	0.000897	-0.090546	0.098330	0.154503	-0.032673	-0.090582	0.108502	0.009308	0.115111	-0.104804	-0.001221	0.204446	-0.109870	0.080177	-0.194205	-0.253268	0.068578	-0.119266	0.229251	-0.041804	0.001928	-0.023400	0.050640	-0.208506	-0.107428	0.016483	-0.141042	-0.233555	0.053731	-0.141474	0.015111	-0.017347	-0.040155	-0.007895	0.034435	-0.060259	0.022472
-0.011240	-0.097988	-0.098717	0.005056	0.031160	0.087628	0.115692	0.014482	0.262353	0.049908	-0.101665	0.076002	0.008582	0.232646	-0.117052	-0.076851	0.013613	-0.073448	0.108916	0.045400	-0.051664	-0.022956	0.077414	-0.055341	0.081438	0.105433	0.016852	-0.049451	0.081212	-0.091796	-0.102846	-0.071337	-0.029982	-0.086420	0.101173	-0.192783	-0.079517	-0.034340	-0.041534	-0.165052	-0.016508	-0.062055	-0.015725	-0.082940	0.052402	0.014342	-0.032237	0.138771	-0.022485	-0.000778	-0.054947	-0.093939	0.004368	0.079499	0.077937	0.168457	-0.274169	-0.033115	0.190280	0.029986	0.193525	-0.070017	-0.042605	-0.066634	0.050724	-0.081804	0.112835	-0.037785	0.058568	-0.065641	0.081156	-0.131241	-0.069462	-0.072223	0.144554	-0.065076	0.021354	-0.065089	-0.271222	0.067421	-0.051548	-0.012734	-0.001770	-0.116293	-0.093504	0.147216	0.178175	-0.082397	-0.123422	0.061204	0.003176	0.057089	-0.146453	-0.143011	-0.103503	0.021549	0.013556	0.049896	0.004375	-0.189682
-0.122428	-0.006112	-0.080907	-0.041036	0.007945	0.046382	0.085614	-0.097270	0.040341	-0.061133	-0.004698	-0.130402	-0.029346	0.126565	0.096201	-0.084342	0.026810	-0.123379	0.014885	0.145349	0.095299	0.086573	-0.192441	0.018281	0.025964	-0.023298	0.040526	-0.013974	0.064056	0.057595	-0.050170	-0.010717	-0.037971	-0.013075	0.144731	0.061030	-0.092336	-0.232034	-0.022136	-0.021454	-0.071666	-0.097915	-0.049161	-0.100756	-0.098045	-0.015168	0.034283	0.079497	0.168409	-0.167961	-0.119094	0.007750	0.231958	0.140762	0.081665	0.228705	-0.093757	0.003218	-0.034669	0.128310	0.024101	-0.055321	-0.009597	-0.096329	0.055242	-0.033518	0.168551	0.099868	0.015255	-0.042363	-0.052493	-0.024346	-0.018732	-0.068268	0.202140	-0.064000	0.136530	-0.123636	-0.286635	0.233284	-0.040506	0.104266	0.055170	-0.015497	0.014540	0.026348	0.109796	-0.130609	-0.161838	-0.119519	-0.176804	0.093811	-0.019387	-0.103964	-0.017863	0.079833	-0.018580	0.085152	0.020003	-0.002609
-0.139979	-0.174289	0.044453	-0.066058	0.055031	0.002610	-0.014438	0.161816	0.028658	-0.103611	0.090822	-0.074134	-0.067922	0.184204	0.149318	-0.006882	0.095331	0.107408	0.032453	0.000246	-0.074327	0.071160	-0.104982	0.142552	0.036805	0.052550	0.010675	-0.141396	0.098995	0.141542	-0.229972	-0.040278	0.012871	0.172586	-0.011736	0.038450	0.010751	-0.128337	-0.231344	-0.093225	0.043311	-0.048528	-0.008178	-0.046063	0.037765	-0.066170	0.107765	0.065058	-0.011535	-0.074254	-0.156322	0.036207	0.198737	-0.013121	-0.068224	-0.102376	-0.221629	0.104812	0.043334	-0.063594	0.166593	0.130298	0.082635	-0.006582	-0.002095	0.029138	0.119405	0.074524	-0.115780	0.094635	-0.015119	-0.072217	-0.014069	-0.062149	0.137610	-0.063652	0.104467	-0.085288	-0.131412	0.178862	-0.184070	0.031488	-0.033772	0.047223	-0.105187	0.030801	0.107970	0.100920	-0.075353	-0.100971	-0.047938	0.155824	-0.120642	0.113648	0.009222	0.042013	0.067918	0.039653	-0.028624	-0.140688
-0.001823	-0.025340	0.036651	-0.219134	0.029336	0.004006	-0.026724	0.042494	0.062924	-0.139369	-0.021250	0.037730	-0.027856	0.056671	0.133667	-0.160984	0.029191	0.024201	0.024801	0.045750	0.130876	0.064258	-0.116976	-0.030891	0.142437	0.042435	0.037617	0.097068	0.109355	-0.023549	-0.202499	-0.023037	0.113626	0.098941	0.154691	0.124429	0.046440	-0.081463	-0.017822	0.016186	-0.078662	-0.027861	0.037516	0.057407	0.049350	-0.075332	-0.068609	0.230565	0.039554	-0.174555	-0.136918	-0.033695	0.012191	-0.074454	0.002881	0.146006	-0.068833	-0.021202	-0.033400	-0.038470	0.099409	-0.035115	-0.171547	0.011924	0.075524	0.055065	0.223963	-0.060772	-0.041112	0.177331	-0.051624	0.024784	0.079723	-0.010657	0.026510	-0.025645	0.103552	0.015805	-0.141922	0.188757	-0.085226	0.253909	0.026631	-0.010117	0.083150	0.108167	-0.128072	-0.027123	-0.037899	-0.114379	-0.211202	0.152560	-0.112989	0.035051	0.144580	0.102071	0.143984	-0.104064	-0.162902	-0.048247
-0.242997	-0.036612	-0.000601	-0.059887	-0.024380	-0.035766	-0.008131	0.004480	0.154711	-0.025003	0.092103	0.015545	-0.112725	0.178615	0.086511	-0.097439	0.016761	0.005728	0.075045	-0.052106	0.002607	0.013876	0.065222	0.028716	0.034083	-0.157818	-0.050091	-0.164123	0.064288	0.070491	-0.177999	-0.077069	-0.092921	-0.044122	0.047233	-0.047558	-0.055056	-0.108974	-0.052562	0.132285	-0.261799	-0.171546	0.184203	-0.098307	-0.061130	-0.038739	0.007070	0.172184	0.038746	-0.150041	-0.154532	-0.077674	0.155900	-0.055396	0.029725	0.156441	-0.159293	0.100850	-0.062819	0.003369	-0.064137	0.012772	-0.001325	-0.037163	-0.049681	0.097941	0.061059	-0.069166	-0.028209	-0.035461	0.032057	0.066365	-0.110685	-0.010697	0.123816	0.012131	0.078140	-0.085131	-0.262548	-0.013974	-0.159494	0.187227	0.079552	0.161115	-0.090151	0.151115	-0.051187	0.082957	0.001619	-0.112137	-0.218989	-0.031450	-0.001181	0.030836	-0.001813	0.044187	0.060287	0.018185	-0.011557	-0.065581
-0.168622	-0.009409	-0.122800	-0.126520	0.015409	0.029854	-0.001360	-0.039508	0.080911	0.038539	0.190214	0.092251	-0.095499	0.113365	0.088230	-0.017453	-0.019012	-0.228313	0.145026	-0.082084	0.030018	0.161607	-0.052416	-0.061636	-0.082626	-0.051867	-0.059056	0.073109	0.089333	0.016218	-0.055778	-0.041368	0.087290	0.044287	0.175931	-0.008398	0.035230	0.006898	-0.082568	-0.011366	-0.139977	0.049976	-0.060891	-0.054597	-0.013762	-0.009071	-0.070598	0.170224	-0.024094	0.054312	-0.159214	-0.015147	0.067746	-0.159222	0.022608	0.124385	-0.080335	0.054288	0.008174	-0.036368	-0.063975	-0.108829	-0.070737	-0.104940	0.089222	0.088062	0.090564	-0.029689	-0.130961	0.072142	0.103579	-0.047780	-0.065179	0.051952	0.183981	-0.092721	0.067278	-0.119341	-0.304899	0.168945	-0.074436	0.223076	0.034321	-0.099308	-0.023985	-0.048314	-0.190057	0.070819	-0.042681	-0.196225	-0.143372	0.093263	-0.121609	-0.072809	-0.037700	0.001474	-0.096449	0.115778	-0.002406	0.077600
0.242200	-0.036749	0.027565	-0.023982	0.131910	0.052632	-0.007987	-0.008946	0.233370	0.008557	-0.033454	0.212317	-0.120409	0.133691	-0.150757	-0.062611	0.151033	-0.052698	0.056166	-0.026504	-0.011092	0.063323	0.196480	0.009464	0.030628	0.009435	0.080084	-0.149254	-0.035526	-0.010871	-0.195495	-0.054275	0.132940	-0.025872	0.099419	-0.030039	0.083885	-0.008585	0.043802	-0.203822	0.022355	-0.000722	0.010497	0.026752	-0.093262	-0.079173	0.075764	0.036800	0.015968	-0.141386	0.084130	-0.074330	0.013730	0.136630	0.016087	-0.010467	-0.102303	0.015772	0.191158	-0.022438	0.145804	-0.252818	0.033973	0.157991	-0.160810	-0.028034	0.054746	-0.149014	-0.038961	-0.078600	-0.059772	-0.005340	-0.015852	-0.095561	-0.065723	-0.120995	0.060480	-0.094330	-0.120673	0.010996	0.112108	0.075488	0.123306	-0.001986	-0.067833	0.001123	0.034644	-0.032975	-0.038274	-0.123183	-0.131573	-0.131838	-0.129622	-0.007006	-0.068226	-0.115118	0.117216	0.124242	-0.142229	-0.072509
0.181660	0.038753	0.092016	-0.213494	0.103957	0.046975	-0.102971	0.142261	0.107924	0.119240	0.006481	-0.000686	-0.008504	0.085181	-0.204449	0.066033	0.051661	0.007482	-0.034102	-0.032127	-0.135058	-0.015757	0.233597	-0.091187	0.139413	-0.167578	-0.048601	-0.110799	0.001473	0.137099	-0.155075	0.155747	0.154216	-0.053205	0.066370	0.072743	0.094798	0.050477	0.149343	0.168961	0.073029	-0.122213	0.105289	0.042470	-0.022769	-0.015305	0.038514	-0.012674	0.091207	-0.068643	0.079618	-0.229376	0.054130	-0.120536	-0.007847	0.007691	0.040899	-0.051275	0.095798	0.068217	0.094041	-0.129210	-0.114656	0.149402	-0.108990	0.117891	0.046716	0.079785	-0.150247	0.066772	0.033982	0.062362	0.141980	0.069475	-0.059133	-0.159153	0.026207	0.001576	-0.161496	0.000317	0.066409	0.048074	-0.000399	0.125891	-0.105599	0.001483	-0.068478	-0.039200	0.036085	-0.090679	-0.085168	-0.006099	-0.192036	0.080899	-0.053293	0.052178	-0.078561	0.091024	-0.002259	-0.050002
0.131897	0.022713	0.042337	-0.141197	0.097769	0.063866	0.057011	0.036814	0.107023	0.087831	-0.144148	0.083602	-0.040740	0.102668	-0.084531	-0.077274	0.163246	0.075770	0.066312	-0.009148	-0.082478	0.126629	0.239930	0.093671	0.074158	-0.023092	0.012018	0.176885	-0.013315	0.074290	-0.248165	0.073856	0.221747	0.093963	-0.050303	0.073513	0.045074	0.031816	0.101055	0.069625	0.052122	-0.041705	0.146867	0.137896	0.016399	0.029985	-0.071534	-0.051527	-0.067216	-0.005115	0.037019	-0.081542	-0.066688	-0.050030	0.017322	-0.051512	-0.028827	-0.032748	0.102015	0.066788	0.201324	-0.186380	-0.059914	0.167171	-0.032465	0.001628	-0.042626	-0.031464	-0.073783	-0.036502	-0.016906	0.138286	-0.043385	0.005999	0.028646	-0.200831	0.088487	-0.047332	-0.294328	0.180728	-0.013844	0.015472	-0.000231	0.040474	0.037127	0.182340	0.011837	-0.209915	0.003663	-0.013655	-0.031807	0.060120	-0.185505	-0.087613	-0.071953	0.020260	-0.081932	0.079393	0.011036	-0.022896
0.112884	0.128195	0.028559	-0.073414	0.087296	0.128175	0.124747	0.198939	0.073638	0.053349	-0.097584	-0.006970	-0.022004	-0.029779	-0.089493	-0.016373	0.234051	0.053590	0.091909	-0.050263	-0.085419	0.087951	0.024445	0.027981	0.119046	-0.072548	-0.113100	-0.047877	-0.034723	-0.052714	-0.138928	0.042280	0.225810	0.108951	-0.045318	0.063716	0.087322	-0.090975	0.071807	-0.066557	0.047720	-0.028064	0.079497	0.094393	-0.026067	0.094325	-0.012746	0.013612	0.080280	-0.084780	-0.112440	0.080420	0.002137	-0.060356	0.016827	0.052339	-0.011145	-0.054196	0.009181	0.042381	0.172231	-0.023190	-0.204184	0.282848	-0.003514	0.103242	0.122116	0.006116	-0.235477	0.122108	-0.079648	0.154158	-0.070141	-0.002742	-0.047156	-0.096648	0.043923	-0.109594	-0.212353	0.149637	0.038229	0.162479	-0.052355	0.120825	0.009805	-0.078696	0.017776	-0.093137	-0.037557	-0.018108	-0.020153	-0.101135	-0.129963	-0.060294	-0.209122	0.140622	-0.072274	0.036085	-0.083438	0.001285
-0.076038	0.015699	0.062480	-0.012022	0.143338	0.108122	-0.047364	0.166455	0.105407	0.075361	0.065035	0.029211	-0.073769	0.263143	-0.068660	0.045983	0.079294	-0.157110	-0.006478	0.036694	0.032960	0.132230	0.035667	0.179890	0.157154	-0.057192	0.009065	-0.037084	0.071932	0.154669	-0.160819	0.145350	0.020860	0.047516	0.038163	0.029092	0.047764	-0.089450	0.105632	0.108124	-0.102008	-0.118346	0.064090	0.045537	-0.084437	-0.077946	0.093728	0.099733	-0.079636	-0.124404	0.010446	-0.051393	-0.006792	0.012170	0.073246	0.039440	0.011499	0.140161	0.023254	-0.042828	-0.119746	-0.138124	0.003206	0.028603	-0.113312	0.033530	0.034051	-0.108802	-0.018683	0.068629	-0.067555	0.041209	0.053539	-0.026318	-0.035807	-0.076066	0.004649	-0.121822	-0.309014	0.129573	-0.051609	0.091096	-0.161115	0.177285	-0.188394	0.042882	-0.075043	-0.067234	-0.133703	-0.164646	-0.154932	0.017106	-0.124617	-0.045108	0.013201	0.056184	-0.187656	-0.077168	-0.097338	-0.113275
-0.018623	0.018957	-0.039526	0.078599	0.016691	0.087803	0.021938	0.119941	-0.026365	0.005408	0.086173	-0.089701	0.059313	0.014170	0.066545	0.004547	0.049834	0.109103	0.026438	0.069124	-0.013189	-0.021206	0.038490	-0.028111	0.069421	-0.173408	0.047261	-0.124803	0.188187	-0.074935	-0.133308	0.060334	0.043190	0.187371	0.023911	0.026405	-0.076881	-0.130157	0.066704	0.069953	-0.093909	-0.055515	-0.025199	0.085586	-0.000665	0.060452	0.024588	0.197532	0.029490	-0.203579	-0.020949	0.108440	0.193739	-0.006646	-0.107942	0.043484	-0.192093	0.072016	-0.282269	0.141506	0.125328	-0.110458	-0.278690	0.153899	-0.019023	0.100258	0.103973	0.123110	-0.118102	0.074354	-0.105137	0.082574	-0.080497	0.020675	0.084087	0.062339	0.124132	-0.064576	-0.138985	-0.079833	-0.016104	0.057916	-0.004803	0.008466	0.000267	-0.049802	0.067748	-0.152325	0.061483	-0.084231	-0.178631	-0.041166	-0.008530	0.038864	-0.043688	0.129447	0.044828	-0.222086	-0.083005	-0.048860
0.079416	0.156324	-0.079976	0.055131	0.083141	0.041337	-0.066440	0.089873	0.185518	-0.020306	-0.160134	0.054348	0.028160	0.168667	-0.115073	-0.050400	0.044516	0.017513	-0.007663	-0.162567	0.022388	0.073881	-0.042659	0.002182	-0.027847	0.047001	-0.042460	-0.029787	-0.073092	-0.006245	-0.079271	0.055545	0.079854	0.071056	0.041660	0.153906	0.118673	0.030319	-0.072266	-0.132681	0.161236	0.045784	-0.046832	0.214149	-0.256590	0.037502	0.195941	0.130213	0.110752	-0.091706	0.002180	-0.081618	0.327975	0.040279	0.115328	0.067917	0.012333	-0.091329	-0.015242	0.039969	-0.108912	-0.204908	-0.103284	0.148890	0.076072	0.024830	0.166713	0.033726	-0.137225	0.074567	0.042471	0.079565	0.088929	0.099874	-0.044050	-0.101981	-0.036122	-0.180177	-0.042924	0.119782	-0.051669	-0.013076	0.045846	0.023062	-0.181677	0.096365	0.089420	0.035928	0.001487	-0.027383	-0.074501	0.116632	0.106803	0.012612	0.024846	-0.024588	-0.027822	-0.073311	-0.051541	0.042524
0.056318	-0.268745	-0.049391	0.095264	0.047648	0.093798	0.094730	0.077465	0.122493	-0.093759	0.036930	0.033012	-0.035254	0.072277	-0.026539	-0.176135	0.082652	-0.171664	0.072166	-0.069027	0.147341	0.066022	0.229722	0.172598	0.109320	-0.070384	0.079961	0.016605	0.016496	-0.026177	-0.101860	0.049942	0.127808	0.065706	-0.041918	-0.073519	-0.189427	-0.022148	0.062395	-0.103579	0.145723	-0.001466	-0.038075	0.176396	0.009433	0.075621	-0.059627	-0.114818	-0.038178	0.011464	-0.124191	0.001541	-0.030223	0.071508	0.054200	0.024112	-0.122800	-0.113614	0.097974	0.000458	0.133579	0.063069	0.016627	0.094725	-0.037265	0.054267	0.087247	0.014071	0.016262	-0.086739	-0.122153	0.153572	-0.049020	0.003909	0.059207	-0.111866	0.084766	-0.192280	-0.277179	0.259020	-0.142255	0.063446	-0.038663	-0.066829	-0.113029	0.081638	0.064722	-0.016182	-0.010738	-0.124722	-0.104958	-0.001318	-0.055622	0.024328	0.035288	-0.096412	-0.022411	0.001863	0.092447	-0.104358
-0.019397	0.086225	0.067906	-0.035173	0.128758	0.159276	-0.101235	0.061248	0.117263	0.011593	-0.096636	0.024143	-0.065557	-0.105259	0.016043	-0.019739	0.144317	0.155715	0.179947	-0.018592	-0.008688	-0.064423	-0.015031	0.050443	0.199900	-0.063631	0.039708	0.073878	0.079785	0.150770	0.014603	0.102504	0.156768	0.143059	0.102650	0.034526	0.114293	-0.044574	0.004596	0.125904	0.124793	0.061954	-0.044453	0.193582	0.110598	0.042132	0.027537	0.113180	0.022042	0.051582	0.088903	0.061828	0.051062	-0.089877	0.151811	0.102946	-0.034776	0.100589	0.172920	0.171375	0.112633	-0.209607	-0.029897	-0.049081	0.071683	0.104371	0.096014	0.073901	-0.090453	-0.124588	0.043577	0.012268	0.010579	-0.029863	0.017813	-0.100690	-0.023937	-0.154094	-0.063983	-0.065923	0.006018	0.052951	-0.111190	0.195698	-0.213922	-0.038970	0.111772	-0.067303	0.075601	-0.040967	0.036055	0.024786	-0.160395	0.025991	-0.087189	0.257944	-0.128393	-0.042669	-0.064786	0.014546
0.019449	0.035822	0.071719	-0.110990	0.074854	0.069207	0.114182	0.069612	0.030165	-0.005594	-0.000252	0.078223	0.078971	0.172590	-0.035337	0.007590	0.019490	0.094807	0.030667	-0.040704	-0.013092	0.011074	0.036474	-0.117163	0.113890	-0.002853	-0.056611	-0.088447	-0.010210	-0.086305	-0.225144	0.089027	0.101164	-0.078826	0.101436	-0.094429	0.067431	-0.121402	0.055151	-0.097650	0.049795	0.015673	-0.033841	0.091573	-0.009701	0.087311	0.058436	-0.090338	0.152394	0.007747	-0.051612	-0.076438	0.150536	0.037299	-0.062041	0.056920	-0.087753	0.005726	-0.062720	0.115305	0.164669	-0.089309	-0.065380	0.316605	0.043839	-0.003682	0.034165	0.009122	-0.192434	0.127006	-0.157202	0.000956	0.024381	-0.067092	0.112031	-0.154935	0.126528	0.036665	-0.381473	0.046398	-0.085565	0.017360	-0.061657	-0.029981	0.004526	0.077007	-0.027339	-0.177897	0.122531	-0.202229	-0.055773	0.021311	-0.117548	0.006880	-0.081917	0.117389	-0.029772	-0.146258	-0.060401	-0.077385
0.308541	0.074548	0.087496	-0.097059	0.052853	-0.009279	0.122487	0.146229	0.028271	-0.025668	-0.057505	-0.050150	0.019670	-0.031231	-0.087485	0.086713	0.071408	-0.035513	0.022286	0.081134	-0.089229	0.005299	0.012283	-0.036417	0.015142	0.097520	0.026805	-0.191153	0.058677	-0.094512	-0.068065	0.070152	-0.002089	0.089754	-0.001025	0.007704	0.022928	-0.062462	0.149991	0.157387	0.053958	0.077982	0.147931	0.146168	-0.034349	0.045312	0.059377	0.143410	-0.005595	-0.091018	0.057318	-0.118049	0.187354	0.141777	-0.002358	0.139635	-0.248432	-0.072487	-0.044028	0.155931	0.081821	-0.018660	-0.099664	-0.065573	0.042472	0.046733	0.118186	-0.003179	-0.078396	-0.067132	-0.008239	-0.011099	-0.005130	0.083825	-0.067214	-0.118276	0.170745	-0.068624	-0.260078	0.121637	-0.042928	0.065201	-0.125884	0.106651	-0.059954	0.046747	0.184754	-0.115623	-0.030097	0.009045	-0.064224	-0.093720	-0.120512	0.100507	-0.146015	0.169672	-0.063852	-0.115951	-0.019959	-0.096507
0.080809	-0.079365	-0.133315	0.166914	0.066192	0.042022	0.185045	0.076147	0.080991	0.098738	0.086920	-0.032884	-0.066949	0.031009	0.056907	-0.081969	0.136236	0.013649	-0.010497	-0.021696	-0.085218	0.030136	0.115854	-0.067067	0.119176	0.024802	0.075118	-0.042534	0.034398	-0.023552	-0.246732	0.106304	0.031314	-0.136463	-0.133150	-0.020537	0.173603	-0.003434	0.114394	0.034161	0.032472	-0.004838	0.174367	0.123907	0.110455	0.119053	-0.110082	-0.144383	-0.025575	-0.114097	-0.066340	-0.071891	0.103470	0.074648	-0.040355	0.055474	-0.007562	-0.126765	-0.022542	0.015209	0.074500	0.059288	0.107489	0.090561	-0.039001	-0.036489	-0.018206	0.008493	-0.190642	0.109977	-0.000513	-0.001011	-0.142616	-0.067029	0.147333	-0.132760	0.049079	-0.195230	-0.299442	-0.054529	0.000613	-0.110381	0.017523	0.020900	-0.166814	0.177388	-0.027161	0.099321	0.064972	0.033050	0.013602	-0.034334	-0.014132	0.018423	-0.125560	0.057292	-0.231872	-0.093195	0.015044	-0.119886
0.021046	-0.074746	-0.140046	0.021649	-0.076041	0.074150	0.239127	0.054604	0.026048	-0.051539	-0.065472	-0.129019	0.143854	-0.052532	0.132951	0.194423	0.086489	-0.110346	-0.114922	0.064816	-0.016503	-0.230859	0.088927	0.018145	-0.005847	0.142774	-0.034701	0.020850	-0.123398	0.073469	-0.032442	-0.021341	-0.036966	-0.148415	0.089847	0.134774	-0.071351	-0.068450	0.083642	0.100414	-0.055010	0.007692	0.047491	0.093619	-0.090052	0.186311	0.118388	-0.096975	0.026415	-0.110485	-0.022134	-0.150650	0.008217	-0.055085	-0.111381	-0.023715	-0.126178	-0.024409	-0.098509	0.079563	0.155172	0.023167	-0.090566	0.055972	-0.055843	0.032525	0.139304	-0.032954	-0.307796	0.179213	-0.199630	-0.027490	0.020727	0.049857	-0.051210	0.086549	0.011697	-0.107061	0.037995	-0.109124	0.111571	0.049289	-0.168953	0.135239	-0.076497	-0.066599	0.099294	0.100293	-0.115379	-0.011961	-0.049460	-0.035867	0.134225	-0.035873	0.047121	-0.098886	0.046770	-0.003335	-0.053927	-0.055407
-0.083229	-0.101312	-0.048006	0.138413	-0.190689	-0.039580	0.164372	0.089147	0.047754	-0.035109	0.021264	0.054027	0.107866	0.096430	-0.051714	0.034525	-0.047248	0.047491	-0.015584	-0.208780	-0.031183	-0.096277	0.089355	-0.046915	0.129585	0.106757	-0.007334	-0.041587	-0.021010	-0.030952	-0.201422	-0.047435	-0.061047	-0.290459	0.031044	0.034496	-0.071255	0.026858	-0.047891	0.083181	-0.247160	-0.093909	-0.046955	0.119883	-0.062182	0.134727	0.125778	0.097372	-0.010206	-0.086785	-0.095866	-0.200301	-0.102105	0.073635	0.014577	0.148186	-0.190755	-0.079031	0.059670	-0.072288	0.050772	0.133740	-0.036300	0.183784	-0.004528	0.117656	0.010276	0.053596	-0.175255	0.079177	0.063130	-0.164106	-0.053486	-0.032664	0.132768	-0.020508	0.015661	-0.101329	-0.049341	0.045380	0.049408	0.092621	0.026397	0.134070	-0.026223	0.010958	0.125930	0.083014	0.012549	0.107724	-0.019161	-0.088264	0.088431	-0.077976	-0.003908	-0.048896	-0.059338	0.202008	0.005763	-0.131390
0.085491	-0.054214	-0.004683	0.016060	-0.011512	0.029871	0.057916	0.075060	0.117523	-0.030470	0.051816	0.056684	-0.085831	0.091627	-0.229266	0.168148	0.269304	0.099327	0.005768	0.054835	-0.005412	0.048474	0.146616	0.066122	0.083249	0.017962	-0.104995	-0.083313	0.010651	0.002966	-0.156513	0.060975	0.031415	0.037599	-0.020725	0.093752	-0.007804	-0.015526	0.116107	-0.009619	0.016863	-0.118558	0.193174	-0.046809	-0.171075	-0.022694	-0.098434	-0.093576	0.147367	-0.060070	0.008350	-0.010984	0.101434	0.008685	0.027011	-0.142991	-0.156251	0.015377	0.169473	-0.012428	-0.063851	-0.153108	-0.047107	0.160382	-0.075800	0.039220	0.097703	-0.033281	-0.060199	0.028693	0.063337	0.064610	0.074443	-0.099228	-0.083656	-0.082513	-0.006130	-0.002400	0.081807	0.144006	0.216485	0.171310	0.113295	0.196164	-0.146483	-0.044563	0.094860	0.026055	-0.003144	-0.123580	-0.295050	-0.007241	-0.196553	0.060683	0.023403	0.015179	0.039247	-0.042438	-0.066205	-0.016776
0.069843	-0.054879	0.044870	-0.007562	0.262389	0.088200	-0.067528	0.027674	0.127105	-0.069653	0.036676	-0.089727	0.009615	0.244235	-0.129267	-0.011891	0.095989	0.125213	-0.023064	-0.243870	-0.033882	0.211107	0.015241	0.093022	0.022342	0.052994	-0.064542	-0.085347	0.043031	-0.104418	-0.157268	0.001113	0.179602	-0.020048	0.080513	-0.059941	0.043792	0.069795	0.097762	-0.241749	0.077584	0.046782	-0.111795	0.008778	-0.178861	0.076783	0.061329	0.018971	0.021955	-0.064955	0.027048	-0.031048	0.196102	-0.031240	0.103285	-0.010404	-0.183954	-0.027667	0.104391	0.031588	0.134869	-0.090501	-0.082008	0.069676	0.067541	0.117842	0.120832	0.058826	0.066579	0.011369	-0.118025	0.034712	0.110500	0.010350	-0.049852	0.072611	-0.017007	-0.065596	0.018759	0.016679	-0.001227	0.068872	-0.008980	0.203742	-0.101823	-0.052251	-0.006779	0.022990	0.066500	-0.167843	-0.117269	-0.173805	0.068791	0.157236	-0.041583	0.022322	0.170128	0.014458	0.069431	0.065157
-0.157800	0.114589	0.104449	0.086048	0.025441	0.153292	0.145993	0.198334	0.171521	-0.053190	-0.067488	-0.144569	-0.051763	0.295520	0.021443	0.068450	-0.061317	-0.116221	0.039164	0.010770	0.110852	-0.055408	-0.190880	0.169238	0.165935	0.022303	-0.077562	0.135809	-0.096502	0.111975	-0.137678	0.017481	-0.039531	-0.004655	0.103689	-0.056278	-0.071435	0.059178	0.086824	0.194173	0.026622	-0.021513	0.078730	0.028445	0.045797	-0.039700	0.057211	0.113753	0.090361	-0.043648	-0.037402	-0.087823	0.155354	-0.065277	0.005390	0.030501	0.140911	-0.110743	-0.101124	0.087046	0.046847	0.008993	-0.046829	-0.001626	0.021098	0.025952	0.092572	-0.008430	-0.153181	0.041905	-0.121218	0.118121	-0.009305	-0.047691	-0.107663	-0.207953	0.011401	0.032132	-0.225627	0.072843	-0.044975	-0.086709	-0.114282	0.036689	-0.070018	-0.049748	0.023567	-0.010370	-0.067384	0.088184	-0.035070	0.176605	-0.044911	0.056514	0.067399	0.109920	-0.165135	0.057639	0.044687	-0.057876
0.107051	0.024436	-0.001377	0.046900	-0.116842	0.238906	0.120742	-0.011538	0.032374	0.066738	0.090457	0.112798	0.029430	0.209848	-0.093622	-0.066671	-0.045700	-0.101323	0.044258	-0.122255	0.116828	0.116027	-0.156152	-0.006116	0.110720	0.076909	-0.004070	-0.069034	0.105016	-0.020145	0.097018	-0.018369	0.078491	-0.127931	0.113138	0.014082	-0.023009	-0.048426	0.204450	0.038987	-0.001684	-0.120843	0.033935	0.069082	0.096199	0.027613	0.066045	0.214932	0.111212	-0.198158	-0.056404	-0.105189	0.022994	0.023305	0.152096	0.025548	0.035514	-0.013439	-0.059721	-0.125094	0.054647	-0.070136	0.001589	0.009820	-0.032020	0.065832	0.111577	-0.053492	-0.285683	0.182467	-0.155881	0.045454	0.079266	0.001661	0.026255	-0.029103	-0.063693	-0.108280	-0.176997	0.073272	0.170936	-0.002731	-0.045728	0.033949	-0.220451	0.004991	-0.055840	0.027028	0.002224	-0.074552	-0.242720	-0.010590	-0.001472	0.006667	0.003274	0.075290	0.121068	0.055928	-0.114376	0.016049
0.064093	0.025596	0.029256	-0.032351	-0.021920	0.070543	0.148298	0.065150	0.092881	0.031698	0.064735	-0.045877	-0.071477	0.156453	-0.009579	0.042888	-0.035392	-0.033875	0.035672	-0.011427	0.088995	0.268657	-0.110513	0.098341	-0.022198	0.020781	0.041037	-0.224199	0.091222	0.178272	0.045877	0.071887	-0.030238	0.023652	-0.139413	-0.049244	-0.132670	-0.141928	0.191031	-0.057479	-0.170096	-0.043040	0.041183	-0.109946	0.031139	-0.136952	0.188862	0.142738	0.074159	-0.138303	0.007990	0.013675	0.225248	0.012807	0.054943	0.161489	-0.062512	0.024306	0.044143	-0.064119	-0.097910	-0.023370	-0.071644	-0.041428	-0.029925	0.127209	0.041858	0.095633	-0.000070	0.016358	-0.074761	0.108949	-0.056772	-0.213895	0.038548	0.030249	0.121207	-0.101439	-0.180562	0.293813	-0.082932	-0.037986	-0.023047	0.026186	-0.054177	-0.066339	-0.111516	-0.002737	-0.173027	-0.000607	-0.160506	-0.019556	-0.060842	0.026365	-0.090157	0.065456	-0.075486	-0.004206	-0.074525	0.008114
0.053554	0.095840	0.043462	0.125032	0.033264	0.011829	0.016105	-0.035308	0.166394	-0.058995	-0.001745	-0.038979	0.114978	-0.007881	-0.099060	-0.016188	0.000086	0.005969	0.029475	0.066123	-0.131010	-0.072843	0.029498	-0.017745	0.044181	0.002980	0.025894	0.023415	0.154510	0.240130	0.009885	-0.096320	0.139591	0.032000	-0.036367	-0.113006	0.187353	0.065784	-0.002250	-0.109428	0.042617	0.148414	0.163526	-0.051478	-0.121591	0.111261	0.067887	-0.063440	0.118890	-0.024248	0.200381	-0.172294	-0.048168	-0.040121	0.216859	0.027202	-0.212233	0.095184	0.121103	0.078728	0.120572	-0.206431	0.011717	0.051204	0.018332	0.040328	0.099011	0.043581	-0.009101	-0.035960	0.036400	0.072160	0.020414	-0.039999	-0.024772	-0.102142	0.039297	0.052844	0.144836	0.238075	0.163769	-0.038080	0.053454	0.204008	0.031459	-0.232802	0.014153	0.014766	0.065131	-0.064920	0.013781	-0.022057	-0.030681	-0.170817	0.060089	-0.112259	0.101162	0.010899	0.087841	0.154634
-0.034789	0.148945	-0.057933	0.110026	-0.142981	0.139983	0.140277	0.025054	0.064722	-0.115149	0.059846	-0.101374	0.037968	0.051632	0.155781	0.044971	0.129412	-0.261986	-0.083966	-0.032548	0.067105	-0.112546	0.028033	0.093046	-0.013442	0.076747	-0.058105	0.190076	0.145576	0.194771	0.161281	0.003728	-0.061498	-0.040149	0.049132	0.077442	-0.039501	-0.103968	0.052959	0.084277	-0.165946	0.012630	0.089730	-0.097709	0.060874	0.106797	0.132066	-0.024687	0.036289	-0.058050	-0.151437	-0.093187	0.148246	-0.180306	0.123195	-0.111090	-0.100534	-0.108879	0.018361	-0.090747	0.132507	0.047172	-0.015656	-0.138679	0.060664	0.057457	-0.019812	-0.053976	-0.146235	-0.053968	-0.039127	-0.082071	-0.034865	-0.023864	0.233076	-0.121246	-0.133914	-0.057150	0.060420	-0.034064	-0.092889	0.028599	-0.102628	0.107380	0.072758	-0.012194	-0.037323	-0.035561	-0.155476	-0.023244	-0.128089	0.073288	0.054934	0.023655	0.137659	-0.046333	0.043979	0.167480	0.011288	-0.071131
-0.126718	-0.085897	0.016398	0.115350	-0.118099	-0.044570	0.024857	-0.193837	0.121848	-0.099228	0.015413	0.086357	-0.000203	0.163123	0.051982	-0.058474	0.000253	-0.031475	-0.035664	-0.051010	0.077166	-0.012504	-0.030025	-0.004502	-0.020437	0.177285	-0.105018	0.237065	0.181576	0.147112	0.049508	-0.183115	-0.047051	0.106700	0.212602	-0.029548	-0.021340	-0.047618	-0.026766	0.029499	-0.138924	-0.008145	0.076616	0.001856	0.081145	0.131646	0.082037	0.201109	0.017253	0.077938	0.004605	-0.024871	-0.105845	-0.076304	0.033801	-0.106954	-0.022007	0.177146	-0.015123	-0.106793	-0.031091	-0.035010	0.069725	-0.082579	0.125247	-0.030736	-0.005654	0.002931	-0.250282	-0.013873	-0.082558	0.014973	-0.123568	-0.119300	0.246050	-0.015580	-0.097125	-0.148191	-0.135455	0.132441	0.000553	0.021479	-0.024047	0.016234	0.012264	-0.039698	0.045352	0.028236	-0.009382	-0.183367	0.028861	0.036967	0.136850	0.021259	0.035885	-0.069710	0.002334	0.197767	0.096505	-0.167965
0.171922	0.102789	0.265979	-0.084618	-0.027862	0.049618	-0.051542	0.019095	0.012203	-0.077832	0.058003	-0.087255	0.128774	0.201489	0.048075	-0.022480	0.050108	0.051730	0.019979	0.112570	0.001212	-0.066160	0.080241	0.049848	0.084735	-0.038825	-0.094807	-0.085411	0.109411	-0.028592	-0.119277	0.069079	0.051249	0.113533	-0.147331	0.058184	-0.022879	-0.160827	0.194823	0.235202	0.018281	-0.004906	0.092418	0.034343	0.194299	0.095188	0.154652	0.202500	0.064486	0.023244	0.025071	-0.085590	-0.032275	0.089253	-0.014983	0.095861	-0.011937	0.005346	-0.109754	0.111479	0.080901	-0.110379	-0.030122	0.090486	-0.170183	0.061954	0.045939	0.225575	-0.023929	0.039471	0.062142	0.232343	-0.006056	0.092620	-0.027765	-0.141470	0.013740	-0.095318	-0.178727	-0.004952	0.058472	-0.124311	-0.104091	0.161018	-0.007736	0.044136	0.098441	-0.065098	0.023672	0.089148	0.070606	0.110791	0.037821	0.051194	0.036327	-0.006474	-0.039038	-0.130646	0.081496	0.013628
0.315361	-0.048173	0.076605	0.008855	-0.244372	0.003294	0.074615	-0.023763	0.065659	-0.136778	-0.078478	0.068520	0.189127	0.036079	0.020517	0.120063	-0.062581	-0.123088	-0.023948	0.099550	0.020919	0.025973	0.112448	-0.061774	-0.018920	0.052931	0.101813	0.115682	0.014573	0.100481	-0.018303	-0.022736	-0.031437	-0.022626	-0.082804	0.048516	-0.073883	-0.179525	0.168875	0.116221	0.038318	-0.046593	0.012906	0.057741	0.007134	-0.061484	0.037417	0.195640	0.107924	-0.192883	0.087354	-0.148308	0.045151	0.112352	-0.116355	0.009157	-0.134601	0.089360	0.078495	0.002545	0.071260	0.092213	0.076005	-0.052400	0.053196	0.129616	-0.067016	0.018201	-0.020107	0.023694	0.031262	-0.079089	-0.061410	0.030271	0.029759	-0.176491	0.006882	-0.073712	0.033694	-0.070299	0.191823	-0.149318	-0.350553	-0.004830	-0.090044	-0.033216	0.132284	-0.105562	0.028324	0.047209	0.005168	0.055972	-0.096781	-0.074918	0.021486	-0.076708	0.101878	0.093194	0.060704	-0.046795
0.033894	0.146166	-0.121436	0.010309	0.148797	0.185572	0.002234	-0.111278	0.087208	-0.204007	-0.116215	0.136477	0.023863	-0.028876	0.089345	0.032613	0.132503	-0.030466	0.085392	0.104046	0.092420	0.056680	0.010602	0.076142	0.078437	0.014406	0.003987	-0.041136	0.050744	0.041969	-0.102439	0.015974	0.120507	0.086709	0.141019	0.022455	0.102890	0.023300	0.094503	-0.170391	0.091507	0.199209	-0.018457	-0.070211	-0.109294	-0.061664	0.060541	-0.125749	-0.040870	-0.138091	0.029116	0.030434	0.073955	0.049492	-0.035638	-0.031522	0.068414	0.141567	0.063561	0.107285	0.210479	-0.169837	0.019791	0.069133	-0.057459	-0.119041	0.079930	0.010003	-0.091420	-0.045079	-0.116403	-0.019357	-0.091569	-0.225792	0.107615	0.121506	0.077188	-0.172622	-0.150999	0.119890	0.160007	0.136527	-0.009183	0.018282	-0.043501	0.020338	0.107178	-0.001830	-0.122051	-0.062128	-0.174219	-0.023454	-0.148833	-0.024381	-0.084629	-0.102540	0.122872	0.128318	-0.005578	-0.077667
-0.218029	-0.042896	0.056684	0.076558	-0.038036	0.063543	0.019097	0.083674	-0.053116	-0.008493	0.024424	0.048801	-0.195295	0.220095	0.033381	-0.016934	0.099731	0.121465	-0.055851	-0.141261	0.122153	0.055419	0.064649	0.000456	0.044258	0.049548	-0.154067	0.130981	0.059593	-0.097692	0.171204	-0.082799	0.004717	-0.090567	0.064817	-0.206985	0.155831	-0.023758	0.096265	0.043916	0.084403	-0.180949	0.029412	0.013324	0.042855	0.031675	-0.000037	-0.125183	0.014874	0.010030	-0.057547	-0.001939	0.058657	0.051383	-0.062999	0.054258	-0.106964	-0.153432	0.008757	0.147214	0.065266	0.004863	-0.006511	0.014275	0.036597	0.051866	0.177373	0.185032	0.026773	-0.038785	0.123528	0.204983	-0.042522	0.005168	0.158666	-0.131674	0.080367	-0.124118	-0.147332	-0.029043	-0.246458	0.068938	-0.105284	-0.101006	-0.060507	-0.057040	0.013880	-0.147960	0.041278	0.005235	-0.202855	0.033947	-0.088123	-0.041833	0.108668	0.085147	0.062847	-0.043118	0.127712	0.114940
-0.144231	-0.081777	0.023310	-0.029444	-0.046909	-0.015530	0.112943	-0.032850	0.024717	0.065262	0.101721	0.004969	-0.167273	0.220556	-0.003876	0.089703	0.151697	0.158922	0.075224	-0.059965	0.254374	-0.174932	0.047507	0.032684	0.000033	0.192980	-0.012576	-0.124240	-0.104983	-0.009742	0.098666	0.069359	-0.120943	-0.181129	0.025512	-0.112558	0.015157	-0.092006	-0.028375	0.021991	0.025487	-0.086164	-0.010841	0.072239	0.113506	0.058474	0.155373	-0.006243	0.098322	-0.082366	0.051361	-0.047256	-0.058719	0.084770	-0.068895	0.110657	-0.020692	-0.141197	0.041445	-0.021866	0.074871	-0.105176	-0.069411	0.024514	0.021754	-0.126288	0.186106	0.123697	-0.011496	-0.017811	-0.057568	0.131774	-0.077003	-0.129904	0.113805	-0.051011	-0.058605	-0.214737	-0.144953	0.072249	-0.105995	-0.089443	-0.014754	0.025641	-0.259847	-0.063802	0.107667	0.026063	0.140129	-0.069408	-0.022500	-0.020008	0.160686	0.004345	0.143222	0.035253	-0.093376	-0.043160	-0.011092	-0.112969
-0.136122	0.048728	0.075213	0.212424	0.000438	0.109944	0.052114	0.077353	-0.042330	0.121634	0.057183	0.141870	-0.137484	0.201735	0.072992	-0.011889	0.158350	-0.014623	-0.083394	-0.091877	0.008575	0.104498	0.067478	0.009023	-0.075958	0.072009	-0.090984	0.001820	0.062722	-0.090601	0.067010	0.076525	0.034905	0.002555	0.058982	-0.087654	0.067457	-0.198039	0.021794	-0.211274	0.027057	0.128950	-0.173817	0.064407	0.035396	0.101579	0.088483	-0.084344	-0.058582	0.001424	-0.035718	-0.067117	0.058698	0.101357	-0.067171	0.085839	-0.059078	-0.039542	-0.153593	0.126419	0.070283	-0.010876	0.032979	0.078617	-0.084750	0.104657	0.146650	0.125527	0.075053	-0.044838	-0.023174	0.215132	-0.126412	-0.103761	0.153893	-0.122247	0.079832	-0.266161	-0.140498	-0.005128	-0.043359	-0.056403	-0.060782	-0.157510	-0.024722	-0.013985	0.026157	-0.102051	-0.042144	-0.057845	-0.197952	-0.085741	-0.095192	-0.023755	0.119667	-0.000963	-0.035987	-0.133862	0.115536	0.085527
-0.028126	-0.032092	0.000308	-0.082010	0.131639	-0.147330	0.037194	-0.040447	0.198791	0.003235	0.016102	-0.062564	-0.113072	0.158692	0.027154	0.115309	0.110643	-0.056995	0.030931	-0.101043	-0.055551	-0.046073	-0.092128	-0.011641	0.079593	-0.092264	-0.009526	-0.047171	-0.012495	-0.027306	-0.241181	0.047083	0.167443	-0.053105	0.075708	0.071205	0.084051	-0.244651	-0.037624	-0.007199	0.198589	-0.096309	0.041443	0.054900	-0.039114	-0.051629	0.177610	0.101134	0.096792	-0.174522	0.031319	0.027513	0.334700	0.063967	0.010398	-0.008841	-0.090001	0.090425	0.068065	0.099634	0.011691	-0.239859	-0.059187	0.005095	-0.004804	0.127899	0.120100	-0.026230	-0.114918	-0.019528	0.132188	-0.016022	-0.081227	-0.027311	0.044953	0.006818	-0.100839	0.006474	-0.151054	-0.053213	-0.060497	0.031753	-0.030491	0.010113	-0.066059	-0.280036	0.088382	0.095936	0.022855	-0.126407	-0.077399	0.025866	0.009742	-0.019318	-0.082722	-0.012130	0.094098	-0.130335	0.039777	0.061424
-0.042215	-0.093708	-0.078797	0.139161	-0.026999	0.077211	0.196850	-0.122511	0.094514	0.014579	0.042463	-0.034053	-0.181839	0.063921	-0.006521	0.061969	-0.025577	0.040965	-0.062254	-0.089532	-0.077155	0.001428	0.086149	0.095418	0.050890	0.070373	0.063281	-0.128533	-0.046123	-0.048375	-0.096906	0.089012	-0.000317	0.042117	0.129546	-0.010771	-0.115281	-0.065887	0.079933	0.001032	0.146758	-0.123413	0.046750	0.263939	-0.060723	0.053899	0.087920	-0.002134	0.058023	0.032767	0.172424	0.024469	0.177130	-0.017638	0.065525	0.012297	-0.210549	0.004024	0.020103	0.085888	0.058175	-0.223183	-0.107601	0.178899	0.006536	0.127018	0.052267	0.105633	-0.067296	0.057446	0.023952	0.065426	-0.002308	-0.122736	0.158019	-0.015019	-0.162328	-0.256225	-0.070553	-0.126921	-0.015787	0.003434	-0.041067	-0.002641	-0.208220	-0.062604	0.022458	-0.103105	0.047252	-0.180355	0.015652	-0.078223	0.160551	-0.019547	-0.101898	-0.033272	0.069775	-0.180702	-0.060238	0.043375
-0.010209	0.101192	0.002140	0.065964	-0.196395	-0.121759	0.196451	0.082096	0.218388	-0.037866	-0.040374	-0.015792	0.066318	0.056719	-0.148773	-0.036182	0.067880	-0.148456	-0.030152	0.081935	-0.070675	0.203217	-0.092195	0.112817	-0.038684	0.022871	0.028718	-0.178359	0.082655	0.125120	-0.092537	0.130972	-0.028119	0.024249	0.156170	-0.068696	-0.099406	0.048442	0.098757	-0.109952	0.006926	-0.069698	0.020939	0.008024	-0.093316	-0.017081	-0.052869	0.078496	0.013580	-0.092674	-0.090354	-0.159752	0.033563	0.144855	0.068057	0.056154	-0.272411	0.103406	0.045777	0.009471	0.031446	-0.032112	-0.060300	0.205022	-0.155808	0.022073	0.167939	0.003566	0.002282	0.100288	-0.107433	0.067697	-0.050603	-0.091824	0.080547	-0.233658	0.048397	-0.212918	-0.044754	-0.058790	0.020493	0.025062	-0.011393	-0.002389	-0.139984	0.011439	0.049008	0.086639	-0.013480	0.070181	-0.113964	-0.000267	-0.036259	-0.089539	-0.047877	-0.068851	0.093452	-0.128959	-0.103063	-0.138438
-0.088442	-0.066342	-0.036171	0.062663	0.090188	-0.012184	0.057298	0.146291	0.063916	0.039111	-0.100837	-0.102110	-0.043886	0.066938	-0.069005	0.029023	0.197756	0.146506	0.019428	-0.222916	-0.008728	-0.010765	0.024382	0.019257	0.139542	-0.044739	0.068914	-0.054277	0.071485	-0.091181	-0.167373	-0.028365	0.034235	0.005921	0.026582	0.119777	0.122941	-0.069952	0.042751	0.028561	0.009438	-0.141589	-0.205419	-0.016450	-0.036594	0.179144	0.113272	-0.025182	0.050775	-0.184123	-0.166045	-0.120266	0.189679	-0.021971	0.211133	-0.001560	-0.126023	0.034069	0.113244	-0.025038	0.196873	-0.155514	-0.053789	0.042707	-0.043140	0.204209	-0.012319	0.005578	-0.023086	0.040041	-0.076608	0.035435	0.127285	0.030031	0.122100	-0.043190	0.173526	-0.047447	-0.024428	0.035226	0.110098	0.199840	0.044784	0.166989	0.102983	0.123068	-0.026466	0.130149	-0.005138	-0.111696	0.063858	-0.053582	-0.002415	-0.004922	0.100964	-0.030210	0.169598	-0.022535	-0.038207	0.119513
0.129702	-0.074740	-0.133863	-0.186400	0.069333	-0.003106	0.013650	0.113012	0.110183	-0.052841	-0.042578	-0.007848	0.007516	0.014222	-0.157509	-0.012819	0.142073	0.090218	0.211325	-0.069019	0.067474	-0.035348	0.179844	-0.000344	0.169225	-0.021211	0.079919	-0.067442	0.070427	0.129989	-0.080750	0.024462	0.111952	0.010287	0.043522	0.016575	0.086541	-0.050587	0.172176	-0.026268	0.004108	0.038653	0.053965	-0.062777	-0.019077	0.025571	0.021297	0.132944	-0.054839	-0.111839	0.081292	-0.129218	0.076929	-0.002068	0.059509	0.020904	-0.092725	-0.077872	0.109279	0.038618	0.084240	-0.118747	-0.075969	0.156516	-0.032032	0.147172	0.066272	0.145459	0.004685	-0.010473	-0.194816	0.160385	0.016916	0.087490	-0.043512	-0.059801	0.102113	0.076937	-0.144746	0.179435	0.232697	0.161887	0.134519	0.048352	-0.011654	0.086748	0.033673	-0.004319	0.013809	-0.009089	-0.080350	-0.141810	-0.193642	0.011371	0.042406	-0.054753	0.063448	0.176028	0.095279	-0.226577
0.134915	0.072659	-0.134435	-0.159870	0.099507	0.099686	0.032461	0.052544	0.209901	0.039883	0.136299	0.126394	-0.134318	-0.108843	-0.147977	0.004393	0.102911	-0.061116	0.133704	-0.011737	-0.005548	0.149387	0.241188	0.024226	0.195269	-0.091284	0.125045	-0.015406	-0.013629	0.014576	-0.182488	-0.041623	0.103758	-0.029365	0.103463	0.112118	0.148196	0.003006	0.108952	-0.031142	0.081201	0.048470	0.137286	0.045276	-0.006255	-0.007393	0.027646	0.020201	0.060506	-0.115657	-0.009250	-0.040722	-0.095221	0.052813	-0.089121	0.002801	-0.058896	-0.067460	0.087611	0.086619	0.076550	-0.146945	0.065590	0.183170	-0.003739	0.048550	0.061896	0.020202	0.014029	-0.034058	-0.024545	0.081962	0.037822	0.047677	0.084130	0.012419	0.203598	-0.045179	-0.412814	0.091552	0.085571	-0.018868	-0.026163	0.039636	0.062039	0.089829	-0.012710	0.014952	-0.081679	-0.125990	-0.095397	-0.087889	-0.113014	-0.063093	-0.046001	-0.003914	-0.053390	-0.018327	0.022352	-0.073544
0.099841	-0.116613	0.051354	-0.059267	0.114722	0.010539	-0.052000	0.176076	0.153413	-0.019422	-0.028949	-0.012555	-0.010119	0.033895	0.079416	-0.050619	0.176501	0.039306	0.066012	0.100163	0.082489	0.078630	0.106475	0.009854	-0.007142	0.020734	-0.048083	-0.068833	-0.047790	0.105643	-0.153689	0.196740	0.055630	0.047575	-0.061987	0.028890	0.052619	-0.129718	0.208287	0.105740	-0.184913	-0.029178	0.085862	-0.096023	-0.095280	-0.002183	0.047444	0.234085	-0.033726	-0.006733	0.131792	0.020355	0.011698	0.116409	-0.266425	-0.044792	-0.163877	-0.148515	-0.196395	0.049394	0.076312	-0.130276	-0.079910	-0.095426	0.057743	0.023755	0.078322	0.092037	-0.035549	-0.045884	-0.064042	0.236250	0.026327	-0.081372	-0.051134	-0.079710	0.186556	-0.100153	-0.188677	0.104030	-0.009891	-0.055278	0.100737	0.137284	0.019353	0.018694	0.071827	0.009461	0.005926	-0.004535	0.067056	0.038503	-0.038216	0.055787	-0.045369	0.113663	-0.144776	-0.114925	0.044003	-0.092269
0.026485	0.103410	0.140386	0.078691	0.017743	0.063524	-0.040402	0.098132	0.147495	0.002109	0.084879	0.117161	-0.092323	0.108046	0.051264	-0.047164	0.083120	0.014494	0.089243	0.082690	0.064322	0.080326	-0.089535	0.074282	0.223850	-0.124047	0.031968	-0.058759	0.128485	-0.005581	-0.095249	0.105169	0.095484	0.067983	-0.062981	0.055821	0.009558	-0.089204	0.108939	0.076194	0.031537	0.023394	0.081886	0.196771	0.125187	-0.101176	0.093531	0.231763	0.022828	-0.185807	0.077740	0.082473	0.027502	0.053892	-0.108136	0.074968	-0.128092	0.077303	-0.170400	0.132311	-0.036738	-0.176814	0.028736	0.085256	-0.099334	0.028200	0.009912	0.107406	-0.073161	0.030802	-0.020092	0.267571	-0.015062	0.007439	0.038084	-0.143474	0.223635	-0.040171	-0.210362	0.068536	-0.135047	-0.054171	-0.167291	0.028352	0.020242	0.036146	0.112523	-0.012936	0.069406	-0.050286	-0.001674	0.009184	-0.017142	0.141026	-0.067966	0.090943	-0.124813	-0.135223	-0.061878	-0.009574
-0.123521	-0.108872	0.009231	-0.061942	0.052452	-0.040963	-0.117731	-0.007780	0.178362	-0.005578	-0.094475	0.002348	-0.078115	0.074429	0.084853	-0.206556	-0.003348	0.108603	0.072957	-0.081646	0.137681	0.099356	-0.055611	-0.050369	0.058270	0.098805	-0.040541	0.051143	0.166390	0.114508	-0.064826	-0.105021	-0.029625	0.076272	0.038625	0.030205	0.013200	0.000072	0.210604	-0.078911	0.065473	-0.029974	-0.108405	-0.116191	-0.036386	-0.008489	-0.082692	0.294081	-0.109790	-0.108347	-0.031780	-0.052475	0.083384	0.105352	-0.060383	0.217158	-0.126084	-0.059786	0.040893	0.008342	-0.063968	-0.081090	0.064861	-0.105325	-0.074401	0.094372	0.171363	0.028746	-0.047840	0.056106	-0.205341	0.326261	0.063295	0.098780	-0.024971	-0.005438	0.179174	-0.017503	-0.046860	0.051360	0.067361	0.010021	0.043327	0.072064	-0.032735	-0.033335	0.109838	0.108516	0.002013	0.074005	-0.093434	0.131832	-0.141960	-0.109318	0.006717	0.041702	0.038751	0.035286	-0.132062	-0.119569
-0.031263	-0.156588	-0.044386	-0.045225	-0.087960	0.079851	0.017879	0.117117	0.185926	-0.065556	0.084287	0.135652	-0.055975	0.163634	-0.022863	-0.036656	0.078220	0.092084	0.114578	0.111665	0.025448	0.147794	0.145831	0.079190	0.143992	-0.075460	0.020981	0.075294	0.108605	0.110575	-0.116462	0.003942	0.063374	0.109166	-0.026532	-0.104718	0.033634	0.095329	0.187440	-0.003634	-0.011859	0.066166	0.138555	-0.133972	0.085353	0.005845	-0.062475	0.275149	0.025199	0.000909	0.054919	-0.062674	-0.001996	0.054944	-0.058036	0.032676	-0.114095	0.009864	0.105538	0.119979	0.118157	-0.081941	0.000252	-0.099570	-0.097195	0.140009	0.072976	0.039506	-0.037148	-0.016657	-0.108341	0.249803	0.069582	0.157816	-0.005761	-0.054736	0.122364	-0.050038	-0.039587	0.056946	0.220470	-0.152163	0.077991	0.131336	0.006538	0.134331	0.134789	0.118609	0.027254	0.040657	-0.029284	0.163604	-0.143970	0.025768	-0.041678	-0.029725	-0.013424	0.051236	-0.118388	-0.130098
0.029311	-0.223982	0.016984	0.132107	0.036061	0.121934	-0.022987	-0.024501	0.099865	0.054832	-0.085289	0.067243	0.040247	0.099995	0.020603	0.060201	0.172378	-0.009801	0.049455	-0.053634	0.026866	0.060102	0.182438	0.034063	0.043735	0.089373	0.075593	0.048124	-0.087983	0.175857	-0.126411	0.011838	0.011557	-0.136589	0.037508	-0.000321	-0.093237	0.067465	0.024328	0.155870	-0.065135	-0.173301	0.053114	-0.081955	-0.146415	0.067386	0.046725	-0.014067	-0.014494	-0.146575	0.010439	-0.169708	0.062255	0.206952	-0.029752	0.015925	-0.020948	-0.092095	0.000983	-0.079724	0.033987	-0.003509	0.019779	-0.037284	-0.170257	0.048023	-0.060057	-0.111477	-0.149369	0.020127	-0.231699	-0.000679	0.014115	-0.008931	-0.084103	-0.167574	0.114594	-0.277720	-0.103111	0.032330	0.114378	-0.113243	-0.115234	0.032289	-0.172889	0.247428	0.134770	0.064334	-0.014098	0.070787	-0.030217	0.058549	-0.021411	-0.003848	0.025309	-0.068809	0.032525	0.174029	-0.089184	-0.101249
-0.120032	0.035890	-0.106400	0.080475	0.054258	-0.050745	0.022712	0.067106	0.126912	0.033376	0.082075	0.240099	-0.010025	0.105419	0.046369	-0.114052	0.061240	-0.027979	0.041818	-0.010039	0.019161	0.057085	-0.040653	0.023153	-0.086796	0.029225	-0.063704	0.101518	0.079331	0.079250	0.035499	-0.027317	0.190518	0.170832	0.124036	-0.011775	0.120339	-0.209111	-0.057357	-0.104774	0.020411	0.103754	0.199216	0.042860	-0.094831	-0.063189	0.115242	0.095486	0.065302	0.057902	-0.044989	-0.053526	0.042709	-0.021010	0.071005	0.136062	0.081204	0.011520	-0.003311	-0.060197	0.069396	0.188113	0.014573	-0.175865	-0.054609	0.098774	0.188250	0.185272	0.063488	-0.064868	0.001784	0.096864	-0.100561	-0.044221	0.194457	0.094017	0.148374	-0.159545	-0.226287	0.089196	-0.083746	0.032256	0.025690	0.029109	0.247897	-0.101299	0.006582	0.086015	-0.005481	-0.067596	-0.036974	-0.014868	-0.138361	0.042871	0.091228	-0.107701	0.016181	0.085738	-0.088548	-0.141855
-0.065006	-0.053589	-0.155521	0.003069	0.025754	-0.014389	0.060706	-0.029767	-0.031680	0.072595	0.040853	0.039687	-0.023628	0.172975	0.095865	0.099344	0.121913	-0.107246	0.069484	-0.013375	0.088000	-0.046131	0.104348	0.067779	-0.012950	0.146103	-0.093143	0.176385	0.040583	0.129531	-0.074823	-0.055458	0.030706	0.116369	0.035224	-0.050766	-0.036841	-0.143178	-0.076094	-0.059441	-0.108350	0.027527	0.062189	-0.075617	0.036374	-0.090242	0.232357	0.058930	-0.111414	-0.033981	-0.008480	-0.079367	0.074952	-0.093703	0.002514	0.147656	-0.014071	0.024512	-0.004017	-0.066937	0.042842	0.008652	0.031400	-0.072145	-0.000337	0.103043	0.082491	0.111296	-0.032978	-0.011584	-0.031118	-0.109262	-0.134491	-0.038537	0.154695	-0.051881	-0.052171	0.008983	-0.317470	0.219046	-0.216874	0.075724	-0.072107	0.027991	0.035351	0.051465	0.058016	0.071551	-0.204023	-0.064099	-0.176128	-0.129777	-0.040767	-0.020813	0.188514	-0.084242	0.033943	0.213606	0.046674	-0.225660
-0.024231	-0.045523	-0.063581	0.035237	-0.019238	0.005430	0.000492	-0.037304	0.082662	0.007019	0.146296	0.190301	0.034757	-0.054516	0.059759	-0.084744	0.103670	0.026014	-0.020632	0.009405	0.032787	0.129278	-0.085975	-0.050050	-0.093861	0.011267	0.105492	-0.008878	-0.071155	0.057967	-0.021930	0.011796	0.043287	-0.069416	0.028797	0.199597	0.121606	0.071715	0.053105	-0.035128	0.014685	-0.179226	0.162629	-0.020109	-0.032396	0.059476	0.033339	0.074064	0.027622	-0.062992	-0.098639	0.033977	-0.077236	0.072073	0.001711	0.055762	0.102885	0.067316	0.122176	-0.088152	-0.014649	-0.056629	0.012757	-0.026198	-0.157528	-0.026676	0.211483	0.100991	-0.092912	0.083034	0.017974	0.061835	-0.200860	0.077407	0.185087	0.040650	-0.021902	-0.191963	-0.251575	0.105242	-0.010459	0.133827	0.026786	0.085803	0.025679	-0.034522	0.028251	0.126286	0.032432	-0.135210	-0.108827	0.174872	-0.080777	-0.159502	-0.081849	-0.308647	0.052545	0.147846	-0.128204	-0.229840
-0.129428	0.006075	-0.009275	0.144440	0.117405	0.022416	-0.111925	0.011638	0.040608	-0.018889	0.000430	0.016523	-0.003730	0.171980	0.144605	-0.005879	0.079344	-0.114836	0.060134	-0.163125	0.098091	-0.129086	-0.112658	0.235029	0.055705	0.078308	-0.008006	0.107069	0.120072	0.057957	0.043823	-0.145827	0.097104	0.079069	0.269780	0.063016	-0.097448	0.003672	-0.163524	-0.055999	-0.024417	0.001160	0.112474	0.055514	0.036805	0.006437	0.056617	0.138611	0.098541	0.056780	-0.016587	-0.017561	0.123734	-0.195412	0.074270	-0.020510	-0.096220	0.109269	0.126584	-0.062652	0.130451	-0.028715	-0.050567	0.037800	-0.032118	0.043690	0.097690	0.122842	0.005723	0.114804	-0.036716	-0.109671	-0.172252	-0.045473	0.087988	0.032338	0.063470	-0.103796	-0.103423	0.253997	-0.125550	0.006670	-0.219725	-0.019935	0.028938	-0.014308	-0.118610	0.057656	0.057530	-0.074237	0.018436	-0.045191	0.151317	0.092266	0.184723	-0.027083	0.061287	0.133219	-0.047814	-0.009089
-0.196004	-0.093834	-0.038718	0.089940	0.012457	-0.065093	0.087334	0.107728	0.032598	0.022618	0.019075	0.054268	-0.035427	0.221150	0.037496	0.078279	0.025663	-0.169061	0.067925	-0.191479	0.170409	-0.023526	-0.127802	0.262172	0.002001	0.136906	-0.025026	0.140662	-0.105217	0.106188	-0.052584	-0.102025	0.015766	0.096936	0.089906	-0.025378	-0.076483	-0.121045	-0.132721	-0.085444	0.080479	0.051800	0.056057	-0.021176	-0.124292	-0.101162	0.128204	0.097296	-0.023000	0.010398	-0.129855	-0.013589	-0.037064	0.022264	0.108616	-0.060023	-0.214443	-0.040556	-0.025171	0.054288	-0.027653	0.135772	0.092424	0.000570	0.089336	0.061801	0.157844	0.015885	0.014355	0.030680	0.041562	-0.168875	0.071771	-0.063819	0.207030	-0.062637	0.116105	-0.120054	-0.068817	0.141000	-0.052734	0.159958	0.053389	0.062753	-0.042178	-0.092268	0.017612	0.001876	-0.098182	-0.051826	-0.112649	0.105872	-0.128837	0.032358	0.119926	-0.189946	0.155080	0.039319	0.045617	0.021105
0.077776	0.004991	-0.068719	0.068146	0.000924	-0.054425	0.032550	-0.037739	0.150446	-0.001041	-0.054396	-0.016049	0.048900	0.133433	0.087777	-0.041725	0.076804	-0.189842	0.036984	-0.008725	0.166629	0.055771	-0.174738	0.137701	0.018871	-0.002276	-0.042614	0.064461	0.097764	0.054187	-0.010670	-0.056917	0.048353	0.227256	0.054242	-0.086789	-0.046880	-0.136931	-0.166638	-0.105954	-0.077821	0.197688	0.007295	0.074508	0.153992	-0.050059	0.069155	0.201761	-0.109025	0.019742	-0.047546	-0.135340	0.000457	0.023210	0.119340	0.123870	-0.092835	0.090982	0.050337	-0.017126	0.078410	0.026212	0.061403	-0.197083	-0.050148	0.084144	0.140336	0.198323	0.054036	-0.051589	-0.136208	0.024818	-0.099966	-0.118901	0.158350	-0.159693	0.123440	-0.003922	-0.151565	0.142446	-0.125669	0.017016	-0.078303	0.093692	0.032310	-0.161346	-0.129901	-0.018518	-0.131316	-0.048580	0.033293	-0.043347	-0.088204	0.015931	0.152394	-0.078648	-0.019208	0.075049	0.106346	-0.139507
-0.209602	-0.155882	-0.064010	-0.157214	-0.012514	-0.103754	0.090247	0.020537	-0.010716	0.027457	0.019293	-0.031802	-0.043840	0.059036	0.051075	0.062870	0.013230	-0.117539	0.231574	-0.138122	0.161081	0.078431	0.069846	0.038701	0.191796	0.032727	0.151000	0.078394	-0.008902	0.163321	0.133320	-0.070016	0.105338	0.023231	0.078297	0.037177	-0.025480	-0.168453	-0.092734	-0.032336	-0.068040	0.038134	0.085497	-0.156019	0.020508	0.002918	-0.026337	0.165837	-0.151290	-0.211640	-0.039355	-0.104121	0.040237	-0.142552	-0.005166	0.002080	-0.090447	0.066150	-0.024396	-0.069819	0.042026	0.117114	-0.253424	-0.020298	-0.002620	0.133775	0.088934	0.053887	0.049088	0.077398	-0.191509	0.001044	-0.135622	0.088865	0.097961	-0.053233	0.038203	-0.107954	-0.158888	0.100646	-0.080375	0.038223	-0.133795	0.053879	-0.051095	-0.009414	-0.005612	-0.037218	-0.125299	0.040988	-0.122838	0.058120	-0.034066	0.077576	0.185663	0.061872	0.094667	0.072486	-0.019498	-0.117112
0.058499	0.157277	0.036592	0.195665	0.110101	0.198494	-0.088005	0.019309	0.188248	-0.144111	-0.068535	0.146495	-0.033113	-0.045269	-0.095108	-0.009282	0.037700	-0.033114	0.035803	-0.013789	0.116733	-0.011837	0.060708	0.037075	-0.031065	0.217838	-0.017789	0.067726	-0.018776	0.048101	-0.073282	0.012971	0.126385	-0.040222	0.096967	0.059167	0.136412	0.044695	0.140451	-0.189826	0.179013	-0.110406	0.069229	0.013951	-0.098877	-0.095385	0.201038	0.064487	0.122407	0.011676	0.035810	-0.012377	0.178172	-0.027733	-0.023109	-0.087298	-0.022811	-0.164632	0.222888	0.144416	0.180193	-0.039018	0.033534	0.119614	0.074651	0.102722	-0.013605	0.050886	0.012049	0.106351	-0.011354	0.020556	0.047927	0.013869	-0.044806	-0.134341	-0.092642	-0.074054	0.107231	0.070665	0.067266	-0.070629	0.056126	0.101633	-0.207751	0.041016	0.188640	0.002040	-0.024686	0.050528	-0.094136	0.045804	0.067239	0.104275	0.046424	-0.050919	0.105178	0.070886	0.175822	0.023547
-0.043284	-0.077159	-0.198195	0.010545	0.009713	0.119579	0.012034	-0.052500	-0.006511	-0.163753	0.052395	0.007505	-0.080091	0.003892	-0.028345	0.054553	0.025063	-0.173501	0.004413	-0.016927	0.060591	-0.028455	0.124579	-0.161267	0.049728	0.111617	0.029889	0.136298	0.009689	-0.088080	0.049260	-0.030172	0.089417	-0.010330	-0.085683	0.067099	-0.085119	-0.078369	-0.033928	0.046309	0.016542	0.127257	0.125066	0.008424	0.047819	-0.034551	-0.007101	0.015811	0.043300	-0.103791	0.014760	-0.044841	0.083142	-0.019578	-0.091058	-0.158996	-0.128502	-0.198322	0.091987	0.014011	0.157033	-0.029695	-0.019749	-0.062105	0.168075	-0.010564	-0.048970	0.055593	-0.134487	-0.035679	0.003797	0.068870	0.110617	0.061290	0.136594	0.027904	0.241650	-0.084606	-0.066826	0.215838	0.053056	0.192799	0.024008	-0.037170	0.066474	-0.152039	0.130306	0.094799	-0.195258	-0.039151	-0.009986	0.053893	0.013471	-0.095581	0.245934	-0.122334	0.242157	0.229233	-0.007256	0.079009
0.078905	0.071424	-0.081622	-0.123904	0.062001	-0.012638	-0.018419	0.066377	0.185611	-0.102901	-0.045762	0.166047	0.022685	-0.099665	-0.153625	-0.034205	-0.037019	-0.029429	0.090804	0.015587	0.056057	0.153405	-0.011611	-0.055491	0.045301	0.134859	-0.120510	0.064862	0.092461	0.014688	-0.033009	-0.014917	0.007349	0.019512	0.021766	0.262094	0.097768	-0.067899	0.113901	0.037785	0.080998	-0.174996	0.081058	0.004126	0.031542	0.014134	0.038204	0.158726	0.018159	0.000682	0.211645	-0.108476	0.127855	-0.176930	-0.099124	-0.233094	0.003300	-0.085227	0.201710	0.096918	0.080629	-0.210652	-0.140160	0.096316	0.136578	0.063128	0.096410	0.100655	0.034778	-0.023328	0.036747	0.024875	0.007662	-0.050386	0.065716	-0.033096	-0.081461	-0.069199	-0.029748	0.009433	0.203261	0.074113	0.098675	0.055233	-0.169975	-0.095471	0.056326	-0.015543	0.004008	-0.071771	0.037139	0.085458	-0.230859	-0.109788	0.106235	-0.047634	0.053265	0.005448	0.068817	0.122931
-0.052774	0.124512	0.054745	0.170269	0.221639	0.027532	-0.139669	-0.095245	0.116508	0.038358	0.095247	-0.102026	0.025709	0.071083	0.167371	0.057900	0.035441	-0.013843	-0.051104	0.029212	0.212690	-0.024121	-0.022547	0.009997	-0.063969	0.166192	-0.033093	0.235714	0.112365	-0.012233	0.060250	0.228572	0.065240	-0.038679	0.050076	0.103850	0.021746	-0.217871	-0.050416	-0.007472	-0.066322	-0.004029	0.046233	-0.086558	-0.020820	-0.207606	0.076781	0.101916	0.003852	-0.035889	0.040710	0.022967	0.137399	-0.131368	-0.116885	-0.147104	-0.079575	-0.078448	0.054543	-0.098122	-0.050632	-0.009467	-0.070680	-0.024155	0.188478	0.197384	-0.013830	0.082774	-0.024676	0.139261	-0.034162	-0.127119	-0.095353	0.001811	0.157070	0.048941	-0.053338	-0.104386	0.071045	0.013219	-0.147462	-0.016031	-0.072744	-0.034434	-0.131450	-0.045728	-0.117009	-0.101735	-0.204963	-0.071551	-0.060387	-0.076991	0.026117	-0.009952	0.124365	0.088195	0.052955	0.072849	0.061474	-0.033379
0.104235	0.020553	-0.107392	-0.054098	-0.109956	-0.008951	0.115342	0.044037	0.058350	0.050724	0.169689	0.033992	-0.021437	-0.054488	-0.002533	0.036891	0.017690	-0.043362	0.028412	0.091320	0.154430	-0.092191	-0.014275	-0.034798	0.029004	0.211578	0.098983	0.160817	0.156794	0.140248	0.025105	0.065891	0.002265	0.150259	0.020358	0.223969	0.076134	0.033391	-0.071907	0.140017	-0.099303	0.229412	0.009053	0.054728	0.123049	-0.029220	-0.034532	0.231593	0.092840	0.048075	0.014541	-0.094073	-0.013177	-0.092179	-0.072467	0.049079	-0.039505	0.025739	0.136544	-0.065497	0.144762	-0.105709	-0.022656	-0.161219	0.126895	-0.089329	0.129551	0.073030	0.077884	0.124230	0.056711	-0.019372	-0.048166	0.075422	0.088882	0.006292	-0.000592	-0.013882	-0.128386	0.026767	0.152966	0.213462	-0.108671	0.124427	-0.078743	0.015328	-0.085908	0.021770	-0.110482	-0.121081	0.002047	0.110187	0.008806	-0.162075	0.183643	0.036495	-0.057208	0.193435	0.079871	-0.080687
-0.013104	0.081360	-0.021245	0.031637	-0.027136	0.050966	0.052220	0.005396	-0.003270	-0.184032	0.115383	0.069082	-0.015305	0.153462	-0.074617	0.053039	-0.026051	-0.067775	0.024315	0.055862	0.078127	0.159963	-0.061276	0.007181	0.011613	0.227413	-0.075926	0.225042	0.274212	0.176724	0.153055	0.065137	0.004496	0.051070	0.142849	-0.029651	0.102578	0.015832	0.052080	-0.076559	0.015262	0.076366	0.143223	-0.058126	-0.011094	-0.062690	0.144103	-0.004520	0.070342	0.009077	-0.000758	0.042430	-0.042371	0.064647	0.017403	0.028920	-0.096818	0.097910	0.073821	-0.115076	0.067650	0.075501	-0.011680	0.025194	-0.139243	0.013706	0.120307	-0.021870	-0.179248	0.059026	0.079566	-0.018635	-0.068108	-0.022153	0.288977	0.012803	-0.013717	-0.038485	0.039624	0.193829	0.054854	0.011767	-0.077191	0.041767	-0.050368	-0.089926	-0.103532	-0.075709	0.006351	-0.043639	-0.301100	0.087759	-0.076422	-0.162930	0.169775	-0.061137	0.162128	0.124242	0.014594	-0.049557
-0.183478	-0.133450	0.016034	0.070654	0.095026	0.010098	0.098245	-0.116427	0.128503	0.042165	0.040188	-0.044447	-0.276692	0.152687	0.077059	-0.176764	0.142570	0.095225	0.025407	0.028480	-0.008945	0.109450	0.004514	0.047650	0.109421	0.156417	-0.138994	0.184631	0.034059	-0.161225	-0.084073	0.015355	0.074423	0.141088	-0.064817	-0.060475	-0.021729	-0.016312	-0.086478	-0.067806	0.113051	-0.075372	-0.131812	0.082254	0.065564	0.029392	-0.032316	0.111584	0.054596	0.002399	-0.101490	0.028594	0.115458	0.004982	-0.048985	0.068413	-0.298963	-0.184257	0.047256	0.145958	0.189950	-0.073378	0.054856	-0.074887	0.070835	0.026603	-0.034751	0.074408	0.102579	-0.096955	0.134963	0.124192	0.062824	0.003592	0.137533	-0.206362	0.021693	-0.012325	-0.157065	-0.010532	-0.075364	-0.007010	0.061638	-0.027965	-0.014371	-0.021376	-0.002377	-0.066849	0.010237	-0.128230	-0.062031	0.015852	0.030920	0.106044	0.135991	-0.025323	0.053272	0.032175	0.123679	-0.011650
0.027228	0.018430	-0.095240	0.224505	-0.017384	0.007181	0.135682	0.019237	0.172669	-0.059626	-0.044290	-0.060428	-0.125469	0.158842	-0.180422	0.132831	-0.107854	-0.237875	-0.006922	0.021571	0.064951	-0.146030	0.046000	-0.008324	0.024487	0.131458	-0.031018	0.033338	0.006769	-0.092428	-0.049449	-0.135141	-0.030286	0.021592	0.098547	-0.072005	0.081675	0.074596	-0.014125	-0.099932	-0.000720	0.017110	0.139093	0.035972	0.007956	-0.043944	0.059518	0.011041	-0.020106	0.131033	-0.132150	-0.215388	0.039878	-0.142853	0.080801	-0.109914	-0.099297	-0.141936	0.166879	0.087983	0.251194	-0.020360	-0.081260	-0.126886	0.035896	0.044177	0.062968	0.102390	0.034412	0.045334	-0.065348	-0.042981	0.046589	-0.014817	0.176777	-0.087954	0.007584	0.047131	-0.041934	0.142877	0.023507	-0.051040	0.063537	-0.019565	-0.119860	-0.136273	0.072129	0.213970	0.013405	-0.102481	0.116261	-0.129359	-0.048074	-0.001950	0.122319	-0.042309	0.040265	0.148377	0.139500	0.133560
0.035682	0.015266	-0.097501	0.214863	-0.107357	-0.040983	-0.079572	-0.054748	0.139839	0.018771	-0.135632	-0.090045	-0.056429	0.134981	-0.105028	-0.001132	0.081990	0.071336	-0.086529	-0.033876	0.082419	0.036320	0.107223	0.076697	-0.025359	0.233351	0.045843	0.023156	-0.080408	0.048976	0.043148	-0.151905	0.055799	0.030472	0.042020	0.018020	0.193338	-0.016904	0.026085	-0.083851	0.039830	-0.118860	0.080966	-0.147517	-0.035083	-0.089774	0.021512	0.087454	-0.037334	-0.114151	-0.021964	-0.117769	0.140722	-0.020501	0.166221	-0.102073	-0.052010	-0.039997	0.136272	0.102172	0.085883	-0.130292	0.035478	-0.089029	-0.018496	0.204935	0.039091	0.110942	0.052844	-0.096422	-0.020265	-0.067562	0.084751	-0.056514	0.057485	-0.196186	0.107530	-0.112882	0.098043	0.049742	0.185047	-0.003729	0.215559	0.127279	-0.192946	-0.132350	0.162115	0.006377	0.013008	0.119707	0.101532	0.060891	-0.070837	0.063047	0.055969	-0.069082	0.205010	0.033529	0.093311	0.007903
0.042180	0.012374	-0.180977	0.075231	0.059855	-0.024429	0.123693	0.087584	0.086866	-0.055115	-0.040146	0.049984	0.100634	-0.090136	0.103554	-0.168356	-0.100368	-0.197802	0.000795	-0.040931	-0.014903	-0.051719	0.046964	-0.151491	0.065788	0.099012	-0.064686	-0.078179	0.011416	-0.094786	-0.098002	-0.159793	-0.060008	-0.016997	-0.039675	0.243357	0.011142	0.083823	-0.055237	-0.135286	0.071524	-0.113739	0.054441	0.092568	-0.023082	0.023229	-0.019753	0.232805	0.112989	-0.010598	0.037550	-0.146285	0.172342	-0.132814	0.061783	-0.051354	-0.211896	-0.114502	0.064584	-0.002472	0.168378	0.049531	-0.107656	-0.089927	0.138560	0.055289	0.084538	-0.081083	-0.028212	-0.021803	0.069346	0.014370	0.029845	-0.174940	0.190432	-0.021679	-0.004987	-0.169667	0.098179	-0.084742	-0.079717	-0.005811	0.153790	0.032775	-0.169620	-0.126635	0.193618	0.027893	-0.025688	-0.064132	-0.104774	-0.024970	0.098483	0.059387	0.088683	-0.016205	0.073602	0.048375	0.015232	0.127544
-0.056763	0.045771	-0.030112	-0.108883	-0.029134	0.082056	0.026777	-0.043315	0.008130	0.003972	-0.056917	0.068602	0.086520	-0.099969	0.014585	-0.139817	-0.105723	-0.161790	-0.043714	-0.061396	0.019902	0.031315	0.160150	-0.128803	0.095600	0.084730	-0.054761	0.028459	-0.023638	-0.084957	-0.157981	-0.146145	0.144787	-0.013861	-0.129195	0.169826	-0.020851	-0.039143	0.030114	-0.078744	0.084249	-0.156155	-0.012998	-0.028820	-0.022259	-0.051859	-0.031580	-0.066537	0.144858	0.052862	0.097451	-0.156266	0.122472	-0.117653	0.175801	-0.012084	-0.305799	-0.209411	0.266410	0.022029	0.114094	0.097078	-0.196940	0.018144	0.109136	0.072418	0.068866	0.039682	-0.115061	0.171566	0.131328	0.031132	0.054910	0.060887	0.134948	-0.048102	-0.022659	-0.102010	0.097293	-0.089857	0.061420	0.122823	0.046400	-0.024169	-0.155019	-0.116161	0.060204	-0.075099	0.020972	-0.045369	0.028239	0.075371	-0.047327	-0.028301	0.137859	0.017200	0.112031	0.036536	0.070287	0.046786
0.178175	-0.241154	-0.198241	0.136270	0.019888	-0.046921	0.055954	0.059416	0.053145	0.020930	0.202204	-0.124820	-0.018536	0.099859	0.038883	0.099716	0.023838	0.010178	-0.026839	-0.024858	-0.047813	0.142564	0.181183	-0.066062	-0.005813	-0.029890	-0.061932	-0.119845	0.038620	0.169091	-0.166586	-0.168178	-0.083151	0.040216	-0.086277	0.064725	0.094497	-0.008069	-0.097410	-0.088613	-0.080200	0.016814	0.187624	0.016024	0.075794	0.131100	-0.032360	0.076835	-0.047100	-0.109515	0.056978	-0.076113	0.038057	-0.180668	0.068480	-0.169459	-0.132162	-0.036081	0.065853	-0.003373	0.094482	0.124133	0.057192	-0.076320	0.016873	-0.053170	0.063466	0.058911	-0.049847	-0.049273	-0.048925	-0.003345	0.054566	-0.133251	0.018602	-0.008871	0.056136	-0.079332	-0.086830	0.119570	0.138025	-0.014770	0.069458	0.087192	-0.034019	-0.109297	0.075691	0.190879	0.056119	-0.181768	0.038704	-0.015955	-0.135584	0.026007	0.126730	0.004412	0.047005	0.245382	0.188975	-0.004532
-0.082041	0.043253	-0.169509	0.014166	0.120032	-0.000546	0.020623	-0.115620	0.208862	-0.039961	-0.053611	0.086649	-0.095152	-0.081255	-0.022512	-0.115913	-0.023713	-0.091480	0.107767	-0.037499	-0.037389	0.011281	0.079087	0.012347	-0.011565	0.116649	-0.095652	0.035701	0.120853	0.057764	-0.136245	-0.017756	0.190963	0.042923	0.037390	0.090169	0.013342	0.032960	-0.049477	-0.121773	-0.052795	0.016395	0.036536	0.023877	-0.009024	-0.110003	0.007194	0.147585	0.065672	-0.021062	0.051814	-0.194748	0.061200	0.070557	0.045971	-0.030923	-0.266849	-0.032376	0.122882	0.107740	0.135420	-0.181523	0.086616	0.058123	0.070169	0.086754	-0.138657	0.102357	0.086772	-0.023678	-0.038683	0.070794	0.162200	-0.208453	0.204889	-0.053645	0.146658	-0.037172	-0.028384	-0.016071	0.206762	-0.014023	0.223138	0.112142	-0.041319	-0.097716	-0.007582	0.008784	0.069087	0.016131	-0.031191	-0.060763	0.030081	-0.100544	0.037819	-0.176058	0.151798	0.169450	0.055850	0.120424
0.111522	0.154388	-0.148400	0.122179	-0.033893	-0.162485	0.064490	0.061556	0.127600	-0.129971	-0.003127	0.101267	0.024445	-0.069738	0.024835	-0.018574	0.102409	-0.124883	0.052763	0.087786	0.181531	0.070991	0.008524	-0.007099	0.086742	0.082241	-0.068143	0.155886	0.160171	0.091495	-0.110680	-0.051480	0.128703	-0.091420	0.136931	-0.162352	0.048401	-0.144985	0.048700	0.033033	0.027986	0.098400	0.109221	0.060965	0.008265	0.047596	-0.138621	0.155673	-0.120171	0.088939	0.001631	-0.001235	-0.037369	0.024006	-0.024964	-0.132514	-0.084006	0.061995	0.118578	0.032133	-0.003030	-0.141087	-0.054069	-0.104409	0.120530	0.039597	-0.070034	0.014136	-0.115227	-0.004445	-0.180550	-0.029754	-0.112423	-0.076925	0.078921	-0.047471	-0.233074	-0.066563	0.220434	-0.103003	0.202169	-0.052918	-0.074927	0.075475	0.012573	-0.250453	0.075025	0.025839	0.000504	-0.075882	0.043655	0.099081	-0.059486	-0.074314	0.094111	-0.011649	0.085758	-0.062256	0.098942	0.099398
0.032163	-0.016571	-0.136847	0.100221	0.045000	-0.016228	0.080154	-0.064496	0.021850	0.027975	0.061982	0.134457	-0.025950	-0.094000	-0.091373	0.073628	-0.032192	0.028671	0.106577	-0.011350	-0.023530	-0.231087	0.040044	-0.196856	0.130907	0.224694	-0.074023	0.132534	0.217089	-0.042447	0.017214	-0.083862	0.116499	0.041132	0.013322	0.070801	-0.009970	-0.030356	-0.054712	-0.039808	-0.018267	-0.021524	-0.021860	0.043729	0.160523	0.101359	-0.000326	-0.011887	-0.086063	0.128208	-0.027849	-0.019731	0.013160	-0.115369	0.138503	0.003049	-0.222668	-0.056252	0.225272	0.006859	0.184453	-0.101113	-0.084866	-0.044919	-0.070235	0.011181	0.008215	-0.035159	-0.125492	0.054215	0.032184	-0.157894	-0.116385	-0.074705	0.136235	-0.089958	0.101006	-0.063536	-0.005094	-0.012352	0.242267	0.019230	-0.019899	0.136691	-0.116330	0.024312	0.237984	0.048325	-0.035676	-0.197192	0.142209	0.099516	0.050118	0.048329	0.161417	-0.017025	0.080032	0.070949	0.018844	0.012959
0.071395	-0.038092	-0.060409	0.030666	-0.033921	-0.125868	-0.089703	-0.022710	0.135511	-0.232986	-0.152064	0.058349	-0.011111	-0.055340	0.045407	0.057515	0.080603	0.191875	-0.024322	0.125049	0.148600	0.074271	0.014473	-0.085770	0.019072	0.271756	0.165834	0.098194	0.107359	-0.068726	-0.204054	-0.076708	-0.010664	0.044546	-0.018196	0.144215	0.175665	-0.038176	-0.041197	0.106812	0.056000	-0.085899	0.198554	0.029120	0.082096	-0.020312	-0.043109	0.023277	-0.011926	-0.085878	0.065060	-0.056726	0.059811	-0.092608	-0.017738	-0.193899	-0.070820	0.046651	0.113206	-0.013445	0.248636	-0.115325	-0.042811	-0.090946	-0.020189	0.008791	-0.062787	-0.061908	0.035216	-0.077138	0.024024	-0.010549	-0.039862	-0.073821	0.190349	-0.026462	-0.010897	0.039474	0.131648	-0.093552	0.022453	-0.053226	0.087640	0.071115	-0.097730	-0.050067	0.296377	0.015802	-0.019534	0.052773	-0.159064	0.025836	-0.026626	-0.019483	0.128025	-0.071265	0.166086	0.029837	-0.014662	0.042829
0.036822	-0.069342	0.078329	0.021510	-0.102891	0.066738	0.015864	0.005368	0.113914	-0.234694	0.098697	0.124434	-0.031814	0.217555	0.069040	0.114515	0.098873	0.005026	0.070166	-0.264111	0.058140	0.032210	-0.048095	0.100325	-0.079538	0.068964	0.047955	-0.076157	-0.108936	0.175643	-0.095203	0.009196	0.060067	-0.130590	0.105959	-0.184206	-0.063097	-0.058652	0.080652	-0.065222	0.016205	-0.127249	0.110400	-0.061304	0.043436	-0.128984	0.172458	0.138541	0.104049	-0.037317	0.187895	-0.017750	0.243572	0.034167	0.056557	-0.108743	-0.179651	0.018558	0.110657	0.060482	-0.092256	-0.085889	0.062337	0.202617	0.070843	0.006449	0.186805	-0.018425	0.014695	0.111164	0.088391	-0.074726	-0.082349	-0.172781	0.054456	0.039518	0.033053	-0.104446	-0.069723	0.104311	0.051073	0.102087	0.051592	0.035134	-0.091119	-0.038898	0.008734	0.137899	-0.036718	-0.037592	-0.156594	0.033603	0.007753	0.026067	0.023850	-0.045862	0.072542	0.024203	0.068631	-0.011499
0.089189	0.066682	-0.096731	-0.021991	0.063065	0.057185	0.011193	0.021714	0.177688	-0.086758	-0.144135	-0.031195	-0.050306	0.136326	-0.220234	0.099052	-0.004385	0.052421	0.003171	-0.006648	0.056116	0.049387	0.166528	0.152552	0.004472	0.080993	0.213062	-0.055232	0.071634	0.057995	0.012931	0.044018	0.118532	-0.113635	-0.047998	0.041465	-0.072852	-0.062424	0.166512	0.063159	-0.114082	-0.116668	0.080706	0.064155	-0.106446	-0.076498	0.103729	-0.087747	0.028536	-0.030825	0.058043	-0.052344	-0.048608	-0.016331	0.081519	0.144106	0.009401	0.046847	0.138647	-0.058205	0.115600	-0.206940	-0.265279	0.136530	0.043870	-0.035733	0.064387	-0.037703	-0.105574	-0.027470	-0.038575	-0.021795	0.026489	-0.022176	0.161192	0.025929	0.124053	-0.044717	-0.211805	0.222024	0.124995	0.017066	0.086121	0.128455	-0.204072	-0.009598	-0.000074	-0.057460	0.001476	-0.168836	0.091772	0.016172	-0.183837	-0.122003	-0.068507	0.036018	0.101534	-0.019387	-0.021699	0.043236
0.083858	0.091562	0.087093	0.036261	0.009689	0.048655	-0.153853	0.118108	0.097717	-0.079511	-0.050297	0.122216	-0.032193	0.218527	-0.051600	0.010592	-0.060865	-0.001070	0.084689	-0.046600	0.072676	-0.109335	0.148132	0.209567	-0.091471	-0.031516	0.072694	0.071237	0.108928	0.105359	-0.050460	-0.033109	0.117074	0.154122	0.094929	-0.059116	0.011843	-0.126343	0.084965	-0.089499	0.091773	0.061785	0.095716	0.032307	-0.141845	0.012866	0.020017	-0.194231	-0.043262	-0.050581	0.220304	-0.080616	-0.106931	-0.086998	0.033546	-0.248684	-0.069403	-0.014839	0.059303	-0.137707	0.023408	-0.130252	-0.138557	0.179236	-0.033646	-0.078901	0.087720	0.102640	-0.157945	0.086673	-0.058351	0.080896	-0.064061	0.042564	0.090838	0.101861	0.033383	0.031165	0.096459	0.138337	-0.006635	0.012844	-0.124708	0.084770	0.030752	-0.134651	-0.066011	0.024981	0.090980	-0.143956	-0.128181	-0.088909	-0.034860	-0.056928	0.127089	-0.066204	0.039913	0.213044	-0.065742	0.092646
0.093421	0.007857	-0.123052	0.000587	0.052648	-0.068127	-0.124141	-0.010273	0.152202	0.037595	-0.040112	0.170371	-0.048851	0.005009	-0.009209	-0.085954	0.039504	0.111386	-0.026047	-0.039241	0.083485	-0.086184	-0.018151	-0.025090	-0.100671	0.150507	0.095379	0.168465	0.168045	0.105129	-0.149901	0.099147	0.246831	-0.003289	0.012061	0.122688	0.178357	-0.108567	-0.043904	-0.090747	0.003158	-0.141999	-0.019602	0.087309	0.004949	-0.082392	0.095251	0.061382	-0.010172	-0.031848	-0.020076	-0.091383	0.112445	-0.175701	0.105744	-0.246883	-0.112815	-0.047916	0.172402	-0.011556	0.159856	-0.158547	-0.037168	0.094825	-0.005051	0.100495	0.022391	0.057726	-0.068724	0.096738	-0.001703	-0.012526	-0.070222	-0.062616	0.136852	0.057914	-0.129359	-0.009689	0.128608	-0.059772	0.068701	0.085065	0.093942	-0.017174	-0.085087	-0.194169	-0.136791	-0.066810	-0.004906	-0.225446	-0.039894	-0.057480	-0.096696	0.003868	-0.059794	-0.178572	0.097019	-0.008122	0.098763	-0.019445
-0.079397	-0.001542	-0.092489	0.134604	0.185439	0.081918	-0.067066	0.000278	0.187327	-0.027824	-0.042932	0.064234	-0.116531	0.093983	-0.068086	0.098977	0.116799	-0.011428	0.019921	0.077052	0.199731	0.016794	0.045769	0.057493	0.025373	-0.010563	0.068989	-0.038128	0.135390	0.049469	-0.150262	-0.017042	-0.087072	0.174808	0.069584	0.065623	0.028341	0.206198	-0.050498	0.075070	-0.048673	0.034761	0.100917	-0.098530	-0.019298	-0.073111	0.124497	-0.105477	-0.028262	-0.183787	-0.016061	-0.066026	0.109717	-0.112840	0.047245	-0.007143	0.041051	0.085845	0.170314	0.067630	0.099960	-0.193973	0.027080	-0.043328	-0.174498	0.090728	0.001506	0.087685	0.017663	-0.038349	-0.062977	0.097830	0.031322	-0.006117	0.138636	-0.049317	0.017590	-0.051444	-0.047133	0.101830	0.057384	0.161426	0.021865	0.033377	-0.246947	-0.124880	-0.086688	0.025143	-0.232764	-0.220744	-0.237845	0.072625	-0.095619	0.023789	-0.079828	-0.082387	-0.084811	-0.011362	-0.033256	-0.033258
0.223500	-0.019119	-0.061940	0.074761	-0.077646	-0.072189	0.092651	0.003941	0.166379	-0.000800	-0.028748	-0.049433	0.001819	-0.024146	-0.148774	0.098914	0.126204	-0.036873	0.064586	-0.030917	0.032445	0.037681	0.129017	0.121340	-0.061114	0.209461	0.022450	-0.146024	0.029337	-0.040478	-0.159431	-0.001937	0.072844	-0.111605	0.076690	-0.093196	0.004983	-0.043838	0.004696	-0.161056	-0.103774	-0.136431	0.175623	-0.178381	-0.137633	-0.035127	-0.082102	0.126221	0.071390	-0.020143	-0.125075	-0.012660	-0.039104	0.014827	0.023735	0.023395	-0.041810	0.007390	-0.086840	0.062938	0.163469	-0.182344	0.034162	-0.131286	-0.225961	0.113148	0.069188	-0.079089	0.067400	-0.030360	-0.018585	0.060396	0.051606	-0.115938	0.007859	-0.158899	-0.046675	0.041386	-0.163872	-0.103896	0.141304	0.041923	0.025569	0.166796	-0.108797	-0.113723	0.018608	-0.076699	-0.039687	-0.096858	-0.094008	-0.057708	-0.138820	0.031093	-0.100727	-0.065511	0.099298	0.110841	0.144216	-0.207638
-0.077367	0.054729	-0.085564	0.122031	0.005640	0.269392	0.101485	-0.008079	0.010882	-0.025867	0.006530	-0.087078	-0.091448	0.222341	0.215625	0.041339	0.127918	-0.040989	-0.119564	-0.028938	0.025753	-0.191847	0.018279	0.061203	-0.009043	0.065389	0.083011	0.086709	-0.078791	0.107327	0.022897	-0.032498	-0.007258	0.027622	0.110986	-0.005832	-0.060204	-0.095270	-0.054446	-0.036670	-0.124178	0.017399	0.146724	0.012541	-0.019802	-0.107458	0.009095	0.035363	-0.170470	-0.048548	-0.031853	-0.100061	0.070325	-0.150154	0.004511	0.214306	-0.152640	0.047375	-0.022524	0.009314	0.107335	0.106188	-0.010074	-0.083114	0.046634	-0.050032	0.174226	-0.013771	-0.139487	0.115463	-0.025014	-0.071564	-0.062267	-0.069192	0.019246	-0.031880	0.128031	-0.167209	0.001548	0.081817	-0.191985	0.250891	-0.154471	0.068048	-0.111847	0.053331	-0.018789	-0.083407	-0.083541	-0.183891	-0.099785	0.029011	0.034539	0.020556	0.133690	-0.007897	0.129348	0.095720	-0.079899	-0.129238
-0.142121	0.152919	-0.135382	-0.055868	0.039669	0.080140	0.150577	0.035200	0.082577	-0.168833	-0.101673	0.165294	0.026267	0.107362	0.072056	-0.064888	0.022791	-0.130361	0.114657	-0.024049	0.037383	0.177053	-0.102906	0.022485	-0.025405	-0.055175	-0.070874	0.062546	0.153675	0.143125	-0.198571	-0.031128	0.108201	0.038395	0.007399	0.102791	0.012235	-0.076967	0.023580	-0.127690	-0.075216	0.017693	0.027797	-0.116697	-0.127476	0.029911	0.092325	0.175405	0.172029	-0.138927	-0.160972	0.001379	0.176455	-0.025006	0.119468	0.040568	-0.007251	0.121684	0.020579	-0.023773	-0.020336	0.077680	-0.050087	0.129541	-0.092859	0.059192	0.100463	-0.025717	-0.105116	-0.010605	0.141063	0.055702	-0.069900	-0.035028	0.115683	0.088035	0.010778	-0.278775	-0.110390	0.060299	0.025941	0.136577	-0.175723	-0.044049	0.061931	-0.028248	-0.093108	0.133415	0.022369	-0.074163	-0.127337	0.149316	0.041934	-0.069287	0.036175	-0.091668	0.161835	0.000447	0.003547	-0.021701
-0.120028	-0.081809	-0.094222	-0.076548	-0.013963	0.022914	0.030983	0.146225	0.145530	0.001759	-0.015528	-0.041863	0.002725	0.148246	-0.077439	0.084616	0.161495	-0.152249	0.147177	0.001331	0.135228	0.199089	-0.003754	0.087538	-0.152975	0.063648	0.159203	0.065787	0.180400	0.304125	-0.125108	0.052686	-0.011502	0.066097	-0.004297	0.025375	-0.001326	0.011628	0.103666	0.150583	-0.105349	-0.109865	0.043544	0.019467	0.100780	-0.020259	0.032025	0.177045	-0.026637	-0.091585	0.117510	-0.099894	-0.004067	-0.111823	0.125926	-0.026626	-0.009119	0.084911	-0.023943	-0.062593	0.018685	0.047972	-0.067205	0.028777	-0.111690	0.016430	0.011101	-0.099331	-0.115419	0.070731	0.031061	-0.018351	-0.012113	-0.008977	0.172682	-0.024308	0.125776	-0.040611	-0.233696	0.023463	0.063994	0.070737	-0.077239	-0.018101	-0.175062	0.133122	-0.215573	0.071521	-0.003230	-0.020499	-0.013808	-0.008353	-0.203749	-0.107767	0.022684	0.007404	-0.157803	0.103526	0.046329	-0.060706
0.038078	0.151121	-0.021826	-0.041730	0.023163	0.087531	-0.026137	-0.026397	0.143614	0.048605	0.052497	0.123187	0.062287	0.066095	0.127636	-0.131716	-0.057367	-0.104472	0.135154	-0.102937	-0.036060	-0.121436	0.045880	0.096766	-0.159176	-0.049523	0.094358	-0.014649	-0.063906	0.174032	-0.285973	0.063840	-0.004580	-0.106193	0.024204	-0.129057	0.068365	-0.143813	0.092212	-0.181144	-0.029291	-0.115914	0.004966	0.015259	0.109853	-0.126526	0.043949	0.056638	0.044919	0.013712	0.092668	-0.043870	-0.015437	0.003181	0.102269	-0.038063	-0.045498	-0.051282	0.163976	0.178461	0.107634	-0.189677	-0.006984	0.006248	-0.050787	0.038889	0.064829	0.016923	-0.059360	0.072235	0.148072	0.239035	-0.255336	-0.137923	0.106833	-0.040248	-0.069379	-0.086877	-0.071641	-0.036365	0.035170	-0.105449	0.037766	-0.069105	-0.106273	0.054194	0.219048	0.063876	0.059859	-0.011967	0.010390	0.009409	-0.003290	-0.022621	-0.135342	-0.014897	-0.137704	0.055506	0.023096	-0.177723
-0.120450	-0.002951	-0.129015	0.058495	-0.023746	0.007936	0.097078	0.024197	0.047985	-0.072692	0.134858	0.009955	-0.065304	0.062306	0.038574	-0.025766	0.056829	-0.101663	0.092801	-0.199259	-0.054601	0.011340	0.080623	0.137323	0.139247	-0.163256	-0.012280	0.037745	0.005226	0.069644	-0.042462	-0.052061	0.069297	-0.102616	0.119579	-0.054552	0.105128	-0.145176	-0.022623	0.006315	0.074841	-0.124667	0.061503	-0.069527	-0.152706	0.063235	-0.006709	0.130225	-0.138155	-0.038237	0.227453	-0.054331	0.037912	-0.137530	-0.002085	0.016651	-0.121159	-0.015351	0.161043	-0.148667	-0.054858	0.040554	-0.156129	0.145728	-0.041061	0.046806	0.173465	0.116983	0.038813	0.068912	0.065265	-0.141050	-0.167278	-0.041391	0.092619	-0.025033	-0.101381	-0.274349	-0.206270	0.136480	-0.110281	0.216966	-0.114905	-0.015090	-0.103729	0.043493	0.084920	-0.066228	0.121649	-0.037328	0.111755	0.083012	0.025645	-0.004677	-0.067014	0.007450	-0.125102	-0.041815	0.046333	-0.043063
-0.142918	0.022925	0.014035	0.051127	0.122255	0.012800	0.024516	-0.013662	0.010500	0.036676	0.023220	0.240742	-0.086714	0.133910	0.097136	-0.000079	0.191540	0.010015	0.011695	0.059457	0.224940	0.005141	-0.071461	-0.041341	0.138243	0.136798	-0.155313	0.065348	0.086121	-0.126854	0.005107	-0.016765	0.026117	-0.012991	0.092170	-0.081365	-0.045866	0.026883	0.063790	-0.064463	0.228757	0.075893	-0.050462	0.087573	0.055581	0.018166	0.078622	0.052606	-0.059694	0.022748	0.044355	0.038814	0.127730	-0.010121	-0.003131	0.173642	-0.032808	-0.081281	0.039822	0.174567	0.111705	-0.130585	0.091514	-0.039729	-0.114059	-0.006720	0.101994	0.081799	0.076631	-0.104097	0.126961	0.138353	-0.133199	-0.068271	0.170056	-0.109968	-0.134771	-0.100942	-0.228445	0.032205	-0.136085	0.031369	-0.155987	-0.062309	-0.118190	-0.022128	0.038073	0.025657	0.101433	-0.088736	-0.069345	-0.017035	-0.045891	0.081432	0.185226	0.226497	-0.075168	0.026490	0.098945	-0.106655
-0.027569	-0.096895	-0.029037	-0.028158	0.103124	0.212127	0.056846	-0.032934	0.094505	0.018456	0.088894	0.154718	-0.084894	0.175323	0.000965	0.045568	0.172466	-0.074337	-0.045550	-0.194939	0.032708	0.183162	0.108648	0.025181	0.188291	-0.030278	-0.124274	-0.158792	-0.118325	-0.100485	-0.260750	-0.027748	0.067506	-0.000882	0.011313	-0.008672	0.035725	-0.118113	-0.099736	-0.176983	0.137151	-0.053460	-0.082709	0.123025	0.055841	-0.015322	-0.018940	-0.117431	0.022810	0.011141	-0.069305	-0.000475	0.010273	-0.032941	-0.003144	0.026610	0.034452	-0.075664	0.012354	0.087924	0.106985	-0.168475	-0.104225	0.096749	-0.035067	0.103386	0.048821	0.096457	0.059156	-0.205103	-0.018318	0.103423	0.044881	-0.111029	0.015667	-0.102736	0.023505	-0.131717	-0.233044	-0.062491	-0.094271	0.065583	-0.059425	-0.209485	-0.095339	-0.098193	-0.003983	0.055028	-0.015565	0.006953	-0.152857	-0.110507	-0.002949	-0.122310	0.097778	0.101900	0.003927	-0.022923	-0.040396	0.115926
-0.171825	-0.098044	-0.116023	0.086706	0.089359	0.073907	0.098427	-0.039647	0.177414	0.118123	0.040130	0.080196	-0.132988	0.062135	0.005514	-0.041992	0.126881	0.015068	-0.030662	0.001279	0.082438	0.035283	-0.015051	0.148875	-0.021473	0.066672	0.092472	0.120554	0.041907	0.026487	0.076530	-0.038877	-0.012508	-0.040933	0.054758	-0.152089	0.178712	0.047107	-0.027306	-0.012571	0.099749	-0.090025	-0.110467	0.104101	0.176710	0.148488	-0.013014	-0.057479	-0.051472	0.019006	-0.038162	-0.039129	-0.037207	0.013617	0.033063	0.219781	-0.171279	-0.144491	0.117933	0.061912	0.084048	0.048955	-0.086073	-0.030273	-0.016922	-0.015153	-0.043214	0.131353	-0.033939	0.010627	-0.004303	0.163940	0.060002	-0.109033	0.078171	-0.058313	-0.137540	-0.300310	-0.093328	0.030199	-0.123510	0.064171	-0.025651	0.026357	-0.329795	0.022303	-0.048414	0.064445	0.046267	-0.084780	-0.029572	-0.021092	-0.053070	-0.059127	0.245133	0.185413	0.031659	0.030000	0.076250	0.046148
-0.106432	-0.065874	0.024715	0.030025	-0.197518	0.100581	-0.009818	0.043348	0.054418	0.150844	0.163289	-0.074062	-0.020117	0.127963	0.171303	-0.020666	0.196691	0.089559	-0.028969	0.098897	0.333623	0.024436	-0.014539	0.089164	-0.024629	0.005246	-0.057455	0.138417	0.079805	-0.040036	-0.025124	0.000590	0.006289	-0.054296	0.010475	-0.107739	-0.155865	-0.039693	0.001337	0.016850	0.008326	-0.119511	0.034817	0.225450	0.079759	0.020850	0.036965	-0.054412	-0.040770	0.101002	-0.088051	0.068244	0.116290	-0.053641	0.088112	0.065394	-0.074537	-0.142958	-0.113782	0.036587	-0.025313	-0.076623	0.015731	-0.049679	-0.119783	0.134348	0.025191	0.056849	0.021310	-0.108116	-0.001775	0.169887	-0.092006	-0.037744	0.077393	-0.136179	-0.097562	-0.091368	-0.076917	-0.091777	-0.140598	0.036001	-0.054552	0.054072	-0.101010	-0.135308	0.021621	0.054637	0.016066	-0.102179	-0.000727	0.031912	-0.181649	-0.086693	0.236164	0.028530	-0.236786	-0.062523	0.155528	0.042485
-0.092707	-0.055238	0.166055	0.066553	-0.046989	0.023327	-0.084151	0.065713	0.011869	0.090248	-0.023540	0.052511	0.035537	-0.013576	-0.094327	0.046385	0.027066	-0.022332	-0.033387	0.012698	-0.133735	0.076297	0.141648	-0.168971	0.096530	0.046515	-0.075995	-0.004137	0.018967	0.021302	-0.000690	0.211105	-0.190617	0.074926	-0.059327	0.063039	0.061866	-0.205099	0.119336	0.046822	0.084125	-0.088625	0.008563	0.024338	-0.015070	0.169581	0.057860	-0.037612	0.121333	-0.138019	0.115930	-0.033407	0.218955	0.017454	-0.061327	-0.007895	-0.315292	-0.034794	-0.121682	0.115887	0.223250	-0.100993	0.120032	0.043526	-0.173628	0.116426	0.017699	-0.037289	-0.133484	0.070695	-0.029246	0.208759	0.099728	-0.004526	-0.083625	-0.114584	0.107583	-0.069042	-0.055105	-0.162222	0.034150	-0.046953	-0.157647	0.106302	0.048784	0.047436	0.047014	0.060309	0.002608	-0.138656	-0.065861	-0.036385	-0.050723	-0.096878	0.053653	0.053517	0.007745	-0.123931	-0.042656	0.125070
0.135427	-0.054711	0.081816	0.155009	0.060981	-0.205722	0.041097	-0.024476	0.107724	0.128082	-0.209433	-0.147394	-0.067199	0.004433	-0.178859	-0.036803	0.099859	0.080094	-0.178343	0.041046	0.005377	-0.013052	0.150676	-0.016987	0.089534	0.117598	-0.067604	-0.001527	0.233979	-0.117987	-0.070246	-0.002378	-0.009997	-0.050499	0.009438	0.176272	0.054473	-0.130242	-0.130484	0.109790	0.005588	0.105010	-0.016198	0.217307	-0.068119	0.134522	-0.112950	-0.004301	0.018556	0.008105	-0.087316	-0.022737	-0.014605	0.016598	0.123003	0.056101	-0.161455	0.010129	-0.056012	0.044596	0.185675	-0.116932	-0.026418	0.086224	-0.080330	0.026208	0.069020	-0.081346	-0.207750	0.082003	0.004642	-0.001295	0.085070	-0.052731	0.012900	-0.234983	-0.104688	-0.084183	-0.194964	0.018893	0.080450	0.076992	-0.013452	0.078099	-0.135932	0.062366	-0.003113	-0.048280	0.042268	-0.078122	-0.063759	-0.007077	0.028727	-0.138565	0.034476	-0.033408	0.039699	-0.110778	0.133714	0.059836
-0.040099	-0.037100	-0.165288	0.216634	-0.094668	-0.054027	0.037134	0.051755	0.023026	0.030927	-0.047156	0.008027	0.164742	0.145763	-0.151314	0.134016	0.043155	0.076703	-0.100965	-0.170474	0.014559	0.041784	0.108426	-0.035983	0.078458	-0.064250	0.141410	0.191769	0.089384	-0.145050	-0.145806	-0.071023	0.090613	0.022724	-0.026278	0.109418	0.109551	0.112617	-0.082660	-0.080356	-0.024901	0.042750	0.126836	0.054544	-0.038662	0.080603	-0.094972	0.051969	0.066126	-0.039591	-0.186866	-0.068665	-0.044519	-0.094109	0.037864	0.042512	-0.148621	0.162179	0.007513	-0.091995	0.163237	0.011533	-0.258360	-0.061606	-0.096422	0.020501	0.160392	0.048734	-0.056783	0.187020	-0.015133	-0.021134	-0.009493	-0.100085	-0.067932	0.000448	-0.050060	0.063930	-0.099289	0.161584	0.083696	-0.043291	-0.008193	0.126407	0.028662	0.024467	0.163696	0.079110	0.022601	-0.153897	-0.149020	0.004142	0.008921	-0.048285	0.015929	-0.136608	0.178908	0.006957	-0.111075	0.097056
0.001874	-0.217967	0.004703	0.000987	-0.041062	-0.098732	-0.008083	0.052937	0.287853	-0.036813	-0.044724	0.171952	-0.076996	0.109455	-0.013770	-0.131387	-0.111414	0.041034	0.038308	0.013360	0.102146	0.052232	0.033110	-0.128038	0.115358	0.026796	-0.009175	0.042973	0.151472	0.027864	-0.013774	-0.049726	-0.004962	0.082593	0.104341	0.131733	0.183967	0.039068	-0.020402	0.064625	-0.016461	0.132877	-0.140613	-0.051451	0.093460	0.003176	0.019370	0.185711	-0.114641	-0.210066	0.027951	-0.134869	-0.079230	0.056973	0.032679	0.087767	-0.060128	-0.033435	0.055140	0.123200	-0.006486	-0.153821	0.077928	-0.180876	-0.015332	0.081592	-0.054190	0.045050	-0.123546	-0.164987	-0.056608	0.334504	0.119753	0.058439	0.043226	-0.165134	-0.016874	0.029698	-0.055237	0.023964	0.131839	-0.080401	0.038329	0.108771	-0.017828	0.035662	0.127715	-0.052281	0.041112	0.110153	-0.095627	0.088506	-0.097149	0.127950	0.004932	-0.078913	0.005835	0.042990	-0.008477	-0.124817
0.103171	-0.015180	0.062763	0.214691	0.301125	0.104657	-0.006074	0.016777	0.023745	0.122317	-0.120528	-0.008550	0.032211	0.159169	0.058447	0.003005	0.031381	0.065733	-0.053457	-0.026855	0.005199	-0.085580	0.024141	-0.091303	-0.068134	-0.095359	0.062446	0.141361	0.030672	-0.138786	-0.074539	-0.072403	0.252019	0.171696	-0.165200	-0.049647	0.151399	-0.018088	0.076289	0.102042	-0.078055	0.042638	0.032020	0.157072	0.098007	-0.063793	-0.108802	0.077768	-0.048546	-0.038539	0.016817	-0.077530	0.023272	-0.069725	0.019947	-0.070300	-0.100954	0.099814	-0.123443	0.107273	-0.072261	-0.209732	0.025178	-0.222056	-0.004284	0.084993	0.107151	-0.014967	-0.151986	0.128825	-0.003840	0.065104	-0.068282	-0.153091	-0.033866	-0.060564	0.109486	0.003253	0.075268	-0.065266	0.051589	-0.059667	0.089498	0.115328	-0.063451	-0.119006	-0.003607	0.052873	-0.061871	-0.233130	0.098877	0.044677	0.151761	0.097999	0.032959	-0.071511	-0.023012	0.008015	-0.049758	0.104898
-0.087497	-0.056337	0.053147	0.101922	0.035697	0.163474	0.121637	0.024044	-0.033076	-0.211820	-0.048555	0.145284	0.082451	0.095437	-0.032545	0.108457	-0.064182	0.081410	0.139921	-0.076845	-0.082976	0.052451	0.038325	0.121246	-0.022819	0.137134	0.083710	-0.205064	0.077190	0.139760	-0.161655	0.034155	0.044584	0.074083	0.051140	-0.081715	0.017241	-0.036818	0.194953	0.074502	0.014956	0.041867	0.040836	0.120267	-0.135664	0.063853	0.043092	0.034974	-0.002825	0.041995	0.113337	-0.146918	0.109563	-0.080344	0.133003	0.070554	-0.031905	-0.168773	0.116822	0.070074	0.195988	-0.265936	0.102825	0.030960	-0.002115	0.041141	-0.007457	-0.011420	0.134215	-0.035013	-0.202796	0.139445	-0.025285	-0.017863	0.055988	0.050098	-0.052875	-0.046480	-0.054391	0.163560	0.088989	0.107524	0.017893	0.114971	-0.180652	0.160635	0.024300	0.074220	0.054219	0.170029	-0.047235	-0.081287	-0.015658	0.027612	-0.034722	-0.095102	0.049811	-0.121798	0.014709	-0.097569
0.039325	-0.080000	0.027234	0.080811	-0.159377	-0.019983	0.013467	0.072968	0.100947	0.008155	-0.001565	0.109158	0.107376	-0.044668	0.045770	0.028512	-0.007609	-0.050267	-0.073488	-0.036533	0.153582	-0.021852	0.071055	0.014663	0.015026	0.082035	-0.108813	0.234470	0.058735	-0.103972	0.034448	-0.034977	0.116079	-0.073376	-0.107989	-0.050167	0.031606	-0.064819	-0.007292	0.124090	0.044210	-0.036620	0.079939	0.006168	0.134327	-0.137193	0.043290	0.155210	0.115616	-0.047701	0.000451	-0.141732	-0.049594	-0.070789	0.025650	-0.090929	-0.222485	-0.290766	0.201245	0.114349	0.176573	-0.150943	0.048409	-0.120009	0.022043	0.058789	-0.059444	-0.070380	0.213457	-0.015044	-0.053321	-0.073752	-0.013970	-0.207404	-0.045431	-0.025578	0.004377	-0.078731	0.128721	-0.110435	0.141386	0.009924	-0.111856	0.202741	-0.087587	-0.092927	0.223926	-0.057017	-0.065124	0.001125	-0.036738	0.061279	-0.009620	0.022211	0.022010	0.000916	-0.096499	0.120789	-0.047791	0.147162
0.069357	-0.095393	-0.004316	0.051761	-0.045475	0.094418	-0.132607	0.036926	-0.048808	-0.120419	0.116961	0.074709	-0.010257	-0.001881	0.069394	-0.089915	0.001657	-0.099037	-0.080298	-0.065944	0.053232	-0.149935	0.122678	-0.132828	0.159394	0.093516	-0.040427	0.099259	0.121137	-0.045528	0.010534	-0.046277	0.143741	-0.007476	-0.098206	0.033598	0.054860	-0.141124	-0.029446	0.046747	0.017248	0.179170	0.075871	-0.025798	0.154337	-0.097358	-0.069206	0.195550	0.111352	-0.046846	-0.005216	-0.130637	0.204737	-0.152267	0.165544	-0.122606	-0.278951	-0.054433	0.128705	0.080134	0.172112	-0.244304	-0.049415	-0.019076	0.055586	0.011935	0.139788	-0.053063	-0.141829	0.080672	-0.054193	0.000903	0.033338	0.110879	-0.070038	-0.043843	-0.005246	0.065333	0.142945	0.022939	0.053574	0.131670	0.011266	0.115305	0.026999	-0.004169	0.103291	0.116857	-0.111993	-0.124519	-0.004189	0.042537	0.148504	0.082431	0.102023	-0.052556	0.114210	0.037832	0.085304	-0.018746
-0.077220	-0.317804	-0.027514	0.068193	0.006195	0.048011	-0.016722	-0.029044	0.076215	0.030734	-0.147278	0.050866	-0.021630	0.081838	-0.070696	0.052596	0.136104	-0.001724	-0.033686	-0.069169	0.088249	0.210477	0.144221	0.026975	0.126839	0.140558	-0.093303	-0.209524	-0.045356	0.079649	-0.233911	0.040845	0.000502	0.066541	-0.040447	0.138798	0.009632	-0.001434	0.012017	-0.003476	-0.025381	-0.114431	0.079828	-0.076811	-0.009419	0.009013	-0.063423	-0.016125	-0.017819	-0.066699	0.054301	-0.067215	0.083135	-0.029910	0.139730	0.013973	-0.130342	0.173161	0.090100	0.063242	0.081738	-0.249275	0.094402	0.039874	-0.145493	0.095974	0.060957	-0.031129	-0.140596	0.045897	-0.059000	0.173240	0.083085	-0.075772	0.066189	-0.036650	0.016475	-0.099254	-0.178347	0.032442	0.084623	0.093968	0.072846	-0.035596	-0.201692	-0.057217	-0.042832	0.065341	-0.146517	0.002218	-0.181056	0.139922	-0.117315	-0.046920	-0.088209	-0.126001	0.073943	-0.016313	-0.031332	-0.090107
0.105392	-0.049635	-0.006910	-0.017210	0.065723	-0.040472	-0.141968	0.008903	-0.177241	0.015750	-0.032322	-0.053335	0.209502	-0.087571	0.030874	-0.026630	0.017232	0.098249	-0.126294	0.093627	0.033755	0.046694	0.100470	-0.165632	0.002160	0.104030	-0.095635	0.073933	0.028614	-0.043829	-0.033039	0.043508	0.155121	-0.043350	-0.106516	0.018321	0.062892	-0.082399	0.088922	-0.102029	0.006546	-0.054689	0.060936	0.187751	-0.042460	0.052416	0.123701	0.098942	0.217390	-0.163984	0.018356	-0.064301	0.143061	-0.034934	0.195071	-0.132740	-0.153143	-0.060873	0.081630	0.017474	0.237788	-0.094163	-0.021920	-0.140822	-0.120208	0.071134	0.086651	-0.001538	-0.157295	0.086129	-0.077673	0.063882	0.044835	-0.095753	0.198412	-0.020039	0.038384	-0.053446	0.004205	0.073850	0.081599	-0.002234	-0.097084	0.153084	-0.042229	-0.157107	0.158097	0.074804	-0.138559	-0.025569	-0.112858	0.089337	0.017655	0.023342	0.138210	-0.173438	0.092526	0.145828	0.054561	-0.015895
0.084242	0.040334	0.142707	0.090892	0.085864	0.002897	-0.017422	0.125158	0.096418	-0.103136	-0.215258	-0.077884	0.056051	0.229830	0.003572	0.076553	0.109348	-0.019739	-0.024119	0.092780	0.015660	0.046726	0.028171	0.232545	-0.030212	0.119064	-0.147912	-0.008565	0.000105	-0.001435	-0.126166	0.077643	0.056029	0.007834	0.077402	-0.028331	-0.148373	-0.019505	0.236494	-0.031391	-0.008808	-0.106913	0.084143	0.052518	-0.104391	-0.005130	0.045292	-0.122703	0.050262	0.112918	0.033556	-0.194504	-0.051468	-0.033683	0.113082	-0.321116	0.037091	0.020312	-0.027074	0.076002	0.214162	-0.270489	0.033228	0.090524	-0.078591	-0.016810	0.077807	-0.016543	-0.121188	0.046429	-0.041404	0.033176	-0.068239	-0.121980	0.150945	-0.152675	-0.045016	-0.159694	-0.042910	0.027395	0.047621	-0.032259	-0.059868	0.080090	-0.089245	-0.081404	-0.032426	0.043519	0.000607	-0.028635	-0.114528	0.065856	0.052025	0.089251	0.009521	-0.074036	-0.054305	0.122852	0.074438	0.030607
0.047671	-0.065820	0.056382	-0.041918	-0.076263	-0.084905	-0.013724	-0.159349	0.059479	-0.034278	0.027610	0.050795	-0.028405	0.184327	-0.042165	0.019437	0.062375	0.003821	-0.108401	-0.011557	0.102782	0.022377	0.122167	-0.140017	-0.034714	0.089961	0.028129	0.268839	0.151678	0.079773	-0.121381	-0.051540	-0.003494	0.004824	0.116424	0.144814	0.052717	-0.322059	-0.122950	0.079322	0.044101	0.019481	-0.133114	0.074602	0.014710	0.019100	0.114281	0.095902	0.045479	0.027465	0.011157	-0.006330	0.229462	-0.156625	0.014987	-0.052066	-0.181651	-0.066084	0.008899	-0.077560	0.056245	-0.013647	-0.081085	-0.118461	-0.062042	-0.115679	0.101554	-0.102936	0.049229	-0.012688	-0.034220	-0.023723	-0.122876	0.048954	0.048503	-0.062555	-0.186712	-0.087047	0.031776	0.113664	-0.013580	0.083131	-0.116678	-0.077765	0.134729	0.051280	0.037740	-0.051871	-0.048852	-0.036699	-0.307646	0.153699	0.018232	-0.014806	0.094072	-0.151804	0.069058	0.064833	0.110520	0.055090
0.106740	-0.158521	-0.072091	0.012439	0.059128	-0.087142	0.067335	0.011654	0.161622	-0.004648	-0.110411	0.037388	-0.015215	0.183447	-0.070720	0.180650	0.201379	-0.196238	0.008529	-0.008162	-0.003564	-0.038513	0.170127	0.030146	-0.021743	0.043943	0.075018	0.059595	0.160026	0.057180	-0.174352	-0.045630	0.029418	0.175711	0.216403	0.129478	-0.053090	-0.229483	-0.026746	0.007429	0.070084	-0.045268	0.087825	0.149456	0.048128	0.079264	-0.072894	0.019395	-0.011839	0.052630	0.056493	-0.073178	0.032842	-0.078161	-0.008684	-0.030069	-0.074714	-0.013214	0.014580	-0.110182	0.100470	0.014655	0.115556	-0.018423	-0.081739	0.062642	-0.001623	-0.152525	0.043552	-0.139574	-0.022976	-0.093637	-0.237489	-0.131388	0.061474	-0.089686	-0.012336	-0.138073	-0.074008	-0.064533	-0.083058	-0.026993	-0.017437	-0.120628	0.089234	0.020238	-0.029400	-0.048596	-0.151803	-0.093181	-0.262087	0.043293	-0.027705	-0.081209	0.124505	-0.164759	0.005501	0.117134	-0.055835	-0.029383
-0.152500	-0.067514	0.102115	0.127821	0.098609	0.075295	-0.122057	-0.008968	0.050524	-0.094675	-0.103341	-0.003816	-0.050303	0.143196	0.014979	0.025174	-0.016165	-0.007909	0.026977	-0.063480	0.017532	-0.040362	-0.184700	0.111688	-0.072252	-0.024614	0.028309	0.041721	0.024537	0.208159	-0.114016	0.046188	-0.065255	0.177902	0.083513	-0.104062	0.061546	-0.089985	0.076697	0.161435	-0.077956	0.007294	0.055511	-0.127836	-0.102641	0.038724	0.162097	0.067106	0.009519	-0.059998	-0.110964	-0.003245	0.262588	-0.009099	0.060623	0.056118	-0.053528	0.126030	-0.029478	0.090811	0.107612	0.061999	-0.005642	-0.045414	-0.131795	-0.036840	-0.096719	0.089159	-0.049993	-0.075984	-0.146138	0.109000	0.044042	0.098142	0.130818	-0.045040	0.213066	-0.065132	-0.209084	0.074705	-0.064134	0.117804	-0.196353	0.139870	0.026772	-0.064790	-0.036189	0.156064	0.051187	-0.107044	-0.144804	0.064887	0.043446	-0.062400	0.037461	-0.104331	0.182220	0.099091	0.089954	0.149736
-0.004349	-0.032807	-0.040633	0.038172	-0.025597	0.041602	0.101649	-0.039321	-0.001017	-0.069021	0.128188	0.124840	0.041421	0.183301	0.206186	-0.034557	-0.012348	-0.116539	-0.186234	0.041040	0.119537	-0.041017	-0.109614	-0.049435	-0.071594	0.044305	-0.066249	0.230567	0.136608	0.164858	0.012760	0.003538	0.075437	0.028550	-0.028563	0.032181	0.068681	-0.012874	-0.090419	0.076730	-0.010649	0.025287	0.141039	0.020080	0.124747	0.011964	0.008404	0.149335	0.099867	-0.038826	-0.160192	-0.092600	-0.044333	-0.064889	-0.029755	-0.161451	-0.023727	0.113562	0.131745	-0.073026	0.190911	0.054718	0.020056	-0.002670	-0.052920	0.074353	0.060470	-0.066833	-0.152004	0.123444	0.022668	-0.036092	-0.197231	-0.079513	0.221409	-0.083527	-0.202254	-0.019032	0.018019	0.044549	-0.101695	0.079272	-0.130946	0.026817	-0.004213	-0.136415	-0.216356	-0.053117	-0.118292	-0.116351	-0.106546	0.187136	0.087272	-0.011138	0.037172	-0.176378	-0.025829	0.060953	0.049280	0.090354
-0.064796	0.063321	-0.077977	0.153968	-0.158449	-0.004060	0.059098	0.114152	0.148520	-0.187071	-0.060278	0.123379	0.192850	0.127102	-0.031965	-0.038155	-0.003210	-0.128303	0.022521	-0.070985	0.020117	0.070134	-0.036284	-0.027569	0.018848	0.004433	-0.182461	0.044882	0.198509	0.165398	-0.063347	-0.033323	-0.155379	-0.084317	0.055238	0.164090	0.015724	-0.077737	0.045756	0.145061	-0.195155	-0.053765	0.152226	0.086474	0.094227	0.000229	-0.012554	0.090285	0.142730	-0.021204	0.005801	-0.053905	-0.019848	0.022553	0.014554	-0.064658	-0.035012	0.031697	-0.033957	-0.113394	-0.110188	0.035200	-0.043577	-0.003036	-0.072095	0.044021	0.089510	-0.092314	-0.312977	0.074096	0.035670	0.000568	-0.013567	-0.084946	0.273570	-0.047680	-0.101035	0.025875	0.078770	-0.146377	0.051915	-0.000346	-0.137794	-0.095624	0.040811	-0.203704	-0.007881	0.006156	-0.081928	-0.014563	-0.059230	0.035679	0.086949	-0.080035	0.019589	0.057727	0.053189	-0.136737	-0.070139	0.173945
-0.034433	0.142305	0.057977	-0.026631	0.018397	0.059701	0.086902	-0.053761	0.151145	0.135905	0.027428	-0.175975	-0.165350	0.152353	0.110229	-0.023369	-0.093859	-0.068775	-0.067077	0.010298	-0.007806	-0.141755	0.160354	0.115480	0.061440	0.068017	-0.002122	-0.048876	-0.100968	-0.008128	-0.001994	0.061353	-0.176437	-0.025113	0.098506	0.035659	-0.002574	-0.001556	0.083523	0.093579	-0.069893	-0.099453	0.019928	0.066294	-0.153176	-0.002632	0.195450	-0.097196	0.072289	-0.128074	0.126504	-0.197976	0.089034	0.024499	0.001361	0.060301	-0.083788	-0.196037	0.009533	-0.086700	0.106228	-0.307306	-0.145158	-0.101915	-0.003068	-0.109578	-0.033401	0.042960	-0.030452	-0.034455	-0.079517	0.142135	0.197436	-0.087568	0.042287	0.039256	0.017402	-0.033503	-0.191810	-0.021785	-0.075123	0.010661	0.146616	0.077552	-0.051152	-0.101932	0.092473	0.220746	-0.070325	-0.051858	-0.143611	-0.018255	0.127656	-0.019379	0.099486	-0.032765	0.018585	-0.024842	0.014575	0.006960
0.050270	0.179546	-0.134405	0.248470	0.024187	-0.042628	0.153082	0.036163	0.127769	-0.056244	-0.179014	-0.145438	-0.077792	0.125636	-0.214662	0.007939	0.029533	-0.024571	-0.118409	-0.014145	-0.100073	0.035876	0.007204	-0.011020	0.023553	0.018786	0.102200	0.088286	0.040981	0.105936	-0.077773	0.173200	-0.068843	0.083442	-0.090975	0.148062	-0.031753	0.059912	0.067247	0.010843	0.078040	0.110962	-0.130482	0.034262	-0.106464	0.060556	0.234095	0.115191	0.057679	-0.218435	0.062381	-0.090335	0.185173	0.082306	-0.076380	0.150065	-0.047167	0.026097	0.128535	0.070965	0.086724	-0.066511	0.087646	-0.013988	0.017442	0.112978	0.066926	-0.005754	-0.051012	0.055650	0.076583	0.169303	-0.023785	-0.013108	0.173077	-0.076281	0.135059	-0.115700	-0.032716	0.093773	0.108234	-0.004453	-0.140825	0.013114	-0.098484	0.139361	-0.077390	-0.021073	-0.049503	-0.063777	-0.018438	-0.092842	-0.099856	-0.070704	0.008853	-0.001604	0.082790	-0.140777	0.006398	0.120029
0.261491	-0.037813	0.065368	-0.076152	-0.090040	0.002704	-0.075573	0.045236	0.098273	-0.015150	-0.057341	-0.009408	0.018159	0.172960	-0.206138	0.073985	0.148422	0.178369	-0.124430	0.163416	0.023439	-0.071110	0.116795	-0.020827	-0.076394	0.022993	0.063758	0.039390	0.044132	0.045441	-0.137515	0.242624	-0.114178	0.024814	0.031793	0.049973	-0.065151	-0.157021	-0.017834	0.157996	0.104721	0.010266	0.025161	0.129441	-0.049987	0.013659	0.083038	-0.043064	0.058885	-0.041851	-0.019019	-0.039186	0.185845	-0.073172	-0.087321	-0.108581	-0.212655	-0.045353	0.076913	0.026581	0.198765	-0.182696	-0.055115	0.068275	-0.122708	0.009433	0.117507	-0.020226	-0.125060	-0.085317	-0.021416	0.019657	-0.106132	0.084708	0.130108	-0.074895	0.035744	-0.004476	-0.061969	-0.148425	0.096656	0.121085	-0.224628	-0.019496	-0.170466	-0.011643	-0.008760	-0.054528	0.053820	-0.059875	-0.173047	0.042062	-0.018719	-0.063656	0.068420	-0.021301	0.082404	-0.049963	0.074172	-0.016256
-0.101738	0.026169	0.038948	0.140230	0.026066	0.175246	-0.038230	0.122758	0.043430	0.013441	0.055497	-0.037199	0.134745	0.075120	0.135158	0.133011	0.057740	0.030932	-0.126465	0.142853	-0.012810	-0.017527	0.062084	-0.179118	-0.021846	-0.112269	-0.095355	0.069308	0.010107	-0.002095	-0.020899	0.158114	0.035462	-0.009657	-0.179461	-0.129035	-0.028709	-0.216599	-0.014076	-0.045143	-0.118266	0.040727	0.113376	0.177089	0.157136	0.020276	0.016201	0.109324	0.006006	-0.130683	0.056661	-0.113386	0.000222	-0.007918	-0.116943	-0.097806	0.005640	-0.003527	-0.113370	0.130599	0.118197	-0.074642	-0.027079	-0.029879	0.079576	0.073875	0.007835	-0.101404	-0.181926	0.063380	0.049808	0.224478	-0.016143	0.031298	0.095216	0.054149	-0.005766	0.010358	-0.144786	0.013703	-0.135925	0.020122	-0.236630	-0.016656	-0.056643	-0.084971	0.170833	0.025142	-0.145471	-0.057918	-0.182859	0.106179	-0.167198	0.010481	0.168792	-0.045640	0.038276	-0.025545	-0.037267	0.159896
-0.142077	-0.079621	0.111659	-0.058214	0.005857	0.118054	0.040951	0.012678	-0.059614	0.012910	-0.001573	0.003540	0.077402	0.072066	0.192402	0.082505	0.005026	-0.096812	-0.117203	0.093065	0.021700	-0.017789	-0.114723	-0.048152	-0.097180	-0.138544	0.041454	0.077463	0.026317	0.014764	-0.160489	0.156196	0.084920	-0.045930	-0.076997	-0.068341	-0.017831	-0.168149	-0.049688	0.087250	-0.063108	-0.100839	0.174626	0.119642	0.058866	-0.064115	0.038098	-0.037877	0.149989	0.034941	-0.026926	0.015443	0.117307	0.066337	-0.111386	0.020929	-0.058724	0.079670	-0.162161	0.101530	0.124683	-0.179263	0.095043	0.081854	-0.067226	-0.033003	0.108208	0.057190	-0.054517	0.126717	0.022735	0.129592	-0.138863	-0.091018	0.202870	-0.030685	-0.038834	0.051339	-0.259744	0.015806	-0.086767	-0.045782	-0.147144	0.097844	0.044810	-0.157256	-0.002660	-0.024213	-0.037537	-0.215785	-0.099076	0.182595	-0.042442	0.042286	0.149442	0.086852	-0.124874	-0.100555	-0.014487	0.192140
0.059465	0.163754	0.075915	-0.036081	0.145423	0.011497	-0.085689	0.003967	-0.118242	-0.155300	0.014807	0.011978	-0.142481	-0.056832	0.108967	-0.018629	0.007021	-0.007343	-0.061572	0.090904	0.020287	-0.039286	-0.137514	-0.048461	0.002604	-0.053874	-0.151513	-0.086566	0.098392	-0.095872	0.011167	0.017123	0.057521	-0.050991	-0.068889	0.084879	0.069640	-0.037697	0.066016	0.147962	0.022044	0.018423	0.032312	0.085990	0.003544	0.080206	0.249630	-0.034600	-0.044315	-0.135990	-0.005858	0.132672	0.000580	-0.043047	-0.029109	0.068790	-0.132605	-0.264724	0.053514	0.093275	0.029333	-0.135863	-0.031061	-0.058333	-0.000080	0.045276	0.243038	0.212407	-0.013063	-0.046296	0.102128	0.222669	-0.113628	-0.083169	0.045623	-0.044756	-0.081081	-0.164419	-0.114346	0.005105	-0.032142	0.001698	-0.059033	0.176057	-0.072027	-0.023387	0.132853	0.075256	0.146417	-0.075377	0.075152	-0.115245	-0.161480	-0.030288	0.214976	0.149661	-0.059727	-0.148554	-0.008808	0.050537
-0.075653	0.082154	0.118338	0.183664	0.104237	-0.044384	-0.102595	0.121862	-0.069149	-0.135917	-0.018942	0.032374	-0.122126	0.196807	-0.028510	-0.009861	0.089619	0.080597	-0.087170	-0.027120	-0.010111	0.000631	-0.091731	0.045075	0.151746	0.027445	-0.054986	0.005648	0.129648	0.086092	0.002312	0.187530	0.127831	0.051812	0.047778	-0.012952	0.218218	-0.031736	-0.046325	0.058480	0.073603	0.134988	0.040915	0.077509	0.009692	-0.088477	0.096545	0.036164	-0.027716	-0.085786	-0.006018	0.109078	0.098929	-0.032313	0.043836	0.172962	-0.092786	-0.086168	-0.092963	0.121132	0.131873	-0.054563	0.030014	0.024522	-0.057283	0.032733	0.242774	0.049397	-0.077352	0.048996	0.109371	0.109288	0.005460	0.126805	0.121198	-0.159086	0.053581	-0.096510	-0.075952	0.008978	-0.047877	0.013725	-0.062480	0.229686	-0.180883	0.027644	-0.018901	-0.054470	0.116805	-0.189302	-0.072764	0.012147	-0.066136	0.099602	0.008701	0.211750	0.103149	-0.237778	0.007931	-0.061259
0.273091	0.125688	-0.081118	0.169160	-0.045404	0.086312	-0.020543	0.025221	0.110385	-0.065485	0.045453	0.031109	-0.004868	0.145639	0.113357	-0.044649	0.055441	-0.082722	-0.150411	0.103685	0.097827	0.025959	0.012031	0.174385	-0.021205	-0.058717	0.015307	0.028558	0.064152	-0.039481	0.023952	0.179599	0.136053	0.032755	-0.053757	0.029873	0.090682	-0.163301	0.111039	0.087449	-0.156893	0.128200	0.057262	0.107737	0.043990	-0.070196	0.224669	-0.070026	-0.063261	-0.115403	-0.104503	0.025127	0.024439	0.133579	0.035853	0.006082	-0.156533	-0.078423	-0.057634	0.098156	-0.014683	-0.127161	0.089959	-0.118802	-0.026401	-0.062042	0.015764	0.157110	-0.092278	-0.055137	-0.022266	0.162352	-0.038764	-0.049330	0.204642	0.002768	0.041835	0.026447	-0.165846	0.126672	0.096782	-0.177035	0.090573	0.228119	0.043328	0.008646	0.031829	-0.106925	-0.060242	-0.140676	0.041422	-0.022782	-0.047610	0.005424	0.056096	0.034721	-0.072925	-0.127817	0.134774	-0.079410
-0.017687	-0.189310	-0.077033	-0.038072	-0.127581	-0.107043	0.007679	-0.007369	0.282081	0.010314	-0.132709	0.122725	0.053061	0.151607	0.022808	-0.092346	-0.049809	0.010499	0.057587	0.033686	0.106703	-0.149667	0.098277	-0.149919	0.135082	-0.064711	0.007120	0.206591	0.111862	0.025951	0.016985	-0.014167	0.086348	0.100583	-0.015374	0.012192	0.073214	-0.021271	-0.009987	-0.069761	0.000840	-0.060332	-0.064077	0.041448	0.076454	0.082989	-0.059425	0.252115	-0.169811	-0.073265	0.144424	-0.176578	0.031273	-0.004574	0.015549	-0.029878	-0.107404	0.014720	0.064006	0.008418	-0.031156	-0.201438	0.024469	-0.015575	-0.012261	-0.036522	-0.054009	0.036363	-0.139933	0.067235	-0.115537	0.279648	0.021247	0.140656	-0.067450	-0.090266	0.062521	-0.032457	0.112015	-0.098046	0.187594	-0.004493	-0.121911	0.097311	-0.040749	-0.045778	0.069984	-0.003586	0.012655	0.065867	-0.017581	0.105351	-0.013261	0.109883	0.188194	-0.075282	0.053399	0.126594	-0.164582	-0.007475
0.041375	-0.026642	-0.085402	0.123685	0.045836	-0.034618	0.046763	0.018434	0.087142	-0.014877	0.122487	0.026277	-0.198563	0.217370	-0.021993	-0.007751	0.005785	0.013049	-0.091759	-0.108327	-0.050698	0.025374	0.269385	-0.042059	-0.114209	-0.037998	-0.074309	-0.114755	0.190721	-0.117466	-0.200301	0.057446	-0.083124	0.083074	0.096950	0.249482	0.076439	0.004885	0.123439	-0.054719	-0.009595	0.027474	-0.126969	-0.121006	-0.064769	0.043974	0.152001	-0.073891	-0.079221	-0.032240	-0.018193	-0.026470	0.114282	-0.008169	-0.144062	-0.061427	-0.285405	-0.081976	0.105132	-0.071813	0.177325	-0.064530	0.024641	0.118410	-0.064108	0.054999	0.110400	0.018636	0.052745	0.016237	-0.109898	0.159018	-0.056845	0.024819	-0.000573	-0.142479	0.003183	-0.056172	-0.087908	-0.090514	0.082530	0.162411	0.074820	-0.027169	-0.009097	0.082629	-0.095661	0.010827	0.030420	-0.136828	-0.179937	-0.057121	0.144875	0.006321	0.043700	-0.096822	0.080502	-0.037130	-0.026226	-0.045928
0.033594	-0.173195	-0.040016	0.006574	-0.243244	0.007998	0.085002	0.074222	0.123510	-0.020153	-0.079674	0.032719	0.119105	0.216632	-0.105529	0.081372	0.005122	-0.007725	0.090394	-0.016450	0.165108	-0.058387	0.104762	0.042093	0.083435	0.065189	0.005925	0.152234	-0.012500	0.155150	-0.038453	0.069443	-0.081100	0.084799	0.054030	-0.075916	-0.149143	-0.191951	0.101417	0.152728	0.080028	-0.006436	0.017628	0.032112	-0.060860	0.127856	-0.003498	0.204239	0.066436	-0.083501	0.064662	-0.094334	0.002890	0.042984	0.031902	-0.096315	-0.172532	-0.130747	0.064866	-0.057174	-0.028495	-0.050402	0.016413	-0.041987	-0.019810	-0.009515	-0.014925	-0.000891	-0.069899	0.061196	-0.148863	0.139237	-0.000561	0.008604	-0.066421	-0.098675	0.012169	-0.135321	0.192002	-0.010928	0.126868	-0.105584	-0.188511	0.132514	-0.057712	0.062424	0.138008	0.090009	0.118554	-0.015694	0.127020	0.062917	0.072410	-0.055213	0.290467	-0.011185	0.066519	0.057091	0.107616	-0.116834
-0.004451	0.035739	0.004199	0.031720	-0.059505	0.136313	0.006735	0.088010	-0.160438	-0.118362	0.181692	-0.067615	0.012850	0.127127	0.073716	-0.112676	0.128019	0.079763	-0.075980	0.073021	0.072850	-0.079288	-0.024504	-0.051399	0.001651	0.084681	-0.183861	0.076264	0.103097	0.147803	0.039648	0.104830	0.095627	0.068142	-0.123298	0.153257	-0.062781	0.016684	0.077211	-0.017475	-0.030190	0.021025	-0.006521	0.061945	0.222247	-0.046872	0.203348	0.072271	-0.042746	-0.084043	0.124001	-0.007860	0.107632	-0.038179	-0.084789	0.010022	-0.001152	-0.079842	-0.158745	0.055505	-0.043678	-0.274644	0.045158	-0.136220	-0.021623	0.046027	0.171853	0.169667	0.041775	0.015666	0.143855	0.148732	-0.033612	-0.024051	0.319721	-0.070353	0.033554	-0.120977	0.055127	-0.008372	0.051064	-0.093652	0.048880	0.038307	0.044714	-0.178748	0.155740	-0.061889	-0.002767	0.079329	0.047110	0.049911	0.025194	0.127261	0.122094	-0.056206	-0.088490	-0.033203	0.079152	-0.001892
-0.041014	0.002751	0.067449	0.080361	-0.050130	0.123119	-0.001088	-0.048746	0.021992	-0.084893	0.179174	0.065916	-0.061984	0.101083	0.016591	-0.058301	0.046456	0.083864	-0.075119	0.084754	0.115592	0.018448	0.032705	-0.229242	0.060651	0.108223	-0.155113	0.115770	0.150731	-0.021732	0.074768	0.040339	0.054333	0.168120	-0.136213	0.142156	-0.046287	-0.033709	0.037134	-0.008561	-0.046702	0.178348	0.066200	-0.008909	0.294603	-0.099094	0.226806	0.022455	-0.072205	-0.081285	0.064664	0.004700	0.042913	0.050441	-0.076205	-0.013531	0.004110	-0.062007	-0.121858	0.036016	-0.053213	-0.138413	0.032773	-0.104780	0.002786	0.149954	-0.113439	0.264303	0.065243	-0.180052	0.040154	0.234731	0.058689	0.040748	0.259945	-0.069355	0.105363	-0.148174	-0.061080	-0.025720	0.055284	-0.009644	0.001540	0.103626	0.007403	-0.170052	0.076925	-0.060976	0.040883	-0.086264	0.036642	0.013600	-0.044834	0.033636	0.055672	-0.031216	-0.001541	-0.072406	-0.021316	-0.031886
0.079995	-0.154516	-0.011890	0.109929	-0.119443	0.014382	-0.043973	-0.045740	-0.002366	-0.038675	0.032373	-0.059632	-0.071332	0.221312	0.022439	-0.048651	0.045700	-0.000509	-0.032000	0.135559	0.113323	0.012268	0.026661	-0.005506	0.100332	0.080082	-0.037100	0.070216	0.009010	-0.037767	0.096668	0.157206	0.043537	0.066043	-0.040977	0.089171	-0.034759	-0.016068	0.184903	-0.031860	-0.101712	0.162118	0.069215	0.025399	0.128398	-0.030855	0.201024	0.051904	-0.037061	-0.119098	0.138298	0.002119	0.143274	0.020174	-0.111388	-0.084645	-0.028525	0.014617	-0.191852	0.008197	-0.088212	-0.175152	0.084620	-0.158881	-0.040683	0.131263	0.117486	0.135912	0.060849	0.103620	-0.042809	0.208347	0.002289	0.077702	0.154398	-0.148796	0.140930	-0.046050	-0.091109	-0.034178	0.088121	-0.092934	-0.061059	0.131788	-0.036701	-0.149806	0.035547	-0.081198	0.032396	-0.139146	0.053823	-0.048395	-0.158572	0.207265	0.114258	0.147806	-0.180957	-0.112418	0.055113	0.052202
-0.042370	-0.006686	0.100271	0.155578	-0.045585	0.148623	-0.048761	0.072629	0.018528	-0.096235	0.096949	0.025724	-0.030805	0.138666	0.164101	-0.102680	-0.022516	0.027328	-0.008451	0.091833	0.090566	-0.089200	-0.115723	-0.052627	-0.006094	-0.068960	0.017337	0.023032	0.131199	-0.039188	0.136331	0.083767	0.096727	0.063273	-0.072156	-0.017814	0.052133	-0.087327	0.102304	0.023305	-0.023938	0.094729	-0.001947	0.027312	0.001124	-0.082922	0.240152	0.190266	-0.031108	-0.088845	0.172050	-0.026568	0.091307	-0.088541	-0.046451	0.152032	0.020410	-0.117653	-0.084206	0.087896	-0.075048	-0.039550	-0.144041	-0.169586	0.095735	0.101193	0.095493	0.216698	0.025516	-0.067698	-0.028612	0.189384	-0.113448	-0.038107	0.238062	-0.045085	0.045631	-0.183287	-0.082493	0.058453	-0.020290	-0.123844	0.039166	0.067134	-0.087568	-0.018492	0.134443	-0.156854	0.069764	0.067347	0.090579	0.004236	0.086202	0.087223	0.076066	0.135091	-0.219446	-0.104513	0.061376	-0.129157
0.089361	0.056882	-0.024455	0.011290	0.054432	0.052517	0.085252	0.041847	0.177188	0.134542	-0.091748	-0.050958	-0.079477	0.222923	0.152877	-0.027890	0.018318	-0.009284	0.075857	-0.048132	-0.036973	-0.114835	0.043888	0.037668	0.014522	-0.065193	0.032442	-0.061931	-0.035154	-0.104179	-0.095243	-0.083395	0.032637	0.061895	-0.080491	0.039000	0.063856	-0.038937	0.109735	0.071674	-0.238201	-0.092598	-0.194814	0.104113	0.024298	-0.023111	0.053268	0.064604	-0.086510	-0.166690	-0.007631	0.045234	-0.021618	0.028035	-0.045829	-0.028471	0.065146	-0.131786	-0.084555	0.137472	-0.093793	-0.235107	-0.068170	0.158198	0.090005	0.137287	0.029902	0.166958	-0.116969	0.130239	0.032450	0.223570	-0.042969	-0.145850	0.221317	-0.003339	0.058944	-0.144403	-0.174063	-0.075263	0.101042	-0.149581	0.136570	-0.034546	-0.052094	-0.029178	-0.061053	0.056214	0.082239	0.000445	0.019764	-0.095535	0.076641	-0.000490	-0.046599	0.039973	-0.180824	-0.150245	-0.118247	-0.008664
-0.032077	0.173422	-0.000259	-0.090661	-0.107449	0.017751	0.009889	0.026919	0.072039	0.050948	0.078208	-0.059840	0.041200	0.179760	-0.081563	0.065098	0.025546	-0.075030	-0.082656	0.127289	0.023343	0.048749	-0.148658	0.124121	0.005157	0.134494	-0.168391	0.134019	0.098912	-0.026149	-0.046916	-0.075142	0.188978	0.109405	0.194722	-0.116959	0.066318	-0.039084	-0.055245	0.093331	-0.013623	0.127272	0.083797	-0.191262	-0.115903	0.136589	-0.072838	0.116416	-0.030122	0.061699	0.104408	0.081373	-0.043631	-0.019814	0.006665	0.020531	0.161584	-0.064736	0.018272	-0.034615	0.085213	-0.052615	-0.050795	-0.078902	-0.000736	-0.024447	0.141351	-0.061855	-0.005173	-0.051080	-0.205893	0.105711	-0.086420	0.072096	0.253586	-0.014692	-0.148548	-0.083886	-0.041821	-0.036465	0.147757	-0.025347	-0.007365	0.238477	0.043731	-0.048343	-0.195811	0.072195	0.136607	-0.004408	0.068934	0.022137	0.043428	0.111420	0.054001	-0.055440	-0.014279	0.019495	-0.045795	-0.255885
-0.042264	-0.148353	-0.098106	-0.027620	-0.021970	-0.071072	-0.012634	0.022229	-0.002429	-0.071513	0.052843	-0.154147	-0.171618	0.248086	0.086445	-0.134079	0.077140	0.106545	-0.093624	0.056596	-0.082936	-0.000375	0.001852	-0.068099	0.151624	0.081684	0.035197	0.124771	0.110520	-0.101777	-0.036908	0.180878	0.112960	-0.111147	0.033751	-0.011220	0.002300	0.021831	0.004642	0.075612	0.254589	-0.126452	0.087787	0.130137	0.011570	0.127883	0.135240	0.119198	0.025303	-0.083902	0.112481	-0.000405	0.100884	-0.125701	-0.159486	-0.141030	-0.071639	0.051349	-0.116369	-0.019239	0.045847	-0.078478	0.081611	0.020125	0.004466	0.089100	-0.065841	0.026937	0.027019	0.013542	0.031608	0.064709	0.030437	0.179184	0.177231	-0.025301	-0.167881	-0.080302	0.081963	-0.320773	0.060380	0.202680	-0.018050	-0.063695	-0.035036	0.028389	-0.108311	0.069489	0.093683	0.020978	0.125129	0.079796	-0.073256	-0.042088	0.019294	-0.040721	-0.058757	-0.005620	-0.108970	0.001481
0.063155	-0.133253	0.052968	-0.011142	-0.187120	0.026613	-0.071030	0.066511	0.178665	-0.016482	-0.115860	0.068132	-0.048179	0.132363	-0.089982	-0.081419	-0.144330	-0.012380	0.105645	-0.040409	0.108407	-0.098421	-0.042306	-0.116946	0.120297	0.038294	0.061496	0.118552	0.032972	0.076561	0.049611	-0.012318	-0.028153	-0.000683	0.043993	0.065825	0.139623	-0.068284	0.012064	0.056269	-0.056877	-0.087696	-0.123390	-0.030175	0.058871	0.112383	-0.028476	0.276865	-0.088474	-0.186555	-0.022438	-0.098413	-0.033641	-0.074528	0.160710	-0.123743	-0.138329	-0.070722	0.168270	0.047855	0.005078	-0.039508	0.054842	-0.029872	-0.027833	0.040276	-0.092792	0.063175	-0.141264	0.028302	-0.148358	0.085687	0.139156	0.122445	-0.089131	-0.042947	0.096795	0.060846	0.067045	-0.135105	0.279308	-0.077906	-0.115044	0.087164	-0.065040	-0.028790	0.051411	-0.078956	0.199871	0.172226	-0.044987	-0.022648	0.024595	-0.057090	0.011856	-0.125289	0.062460	0.161637	-0.113058	-0.129154
0.034035	0.029551	-0.070537	-0.093965	-0.220663	-0.075180	0.017402	0.083559	0.268387	0.025499	-0.062719	-0.029143	0.025936	0.188258	-0.115681	-0.090838	-0.074475	-0.005472	0.103112	0.078806	0.101306	-0.115402	0.054098	0.038276	-0.068153	-0.044124	0.008662	0.143218	0.103339	0.029642	-0.014845	-0.034312	0.059574	-0.028229	-0.074916	0.155346	-0.027821	-0.084409	0.103389	-0.006730	-0.100323	-0.046470	-0.116847	-0.016617	0.099452	0.017419	-0.130806	0.185649	-0.131051	-0.026941	0.029857	-0.123471	-0.118415	0.064918	0.070289	-0.141690	-0.021252	-0.108859	0.045615	0.044846	-0.086625	-0.126417	0.005425	-0.072916	-0.020714	0.098979	0.084008	0.186566	-0.061639	0.140333	-0.015519	0.219068	0.093020	0.128748	0.061463	0.006661	-0.038141	-0.014863	0.113719	0.004268	0.280269	-0.123950	-0.006734	-0.059586	-0.043009	-0.010255	0.116381	-0.053846	0.089254	0.178124	-0.050210	0.136352	-0.005098	0.020177	0.218879	-0.152990	0.063796	0.055177	-0.070069	-0.075210
-0.069392	0.109008	-0.017586	-0.044832	-0.007684	-0.034978	-0.166262	-0.005644	0.190897	0.072683	-0.107715	-0.059948	0.120745	0.025462	0.092120	-0.161914	-0.051052	-0.028554	-0.085544	0.105414	0.029192	-0.096108	-0.034485	0.026770	0.094661	-0.055233	-0.002526	0.027025	0.034288	-0.193280	-0.054220	-0.006147	0.108337	0.074278	0.024655	0.150657	0.063689	-0.044682	0.018740	0.069598	0.027798	-0.195353	0.206536	0.200310	0.027165	-0.035194	-0.054286	0.200588	0.022060	-0.086324	-0.085948	-0.055687	0.055373	-0.217551	0.147609	0.015021	-0.066852	0.130852	-0.094911	0.121622	-0.055620	-0.295075	0.060345	0.053343	-0.005662	0.089521	0.083493	0.006687	-0.116396	0.045339	-0.089967	0.080730	-0.056842	0.123062	0.174778	-0.102411	-0.191289	0.031742	-0.007370	-0.150914	0.019039	0.031007	-0.081841	0.095440	-0.057950	-0.048804	0.116647	-0.029266	-0.005774	0.055205	0.036568	0.029069	0.105275	0.148650	-0.033662	-0.208069	-0.016412	-0.091456	-0.090790	-0.057574
-0.083140	-0.008812	-0.009487	0.071404	-0.190044	0.057247	0.029616	0.045889	-0.054031	-0.130782	0.138292	-0.020705	-0.129178	0.055696	0.129118	0.032629	0.113898	0.195149	0.095840	0.124006	0.099560	-0.060730	-0.012235	0.012413	0.023542	-0.064706	-0.042976	0.026722	-0.014382	0.101791	0.030266	-0.231182	-0.063725	-0.000082	0.025997	0.087874	0.125933	0.017485	0.030839	0.055513	-0.073019	-0.160286	0.037022	-0.130698	0.157442	-0.029721	0.239086	0.035209	0.007831	-0.148547	-0.145302	0.032650	-0.012313	-0.198901	0.074991	-0.151254	0.068959	-0.010227	0.156249	0.032736	0.103513	-0.041117	-0.057396	0.049700	-0.028195	0.036526	-0.010883	0.011762	-0.165534	0.023185	0.053566	0.039219	-0.000258	0.071644	0.288083	0.073629	0.013141	-0.228809	0.102390	-0.052156	0.187071	0.041133	0.042802	0.176532	-0.036681	-0.050921	0.125299	0.013831	0.033177	-0.051620	0.010593	0.082601	-0.102566	0.073418	0.017300	0.105745	-0.090432	0.070067	-0.210829	-0.014086
0.020430	0.001449	-0.104501	0.054101	0.028058	-0.132403	-0.033901	0.004938	0.132317	-0.000634	0.026523	-0.084711	-0.037969	0.001873	-0.036309	-0.097160	0.047258	-0.081950	-0.056532	-0.032635	-0.018767	0.022380	0.124091	0.015027	-0.045040	-0.074287	0.013685	-0.135002	-0.166317	-0.048676	-0.005153	-0.110124	0.165119	-0.055351	-0.055852	0.000536	0.017193	-0.072683	-0.063838	-0.125117	0.115038	-0.119012	-0.056126	0.036632	0.077593	-0.125368	0.040737	0.022357	0.010450	-0.228977	0.053932	-0.000977	0.073204	0.045128	0.081748	-0.068867	-0.221463	-0.005016	0.066070	-0.000201	0.085531	-0.025690	0.252767	0.130901	0.047238	0.127515	0.128459	-0.027345	0.072655	-0.075977	0.064947	0.078531	0.073122	-0.072475	0.111221	-0.156720	0.129535	-0.088559	-0.021658	-0.038115	-0.123937	0.124876	0.222192	0.020550	-0.230175	-0.112288	0.163025	0.069668	-0.099843	-0.053448	-0.019928	-0.144941	-0.198865	-0.003540	0.191294	-0.085616	0.111819	0.240080	-0.031617	-0.041174
0.071065	-0.038607	-0.045647	0.058818	0.215676	-0.017626	-0.017679	0.131139	-0.031117	-0.003396	-0.094036	0.151593	0.079909	-0.100427	0.039156	0.083668	0.011394	-0.099967	-0.072174	0.078581	-0.128260	0.006905	0.105908	0.048332	0.058157	-0.001174	-0.088696	-0.016509	-0.007902	-0.075922	-0.049012	-0.009298	0.130954	0.081961	0.163666	0.156779	0.082101	-0.196084	0.043902	-0.233199	0.130594	0.006165	0.114403	0.072007	-0.124888	0.041021	0.101096	-0.034837	-0.104543	-0.003803	0.086648	0.033081	0.111110	-0.292414	0.239584	-0.035518	-0.215485	-0.086258	0.173884	0.180932	0.076559	-0.085461	0.032543	-0.049756	0.021252	0.012610	0.157100	-0.014168	-0.086429	-0.016130	-0.009398	-0.192280	-0.013965	-0.018069	0.072243	0.017003	-0.014649	-0.123428	0.141710	0.041125	-0.006470	0.093091	0.034438	-0.037829	-0.060127	-0.015964	0.115754	-0.016354	-0.069149	-0.189423	-0.066537	-0.121633	-0.131184	0.030470	-0.042934	-0.091434	0.107402	-0.015620	-0.001820	-0.039433
0.056474	0.079315	-0.105254	0.097083	0.057330	-0.000233	0.103629	-0.062856	0.118018	-0.187963	0.112957	0.087407	-0.035700	0.219393	-0.093678	-0.082415	-0.017285	0.015461	-0.081046	-0.000076	-0.015961	0.163020	0.005699	0.047701	-0.141540	0.189958	-0.008753	0.010860	0.000533	0.136885	-0.079686	0.040904	0.023127	-0.034136	0.126047	0.020955	0.007186	-0.097027	-0.045421	-0.031713	-0.016710	0.153323	0.118187	-0.024224	-0.159801	-0.045133	0.017008	0.061629	-0.079861	-0.161436	-0.058147	-0.042186	0.146648	0.005281	0.058682	0.128063	-0.064373	0.002365	-0.044572	0.113252	-0.137937	-0.111456	-0.039905	0.175500	-0.203730	-0.003193	0.095314	0.176061	-0.010664	-0.035614	-0.124380	0.034653	0.126133	-0.037788	0.022005	0.005107	-0.022994	-0.069147	-0.127583	-0.077087	-0.018993	0.052623	0.090022	0.004615	-0.207833	-0.017701	-0.014479	-0.038595	0.028918	0.002866	-0.258943	-0.249781	0.017694	-0.163277	-0.195917	-0.058244	0.161530	0.000864	-0.043147	0.085222
-0.045301	0.068500	-0.190367	0.153649	0.213731	-0.065441	-0.057805	-0.025874	-0.010141	-0.027605	-0.085359	0.013500	-0.077592	0.083748	0.028276	0.024456	0.066954	-0.083010	-0.202477	-0.059609	0.057170	0.168700	-0.096482	0.135525	0.150934	0.062305	-0.106589	0.052873	0.071216	0.367856	-0.161603	-0.162501	0.008721	0.202858	0.043886	0.144707	0.017524	-0.021004	-0.049305	0.031824	0.059550	0.029091	-0.017808	-0.152755	-0.028586	0.068938	0.003498	0.129211	-0.217269	-0.115566	-0.014570	-0.017196	0.027600	-0.066521	0.153523	-0.032007	0.060320	0.084898	0.112685	0.205329	-0.017633	-0.016413	0.111725	0.017923	-0.094706	0.101295	0.070357	-0.048962	0.083401	-0.062376	0.019117	0.085944	0.007308	-0.026030	0.118079	-0.072914	0.130772	-0.141984	-0.039989	0.140992	-0.058664	-0.077019	-0.007190	-0.010455	-0.094600	-0.120827	-0.033139	-0.075044	-0.098141	-0.090894	-0.068419	0.040393	0.018671	0.004935	0.018227	0.045181	0.057288	0.011322	0.124293	0.097652
-0.081237	-0.012831	-0.210917	0.100155	0.178583	0.103958	0.008210	-0.002183	0.092919	-0.011792	-0.025502	0.091432	0.024628	0.129355	0.183137	0.004840	0.061522	0.022329	0.089502	-0.163820	0.191655	-0.062058	-0.024050	0.023604	0.010261	-0.149280	0.130552	0.093826	-0.017210	0.135293	-0.115227	0.029752	0.079156	0.049093	0.179498	-0.058882	-0.044966	-0.101439	-0.037292	0.101811	0.024833	0.147472	0.133373	-0.109666	0.042671	0.065162	-0.035316	0.118050	-0.111830	0.033236	0.033428	-0.077616	0.159074	-0.065655	0.147259	0.232597	0.002550	-0.027500	-0.035370	0.116592	0.072549	0.063434	-0.114696	0.063220	-0.016891	0.057279	0.104144	0.157397	0.012797	-0.032558	-0.218583	0.124210	-0.085000	0.023865	-0.053365	0.020968	-0.054339	-0.089166	-0.016643	0.054384	-0.042966	0.165760	0.027923	-0.062112	-0.009534	-0.020631	-0.068161	-0.060991	-0.130153	-0.160450	-0.231406	-0.053755	0.029837	-0.112341	0.068437	-0.012260	0.198289	0.153437	0.054199	0.020191
0.060119	-0.128952	-0.006992	0.048627	0.030299	-0.101058	-0.025397	-0.001216	0.043491	0.058004	-0.033868	0.071600	0.022697	0.168050	0.051322	-0.046735	0.117029	-0.158900	-0.061386	-0.063600	-0.000130	-0.081095	-0.149661	-0.051058	-0.026326	-0.096368	0.083727	0.065556	0.040379	0.258816	-0.067267	-0.055968	0.027695	0.093369	0.109560	-0.069158	0.108449	-0.143394	-0.082640	0.058591	0.057601	-0.014315	0.026421	-0.109537	-0.036734	-0.006938	-0.123696	0.073068	-0.150240	-0.140495	0.028316	-0.077765	0.108714	-0.035790	0.219888	0.163468	0.062269	-0.060243	0.013295	0.150729	-0.017569	-0.102995	-0.008196	0.011856	-0.248387	-0.079176	0.314413	0.058773	-0.027377	-0.114291	-0.029517	0.114300	-0.188465	-0.075506	0.046790	-0.009765	0.080275	-0.093056	-0.062730	-0.015016	-0.129287	0.125598	0.080377	-0.048584	-0.122526	0.034094	0.042574	0.058481	-0.174519	-0.006503	-0.160928	-0.049539	-0.031362	-0.170871	-0.046247	-0.163510	0.090546	0.084945	0.041179	0.007954
-0.134474	0.153843	0.012197	0.135873	-0.090994	0.065582	-0.010681	0.041543	-0.019576	-0.232102	0.050004	-0.009846	0.071689	0.270714	0.136533	-0.165782	0.003536	-0.116988	-0.046767	-0.130719	0.120200	0.144660	-0.194664	0.080889	-0.139988	0.036899	-0.060618	-0.020713	0.027238	0.034217	-0.087315	0.008646	0.054470	-0.051140	0.070535	-0.234011	-0.034530	0.037119	-0.060432	0.035304	-0.084508	0.064251	-0.042611	0.089332	0.036709	0.096467	0.080363	0.124756	0.055570	-0.046766	-0.070290	-0.004444	-0.037092	0.036488	0.075411	0.046086	0.137660	0.010172	-0.086621	-0.038382	0.147382	-0.081243	0.002748	0.138663	-0.091761	0.113075	0.116223	0.023132	-0.130143	-0.008659	-0.079936	0.113756	-0.078094	0.063476	0.223819	-0.015382	-0.036003	-0.224221	-0.090806	0.106288	-0.079552	-0.014538	0.047271	-0.009632	0.011508	-0.146819	0.058492	-0.041226	-0.045740	-0.054757	-0.192326	-0.041673	0.088655	-0.014762	-0.057943	-0.124774	0.128878	0.150532	-0.138865	0.072629
-0.072097	-0.099332	-0.015885	-0.108983	0.007216	-0.049048	0.015270	0.136254	0.033007	-0.046910	-0.204808	-0.098210	-0.193864	0.127095	-0.047784	-0.164058	0.057665	-0.012708	0.125021	0.056191	-0.115920	0.034740	0.183947	0.277820	0.210771	0.028131	-0.085011	0.114383	0.008148	0.150518	-0.153226	-0.051325	0.034843	0.211133	-0.024856	-0.018898	0.152163	0.034787	0.084656	0.012224	-0.043407	-0.073213	0.045869	0.028727	-0.148246	0.052324	-0.168090	0.049825	-0.181635	-0.075105	0.045409	-0.059109	-0.061417	-0.123394	0.132297	-0.032218	-0.049479	0.029865	0.046830	0.018499	0.079450	-0.060383	0.075285	-0.049809	0.058482	0.101807	-0.018403	-0.040203	0.014946	0.018308	0.088955	0.081959	0.123670	0.090618	-0.046776	-0.064291	0.186281	-0.156082	-0.225076	0.038864	0.172115	0.007445	-0.060747	0.102764	-0.005337	0.072795	-0.097285	0.052820	0.090109	-0.059909	0.052706	0.053461	-0.166044	-0.038555	0.068800	0.058744	-0.000321	-0.012732	-0.114771	-0.015263
-0.131066	-0.047985	0.025968	-0.010861	-0.005854	-0.094895	0.053469	0.024245	0.116150	0.010969	-0.086567	0.007852	-0.025701	0.303494	0.135637	-0.138020	0.078506	0.022153	0.095818	0.076088	-0.035251	0.063183	0.103374	0.029545	0.034362	0.014853	-0.113482	0.172583	-0.079546	-0.035105	-0.025446	-0.012668	0.161556	0.134612	-0.019599	-0.123112	0.090913	0.077783	-0.026389	-0.093829	-0.017248	-0.094005	0.081504	-0.071129	-0.144911	-0.001809	0.103762	0.043565	-0.106631	-0.083474	-0.091917	0.011686	-0.016265	-0.087134	-0.002488	0.002372	-0.051741	0.019009	-0.110319	0.052603	0.087584	0.018464	-0.042441	0.099076	-0.171816	0.042929	0.023362	-0.101170	-0.206047	0.055426	0.085601	0.102693	0.014271	-0.017529	-0.050632	-0.124936	0.027498	-0.135393	-0.250680	0.007966	-0.028490	0.169700	-0.001963	0.083477	0.024965	0.018722	0.155684	-0.040366	0.257706	0.043777	0.032045	0.133376	-0.305995	-0.033751	-0.046061	0.229708	-0.048423	-0.071529	0.019462	-0.015551
0.079848	-0.060884	-0.022429	0.044374	0.202118	-0.070017	0.064615	0.016607	0.060938	0.053337	-0.040233	0.011097	0.076104	-0.049818	0.028713	0.076650	0.089852	0.088569	-0.050869	-0.083803	-0.018694	-0.073854	0.048601	-0.022485	0.120884	0.042177	-0.048099	-0.013596	-0.063210	-0.128135	-0.038241	0.065566	-0.037721	0.183036	-0.014130	0.120997	0.078920	-0.174260	-0.195786	0.161305	0.018569	0.011652	-0.066261	0.245767	-0.014505	0.145827	0.071841	-0.028358	-0.014856	-0.148070	0.084384	0.038441	0.113461	-0.063071	-0.001081	0.032944	-0.150452	-0.135303	-0.116287	0.203181	0.168673	-0.212390	-0.042982	0.154032	-0.069663	0.081910	0.041848	0.072611	-0.134464	0.078243	-0.022535	0.021067	0.067285	0.081949	-0.211647	0.030691	0.100802	-0.089577	-0.168289	-0.058263	-0.045420	0.117373	-0.009056	0.127989	-0.192051	-0.090900	0.137634	0.001063	0.081618	-0.069444	0.104700	0.035822	0.013977	0.058485	0.133190	0.080282	0.185007	-0.080219	-0.008143	-0.091884
-0.003152	-0.121191	-0.031074	0.122388	-0.076697	-0.111821	0.138348	0.066657	0.120569	-0.046419	-0.176097	0.045217	-0.105719	0.174668	-0.008914	0.018581	0.157101	0.121476	0.040735	0.084160	0.206542	0.022271	0.045283	-0.002904	0.250287	-0.014006	-0.050389	0.089686	0.002090	-0.092238	-0.106485	0.111663	0.019262	0.025757	-0.064222	-0.054819	0.048111	-0.146480	-0.023404	0.172365	0.004298	0.039882	0.135690	0.156983	0.009698	0.063480	-0.069958	-0.019011	0.044165	-0.172312	0.067258	0.073919	-0.025067	-0.016118	-0.111311	-0.034305	-0.029078	-0.028469	-0.128823	0.148056	0.098307	-0.135730	-0.079534	0.045717	-0.030819	0.043385	0.078550	0.102752	-0.185481	-0.008346	-0.041519	0.122157	0.048189	-0.102482	-0.004970	-0.082078	0.050324	-0.176281	-0.285042	-0.008830	0.070669	0.042205	-0.116985	-0.038695	-0.199228	-0.042901	0.117687	0.005287	0.142191	0.010590	-0.023474	0.040520	-0.112386	-0.019724	-0.020083	0.087258	-0.147218	-0.091900	-0.100091	-0.145379
-0.102171	-0.066364	-0.074135	0.161587	-0.004464	-0.152644	-0.084345	0.140062	0.146432	-0.109260	0.036417	0.055074	-0.151035	0.096412	-0.183454	-0.029364	0.066310	-0.007859	0.125643	-0.079637	-0.004761	0.185669	0.031263	-0.067752	-0.054098	0.020975	0.043949	0.000088	0.045738	0.194446	-0.025000	0.018233	0.050240	0.008262	-0.078983	-0.113331	0.111311	0.005524	-0.066537	-0.032620	-0.062788	-0.132383	-0.102583	-0.053804	-0.087936	-0.003723	0.066310	0.061276	-0.139938	-0.104668	0.021466	0.077211	0.049596	-0.017789	-0.067368	0.173214	-0.068932	0.025907	0.013263	0.039621	0.031323	0.107652	-0.017142	0.126572	-0.127046	0.134266	0.060335	0.125545	-0.071020	0.152331	0.144949	-0.017438	-0.172500	-0.035684	0.210414	-0.015780	0.074318	-0.173948	-0.124025	-0.038364	0.152287	0.176526	0.052618	-0.013516	-0.228358	0.011080	-0.039982	0.081388	0.117287	-0.003694	-0.308937	-0.055967	-0.032265	-0.083491	0.036633	0.058854	0.043149	-0.080856	0.036942	0.039795
-0.132423	0.059971	0.230074	0.079447	-0.025609	-0.119976	0.114411	-0.074745	-0.087429	-0.074603	0.075741	0.114087	0.056573	0.047318	0.004771	0.094886	0.121347	0.113298	0.081265	-0.105976	-0.062198	0.086841	-0.054294	0.074826	0.121309	-0.035320	-0.050455	0.204032	-0.071717	0.020247	0.066557	0.096390	0.050931	0.085047	0.061532	-0.028143	0.101507	-0.050266	-0.035857	0.114626	-0.076223	-0.144625	-0.096424	0.073619	0.033595	0.151637	-0.043593	0.003809	-0.031815	-0.068266	0.084359	0.038244	-0.085741	0.133227	-0.106105	0.022672	-0.066089	-0.155727	-0.105152	0.054017	0.024205	-0.212632	0.003985	0.112896	0.098852	0.064690	0.059773	0.040325	-0.069552	0.239590	0.101011	0.099081	0.069946	-0.038000	0.054015	-0.107213	0.201283	-0.167292	-0.069582	-0.069661	-0.071093	-0.007946	0.172962	0.223996	-0.018857	-0.102928	0.139438	-0.038168	-0.009281	-0.095282	-0.082695	-0.007136	-0.215460	-0.048999	0.023819	0.163352	-0.102166	0.017797	-0.090307	0.069466
-0.085525	-0.020903	0.164089	0.174145	-0.062042	-0.042892	-0.101575	-0.061804	-0.050213	0.038707	-0.018175	0.008512	0.016146	0.191027	-0.059974	-0.040917	-0.185195	0.063598	-0.016546	-0.010245	0.192730	0.068820	0.041047	0.159289	-0.044073	0.186074	0.025219	-0.009008	0.009521	0.013702	0.069701	0.038069	-0.004976	-0.164501	-0.185306	-0.165500	-0.047048	-0.118087	0.103037	0.004768	0.015100	-0.198236	0.134654	-0.178316	0.134990	-0.090482	0.056345	0.089707	-0.040847	-0.005056	0.078588	-0.232328	0.008346	-0.090342	0.244363	-0.013502	-0.137625	-0.112511	0.089384	0.046874	-0.032502	-0.039054	0.105841	-0.137137	-0.193310	0.119845	0.041232	0.032512	0.083012	0.010699	-0.062837	0.060944	-0.027265	-0.042514	-0.036631	-0.012846	0.061267	-0.097215	0.065051	0.085291	0.002276	0.006835	0.059258	0.152958	-0.173624	0.040482	0.088504	0.065963	-0.075519	-0.024465	0.015209	0.009533	-0.050033	0.075422	0.005717	-0.113871	0.099856	0.231280	0.100017	-0.004268
0.020914	-0.081132	0.031454	-0.136199	-0.139834	0.019696	-0.050172	0.081242	-0.071408	0.021553	0.080488	0.104042	-0.040319	-0.123044	-0.126991	-0.027033	-0.017123	-0.186096	0.097574	-0.022849	0.078423	0.142544	-0.079518	0.021296	0.232190	0.010517	-0.112005	0.057095	-0.002368	0.036435	0.083668	-0.053884	0.160397	-0.114608	-0.166463	-0.177665	0.037241	-0.097537	0.067250	0.054474	0.098193	0.081010	0.050735	-0.073668	-0.119808	0.041929	-0.011160	0.114069	0.064200	-0.112799	0.027256	-0.150780	-0.051605	-0.139692	0.159866	0.088610	-0.221630	-0.201621	0.128460	0.213207	0.064186	-0.031901	-0.011920	0.040825	0.010237	0.047854	0.154574	-0.064707	0.070569	-0.144870	0.001663	-0.135636	0.033526	0.016836	-0.008416	-0.064567	0.037900	-0.128715	0.002379	0.020546	0.057797	0.061751	0.051974	-0.016937	-0.127443	0.089289	-0.165011	0.051064	-0.167541	-0.107713	0.176162	-0.055515	-0.125336	-0.070436	-0.146881	-0.027610	-0.059661	0.130387	0.021383	-0.055884
0.120304	0.142820	0.199570	-0.080838	0.128111	-0.016027	-0.121066	0.070218	0.039234	-0.057092	-0.134077	-0.129282	-0.020284	0.101701	-0.220460	-0.034361	0.172089	-0.081478	0.005277	0.124416	0.104225	0.010551	0.222218	-0.022640	0.164552	-0.017108	-0.105994	-0.043306	-0.064207	-0.041893	-0.062036	0.156863	0.047950	-0.036254	-0.040144	0.055369	0.293649	-0.036214	-0.001165	0.066556	0.155422	0.000964	0.111552	0.022514	-0.064216	-0.100788	-0.153177	-0.039311	0.088918	-0.098028	0.185484	-0.094439	0.164816	-0.087389	-0.055687	0.007594	-0.025647	-0.117001	0.034715	0.053351	0.088812	-0.246218	0.059430	0.060678	-0.011399	0.086744	0.038905	-0.043804	-0.042611	0.157157	0.021246	0.010007	0.004531	0.099268	-0.005233	-0.208423	0.009472	0.005732	-0.145223	-0.009132	0.078294	0.083570	0.060196	0.051988	-0.003206	0.046945	0.004884	-0.064026	0.028621	0.025264	-0.053546	-0.041473	-0.186293	-0.003520	-0.117145	0.055464	-0.112228	0.040821	-0.100168	-0.070968
0.056072	-0.048892	-0.099945	0.056385	0.089287	0.049681	-0.139207	-0.126081	-0.041459	0.067642	0.055436	0.095783	-0.008455	0.056035	-0.023621	0.007528	0.061807	-0.136219	0.007665	0.077725	0.114109	-0.010795	0.136735	0.121391	-0.105462	0.081461	0.044366	-0.127242	-0.194256	0.043066	-0.217209	-0.018005	0.101539	-0.088993	0.063673	0.019195	-0.080226	-0.100861	-0.058852	-0.124396	-0.044183	-0.063858	0.037119	-0.037049	-0.044263	0.057353	-0.070333	0.074359	-0.091192	-0.194036	-0.026338	-0.228266	-0.034737	0.020856	0.010549	-0.072099	-0.252701	-0.095975	-0.003997	0.016038	0.056644	-0.192703	0.120746	0.034451	0.046596	0.002057	0.026972	0.206059	0.152288	0.010676	-0.102721	-0.147192	-0.046622	-0.108679	0.037395	0.000878	0.009552	-0.074434	0.116241	0.021959	0.050540	0.071165	0.230343	0.075403	-0.192376	0.018911	-0.048380	0.170730	0.044818	-0.137203	-0.030347	-0.026172	-0.001448	-0.004594	-0.005827	-0.067502	0.194643	0.209704	-0.033931	-0.126911
0.072994	0.083543	-0.025299	0.017798	-0.137019	0.038781	0.090823	-0.013335	0.149586	0.048449	-0.008456	0.060451	0.119653	-0.037231	-0.115604	0.046705	-0.006797	-0.156082	0.187752	0.132882	0.068960	0.034764	0.086220	-0.063879	0.082555	0.013150	0.008102	-0.067849	-0.053189	0.153012	0.102473	0.119717	0.048098	0.061801	0.014658	0.015231	-0.080970	-0.266441	0.115461	-0.119152	0.003045	-0.062015	0.069283	0.060730	-0.055569	-0.117525	-0.009189	0.121773	0.008900	-0.087099	0.013788	-0.057225	0.015132	0.013048	0.219719	-0.011824	-0.180326	-0.169137	0.017120	0.018369	0.062995	0.025275	0.104163	-0.039656	-0.055270	0.146948	0.036270	0.083280	0.148611	-0.042896	-0.042350	-0.109037	-0.008818	-0.278147	0.034024	-0.122892	0.238453	-0.081865	-0.220544	-0.001417	0.057713	-0.039304	0.068544	0.057570	0.034610	0.061608	0.101811	0.060668	0.033958	0.105464	0.030312	-0.073911	-0.215277	-0.115836	0.062866	-0.137274	-0.045406	0.167889	-0.071023	-0.037598
-0.007913	0.162723	-0.048212	0.089121	-0.051963	-0.021341	0.056771	0.053969	0.160637	0.137676	0.134462	0.143739	0.037590	0.058850	-0.063782	0.186222	0.122791	-0.183887	0.052325	-0.153022	0.068722	-0.103142	0.140311	0.029308	-0.007376	-0.089505	-0.075677	0.057210	0.053835	0.158901	0.038073	0.005936	0.028889	-0.073372	-0.076269	-0.079901	-0.083307	-0.185972	0.053021	-0.034570	-0.010097	-0.108680	-0.138564	0.042326	0.063251	-0.086975	0.139404	0.198041	0.027298	-0.102593	0.070616	-0.133064	-0.060579	-0.097830	0.193297	-0.157101	-0.124702	-0.114944	0.087357	0.038721	-0.016737	-0.028821	-0.143516	0.065949	-0.026478	0.254597	-0.008547	-0.002016	0.053317	0.104518	0.095997	-0.106976	0.111568	-0.170050	-0.017485	0.065440	-0.105669	-0.224627	0.090715	-0.097648	0.024431	0.101425	-0.083800	0.092497	-0.090587	-0.003857	-0.006077	0.006337	-0.109865	-0.051712	0.020357	-0.151191	-0.061675	-0.046863	0.038430	0.132919	-0.055755	-0.008373	-0.028180	-0.039930
-0.007536	-0.095362	-0.014676	0.183636	-0.059770	0.112127	-0.020789	0.092983	-0.021481	-0.005553	-0.100458	0.208774	0.119743	0.066779	-0.074429	-0.113599	-0.026606	-0.010748	-0.032438	0.037816	0.071923	-0.143251	0.159710	-0.198869	0.062862	0.151241	-0.108726	0.114291	-0.024855	0.015449	0.066255	0.006898	0.120835	-0.019040	-0.081384	0.108660	0.010197	-0.074661	0.013620	0.082974	-0.080659	0.039060	0.008159	0.140976	0.076525	0.002065	0.130211	0.205429	0.073953	-0.030932	0.151220	-0.228635	-0.037445	-0.137564	0.143979	-0.084719	-0.153088	-0.207440	0.095013	0.084471	0.169767	0.048216	0.140360	-0.192177	-0.000116	0.155490	-0.024644	0.037712	-0.021124	-0.042559	-0.020908	-0.054399	-0.048867	-0.097478	0.168121	-0.034182	0.071500	-0.119561	0.074809	-0.103106	0.181890	-0.039319	0.053371	0.037579	0.005564	0.094480	0.177603	-0.037703	0.062711	0.080438	0.073352	0.080898	0.067649	0.015252	0.117118	-0.114138	-0.034068	0.063607	0.025639	-0.022388
0.096176	-0.018737	-0.196127	0.111355	0.032482	0.171904	0.027337	0.049982	0.055636	-0.092637	0.014857	0.140987	-0.010769	0.132776	0.087176	-0.090119	-0.033313	0.027525	0.037159	0.043833	0.053868	-0.004918	0.136876	-0.002799	-0.106485	0.052001	0.067762	0.029144	0.077762	0.035722	-0.134112	-0.085819	0.139578	0.056532	0.009995	-0.107937	-0.066522	0.031009	0.074687	0.011266	0.042113	-0.074687	0.122354	0.153724	0.054968	-0.061443	0.043271	0.117990	0.006872	-0.020348	0.178387	0.061039	0.030615	-0.073766	0.109447	-0.054504	-0.066753	-0.060727	0.133688	-0.020989	-0.045755	-0.102773	0.127450	0.020173	-0.158433	0.084648	0.109325	-0.021557	-0.091019	0.053086	-0.059722	0.085966	0.013337	0.116772	-0.004494	-0.015285	-0.006118	-0.225908	0.139752	-0.144180	0.033322	-0.130108	0.016723	0.126094	-0.166363	-0.111372	0.107260	-0.004367	0.120732	-0.168992	-0.258223	-0.143553	0.243859	-0.030316	-0.059774	-0.155361	0.110776	0.182743	-0.073434	0.081737
0.033673	0.015298	-0.133955	0.086364	-0.049046	-0.056663	0.196335	-0.121921	0.102548	-0.102560	-0.005674	0.159271	-0.055557	0.100025	0.121875	-0.027303	-0.000842	0.091897	0.135824	0.070171	0.074412	-0.074648	0.077365	0.069455	-0.060045	0.038509	-0.127469	-0.090539	-0.090377	0.032365	-0.133644	-0.099559	0.078314	0.118825	0.051650	0.011408	0.105639	-0.144952	0.087077	-0.031050	0.089440	-0.084473	0.052407	0.027972	0.093155	-0.025121	0.101740	0.080035	0.052499	-0.026826	0.210719	-0.134246	-0.040337	-0.065805	0.033838	-0.143104	0.050632	-0.102813	0.160686	-0.016237	0.075264	-0.111780	0.055307	0.062475	0.114482	-0.093384	-0.069094	0.135124	-0.060730	0.065364	0.065210	0.096801	-0.080412	-0.088496	0.243336	0.028255	-0.009116	-0.192435	0.050656	-0.249870	0.213871	-0.022253	0.182130	0.050216	-0.174932	-0.127251	0.206738	-0.004325	0.052262	0.015853	-0.074324	-0.011242	0.041770	0.009319	-0.021052	0.022616	-0.005174	0.152517	0.006399	0.058336
0.070260	-0.069281	0.063821	-0.069322	0.019779	-0.046731	-0.109688	0.051863	0.150291	-0.083350	-0.160416	0.056010	0.189606	0.077457	-0.132013	0.024817	0.050773	-0.199625	0.062098	-0.025481	0.088893	-0.043398	0.202942	-0.053037	0.060294	0.085725	-0.096545	0.186173	0.040701	-0.097647	-0.059521	-0.213430	0.054203	-0.031354	0.015897	0.068049	0.123292	-0.094938	0.046202	-0.008492	0.153997	-0.110771	-0.019388	-0.034873	-0.132039	-0.001680	0.037514	0.157737	0.127069	0.000958	-0.005693	-0.112289	0.090372	-0.263492	0.107079	-0.156999	-0.067226	-0.157025	0.014835	0.008688	0.142531	-0.082047	-0.083641	-0.183887	0.066902	0.181688	0.040500	-0.089781	-0.089184	-0.072718	0.096000	-0.133431	-0.046958	-0.039786	0.111412	-0.032415	-0.016253	0.027582	0.072229	0.060538	0.145840	0.063772	0.013468	0.009162	0.047117	-0.010693	-0.044355	0.064058	-0.015179	0.026128	0.138606	0.089836	-0.058286	-0.098090	0.167558	-0.121961	-0.009477	0.167722	0.101680	-0.045048
0.013334	-0.030287	-0.094713	0.113589	0.109603	0.158130	-0.030662	0.091355	0.042109	-0.151656	0.012096	0.053576	0.008607	0.134309	-0.263090	0.037954	-0.010445	0.010711	0.152454	-0.099672	0.096548	0.046388	-0.120998	0.028303	-0.018666	0.006977	-0.000156	0.007287	-0.074043	0.044265	0.008514	0.023523	0.135924	0.137680	0.051848	0.029961	0.073791	-0.022771	-0.141533	0.103359	0.105210	-0.036723	0.183384	-0.024088	-0.140505	-0.045728	0.185178	0.014558	0.148333	-0.306174	-0.014094	-0.056939	0.191790	-0.058395	0.036583	0.080072	-0.000569	0.093600	0.071643	0.095816	-0.015010	-0.029428	0.075887	0.152951	0.122784	0.020449	0.096398	-0.008881	-0.174522	-0.020332	-0.036868	-0.057627	-0.025287	0.011334	0.062761	0.036934	-0.037475	-0.061614	0.006084	-0.016124	0.090979	0.114488	0.147620	-0.005048	-0.248619	-0.045189	0.093813	0.082518	-0.007673	-0.086894	-0.144292	0.076475	-0.020470	-0.073520	-0.009210	-0.012954	0.288671	0.032004	-0.134820	-0.081800
-0.082637	0.196224	0.033073	0.002568	0.128705	0.148842	-0.107290	-0.013306	0.065540	0.110702	0.032210	0.058077	0.141520	0.129511	0.111603	-0.086939	-0.040298	0.158927	-0.152157	-0.043070	0.122338	0.043969	0.046199	0.134996	0.028629	-0.013957	-0.004567	0.022226	-0.126917	-0.163752	-0.046919	0.006154	0.041922	0.130253	0.082754	-0.096379	0.159802	-0.139654	0.099915	-0.102942	0.021896	0.077599	-0.006687	0.129902	0.078532	-0.034896	0.006088	0.005609	0.048752	0.096888	0.078147	-0.113954	-0.097053	-0.113933	0.040476	0.214423	-0.038704	-0.131858	0.048363	0.068033	-0.017378	-0.147462	-0.120143	-0.013054	0.241962	0.015029	0.069669	0.097430	0.019046	0.078027	0.160357	0.036304	-0.043018	0.040328	0.156687	0.032163	0.147791	-0.117318	-0.013706	0.047757	-0.116605	0.022504	-0.023005	0.196440	-0.091790	0.046730	0.130214	-0.111062	0.188373	-0.180243	0.042639	0.095393	-0.129336	-0.012606	0.031772	0.030072	-0.095226	-0.142890	-0.027947	0.001277
0.040158	-0.008311	-0.094254	-0.020769	-0.068099	-0.061687	-0.105411	-0.091143	0.032564	0.105791	0.035320	-0.085501	0.042848	0.135337	-0.059146	0.018286	-0.068913	0.102929	-0.194385	0.105694	0.172602	-0.270301	0.007833	-0.063994	-0.053227	0.007721	0.120796	0.090636	-0.009561	-0.139800	0.105147	0.060276	-0.055914	-0.201092	0.060305	-0.017610	-0.114697	-0.024987	-0.083675	0.026036	-0.037604	-0.185670	0.095234	0.264626	0.059415	-0.011363	0.072642	0.033934	-0.037557	-0.112012	-0.076304	-0.028133	-0.023510	-0.048142	0.003484	-0.068699	-0.088060	-0.037641	-0.014421	-0.019096	0.208571	-0.161607	-0.047208	-0.136223	-0.116821	0.003018	-0.044111	0.058789	-0.095612	0.122137	0.000145	-0.060742	0.203832	-0.062672	0.171154	-0.005865	-0.167707	-0.110200	-0.040835	-0.214906	0.007203	-0.125871	-0.216611	0.041058	-0.137204	-0.058043	0.041725	0.047248	0.150547	-0.035564	0.003497	-0.027226	0.043987	0.003094	0.061510	-0.144269	0.090612	0.044188	0.028430	0.007251
0.100111	0.037112	0.007523	0.001958	-0.025796	-0.075247	0.026522	0.023068	0.104499	-0.165819	-0.079667	-0.156454	0.042663	0.047218	0.048291	-0.105772	-0.066815	0.039632	-0.089607	0.046348	0.104215	-0.061469	-0.055155	-0.073650	0.068666	-0.088585	-0.079821	0.146713	-0.006232	-0.112680	-0.092057	0.027713	0.100340	0.092133	-0.028325	-0.041912	-0.040979	-0.030221	-0.192671	-0.038773	0.137799	-0.026250	0.057079	0.192363	0.038865	-0.012816	0.051837	-0.048026	0.078989	-0.027646	0.026137	0.033275	0.101997	-0.160933	-0.158615	-0.067293	-0.171976	-0.239887	-0.009192	0.027785	0.115420	-0.264102	-0.004691	0.144998	0.181416	0.110380	0.034228	0.088758	-0.149796	0.061207	-0.064332	0.067243	0.050388	-0.011475	-0.010431	-0.068635	0.018284	0.112612	0.038334	-0.236284	-0.062446	0.031856	0.011825	0.167342	-0.115484	-0.223191	-0.041718	-0.166123	0.094644	-0.139059	0.137128	0.059699	-0.163368	0.027001	0.053770	0.059911	-0.068060	-0.061274	-0.028591	0.102385
0.065233	-0.001095	0.100983	-0.222843	-0.015525	-0.017120	0.194284	0.024688	-0.080867	-0.049914	-0.090223	-0.059997	0.198329	0.075294	-0.066595	0.139861	0.037420	-0.106894	0.005537	-0.010103	0.077569	-0.208455	0.063700	-0.021448	0.083517	0.106790	0.012057	-0.076848	-0.066174	-0.048421	0.020152	-0.031051	-0.033129	0.108676	-0.071723	-0.031369	-0.061308	-0.159178	0.011910	0.062865	0.012693	-0.104126	0.067396	0.240625	0.122717	0.064723	-0.091163	0.177227	0.112296	-0.092875	-0.024152	-0.203879	0.096628	-0.106318	-0.000085	-0.071319	-0.093715	-0.108669	-0.025388	0.019496	0.153957	-0.010920	-0.139605	0.020763	0.082588	0.156423	0.050237	0.167796	-0.033068	0.012211	-0.007609	-0.004265	-0.033801	-0.030064	0.127868	0.000442	0.070248	-0.045479	-0.190426	0.020312	-0.189322	-0.040887	-0.226973	-0.104123	-0.030521	-0.205215	0.115887	-0.061241	-0.045917	0.085922	-0.028358	-0.002088	-0.078878	0.055989	0.121978	0.165000	0.019948	0.116768	-0.078941	0.034038
-0.200135	-0.011718	0.031172	-0.002213	0.115040	0.035341	0.231533	0.026829	-0.009192	-0.051845	0.064455	-0.062266	-0.022892	0.171473	0.046505	-0.022537	0.011683	0.018847	0.147430	-0.091812	0.140697	-0.086818	0.014256	0.157904	0.066691	0.049078	-0.236086	0.086128	-0.087265	-0.044937	0.100249	-0.058520	0.005051	0.189659	0.002101	0.138274	0.018097	-0.208900	-0.073091	-0.058325	0.001586	-0.004741	0.001175	0.112972	0.060477	0.041825	0.164787	0.194785	-0.057602	-0.067486	0.037949	-0.131364	0.099408	-0.096032	0.079518	0.139853	0.002897	-0.151162	-0.019578	0.071210	0.039700	-0.001206	-0.011112	-0.190200	0.162148	0.079065	-0.010774	0.101482	0.109448	-0.151605	-0.057366	-0.003333	0.031914	0.103841	0.162199	-0.048643	-0.006949	-0.237536	-0.018678	0.061750	-0.135649	0.044019	-0.134931	-0.097909	0.016205	-0.047092	0.076031	0.032397	0.016932	-0.092372	0.076139	0.030447	-0.001806	0.068229	0.070974	0.096790	0.071441	-0.119627	-0.153618	-0.155279
-0.070686	-0.061440	0.063902	-0.131194	0.164702	-0.047579	0.125818	0.098121	-0.003564	0.024836	-0.010509	-0.154868	0.037443	0.017519	-0.080577	0.106650	0.067876	-0.227835	-0.003971	-0.091474	0.123404	0.064444	-0.075018	-0.041502	-0.054490	0.124172	-0.030379	0.070199	-0.075382	-0.061889	-0.005975	0.029503	0.172073	0.035579	-0.166045	-0.038269	-0.021105	-0.130799	-0.151738	0.215471	0.118802	0.110414	0.014449	0.148187	-0.021803	-0.072410	0.053822	0.140622	0.062094	-0.147169	0.145307	-0.010508	0.047371	-0.041425	-0.042769	0.138001	-0.078711	-0.216805	0.184120	0.102671	0.051757	-0.085401	-0.042554	-0.013806	0.176863	0.207823	-0.018383	0.198815	0.018833	-0.044122	0.069121	-0.041697	0.026722	-0.035974	-0.060608	-0.057822	0.185746	-0.121290	-0.096072	0.066385	0.021706	0.147312	-0.127128	-0.120953	-0.159879	-0.115562	0.103902	-0.041134	-0.055673	-0.070401	-0.023980	0.084469	-0.048496	-0.067706	0.028005	-0.020675	-0.000908	-0.012768	0.126355	-0.009555
0.171841	-0.014053	0.207763	0.105367	0.120185	-0.020548	-0.090202	0.155511	-0.059498	0.030879	-0.027793	0.093133	0.086977	0.170410	0.094366	-0.172666	0.190104	-0.052145	-0.070818	-0.019590	-0.095668	0.165235	-0.063919	-0.095127	0.020748	0.121651	-0.070625	0.168190	-0.019474	-0.097380	-0.002791	0.025125	0.196526	0.101595	-0.079122	0.000994	0.169836	0.011918	0.057896	0.072460	-0.006183	0.087237	-0.037410	0.026836	-0.032432	0.047370	0.078225	0.201359	-0.048333	-0.028525	0.234840	-0.015486	0.009303	0.182493	-0.152189	0.019113	-0.117353	-0.161152	-0.210546	0.072817	0.156817	-0.155649	0.087338	-0.128078	-0.141316	0.149724	0.078415	-0.004639	-0.035784	-0.020944	0.081178	0.185604	0.039190	0.002198	0.082256	-0.087043	0.125948	-0.178408	-0.075188	-0.008843	0.048177	0.097348	-0.020617	0.039774	0.019678	-0.045202	0.022430	-0.036025	0.007522	0.070269	-0.013191	0.036228	0.003510	-0.002940	-0.030421	0.034952	0.003380	-0.042279	-0.047879	0.071414
0.050910	-0.015809	0.083041	0.215346	-0.134205	0.087356	0.095788	0.070558	0.033072	-0.006403	0.020513	-0.047039	0.023619	0.083562	0.157677	-0.001816	0.069204	0.042969	-0.036821	0.104071	0.025253	-0.143321	-0.117293	0.096761	0.021656	-0.015130	-0.092778	-0.075392	0.032122	-0.014823	-0.016555	0.216207	-0.095271	0.077525	0.001138	0.023882	0.008097	-0.237146	0.194738	-0.034841	-0.081097	-0.081478	0.050036	0.022460	0.097219	0.044757	0.098613	0.037934	0.069735	0.096386	0.138711	0.017580	0.208869	-0.041269	0.056950	-0.095748	-0.121403	-0.241902	-0.105572	0.050314	0.171883	-0.169802	-0.014750	0.104791	-0.008122	-0.000173	0.132743	0.138030	0.107906	0.154582	-0.070196	0.156537	-0.132432	0.103176	0.232985	0.051300	-0.032021	-0.134107	0.047965	-0.161485	-0.052601	-0.006082	0.041957	-0.043157	0.070349	-0.127020	0.050975	0.028272	-0.036949	0.039594	0.031429	-0.055529	0.111410	-0.031929	0.006863	0.080872	-0.185845	-0.118890	-0.011736	0.052033
0.068052	0.150281	-0.130567	-0.107488	0.039454	-0.018400	-0.015239	0.113540	-0.042182	0.128580	-0.015429	-0.000929	0.088690	-0.078154	-0.052344	-0.002230	-0.002004	-0.118975	-0.062674	-0.080610	-0.084355	-0.079863	0.119439	0.031857	0.072380	-0.014606	0.118125	0.007829	-0.007795	-0.035226	-0.023972	0.039442	0.136013	0.026128	-0.098513	0.031307	0.031051	-0.059513	0.196714	-0.076312	-0.051094	0.088339	-0.146197	0.193331	0.007681	0.143644	0.030224	0.100526	0.102024	-0.148944	0.092890	-0.159758	0.107475	-0.018296	0.206211	0.114590	-0.222417	-0.176109	0.107667	0.151378	0.282817	-0.147804	-0.023054	-0.126408	0.064168	0.036078	0.013190	-0.004485	0.041075	-0.015316	0.116074	0.104111	0.165888	0.078538	0.044000	-0.026331	0.061232	-0.061827	-0.068090	0.022758	0.126178	-0.039634	-0.112114	0.192033	-0.123952	0.031973	0.156760	-0.010488	-0.003994	-0.037869	0.054769	0.002679	-0.036177	0.067902	0.038244	0.241476	-0.084844	0.031986	-0.051676	0.017623
0.025670	-0.018132	0.048850	-0.079981	-0.066372	-0.197449	0.058666	0.078641	-0.104140	0.086579	0.047307	0.082175	-0.007133	-0.026440	0.013674	-0.132363	-0.044888	-0.080414	-0.073342	-0.071883	0.001383	0.012650	0.075118	0.136854	0.038989	0.070149	-0.074303	0.172633	-0.003999	-0.037251	0.061452	0.056927	0.179270	-0.060052	-0.032263	0.165581	-0.042609	-0.007095	-0.042883	0.142413	0.050900	0.003712	-0.020781	0.167881	-0.140163	0.094768	0.091887	0.078256	0.149541	-0.086140	-0.004853	-0.180295	0.010777	-0.131485	0.096961	0.016276	-0.250010	-0.202314	-0.101089	0.018307	0.303390	-0.007862	-0.040081	0.045050	0.188672	0.063011	0.004327	0.006070	0.000165	-0.014480	0.035644	-0.089331	0.195947	0.099431	0.042387	-0.046918	0.005468	-0.087646	-0.033510	0.041455	0.053707	0.093850	-0.015234	0.129490	-0.027575	0.084192	-0.111383	-0.110603	0.197011	-0.128222	0.041074	0.156458	-0.049543	0.140659	0.076369	0.157156	0.102379	0.005273	-0.126732	0.045847
0.029697	0.069549	0.132020	0.051770	0.072437	0.202795	0.019344	0.085590	0.033106	-0.106315	0.125602	0.019964	-0.067337	0.070048	0.070372	0.062950	0.001643	-0.101487	-0.051315	-0.044809	0.060720	-0.023137	-0.040976	-0.020285	-0.085260	0.000186	-0.013592	-0.039736	0.070130	0.052356	0.104699	0.056287	0.009178	0.048588	-0.019743	0.020931	0.189944	-0.071690	0.039036	0.267511	-0.142103	0.009276	0.084107	0.028589	0.163550	0.056905	0.161129	-0.006105	0.025107	-0.111222	0.152810	-0.127161	-0.085678	-0.150426	0.026236	0.234298	0.073222	-0.181643	-0.172083	0.138049	-0.031755	0.030251	-0.069787	0.112945	0.060717	0.096408	0.141770	0.069698	-0.120015	0.085785	0.074969	0.153732	0.037454	-0.052902	0.050621	-0.102808	0.009627	-0.227257	0.128165	-0.081921	0.062579	-0.092573	-0.102926	0.026292	0.020728	-0.076513	0.008401	-0.090414	0.086358	-0.067960	0.144150	-0.070207	-0.079252	0.079195	0.103779	0.129141	-0.201147	-0.059611	-0.007805	0.182714
0.044730	0.029742	0.135008	-0.000398	-0.112497	0.060354	0.150784	0.080993	0.171355	-0.041791	0.102314	-0.174742	0.046149	0.128014	-0.081809	0.155154	0.157768	0.033146	-0.190239	0.011710	0.014353	-0.096812	0.164948	0.113371	0.084988	-0.023803	-0.085928	0.106596	0.055718	0.031320	-0.126403	0.132651	-0.032314	0.080208	0.094056	-0.113011	-0.045017	-0.080925	0.014579	0.099371	0.069227	0.082087	0.009932	-0.000166	0.074345	-0.014833	0.032655	-0.140818	0.109333	0.050175	-0.005549	-0.172484	-0.005234	-0.016484	0.094587	-0.062393	-0.010580	0.000075	0.149270	-0.148797	0.105162	0.141610	-0.143149	-0.010371	-0.019730	-0.126148	0.155535	-0.108337	-0.081335	0.174252	-0.100239	0.115886	-0.033252	-0.079915	0.190505	-0.031048	-0.115017	-0.045115	0.242838	-0.246001	0.071061	0.018269	-0.109746	0.127155	-0.018648	0.065584	0.082237	0.026395	0.010851	0.074184	0.150186	-0.005010	-0.010965	0.042497	-0.114020	0.093112	-0.076975	0.001536	0.012212	-0.017666
0.040065	0.021244	0.013885	0.213700	-0.148203	0.033955	0.095534	-0.042183	0.222929	-0.100869	0.051499	0.013487	0.066881	0.148648	-0.033697	0.123027	-0.113583	-0.080189	0.082669	0.013183	-0.029305	-0.203685	-0.007592	-0.026927	0.042834	0.056810	-0.088606	0.190116	0.021107	0.055998	0.159321	-0.137511	0.074063	0.085695	-0.040722	-0.040277	-0.075202	0.044324	0.059971	0.126720	-0.053489	0.069581	0.184866	-0.161294	0.078672	0.038994	0.019355	0.026958	-0.050198	-0.057891	0.096023	0.004763	0.024950	-0.101779	0.156268	-0.102523	0.061908	-0.020276	0.094742	0.081799	0.117239	0.105014	-0.168532	-0.070025	-0.013289	-0.054542	-0.153464	-0.081585	-0.088732	-0.048205	0.023552	0.095279	0.010827	0.115003	0.144335	-0.074720	-0.033849	-0.025044	-0.091593	-0.152622	0.084521	-0.160896	-0.174131	0.223857	-0.201998	-0.013710	0.111946	0.035990	0.057330	0.033140	0.160139	-0.025178	-0.025893	-0.143705	-0.054030	0.130618	-0.062359	0.109865	0.055965	-0.035588
-0.088160	-0.026819	0.177685	-0.003700	-0.008762	0.031891	-0.036947	0.053571	-0.039457	-0.241996	0.150757	-0.007185	-0.005490	0.015518	-0.015155	-0.021579	-0.101742	-0.039542	0.115870	-0.036494	0.038400	-0.251441	0.067889	-0.123461	0.121915	-0.088543	-0.110968	-0.088741	0.151207	0.194219	-0.051027	-0.096184	-0.118065	0.045615	-0.116818	0.071107	-0.051205	-0.102029	0.035001	0.204627	0.006722	-0.104166	0.013803	0.035390	-0.038566	-0.046408	-0.058418	0.056268	0.096969	-0.092341	-0.031664	-0.229493	-0.003646	-0.126691	-0.008661	-0.057016	-0.210251	-0.184850	-0.002041	-0.014964	0.117023	-0.039107	0.043476	-0.073683	-0.027560	-0.101961	-0.067077	0.101007	-0.018257	0.073743	-0.017564	0.069778	0.106063	0.052156	0.120033	0.134038	-0.255356	-0.077382	-0.091014	-0.002484	0.157794	-0.060247	-0.037420	-0.048963	-0.007896	0.024457	0.077916	0.001150	0.063607	-0.041502	0.104529	-0.057524	0.018959	-0.059352	-0.129078	0.193697	0.094414	0.012999	-0.168329	-0.146472
-0.111948	0.049416	-0.002709	0.195583	-0.084766	0.106840	-0.016614	-0.042587	0.034745	-0.007567	0.102260	0.059800	-0.033457	0.142736	0.012751	0.048748	0.157080	-0.137256	-0.028672	-0.047916	0.184348	0.028300	0.030640	-0.055804	-0.020072	0.072853	-0.020576	0.086315	0.126776	0.029529	-0.025390	0.056205	0.165447	-0.135574	-0.062718	-0.125351	-0.018711	-0.183951	0.105506	-0.031829	-0.171716	0.000956	-0.246198	0.020554	0.109204	-0.044938	-0.175295	0.022846	-0.048206	-0.135944	0.147659	0.150733	0.049208	-0.040165	-0.038469	-0.091040	-0.119500	-0.052666	-0.013289	-0.194195	-0.060787	0.060859	-0.013119	0.082997	-0.083219	-0.034791	-0.040164	0.017075	0.028606	0.146918	0.024333	0.021805	-0.140735	-0.045849	0.106965	0.078772	0.007485	-0.187544	-0.198514	-0.018216	0.029015	-0.086327	-0.041571	-0.127704	-0.061911	-0.209083	-0.062627	-0.006777	-0.014942	-0.096719	-0.093976	0.053032	-0.038188	-0.079391	0.225300	0.173392	-0.123195	0.103705	-0.050814	-0.082214
-0.138278	-0.030431	0.006643	0.043500	0.049432	0.052608	-0.034344	-0.045878	-0.117889	0.072210	0.133153	0.019605	-0.018320	0.231121	-0.015050	-0.102348	0.169608	0.224928	0.077242	-0.036754	0.118466	0.015630	0.022903	0.061033	0.034716	0.057938	-0.112926	0.044867	-0.031072	-0.076069	-0.077038	0.004250	-0.012549	0.070819	-0.036914	-0.006229	-0.036046	-0.033846	0.116927	-0.033131	0.076222	0.092124	-0.227877	0.076305	-0.004857	0.082228	0.057591	-0.062812	0.117869	-0.038309	0.003296	0.112062	-0.019818	0.083403	0.006235	0.062661	-0.143841	-0.205986	0.081579	0.093076	-0.007518	-0.061203	0.002707	-0.143852	-0.157280	0.133676	0.108568	0.159309	0.083395	-0.031148	0.199647	0.357763	-0.087806	-0.045175	0.171054	-0.033358	-0.124819	-0.171574	0.040551	0.009519	-0.094639	-0.017362	-0.041015	-0.198549	-0.180642	0.033393	0.108224	-0.049056	0.063060	-0.075447	-0.046336	0.046840	-0.020421	0.042926	0.007145	0.090874	0.005577	-0.109324	0.017534	-0.031833
0.070141	-0.082583	0.067304	0.097287	-0.179042	-0.060473	-0.073802	-0.035839	0.075694	0.005820	0.057059	0.067054	-0.063530	0.110894	-0.148320	0.118984	0.110559	0.119464	0.038964	0.147328	0.217722	0.023629	-0.129733	-0.106766	-0.135695	0.064363	0.018346	0.219942	0.152962	-0.114502	0.214732	0.105276	0.011060	-0.092121	-0.037640	0.030525	0.011744	-0.185572	0.186481	0.047030	-0.049956	-0.012294	-0.014092	0.069591	0.121649	0.049306	0.057476	0.117731	-0.018139	-0.107060	-0.033159	0.167942	0.035768	-0.074016	0.029380	-0.123770	-0.066527	0.014998	0.092475	-0.023043	0.070995	0.212652	0.003453	-0.023253	0.036999	0.068658	0.139068	0.084249	-0.125195	-0.072940	0.086703	0.008701	-0.102828	0.136848	0.251477	-0.073004	-0.134469	-0.031894	0.030317	0.095889	0.094243	-0.127448	-0.050501	-0.098615	-0.128542	-0.076204	-0.029475	-0.023810	0.090009	0.046171	0.002661	0.038720	0.035124	0.056095	0.211246	0.033004	0.019295	0.080927	-0.020339	0.056836
-0.055493	0.009011	-0.023429	0.163049	0.028932	-0.024415	-0.081436	0.013190	-0.028612	0.057812	0.036266	-0.102117	-0.132769	0.132475	0.070710	0.014390	0.191166	-0.094923	0.010501	0.142996	0.176794	-0.144740	-0.039885	-0.041223	-0.084248	0.029858	-0.184672	0.039249	0.077490	-0.022318	-0.006638	-0.143878	-0.068955	0.023043	-0.050528	-0.089878	0.010750	-0.047967	0.127611	-0.013575	0.001532	-0.139280	-0.111710	0.042347	0.077581	0.083098	0.135655	-0.068824	-0.044670	-0.195523	0.094719	0.129939	0.129837	0.064867	-0.063174	0.089402	-0.113717	-0.339726	0.048091	0.097837	0.239379	-0.101041	0.052557	0.047740	-0.015715	-0.037321	0.143450	0.024135	0.126787	-0.080176	0.147535	0.218479	-0.076007	-0.066727	0.084009	-0.134020	-0.044236	-0.004432	-0.112931	0.091497	-0.138059	-0.136195	0.116435	-0.080207	-0.097158	-0.012575	0.032751	0.036495	0.075027	0.048741	-0.062238	0.053934	-0.031353	-0.052742	0.159142	0.082027	0.013632	0.013433	0.044420	-0.023133
0.034690	0.052944	-0.055123	0.124115	0.077125	-0.043731	-0.006688	-0.162908	-0.170266	-0.046054	-0.001946	-0.145523	-0.210761	0.043957	-0.012259	-0.005194	0.160542	0.019544	-0.019764	0.008992	0.189619	0.055682	-0.039089	0.108344	0.063155	0.074951	0.058338	0.219974	0.189711	-0.101153	0.070076	-0.042114	0.041391	-0.038411	-0.055854	-0.085980	0.049922	-0.037762	0.059067	0.108258	0.080771	-0.037141	0.124262	-0.032331	-0.016900	0.009948	0.055066	-0.060293	0.024193	-0.154232	-0.173578	0.128597	0.148387	0.032552	-0.010957	-0.034256	-0.095391	0.002616	0.042748	0.005713	0.207488	-0.032224	0.058546	0.098110	-0.036431	0.177071	0.189275	0.000709	0.022195	-0.039211	0.052064	0.068066	-0.258619	0.006478	0.206572	0.019829	0.052822	-0.025449	-0.178633	-0.075128	-0.080325	-0.055726	-0.018262	-0.063528	-0.045644	-0.091232	0.055024	-0.156505	-0.119967	0.011125	-0.048606	0.009102	0.017199	-0.095275	0.164306	0.037282	0.170824	-0.106106	0.200397	0.084871
0.067959	-0.079864	-0.173532	0.024998	0.006133	0.039921	0.072927	0.026972	0.151196	-0.059054	0.061090	0.069181	0.081495	0.150913	-0.186049	0.084735	-0.087008	0.007531	0.016691	-0.166573	-0.028477	-0.044423	0.005994	-0.063054	-0.059021	-0.085261	0.171245	-0.089888	0.054751	0.108588	0.010171	0.075573	-0.052750	-0.039559	0.020705	-0.210268	0.044820	0.061319	0.205606	0.121387	0.006984	-0.069708	-0.006196	0.001667	0.092607	0.064246	0.092916	-0.066474	0.040714	-0.105091	0.081786	-0.057350	0.017341	-0.177530	0.112077	-0.155087	-0.006003	-0.073550	0.161658	-0.019478	0.140992	0.045325	-0.162546	0.162317	-0.170251	0.070991	0.141346	0.070976	-0.157073	0.082684	-0.120039	0.256179	-0.006309	0.053531	0.104000	-0.021658	0.006909	-0.019830	-0.160829	-0.023319	0.148878	0.111061	0.022629	-0.009575	-0.103285	-0.010153	-0.147988	0.113697	0.135690	-0.091466	-0.039764	-0.115212	-0.091414	-0.014507	-0.072027	-0.148032	0.029371	0.057299	0.060829	-0.124841
-0.094307	-0.046849	-0.071252	-0.000734	-0.159137	-0.015349	0.028346	-0.065634	-0.086826	0.107025	0.148142	0.125938	-0.043088	0.187637	-0.009408	0.109183	0.092409	0.043691	-0.048992	0.037401	0.080594	-0.024869	-0.131243	0.004767	-0.005929	0.104153	-0.045758	0.249480	0.087581	-0.021766	-0.010994	0.113726	0.156695	0.091312	0.096240	0.005689	-0.124989	-0.021739	0.016337	0.045868	0.072926	-0.042001	0.011211	0.141354	-0.028798	0.116416	0.133087	-0.032577	-0.057192	-0.040466	0.100612	0.085479	0.124466	-0.106143	-0.031784	-0.110842	0.010651	0.014919	-0.126988	-0.038180	0.098815	-0.108470	-0.070939	0.072422	-0.198844	-0.090898	0.099525	0.087613	0.051703	0.101474	-0.128487	0.142831	0.011350	0.183248	0.057103	-0.027864	0.005670	-0.148802	-0.105233	-0.169555	0.048085	-0.014877	-0.278699	0.153089	-0.171563	-0.035942	-0.130552	0.043579	0.102708	-0.202948	-0.077167	-0.061094	-0.013705	-0.064657	0.196979	0.006594	-0.007576	0.005920	-0.002585	0.078080
-0.005050	-0.039088	0.117305	0.215803	-0.065215	0.166826	0.016854	0.033005	0.029366	0.003976	-0.075371	0.110692	0.001040	0.345726	-0.025791	-0.083225	0.104004	-0.025148	-0.100846	0.020940	0.072337	0.097561	0.067680	0.045117	-0.064221	0.107670	-0.103618	0.043877	-0.066419	-0.076426	0.021601	-0.060733	0.019132	-0.021086	-0.061189	-0.087782	0.008359	-0.023878	0.021425	-0.068609	-0.006277	-0.104505	-0.097910	0.115641	-0.041213	0.031081	0.018943	0.010924	-0.029700	-0.157619	-0.117011	0.069238	-0.042072	0.001669	-0.081735	0.090585	-0.114946	-0.176045	-0.184711	0.015909	0.154158	0.005425	0.082449	0.123333	-0.140061	0.150804	0.106857	0.058722	-0.164325	0.083528	-0.145977	0.169449	-0.114408	0.048169	0.112713	-0.188827	-0.074353	-0.228411	-0.084520	-0.033795	-0.036236	-0.022791	-0.060524	-0.077843	-0.145892	0.057494	0.095735	0.038282	0.034177	0.037160	-0.207228	-0.017140	0.131027	0.073167	0.141042	-0.039296	0.067729	-0.067648	-0.084612	-0.091168
0.092240	-0.000180	0.028834	-0.185130	-0.139243	-0.145550	0.079672	-0.002948	0.143519	-0.067351	-0.046790	-0.019251	0.162699	0.255615	-0.165634	0.041363	-0.158511	0.033201	-0.005094	0.002574	0.056679	0.033079	-0.041269	0.100765	0.001897	0.015412	-0.072053	0.084965	-0.161949	0.093538	-0.116638	-0.004825	0.024398	0.104940	0.030153	0.055277	-0.015977	-0.047349	-0.175090	0.040884	-0.060348	-0.139442	0.085780	0.115517	0.058120	-0.159962	-0.033546	0.054800	0.082299	0.060953	-0.101881	-0.216849	-0.029580	-0.084105	0.107613	-0.003449	0.109863	-0.014570	0.098271	-0.127845	0.025127	0.016126	-0.107703	-0.075836	0.108894	0.004810	0.067253	0.091569	0.121956	-0.019496	-0.003475	-0.008821	-0.205226	0.054872	0.178010	-0.107612	-0.167641	0.001429	-0.086790	-0.153574	-0.171933	0.056259	0.003984	-0.003532	-0.029550	-0.178969	0.049817	-0.096229	0.063924	0.057121	-0.259836	0.066115	-0.080485	-0.079931	0.098828	-0.049189	0.113491	0.030966	-0.017738	0.047905
-0.023533	0.002262	-0.161543	0.168497	-0.063872	0.026997	0.072345	-0.230462	0.030395	-0.126403	0.075979	0.077307	-0.034664	0.102361	-0.052185	0.070209	0.080022	-0.046165	-0.025940	-0.010600	0.030349	0.047989	0.095779	0.050457	0.027113	0.246576	0.010263	0.109496	0.071647	0.240825	0.161565	0.107802	-0.004967	0.059213	0.095304	0.111154	-0.012124	-0.081393	0.096531	0.135977	-0.173021	-0.080780	0.104365	-0.022419	0.091673	0.041681	0.018888	0.017166	0.110498	-0.034743	-0.135203	0.073973	-0.007485	0.044617	0.033894	-0.053598	0.121954	0.115263	0.057953	-0.153717	0.227231	0.032588	-0.022944	-0.077797	0.014809	-0.052022	0.039792	-0.007300	-0.026235	-0.072629	-0.133250	-0.008089	-0.097200	-0.069910	0.302655	-0.074134	0.056493	-0.084118	-0.086016	0.036825	0.038561	-0.056258	0.045972	0.043937	0.075210	-0.090137	-0.141568	0.023418	-0.092658	-0.159314	0.002433	0.127294	-0.015527	-0.007200	-0.041408	-0.073174	0.189991	0.188588	-0.152763	-0.069350
-0.028966	0.027395	-0.150009	0.108616	0.014120	0.018481	-0.123857	0.095775	0.011657	-0.079112	0.088365	0.007811	0.033133	0.298027	-0.077287	-0.019480	-0.036412	-0.134107	-0.038789	-0.077860	0.100786	0.261169	-0.037860	0.139900	0.061169	0.080211	0.007869	0.130705	0.074959	0.019151	0.039301	-0.193960	0.087207	0.085937	-0.040252	-0.055588	0.031395	0.040627	-0.021391	-0.210428	-0.135906	0.095817	0.085169	-0.046371	0.011682	-0.067113	0.162726	0.016659	-0.108535	-0.013648	-0.005496	-0.122861	-0.024208	-0.225384	-0.015422	0.053938	-0.038756	0.058575	-0.019654	0.051120	0.066518	0.156339	-0.132006	0.023891	0.027196	0.098895	0.232870	0.091794	0.089252	0.021956	-0.065030	0.034604	0.021140	-0.045867	0.160403	-0.114640	0.179566	0.071035	-0.158126	0.220631	0.006405	0.038210	0.013989	0.106524	-0.020581	-0.093494	-0.087807	-0.040831	0.181164	-0.071343	-0.029402	0.002213	-0.164071	-0.075791	-0.039991	0.004336	-0.006609	-0.052888	0.104422	-0.004479
-0.071466	0.084943	-0.108954	-0.014384	0.030927	0.064623	0.082381	-0.088072	0.100235	-0.026544	-0.009139	-0.007651	0.004311	0.285511	0.016200	-0.017529	-0.082505	-0.186334	-0.016671	-0.098165	0.166073	-0.014674	-0.040520	0.117108	0.037584	-0.090628	-0.002012	-0.058193	0.010602	0.064200	-0.115136	-0.254872	-0.019068	0.097691	0.025186	0.077948	-0.105662	0.033932	-0.077915	-0.087371	-0.042849	-0.139713	0.079287	0.115903	-0.039662	0.038346	-0.041477	0.060405	0.107195	-0.032385	-0.125412	-0.094515	0.050438	-0.124495	0.211203	0.041429	0.008010	0.016567	0.045299	-0.076606	-0.026551	-0.054786	-0.118373	0.045756	0.065503	-0.030849	0.197410	0.076721	-0.032482	0.139286	-0.154574	0.180145	-0.080190	-0.154651	0.169170	0.043771	0.001205	0.011317	-0.108066	0.060342	-0.269161	0.067393	-0.020678	-0.009444	-0.006546	-0.147531	-0.137012	0.124264	0.068923	-0.141898	-0.195427	-0.009190	0.038737	-0.051328	-0.000296	-0.116162	0.047178	0.072356	-0.134903	0.088836
0.011662	0.161682	-0.085829	-0.062938	-0.039917	-0.067856	0.052150	0.029353	0.185449	-0.076537	0.095153	0.031700	0.011769	0.330918	-0.052429	0.039828	0.114377	-0.021094	-0.028149	0.340340	0.053292	0.140280	0.177202	0.028816	-0.000006	0.053486	-0.089478	0.186846	0.070723	0.140602	-0.076416	0.077628	0.051503	0.073472	0.015938	-0.044188	-0.076783	-0.014362	0.111347	-0.097446	-0.050878	-0.031098	0.139116	-0.005436	-0.013340	-0.024406	0.093246	0.132184	0.178747	0.007222	0.093890	0.033045	-0.012349	-0.186215	-0.032956	-0.146818	-0.028999	0.062744	0.055120	-0.042994	0.060035	0.064785	-0.011059	-0.054306	-0.169329	0.086465	0.078899	-0.042049	-0.059768	0.019387	0.063797	0.111183	-0.046542	0.081503	0.059866	0.019830	0.062312	-0.054013	-0.160583	0.044980	-0.059508	-0.000189	-0.125802	0.044457	-0.014437	0.097304	0.048332	-0.122576	-0.051141	-0.009917	-0.140013	0.085386	-0.300416	-0.064358	0.028208	0.061569	-0.097674	0.031746	-0.005072	0.116208
-0.107569	0.100539	-0.055830	0.113547	-0.008257	-0.042767	-0.205852	0.005217	0.172607	-0.098234	-0.068910	0.112152	0.114292	0.189194	0.031516	0.081158	-0.099620	-0.030640	-0.026634	-0.089161	0.128857	-0.049915	0.069371	-0.069722	-0.058283	-0.019594	0.014010	0.115006	0.077913	0.092843	-0.195369	0.085057	0.006969	-0.082208	0.050273	0.136270	0.106463	-0.191540	-0.041908	0.110980	-0.075851	-0.080947	0.016524	-0.013505	-0.082319	-0.048750	0.097130	0.178364	0.119555	-0.126652	0.100474	-0.044507	0.113667	-0.083325	0.118609	-0.057231	0.014687	-0.015832	0.109165	-0.158107	-0.013540	-0.037135	-0.166475	-0.053283	0.026079	0.036555	0.049524	0.029188	-0.096301	0.098947	-0.021615	0.011795	-0.186259	-0.080222	0.157390	0.055437	0.003746	-0.070837	-0.057473	-0.118048	-0.132544	-0.053868	0.113274	0.017963	-0.088133	0.019976	-0.074721	0.025227	0.084718	-0.075857	-0.103563	0.035956	0.210625	-0.235521	-0.005320	-0.244763	-0.029562	0.140792	-0.025662	0.081386
0.083065	0.062659	-0.040583	0.054009	-0.085424	0.123702	-0.066833	0.015775	0.067429	0.063393	0.211408	-0.095041	-0.069819	0.002636	0.028836	0.080333	-0.081992	0.065858	-0.064925	-0.068556	-0.060915	-0.023518	0.214790	-0.173289	-0.134521	-0.031266	0.027320	-0.121434	0.109232	0.030079	0.210058	-0.054813	-0.100438	-0.008595	0.057485	0.048696	-0.122353	-0.037326	-0.030956	-0.125393	-0.012022	-0.042744	-0.013579	0.130435	0.051299	0.027173	0.096202	0.037508	-0.097284	0.018629	-0.146772	-0.041410	0.028647	-0.204397	-0.068792	-0.187337	-0.071815	-0.154546	0.015184	0.108418	0.090839	-0.088733	-0.013891	-0.064698	-0.174865	0.032993	0.134780	0.102091	-0.177363	0.057113	-0.109963	0.133872	0.027716	-0.048047	0.154087	0.231278	-0.087212	-0.073304	0.026703	-0.132338	0.214545	-0.070172	-0.090697	-0.024394	-0.181479	-0.050318	0.034431	0.054410	0.183663	-0.059050	0.096389	-0.026651	-0.126572	0.095584	0.073371	0.026336	-0.046734	0.080007	0.062845	0.043785
-0.003042	-0.045672	0.025017	-0.009788	-0.183909	0.076044	-0.074429	0.104815	0.086454	0.023570	0.150186	-0.195702	0.019119	0.139515	0.085173	0.007404	0.028703	0.087618	0.078163	0.077494	0.022425	0.057151	-0.032607	0.028459	0.042865	0.190319	-0.012992	0.082711	0.011424	-0.158311	-0.005322	0.079898	0.133376	0.139585	-0.146430	-0.025679	-0.041269	-0.100796	-0.060580	-0.058620	0.003950	0.031286	-0.125385	-0.015559	0.010465	-0.130950	0.211307	0.127469	-0.044823	-0.007536	0.036479	0.071027	0.091717	-0.114080	-0.102411	-0.066152	0.015186	-0.125704	-0.162830	0.017356	0.030027	-0.163711	-0.038034	0.079705	0.122706	0.029896	0.046147	0.203754	-0.009155	0.091055	-0.009350	0.219345	0.002022	-0.132464	0.256086	-0.119501	-0.007268	0.031901	0.110099	-0.070338	0.098861	-0.129606	0.036962	0.110320	-0.070754	-0.126547	0.153840	-0.050677	0.175315	0.021716	0.102430	0.185510	-0.000266	0.075319	0.039023	0.125331	-0.161371	-0.026762	-0.024274	-0.010518
-0.057658	-0.060005	0.005078	-0.108333	-0.108094	-0.121695	0.052401	0.030933	0.081131	0.063317	-0.101152	-0.046168	-0.112192	0.172424	-0.002632	0.014723	0.015342	0.162591	0.034773	0.209711	0.158583	0.065247	-0.041287	-0.156536	-0.021394	0.116058	-0.099088	0.011935	0.086894	-0.154426	-0.041604	0.074939	0.055350	0.010270	-0.153188	0.035604	-0.110460	-0.091252	0.002304	-0.006311	0.037157	-0.011897	-0.109768	0.064617	0.071843	-0.067109	0.045948	0.074743	0.058058	-0.022704	0.085890	-0.073150	0.137319	-0.081034	-0.147128	-0.096672	-0.136562	-0.167203	-0.076538	0.126404	0.086609	-0.156426	-0.060862	0.039941	-0.207306	0.071722	-0.018727	0.069784	0.043115	0.067606	0.087910	0.125856	0.009580	-0.045328	0.082861	-0.075846	-0.059083	0.127915	-0.054808	-0.248649	0.067531	-0.060242	-0.127572	0.053091	-0.214687	-0.068280	-0.029976	-0.136576	0.140057	0.060131	-0.040534	0.079332	-0.063933	-0.112705	0.089603	0.229383	-0.137146	-0.092201	0.066442	0.111750
0.055245	-0.066524	0.052866	-0.004136	0.033811	0.099581	0.015614	0.042487	0.133441	0.051309	-0.039596	-0.020107	-0.004368	0.162933	0.081979	-0.021085	-0.026858	-0.015563	0.030438	0.048530	-0.011173	-0.035646	0.074247	-0.066962	-0.003776	-0.025421	-0.132490	-0.044068	-0.040676	-0.046843	-0.011021	0.091990	-0.006530	0.050986	0.100472	0.080469	-0.041606	0.039177	0.058846	0.041341	-0.184682	-0.031980	0.052370	0.145063	0.019350	-0.065947	0.173201	0.162600	-0.025604	0.044527	0.266444	-0.060531	0.207660	0.030895	-0.121122	0.041828	0.080981	-0.200373	-0.295498	0.004195	0.043249	-0.230360	0.029966	-0.028678	-0.047255	0.001729	0.128446	0.126481	0.095839	0.059950	-0.016397	0.226119	-0.039597	-0.016482	0.222764	-0.033399	0.048509	-0.111168	-0.269452	0.010518	-0.003102	-0.126944	0.066826	0.039416	0.028511	-0.110610	0.026888	0.063001	0.175542	0.078167	0.000814	0.001531	0.096613	0.005709	0.112562	-0.048579	-0.082329	-0.074961	-0.190850	0.084088
0.033021	0.036686	0.085681	0.018615	-0.058705	0.143510	0.015155	0.135557	0.131338	-0.016345	0.009576	-0.048975	0.046912	0.167939	0.086070	0.090881	0.087603	0.014916	0.048685	0.093420	0.104337	0.074869	0.130476	-0.066503	0.052006	0.063847	-0.076360	-0.037128	-0.037224	0.079014	-0.033857	0.169207	0.026061	0.098415	-0.119693	0.089071	-0.086023	-0.108609	0.151001	-0.075925	-0.084840	-0.001139	-0.028348	0.116157	0.114434	-0.064548	0.246985	0.184635	-0.029001	0.014307	0.185642	-0.097519	0.171217	-0.030265	-0.148513	-0.114671	-0.048438	-0.051300	-0.159496	0.030955	0.015671	-0.081499	-0.050567	0.061244	-0.085804	0.166150	-0.064862	0.068803	-0.027673	0.002084	-0.136494	0.214602	-0.004287	-0.143384	0.123763	-0.043581	0.111414	-0.098869	-0.053512	-0.205526	0.127983	-0.105298	-0.089935	0.008335	-0.022040	-0.091750	0.109278	0.063712	0.072157	0.145005	0.014053	0.068548	-0.073371	0.062453	0.075804	0.072661	-0.182711	-0.181445	0.004729	-0.103985
-0.129486	-0.114493	0.023111	-0.003661	-0.055449	0.103981	-0.151998	0.126781	-0.052245	-0.020770	0.158555	0.017415	0.006723	0.091244	0.058929	0.035361	0.103863	0.181544	-0.021962	0.167384	0.033301	0.032309	0.080033	-0.079906	0.133783	-0.048053	-0.072269	0.120229	0.092406	-0.106353	0.126392	0.121555	0.036019	0.036670	-0.001762	-0.037902	-0.032425	-0.098098	0.048082	0.061304	-0.152178	0.094184	0.043607	0.265408	0.080382	-0.031685	0.170783	0.079353	-0.089586	-0.045069	0.079694	0.013704	0.068455	-0.065603	-0.188981	0.092208	-0.048808	-0.091180	-0.235318	0.173892	-0.037111	-0.082714	-0.084869	-0.022674	-0.075389	0.082657	0.073847	0.129739	-0.054511	0.047211	-0.086662	0.294465	0.002041	0.006811	0.130534	-0.022392	0.084437	-0.080845	-0.116700	-0.090273	0.038489	0.055421	-0.030077	0.128444	-0.025291	-0.052556	-0.004809	0.041483	0.192160	-0.005903	-0.026906	0.084037	-0.171469	0.006740	0.151068	0.007071	-0.160424	-0.081091	0.008979	-0.056254
0.056288	0.181253	-0.136373	0.005532	-0.166258	0.083576	0.030197	-0.032724	-0.032382	0.150550	-0.111597	-0.060224	-0.052477	0.112208	-0.050765	0.070803	-0.052755	0.018317	-0.109552	0.226640	-0.056359	-0.190987	-0.010184	-0.071217	-0.107370	0.038182	0.000757	0.129545	0.175353	-0.048240	0.047877	0.174124	0.069118	-0.022254	-0.083081	0.005570	-0.082917	0.034364	0.173366	0.083699	-0.085963	0.056304	0.003436	0.176228	-0.012275	0.103430	0.017310	0.052065	0.066677	-0.093398	0.215931	-0.062057	0.242955	-0.132055	-0.004438	-0.018128	-0.127183	-0.041317	-0.067547	-0.046679	0.166732	-0.161995	0.090531	0.046285	0.118711	-0.041941	0.108590	0.123863	-0.000195	0.105655	-0.074950	0.071943	-0.006029	0.102727	0.179122	0.062796	-0.240460	-0.069798	0.026184	-0.104662	0.104532	0.013634	-0.110613	0.025199	-0.092194	0.010993	0.014471	-0.077198	0.013219	-0.031601	-0.095348	0.047155	0.012780	-0.093042	0.139495	0.051276	0.083209	0.067415	-0.131662	0.010239
-0.010613	-0.147041	-0.055417	-0.054243	-0.104448	-0.150704	-0.127769	-0.037606	0.062714	-0.015906	0.107695	-0.201015	0.023188	0.027619	-0.043962	-0.067915	0.158836	0.199711	-0.167348	0.084171	0.086761	0.136086	0.071450	-0.052717	0.083273	0.151220	0.106458	0.156499	0.151292	-0.090129	0.101905	0.062734	-0.030471	0.035096	-0.089354	0.133591	-0.018334	-0.093404	0.135811	0.136043	-0.040541	-0.013591	0.060428	0.212859	0.052899	0.066100	0.010196	0.060368	-0.005932	-0.237842	-0.073913	-0.112207	0.198545	-0.032198	-0.051011	-0.177809	-0.223181	0.038853	-0.083828	-0.016952	0.002470	-0.048575	-0.039364	0.041183	0.040059	0.021696	0.025409	0.013108	-0.054755	0.079899	-0.004199	-0.103651	-0.034354	-0.088067	0.094713	-0.067240	0.023145	-0.030847	0.029586	-0.219126	0.038065	0.058978	0.076048	0.058559	-0.146268	0.099039	-0.135745	-0.094004	0.194421	0.072729	0.003774	-0.091109	0.027492	-0.019856	0.094404	0.100455	0.006922	-0.023261	0.129376	0.071704
0.066730	-0.073142	-0.038598	0.241801	0.118352	0.059340	0.058449	0.129063	-0.128572	0.056742	-0.052378	-0.002387	-0.041526	0.071104	0.067610	0.098698	0.085487	-0.148365	-0.109955	-0.102682	-0.013287	0.110110	0.240169	0.075029	0.030988	-0.005277	-0.077999	-0.056141	-0.008706	-0.008933	-0.023664	-0.037909	-0.125760	0.128473	-0.113261	0.084162	-0.023973	0.128178	-0.034288	-0.013466	0.013282	0.061880	0.106864	-0.121483	-0.000919	0.130762	-0.094355	-0.187800	-0.138133	-0.147985	0.054958	-0.028649	-0.121252	-0.142764	0.015245	-0.042063	-0.063392	0.043929	-0.099897	-0.024729	0.113891	0.080319	-0.094506	0.067839	-0.042683	0.013421	0.152651	-0.167941	-0.102454	0.107930	0.062127	0.178142	-0.247431	0.016235	0.029897	0.004240	0.085737	-0.218898	-0.117397	0.065839	-0.056023	0.125622	-0.066984	-0.102796	-0.128877	-0.047395	0.059726	-0.010392	-0.133454	-0.070391	-0.080645	0.103745	-0.131769	-0.059772	0.141664	0.120680	0.099704	-0.032021	-0.074519	-0.001319
0.038418	0.101172	0.027209	-0.089600	0.150183	0.016433	-0.012021	-0.073264	-0.010374	0.017088	-0.146160	0.002156	-0.002450	0.008841	-0.129630	-0.036080	0.185169	0.077723	-0.047010	0.062974	-0.000063	0.059481	0.214533	-0.083598	0.225370	-0.015203	0.036931	-0.200469	-0.098045	-0.100662	-0.074650	0.028861	0.053202	-0.016977	-0.017613	0.029348	0.227207	0.098966	0.227597	-0.108470	0.138051	-0.023130	0.046390	0.127343	-0.023283	0.050162	-0.027656	-0.091736	0.057656	-0.088657	-0.016068	-0.145670	0.075423	-0.074291	0.106424	0.000916	-0.004362	-0.021029	0.190493	0.074446	0.177363	-0.167635	0.052870	0.022614	-0.125334	0.122803	0.082286	0.013756	-0.172668	0.105856	-0.024407	0.123534	0.065006	0.117904	-0.020322	-0.038687	0.036824	-0.001911	-0.049385	0.052602	0.075678	0.196088	-0.093278	0.065199	-0.097106	0.078437	0.059421	0.001270	0.063524	0.012037	0.093189	0.074868	-0.237000	0.174260	0.003186	0.151096	-0.000368	0.051192	-0.048041	-0.139183
0.063816	0.022218	-0.090495	0.189846	-0.027855	0.109122	-0.085473	-0.029257	0.065166	-0.122680	-0.066791	0.205401	-0.028410	0.129658	-0.054198	-0.035272	-0.028981	0.170352	0.081441	0.060819	-0.107284	-0.078793	0.208677	-0.153490	0.072724	0.187218	-0.036362	0.006136	0.066885	-0.041476	-0.058394	-0.023435	0.091376	0.076828	0.088644	-0.034520	0.048204	0.010886	0.134108	-0.057980	0.107068	-0.029191	0.116962	0.050561	-0.065172	-0.085606	-0.002768	0.180436	-0.045125	-0.068752	0.146004	-0.051763	0.068530	-0.073433	0.025688	-0.058194	0.063305	-0.016195	0.036595	0.063618	-0.027820	-0.069865	0.023083	0.122957	-0.052500	0.069405	0.107927	-0.048781	-0.119724	0.129229	-0.151280	0.132831	-0.064444	0.074329	-0.046731	-0.014723	0.122452	-0.144728	0.021000	-0.137496	0.184596	-0.022697	0.089294	0.042099	-0.100668	-0.032761	0.082340	0.037728	0.009652	-0.046896	-0.374206	-0.084795	0.110570	0.028628	-0.031517	-0.196078	0.204505	0.005538	-0.040705	0.017846
-0.030366	0.026407	-0.088819	-0.110933	-0.134953	-0.133438	0.084915	0.050506	0.181698	0.082182	-0.175372	-0.024363	-0.064322	-0.059005	-0.000358	0.026634	0.093711	0.014777	0.100606	-0.038401	0.071289	-0.096880	-0.074410	0.130094	0.032130	0.233641	-0.028010	0.078513	-0.054733	-0.051795	0.024880	-0.023621	-0.096788	-0.008868	0.125737	0.077126	0.074654	0.133749	-0.144836	0.198963	0.102456	-0.126330	0.125706	0.114290	-0.003477	-0.089356	0.072674	0.141632	0.047917	0.045121	-0.098466	-0.241668	0.073895	-0.141785	0.042602	0.037434	0.068379	0.024484	-0.063700	-0.011334	0.093298	-0.044308	-0.077072	0.056492	0.163798	0.155797	0.098437	-0.016742	-0.025692	0.043914	0.083391	-0.002615	0.001205	0.073737	0.064262	-0.003761	-0.089066	-0.174783	-0.111339	-0.162168	-0.088537	0.059809	0.170651	-0.032691	-0.124229	-0.076026	-0.043491	0.003333	0.007860	0.129635	-0.082297	-0.019772	-0.057580	-0.118136	-0.003947	-0.170475	0.155711	0.199034	-0.122951	-0.142096
-0.192425	-0.049897	-0.001952	0.087160	0.016086	-0.051339	0.132373	0.027908	0.197810	0.003258	0.051516	0.061630	0.002631	0.208193	0.042456	-0.028858	-0.004437	-0.235116	-0.007173	-0.030614	-0.111510	0.041912	0.075700	0.094555	-0.146471	-0.012782	-0.065556	-0.025801	0.068921	0.174768	0.022477	-0.058008	0.022684	-0.056266	0.038339	0.005903	-0.120173	-0.113099	0.074499	0.126151	-0.163384	-0.094170	0.011379	0.020977	-0.035968	0.190820	-0.055357	-0.068708	-0.006208	-0.119691	-0.077562	-0.159420	-0.093802	0.031323	0.094176	-0.169485	-0.082330	-0.114633	-0.014976	0.071528	0.056576	-0.052271	0.046010	0.010492	-0.189843	0.051025	-0.144570	-0.027406	-0.196388	0.036658	-0.026367	0.167399	0.161976	0.038976	0.148931	-0.093359	-0.037274	-0.301524	0.042517	-0.026095	-0.060798	-0.142081	0.053275	-0.056450	-0.100697	0.090604	0.100011	-0.047048	0.071844	0.001379	0.131985	-0.019614	-0.083412	0.047431	0.048875	0.132986	-0.051257	0.111740	-0.125889	0.032620
-0.080821	0.131874	0.041854	0.133987	0.084866	0.036606	-0.017243	-0.047931	0.040926	-0.115928	0.041435	-0.016301	-0.006770	0.158941	-0.171974	-0.076421	0.093789	0.052672	-0.016858	-0.118038	-0.080326	0.070879	0.233895	0.041270	0.140848	-0.030904	0.029987	-0.065631	0.032836	-0.003879	-0.061997	-0.022749	0.104019	0.061262	0.021289	-0.136145	-0.000415	0.037226	-0.017791	-0.006296	0.144904	0.106748	0.191318	0.141253	-0.084031	0.050243	-0.113151	-0.090757	0.196543	-0.024906	0.118629	-0.127632	-0.035632	-0.067284	0.233765	0.061416	-0.279762	0.099736	0.110098	0.038636	0.179448	0.150114	-0.030179	-0.015036	0.043931	0.095359	0.166570	-0.043295	-0.025787	0.053277	0.069151	-0.014276	0.127162	0.028642	-0.088698	0.022911	0.205364	-0.078886	-0.077748	0.131986	-0.000332	0.140553	0.061814	0.137304	-0.016265	-0.004533	-0.038156	0.032304	0.160468	0.063662	0.076452	-0.044527	-0.051631	-0.153479	-0.027255	-0.121033	0.135481	-0.025552	0.071251	-0.031038
-0.009052	-0.031731	-0.077645	-0.068347	0.085197	-0.107524	-0.111358	-0.149234	0.003149	0.035060	-0.084744	0.013919	0.044710	0.162719	-0.063313	0.013374	0.042248	0.167455	-0.008563	0.035242	0.014770	0.023654	0.215673	0.015088	0.050208	0.094930	0.021428	-0.023008	-0.028694	-0.091901	-0.037077	-0.097099	0.110424	0.095020	0.026612	-0.013171	0.119682	-0.118442	0.202935	-0.144696	-0.052460	-0.027435	-0.093081	-0.176005	-0.071383	-0.093487	0.009479	-0.020146	0.009700	-0.146356	0.059713	-0.183840	-0.080530	-0.036636	0.142366	-0.113563	-0.065734	-0.034841	0.075194	0.211444	0.009971	-0.153578	-0.000993	-0.084528	0.088973	0.038000	0.058340	0.029734	0.081636	-0.013411	0.044115	-0.063307	0.042370	0.011626	0.059826	-0.012357	0.039598	-0.023351	-0.201358	0.141566	0.144943	0.144315	0.246850	0.175658	-0.112643	0.004288	0.133128	-0.110688	0.053439	0.005984	-0.100930	0.154812	-0.036571	-0.049489	0.002390	-0.034171	0.238463	0.186974	0.127375	-0.066084
0.313285	0.184450	0.100994	-0.217125	-0.005540	0.012399	0.037219	-0.008541	-0.071880	-0.040298	-0.018923	0.054827	0.199647	0.162988	-0.122680	-0.013942	0.066939	-0.029318	-0.013084	0.181459	-0.053975	-0.114721	0.071178	0.041668	0.039350	0.125072	-0.037667	0.026426	-0.013901	-0.027876	-0.014818	0.045640	0.125794	-0.000495	-0.049743	-0.012373	0.051853	-0.035240	0.105571	-0.055081	0.135984	-0.004107	0.032071	0.198848	0.025869	0.011090	0.055224	-0.060321	0.034728	0.038445	0.081667	-0.151321	-0.134504	-0.141365	0.060238	-0.104329	-0.071357	-0.191287	0.010587	0.049312	0.201416	-0.147548	0.034979	-0.044318	-0.172436	-0.023102	0.050975	-0.068491	-0.019978	0.005455	0.099930	0.054246	-0.054201	0.014611	0.058820	-0.062447	-0.046629	0.023389	-0.019826	-0.021723	0.243594	0.111611	-0.153636	0.086477	0.114360	-0.071523	0.172919	-0.115220	0.091913	-0.019670	0.019615	0.015349	-0.229574	0.130035	0.097331	-0.095525	-0.042975	0.034118	-0.000036	-0.073993
0.071499	-0.048242	-0.071129	0.156618	-0.075791	0.094688	-0.143194	-0.046119	-0.055218	0.000874	-0.083982	0.115821	0.043179	0.041937	0.083704	0.100221	0.110672	-0.054353	0.006728	0.130269	0.108782	-0.054704	-0.010058	0.032207	-0.060119	0.161545	-0.007979	0.158276	-0.001468	-0.045003	-0.018947	-0.142366	0.099668	0.057513	-0.141669	-0.041893	0.068971	-0.060739	0.025171	-0.041741	-0.079892	-0.133390	0.188074	-0.126074	0.051629	-0.158426	0.094993	0.083397	0.021637	0.002155	0.102469	-0.032504	0.097323	-0.145855	0.068009	-0.251187	-0.072672	-0.030035	0.043274	0.167692	0.183569	-0.007253	-0.037599	-0.002586	-0.019321	0.002685	0.028751	-0.009799	0.042139	-0.032862	-0.038710	0.008491	-0.068865	-0.057570	0.170645	-0.057629	0.121589	0.046357	0.022751	-0.093979	0.121371	-0.003562	0.350554	-0.001536	-0.041605	-0.105608	0.161411	0.006990	-0.098476	0.119175	-0.075741	-0.046255	-0.154919	0.158607	0.081863	-0.155333	0.060995	0.205291	-0.006439	-0.045405
-0.021056	0.077818	0.034850	-0.045569	0.022495	0.116032	0.020111	0.135767	0.158314	0.069024	0.052147	-0.020084	0.019945	0.046208	-0.169600	0.102781	-0.002393	-0.084660	0.017001	-0.149291	-0.101526	0.007178	0.039936	-0.018691	0.120850	-0.090195	-0.196135	-0.072098	0.003671	0.046827	-0.047541	-0.096521	0.172562	0.133048	0.128414	-0.139205	0.029565	-0.235824	0.069091	-0.139796	0.081939	-0.131586	0.027729	0.077298	-0.034328	0.049117	-0.042574	0.082747	-0.038522	0.094508	0.127097	-0.126153	-0.018700	-0.193236	0.192191	-0.003345	-0.263572	-0.217070	0.079441	0.137062	-0.034900	-0.131303	0.038663	-0.062758	0.030616	0.089949	0.015148	0.061552	-0.073924	0.029688	-0.018693	-0.029958	0.129187	-0.127518	-0.136229	-0.057074	0.003350	-0.034325	0.006703	0.076892	-0.039173	0.068306	0.008604	0.075536	-0.203802	-0.035288	0.062583	-0.112475	0.049009	-0.163031	0.004088	-0.037130	-0.132952	0.045486	-0.119410	0.098910	-0.103443	0.131931	0.082647	-0.086564
0.210808	0.032275	0.033846	0.017517	0.154127	-0.001337	-0.137539	-0.101772	0.148119	0.056961	0.214873	0.090553	-0.009935	0.142004	-0.141875	0.010266	0.068439	0.064247	-0.017653	-0.057080	0.021443	0.165307	0.154236	0.123856	-0.006654	0.017514	-0.057425	0.002867	0.112510	0.004317	-0.026952	-0.035621	0.145423	-0.026456	0.031453	0.001649	0.034625	0.112943	0.156083	-0.065439	-0.050608	-0.129996	0.103282	0.012173	-0.058422	0.008171	0.045658	-0.012629	0.140189	-0.164858	-0.018076	-0.135394	-0.030005	-0.077220	0.057819	-0.089347	-0.093000	-0.063167	0.030194	-0.058249	0.043099	-0.076038	-0.044636	0.066572	0.064976	0.178701	0.125741	0.044596	0.017461	0.202191	-0.036845	0.091901	-0.035798	-0.029098	-0.013608	0.060569	0.077444	-0.046715	-0.182601	0.083368	0.128443	-0.099060	0.165530	0.235688	-0.139469	-0.015152	-0.153469	0.008197	0.051122	-0.149567	-0.235373	-0.061973	-0.018150	0.137263	-0.136734	-0.016166	-0.033004	0.166823	0.050384	-0.021470
0.216232	0.058843	0.001375	0.144818	0.067715	0.201843	-0.090900	0.023543	0.009523	-0.201244	-0.003955	0.006799	-0.037808	0.193910	-0.158987	-0.007856	0.285981	-0.000033	-0.037906	-0.016611	0.169290	0.170030	0.120977	0.199650	-0.058153	0.085349	0.075368	-0.058416	-0.051096	-0.000655	0.024852	-0.033566	0.116793	-0.108746	-0.014675	0.113115	0.098360	0.099913	-0.035619	-0.163068	0.018402	0.091231	0.069704	-0.031559	-0.013011	-0.008542	0.157061	-0.025195	0.006844	-0.047446	-0.094301	-0.028882	-0.091895	-0.033753	-0.048553	-0.100830	-0.093018	-0.091281	0.141438	0.042934	0.139694	-0.166424	-0.032737	0.115107	-0.082318	-0.016620	0.233801	0.002039	-0.026730	0.085552	0.032554	-0.010582	-0.084989	-0.029873	0.027806	0.052302	-0.114547	-0.079379	0.024027	0.110317	0.117353	0.072047	0.047026	0.078473	-0.106713	-0.029685	0.016828	0.045915	0.197685	0.013783	-0.134832	0.000331	-0.136568	-0.017192	-0.043038	-0.109152	0.046183	0.101572	0.028555	-0.171099
-0.058578	-0.249803	-0.037123	0.036490	-0.019969	-0.048633	-0.123889	-0.052891	0.119125	0.001704	-0.026925	0.102269	-0.009277	0.055287	-0.081990	-0.004775	0.228138	-0.042721	0.078253	-0.000728	0.154828	0.083932	-0.052051	0.045875	0.054381	0.018429	0.069317	-0.046942	-0.040283	-0.028544	0.101639	0.084357	0.172960	-0.066480	0.050596	-0.092628	-0.102733	-0.210769	-0.059322	-0.043355	0.076132	-0.043349	-0.016118	0.088435	-0.045687	-0.012713	0.125163	0.043856	-0.085500	-0.201589	-0.015346	0.093139	0.054039	0.053875	-0.001858	0.075495	-0.125632	0.007865	0.037579	0.236364	0.119170	-0.139229	-0.013030	0.084302	-0.054207	0.059447	0.079846	0.154551	0.014283	0.000519	-0.122974	-0.018399	0.037193	-0.137291	0.062836	-0.021404	0.030635	-0.142841	-0.180684	0.094728	-0.036422	0.057874	0.069558	-0.069258	-0.219219	-0.106936	0.188849	-0.137645	-0.124883	-0.124686	-0.080917	0.083003	-0.234382	-0.066636	-0.117371	-0.005389	0.080952	0.149708	0.019315	-0.099686
0.129036	0.011885	-0.013103	0.020640	-0.019719	0.077354	0.017422	-0.108723	0.051419	-0.086817	-0.017555	0.188522	0.115262	0.125119	-0.015028	0.081087	-0.060002	0.011627	0.005600	0.100549	0.054601	-0.095821	0.098635	-0.083703	0.005905	0.106952	0.049705	0.103661	0.117501	-0.081390	-0.043605	-0.052680	0.220092	0.076668	-0.020658	0.009356	0.093780	-0.020135	-0.051295	-0.052960	-0.020198	0.066304	0.032408	0.016979	0.054327	-0.087399	-0.120490	0.057767	0.028620	-0.042641	0.062413	-0.013085	-0.035277	-0.211771	0.066171	-0.113568	-0.012530	0.103164	0.196379	-0.071264	0.108259	-0.279385	0.019440	0.091473	0.011401	-0.060657	0.121312	-0.114365	-0.127906	0.210534	0.018676	-0.073125	-0.049527	0.019102	-0.089790	-0.024757	-0.070152	0.046711	-0.042008	-0.000323	0.280643	0.058107	-0.069957	0.206126	-0.284723	-0.113643	0.039583	-0.058678	0.086530	-0.033642	-0.086523	0.075409	0.091881	-0.076136	-0.078570	-0.114274	0.171329	0.121660	-0.004347	-0.128001
0.039092	-0.004189	0.005370	0.067808	-0.017531	0.077277	-0.105572	-0.043629	0.165333	-0.057166	0.103923	-0.030321	0.062205	-0.025276	-0.139748	0.120751	0.042820	0.073816	-0.069876	0.122183	0.015448	-0.043069	0.094889	-0.078361	0.002614	0.052336	-0.065736	0.027209	-0.067534	-0.001921	-0.037707	0.122678	0.010056	-0.003673	-0.041164	-0.092321	-0.017214	0.005141	0.050819	-0.074657	0.216733	-0.115166	0.103947	0.093584	0.104286	-0.111648	0.115431	0.053008	0.174620	-0.015806	0.109032	-0.177996	0.157993	-0.188943	0.069910	-0.293372	-0.182919	-0.098255	0.188941	0.010289	0.159567	-0.062635	0.032145	-0.089333	-0.060052	0.033713	-0.000778	0.046316	0.093680	0.055513	-0.017091	0.015791	0.202620	-0.091810	0.077216	-0.087413	-0.095267	0.141459	0.120543	-0.277680	0.085690	-0.075022	0.000372	-0.011835	-0.242075	-0.103567	0.091013	-0.034879	-0.104584	0.057980	-0.010412	-0.031112	-0.039677	0.027977	0.039634	-0.031605	0.036934	0.124233	-0.033438	-0.076149
-0.052667	-0.121324	0.084350	0.055733	-0.024327	0.030699	-0.036630	0.020809	0.047830	-0.112713	0.156758	0.122226	-0.031402	0.098040	0.120801	0.005432	-0.005100	-0.034313	0.077794	-0.080285	0.078194	0.037047	-0.010586	0.082788	0.093622	0.205727	0.038021	0.139500	0.174123	0.126898	0.007859	0.090737	-0.048788	0.120286	0.016659	0.047251	0.093703	-0.062206	-0.168735	0.182944	-0.072824	0.076683	0.005521	-0.067606	-0.020741	0.023551	-0.068459	-0.092867	-0.033770	-0.093290	-0.052076	-0.063297	-0.228506	-0.132259	-0.107076	-0.025702	-0.049115	0.001709	-0.052855	-0.205704	0.120121	0.028418	0.006911	-0.133968	-0.079814	-0.048473	0.055606	-0.133954	-0.118930	0.031719	-0.156725	-0.001365	-0.302997	0.029674	0.162037	0.076278	-0.054180	-0.001567	0.053193	-0.058282	-0.159235	0.069824	-0.088828	-0.066852	-0.020807	0.007742	0.012403	-0.102730	-0.132616	-0.065493	-0.191218	0.100505	0.009571	0.008905	0.132086	-0.019863	0.027732	0.174855	-0.141804	-0.189772
0.037309	0.055734	-0.052754	-0.056240	0.016155	0.054452	0.122783	-0.094915	0.141304	-0.158699	0.181242	-0.063443	0.012559	0.163553	0.063696	0.029889	-0.105020	-0.202444	-0.146553	-0.085263	0.008290	-0.017542	-0.112302	-0.080441	0.067815	0.100463	0.040342	0.110904	0.015175	-0.003134	0.161582	-0.085945	0.077259	-0.139945	0.057698	-0.022219	0.005200	-0.093085	0.021039	0.177012	0.013570	-0.078398	-0.051564	0.145010	-0.112478	0.118969	0.070344	-0.008461	0.211756	-0.104458	-0.012455	-0.072346	0.048754	-0.095536	-0.084260	-0.034461	0.045315	-0.024594	0.023496	-0.141691	0.070207	-0.104066	0.117573	0.101248	0.174064	-0.012129	0.062606	0.074793	-0.055907	-0.116199	-0.031140	-0.054798	0.038502	-0.080525	0.268221	-0.054990	-0.091011	-0.006737	0.073367	-0.022296	-0.136148	-0.053320	-0.034378	-0.039348	0.039908	-0.077262	0.030913	-0.253734	-0.003108	-0.169344	0.057638	0.201010	-0.026486	-0.100760	0.110450	-0.005099	0.155044	-0.017423	0.010094	-0.188160
-0.122767	0.095697	-0.044599	0.106787	-0.004093	0.031752	-0.084846	-0.031369	0.071110	-0.173070	-0.052291	0.078826	0.116114	0.060041	0.005518	-0.019325	-0.004715	-0.239029	-0.000066	0.046128	0.108324	-0.020719	0.161816	-0.008892	0.041646	-0.000268	0.052670	-0.053251	0.025745	0.125334	0.041853	-0.103890	0.170562	0.150019	0.012049	0.005454	-0.073381	-0.029134	-0.012253	-0.130086	-0.282666	0.097341	0.006601	-0.115346	0.024720	-0.100343	-0.014496	0.042036	0.094875	-0.039842	-0.127852	-0.060916	-0.154222	-0.081452	0.197325	0.200881	-0.090251	0.058611	0.013761	0.010936	0.018291	0.003615	-0.115793	-0.093472	0.071624	0.179266	0.179898	0.074575	-0.151767	0.124083	0.035705	0.011824	-0.100217	-0.071065	0.141576	0.013490	-0.123872	-0.013816	-0.032975	0.223944	-0.109491	0.010349	0.036991	-0.014243	-0.019171	-0.184018	-0.023861	0.091242	0.055461	0.028878	0.178659	-0.044338	-0.064204	0.017146	0.055866	-0.068349	0.081862	0.078130	-0.099247	-0.214418
0.004284	0.194841	0.066429	-0.009865	-0.000764	0.090122	0.203457	0.025814	-0.057001	-0.166730	0.016274	-0.083190	-0.027930	0.254577	0.095459	-0.121483	-0.085514	-0.169603	-0.176298	0.000904	0.110631	0.009961	-0.129915	-0.032955	0.055050	-0.075381	-0.186017	0.033212	-0.011387	-0.084753	-0.094957	-0.095020	0.156376	0.054341	0.006000	0.034060	0.060342	0.061302	-0.076523	0.010821	-0.084007	0.021446	0.098859	0.102334	0.123622	-0.080737	0.119178	0.079814	0.175319	-0.034308	-0.089049	-0.002748	-0.197804	-0.041103	-0.004802	-0.012789	0.144857	-0.059290	0.086256	-0.009044	0.000697	-0.200430	0.041103	0.153936	0.088376	0.139444	0.096951	0.088712	-0.061726	-0.082492	0.057354	0.061666	-0.087378	0.056982	0.211234	0.000700	-0.121577	-0.037500	-0.091026	0.002594	-0.156284	0.123750	-0.013902	-0.026538	0.028937	-0.250100	-0.035918	0.013940	-0.054046	0.030434	-0.041721	0.061694	0.038906	-0.016536	0.011210	-0.088265	0.006371	0.008595	-0.165432	-0.165975
0.053605	0.048394	-0.067360	0.074397	0.091106	0.163070	0.052543	0.030101	0.110729	0.004189	-0.084606	0.061083	0.028156	0.156678	0.095818	-0.113741	0.025045	-0.004892	-0.114141	0.065002	0.056332	0.008861	-0.078059	-0.016127	-0.097663	0.163148	-0.035904	0.217656	0.028496	0.132021	0.135045	0.102780	0.070496	-0.039319	0.007955	-0.012521	-0.180130	-0.076918	-0.001934	0.176643	-0.139275	-0.114162	0.049820	0.024759	0.139123	-0.037155	0.112371	0.182028	0.040994	-0.113926	-0.045655	-0.146956	-0.270888	-0.080528	0.094512	0.005207	0.020885	0.069508	0.022651	0.071249	0.017220	0.058875	-0.015743	-0.161923	0.001716	0.029748	0.080936	-0.039305	-0.139908	0.094673	0.132858	-0.155616	-0.047254	0.023654	0.221672	-0.164451	-0.049905	-0.154282	-0.129285	0.139940	-0.002339	0.004194	-0.083287	-0.089919	-0.069261	-0.035947	0.018094	-0.109495	0.001766	0.028151	0.180295	0.146913	0.123609	0.057744	0.089071	-0.018633	0.009236	0.060492	-0.072390	-0.156222
-0.205719	0.090411	-0.060215	0.067953	-0.066850	-0.071293	0.145613	0.099661	-0.017595	-0.129124	0.050500	-0.056783	-0.044637	0.341464	-0.087165	0.025694	-0.177004	-0.112542	0.148660	-0.111088	-0.002584	0.081288	-0.072167	-0.026407	-0.006906	-0.070200	-0.057929	-0.034053	0.059455	0.079568	-0.123989	0.027706	0.149541	0.075816	-0.072848	-0.007690	-0.039613	-0.165726	0.020408	-0.065424	0.001907	0.052494	0.026579	-0.058104	0.070482	-0.091743	0.086858	0.048410	-0.021861	0.046328	-0.065781	-0.048990	-0.003209	-0.230070	0.185531	-0.105770	-0.032442	-0.051756	0.046516	-0.077553	0.030726	0.236349	-0.032006	0.000109	0.019442	0.114583	0.087041	0.061344	0.094930	-0.016824	0.055279	0.073238	0.036226	-0.002366	0.209776	-0.136349	-0.016811	-0.265969	-0.222573	0.077557	-0.066738	0.052257	0.078534	-0.148065	-0.013449	0.057186	-0.083945	-0.119593	0.023245	-0.021028	-0.092326	-0.109416	-0.092579	-0.014356	-0.081397	-0.052016	-0.039446	-0.066031	-0.098961	-0.033589
-0.011250	0.019842	0.066429	-0.098081	0.072240	-0.034876	0.061257	0.131808	-0.051556	-0.044378	0.058211	0.059035	0.059769	0.119173	0.032227	-0.132299	-0.040550	-0.262362	0.002458	-0.069070	0.005853	-0.021118	-0.068982	0.118445	0.068688	-0.004419	-0.092467	0.130374	0.048796	0.197498	-0.011972	-0.043997	0.027139	0.128824	-0.067580	0.137323	0.012093	-0.021202	-0.033607	-0.043670	-0.174990	0.007744	-0.029791	-0.077513	-0.076563	0.010734	0.054564	0.135828	0.212078	-0.104744	0.046135	-0.106353	0.021567	-0.079331	0.174202	0.050372	-0.244520	0.005366	0.036467	-0.099117	0.004120	0.106079	0.259125	-0.112759	0.094911	0.100218	0.148007	0.086966	0.071895	0.007762	0.055221	0.021142	0.053843	0.080480	0.214821	-0.013480	0.154120	-0.079236	-0.112875	0.105209	-0.015124	-0.007791	-0.071586	-0.038555	-0.002558	-0.150510	-0.116130	0.010159	-0.187291	-0.006950	-0.078503	0.083955	0.032999	0.134586	-0.044188	-0.101848	0.007462	0.058920	-0.176302	-0.192029
-0.025861	0.047217	0.090016	0.091379	-0.021732	0.079898	0.060726	0.044606	0.106243	-0.197399	0.087561	-0.051264	0.029606	0.192798	-0.011847	0.169580	-0.203638	0.170160	-0.062585	0.073239	0.023642	-0.010412	0.005953	0.014026	0.058528	-0.067965	-0.054586	0.213969	0.066973	0.182370	0.127993	0.024337	0.077234	0.130373	-0.075347	0.166357	-0.062037	-0.073368	0.076868	0.134034	-0.043882	-0.118412	0.094105	0.060605	0.064834	-0.102313	0.213225	0.069354	0.086470	-0.027065	-0.003137	-0.027665	-0.090060	-0.255707	0.053641	-0.203572	-0.053812	0.050719	-0.052052	-0.044610	-0.172267	0.039858	-0.273636	0.056436	-0.017819	-0.077743	0.098050	-0.082327	-0.106052	0.097292	-0.003760	0.062231	-0.094361	0.095956	0.083338	0.020475	0.058302	-0.059686	-0.106243	0.047846	0.075330	-0.016884	-0.098564	0.153491	0.019142	-0.091358	0.068993	-0.073322	0.069741	-0.003297	-0.114522	0.105289	-0.091414	-0.011963	0.064952	-0.067545	-0.122792	0.031885	-0.044842	0.058697
0.091240	0.046978	0.103564	0.107238	-0.048837	0.064886	-0.071566	-0.000080	0.048530	-0.248109	0.014666	0.172637	0.061149	0.073405	0.145479	-0.028297	0.031787	-0.055685	-0.101476	-0.009220	0.214594	0.030335	-0.173272	-0.045738	-0.046579	-0.015614	-0.105776	0.255621	0.119825	0.179836	-0.144170	-0.087678	0.018076	0.143394	0.063389	0.203585	0.135470	-0.094198	-0.045433	0.191993	-0.111276	0.057024	0.101460	-0.051906	0.023288	0.041081	0.016856	0.157533	-0.199035	-0.074103	-0.080733	0.071011	-0.046246	-0.080458	0.070734	-0.104674	0.100437	0.009686	-0.003283	0.010300	-0.088730	-0.104764	0.051132	-0.006621	-0.026928	0.090335	0.042649	0.029936	-0.013950	-0.033328	-0.009931	-0.083263	-0.157086	0.046149	0.240641	-0.005863	-0.000858	-0.177576	0.040805	0.030914	0.009943	0.092825	0.052169	-0.015592	-0.024614	-0.152063	-0.106417	0.178989	0.098698	-0.113656	-0.067656	-0.035528	-0.046548	-0.106455	-0.014840	-0.051537	-0.031224	0.059466	-0.081759	-0.087317
0.180652	0.038000	-0.089695	0.051399	-0.080790	-0.016733	-0.017558	-0.037367	0.124555	-0.167469	0.093165	0.144840	0.168383	0.078826	-0.042033	-0.017150	-0.067577	0.001651	-0.002475	-0.074911	0.172278	-0.110757	-0.053096	-0.076524	-0.176909	0.077255	0.011790	0.248353	0.093737	0.097646	-0.003443	0.067833	0.054624	-0.016157	0.134326	0.125473	0.067191	-0.156422	-0.144501	0.203973	-0.105699	0.069908	0.181876	-0.027402	-0.120963	-0.037623	0.056263	0.099874	0.026152	-0.111132	0.008811	0.014049	0.108835	-0.175441	-0.011847	0.052211	-0.035180	-0.109453	-0.046070	0.038614	-0.081646	-0.021191	-0.019388	0.007576	0.175125	-0.041814	0.044133	0.032447	-0.011497	-0.070528	-0.083946	-0.002878	-0.096733	0.064661	0.120904	0.026840	-0.030923	-0.029075	0.041113	0.033641	0.049034	0.079467	0.173903	-0.102111	-0.063372	-0.124105	0.008647	-0.129198	0.029430	-0.222731	-0.195865	-0.021438	-0.097734	-0.101252	-0.046512	-0.159663	0.030222	0.234294	-0.063298	0.008346
0.063708	-0.100685	-0.043335	0.003088	0.145257	0.027661	0.032334	-0.066571	0.097318	0.092635	-0.016238	0.158891	0.104432	0.159770	-0.115194	-0.113528	-0.052210	-0.186184	-0.062511	-0.107825	-0.011680	0.055201	0.000854	-0.116658	0.019573	-0.025865	-0.000955	0.066967	-0.012725	0.194643	-0.172079	0.028105	0.091953	0.139636	0.060283	0.162863	0.051192	0.044732	-0.042901	-0.019800	-0.038362	-0.026497	-0.193510	0.045692	0.019058	0.018241	0.059491	0.168437	0.052074	-0.024584	0.041000	-0.104374	0.280971	-0.111363	0.161321	0.054927	0.004544	-0.150473	0.196202	-0.083038	0.237773	-0.116108	0.032764	0.020419	0.002279	0.031732	0.014260	0.136689	0.037523	0.073123	0.081055	-0.172344	-0.093972	-0.085739	0.097946	-0.066320	-0.035543	0.010493	-0.065025	0.073783	-0.033160	-0.023730	0.046347	-0.082625	-0.081589	0.065336	-0.237870	0.028511	-0.058911	-0.130777	0.094356	0.166289	0.074204	-0.125807	-0.124326	-0.041344	0.065173	0.001496	-0.046042	-0.080603
-0.031978	0.022826	0.099212	-0.023824	-0.070450	0.068712	0.044139	0.096585	-0.027559	-0.017132	-0.146654	-0.043277	0.171920	0.194180	0.096081	-0.073500	-0.014202	-0.149031	-0.188992	-0.188496	0.050752	0.012946	-0.137678	0.103444	0.056037	-0.082248	0.016625	0.030901	-0.047945	0.155185	-0.039834	0.065692	0.093144	0.121194	-0.152539	0.080158	0.015813	-0.145402	-0.198500	-0.137644	0.008734	0.072764	-0.152850	0.046239	-0.062185	-0.085625	0.023901	0.081803	-0.004949	-0.146088	-0.003661	0.012888	0.086556	-0.108868	0.159795	0.014176	-0.157395	-0.074710	0.065319	-0.096951	0.111494	0.069999	-0.037463	0.012043	-0.012224	0.042894	0.071117	-0.016694	-0.146182	0.105332	-0.036606	-0.096698	-0.031162	0.039135	0.236558	-0.040033	0.005654	-0.122018	0.015254	0.105684	-0.101571	0.279679	-0.240873	-0.103914	-0.029361	-0.161862	-0.066326	0.012596	-0.080200	0.002725	-0.063943	-0.110588	-0.093164	0.005666	0.015403	-0.022740	-0.053163	0.008802	-0.018713	-0.135279
0.073833	-0.029223	0.026141	0.026577	0.182995	0.068067	-0.024312	-0.104695	0.275508	0.058569	0.074844	0.063462	0.066205	0.017751	-0.012683	-0.044719	0.099731	0.015780	-0.035723	-0.045873	-0.094147	-0.096183	-0.070170	0.061518	-0.080196	0.150328	0.116309	0.095039	-0.144887	0.115535	-0.104497	-0.004113	0.055811	0.143659	0.244879	0.168563	0.184243	0.070595	0.040950	-0.044972	0.045394	0.004816	0.011460	0.059497	-0.093458	0.031071	0.080781	-0.090089	0.126916	-0.108247	-0.083013	-0.203179	0.001624	0.063261	0.064682	0.045817	-0.214207	0.174772	0.029722	-0.022154	0.137111	-0.020307	-0.070984	0.115304	0.036494	0.034141	-0.015553	0.037532	-0.088639	0.023886	-0.108018	-0.083631	0.008484	0.082144	0.025366	0.018463	0.043248	-0.089732	-0.036375	-0.126595	-0.047658	-0.067246	0.117153	-0.036124	-0.143052	-0.118502	-0.043678	-0.044380	-0.114052	0.158629	0.014248	-0.148507	0.030480	-0.261159	-0.058483	-0.092280	0.215655	0.051676	0.006126	-0.076291
-0.072129	0.028275	0.030697	-0.004553	0.038377	-0.032588	-0.071161	0.040023	0.139622	-0.028825	-0.049503	0.049501	0.117815	0.037432	0.026921	-0.052851	0.107681	-0.027109	0.020160	-0.068796	-0.028342	-0.086450	0.086492	0.105597	-0.184621	0.136473	-0.032752	0.040010	-0.027573	-0.008430	-0.036104	0.070103	0.045140	-0.015648	-0.117189	-0.105688	0.119545	-0.004021	-0.109873	0.012587	0.081671	0.066705	-0.109864	-0.040733	0.174025	0.020469	0.152839	-0.120793	-0.049870	0.091235	0.082658	-0.143920	-0.016058	-0.073443	0.169819	0.163167	-0.192839	-0.098360	-0.023280	0.026673	-0.011844	-0.007046	0.054347	-0.104686	-0.060587	0.169526	-0.013715	0.157907	-0.129903	0.036239	0.065957	0.072739	-0.145924	-0.030582	0.247172	0.138469	-0.062250	-0.105487	-0.140065	-0.074246	0.005149	0.156147	-0.020353	-0.144512	0.065274	-0.201576	0.009740	0.041560	-0.040611	0.137516	0.028155	-0.281158	0.028139	-0.153006	-0.043267	-0.102510	0.076106	0.025461	0.069776	-0.235320
-0.058074	-0.058673	-0.021638	0.158556	0.059723	-0.151194	-0.001465	-0.125128	0.075792	0.008867	-0.134260	0.027503	-0.003726	0.108446	0.060472	-0.118145	0.103780	0.002590	-0.117228	-0.085242	0.063928	-0.052033	0.113552	0.228332	0.017848	0.088772	0.006730	-0.018559	-0.124854	-0.101575	0.036261	-0.057402	0.028149	0.040090	0.020830	0.019913	0.042912	-0.131901	-0.168259	-0.053304	-0.007847	-0.096568	-0.000282	0.038242	-0.093702	0.011890	0.153768	-0.132658	0.040766	-0.070451	-0.113813	-0.081583	0.103656	-0.077940	0.227284	-0.118135	-0.185761	-0.044381	0.146338	0.146035	0.094493	-0.220029	0.123007	-0.006099	-0.103781	0.046670	0.039228	0.053872	-0.065679	-0.032889	0.090683	-0.049050	-0.032065	-0.075219	0.254013	-0.057481	-0.035731	-0.137179	0.118486	0.052977	-0.080320	0.181356	0.135993	-0.008770	-0.120236	-0.168156	0.124162	0.110811	0.036346	-0.021604	-0.003134	0.102192	0.092298	0.111739	-0.039629	-0.184302	0.098072	0.043239	0.016504	-0.000917
0.172601	0.040387	-0.011356	0.231563	0.059687	-0.077145	-0.055792	-0.066295	0.274006	-0.147121	-0.077903	-0.031010	0.025943	0.182276	-0.062327	-0.040724	0.030105	-0.127710	-0.170305	-0.050167	-0.050289	-0.014653	-0.006617	0.111484	-0.150677	-0.047539	0.068536	-0.005128	-0.066189	0.045230	-0.106240	0.036212	0.070145	0.008923	0.081572	0.004155	-0.002058	0.022559	-0.082156	-0.035296	0.053258	-0.058544	0.051114	0.069201	-0.096283	-0.005158	0.166634	-0.014316	0.045276	-0.113460	0.130113	0.033775	0.098768	0.004473	0.083234	0.012247	-0.196483	-0.005366	0.108252	0.121680	0.116501	-0.337861	0.019495	0.086074	-0.069070	-0.018493	0.020133	0.036584	-0.123914	-0.012160	0.038059	0.055293	0.057181	0.042116	0.087211	-0.093855	-0.077386	-0.103010	0.097066	-0.039202	0.020257	0.067115	0.098690	-0.020272	-0.053881	-0.239581	0.037850	-0.002162	-0.021832	-0.114430	-0.033377	0.016301	0.163506	0.014868	-0.261733	-0.183245	0.131370	-0.007259	-0.065337	0.045400
0.075476	-0.110337	-0.038175	0.126332	-0.192526	-0.043218	0.211374	-0.061927	-0.036043	-0.042588	-0.076430	-0.180356	0.008267	0.036243	-0.096710	0.069755	0.103945	0.043318	-0.082924	0.133764	-0.072888	-0.192786	-0.035106	0.008575	-0.001655	0.126480	-0.037130	-0.019623	-0.127177	-0.085439	-0.110597	0.005385	0.111345	-0.016287	0.005731	0.134002	-0.098627	-0.083894	-0.108547	0.007629	0.049976	0.057375	-0.022043	0.236100	0.012337	0.250799	0.032998	-0.046317	0.092658	-0.059536	-0.175692	-0.031193	0.041166	-0.077547	-0.036285	0.027035	-0.183601	-0.098400	0.016044	0.107903	0.207716	-0.057110	-0.125479	0.097573	-0.009195	0.078738	0.050346	-0.029515	-0.130150	0.065938	-0.050612	0.006590	-0.005049	0.165733	0.066525	-0.034691	-0.001521	-0.020092	0.000396	-0.267959	0.077003	-0.099215	-0.055743	-0.130061	0.073985	-0.042966	0.093753	-0.058516	0.018525	0.069677	-0.019268	0.009456	-0.069336	0.002646	0.021025	-0.138816	0.075259	-0.093744	-0.236363	-0.149819
-0.032153	-0.002437	-0.111730	0.090020	-0.253530	0.055937	0.122521	-0.067828	-0.050982	-0.067251	0.082944	-0.019337	0.057883	0.082619	-0.017551	0.117912	0.051767	0.139981	-0.089806	0.055525	0.013143	-0.114393	0.131136	-0.098716	-0.033700	0.208995	-0.025577	0.124593	-0.057912	0.003668	-0.074853	-0.080489	-0.078218	-0.148977	0.135898	0.116457	0.032671	0.021224	0.079637	0.068506	0.020187	-0.151514	-0.060574	0.142560	-0.027168	0.217403	0.001542	-0.078515	0.016807	-0.134154	-0.113077	-0.104206	-0.115728	-0.087083	0.001055	0.015907	-0.080488	-0.100578	-0.060931	-0.012802	-0.049786	-0.007010	-0.092805	0.139334	0.057358	-0.004110	0.022360	0.014519	-0.179872	0.210382	-0.185252	0.032910	0.018072	0.139742	0.090882	0.065529	0.077105	-0.095925	0.038914	-0.204944	0.265100	0.122547	0.014901	0.038880	-0.135856	0.007063	0.097459	-0.018468	-0.096931	-0.015185	-0.098513	0.013726	0.053076	-0.095748	0.135821	-0.138796	0.016096	0.046475	-0.105128	-0.093590
0.167301	0.017015	-0.011408	0.186786	-0.093995	0.040269	0.070091	0.021634	0.005796	0.011732	0.030946	-0.040721	0.000205	0.094173	-0.033166	0.010522	0.003789	0.165606	-0.071382	0.054469	0.032169	-0.096543	0.111224	-0.103166	-0.073538	0.001082	0.074938	-0.012162	-0.046598	-0.086288	-0.042016	0.057841	-0.026738	-0.163655	-0.120268	0.045422	0.000040	-0.090227	0.088388	0.038794	-0.005948	-0.051652	-0.047867	0.187999	0.090914	0.136577	0.179950	-0.086827	0.076856	-0.235965	0.088087	-0.078267	0.073002	-0.096382	-0.045353	-0.019013	-0.128269	-0.058945	-0.095366	0.059992	0.037902	-0.068617	-0.006265	0.336230	0.082557	0.030555	0.086755	0.109991	-0.188389	0.264536	-0.113144	0.165831	0.032843	0.058343	0.094433	-0.030032	-0.036142	-0.112784	-0.030155	-0.185596	0.169915	-0.043600	0.035614	-0.037760	-0.160418	-0.011667	0.154572	-0.042090	-0.076616	0.008575	-0.152482	-0.008693	0.107362	0.107929	0.000306	-0.036931	-0.024161	-0.118353	-0.089167	0.044949
0.148304	0.122916	-0.018000	0.028012	-0.214920	0.063427	0.016451	-0.109182	0.073235	-0.019708	0.051165	-0.129618	0.025160	0.088849	0.197170	-0.132794	0.170753	-0.104746	-0.062489	0.100229	0.177756	-0.129092	-0.152408	0.007255	-0.100437	0.059343	0.080949	0.019541	0.006520	0.044332	0.013292	-0.048839	0.007129	0.017690	0.042865	0.042821	-0.046694	0.028479	-0.052091	0.124936	-0.093229	-0.021219	0.025986	0.109776	0.184233	0.096710	0.019812	-0.031005	0.042729	-0.106536	-0.210024	0.024259	-0.049680	-0.048419	-0.022732	0.062382	-0.109943	0.002834	-0.035816	-0.107766	0.033156	-0.097966	0.152462	0.103084	-0.163657	-0.002986	0.139765	0.112823	-0.258959	0.137074	0.047711	-0.040252	-0.296359	0.093333	0.179777	-0.001992	-0.122940	-0.094711	0.026571	-0.006253	0.027192	0.022033	-0.079332	-0.101785	0.052054	-0.094773	-0.075787	-0.019256	-0.103096	-0.094920	-0.081138	-0.035044	0.111523	-0.071314	0.078051	-0.130104	0.019326	0.041999	-0.093824	-0.113178
0.137291	-0.032205	-0.028298	-0.034669	0.011688	-0.179976	0.042681	0.046538	0.139746	0.174935	-0.192476	-0.289500	0.072756	0.096061	0.003921	-0.130005	0.005825	0.046880	-0.129665	-0.032658	-0.033391	0.016842	0.019340	0.140489	0.028498	0.026132	0.097537	0.097089	0.001092	0.084186	-0.071602	0.064419	-0.035530	-0.049021	0.044002	-0.023165	-0.169370	-0.190559	0.132593	0.111518	0.070359	0.029792	-0.083365	0.049581	-0.008806	0.069509	0.112019	0.038061	0.047869	-0.143167	0.205202	-0.220165	0.140154	0.109447	0.054983	0.100757	-0.227359	-0.099357	-0.113239	0.041745	0.146769	-0.069410	-0.019216	-0.038136	0.072234	0.290033	0.104869	0.170569	0.071626	0.019003	0.054874	0.035160	0.048770	0.041444	0.083069	-0.076918	-0.012958	-0.044497	0.015146	-0.063876	-0.062276	0.049849	0.093788	-0.001776	0.092246	0.117236	-0.039027	-0.072059	-0.052152	0.016250	0.019084	0.103557	-0.074766	-0.114911	0.043211	0.091831	-0.029498	-0.018332	0.068215	0.085256
0.108618	0.068261	0.006860	0.184415	0.024413	0.111343	-0.041572	-0.020466	0.164720	0.036663	0.074253	-0.100617	-0.114407	0.028852	-0.006638	-0.147239	-0.039155	0.116556	0.075795	0.077152	0.085668	-0.048818	0.005108	0.032347	0.067421	-0.216978	0.036732	-0.081692	0.027802	-0.000407	-0.056537	0.125018	0.082392	0.006314	-0.033109	0.050846	-0.069110	0.066811	0.080508	-0.016960	0.012150	0.039332	0.205335	0.067491	-0.038232	0.054938	0.045576	0.187885	0.053718	-0.191316	0.139397	-0.028912	0.047867	0.016547	0.046036	0.030897	-0.210271	0.000791	-0.023085	0.028725	-0.071345	-0.156314	-0.108212	-0.046471	-0.044138	0.130675	0.069162	0.196889	-0.103347	0.212843	-0.188572	0.189378	0.018742	0.271878	-0.079534	0.146403	0.044698	0.041543	-0.014008	-0.002760	0.166047	0.079989	0.124499	0.112265	-0.032487	0.022818	-0.046479	-0.017531	0.147159	0.049330	-0.047308	0.034225	0.068159	0.092831	-0.003726	0.125266	-0.081341	-0.047089	-0.181349	-0.079627
-0.016032	-0.025871	0.004001	0.029078	-0.123772	0.104525	-0.016625	-0.091694	0.031847	-0.085101	0.158792	-0.085753	-0.042957	0.239295	-0.128992	0.027279	-0.023076	-0.046263	-0.087766	-0.019486	0.161921	0.041910	0.110206	-0.156773	-0.201920	0.054192	-0.017935	-0.035957	0.080552	-0.046848	0.018349	-0.009450	-0.000545	-0.113160	0.103176	0.139639	0.015395	0.064599	-0.046490	-0.107146	-0.010048	-0.013501	-0.156870	-0.108394	-0.057638	0.095215	0.101626	-0.113383	-0.101183	-0.203003	-0.129198	0.054681	0.133456	-0.048504	-0.074534	-0.143446	-0.083648	-0.075432	0.052894	-0.051272	0.118070	0.004724	0.089061	0.055155	-0.128505	0.045152	0.027424	0.039567	-0.025851	0.129296	-0.121189	-0.003877	-0.051921	0.205844	0.052637	-0.031215	-0.083877	-0.048008	-0.096744	-0.268111	0.116420	0.048537	-0.028567	0.026374	-0.090802	-0.025217	-0.161493	0.007132	0.105856	0.035245	-0.180638	-0.081027	0.125403	-0.119669	0.054542	-0.247825	0.120370	0.059083	-0.071268	-0.092011
0.026244	-0.038587	0.001663	0.080941	0.032160	0.012277	-0.039162	-0.101231	0.122577	0.019949	-0.030000	0.014113	-0.153319	0.072047	-0.012576	-0.152683	0.262591	-0.002093	0.088887	0.017992	0.101276	0.045457	0.092799	0.079189	0.056122	0.010570	-0.007314	0.092138	0.080092	0.013171	0.049256	-0.009721	0.081939	0.186055	-0.110316	-0.012977	0.090159	-0.054178	0.028403	-0.137397	-0.008416	-0.042426	-0.169094	0.056150	-0.019247	0.087222	0.094605	-0.151503	0.020568	-0.126537	-0.023805	0.011950	0.050725	0.058309	-0.032146	0.071735	-0.006376	-0.073477	-0.099307	0.084323	0.088207	-0.099745	0.152315	-0.121760	-0.038407	0.081363	-0.032799	0.101654	0.060461	-0.160260	-0.040196	0.213442	-0.193995	-0.025031	0.209898	-0.171921	0.020361	-0.217926	0.039603	-0.163133	0.055160	-0.016556	-0.052368	-0.063654	-0.020049	0.005800	-0.059025	-0.144863	0.157620	0.079002	0.080704	-0.060911	0.055487	0.054153	0.096012	0.308213	0.003243	-0.150741	0.155401	-0.039018
0.076853	0.017787	0.023916	-0.051439	-0.023056	0.055013	0.034219	-0.109526	0.037449	0.010830	0.195604	0.000487	0.047885	-0.089334	0.134969	0.052478	-0.065076	-0.142336	-0.146096	0.032615	0.061011	0.078554	0.085606	0.043874	0.029053	0.107255	-0.054330	-0.130894	-0.046947	-0.124109	-0.026924	-0.030550	0.146195	-0.085779	-0.103287	-0.112830	-0.182098	-0.087082	0.122906	0.034811	-0.121145	-0.031850	0.221369	0.049329	-0.009408	-0.128618	-0.059806	0.004364	0.019540	-0.101165	-0.042442	-0.024863	-0.068272	-0.058041	0.078474	-0.206113	-0.322594	-0.131713	0.164275	0.044897	0.055530	-0.141088	0.061247	-0.057474	-0.087471	0.005297	0.055582	-0.033442	-0.044347	0.148365	-0.049520	-0.091076	0.046349	0.017981	0.163892	-0.161926	-0.116799	0.107561	0.091867	-0.153733	-0.181138	0.075102	0.036659	0.140928	-0.239339	0.126422	-0.016126	-0.075468	0.001845	0.078241	0.068592	0.066185	-0.002300	0.059450	-0.060770	-0.014462	0.017182	0.110898	-0.052390	-0.045081
-0.041274	0.176223	-0.024383	-0.129563	0.081353	0.005784	-0.044403	0.181040	-0.086899	0.016540	0.104731	-0.074911	-0.040861	0.337066	-0.003487	-0.067123	0.172896	-0.087281	-0.019700	0.022651	0.049485	0.039175	0.192352	0.040486	0.152678	-0.013370	-0.126840	0.107232	-0.043554	0.113110	-0.106604	-0.012690	0.079441	-0.003744	-0.021041	-0.096709	-0.045916	-0.025529	0.062466	0.130781	0.124619	0.047016	0.219801	0.093683	0.037171	-0.126398	-0.002198	0.023140	0.014743	-0.016554	0.144678	-0.101074	-0.051319	-0.190348	-0.060390	0.111677	0.055205	-0.047238	0.059043	0.017716	0.029280	0.021631	-0.146524	-0.084410	-0.083717	-0.018776	0.108834	-0.165190	-0.092850	0.010128	0.011065	0.187221	-0.146097	-0.041875	-0.084955	0.038218	-0.088967	-0.109003	-0.038608	0.016721	-0.173752	0.121040	-0.184966	0.012576	0.005334	0.097854	0.047681	0.031933	-0.045235	-0.063137	-0.129456	0.044441	-0.192489	-0.020443	0.013400	0.109639	-0.163952	0.077427	-0.049301	0.045918
0.148428	0.119622	-0.093284	0.038472	0.150195	0.052870	0.021168	0.272423	0.184340	0.024360	0.039803	0.039160	-0.075604	0.182713	-0.099122	0.022303	0.162364	-0.160545	-0.002164	0.025324	-0.053423	0.177013	0.116055	0.037100	-0.026368	-0.234943	-0.180719	-0.053130	0.027339	0.065906	-0.169108	-0.143554	0.159795	0.136944	-0.073432	0.019137	0.064136	0.009833	0.068864	0.029541	-0.054171	0.045451	0.037789	0.091859	-0.010588	-0.041697	-0.009134	0.253818	-0.017731	-0.192999	0.011696	0.032163	-0.015259	-0.024084	0.085509	0.042780	0.071357	-0.042732	-0.052785	0.102726	-0.010327	-0.100145	-0.152269	0.064574	-0.111228	0.092295	0.067747	-0.138094	-0.131952	0.032404	-0.027831	0.135029	0.087786	-0.070299	-0.026017	-0.062419	-0.062805	-0.041178	-0.104028	0.005243	-0.008933	0.043342	-0.023564	0.106410	0.049999	0.128755	-0.078693	0.070454	-0.011786	-0.094442	0.020679	-0.060787	-0.055030	-0.126664	-0.130091	0.043934	-0.074863	0.007675	-0.214244	-0.094103
0.086839	-0.004633	-0.057103	-0.153068	-0.245460	-0.042244	0.108985	0.054297	0.117968	-0.041176	-0.182709	-0.028985	0.097508	-0.123211	0.173676	0.132647	0.074724	0.020012	-0.076093	0.017697	0.102632	-0.092574	0.010350	-0.053531	-0.068125	0.164875	0.024265	0.087651	0.017158	-0.102063	-0.015573	-0.085350	-0.176999	-0.104391	0.052857	-0.011450	-0.003445	-0.223772	0.023822	0.082392	-0.011265	0.003752	0.038587	-0.063042	-0.031903	-0.057621	0.165152	0.122385	-0.041747	-0.091621	0.034483	-0.154650	0.148515	-0.118319	0.129807	-0.031044	-0.188695	-0.047594	0.078215	0.066169	0.014887	0.047968	-0.011379	-0.037095	0.126769	0.255680	0.103058	0.040296	-0.086744	0.048704	0.024752	-0.088612	-0.031744	0.090477	0.020044	0.061198	-0.155820	-0.071170	0.096057	-0.279496	0.101613	0.079953	-0.090025	-0.120829	-0.096131	-0.064395	0.086682	0.051122	0.125477	0.090008	-0.165933	-0.013707	0.020620	-0.086395	-0.044683	-0.026587	0.075162	0.057717	0.014142	-0.038112
0.008024	0.076823	-0.066923	0.068691	-0.125219	0.015079	0.108075	-0.018282	0.044827	0.023091	-0.036910	-0.247861	0.172493	0.241849	-0.027176	0.076736	-0.146036	0.215619	-0.007389	0.120216	0.071001	0.092011	0.138327	0.003664	0.148499	0.088763	0.017102	0.125675	0.109095	0.097353	0.093588	0.168767	-0.033695	0.029940	-0.041426	0.096086	-0.036257	0.112042	0.128834	0.059745	0.053649	-0.197780	0.055228	0.088822	0.060819	0.098328	0.061908	-0.035545	0.084286	-0.044228	0.078788	-0.108817	-0.002549	-0.149124	0.012974	-0.102615	0.041935	-0.070087	-0.157315	-0.088549	0.067386	-0.160403	0.035863	0.047198	0.117052	-0.036303	0.099450	0.017892	0.011877	0.144244	-0.097365	0.040342	-0.127505	0.028592	0.140843	-0.067449	0.117442	0.011333	-0.099926	-0.131877	0.100961	-0.174067	0.003012	0.058747	-0.051556	-0.096190	0.022124	-0.013227	0.134656	0.008774	0.010976	0.056749	-0.134734	0.026659	0.245926	0.127356	-0.026673	0.043917	0.077321	0.057221
-0.030837	0.062486	0.053553	-0.111327	-0.038969	-0.029171	0.041631	0.083277	0.166903	-0.100736	-0.070612	-0.135817	0.052231	0.005970	0.089102	-0.141730	-0.056209	0.027941	-0.076430	0.069243	-0.090175	0.105010	0.048186	0.012294	0.019849	-0.038849	-0.053813	0.183218	0.105481	0.089824	-0.105017	0.043581	0.005719	0.152139	-0.029542	0.008104	-0.097711	0.020892	-0.002762	0.183758	-0.110960	0.019138	-0.111819	0.094228	0.060565	0.026876	-0.037086	0.228247	0.027181	-0.021438	0.134932	-0.236426	0.094381	-0.049544	-0.010909	0.001240	-0.272937	-0.116842	-0.117214	0.098357	0.136073	-0.001790	0.007848	-0.064267	-0.159630	0.103840	-0.019805	0.049025	-0.056697	0.096613	0.016111	0.094390	0.126965	-0.073640	-0.024355	-0.119039	-0.034405	-0.164078	0.070432	-0.226816	0.144629	-0.066255	-0.167399	0.081376	0.107517	0.164289	0.111770	0.038943	0.131981	0.028774	0.018056	0.012016	0.033669	-0.090941	0.164950	0.107451	-0.056601	-0.092171	0.122696	-0.036449
-0.073716	-0.176306	0.097286	-0.030288	0.061345	-0.054481	0.071699	0.050427	-0.010086	0.102481	0.025592	-0.092077	-0.037596	0.202837	-0.097749	-0.044545	0.063293	-0.045859	-0.004748	-0.029771	-0.168365	0.044796	0.065807	-0.107596	0.185212	-0.073351	-0.073716	-0.111361	-0.098225	-0.088303	-0.033863	0.103197	0.047529	-0.060316	0.111840	-0.058575	0.113988	-0.124963	0.055765	0.063756	0.028298	0.047655	0.106880	0.035316	-0.135062	0.166805	-0.175495	-0.006592	0.103749	-0.088603	0.101941	-0.128523	0.141826	0.118759	0.095184	-0.069577	-0.060943	0.061012	-0.002626	0.063586	-0.015382	-0.053067	0.046349	-0.084448	-0.055615	0.206508	0.129687	0.050006	-0.177710	0.081319	0.048066	0.088645	0.128091	0.172980	-0.052186	-0.065052	0.210099	-0.021454	-0.170565	-0.079166	-0.058135	0.006947	0.012056	-0.020942	-0.106747	0.064599	0.059624	-0.018231	0.068420	-0.024559	-0.077459	0.129221	-0.052664	0.086442	-0.086296	0.226686	0.113704	-0.153557	-0.229253	0.028635
0.109572	-0.124630	0.029310	0.108844	-0.320341	-0.057182	-0.072737	0.077031	0.149567	-0.152920	-0.044281	0.014195	0.007863	0.159826	-0.151513	-0.076438	-0.051790	0.006798	-0.089250	0.130100	0.053011	-0.035551	-0.023751	0.045951	-0.087073	0.044878	-0.018545	-0.067063	-0.021690	0.073606	-0.039759	-0.116138	-0.275811	-0.000912	0.014193	0.002828	-0.016669	0.098983	0.082601	0.105117	0.081856	-0.206442	0.080345	0.080776	-0.096361	0.071366	-0.061804	0.044014	0.026465	-0.107807	-0.045710	-0.189925	-0.045683	-0.044926	0.080997	-0.150615	-0.113093	-0.073797	0.103601	-0.037911	0.123908	-0.103558	0.039691	-0.079964	0.007879	-0.073958	0.157335	0.069413	-0.083209	-0.000745	-0.046532	0.119453	0.018902	-0.004395	0.192519	-0.119200	-0.129343	-0.101989	-0.017586	0.051063	-0.018279	0.111102	0.103697	-0.074004	-0.060111	0.028441	0.082273	0.117396	0.133725	0.122681	-0.189619	0.009128	0.090435	-0.016668	-0.070697	-0.112152	-0.081644	0.136565	-0.144961	-0.015220
0.120221	-0.040862	-0.050915	-0.023493	-0.212120	-0.013049	-0.046151	0.035342	0.240655	-0.111532	0.000413	-0.189462	0.062347	0.161771	-0.061103	-0.067062	-0.011213	0.079131	0.024203	0.075510	0.041545	-0.004260	0.063924	0.052859	0.028243	-0.049829	0.131186	-0.042244	0.118141	0.014989	-0.011319	-0.056828	-0.086355	-0.012971	0.122198	0.020229	-0.041621	0.031167	0.153061	-0.054347	0.196551	-0.142036	0.032568	0.075515	-0.100251	-0.029340	0.012392	0.016233	-0.010147	-0.005802	0.019203	-0.184414	0.020166	-0.221699	0.144153	0.105487	-0.058212	-0.016696	0.017909	-0.001479	-0.194814	-0.171522	-0.126488	-0.088359	0.033066	0.048018	0.182367	-0.007441	0.098380	0.023002	-0.038662	0.282379	-0.103510	0.041376	0.070727	0.032463	0.070319	-0.026708	-0.073729	-0.083382	0.117013	0.086610	0.115638	0.049904	-0.013541	-0.050660	0.108809	-0.127020	0.125730	0.059140	-0.123914	-0.065336	-0.268200	-0.030697	0.111494	-0.114974	-0.096112	0.067994	0.050812	0.009140
-0.139727	0.040970	0.010244	0.167768	-0.006336	0.232450	-0.107564	-0.059891	0.037526	-0.150226	0.154070	0.178478	0.136553	0.000959	-0.096187	-0.052086	-0.149916	-0.304171	-0.020118	0.046706	0.033840	-0.015966	0.083910	-0.081806	0.087476	0.139476	0.015391	0.023074	0.191196	-0.124028	-0.033152	-0.005490	0.130604	-0.010398	-0.116284	-0.073595	-0.095550	0.018002	0.028313	0.199777	0.060774	0.102870	0.063120	0.036155	0.018426	-0.009526	-0.071264	0.031474	0.081287	0.056611	0.025780	-0.175202	0.042301	-0.069182	0.065973	-0.142220	0.007434	-0.049677	0.167373	0.057660	0.089009	-0.181021	-0.038378	-0.122490	-0.061902	-0.017566	-0.086280	-0.043923	0.142146	0.010287	-0.015561	-0.029376	-0.078730	0.234453	0.102840	0.016151	0.018600	0.156374	0.071236	-0.141229	0.136274	0.139618	-0.022473	0.125736	-0.123660	-0.001497	-0.025578	0.095081	0.022967	-0.079693	0.066217	0.045155	0.029122	-0.016149	0.029879	-0.017657	-0.012758	0.159741	0.058318	0.031144
0.031582	-0.041307	-0.037666	0.031267	0.133986	-0.098858	0.085508	-0.049898	0.032853	0.035872	-0.049434	0.034654	-0.035092	0.129947	-0.079081	-0.026121	-0.036272	-0.161370	0.174806	-0.063612	-0.019211	-0.115056	0.121888	0.038800	0.122376	0.012241	-0.060629	-0.029781	-0.032712	-0.180013	-0.045350	-0.024793	0.180320	0.093195	-0.023348	-0.046262	0.071065	-0.180048	0.069178	-0.111715	0.023642	-0.087323	-0.106478	-0.180214	0.020366	0.004347	0.012731	0.060348	-0.040262	-0.041937	0.070675	-0.147072	0.146979	-0.145737	0.030295	0.054854	-0.250304	-0.056710	0.131418	0.175579	0.029233	-0.101868	-0.044625	0.013898	0.063454	0.099194	0.038900	0.063112	0.165280	-0.130906	-0.124767	-0.052713	0.031630	-0.016520	-0.023527	-0.046513	0.163517	0.007831	0.220851	-0.005415	0.093654	0.045365	0.140538	0.085108	-0.058203	0.016652	0.139369	-0.221728	-0.166647	-0.084294	-0.065038	-0.009510	-0.212435	0.084420	0.013638	0.069280	0.105453	0.167605	-0.009850	-0.109337
-0.019951	0.112524	0.102716	0.051892	0.231327	0.004056	-0.124975	-0.048819	0.009059	0.068356	-0.031606	0.207260	0.124423	-0.088963	0.021118	-0.085315	0.045221	-0.060261	0.182461	-0.008425	-0.019538	-0.027615	-0.076409	0.070264	0.014150	0.061659	0.030644	-0.013425	-0.111103	0.014278	0.031968	0.082193	0.331035	0.041692	-0.052524	-0.143521	0.075742	-0.124357	0.061002	-0.142763	0.153186	-0.015071	-0.000824	0.058977	-0.127580	-0.013097	0.049724	0.158614	0.090799	-0.149598	0.084614	-0.166152	0.062668	-0.016121	0.153209	0.098172	-0.060445	-0.001772	0.197181	0.097772	0.138948	-0.094775	0.028139	-0.110384	-0.015595	0.193440	-0.112231	0.070423	-0.038772	-0.117328	-0.047478	0.005508	0.001261	-0.199857	0.022726	0.099287	0.088163	-0.032189	-0.079069	0.171298	0.134508	0.056857	0.049249	0.204243	-0.025410	0.003457	0.022338	-0.027267	0.065341	-0.064347	0.042319	0.063453	-0.090964	-0.040235	-0.055064	0.082449	0.123942	0.065658	-0.073602	-0.068903
0.202957	0.004713	0.049815	-0.069139	-0.026308	-0.017825	-0.111674	-0.047244	0.056174	-0.071575	-0.083278	-0.056343	0.019819	0.115632	-0.255344	0.112421	-0.091202	0.040383	-0.012601	0.090088	0.020110	-0.122330	0.045621	-0.106531	0.174077	0.055955	0.090737	0.081818	0.066424	-0.027737	-0.021232	0.135484	0.126208	-0.069186	0.020988	-0.125582	0.006015	-0.075440	0.077861	0.297219	0.140402	-0.061226	0.055158	0.152678	0.009567	-0.015086	0.039555	0.052993	0.082733	-0.156570	0.122458	-0.159663	0.019158	-0.168596	-0.026844	-0.064540	-0.003787	-0.112849	0.136598	-0.009646	0.161239	-0.183858	-0.136447	-0.167631	-0.036257	0.020693	-0.071647	-0.027762	-0.103910	-0.060157	0.044871	-0.023995	-0.138561	0.102723	-0.033342	-0.040038	-0.107839	0.161778	0.051481	-0.129133	0.130866	0.060443	-0.043308	0.036124	-0.001420	-0.156150	0.060987	0.015053	0.157832	-0.090279	-0.070333	0.068076	-0.133902	0.069154	0.076915	0.062322	0.025510	0.159688	0.042263	0.041399
0.210760	0.003654	-0.051357	0.067354	0.075188	0.046817	-0.111705	0.076107	0.105462	0.055920	-0.118886	0.121694	0.168490	-0.013616	-0.123130	0.135671	0.031774	-0.041864	-0.098265	0.248568	0.038609	-0.174617	0.072784	-0.119008	-0.007850	0.182084	0.018886	0.170808	0.048691	-0.099550	-0.024477	0.008346	0.138520	-0.006326	-0.136354	-0.025555	0.122445	-0.174227	-0.058542	-0.076707	0.005181	-0.054593	0.112397	0.021913	-0.017321	0.029676	-0.021135	0.012242	-0.115326	-0.149983	0.075864	-0.104370	-0.068011	-0.125047	0.135733	-0.133590	-0.000283	-0.138080	0.089441	0.152825	0.086780	-0.190696	0.107658	-0.094447	-0.040673	-0.010675	-0.058408	-0.011700	-0.123934	0.021155	-0.035595	-0.221225	0.048492	-0.162696	0.024709	-0.088302	0.060184	0.033162	-0.009670	0.014255	0.149527	-0.018820	0.044001	0.090921	-0.225670	0.062793	0.009231	-0.046199	-0.083224	-0.044727	0.106118	0.029753	-0.073126	-0.071787	-0.005424	-0.135268	-0.009376	0.123404	0.057225	-0.093219
0.130187	0.123567	0.045465	-0.171220	0.030359	0.011937	0.039753	0.032362	0.114755	0.115521	-0.016491	-0.023616	0.027171	0.179238	-0.065868	0.008128	0.017334	-0.045684	0.011410	0.146480	0.010458	0.094505	0.217461	-0.014287	-0.044632	0.135727	-0.097093	0.190289	0.173703	-0.101193	0.095233	-0.030346	0.122879	-0.025053	0.131891	-0.002129	-0.032776	-0.095247	0.146015	0.048455	0.149597	-0.050894	0.130302	0.092203	0.146315	-0.021232	0.024179	0.053689	-0.015396	0.047717	0.190423	-0.102867	-0.265827	-0.006568	-0.076207	-0.110632	-0.051423	-0.026641	0.080433	0.062850	0.170243	-0.100833	-0.026318	-0.114169	0.050337	0.017271	0.045295	-0.108352	-0.004692	0.033353	0.105555	0.025813	0.017379	0.178653	-0.023309	0.184515	-0.044893	0.057201	0.000627	-0.083220	0.029462	0.003261	-0.133683	0.070950	0.006548	-0.054694	0.173552	-0.014507	0.048318	-0.004007	-0.319134	0.055218	-0.125030	0.014088	0.136749	-0.034551	0.093031	0.064241	-0.046350	-0.004163
0.072036	0.156148	-0.083479	-0.117431	-0.011689	0.004925	-0.122228	-0.092611	0.066963	0.028366	-0.027402	0.149207	0.048739	-0.052526	-0.205418	0.018038	-0.076724	0.013770	-0.033643	0.149628	0.124219	-0.050228	0.074668	-0.042435	0.130364	0.218740	-0.055938	0.071358	0.292767	-0.012550	-0.019711	-0.032541	-0.032821	-0.098729	-0.042818	0.043399	-0.075939	-0.100871	0.117999	0.215238	0.034483	-0.124624	0.058771	-0.013179	0.071717	-0.030904	-0.046139	0.204235	0.018605	-0.060321	0.028526	-0.154574	-0.032635	-0.125761	0.121625	-0.050162	-0.145941	-0.106321	0.191840	0.041275	0.186380	-0.170444	-0.122148	-0.092026	0.078316	-0.189451	0.027111	-0.073145	0.056760	-0.001736	0.101180	-0.103789	0.031684	0.068048	0.081737	0.067860	0.040373	0.113718	-0.060074	-0.116104	0.161227	-0.001289	-0.022398	0.020267	-0.083489	0.141708	-0.094794	-0.059909	0.017366	-0.036691	-0.075734	0.160716	0.040590	-0.093581	-0.019774	0.013270	0.111855	-0.063278	-0.048178	-0.045456
0.017421	0.110282	0.103371	0.069341	0.048121	-0.086111	0.004183	-0.079821	0.014667	-0.066994	-0.094329	0.086857	0.172763	0.192817	0.000474	-0.033253	-0.054360	0.207481	0.047644	0.101299	-0.047141	-0.241580	0.105850	0.173730	0.072898	0.031800	-0.061470	0.137180	-0.041451	0.027290	-0.218505	-0.069214	-0.017291	0.165344	0.113817	-0.038488	-0.011579	0.052906	0.195179	-0.049617	0.132235	-0.128570	0.024843	0.128766	-0.011394	0.063338	-0.077491	0.079659	0.130558	-0.066725	0.076243	-0.097933	0.017100	-0.021191	0.087957	-0.139558	-0.033578	-0.082319	0.001924	-0.038418	0.099710	-0.268361	0.069129	-0.023154	-0.008591	0.002590	-0.009732	0.022606	-0.015355	-0.079778	-0.045682	0.113452	-0.083811	0.039927	-0.038906	-0.124125	0.106089	-0.018842	0.063190	-0.078856	0.056254	-0.084669	0.093820	0.119881	-0.062915	0.082562	0.156093	-0.014597	0.076494	0.201761	0.122486	0.175883	0.058030	0.055761	0.164170	-0.011404	0.082895	0.149149	0.010796	-0.116979
0.038156	-0.022256	-0.089575	0.125781	0.122281	0.153983	0.040845	-0.027864	0.047471	-0.016047	-0.053923	0.165593	-0.044997	-0.044915	-0.020498	0.084995	0.118250	-0.181822	-0.020645	0.021660	0.043642	0.001726	0.105414	-0.066193	-0.045817	0.092594	-0.008603	-0.172761	-0.051962	-0.002711	0.037737	-0.178237	0.055846	-0.020441	-0.051239	-0.148247	0.126917	-0.067830	0.178706	-0.067322	-0.008110	0.040845	0.173206	-0.028684	0.024277	-0.071136	-0.047780	-0.069436	-0.126848	-0.063843	-0.084421	-0.047276	-0.114571	-0.031208	0.086532	0.076307	0.056294	-0.042985	0.251444	0.182355	0.077022	0.055641	0.057113	-0.022337	-0.059187	0.114196	0.057470	-0.024932	-0.190649	0.039611	-0.072075	-0.030503	-0.042636	-0.128726	0.044318	-0.016448	0.003597	-0.227615	0.018271	-0.019717	0.118539	-0.001699	0.082744	0.114184	-0.334101	-0.007050	0.154159	0.094804	-0.069825	-0.093052	-0.104536	-0.013655	-0.096054	-0.149667	-0.182739	-0.099758	0.040041	0.127812	-0.052551	0.092336
0.053420	0.080665	-0.144751	-0.003144	0.162023	0.015799	-0.171253	-0.109943	0.026271	-0.044869	-0.029638	0.181891	0.064072	0.052853	-0.157004	-0.088160	0.095880	0.073189	-0.011232	-0.003661	0.095846	-0.045773	0.202363	0.008654	0.122134	0.040652	0.109285	-0.045444	-0.026166	0.001043	-0.186607	0.000557	0.143275	-0.048555	-0.009504	0.099489	0.032417	-0.030039	0.062646	-0.086613	0.076532	0.005474	-0.001502	0.011490	-0.117067	-0.136552	-0.025542	0.169493	0.025500	-0.206022	0.068604	-0.147140	0.031382	-0.069183	0.057495	0.064682	-0.063844	0.038617	0.178539	0.095979	0.137577	-0.146480	-0.080692	0.008366	0.001940	0.091014	0.051496	-0.020197	0.090622	-0.037433	-0.003142	-0.002537	0.111933	-0.081460	0.048132	0.166675	0.013444	-0.111395	0.078422	0.003214	0.049498	0.131055	0.075097	0.009134	-0.248466	0.034298	0.133667	-0.096539	-0.053499	-0.171547	-0.251312	-0.001605	-0.109254	0.033927	-0.165730	-0.085619	0.212624	-0.023139	-0.042862	-0.083665
0.077596	-0.001261	-0.032904	-0.048850	0.120917	0.006269	-0.105294	-0.027614	0.101084	-0.025908	-0.104144	0.158388	0.015774	0.032072	-0.141332	0.055802	0.066844	-0.060039	0.091866	-0.060364	-0.136288	-0.017433	0.088822	0.126153	0.084419	0.023070	-0.014409	-0.015660	-0.153244	0.112886	-0.150669	0.067288	0.124162	0.129520	-0.131781	0.077449	0.038391	-0.108404	0.082304	-0.080165	0.047986	0.019429	-0.098997	-0.109545	-0.011886	-0.076421	0.137933	0.208230	0.013538	-0.237903	0.063575	-0.090596	0.129700	-0.104854	0.125121	-0.039625	-0.170688	0.069631	0.183584	0.137783	0.072554	-0.144040	-0.083788	0.052536	-0.021132	0.167005	-0.016936	-0.026243	0.057422	-0.074336	0.067012	-0.020545	0.042708	-0.263149	-0.007692	0.026500	0.078973	-0.082768	-0.007697	-0.124835	0.064806	0.019060	0.080674	0.104412	-0.073878	-0.100753	0.114193	-0.055113	-0.143727	-0.144911	-0.177461	-0.078314	-0.083914	-0.060534	-0.167950	0.029964	0.108759	0.083811	-0.098902	0.045191
-0.011084	0.042216	0.020661	0.013286	0.293482	0.015024	-0.184506	-0.031007	-0.034369	0.146703	0.074275	0.071236	0.014054	0.085897	0.144869	-0.016195	0.201694	-0.099096	0.055464	-0.044173	0.145752	-0.032124	0.072144	0.036870	0.013826	-0.160863	-0.001908	-0.005156	-0.162767	0.001535	-0.050632	0.093688	0.119312	-0.037153	-0.002719	-0.082695	0.001758	-0.070262	-0.024249	-0.212661	-0.091433	-0.048602	0.054477	0.078939	-0.067319	-0.097259	0.117966	-0.038911	0.003212	0.003277	0.046818	0.011604	0.006468	-0.054122	0.009332	0.062184	-0.026586	0.012828	-0.090234	0.198826	0.063485	-0.099826	-0.060156	0.016683	0.085960	0.174161	0.023207	0.114932	-0.020290	0.129750	0.024316	0.019603	-0.091308	-0.138659	0.032622	0.069730	0.124709	-0.112941	-0.190215	0.014349	-0.214388	0.060318	0.008777	0.007898	-0.094494	-0.178418	-0.051264	-0.071059	0.067003	-0.302741	-0.056969	-0.007442	-0.203332	0.051434	-0.130252	0.093155	-0.170054	0.028333	-0.038162	-0.033654
0.052551	-0.052715	0.026118	-0.111342	0.134459	-0.032086	-0.126525	-0.113891	-0.003737	-0.004228	-0.076414	0.005381	-0.000991	0.145987	-0.066188	-0.058814	0.105700	0.015061	-0.060199	-0.155022	-0.011339	0.057993	0.120593	0.134481	-0.023729	0.016125	0.021836	-0.188807	-0.140370	-0.177766	-0.192760	0.046911	0.023683	-0.077895	0.024174	-0.063397	0.056727	-0.221710	0.100020	-0.125995	0.114344	-0.166630	0.107091	-0.005760	-0.043854	0.008359	0.074338	-0.086079	0.063538	-0.127729	0.098640	-0.050819	0.200254	-0.016427	0.034692	-0.041801	-0.233747	-0.041519	0.064765	0.143513	0.074458	-0.106697	-0.028592	0.040211	0.081644	0.025731	0.043231	0.046339	0.034272	-0.013658	0.010553	0.006144	0.074291	-0.147565	0.143377	-0.003699	0.089958	-0.005920	-0.119217	0.141716	-0.048796	0.234833	0.042465	-0.129447	-0.203548	0.000500	0.145613	0.097121	-0.069628	-0.037708	-0.186562	0.058738	0.017506	0.094753	-0.082176	-0.034888	0.203746	0.058675	-0.052464	0.037584
0.082444	0.031202	-0.072280	-0.025978	0.037898	0.055746	-0.029347	-0.101719	-0.032017	-0.072223	0.110097	0.252061	0.003619	-0.078889	-0.038220	0.004850	-0.081225	0.051019	0.156361	-0.012088	0.080730	0.036885	0.190800	-0.061665	0.092520	0.114223	-0.132394	0.117845	0.064615	-0.026785	-0.003007	0.062799	0.145918	-0.142025	-0.045351	0.108059	0.049565	0.008346	0.175951	0.085926	0.105976	-0.068283	0.194795	0.061466	-0.040285	-0.033402	-0.015421	0.068172	0.074365	-0.046927	0.145221	0.013472	0.052835	-0.099755	-0.011100	-0.142725	0.045128	-0.135302	0.139948	-0.068259	0.143983	-0.094642	-0.051256	0.091200	0.033120	0.124619	0.093080	0.073831	0.105820	0.120564	-0.002389	0.144063	0.058230	0.099711	-0.089412	0.042990	0.031618	-0.083682	-0.116770	-0.107177	0.228239	-0.073612	-0.069873	0.164111	-0.102076	0.041801	0.064300	0.014504	0.172011	-0.054432	-0.182247	-0.024738	-0.073815	-0.113537	0.125869	-0.000184	0.016766	0.239437	-0.104090	0.141663
0.110733	0.082940	-0.112070	0.044840	0.101979	0.018870	-0.071552	-0.100074	0.126081	-0.141821	-0.007013	0.050238	0.041205	0.096263	-0.151349	-0.060028	-0.124833	0.172841	-0.108968	0.104108	0.101496	0.134058	0.188087	0.054571	-0.049643	0.236880	0.010762	0.054764	0.030729	0.018341	0.103359	0.060554	0.152055	-0.176526	0.026627	-0.013035	0.045861	-0.088306	0.145522	-0.119880	0.057949	-0.044735	0.133256	0.008046	-0.028132	-0.060240	0.056261	0.050858	0.122882	-0.050444	0.036045	-0.069361	-0.117555	0.007239	0.051033	-0.121564	-0.038404	-0.058955	0.119842	-0.046454	0.067322	-0.063903	-0.032432	-0.022279	-0.054620	0.046823	0.077154	0.066265	0.014049	0.107939	-0.085354	0.010719	0.119776	0.176976	0.008516	0.073696	0.134388	0.027567	0.064237	0.029378	0.130724	-0.175840	0.101750	0.224997	-0.169975	-0.021316	-0.009180	-0.018315	0.109558	-0.032911	-0.172816	0.109296	0.085238	0.029430	0.136944	-0.232789	0.192865	0.098870	0.003502	0.012630
0.063836	-0.040821	-0.036573	0.047682	0.112202	0.065960	0.004435	-0.126485	-0.090886	-0.022814	0.028116	0.089785	-0.040875	0.111522	-0.026599	-0.086276	0.118652	-0.117427	-0.117314	-0.099881	-0.058377	0.153515	0.025941	0.101438	-0.068579	-0.033000	-0.011177	0.013821	-0.033264	-0.099677	0.009048	-0.070571	0.185252	0.023576	0.065191	0.060648	0.129062	-0.062033	0.016737	-0.221429	-0.089869	-0.016034	-0.075474	0.156044	-0.045828	0.115044	0.209951	0.065817	0.006244	-0.266862	-0.033178	-0.018746	0.014924	0.039822	0.045896	-0.067164	-0.179094	-0.007695	0.080034	0.221335	0.119405	-0.206708	0.142453	0.145965	-0.084451	-0.007055	0.078369	-0.069380	0.013559	0.065420	-0.047599	0.106485	0.075054	0.070676	0.085265	-0.116631	0.089077	-0.105661	-0.029094	0.158865	0.182864	0.154893	0.108160	0.046942	-0.063795	0.021558	-0.022483	0.019055	-0.107300	-0.203462	-0.033315	0.106961	0.052821	0.107639	0.076386	-0.135884	0.154436	0.051172	-0.050347	-0.035871
0.228912	0.098741	0.043323	-0.110508	-0.044692	0.080650	-0.111793	0.066950	-0.049601	0.017135	-0.018082	0.031435	0.171640	-0.026493	-0.062082	0.087407	0.113904	-0.046450	0.043043	0.075462	-0.059241	-0.080061	0.153954	0.054665	0.049575	-0.001859	-0.056221	0.037325	-0.000353	0.038532	-0.042909	0.008010	0.242246	0.104038	-0.188989	0.005362	-0.020753	-0.005615	0.106894	0.158733	0.104399	0.110446	0.113372	0.092164	0.033062	-0.008884	-0.021347	0.045217	0.019779	-0.127632	0.137582	-0.096443	-0.044758	-0.170875	-0.009048	-0.074445	-0.082441	-0.036813	0.064853	0.054482	0.178670	-0.219761	-0.030641	0.102436	0.109892	0.035999	-0.032737	-0.002365	0.012964	0.022433	0.007353	0.086836	-0.013670	0.043540	0.042895	-0.072177	-0.010685	0.042026	-0.046733	-0.006560	0.165787	0.066659	0.006071	0.263816	-0.112170	-0.162956	0.087953	-0.055588	-0.128965	-0.101648	-0.265290	0.009907	-0.227580	-0.001493	-0.005759	-0.051233	0.101240	0.222425	-0.010020	-0.067041
0.183346	0.115407	0.002064	0.048388	-0.096950	0.036369	-0.162460	-0.041187	0.123088	-0.055308	-0.017201	0.182825	0.124410	0.035177	-0.089250	-0.022577	-0.012325	0.118623	0.033197	0.048713	0.057062	0.019191	0.093894	0.230867	-0.106830	0.038276	0.157955	0.082435	0.127411	0.055047	-0.041720	0.046468	0.086067	0.035495	-0.045190	0.019791	0.040902	-0.012018	0.118191	-0.099708	0.055079	-0.147327	0.136836	0.014619	-0.050465	-0.154444	-0.012774	0.082151	0.164031	-0.151221	0.006690	-0.008914	-0.111757	-0.117742	0.050371	-0.250148	-0.213869	0.160967	0.017514	-0.090487	0.017790	-0.007804	-0.020339	-0.012594	-0.049122	0.087172	0.083315	0.047245	-0.044705	0.083618	-0.084452	0.102187	-0.062933	0.139545	0.013498	0.053669	-0.009136	-0.101949	0.076114	-0.111821	0.009042	-0.056733	-0.006850	0.164361	-0.187715	-0.082430	0.154782	-0.091306	0.043673	0.054129	-0.208968	-0.069495	-0.142362	0.158395	0.044493	-0.043479	0.150124	0.089098	0.015651	-0.091094
0.190754	0.010148	0.006453	-0.062919	0.128831	0.081392	0.028298	0.062329	0.003837	-0.232395	-0.107210	0.086869	0.100662	0.115773	-0.083146	0.074546	-0.014143	0.034047	0.023098	0.070051	0.109230	0.047679	0.148694	-0.053467	0.087386	0.043885	-0.024486	-0.048492	0.057202	0.008660	-0.150247	-0.034683	0.210343	0.142738	-0.024375	0.044219	0.103077	-0.006387	0.153066	-0.018794	0.179573	-0.107654	0.102078	0.023770	0.019166	-0.095824	0.016608	-0.021692	-0.073583	-0.117152	0.159420	-0.186386	0.132141	-0.166981	0.066875	-0.152159	-0.086963	-0.109719	0.150765	0.014262	0.115235	-0.152645	-0.231314	0.093634	-0.050765	0.012462	0.122149	-0.034166	-0.038951	0.081002	0.040737	-0.005157	0.038292	0.164323	-0.069927	0.088686	0.020658	0.075957	-0.001528	-0.086096	0.129705	0.127607	0.011471	0.101995	-0.138302	-0.175841	-0.013993	-0.033293	0.107537	-0.029741	-0.156106	0.013354	-0.099930	0.035937	0.044366	-0.000431	0.212078	0.011758	-0.043610	-0.029452
0.231530	0.000114	-0.044872	-0.144109	-0.160516	-0.025455	0.166409	-0.138713	0.078434	0.110834	0.169320	0.014277	0.121747	-0.036409	-0.088185	0.004481	0.039314	0.021799	0.065025	0.158828	-0.080294	0.197139	0.158588	-0.077845	0.091334	0.081569	0.068805	0.071160	-0.021297	0.082051	-0.096804	0.087372	0.095283	0.006086	0.022249	0.000706	-0.050268	-0.052482	0.084118	0.133088	0.056549	0.051324	0.258950	0.081949	0.106479	0.003262	-0.004975	0.079619	0.228351	-0.097116	0.155134	-0.168245	0.046292	-0.031016	0.044098	-0.093601	-0.142605	0.053825	0.067299	0.051799	0.124470	-0.092426	0.051293	0.056601	-0.020207	0.205455	-0.185157	0.000387	-0.133766	0.033761	0.083936	-0.066561	-0.094099	0.053872	-0.104422	-0.004846	0.073879	-0.050875	0.020433	-0.054949	0.164791	0.008865	-0.100068	0.054834	-0.028180	-0.197141	0.000908	-0.057058	0.027905	0.034886	-0.041491	0.085629	-0.191518	-0.032810	-0.049012	-0.010053	0.044690	0.132829	0.025060	-0.025200
0.088278	0.039787	-0.007918	0.014020	0.124498	0.037561	-0.145039	0.149432	-0.087857	-0.055407	-0.026335	0.061464	0.103531	0.092337	-0.191884	-0.090877	0.186349	-0.057629	0.113150	-0.040461	0.062526	0.049013	0.108579	0.082842	0.219268	0.087413	-0.051115	0.061325	0.067282	-0.032237	-0.064798	-0.037570	0.243324	0.007725	-0.058422	-0.074362	0.118196	0.180253	0.090493	0.011876	0.054453	0.040360	0.062165	-0.036103	-0.060880	0.014520	-0.038803	-0.101347	-0.034959	-0.091467	-0.012259	-0.020700	-0.070613	-0.088831	-0.007435	-0.014952	-0.055580	0.057139	0.035401	0.072190	0.103643	-0.210668	-0.035680	0.151295	-0.146871	0.075122	0.164200	-0.170914	-0.166286	0.119626	0.006554	0.053228	-0.023506	0.167339	-0.126104	-0.014509	0.038519	0.057498	-0.099908	0.056705	0.142104	0.204593	-0.082113	0.052828	-0.134811	-0.003525	0.120445	-0.092335	0.021929	0.046876	-0.154620	0.092569	-0.143176	-0.058365	-0.051354	-0.007872	0.124750	0.155909	-0.174868	0.002666
0.142587	0.031422	0.032607	0.082734	0.192015	0.260153	-0.035947	-0.008140	0.060867	-0.005749	0.107579	0.074995	0.197698	0.165950	-0.019563	0.117841	-0.043324	-0.054437	-0.133216	0.060421	-0.045073	0.070915	0.256578	-0.120863	0.010859	0.101130	-0.069358	0.173519	-0.017512	-0.012018	-0.007694	-0.009229	0.103728	0.056312	-0.097697	-0.031303	-0.012588	-0.072223	0.109181	0.004262	-0.045385	-0.054212	0.191388	-0.001632	0.107021	-0.164411	-0.075159	0.007896	-0.002418	-0.122451	0.120376	-0.041252	-0.189854	-0.017646	-0.109146	-0.095367	-0.062429	-0.132579	0.011702	-0.051770	0.219905	-0.067778	-0.122006	-0.182959	-0.087375	-0.083121	-0.026839	-0.105421	-0.052406	0.091033	-0.111205	0.078175	-0.036206	-0.048663	0.093024	0.146502	0.169964	0.069125	-0.093137	-0.031288	-0.003992	-0.126499	0.008217	0.177206	-0.071627	-0.018341	0.054539	0.066834	-0.058806	-0.042286	-0.154887	0.047607	0.055989	-0.013215	0.023069	-0.040945	0.138141	0.098689	-0.042179	-0.025757
0.092777	-0.020477	-0.112612	0.014074	0.060136	0.015181	-0.091984	0.013089	-0.024476	0.108951	0.007813	0.094505	-0.001442	-0.121366	-0.150159	0.064800	0.082755	-0.170618	0.100448	0.059861	0.150601	-0.109036	0.166380	-0.044620	0.158707	0.089239	-0.105258	-0.084051	-0.017619	-0.023746	0.058200	-0.170893	0.150228	-0.044889	-0.068154	0.113235	0.035245	0.013069	0.111375	-0.055761	-0.018594	-0.053413	0.230431	0.079623	-0.058361	-0.096985	-0.212316	0.145643	-0.001495	-0.081793	0.100219	-0.060368	0.013404	-0.048444	0.102834	-0.043328	0.007954	-0.069086	0.154846	0.084768	0.138732	-0.225213	0.069179	0.040498	-0.047079	-0.031426	0.083589	-0.115479	-0.079901	0.142065	-0.013581	0.013034	0.158582	-0.016618	0.110654	-0.060942	-0.015571	-0.034376	-0.016348	0.006492	0.242110	0.095206	0.001834	0.227251	-0.087983	0.058661	0.076809	0.064374	-0.079095	-0.123410	-0.146018	0.072635	-0.049227	0.013951	0.113946	-0.107185	0.150146	0.133144	-0.075648	0.016940
0.111725	-0.016683	-0.046932	0.011823	0.173148	0.084296	-0.066915	-0.076095	0.136402	-0.057984	0.011073	0.048025	0.092913	0.106137	-0.051204	-0.126889	0.076317	-0.009579	0.061422	-0.070648	0.000761	0.234490	0.086302	0.086822	0.174540	-0.055842	0.170258	0.016795	-0.042910	0.116461	-0.161258	0.021289	0.253643	0.201226	0.052789	-0.075744	-0.012549	0.102938	-0.042934	-0.021090	0.120814	-0.015884	0.130928	0.049095	0.046078	-0.017525	0.003595	0.183652	0.054069	-0.164790	0.140793	-0.082601	-0.001061	-0.088976	0.062512	-0.022000	-0.111973	0.099444	0.097594	-0.015593	0.081738	-0.113701	-0.027417	0.120239	-0.024321	0.015955	0.026458	0.007857	-0.080700	0.133212	-0.128336	0.199968	-0.065577	-0.043965	0.025539	-0.022476	0.029257	-0.079310	-0.073521	0.092566	0.020402	0.084988	0.112712	0.012028	-0.073672	-0.080810	-0.084608	-0.016867	0.004598	-0.135165	-0.138840	0.113402	-0.187416	0.118175	-0.172026	-0.044213	0.017262	0.143987	-0.153752	-0.160282
0.245812	0.114301	-0.068498	-0.002187	0.104256	0.093901	0.026399	0.060764	0.101009	0.045041	-0.024595	0.027298	0.077741	0.189186	-0.171789	0.035658	0.049899	-0.135636	-0.236187	0.040894	-0.058778	0.077152	0.300551	0.020828	0.064608	-0.008465	0.040587	0.171434	0.072294	0.072238	-0.080284	0.000139	0.228222	0.010682	-0.073347	0.006620	0.054934	-0.049921	0.161599	-0.078082	0.031216	0.029652	0.170407	0.114414	0.035485	0.025250	-0.029701	0.158346	0.019915	-0.066081	0.113571	-0.187504	-0.030029	-0.083839	0.074877	-0.156345	-0.045390	0.046453	0.126966	0.014487	0.249258	-0.089374	-0.226635	-0.061800	-0.037488	0.014946	0.026439	-0.164353	0.027164	0.027146	-0.048336	0.078000	0.090822	0.065974	0.089507	-0.014898	0.005042	0.060332	0.017516	-0.002548	0.103852	-0.070410	-0.016361	0.122101	0.036413	-0.070931	-0.076242	0.020818	-0.004191	-0.066400	-0.038632	0.076389	-0.096167	0.036197	0.017815	-0.168747	0.116631	0.046471	0.005754	-0.050505
-0.028839	-0.186417	-0.064641	0.000808	0.069782	0.077806	-0.005979	-0.048133	-0.086120	0.080248	0.212179	-0.029333	-0.229939	-0.025267	0.049186	-0.024891	0.166142	0.141916	0.087955	-0.077737	0.010914	-0.032418	0.105486	-0.038356	0.005887	-0.031166	-0.057705	0.134289	-0.131594	-0.103074	-0.115901	0.132746	0.067082	0.101579	-0.070702	-0.186170	0.167306	-0.063863	-0.082636	-0.035684	0.036832	-0.035232	-0.042013	-0.015027	0.124520	-0.004887	0.086035	0.045031	0.077593	0.113274	-0.003258	-0.042718	0.159394	-0.175311	-0.029959	0.034356	-0.228789	-0.301180	0.204399	0.065920	0.219491	-0.085824	-0.043881	-0.036641	0.092792	0.126149	-0.149518	0.156286	0.070252	-0.036358	-0.204474	0.076210	0.022395	-0.011451	0.052246	-0.049759	-0.066462	-0.024006	0.041153	-0.031565	0.031926	0.059754	0.179304	0.019965	-0.094234	0.058500	0.014639	0.002974	-0.105289	-0.011860	-0.000980	0.026974	0.004734	0.059279	0.105409	0.053178	0.039832	0.039356	0.003634	-0.044561
-0.028715	0.005237	-0.020491	0.002362	0.111272	0.161492	-0.119080	-0.043408	0.137722	0.002112	-0.019372	0.165224	0.035607	0.091426	-0.085735	-0.024839	0.069587	-0.154171	-0.050501	-0.021213	-0.012809	0.028228	0.105314	0.130012	-0.011798	-0.071592	0.102765	-0.174668	-0.113849	0.055554	-0.259837	0.027138	0.075209	0.083894	-0.008427	-0.127659	0.054919	-0.046691	-0.026463	-0.073026	0.081852	0.118988	-0.125226	-0.060599	-0.022993	-0.034856	-0.040411	-0.153136	0.038725	-0.147095	-0.026142	-0.164078	-0.111563	-0.108078	0.124473	-0.065765	-0.108603	-0.083897	0.170416	0.229781	-0.015481	-0.220016	0.005914	-0.068148	-0.027499	0.156659	0.025440	0.091178	0.139173	-0.134819	0.119173	-0.067819	0.174121	0.052156	0.018317	0.006307	-0.010927	-0.093810	-0.024659	0.006986	-0.036528	0.196069	0.141222	-0.132501	-0.177978	-0.083916	-0.003482	0.028066	-0.091637	-0.059741	-0.121709	-0.040399	-0.160324	-0.080169	-0.028481	-0.057540	-0.003538	0.064764	0.049153	-0.105166
0.214869	0.052499	-0.011554	-0.078376	0.203434	0.229685	0.088919	0.166476	0.093027	0.002430	0.093248	0.094739	0.105916	0.102302	-0.111463	0.049418	0.187419	-0.066606	0.140809	-0.060544	-0.127046	0.029662	0.106530	0.079305	0.058107	-0.121227	-0.065005	-0.072793	-0.165927	0.193930	-0.062579	-0.032401	0.187239	0.137224	-0.057662	-0.029932	0.039531	0.078022	0.126141	0.042324	0.016167	-0.047099	0.029753	0.062386	0.064814	0.048705	-0.051155	0.060149	0.103135	-0.128021	0.117365	-0.033044	-0.069556	-0.188311	0.082862	-0.058569	-0.001984	-0.065136	0.095552	-0.002414	0.149377	-0.149702	-0.146099	0.131793	0.014226	0.010663	0.109694	-0.064694	-0.092903	0.179689	0.039512	0.144801	-0.042125	0.039769	0.042091	-0.032627	0.049150	-0.122777	0.022286	-0.007389	0.003255	0.114082	0.060720	0.180455	-0.068528	-0.030811	-0.056960	0.123370	0.014212	-0.152565	0.052086	0.069032	-0.134485	-0.016047	0.077020	0.141742	0.036725	0.085356	-0.047915	0.006938
0.094843	0.156014	0.131311	0.050522	0.091077	0.011044	-0.135057	0.036406	0.114277	0.023285	0.062270	0.084868	-0.002770	0.014194	-0.006856	0.121038	0.088707	-0.205791	0.050308	-0.052816	-0.104077	-0.180110	-0.018378	-0.050508	0.042211	0.110961	-0.021477	-0.157474	-0.029133	0.277606	-0.012732	-0.023227	0.049024	-0.040846	-0.052405	0.023195	-0.047885	-0.064984	0.136621	0.034250	0.125425	-0.057998	-0.021224	-0.082865	0.019553	0.058473	-0.004634	-0.024452	-0.082329	-0.067426	0.280059	-0.127899	-0.047125	-0.096261	0.173629	-0.135522	-0.041925	-0.200174	0.109279	0.112725	0.060342	-0.141591	0.115415	-0.020765	-0.163017	0.037492	0.081660	-0.086317	0.126858	0.038067	0.125822	0.009003	0.142107	-0.051055	0.070264	-0.183794	0.152902	0.021301	-0.019739	-0.001158	0.026871	0.010566	0.033728	-0.006334	-0.079984	0.051479	-0.032128	-0.020275	-0.171259	-0.061873	-0.131346	-0.006951	-0.165856	-0.038303	0.044969	-0.084392	0.100649	0.226524	0.016720	0.030914
-0.026438	-0.002965	0.084113	-0.032129	-0.058210	0.116068	-0.134376	-0.025334	-0.047643	-0.065967	-0.069278	0.074312	-0.024192	0.107624	-0.084637	-0.144474	-0.007977	-0.197458	0.032475	0.192802	0.087843	0.076047	-0.072641	0.002608	0.024045	0.175830	0.026568	0.011711	0.087254	-0.034022	-0.011795	0.082871	0.131876	-0.065882	0.085310	0.056283	-0.074332	-0.247202	-0.099308	0.181211	0.188839	-0.060522	0.032696	-0.207963	0.085717	-0.092543	-0.072358	0.065913	0.064153	-0.012193	-0.075387	-0.065936	-0.118489	-0.002987	0.021221	0.020625	0.012515	0.213300	0.121233	-0.214122	0.021208	0.073424	-0.046543	0.028545	-0.166247	-0.135245	0.097242	-0.038634	-0.108186	0.113313	-0.012055	-0.059015	-0.095814	0.064048	0.117026	-0.043969	-0.018898	-0.172296	-0.037829	-0.103997	0.024515	-0.111665	-0.082083	-0.090814	-0.038116	-0.053029	-0.009882	-0.045621	-0.036684	-0.038508	0.028048	0.179683	-0.022784	-0.218571	0.179972	-0.190154	0.086135	-0.013145	-0.069326	-0.059383
-0.065479	0.041074	0.083595	-0.013519	-0.192924	-0.042144	-0.073809	-0.102407	0.008074	0.037974	-0.050038	0.231110	0.088778	-0.011871	0.038252	-0.059629	-0.102083	-0.171877	-0.151859	-0.065241	0.113032	-0.076756	0.042770	-0.080065	-0.060269	0.167071	-0.074068	0.067050	0.034160	0.005360	0.052338	0.118720	-0.032990	0.045383	0.153488	0.107623	-0.015936	-0.070484	-0.099128	0.135642	0.029050	0.049523	-0.046749	-0.071355	0.015356	-0.001267	-0.104587	0.108511	-0.015239	0.093615	-0.080645	-0.073665	0.026534	-0.205062	0.026551	-0.021643	-0.211345	-0.079413	0.203926	-0.069969	0.010439	-0.047174	-0.095942	-0.223397	0.145835	-0.015334	0.162956	0.056430	0.002834	-0.084578	-0.013057	0.028063	-0.279669	0.171774	0.158500	-0.007101	-0.001967	0.205473	0.143254	-0.111612	0.005981	-0.038232	0.011010	0.024889	-0.129662	-0.103967	0.072895	-0.114608	-0.009996	-0.084572	0.017472	0.041015	-0.112358	-0.106641	-0.051554	0.039901	-0.017951	0.076529	-0.057923	-0.126158
-0.154375	0.089634	0.103575	0.028816	0.042674	0.067299	0.077602	0.002741	0.186704	-0.012457	0.159271	0.151814	0.043230	0.180885	0.064927	0.282932	0.011878	-0.184592	0.081852	0.114976	0.105024	-0.034209	-0.036182	0.129644	0.010287	0.005758	-0.182841	0.194747	0.112111	0.077393	-0.104137	0.097658	0.112777	0.138006	0.104993	0.009056	-0.032172	-0.097284	-0.134032	0.049536	-0.135476	0.235104	-0.029468	0.067941	-0.000073	0.050026	-0.074579	0.032984	0.107739	-0.042560	-0.090563	0.082819	-0.130345	-0.066644	-0.076959	-0.229299	-0.001958	0.049579	0.117772	-0.076213	-0.018624	-0.026957	-0.053278	0.149637	0.130523	0.033730	-0.042246	-0.078056	-0.008510	0.017305	-0.037995	-0.067132	-0.141032	0.100133	0.126341	-0.070407	-0.055235	-0.102682	-0.045243	0.029013	-0.058345	0.091197	-0.139196	-0.053935	0.038547	-0.009838	0.035072	-0.024191	-0.044598	-0.076582	-0.122394	0.079064	-0.037233	0.002292	0.177267	-0.002034	-0.058091	0.075118	0.045653	-0.134225
0.087565	0.082288	-0.058402	0.202809	-0.138926	0.038032	-0.071029	-0.003673	-0.014071	0.071883	-0.120106	-0.092017	-0.079808	0.058616	-0.102803	0.115982	-0.038178	0.049425	-0.197696	0.004630	0.136755	-0.041653	0.056993	-0.025350	-0.020734	0.193369	-0.034947	0.112721	0.180298	0.057129	0.070718	-0.012157	-0.035048	0.022290	0.026915	0.022378	0.029740	-0.014245	0.053188	0.127272	-0.164095	0.017263	-0.059067	-0.048064	-0.069857	0.063873	0.075395	-0.162568	-0.063355	-0.254193	0.019275	-0.171849	-0.040113	-0.042745	-0.049061	-0.000502	0.041913	-0.136665	-0.187991	0.010195	0.117165	-0.160197	-0.004034	-0.121224	-0.121712	0.119061	-0.033408	0.132032	-0.091071	0.026883	-0.053256	-0.095321	0.020652	-0.097498	0.116034	-0.209504	-0.000187	-0.117523	0.105053	-0.130446	0.012060	-0.061727	0.084281	-0.195758	-0.054636	0.064435	-0.098725	-0.147969	0.094480	0.014819	0.003289	0.120113	0.035157	-0.054756	0.088307	0.006173	-0.262150	0.024717	0.013193	0.103260
-0.009430	-0.075218	-0.120148	-0.138353	0.082842	0.009947	-0.037040	-0.172652	0.056495	-0.005239	0.055356	0.200795	0.073327	-0.058400	0.157233	0.008562	0.031011	-0.107645	-0.199944	0.042202	0.120521	0.005558	-0.028053	-0.106601	-0.122910	0.069768	-0.050725	0.273659	0.008691	-0.009275	-0.112282	0.033748	0.048123	0.040448	0.115002	0.040725	0.075065	-0.152604	-0.119364	0.261575	-0.052487	0.072094	0.039924	0.051424	0.113241	0.049132	0.011511	0.068782	0.192200	-0.093624	-0.048014	0.056797	0.006027	-0.065149	0.044224	-0.047723	-0.049146	-0.002521	0.128178	-0.012452	0.178528	0.095141	0.152838	-0.178550	0.056992	0.055469	-0.046577	0.096118	0.005523	-0.009473	-0.043247	-0.129898	0.052679	-0.074388	0.187311	0.069393	-0.049836	-0.076603	0.041885	0.009260	0.026874	0.078828	-0.023018	0.077895	-0.162347	-0.100737	-0.039842	0.014756	-0.053132	-0.152720	-0.012875	0.258717	0.021197	-0.066309	0.078145	-0.135097	0.060059	0.163025	-0.000706	-0.113456
-0.053511	0.050338	0.083914	-0.003296	0.096166	0.099630	0.158450	0.056084	0.188153	-0.086152	-0.060608	-0.100993	-0.051101	0.278383	-0.066006	0.258804	0.067253	-0.121200	-0.055665	0.037215	-0.103237	0.094461	0.099981	-0.019408	0.084826	-0.039815	-0.122489	0.203900	0.109279	0.068465	-0.101397	0.063653	0.108932	0.024747	0.097055	0.029542	-0.071624	-0.019319	0.057954	0.231335	0.040634	-0.073795	0.149093	0.052463	0.074529	-0.025361	-0.000571	-0.105634	0.019757	0.025946	0.044682	0.031693	-0.012511	-0.109935	-0.006548	-0.176129	0.078598	0.091171	0.073017	-0.070857	0.010388	0.029196	-0.060235	0.163288	-0.283555	0.008281	0.103588	-0.167335	-0.026233	0.036233	0.054081	-0.005905	-0.063586	0.030188	0.044883	-0.054626	-0.064976	-0.075191	-0.189331	-0.090440	-0.065656	-0.094619	-0.217642	-0.024116	-0.102316	-0.016711	0.075388	-0.073380	-0.010186	-0.013964	-0.049817	0.095804	-0.139391	-0.130134	0.121990	0.004961	0.073964	0.006119	-0.004296	0.064507
-0.097862	0.107796	0.027065	0.006448	-0.092603	0.025166	0.158582	0.034566	0.022478	-0.082600	-0.112538	0.038829	0.124430	0.167725	0.184855	0.047379	-0.121121	-0.075655	-0.021170	0.061397	0.088300	0.042970	-0.038132	0.091500	0.101556	-0.012849	-0.187855	0.192979	0.020596	0.049294	-0.036814	0.124108	0.119289	0.157777	-0.124493	0.149872	0.077808	-0.017860	-0.156857	0.103457	-0.120248	0.069845	-0.072019	-0.078412	-0.011548	0.010665	0.097159	0.138378	0.135816	0.030880	-0.107299	0.016346	-0.038072	-0.211298	-0.051145	-0.057984	-0.094537	-0.019109	-0.011500	-0.086899	-0.091337	-0.054284	-0.139833	0.057457	0.008965	0.085130	0.126469	-0.128512	-0.077721	0.172148	0.071542	0.009722	-0.227779	0.055580	0.037542	-0.007867	-0.155746	-0.068591	-0.074574	-0.089486	-0.122781	0.134879	-0.141561	0.119303	-0.050314	-0.174234	-0.135361	-0.000284	-0.007960	-0.037556	-0.061950	0.114816	-0.090354	-0.064967	0.209833	0.046569	-0.039158	0.000516	0.037184	0.056041
-0.129839	-0.079650	-0.030315	0.058291	0.150231	-0.028798	0.108230	-0.027943	-0.005660	-0.100323	-0.049417	-0.019350	-0.027322	0.118309	-0.063375	0.055065	0.014853	-0.098546	-0.070104	-0.112914	0.015521	0.076243	-0.005651	0.021291	0.046352	-0.099995	-0.035972	-0.004867	0.024719	0.184796	-0.148797	0.075787	-0.034030	0.234064	0.007294	-0.100173	-0.012215	-0.155443	0.065260	0.035866	-0.179210	0.011063	-0.042715	-0.145318	-0.067958	0.082326	0.053578	0.036397	-0.099456	-0.172849	-0.071412	0.054911	0.186609	-0.007195	-0.024340	0.018596	-0.068351	0.022312	-0.156651	0.082134	0.203842	0.222532	-0.136434	0.058584	-0.100062	0.046570	0.040528	0.047324	-0.111857	0.066908	-0.119145	0.031819	-0.053627	-0.040243	-0.002515	0.076140	0.289695	-0.149708	-0.252819	0.095289	-0.080155	0.007443	-0.057961	-0.026705	-0.063987	0.025005	-0.038386	-0.017052	-0.034467	-0.154383	-0.089386	0.177132	-0.023134	-0.069784	-0.127932	0.047113	0.135842	0.112282	-0.081520	-0.103414
-0.006015	0.015334	-0.015902	-0.090282	-0.238342	0.013719	0.025841	-0.078231	0.036620	0.085030	-0.055497	0.031888	0.168951	0.022396	0.033773	0.038159	-0.111589	-0.045413	-0.069594	0.173241	0.069684	-0.068263	-0.097368	-0.058873	-0.018832	-0.018521	-0.069416	0.159548	-0.031553	-0.059753	-0.115825	-0.085444	0.002050	0.060870	-0.202712	0.106452	-0.098134	-0.047329	-0.076787	0.132743	-0.049097	-0.042063	-0.091111	0.117915	0.132563	-0.009913	-0.045912	0.196763	0.134791	-0.052337	-0.032416	-0.023539	0.104368	-0.131031	0.100327	-0.053480	-0.170371	-0.109754	0.135187	0.015147	0.096589	-0.103227	-0.058175	-0.129980	0.046569	0.008867	-0.045255	0.148820	0.057103	0.121068	0.054060	0.057450	-0.024444	0.088461	0.047909	0.134806	-0.012178	0.071333	-0.108798	-0.102097	0.144277	-0.058513	-0.123453	0.066552	-0.136026	-0.100911	0.203640	0.023413	0.000025	0.047028	-0.036849	0.028570	-0.116680	-0.026996	0.328319	0.163135	-0.153988	0.094368	-0.013173	0.088834
0.090784	-0.095657	0.016571	-0.111199	-0.239705	0.094922	0.013634	-0.001815	0.120991	0.113062	0.165341	0.077296	0.121148	-0.005937	-0.124304	0.071912	-0.042382	-0.171229	-0.088675	0.024697	-0.024821	-0.059177	0.013605	-0.189045	-0.041946	0.081537	-0.042433	0.138742	-0.280474	0.033178	-0.033998	-0.010729	-0.078622	0.065752	-0.038682	0.151323	0.124843	-0.165929	-0.093214	0.130328	-0.012052	-0.079439	0.054309	-0.068846	0.115971	0.127244	-0.060155	0.030829	-0.030691	-0.067273	-0.004662	-0.095631	-0.011068	-0.039736	0.083403	-0.046875	-0.094859	-0.069595	0.134087	0.016700	0.011286	-0.021926	-0.118476	-0.102989	0.068838	-0.156636	0.174415	0.067938	-0.062847	-0.003532	0.046614	-0.077460	-0.069058	0.062328	0.088127	-0.002971	-0.037018	0.008078	-0.107295	-0.121247	-0.010792	-0.038302	0.011126	0.056797	-0.171755	-0.133408	0.092905	0.029245	0.057281	-0.018644	-0.004244	0.261557	0.019548	-0.273422	0.053862	-0.115838	-0.036767	0.092661	-0.146967	-0.070238
-0.033700	0.035435	-0.029817	-0.138163	0.026556	0.013899	0.095211	-0.096420	-0.014090	0.053764	0.037110	-0.060817	-0.038982	0.177768	-0.118767	-0.014871	0.111635	-0.063372	0.073952	-0.029255	0.005921	0.229390	0.205641	0.002599	0.202631	0.038136	-0.084584	0.075671	-0.011054	0.071674	-0.065268	-0.050386	0.077215	0.136937	0.076536	0.063684	0.062275	-0.019980	0.021415	0.007574	0.172743	-0.011213	0.114427	-0.029001	-0.094210	0.142432	-0.104962	0.084309	0.145844	-0.120049	0.054502	-0.004910	0.021192	-0.132310	0.042780	0.043802	0.020652	0.166091	-0.029370	-0.126189	0.066937	-0.146151	-0.133488	0.068927	0.014905	0.081065	0.156585	-0.185170	-0.157118	-0.000893	-0.110721	0.059974	-0.143727	-0.042752	-0.084722	-0.079976	0.115027	-0.077307	-0.206197	0.042880	-0.177993	0.057148	-0.071082	-0.034473	-0.001921	0.031790	-0.115476	-0.092832	-0.003107	0.013988	-0.019493	0.151380	-0.180044	-0.196943	-0.027670	-0.035476	-0.016583	0.114975	-0.230442	-0.010326
0.016670	0.204125	-0.006177	0.030347	0.158535	0.056448	0.014693	0.037282	0.127698	-0.049040	0.118350	0.017938	0.012447	0.280101	-0.157238	-0.026849	0.067309	-0.024753	0.027308	0.036245	0.056800	0.178011	0.094930	0.124447	0.038900	-0.019580	0.011532	0.083260	0.024688	0.252821	-0.121457	0.050790	0.041924	0.122680	0.095749	0.124024	0.041239	-0.077462	0.169521	0.047636	-0.069555	-0.072537	0.177407	0.063565	0.042629	-0.106164	-0.013395	0.040860	0.082229	-0.047895	0.048713	-0.039287	-0.115413	-0.104140	-0.023869	-0.093236	0.038588	0.148116	0.073301	-0.158400	-0.032259	0.055530	-0.046690	0.120466	0.001586	0.019061	0.132804	-0.067900	-0.156307	0.173735	0.023579	0.061520	-0.153116	-0.007215	-0.018655	-0.015834	0.094610	-0.118000	-0.081011	0.077339	-0.030979	0.125158	-0.055349	-0.002105	-0.220981	0.014199	-0.048558	-0.084135	-0.011826	-0.140597	-0.012187	0.096444	-0.248352	-0.064564	-0.095572	0.125037	-0.011250	0.107209	-0.139985	0.021890
-0.077268	0.073981	0.016927	0.135356	0.035320	-0.095418	0.050687	0.143795	0.166912	-0.132660	0.000450	0.003459	-0.054550	0.209987	0.025472	-0.038494	-0.043354	-0.077362	-0.040086	-0.066320	0.160493	0.142551	0.072636	0.061228	0.101251	-0.191146	0.056014	0.125522	-0.044045	0.149298	-0.211353	0.074405	-0.043319	0.115711	-0.029724	-0.063161	-0.014891	-0.023475	0.071632	0.209753	-0.190171	-0.011536	0.122806	0.047311	0.026856	-0.033693	0.063545	0.025465	-0.065769	-0.056593	-0.047917	-0.053597	-0.065279	-0.085556	-0.013057	0.111463	-0.033542	-0.043189	-0.036679	0.000443	0.055389	0.136697	-0.119275	0.080212	-0.207811	0.061504	0.025244	-0.059753	-0.097452	0.055711	-0.118944	0.060586	-0.071811	-0.050754	0.087862	-0.036103	0.031322	-0.136226	-0.218684	-0.000573	-0.172856	0.137809	-0.097480	-0.070718	-0.149569	0.109201	-0.093883	0.033876	-0.010688	0.026844	-0.193223	0.085371	-0.061664	0.007873	-0.173770	0.090965	-0.128447	-0.011071	-0.167157	-0.114310
0.018418	0.153992	-0.013310	0.128198	-0.105363	0.075844	0.009385	0.040415	0.251591	0.013546	-0.000219	0.165626	0.015828	0.243508	-0.133018	0.128831	0.041097	-0.051975	0.055962	0.201945	0.053862	0.021913	0.031460	0.084702	0.077779	-0.048924	-0.043602	0.148919	0.056346	0.157549	-0.223311	0.079680	0.075218	0.041153	0.068300	0.175613	-0.037070	0.049640	0.140742	0.169970	-0.171160	-0.111031	0.158174	-0.082005	0.065401	-0.084017	-0.054425	0.063880	0.032232	-0.030890	0.003206	-0.067028	-0.004743	-0.145153	-0.106178	-0.114723	0.154875	0.002369	0.040493	-0.167378	-0.040000	-0.034122	-0.086831	0.099070	-0.068488	0.008180	0.071297	-0.012723	0.007313	0.148518	0.009508	0.018762	-0.141094	0.028254	0.080800	-0.073647	-0.023849	-0.101300	-0.203595	0.021678	0.118986	-0.054479	-0.086130	-0.035140	-0.046494	-0.028176	-0.078033	0.132019	0.020110	-0.012492	-0.117521	-0.004413	-0.127860	-0.094271	0.065888	0.081009	-0.100443	-0.064233	-0.176450	0.019997
0.025366	-0.155382	0.052712	0.026142	0.027703	-0.038359	0.096488	0.069308	0.081205	0.008397	-0.062456	0.014360	0.012334	0.272079	-0.059117	-0.007263	0.162647	-0.110589	0.052299	0.041259	0.149948	0.105857	-0.008647	0.025567	0.151921	0.002042	0.078639	0.080985	0.073760	0.025365	0.038026	0.012515	0.168015	0.072943	0.044733	-0.067979	-0.063559	-0.092399	-0.184705	-0.029098	-0.006164	-0.114124	0.057788	-0.115115	-0.033374	0.023724	0.002285	0.253224	0.133759	-0.130338	0.018307	-0.094302	-0.000771	-0.039427	0.121229	0.043604	-0.177119	0.006957	0.129912	-0.166382	0.141538	0.034969	-0.077546	-0.169309	-0.148063	0.005851	0.060941	-0.064900	0.060109	0.077052	-0.034773	-0.100026	-0.023225	-0.026855	0.026170	-0.245954	0.005059	-0.155281	-0.013383	0.153695	-0.092897	-0.008721	-0.136770	-0.025193	-0.035216	0.102021	-0.068479	0.004890	0.068756	0.087143	0.049235	0.207651	-0.115907	-0.026518	0.082842	-0.103643	0.063397	0.088231	-0.103672	-0.225635
-0.090776	0.091733	-0.038594	0.040882	0.047321	-0.046828	0.145240	-0.020070	0.158325	0.029808	-0.102613	-0.155633	0.011891	0.307720	-0.065474	-0.009273	0.028931	-0.163667	-0.021647	-0.016392	0.173152	0.245855	-0.079115	0.262574	0.056078	0.194161	-0.137023	-0.046959	0.051526	0.089920	0.066981	0.002854	0.001813	-0.021111	0.078300	0.144778	-0.059972	-0.076142	0.028630	-0.109053	-0.122986	-0.133795	0.073300	0.037279	-0.010841	-0.085044	0.131151	0.115578	0.026064	0.065225	-0.113311	-0.123931	0.017345	-0.089991	0.165984	0.038940	-0.068268	0.073675	0.017504	-0.112205	0.088432	-0.055306	-0.083316	0.065302	-0.021556	0.026709	0.166443	-0.020823	0.071333	0.039161	-0.079989	-0.060745	-0.098835	-0.089557	0.211163	-0.010918	-0.058521	-0.033690	-0.275157	0.049672	-0.051074	-0.019975	0.034743	-0.019969	-0.045031	-0.073151	-0.059921	-0.003308	0.030472	0.048907	0.011269	0.058553	-0.148244	-0.086200	0.127162	0.015996	0.090880	-0.107716	0.023150	-0.017797
-0.019833	0.121087	0.007562	-0.068505	-0.043165	0.008345	0.124593	0.056198	-0.094665	-0.095653	-0.029206	0.113602	0.073454	0.221810	-0.083861	-0.013538	-0.110407	-0.189576	-0.169978	-0.002290	0.132034	0.059242	-0.037488	-0.001747	0.022801	0.072328	-0.097369	0.130225	0.090104	-0.000118	-0.038141	-0.021681	0.059590	0.060168	-0.125243	0.018900	-0.121688	-0.050246	0.058055	0.156143	0.049788	0.142704	0.042658	0.169398	-0.010941	-0.051562	-0.147936	0.185015	0.112751	-0.175810	-0.207878	-0.090173	-0.005475	-0.092676	0.099242	-0.086184	-0.134556	-0.024364	0.128796	-0.042893	0.026730	-0.009092	0.002027	-0.056822	0.143259	-0.030869	0.164414	-0.044234	-0.023107	0.093171	-0.031791	-0.114522	0.030521	-0.007588	0.118169	-0.020789	-0.001298	-0.119684	-0.042418	0.050045	-0.209161	0.068655	-0.244347	0.134635	-0.038718	0.036537	-0.080785	0.058415	-0.160371	-0.076432	-0.201644	0.046187	0.041341	0.013368	0.094530	-0.049730	0.046408	0.018717	-0.142126	0.156451
0.003880	0.032838	-0.018173	0.095790	0.068777	0.167144	0.030805	0.029301	-0.020063	-0.067492	0.174620	-0.054225	-0.030718	0.272869	-0.086551	0.104488	0.086593	-0.176741	-0.187504	0.040577	0.043826	0.029234	0.055644	0.106241	0.010903	-0.061492	-0.014938	0.314085	0.088237	0.082151	-0.072056	0.029428	-0.041201	0.068727	0.060357	-0.045045	-0.018992	0.017728	0.038227	0.188815	-0.001358	-0.001194	0.138107	0.156961	0.048017	-0.009364	-0.103655	0.001185	0.129460	-0.045855	-0.214896	0.031552	0.059704	-0.162151	-0.053290	-0.065810	-0.085007	0.002026	0.066392	-0.105921	0.066634	-0.040755	0.036059	-0.073270	0.025972	-0.054548	0.196220	-0.060735	-0.061672	0.046705	-0.057178	0.040387	-0.161353	0.067525	0.031710	-0.004472	0.064543	0.142640	-0.005021	0.083892	-0.049700	0.059348	-0.163272	0.074599	0.105498	0.073633	-0.261187	-0.009030	-0.080165	-0.219459	-0.132029	0.041022	-0.050359	-0.104939	0.074015	-0.101310	-0.015003	-0.031593	0.038168	0.112129
-0.001911	0.133425	0.011196	0.101796	-0.035470	0.139481	0.031983	0.109401	0.054300	-0.047028	-0.011372	0.051338	0.035065	-0.027182	0.041243	0.123276	-0.109306	-0.225385	-0.122824	0.177979	0.042158	-0.121920	-0.054538	-0.118820	-0.016160	-0.006614	-0.190712	0.131431	0.047935	0.105711	0.093230	0.094786	0.046329	-0.035112	-0.120677	-0.062205	-0.024105	-0.002895	-0.084685	0.166559	-0.024041	0.012551	0.222052	0.013249	0.018171	0.010484	-0.005635	0.238721	0.056951	-0.016932	0.040570	0.073164	-0.134691	-0.194985	0.115063	-0.008664	0.012446	-0.063639	0.053865	0.070494	0.082447	-0.024850	-0.124589	-0.136514	-0.060014	0.183688	0.094834	-0.013253	-0.140177	-0.008379	0.001217	0.094055	0.033231	0.147484	0.109485	0.068499	-0.247685	-0.069091	-0.047081	-0.131916	-0.037851	0.012486	-0.195378	0.100262	-0.085631	-0.257053	-0.024035	-0.048147	-0.029871	-0.107353	-0.006639	0.015279	-0.084374	-0.103196	0.042713	-0.088066	-0.017744	-0.118160	0.016620	0.056165
-0.017234	0.087479	-0.100134	-0.101241	0.167249	0.072138	0.081330	0.024231	0.044756	-0.049601	0.107167	-0.122967	-0.003329	0.165918	-0.011409	-0.088739	-0.076553	-0.069915	-0.099281	0.026432	-0.038422	0.076531	-0.101999	-0.011198	-0.066493	0.093016	-0.028955	0.323105	-0.036866	0.161787	-0.025563	0.018195	0.017166	-0.008855	0.062078	0.072325	0.095809	-0.071399	-0.096956	-0.076367	-0.049427	0.056140	0.114208	0.078318	0.084474	0.079920	0.147947	0.162780	0.129851	-0.035784	0.073644	-0.120064	0.189887	-0.197844	-0.085372	-0.074121	-0.180274	-0.165790	-0.058280	0.131903	0.248189	-0.005843	0.045221	-0.105257	0.006034	0.165040	0.095833	0.051867	0.078564	-0.103268	-0.005080	-0.141260	0.110494	0.126533	0.104712	0.007185	0.000948	-0.009577	-0.109520	0.058576	-0.033790	-0.139042	-0.038260	0.034507	-0.081648	0.015578	0.014521	-0.083436	-0.037735	-0.026177	0.071894	0.137787	-0.061214	-0.064816	0.186894	0.090855	0.135719	0.020322	0.084598	0.018088
0.081576	0.095458	-0.104172	0.035959	-0.066137	0.034910	0.079453	0.207654	0.086998	0.016339	0.104554	0.127014	-0.012709	0.192987	-0.098280	0.160837	0.087280	-0.026193	0.003179	0.171671	0.032633	0.009678	0.030632	-0.017491	0.049776	-0.022572	0.028465	0.129909	0.043769	0.140931	-0.119543	0.040643	0.026978	0.128049	-0.132839	0.085377	-0.080209	-0.042049	-0.058001	0.078633	0.063449	-0.114575	0.003479	0.034279	0.127426	-0.016596	0.020837	0.101242	0.017884	-0.054624	-0.042389	0.054520	0.020830	-0.252175	-0.033918	-0.052785	-0.078403	0.033674	0.113185	-0.169846	0.098094	0.068698	-0.145865	0.084867	-0.184991	-0.095960	0.105529	-0.069474	0.027968	0.070577	0.019925	-0.086252	-0.251355	0.095407	0.148312	-0.052291	-0.127794	-0.099453	-0.089299	-0.008375	-0.104809	0.100324	-0.188989	0.043616	-0.120845	0.158361	-0.156800	0.073340	0.079778	-0.063063	-0.084373	0.092585	-0.087198	-0.049114	0.150145	0.060780	-0.097990	-0.077353	-0.133865	-0.095538
0.026285	0.009774	0.079303	-0.067929	0.045482	-0.018730	0.053632	-0.044346	-0.012840	0.143304	0.197734	0.139745	0.175567	0.101920	0.008627	0.071105	0.014227	-0.205672	-0.006724	-0.100096	0.029380	0.039089	-0.129107	-0.041201	-0.000341	0.076311	0.130971	0.123958	0.033634	0.031130	-0.105380	0.086148	0.051204	0.135713	0.026751	0.023988	0.079938	-0.044485	0.014923	0.081912	-0.038481	-0.039676	0.074396	0.045075	-0.037449	-0.097210	-0.074949	0.040554	0.191535	-0.152086	-0.001102	0.102148	0.107650	-0.178435	0.063831	-0.047018	-0.008371	0.104133	0.132347	-0.170337	0.108220	-0.114636	-0.112239	-0.048175	0.011878	0.027934	0.042468	-0.094342	0.005639	0.015027	-0.083471	-0.016872	-0.266324	-0.057041	0.053690	-0.044792	0.094069	-0.041201	-0.163414	0.303748	-0.149899	0.128896	0.114199	-0.003695	-0.070258	0.020599	-0.106830	-0.138120	0.050790	-0.049589	-0.103121	0.123262	-0.132806	-0.081952	-0.100181	-0.126588	-0.033371	-0.072637	-0.118924	-0.148370
-0.039551	0.175287	-0.042650	0.064744	0.105913	-0.003424	-0.006571	0.067476	0.165532	0.037652	0.108171	-0.103715	-0.044250	0.169767	-0.090702	0.052535	0.210993	0.072285	-0.023101	0.045368	0.057420	0.170990	-0.119101	0.110715	0.011145	-0.089753	-0.134493	0.036903	-0.052532	0.124660	-0.147626	-0.004640	0.193628	0.296954	0.040149	-0.055020	0.083634	-0.079286	0.023230	0.098047	0.067734	-0.095638	0.026445	0.056917	0.070563	-0.020999	-0.079025	0.042077	-0.040308	-0.144505	0.060028	0.147090	-0.036052	-0.073866	-0.037482	-0.062761	0.094809	0.065911	0.063475	-0.060007	-0.035965	-0.136261	-0.083571	0.148088	-0.014114	0.065946	0.097898	0.023047	0.010182	0.098934	-0.051376	0.147565	-0.217193	-0.060629	-0.026963	-0.090345	0.036116	-0.148853	0.012705	-0.014092	-0.087119	0.214896	0.020622	0.136422	-0.178661	-0.014713	-0.048273	0.009542	-0.048485	-0.142568	-0.026676	0.136285	-0.194648	-0.170623	0.051751	0.016855	-0.025842	0.082241	-0.009110	-0.002333
-0.160327	0.000017	0.151974	0.142823	-0.089262	0.017966	-0.006593	0.016712	0.083793	-0.084677	-0.063106	-0.025613	0.012545	0.300979	-0.044887	0.010417	-0.058281	-0.056626	-0.109788	-0.020840	0.056819	-0.112332	-0.026875	0.139326	0.091810	-0.054600	-0.009043	-0.020818	-0.023441	0.095139	-0.020000	-0.006862	-0.103591	0.119844	0.139048	0.123738	0.012126	-0.046042	0.136037	0.186675	-0.004319	-0.010745	-0.136012	0.050940	0.008030	0.041419	0.021469	0.059915	0.153602	0.153408	0.052223	-0.100058	-0.039733	0.040991	-0.079178	-0.246591	0.118691	0.016347	0.070116	-0.107923	0.024064	0.068799	0.044977	-0.030509	-0.083212	0.004684	0.070028	-0.070180	0.102400	0.065979	0.021937	0.232130	-0.066037	0.252009	0.165376	-0.143247	0.070059	-0.014844	0.067987	0.044150	-0.028427	0.073334	-0.045389	0.140849	0.003686	0.063558	0.075636	0.202144	0.109173	-0.103015	0.110683	0.008131	0.032676	-0.040842	0.159957	0.074293	0.033382	0.130044	-0.197999	0.059834
-0.109405	0.064751	0.174844	-0.083557	-0.047556	-0.075978	0.086166	-0.043370	-0.051663	0.102874	0.035173	0.003184	0.204526	0.099837	-0.031836	-0.160534	-0.058874	-0.045231	-0.215137	0.263010	0.017485	0.001030	-0.004385	-0.117727	0.037533	0.212385	0.043115	0.124641	0.044195	-0.083203	-0.077996	0.129841	-0.014574	-0.118191	-0.017320	0.103698	-0.122321	-0.032836	0.065827	0.136055	0.186976	-0.014143	-0.051423	0.181323	-0.008847	0.118854	-0.150111	-0.035980	0.083899	-0.098646	0.067342	-0.153309	0.126214	-0.020451	-0.006321	0.006273	-0.192355	-0.032764	0.110030	-0.002719	-0.030461	-0.200027	-0.205993	-0.011097	-0.039651	-0.027190	0.093046	0.132317	-0.069353	0.110860	0.083902	0.098572	0.021336	0.068462	-0.046689	0.106126	0.059447	0.057549	0.147590	0.103260	0.059503	0.079472	-0.101950	-0.053462	-0.061091	-0.123773	-0.013741	-0.019992	0.085631	0.075197	0.002676	0.071578	-0.018267	-0.138542	0.156652	0.061653	-0.017023	-0.072341	-0.020469	0.048369
0.053343	-0.044179	-0.054834	-0.137861	-0.219959	0.021907	0.102466	-0.122312	0.035865	-0.139008	0.055759	0.065037	0.132827	0.134735	0.082836	-0.031918	-0.112122	-0.104147	-0.230940	-0.007889	0.160871	0.048808	0.172271	-0.065604	0.133893	0.039194	0.037627	0.149320	-0.032752	-0.000086	0.092616	0.025435	-0.044813	-0.028943	-0.028659	0.085427	-0.006696	-0.115820	0.162171	0.046757	0.019165	-0.018694	0.072770	0.010651	0.200945	-0.070662	-0.023873	-0.061812	0.099908	-0.082314	-0.024760	-0.325721	-0.059902	-0.182309	0.163473	-0.039672	-0.202245	-0.057315	-0.010617	-0.000480	0.021534	-0.115172	-0.145061	-0.070161	0.098044	-0.052312	0.132148	-0.001637	-0.052358	0.050530	-0.053727	0.014010	0.154272	0.119772	0.002555	-0.048487	0.003389	0.019574	0.019711	-0.149622	0.035112	0.011334	-0.110657	0.005164	-0.077158	-0.175000	0.050729	-0.135624	-0.071366	0.043979	0.088126	0.095437	-0.115271	0.009712	0.056498	0.004538	0.009393	-0.126279	0.001662	-0.154137
0.190751	0.171264	0.158495	-0.118346	-0.194404	0.015598	0.126582	-0.036141	-0.081952	-0.082907	0.152122	-0.034209	0.152634	0.093509	-0.163874	0.063513	-0.081412	0.092749	-0.113868	0.172427	-0.023179	0.001177	0.051225	-0.073469	0.024483	0.041390	-0.141664	0.072127	-0.004689	-0.014326	0.020954	-0.020819	0.051743	0.047830	-0.078394	0.001081	0.037862	-0.186528	-0.023563	0.038867	0.112031	0.078987	0.100472	0.099838	0.072670	0.126192	-0.089015	0.144262	0.153134	-0.129956	-0.156561	-0.068840	-0.100810	0.011387	0.065453	0.104162	-0.050426	-0.086622	-0.078747	0.141254	0.171061	-0.056518	-0.046261	-0.057861	0.133136	0.064922	0.041694	0.113539	-0.277173	0.093899	0.004852	-0.162505	0.033009	0.163150	0.056070	-0.092128	0.013256	-0.200935	-0.062257	0.043041	0.046841	-0.137175	-0.115906	-0.031546	0.001629	0.061865	0.086626	-0.062788	0.094372	0.057918	0.105478	0.033824	-0.067466	0.013306	-0.059753	-0.017088	0.133829	0.016533	0.004130	0.011606
0.005524	0.166434	-0.102154	-0.176998	-0.024362	0.010127	-0.011059	0.013616	0.035816	-0.036869	-0.051910	0.116270	-0.041517	0.013499	0.119767	-0.113886	-0.065420	-0.071275	-0.126382	0.238961	0.119849	0.043249	0.118363	-0.012236	-0.034881	-0.009078	0.090460	0.003018	0.135221	-0.006851	-0.074011	0.033827	0.047190	0.019411	0.009654	0.046833	-0.081263	0.059145	0.067619	-0.097717	-0.022560	-0.004443	0.135002	0.017977	-0.083279	-0.082923	-0.079262	-0.062135	-0.159570	-0.033485	0.116442	-0.173024	-0.034682	-0.148495	-0.107808	-0.280368	-0.153239	-0.251607	-0.011901	0.025231	0.169079	-0.176412	-0.025014	-0.084487	-0.097015	0.101268	-0.008090	-0.030230	0.000938	0.109494	-0.073475	0.091325	0.089175	0.111393	0.095599	-0.012840	-0.098149	0.055003	0.039062	-0.092386	0.137888	-0.040689	0.034812	0.051549	-0.236952	0.008509	-0.123415	-0.204672	0.050650	0.081666	-0.099485	0.023326	0.054836	0.144711	-0.020353	0.135649	-0.133943	-0.011945	-0.010109	0.078383
0.011970	0.082097	0.123787	0.064485	-0.070402	-0.034020	-0.102780	0.231190	0.140993	-0.035423	0.100086	0.135907	0.052524	0.095634	0.005950	-0.083000	-0.029177	0.004167	0.100702	0.125294	0.033348	0.080579	0.064784	0.010423	-0.024052	-0.116244	-0.007711	0.049805	-0.030284	0.015735	-0.010130	0.013116	0.038513	0.010576	-0.098717	0.031435	-0.062209	-0.111883	0.180760	0.155077	-0.061332	0.062129	0.159636	0.124262	0.106463	-0.100906	0.094786	0.242163	-0.001756	-0.035890	0.094986	-0.091554	-0.204514	0.017886	-0.145023	-0.067984	-0.087129	-0.070083	-0.105570	0.163302	0.010127	-0.117155	-0.060255	0.003742	0.024442	0.153604	0.036857	0.110075	-0.104307	0.121717	0.019041	0.301588	-0.007621	0.060711	-0.052411	0.043547	0.019118	-0.008492	-0.027135	-0.011236	0.076772	-0.047770	-0.054390	0.065014	0.095591	0.008852	0.111935	-0.064498	0.220039	0.062397	0.081176	0.106646	-0.142661	0.003861	0.074388	0.162389	-0.140851	-0.220409	-0.052762	0.039696
0.127377	-0.041316	-0.114668	0.108193	0.120077	-0.054549	0.096915	-0.053327	-0.048419	-0.077874	-0.068385	0.014245	0.130709	0.064623	-0.128290	0.175311	0.067105	-0.178877	-0.043235	0.132161	0.000465	-0.049496	0.083987	-0.078724	0.142101	0.043417	0.108755	0.036900	-0.122829	-0.219095	-0.151835	-0.044534	0.058341	-0.060081	0.090333	0.090539	0.067759	-0.107229	-0.104799	-0.017088	0.088061	-0.011623	0.209508	0.271093	-0.123485	0.060892	0.043525	0.034757	0.105981	-0.184273	0.023406	0.049278	0.082530	0.044843	0.043005	0.008470	0.002213	0.057504	-0.016378	0.085617	0.155367	-0.063085	0.075981	0.063879	-0.034462	-0.015077	0.155538	-0.094980	-0.146762	0.020802	-0.094975	-0.096295	0.038300	-0.058517	0.133982	-0.021985	0.032937	-0.090276	-0.004791	-0.098451	-0.063282	0.070072	-0.013313	-0.112155	-0.079075	-0.050053	0.206823	0.102871	0.051107	-0.101743	-0.007910	-0.014682	-0.072656	-0.025909	0.048233	-0.236479	0.202412	0.115924	-0.092485	-0.060771
-0.035356	0.206382	0.066031	0.103393	0.013266	0.100718	-0.035927	0.058319	0.040726	-0.055918	0.126358	0.093381	0.069039	0.071917	-0.014590	-0.112936	-0.025550	0.100962	-0.035985	0.014451	-0.011835	0.039781	-0.178040	-0.067761	0.108907	-0.088561	0.036090	0.091269	0.119841	0.136689	-0.081968	0.092925	0.150237	0.270169	0.005945	0.112291	0.050087	-0.028707	0.065298	0.027939	-0.080725	0.179324	0.013930	0.063358	0.097457	-0.026355	0.104197	0.104362	-0.091854	-0.004415	0.063674	0.063331	-0.068476	-0.064606	0.065269	0.087079	-0.048048	-0.059658	-0.053279	0.048819	0.156671	-0.003027	-0.181792	0.036239	0.003177	-0.020942	0.124624	-0.001241	0.009778	0.132204	-0.001093	0.179699	-0.067277	0.009713	0.121636	-0.041204	0.111376	-0.146528	-0.022514	0.078712	0.037681	0.088144	-0.038205	0.047067	0.068278	0.062682	0.149361	-0.195679	0.090827	-0.118045	0.046475	0.026398	-0.249718	0.016593	-0.150405	0.241345	-0.189145	-0.061598	-0.079551	0.151465
0.135515	-0.120714	-0.058738	-0.086716	-0.109608	0.011396	-0.040800	0.081834	0.070267	-0.006984	-0.032829	0.051033	-0.034428	0.108439	-0.092620	0.035342	-0.005736	-0.003487	0.121544	0.219369	0.237246	0.129861	-0.002864	-0.038180	0.190164	0.184039	0.131253	-0.003448	0.016113	0.015711	0.062712	-0.017934	-0.051876	0.018268	-0.070069	-0.042626	-0.124899	-0.002668	-0.019274	0.100479	0.066664	0.130641	0.134266	0.021687	0.106556	-0.104364	-0.213311	0.310858	-0.066073	-0.252464	0.106943	-0.095741	-0.048362	-0.059871	-0.055613	-0.008655	-0.156162	-0.028194	0.024718	-0.047336	0.053074	-0.094017	0.053624	-0.173246	-0.010167	0.028631	0.141858	0.067736	0.084508	0.069282	0.003809	0.132357	0.129570	0.041627	-0.089210	0.002500	0.050222	0.083724	-0.126557	0.011471	0.128562	-0.162163	-0.077462	0.063433	-0.010154	0.043843	0.020779	0.069644	0.085066	-0.054685	-0.052816	0.094200	-0.095491	-0.081739	0.162611	-0.050741	0.031800	0.062238	-0.128821	-0.091376
0.219494	0.005825	0.155988	-0.029828	-0.015999	-0.037548	-0.243080	-0.049459	0.032745	0.107937	0.139587	-0.157225	0.043950	-0.005801	-0.032218	-0.084825	0.209560	0.031974	-0.164984	0.031872	-0.058695	-0.013033	0.009995	-0.095235	-0.036360	-0.010003	0.048519	-0.167061	-0.041807	-0.061394	-0.130463	0.069488	0.177106	0.027896	-0.051034	0.003348	0.035538	-0.135299	-0.064065	0.130456	0.126123	-0.037341	-0.098119	0.208438	-0.085368	0.072676	0.022288	0.024877	0.070365	-0.155112	-0.065727	-0.095731	0.137980	0.047592	0.001011	0.120602	-0.211487	-0.140899	0.117260	0.056518	0.026207	-0.033893	-0.098436	-0.017712	-0.107042	0.190168	0.160955	0.104029	-0.046094	-0.017188	-0.067087	0.044479	-0.083960	-0.114350	0.037832	-0.027470	0.077775	-0.021608	0.128934	-0.121826	-0.106224	0.110774	0.024389	0.070868	-0.093864	0.039977	0.136037	-0.132989	0.098913	-0.064418	-0.048555	-0.093648	-0.157468	-0.082491	-0.048245	0.144854	0.053778	-0.046828	0.021813	-0.071868
0.182197	0.020572	0.028789	0.002475	-0.044538	0.174423	0.119388	0.042950	0.039852	0.055815	-0.112390	0.097260	0.009356	0.107260	-0.080632	-0.061959	0.090362	-0.106885	-0.079890	0.031220	-0.024762	0.006287	-0.049274	-0.108614	0.002352	0.089253	0.058266	0.045300	-0.078549	-0.029815	0.020281	-0.075267	0.105904	-0.220587	0.118036	0.081701	0.042945	0.027463	-0.057657	0.043443	0.030823	0.041082	-0.020985	0.045671	-0.092800	0.055691	-0.082338	-0.032352	0.005604	-0.032788	0.027706	-0.127179	0.020492	0.082310	-0.057950	0.112887	0.112210	-0.315514	0.203508	0.104317	0.017717	-0.051917	0.029048	-0.076745	-0.101919	0.048971	-0.104151	-0.092200	-0.225434	-0.007732	0.064630	-0.061691	-0.153729	0.025330	0.108508	0.161290	0.000139	0.187365	-0.009983	-0.160906	0.356421	-0.059612	-0.009850	0.065969	-0.189387	-0.110950	-0.026930	-0.188311	-0.074331	0.004113	0.050088	-0.113268	0.007152	-0.045082	0.049704	0.009838	0.039415	0.080030	0.055930	-0.035194
-0.079154	-0.170710	0.136853	0.094829	0.022989	0.125981	0.180093	-0.055208	0.247129	0.132866	0.080176	0.131296	0.003117	0.130534	-0.100734	0.039735	-0.002205	-0.022437	0.158041	-0.070534	-0.002118	-0.039708	0.046900	0.050482	-0.016570	0.035470	0.078257	0.135178	0.009947	-0.084505	0.013014	-0.039415	0.169567	-0.004616	0.028381	0.116600	0.076648	0.052172	-0.016154	0.047862	0.127795	-0.060238	-0.032154	-0.049577	0.150431	-0.146960	0.112636	-0.037677	0.072383	0.013236	0.079859	-0.086046	0.027771	-0.021644	0.061665	-0.060579	0.011343	0.037249	0.271193	0.097659	0.032692	-0.158869	0.059113	0.092877	0.171479	-0.037381	-0.103048	-0.053717	-0.080180	-0.081551	-0.010844	-0.042507	-0.105992	0.149828	0.056522	0.040983	0.018849	0.136188	0.183481	-0.105392	0.248011	0.091830	-0.011669	0.121931	-0.062741	0.044578	-0.022322	-0.065767	-0.060652	-0.082897	-0.195856	0.132804	0.056687	-0.041697	0.062189	-0.162577	0.157930	-0.014204	-0.080440	-0.066694
0.139170	0.094740	-0.041797	0.017148	-0.104068	0.036425	-0.080566	-0.052802	0.031749	0.191795	0.204641	0.095764	-0.119751	0.169156	-0.193087	-0.016031	0.120875	-0.164249	0.008634	-0.028785	0.180432	-0.121011	0.135663	0.111776	0.000481	0.077482	-0.025570	0.005450	0.105465	0.069784	0.119819	0.132105	0.055406	-0.284029	-0.007229	-0.019374	0.051176	-0.041411	-0.159739	0.112386	0.124520	0.023518	-0.053093	0.037977	-0.041725	0.037366	-0.114784	-0.079779	-0.026405	-0.054481	0.146827	-0.072583	0.004755	0.013030	0.010508	-0.099558	-0.009451	0.004098	0.083137	-0.169844	-0.008252	-0.137955	-0.040294	0.072118	-0.032690	0.066670	0.049748	0.088462	-0.127134	-0.059640	-0.120525	0.045069	0.036931	-0.006255	-0.132483	0.023595	-0.120323	-0.002745	0.070603	-0.207715	0.105324	-0.028088	-0.045340	-0.010915	-0.180579	-0.149213	-0.152030	-0.137874	0.013560	-0.164379	-0.026295	-0.079308	-0.058802	-0.158834	0.028358	-0.073646	0.066879	0.032287	-0.056117	-0.092672
0.148570	-0.102824	0.043949	0.119002	-0.001108	0.015482	0.028825	-0.132915	0.126997	0.032989	-0.001699	0.042216	0.099775	-0.002576	-0.007841	-0.006700	0.015272	0.225202	0.186783	0.000743	0.084050	-0.019366	-0.084129	0.053654	-0.143191	0.154163	0.012436	-0.021867	-0.050712	-0.065250	0.087310	-0.123636	0.118341	0.015276	-0.042286	0.015845	0.016454	0.021316	0.104671	0.086282	0.022910	-0.085558	0.004306	0.081001	0.089376	0.017527	0.148511	0.002852	0.130213	0.051835	0.022989	-0.088102	0.040778	-0.028697	0.066539	-0.092352	0.100235	0.007717	0.143369	-0.081493	0.074890	0.020438	0.046347	0.118345	-0.055175	0.072191	0.142160	-0.034836	0.077292	0.110290	-0.084951	0.036761	-0.019378	0.254331	0.079598	-0.050889	0.040027	-0.141688	0.047417	-0.139470	0.220149	-0.087448	-0.069848	0.112991	-0.171468	-0.016375	0.188633	-0.105844	-0.010695	0.027620	-0.356394	-0.035762	0.100270	-0.007049	-0.089340	-0.018448	0.103311	0.233409	-0.063506	-0.042288
0.268937	-0.014548	0.059307	0.111160	-0.070637	0.185052	0.014038	-0.063794	0.003104	-0.073151	0.055236	0.156848	0.001601	0.096791	0.068248	0.050949	-0.147907	-0.007934	0.065402	-0.089408	0.226860	-0.129688	0.066212	0.000035	-0.001934	0.106792	0.030591	-0.002713	-0.024922	-0.163783	0.018446	-0.008776	0.021222	-0.222334	-0.092702	0.132061	-0.051290	0.019500	0.039039	0.086528	-0.035562	-0.003643	-0.070025	-0.037340	0.099164	0.008953	0.015938	0.018835	-0.062851	-0.130417	-0.018896	-0.098391	-0.099632	-0.053201	0.019418	-0.254912	-0.102770	-0.146981	0.068567	-0.080047	0.119704	-0.156213	-0.038193	0.051839	0.047421	-0.094325	0.025109	0.094057	-0.000690	0.150083	-0.112580	-0.035163	0.174516	0.049253	-0.040882	0.170698	-0.049371	-0.070639	-0.073768	0.041354	0.306492	-0.039494	-0.009605	0.025609	-0.103413	-0.127689	-0.080325	0.128556	0.113857	0.072167	0.041825	-0.097586	-0.006062	-0.054030	0.045029	0.105790	0.078958	-0.003252	-0.008279	-0.191234
0.099653	0.133348	0.082692	-0.029694	-0.085751	0.212770	0.020268	0.021017	0.062737	-0.170966	-0.080954	0.155287	0.119569	0.115718	-0.124659	0.178709	-0.017832	-0.069187	-0.017493	0.151071	0.179277	0.074267	0.009310	0.048302	0.095953	0.232904	-0.119763	0.016834	-0.044356	0.020652	-0.064748	0.055076	0.030023	-0.065568	0.001198	-0.071515	-0.099703	-0.025320	-0.036600	-0.023761	0.104283	-0.106551	0.130424	-0.140465	-0.007915	-0.157111	0.077870	-0.074613	-0.026502	-0.053535	0.025084	-0.084496	0.026591	-0.140486	0.018849	-0.165022	-0.028451	-0.116256	0.191436	-0.056242	0.165583	-0.108712	-0.016847	0.075083	0.054889	-0.148235	-0.006683	-0.180972	0.080149	-0.011104	-0.091556	-0.122202	0.040215	-0.008777	-0.045007	-0.018684	0.073858	-0.131612	0.134859	-0.019724	0.108367	0.103552	0.069731	0.023855	-0.143055	-0.084706	0.065003	-0.110266	-0.060459	-0.054355	0.121548	0.156113	-0.172342	-0.025136	0.173128	0.129162	0.050901	0.066396	0.009074	-0.066808
0.078475	0.059026	-0.014597	-0.017349	-0.092277	-0.015360	0.137566	-0.012976	0.119434	-0.069642	-0.084291	0.136669	0.037559	0.097337	-0.086977	0.079889	0.037680	-0.209279	0.099066	0.041196	0.046129	0.117823	0.096056	0.045668	0.151107	0.183873	-0.044202	0.110719	-0.025003	-0.018950	-0.020211	-0.185234	0.100116	0.003707	0.148195	-0.034221	0.049932	-0.042510	0.021985	-0.194339	0.055486	0.028843	0.118952	-0.170762	0.039261	-0.042815	0.094530	0.038232	-0.057703	0.013128	0.205627	-0.228274	0.127859	-0.136654	0.153137	-0.019475	-0.101246	-0.124639	0.232006	0.163777	0.084481	-0.065252	-0.009333	-0.048472	-0.061384	0.031136	0.080484	-0.056099	-0.028658	-0.088802	0.039756	-0.022117	0.106315	-0.090034	-0.074811	0.171889	0.075009	-0.020633	0.002009	-0.006211	0.177649	-0.015185	-0.015419	-0.046433	-0.147894	-0.148412	0.122243	-0.035391	0.059342	0.072227	-0.022425	-0.041498	-0.261766	0.000393	0.071966	0.069377	0.078910	0.067398	0.076764	-0.041610
0.165166	0.056768	0.080139	-0.012658	0.064484	-0.071618	-0.068415	-0.028130	0.040470	-0.159924	-0.006265	0.030445	-0.046763	0.146825	0.025108	-0.061281	-0.029106	-0.091958	-0.007580	-0.188903	-0.054058	0.017417	0.089360	0.085770	0.110384	0.041450	-0.204091	-0.004421	-0.143283	-0.138470	-0.095178	-0.122417	0.239079	-0.083515	-0.113887	0.058129	0.087772	-0.116477	0.027707	0.013672	0.038040	0.020021	-0.066096	0.086995	-0.037432	0.078603	0.197297	0.112946	0.024018	-0.115408	0.102945	0.055762	0.052801	-0.045359	0.038802	-0.097006	-0.172654	-0.124200	0.111141	0.124508	0.030812	-0.313685	-0.005736	0.162811	0.111130	0.136553	-0.001583	0.008839	-0.146862	-0.111756	0.130944	-0.096924	-0.045265	-0.059925	0.068968	0.148366	0.044975	-0.081277	-0.183196	0.044670	0.044786	0.020482	0.125196	0.111208	-0.118754	-0.126052	0.132810	0.026475	-0.037851	-0.090180	0.033925	0.011696	0.133368	-0.025711	-0.027016	-0.010061	0.105528	-0.036034	0.020050	-0.027852
0.162261	0.115305	-0.031749	0.100413	0.229293	0.072202	0.005451	0.010438	0.180201	-0.053781	-0.004314	0.019052	0.031739	0.302241	-0.167671	-0.059172	0.109439	0.036199	0.111004	-0.108079	-0.036230	0.016759	0.284463	0.130043	0.098431	-0.087070	-0.033102	-0.068316	-0.070171	0.077752	-0.127014	0.003751	0.101770	-0.038599	0.162380	-0.016125	0.029904	-0.078934	0.161360	-0.131358	0.120580	-0.145001	0.160978	-0.000172	-0.059425	0.009888	0.016598	0.031395	0.030809	-0.062104	0.212017	-0.208447	0.071091	-0.042321	0.120194	-0.016721	-0.055799	0.033322	0.030057	0.043805	-0.036942	-0.060668	-0.018786	0.054753	0.030730	0.120816	0.180871	0.091014	0.026595	0.072783	0.032759	-0.008071	0.005068	-0.049254	-0.027798	0.085250	0.153808	-0.197543	-0.093102	0.034002	0.036192	-0.051852	0.168702	0.091644	-0.039972	-0.026375	0.087061	0.030377	-0.007321	-0.090320	-0.024063	-0.063198	-0.117439	-0.008546	-0.143671	-0.032244	0.092011	0.055349	-0.007822	0.032318
0.007309	-0.089712	-0.044126	-0.034314	-0.049871	0.031137	-0.113702	-0.064950	0.014081	-0.009590	0.082109	0.059785	0.026183	0.099957	0.020014	0.055380	0.000667	0.084145	0.032703	0.191309	0.132217	0.060701	0.085832	0.028966	0.055516	0.032617	0.115441	0.134732	0.080760	-0.001898	0.104747	-0.054199	0.131267	-0.107959	-0.028835	0.067970	-0.114397	-0.074459	0.083121	0.159020	0.139834	-0.141235	0.061538	0.011855	-0.086502	-0.010817	-0.066025	0.020394	-0.076484	-0.187158	0.005903	-0.002125	-0.086975	-0.151229	0.041389	-0.090148	0.033829	0.082700	0.068042	-0.007893	-0.042772	-0.152480	-0.006534	-0.106044	-0.031291	0.048415	0.009289	-0.127101	0.029844	0.184164	-0.130686	0.091053	-0.032405	0.043953	-0.133963	0.094751	-0.099216	-0.050060	0.048329	-0.112710	0.138678	-0.109685	-0.042018	0.294373	-0.222946	-0.093164	0.145708	-0.014380	-0.109132	-0.080054	-0.313581	0.050849	-0.094802	-0.002396	0.109981	-0.091424	0.045581	0.217732	0.063560	0.057317
0.085386	-0.147174	-0.077727	-0.043222	0.099650	0.063223	-0.082123	-0.024104	0.032383	-0.164190	-0.049042	0.221524	-0.042240	0.177846	-0.098108	-0.114875	0.050590	-0.132079	-0.118243	0.096751	0.062014	0.110938	0.156498	-0.027227	-0.034075	0.194618	-0.052854	-0.032374	-0.051947	-0.008360	-0.105716	-0.022340	0.068754	0.118522	-0.025829	0.020814	0.166301	0.126341	-0.080575	-0.136306	0.176629	0.070637	-0.030831	0.008238	-0.046872	-0.118571	-0.009886	0.128016	0.004977	-0.159981	0.007414	0.064082	0.078701	-0.016624	0.048292	-0.077133	-0.022701	-0.042844	0.164186	-0.044510	-0.089470	-0.132795	0.041489	0.000267	-0.007565	0.067151	0.198566	-0.052332	0.064122	0.095797	0.006847	0.118609	0.021925	0.036904	-0.087854	0.009149	0.016259	0.020655	0.013442	-0.181971	0.201454	-0.019662	0.125519	0.191756	-0.190494	-0.015831	-0.053684	0.005828	0.003651	-0.118916	-0.193315	-0.043461	0.061533	-0.235181	0.050489	-0.129652	0.129573	-0.000636	0.031849	0.045044
0.183668	-0.041826	-0.040927	0.068098	0.063636	0.039677	-0.085453	-0.043039	0.016495	-0.168438	-0.140234	-0.007700	0.039774	0.038507	0.001652	0.030601	0.071250	0.039630	-0.033980	0.031999	0.058399	-0.044044	0.184295	0.044809	0.003478	0.056859	0.077348	-0.121699	-0.058379	-0.114415	-0.115107	-0.069969	0.109197	0.021979	-0.002556	-0.003104	-0.007700	-0.188717	0.085730	0.044505	0.164655	-0.032693	0.076649	0.053615	-0.041551	0.032241	-0.034846	-0.029169	0.030549	-0.092140	-0.025811	-0.107900	-0.050976	-0.057955	0.028522	-0.241319	-0.097291	0.000946	0.141803	0.074604	0.008384	-0.063818	0.030926	0.011650	0.087847	0.062351	0.062141	-0.023841	-0.148122	0.090433	-0.043919	0.082552	0.028562	0.142922	-0.120070	0.141391	0.042714	-0.238770	0.223617	-0.068621	0.135032	-0.047667	-0.075057	0.109887	-0.164468	-0.092261	0.187478	-0.031623	0.081094	-0.102030	-0.235735	0.066636	0.133252	0.027623	0.093095	-0.144790	0.279634	0.040250	0.120227	0.049837
0.140080	-0.119763	-0.087825	-0.015761	-0.034043	0.084439	0.148592	0.003579	0.132361	-0.080429	-0.064916	0.094669	-0.025717	0.174961	0.076248	0.026203	-0.005622	-0.200704	0.101260	0.081155	0.128301	-0.048370	0.154953	0.091054	0.089211	0.232319	-0.023836	0.052397	-0.041772	0.059964	-0.060261	-0.053308	-0.119520	0.008219	-0.003115	-0.082287	-0.067994	-0.090646	-0.097745	0.152949	0.066366	0.056327	0.032965	0.172777	0.118497	0.099420	0.048672	0.158196	-0.006439	-0.067257	0.052824	-0.150519	0.034439	0.022278	-0.122654	0.087453	-0.122702	-0.168543	0.082797	0.055453	0.111571	-0.076604	0.150191	0.050049	0.062158	0.049184	-0.066284	0.091073	-0.038540	-0.088572	-0.158374	-0.107044	-0.044611	-0.044165	0.008296	-0.090304	0.020512	-0.112732	-0.126196	-0.048054	0.091360	-0.215606	-0.181615	-0.029116	-0.147767	-0.022779	0.080660	0.122852	-0.005263	-0.045963	0.177593	0.114037	0.102747	-0.103282	0.149674	-0.013501	0.061729	0.041766	0.073276	-0.130848
0.093395	-0.162976	0.008651	-0.051950	-0.067555	0.026722	-0.054081	0.105586	0.186037	0.032160	-0.065400	0.038024	-0.066131	0.229074	0.009326	-0.033601	0.019493	-0.115356	0.084342	0.165242	0.105489	-0.063038	0.242103	-0.016574	-0.032566	0.050591	-0.110635	0.143004	0.031245	0.120422	-0.041408	-0.032347	0.060964	-0.018868	-0.143128	-0.005071	-0.006101	-0.170064	0.053460	0.116840	0.062717	-0.063121	-0.079295	0.085113	0.103896	0.036171	0.079043	0.190960	-0.084309	-0.144192	0.202664	-0.068479	-0.100100	-0.065829	-0.154405	-0.113530	-0.033815	-0.045488	0.029266	-0.014200	0.004532	-0.115143	0.042072	-0.055761	-0.017375	0.178009	-0.130129	0.152405	-0.002873	-0.049583	-0.078901	0.126714	0.117798	-0.081796	0.020466	-0.029968	-0.049136	-0.089848	-0.078637	-0.075136	0.273154	-0.147339	-0.120297	0.078407	-0.048339	0.019503	0.041460	0.027866	-0.025175	0.061516	-0.022921	0.153552	-0.050560	-0.088298	0.219353	-0.096981	-0.057495	-0.079039	0.015956	-0.059739
0.208945	0.055591	-0.008792	-0.013445	0.088066	0.187598	-0.141300	-0.009589	0.093396	-0.088489	0.127889	-0.130056	-0.162886	0.209819	0.005482	-0.063485	0.138275	0.028858	-0.093994	-0.013383	0.032859	0.035995	0.099930	-0.162659	0.100743	-0.047583	-0.028579	-0.027651	-0.086131	0.013631	0.012724	-0.129293	0.185891	-0.125594	-0.084044	0.102834	0.141846	-0.040804	0.183607	0.065509	0.063339	0.033954	-0.013774	-0.079778	0.173669	-0.035700	0.094736	-0.005028	-0.026594	-0.228137	0.072132	0.031652	0.112409	-0.058291	0.039928	-0.139581	0.042183	-0.140223	0.119513	0.072973	0.016948	-0.126253	0.039132	0.009189	-0.011692	0.105921	0.043478	0.096565	-0.031869	-0.026478	0.000954	0.011725	0.084531	0.010298	0.072046	-0.000376	0.093303	-0.251961	0.143465	0.059414	0.220725	-0.018232	0.239420	0.089884	0.051761	-0.016365	0.128475	0.034758	0.005537	-0.064206	0.118310	-0.020303	-0.150357	0.020202	-0.037409	0.004443	-0.084972	0.062747	0.036332	0.025541
-0.077791	-0.072596	0.047209	0.087913	-0.063434	-0.064374	0.068373	-0.052908	0.105773	0.014203	0.070232	0.096320	0.032074	0.123264	0.071762	0.160793	-0.023002	-0.163060	0.156440	0.182917	0.136197	0.002049	-0.147887	0.014287	-0.095964	0.162340	0.043515	0.096184	0.250273	-0.015796	-0.006351	0.129571	0.024873	0.133817	0.224278	0.072611	-0.075995	-0.111444	-0.089861	0.144920	-0.107753	0.058624	0.137216	-0.128333	-0.124076	-0.025187	-0.049482	0.213577	0.143902	0.076956	0.079415	-0.046897	0.058271	-0.026266	-0.058475	-0.004103	0.046624	0.048947	-0.028222	0.017647	-0.011388	-0.068725	0.089567	-0.008280	-0.019594	0.004815	-0.028672	0.170057	-0.010514	0.107222	-0.118572	0.041522	-0.188209	0.143697	0.162832	0.172416	0.014029	-0.053592	0.103706	0.036134	0.086798	-0.081682	-0.006720	-0.031985	-0.035352	-0.247353	-0.093232	-0.127857	-0.022743	0.024579	-0.080160	0.077282	-0.055223	-0.108066	0.045199	-0.096252	-0.060074	0.039802	0.063626	0.067365
-0.061618	-0.060663	0.030655	-0.003305	-0.072714	0.012171	0.046849	-0.007022	0.007142	-0.041511	0.087977	0.069215	-0.026936	0.079957	0.155293	-0.030107	-0.046567	-0.274225	-0.066086	0.027747	-0.038664	-0.024191	0.054394	0.062381	-0.089640	0.062290	0.206729	0.129547	0.094923	-0.019538	0.024228	-0.072319	0.068073	0.106714	0.189206	0.100621	0.064934	-0.193340	-0.086790	0.073323	-0.171299	-0.008037	0.118441	-0.106424	-0.169912	-0.004165	0.065991	-0.013652	0.142984	-0.010008	-0.047120	-0.095750	0.115514	-0.186018	0.038268	-0.031085	-0.120163	-0.037153	-0.005439	-0.148316	0.092538	0.011061	0.058095	-0.133554	0.077631	0.079315	-0.084757	-0.075881	-0.076167	0.097810	-0.080245	-0.128280	-0.160037	0.036055	0.220855	0.033008	-0.146201	0.118928	0.044666	-0.018985	0.124940	0.092482	-0.028530	-0.028604	-0.108947	-0.140166	-0.116246	-0.200304	-0.192649	0.030615	-0.166532	0.136346	0.107158	0.087321	0.017129	0.018525	0.040599	0.089990	0.041068	0.000228
-0.099526	0.091473	-0.022100	0.215364	-0.114641	0.124003	0.100255	0.012274	0.027574	0.070261	0.096809	0.072689	-0.114595	0.087846	0.139458	0.062829	-0.102162	-0.231939	-0.064066	-0.006939	0.080485	-0.188496	0.102257	-0.072351	-0.045368	0.126646	-0.143307	0.049035	0.062940	0.120360	0.091941	0.035487	-0.019157	-0.076499	0.047644	0.022929	-0.141444	-0.088238	-0.014637	0.078093	-0.189967	0.060327	0.139549	-0.036424	0.090647	0.013498	0.085953	0.014695	-0.010676	0.012026	-0.039141	-0.097018	-0.023017	-0.140245	0.185574	-0.234220	-0.083909	-0.110269	0.122721	-0.071499	-0.013364	-0.041256	-0.076470	0.058534	-0.068523	0.105884	0.127597	-0.050096	-0.102264	0.025750	-0.143916	0.031024	0.011147	0.096619	0.061902	0.067129	-0.082712	-0.167498	0.062873	-0.107813	-0.167142	0.066322	-0.014811	-0.108157	-0.082699	0.007680	-0.010628	-0.016780	-0.188273	0.001239	-0.041035	0.016239	0.126459	-0.089286	0.139646	-0.028495	-0.025424	0.107328	-0.250722	0.037011
-0.124350	0.129492	0.022337	0.113319	0.048771	0.175990	0.150565	-0.084160	0.014581	-0.013156	0.050414	0.007585	-0.058939	0.057196	-0.056849	0.119172	0.003588	-0.227186	-0.020509	-0.026936	0.068992	-0.164409	-0.063418	0.100583	-0.041706	0.163735	-0.110301	0.246182	0.124425	0.183598	0.263945	0.022101	-0.045375	0.057895	0.114193	0.058431	-0.037798	0.070176	-0.076427	0.204575	-0.198451	0.052501	0.251711	0.068848	-0.011934	-0.067130	-0.059514	0.062618	0.118020	0.096669	-0.107080	-0.125547	-0.064960	-0.136120	0.124002	-0.019219	0.043223	-0.026516	-0.000043	-0.055164	0.159169	-0.039950	-0.002501	-0.160181	0.163209	0.084954	0.078002	0.089551	0.006361	0.131668	-0.015080	0.001437	-0.026835	0.022212	0.172628	0.006273	-0.067921	-0.138615	-0.036330	0.081508	-0.036066	-0.026172	-0.088240	0.002950	-0.063694	-0.109621	-0.020666	-0.073413	-0.036251	-0.089634	0.032784	0.109412	-0.009638	-0.061438	0.075565	0.026208	0.009251	0.069469	-0.014880	-0.038179
0.083278	0.152383	0.035940	-0.032736	0.042291	0.065753	-0.011264	0.071183	0.077832	-0.105026	0.073386	-0.055214	-0.084761	0.233318	-0.062448	0.047159	0.019464	-0.220402	-0.070335	0.054628	0.056777	0.082309	-0.140126	0.046628	-0.058972	0.088166	-0.057423	0.112129	0.184159	0.110032	-0.062113	-0.000195	-0.008948	0.264001	0.079125	0.185008	0.093549	-0.137327	-0.016273	-0.034718	-0.108392	-0.033273	0.058674	-0.104066	-0.070144	-0.040855	0.051718	0.230117	0.162663	-0.182305	-0.052872	0.136001	0.087458	-0.060673	0.036112	-0.179566	0.004591	0.152764	-0.010961	-0.023619	-0.029733	-0.059249	0.117379	0.093302	-0.000959	0.060972	0.130593	-0.016172	0.018906	0.044313	-0.070271	-0.062802	-0.173094	-0.195478	0.147623	0.145493	0.052566	0.060590	-0.061216	-0.069995	0.029921	-0.016802	-0.082526	-0.008532	0.019795	-0.134334	-0.036827	-0.047347	-0.013811	-0.023906	-0.148787	0.019899	-0.078942	-0.145400	0.131666	-0.080589	0.160778	0.009409	0.038399	0.035778
-0.047901	0.065389	-0.007298	-0.069612	-0.003148	-0.057121	-0.006255	-0.091765	-0.045371	0.015219	0.019192	-0.006728	0.134988	0.273987	-0.067344	0.209101	-0.017246	-0.122632	-0.201196	-0.025109	0.118359	0.000267	0.127061	0.005864	0.094683	0.045462	-0.011742	0.228146	0.055850	-0.045443	-0.201054	0.068953	-0.075097	0.013275	0.055068	0.111977	-0.029984	-0.204602	0.095484	-0.021436	-0.147211	-0.006007	0.039379	-0.007710	0.020489	-0.140356	0.072130	0.029544	0.038344	0.027104	-0.082737	-0.130677	0.078694	-0.035260	0.048516	-0.057297	-0.235239	-0.077962	-0.052951	-0.073805	0.101909	-0.079025	-0.118184	0.038889	-0.148551	-0.058774	-0.012503	-0.073843	0.020167	0.115783	0.134752	-0.222759	-0.214283	-0.023587	0.021645	0.108875	-0.048422	0.131806	0.005601	-0.041150	0.017944	0.036497	-0.158375	-0.035683	-0.043487	-0.054951	-0.041265	-0.107365	-0.033927	-0.178057	-0.079506	0.124483	0.101984	-0.187973	0.087788	0.028803	0.082653	0.014276	0.108118	-0.036550
-0.210816	0.081058	0.085406	-0.076731	-0.030976	0.066779	-0.082165	-0.050837	-0.099251	-0.033127	0.051118	0.068188	-0.088696	0.090869	-0.002311	-0.012917	-0.043958	-0.081511	0.018159	0.064999	0.174339	0.024770	-0.125263	-0.039586	-0.012862	0.201157	-0.093832	0.096563	0.157844	-0.012536	0.028749	0.125966	0.077435	0.148171	0.051311	-0.004673	-0.037579	-0.115853	-0.051386	0.072263	-0.052163	-0.054510	-0.021569	-0.075550	-0.027350	-0.039349	0.031116	0.123252	0.048513	0.040897	-0.085078	-0.044539	-0.118909	-0.102430	0.034113	0.063330	0.053929	-0.122967	0.007012	-0.158422	0.136008	0.012358	-0.039568	-0.161267	-0.012874	0.282764	0.004563	0.041606	-0.001840	0.127287	0.116576	-0.117264	-0.056585	-0.032108	0.068482	0.083078	-0.056870	-0.044553	-0.099906	0.045720	0.078466	0.161159	-0.138501	-0.101582	-0.155434	-0.181181	-0.166084	-0.197198	0.053406	-0.103574	-0.171969	0.205225	0.015563	-0.135238	0.178034	0.036793	0.160193	0.007128	0.048431	-0.003737
-0.001114	0.042261	-0.105504	-0.056910	-0.099286	0.053135	-0.035100	0.010877	0.111274	0.074584	-0.005744	0.146654	-0.019007	0.136136	0.046411	-0.030898	-0.175924	-0.117432	0.061288	0.020527	0.228946	-0.121018	0.039127	0.082452	0.037105	0.054345	0.113960	0.111361	-0.018436	0.122555	-0.095501	0.086650	-0.037332	-0.008111	-0.078126	0.081614	0.040340	-0.111379	-0.153854	0.164581	-0.045025	-0.015280	-0.159009	0.040647	0.039739	-0.147484	0.181350	0.112546	-0.077064	-0.086177	-0.027822	-0.052091	-0.088734	-0.211819	0.023291	-0.095879	-0.176585	-0.033989	0.028641	-0.049161	0.041692	-0.058552	-0.049226	0.039473	-0.127210	0.026671	-0.073153	0.117924	-0.037938	0.173869	-0.026334	-0.044026	0.062878	-0.126676	0.017752	0.189611	-0.202862	-0.051140	-0.007665	-0.205521	0.126377	-0.045948	-0.181853	-0.069438	-0.153510	-0.263352	-0.014419	0.009246	-0.004340	-0.146859	-0.021996	-0.078359	0.142687	-0.049544	0.035080	0.015043	-0.021909	-0.051484	0.040197	-0.044263
0.016825	0.182552	-0.024558	0.020804	-0.074028	0.088290	0.072340	-0.081993	0.137270	-0.139263	0.034257	0.030950	0.039986	0.208754	0.169742	-0.042104	-0.009913	-0.014384	-0.128577	-0.042222	0.100720	-0.039922	-0.204515	-0.076934	-0.077205	-0.090801	0.100594	0.135331	0.107533	0.039357	-0.010184	-0.006850	0.107360	0.051264	0.159771	0.046513	0.122266	-0.102483	0.057629	0.093533	-0.060390	-0.071274	-0.004591	0.261812	0.023393	-0.010933	-0.008812	0.067953	0.081415	-0.001490	-0.135190	0.001222	0.168038	-0.167890	0.152311	-0.081557	0.006058	-0.059536	0.077578	-0.011524	-0.025970	-0.148379	-0.020504	0.067223	-0.038725	0.026554	0.087519	0.088748	-0.128510	0.063575	0.045876	-0.051746	-0.154714	-0.062844	0.212158	-0.064805	-0.100329	0.023945	0.060794	-0.050728	-0.096162	0.126466	-0.009568	-0.093869	-0.001632	-0.100166	-0.249698	-0.075247	0.177298	0.056322	-0.018253	0.071183	0.232783	0.013203	0.068875	-0.080801	-0.007459	-0.004536	-0.153274	0.030589
0.051360	-0.034246	-0.069056	0.122904	-0.020128	-0.053190	-0.024353	0.038820	0.195223	-0.071931	0.052909	0.002417	0.149457	0.147784	-0.014635	0.115905	0.078708	-0.055785	0.089694	-0.120799	0.095348	-0.182671	-0.026171	0.076700	0.100868	-0.176206	0.059405	0.083199	-0.065253	0.087138	-0.065688	0.124008	-0.048230	-0.059165	0.200521	-0.080628	-0.027276	-0.273768	-0.105937	0.156669	0.072880	-0.105571	0.223318	0.183727	-0.114430	0.068690	0.203652	0.113261	0.116625	-0.026429	0.057012	0.036081	0.082460	0.005206	-0.044319	-0.094873	0.038724	-0.026779	-0.010425	0.085657	0.055669	-0.191872	-0.002768	0.115204	0.060664	-0.023354	0.001712	0.029190	-0.027155	-0.039068	-0.219610	-0.066701	-0.064098	-0.154044	0.038074	0.106275	-0.136294	0.006470	-0.010367	0.036301	0.009772	0.063778	-0.078329	-0.022668	-0.062360	0.075149	0.015278	-0.019931	-0.023885	-0.026588	-0.025795	0.158569	0.109723	-0.142042	-0.081358	-0.129228	0.129737	-0.135893	-0.048236	-0.072844
0.109973	-0.033077	0.008851	0.149204	0.037836	0.267042	0.031894	0.143829	-0.003192	-0.065205	0.071951	-0.102893	-0.003526	0.229905	0.033186	-0.030278	0.000518	-0.162515	-0.119599	-0.060170	0.022873	0.060618	-0.010826	-0.072937	-0.079066	-0.096965	-0.130645	0.147502	-0.037507	0.043841	0.020166	-0.075970	-0.013362	0.004086	0.061997	0.081278	0.084126	0.076846	0.094680	0.035342	-0.051736	0.085730	0.086881	0.080747	0.133799	-0.046813	0.152683	0.018830	-0.025029	0.122069	0.024297	-0.143398	0.079732	-0.150966	0.015967	-0.036426	0.160345	-0.104154	-0.082238	0.075236	0.038169	-0.056647	-0.100182	-0.185573	0.028815	0.166505	0.055386	-0.035900	-0.198710	-0.051473	-0.076564	0.098090	0.018247	0.011700	0.164871	0.035710	-0.130273	-0.107830	0.176182	-0.087328	0.008317	-0.155736	-0.101270	0.091832	0.063437	-0.131983	0.068191	0.221007	-0.123442	-0.013068	-0.013051	-0.097710	0.111607	-0.013193	0.046865	-0.000439	-0.217050	0.061998	-0.113270	0.038966
0.042509	0.026329	0.067089	0.156580	-0.052605	0.123112	0.108308	0.100644	0.095521	-0.076133	0.025028	-0.095693	0.037508	0.221769	-0.084120	0.026526	0.022037	-0.125816	-0.045468	-0.033868	0.070371	0.016809	-0.117605	0.107831	-0.151490	0.013312	-0.209948	0.085223	0.010816	0.202774	-0.040572	0.097805	0.015530	0.079625	0.082898	-0.046746	-0.201308	-0.083951	0.019735	0.010568	-0.175547	-0.105695	0.056574	-0.106779	0.098141	-0.052331	0.031756	0.051039	-0.140605	0.067609	0.017755	-0.019694	-0.088472	-0.169819	0.041330	-0.052415	0.042744	-0.155845	-0.001989	0.053804	0.014673	-0.121578	-0.098008	-0.189930	0.003516	0.087210	-0.007727	0.067302	-0.101359	-0.021947	0.055100	-0.155445	-0.107792	0.034357	0.225227	-0.077524	-0.102770	-0.255866	-0.065364	0.016107	0.042574	0.011159	-0.037980	-0.001296	-0.154867	-0.089376	0.004262	0.036332	-0.105448	-0.009795	-0.032020	-0.023422	0.078870	0.077629	-0.028227	0.143619	-0.249961	0.165734	-0.054220	-0.007087
0.052180	0.037100	0.005014	0.169023	0.139545	0.140674	0.045367	-0.025585	-0.040509	-0.171262	-0.031603	-0.097202	-0.032663	0.183109	0.113985	-0.007252	0.137607	-0.225121	0.018189	0.007680	0.160877	-0.093710	-0.092734	-0.027300	0.003255	0.077732	-0.178399	0.133216	0.065295	0.073576	0.088998	-0.106772	0.013188	0.044091	-0.001216	0.048565	-0.046370	0.052105	-0.043350	0.121646	-0.123656	0.071652	0.124386	-0.071079	0.065429	0.157195	0.220927	-0.085039	-0.002723	0.038290	-0.042639	0.028608	0.019981	0.025183	-0.014551	0.036491	0.105864	0.042817	-0.010286	0.063482	0.161419	-0.157953	0.143310	-0.058379	-0.019066	-0.028583	0.001648	0.074781	-0.219057	-0.010572	-0.048233	-0.022633	-0.101178	-0.128403	0.217031	-0.036881	-0.013058	-0.016284	-0.143800	0.195101	0.113593	-0.164786	-0.082786	-0.104661	0.068812	-0.138070	0.015135	-0.115169	-0.165401	-0.168095	-0.135626	0.111734	0.039414	-0.021866	-0.073240	-0.046058	0.013630	-0.025986	-0.032884	-0.040459
-0.071558	0.038901	0.044294	-0.106310	0.013607	-0.032882	-0.151261	0.049967	0.135921	-0.010175	-0.007473	-0.078042	0.024975	0.245333	-0.127359	0.011293	-0.072474	-0.049448	-0.004764	0.114229	0.104354	0.121831	-0.013865	-0.022261	-0.142879	0.081253	0.063898	0.116711	0.089181	0.111080	0.089431	-0.005079	0.197107	0.053197	-0.083546	0.172663	0.023265	-0.162555	-0.040677	0.019028	-0.025954	-0.172563	-0.051606	-0.049367	-0.171693	-0.154087	0.164931	0.250550	0.047040	-0.027178	0.059342	0.076467	0.038129	-0.148638	-0.015715	-0.100211	-0.061291	0.108563	-0.029567	0.011832	-0.192234	0.027625	-0.115966	-0.099143	-0.109614	-0.025715	0.021361	-0.000524	-0.130530	0.069241	0.048023	-0.143854	-0.110970	0.068300	0.187681	0.080424	-0.073276	-0.152691	-0.184131	0.003086	0.087283	0.035491	0.023197	-0.017952	-0.153578	0.008120	-0.035212	-0.037068	0.107343	-0.080745	-0.108191	0.231155	0.051275	-0.081582	-0.036124	0.002358	-0.096239	0.039746	0.039733	-0.001136
-0.079148	-0.123431	0.142382	-0.014266	-0.063745	0.127581	0.123636	-0.079771	-0.002785	-0.114113	0.086512	-0.150061	-0.102748	0.080998	0.063730	-0.022824	0.128823	-0.121854	0.001991	-0.041352	-0.009427	0.122696	-0.053965	-0.006919	0.043760	0.022176	0.025580	-0.046450	0.147696	0.187542	0.183455	-0.009296	-0.030625	0.007927	0.035217	-0.068521	-0.065216	-0.066811	0.021472	0.103780	-0.116960	0.216902	-0.010476	-0.168416	-0.120570	0.142614	-0.023505	0.027429	-0.083673	-0.165264	0.012864	-0.053693	0.046009	0.085811	0.095457	0.077271	-0.105360	0.042489	0.125068	-0.052765	-0.007798	0.028502	0.009232	-0.011890	0.001176	0.101769	0.131869	0.042231	-0.192521	-0.041270	-0.147979	0.121097	-0.028332	0.071766	0.175503	-0.039886	0.110956	-0.231318	-0.056832	0.298105	0.108891	-0.079262	0.027197	-0.007599	0.010040	-0.030192	-0.040872	0.010603	0.034970	0.030299	0.033185	-0.064318	-0.040727	0.061988	-0.038018	-0.044514	0.045119	0.143647	-0.208358	-0.228532
-0.080743	0.014253	0.087976	0.226818	-0.046861	0.060844	-0.004099	0.122148	-0.013628	-0.007288	-0.080616	-0.044028	-0.051479	0.066943	-0.107121	-0.035820	-0.052060	-0.027520	0.044590	-0.128766	0.184570	0.175979	0.029267	0.190527	-0.061599	0.040595	-0.055679	0.022712	0.029286	0.130525	0.077042	0.101525	-0.016974	0.073860	-0.198378	0.109512	0.167456	-0.056927	-0.064961	0.015691	-0.182338	-0.004754	-0.020779	-0.107091	-0.013459	0.043375	0.143308	0.063691	0.147688	-0.139725	-0.130768	0.007417	-0.023747	-0.051156	0.071538	0.056826	-0.040236	0.137918	0.033592	-0.126479	-0.000356	0.172566	0.083626	0.185845	0.072888	0.157180	0.104118	0.035674	-0.114933	0.086060	-0.145792	0.007544	-0.261937	0.057785	0.088405	0.077530	0.123980	-0.093563	-0.168067	-0.044731	0.182598	0.032487	-0.134096	-0.010004	-0.007655	-0.007504	-0.034525	0.007922	0.024966	-0.003252	0.026493	0.103742	-0.060228	-0.090090	-0.075625	0.100315	-0.003648	-0.102597	-0.074172	-0.199464
-0.114983	-0.023344	0.091378	0.055926	-0.013731	-0.015041	0.138332	-0.028992	0.135033	-0.161773	0.112767	0.023532	-0.101276	0.250852	-0.117987	0.004159	0.082279	-0.065360	0.036252	-0.052079	0.070312	0.196296	-0.011379	0.080499	0.113904	-0.121802	0.130562	0.002308	0.064773	0.052015	0.070652	-0.002570	-0.008120	0.185501	0.078339	0.084322	0.165471	-0.033510	0.057149	-0.068149	-0.038901	-0.006350	-0.085906	-0.220421	0.027239	0.026172	0.058098	0.030564	-0.020850	-0.151467	-0.153150	-0.010247	-0.029760	-0.003038	0.173972	0.016532	0.006285	0.078593	0.016607	-0.036656	-0.082018	0.013446	-0.056672	0.141688	0.033493	-0.011656	0.091377	-0.135816	-0.064447	0.137039	0.006469	0.097620	-0.163848	0.306316	0.159432	-0.030412	0.222640	-0.170712	-0.140972	0.104757	-0.044635	0.133944	-0.041665	0.049566	-0.073315	0.018364	-0.122119	-0.004010	-0.029044	0.023020	0.004662	-0.084179	-0.176298	-0.032347	-0.006326	0.030472	-0.055656	0.076772	-0.093025	-0.052287
0.008396	0.114057	0.127148	0.005832	-0.051642	0.020584	-0.000580	0.079172	-0.055057	0.023069	-0.051493	0.054561	-0.044158	-0.115960	0.020187	0.140741	-0.040848	0.092122	-0.029313	0.146198	0.101522	-0.085595	-0.154859	-0.086046	0.027305	0.002689	-0.122294	0.110772	0.159748	0.110328	0.036146	0.168861	0.036116	0.039212	-0.080975	0.102444	0.090837	-0.145516	0.075079	0.244453	0.002900	0.064366	-0.046351	0.148842	0.057872	0.149820	0.017361	0.034401	0.035187	0.002230	-0.019821	0.008516	-0.042158	-0.234100	0.111813	-0.029875	-0.105359	-0.161862	-0.041708	0.123068	0.020045	-0.028363	-0.054587	-0.011259	0.056457	0.055308	0.136953	0.161842	-0.107561	0.168718	0.089818	0.053970	-0.100299	0.074474	0.055719	-0.072856	-0.169882	-0.094244	0.147401	-0.094121	0.010611	-0.066838	-0.244252	0.072092	-0.213196	0.032961	0.006224	-0.113693	-0.020746	-0.026351	0.053719	0.085349	-0.112049	0.031864	0.157290	0.162811	-0.130620	-0.138163	0.054924	0.015911
0.043360	0.167074	0.006415	-0.015452	0.132861	0.088036	0.134050	0.052351	-0.031819	-0.117428	0.059066	0.021418	-0.038177	-0.006622	0.107017	0.060803	-0.016066	0.049234	-0.020528	0.128641	0.032992	0.021449	-0.039065	-0.182230	0.227326	-0.009424	0.095732	0.165803	0.161406	-0.011792	-0.095138	0.086839	0.139738	0.129585	-0.072330	0.077827	-0.043214	-0.105111	0.050436	0.175443	-0.054388	0.081648	-0.042031	0.216098	0.153715	0.147864	0.014213	0.045767	0.042973	-0.170171	-0.002555	0.042502	0.000664	-0.191779	0.009879	-0.003610	-0.035346	-0.078180	-0.038665	-0.030486	0.060131	-0.179930	-0.056090	-0.007927	-0.057079	0.024608	0.144202	-0.068533	-0.047525	0.133652	0.019919	0.220429	-0.275740	-0.022313	-0.015650	-0.013216	0.033677	-0.020906	-0.075951	0.046144	0.025064	-0.089790	-0.113747	-0.005760	-0.017496	0.026850	-0.074790	-0.093667	0.106323	-0.033426	0.171863	0.142203	0.013199	0.042159	0.189191	0.167420	-0.119286	-0.137481	0.003906	0.004471
-0.089492	0.150513	0.091175	-0.116464	0.111537	0.112565	-0.004319	0.163845	-0.018688	-0.102164	0.167388	0.058407	0.076064	0.092848	0.080603	0.056283	0.091634	-0.006787	-0.013085	-0.008066	0.101298	0.047293	-0.090297	0.023338	0.152324	0.028225	-0.036975	0.197573	0.055552	0.138291	0.083501	-0.040341	0.199758	0.106368	-0.096111	0.183014	0.141040	-0.076532	0.103487	0.126638	-0.147184	0.008098	-0.059868	0.111320	0.164436	0.070326	0.155793	0.092113	0.053369	-0.123061	0.052305	0.059970	-0.068916	-0.136993	-0.018639	-0.083397	0.053687	-0.078703	-0.032591	-0.022149	0.021443	-0.142872	-0.153415	0.161394	0.038423	0.009698	0.122508	-0.006127	-0.159734	0.064437	-0.029755	0.127875	-0.077198	-0.013837	-0.026030	-0.095668	-0.069315	-0.033933	0.019977	0.076064	-0.062403	-0.133558	-0.156033	0.148953	-0.037858	-0.067065	0.033499	-0.103339	0.029491	-0.081735	0.066402	0.158482	-0.041299	-0.000747	0.158470	0.171027	-0.107909	-0.179439	-0.045574	-0.047789
-0.086788	0.010245	0.097042	-0.049180	0.081112	0.076643	-0.070700	0.118365	-0.050983	-0.101708	0.029233	0.082478	0.063743	0.088376	-0.017766	0.052171	-0.053084	0.022547	-0.031524	-0.057646	0.043767	0.075651	-0.058900	-0.145450	0.000427	0.042225	-0.097083	0.078157	0.047013	0.042792	0.130139	-0.014720	0.129902	0.281348	-0.130639	0.072328	0.165391	-0.117696	0.042950	-0.004415	-0.102046	0.116440	-0.092650	0.087213	0.081725	-0.004452	0.202650	0.046739	-0.007772	-0.147525	0.043154	0.042667	0.106859	-0.093257	0.060500	0.134977	-0.040797	-0.198258	-0.203955	0.206257	0.047289	-0.102602	-0.092198	0.047921	0.015704	0.009272	0.223207	0.156554	-0.060079	0.015753	0.117756	0.260696	0.072192	-0.075587	0.162441	0.004109	0.050350	0.041570	-0.068127	0.039963	-0.034048	-0.047259	-0.044458	0.120188	-0.061805	0.016441	0.097293	-0.012226	0.110350	-0.014488	-0.013295	0.046907	-0.039344	-0.049452	0.091679	0.236899	-0.013365	-0.189505	-0.019172	0.077512
-0.053601	0.003810	0.165652	0.054766	0.168975	0.096097	-0.057221	0.151925	0.028791	0.030675	0.053566	-0.124552	-0.081241	0.066232	0.080660	-0.017761	0.089090	0.003469	-0.007794	0.050943	0.003965	0.138001	-0.106331	-0.065045	0.045147	-0.017461	-0.172532	0.178051	0.054658	-0.117908	-0.128772	0.079191	0.313356	0.110038	0.015282	-0.077632	-0.058211	-0.114697	0.085660	-0.055959	-0.095017	-0.012394	-0.020138	0.072318	-0.049799	-0.121334	0.155424	0.026464	0.077437	-0.041513	0.094630	0.148960	0.084039	-0.160257	-0.100833	-0.054565	-0.051610	0.007818	-0.188334	0.249695	0.053295	-0.155243	-0.022752	0.124052	-0.053331	0.195052	0.133557	-0.008162	-0.056962	0.121121	0.123068	0.060729	-0.009168	-0.081466	-0.017509	-0.059036	-0.040941	-0.064730	-0.052031	-0.159645	0.013091	0.132558	-0.037770	0.015058	-0.120136	-0.090353	0.131805	0.037417	-0.002493	-0.036721	-0.120734	0.198946	-0.015730	-0.039128	0.101457	0.122173	-0.032002	0.021525	0.015764	0.045761
0.017631	-0.011726	0.027070	0.075290	-0.079005	-0.040125	-0.012881	-0.130426	0.102402	-0.137753	0.038277	-0.189830	-0.007478	0.116655	0.123971	-0.106969	-0.056053	0.173225	-0.172875	0.036003	0.170238	0.074052	-0.132407	-0.119624	-0.013361	0.042423	-0.242696	0.370844	-0.008021	-0.047511	0.034214	-0.031360	0.067956	-0.067131	0.040046	0.037056	0.039539	-0.073900	-0.020628	-0.018149	0.079604	-0.166505	0.057944	-0.125993	0.000402	-0.012971	0.187729	0.071636	0.105190	-0.048114	-0.087323	0.018751	0.230392	-0.123213	0.048331	-0.137645	0.116762	-0.086818	0.050483	0.032887	0.032126	-0.120559	0.086330	-0.048990	0.064838	0.076131	0.038734	0.090146	-0.092960	0.024607	-0.046237	-0.079716	-0.090005	-0.178699	0.194431	0.055554	-0.090224	-0.068148	-0.035644	-0.100213	0.124236	-0.054265	0.052785	-0.051743	0.023805	-0.201408	0.025446	0.031841	0.031596	-0.003505	-0.045357	0.052321	-0.055281	-0.018095	-0.013454	-0.062954	0.078944	0.056511	0.132941	0.053613
-0.045729	-0.185192	-0.089084	0.081823	-0.049871	-0.163194	0.083809	-0.094792	0.061899	-0.079890	-0.030452	-0.064562	-0.075149	0.019470	0.002982	0.093202	0.053329	0.209954	-0.003838	0.135063	0.095817	0.001122	0.078379	-0.077082	0.144173	0.029143	-0.071616	0.018952	0.059120	-0.035261	-0.128272	-0.020442	-0.110880	0.058351	0.012402	-0.226524	0.016445	-0.096742	-0.052636	0.099286	-0.067348	-0.026664	0.057141	0.213495	-0.017647	0.185636	0.084219	0.009773	-0.005162	-0.146191	0.025586	-0.185899	0.215315	0.004599	0.152857	-0.068469	-0.118627	-0.021117	0.008448	0.171490	-0.038785	-0.168084	0.114939	0.029577	-0.001173	0.034878	-0.119905	-0.050146	0.003556	-0.074250	0.001907	-0.006860	0.051990	0.167607	0.057066	-0.117640	0.069080	-0.051239	-0.152455	-0.232668	0.050060	-0.024620	0.048890	0.141040	-0.151069	-0.023817	-0.161491	0.071488	0.139858	-0.165164	0.063917	0.132632	0.028319	0.013258	0.146619	-0.005997	0.026911	0.077854	0.011771	0.000015
0.112558	-0.098515	0.037540	0.041354	0.119068	0.047963	-0.178255	0.083681	0.186892	0.093350	0.131834	-0.211894	-0.214533	0.081456	-0.012788	0.043194	0.052342	-0.120985	0.039301	0.041245	-0.047861	0.095327	0.068780	-0.006043	0.051880	0.074358	-0.018354	0.046009	0.055151	0.035381	-0.041896	0.042103	-0.040936	0.010627	-0.010891	-0.074205	-0.033260	-0.074341	-0.024165	0.042777	-0.142995	-0.054773	0.046097	0.082905	-0.064404	-0.081456	0.173248	0.247048	0.032393	-0.046935	0.019742	-0.154108	0.232222	-0.009082	0.021166	-0.092103	-0.231849	-0.158130	0.118085	0.153368	0.139451	-0.167169	0.079028	-0.157339	-0.093078	0.111690	-0.064974	-0.037210	0.107465	-0.053779	0.020201	0.019423	0.053211	-0.137363	-0.022133	-0.085941	0.077856	0.114107	0.032067	0.061467	0.125663	-0.071810	0.110571	0.127067	-0.042625	0.123945	-0.046704	0.062107	-0.036503	-0.046609	0.126895	0.042750	0.030779	0.007474	-0.018257	-0.025040	-0.095740	-0.024223	0.223729	0.128496
0.000877	-0.055657	-0.106866	0.163720	0.013253	-0.067497	-0.056345	0.000080	-0.065431	-0.148532	-0.036829	0.035179	-0.008140	0.107322	0.128827	-0.072091	0.117399	0.269081	-0.104539	0.055036	0.294533	-0.051221	0.019008	-0.016667	0.041304	0.064386	-0.008471	0.092248	0.087622	-0.008098	-0.063867	0.168457	0.013274	-0.065737	-0.054903	0.045981	0.049237	-0.127209	-0.110660	0.165058	-0.056453	0.029947	-0.014603	0.221652	0.054006	0.043228	0.151853	-0.000218	-0.123989	-0.027201	0.044531	0.043002	0.083036	-0.205418	-0.070087	0.042966	-0.051998	-0.138946	-0.022472	0.026046	0.045540	-0.087979	-0.049510	0.084902	0.027713	0.072189	0.029448	0.152249	0.019662	-0.058096	-0.010167	0.072597	-0.079352	-0.024429	0.227057	0.124082	-0.123579	0.005980	0.014277	-0.179944	0.033849	0.111499	0.032469	-0.042929	-0.074582	-0.086259	-0.038555	-0.114958	0.068501	-0.087576	-0.057146	0.204115	0.004962	0.060103	0.041422	-0.006298	-0.046429	-0.305346	0.024279	-0.111666
0.036938	0.113390	-0.208516	-0.061727	0.025456	0.152670	0.039859	-0.111514	-0.193147	-0.064861	0.007928	0.019469	0.007467	0.135506	0.263882	0.029598	0.035200	0.016444	-0.144472	0.053802	0.007621	-0.082065	0.119285	-0.051707	0.016310	0.005875	0.062648	0.122380	0.111816	0.028318	-0.088161	0.095745	0.118371	-0.064789	0.027181	0.057411	-0.043694	-0.012854	0.060223	0.129317	-0.327371	0.139964	-0.056914	0.060951	0.125398	0.080188	0.058042	-0.043516	0.006372	-0.120229	-0.080587	-0.103457	0.049434	-0.305926	-0.031662	-0.149330	-0.176961	-0.098598	0.009421	-0.030242	0.126554	-0.066486	-0.111540	0.012381	0.078085	0.089516	0.102964	-0.011464	-0.128921	0.055389	0.123548	-0.107238	-0.085883	0.089828	0.133622	0.071268	0.019160	-0.014727	-0.081626	-0.049726	0.085934	-0.006780	0.005887	-0.105337	0.078536	-0.005913	-0.083386	-0.048081	-0.114399	-0.160172	0.000099	0.058332	0.021541	0.035302	0.172246	0.040766	0.042849	0.049169	-0.077319	-0.021590
0.014647	-0.034304	-0.009460	-0.044550	-0.050171	0.009383	-0.034844	0.074614	0.108681	0.109756	-0.002920	-0.079206	-0.006621	0.034042	0.064402	0.039961	0.068794	-0.017671	-0.056793	0.092117	0.076891	-0.002584	0.087715	0.030191	-0.020528	0.047364	-0.196317	0.060577	0.035095	0.016738	-0.031535	0.169295	0.035792	0.014367	-0.239362	-0.026399	-0.109838	-0.083926	0.162336	0.140756	-0.090447	0.027340	0.062489	0.074484	-0.024747	0.113705	0.286174	0.041325	-0.006708	-0.035937	0.196561	-0.105219	0.102700	-0.034618	-0.168924	0.018474	-0.122063	-0.217755	-0.142730	0.069521	0.127315	-0.237655	-0.077561	0.016048	-0.043446	0.086627	-0.022102	0.071181	0.019504	-0.062038	0.020764	0.151689	-0.140343	-0.033959	0.172182	0.085463	-0.071675	0.144198	-0.220715	-0.205728	0.063105	-0.099884	-0.069660	0.059426	-0.005094	-0.059334	-0.019167	-0.009019	-0.068629	-0.019523	-0.030178	0.048565	0.033010	-0.100006	0.107318	0.040351	-0.178913	-0.184549	-0.030083	0.031894
0.102312	-0.006712	-0.015321	-0.000470	-0.030351	-0.050867	-0.052951	0.136558	0.028098	-0.052866	0.155997	-0.069247	-0.044132	0.114566	0.131175	0.056422	0.197840	0.043799	0.066731	0.146780	0.056237	-0.031176	-0.021412	0.035354	-0.043272	-0.025661	-0.007334	0.160088	0.036945	0.000894	-0.085105	-0.059593	0.079068	0.089781	-0.141858	-0.004433	-0.074369	-0.184802	0.102597	0.042114	-0.068534	-0.027949	0.035216	0.119216	0.089785	0.053590	0.168449	0.222656	-0.002716	-0.129181	0.229056	0.103059	0.045926	-0.043165	-0.222541	-0.143385	-0.130855	-0.004649	-0.173310	0.096023	0.046987	-0.144700	-0.050346	0.133694	0.054097	0.060509	0.074081	0.090490	0.035857	-0.006813	-0.039107	0.164199	-0.077366	-0.067385	0.076101	0.014356	0.078739	-0.062000	-0.116352	-0.088688	0.081943	0.004991	-0.052767	0.063016	-0.040396	0.119224	0.066066	-0.077002	0.122983	0.055791	-0.056652	0.232577	0.015999	-0.077540	0.150712	0.083263	-0.035044	-0.241197	-0.140887	-0.066284
0.101561	0.025867	0.113059	-0.031104	-0.003578	0.099813	-0.015629	0.162081	0.170614	0.199519	-0.089172	-0.142783	0.054383	0.134181	0.104705	-0.031716	0.134143	-0.070206	0.067404	0.098830	0.035280	0.196259	0.037375	0.100147	0.091880	0.074064	-0.121359	0.062582	-0.116986	0.058561	-0.088719	-0.066894	0.172267	0.134623	-0.069109	-0.041778	-0.003956	-0.095218	0.114633	-0.057765	0.086237	-0.088528	0.140586	0.005052	0.048089	0.027636	0.082174	0.091908	0.008201	0.085488	-0.004759	-0.149580	-0.015912	-0.053867	-0.009026	-0.010588	0.037630	-0.071247	-0.134296	0.177885	0.071458	-0.054609	-0.076096	0.003253	-0.111629	0.129503	-0.065360	0.103680	-0.024312	-0.033777	-0.073654	0.248626	-0.095027	-0.071328	-0.017258	-0.062866	0.031066	-0.070194	-0.108682	0.062617	0.138698	-0.128311	-0.127876	0.153988	0.066016	0.034841	0.141451	0.007941	0.142332	0.180584	0.062669	0.168480	-0.137955	0.003564	0.112530	0.108355	-0.134309	-0.094643	0.081219	-0.069884
-0.094577	0.057899	0.083648	-0.011548	0.061584	0.150049	0.107939	0.072092	0.105228	-0.099752	0.015215	-0.162427	-0.171053	0.286793	-0.055533	0.103231	0.130997	0.038747	0.009205	0.073639	-0.036262	0.164758	0.144608	0.101538	0.122822	-0.080025	-0.017548	0.004748	-0.082688	-0.067338	-0.059111	0.066982	0.063945	0.027191	-0.001338	-0.069070	0.055762	-0.059176	0.091458	0.098546	0.003145	-0.011367	0.229708	0.090757	-0.052316	-0.014367	0.133210	0.063126	0.147438	-0.045422	-0.015466	-0.021231	0.043851	-0.099691	-0.107951	0.062671	0.018034	0.134335	-0.063963	0.060002	0.146496	-0.079795	-0.041890	0.080300	0.055941	0.119428	-0.000223	-0.083279	-0.080845	0.019220	-0.007335	0.170136	0.034115	0.079670	0.049105	-0.074378	0.057321	-0.006266	-0.282879	0.107326	-0.064876	-0.022512	-0.140674	0.187671	-0.032424	0.054660	0.127512	-0.000869	0.153472	-0.014159	-0.057809	0.129735	-0.185032	-0.046650	-0.083447	0.051947	-0.079058	-0.114824	-0.200276	-0.072478
-0.201536	-0.055393	-0.045783	0.096186	0.100288	0.143962	0.060483	0.135763	0.104287	-0.196083	-0.025552	-0.059849	-0.180416	0.323696	-0.031597	-0.082591	0.110875	-0.003504	0.164244	0.092349	-0.011734	0.060837	0.148746	-0.045559	0.131758	-0.062086	0.060416	0.146679	-0.086699	0.134790	-0.011433	0.124154	0.005982	-0.033036	0.045069	-0.072262	0.119217	0.031333	0.117914	-0.052884	0.111281	-0.097558	0.101939	-0.073151	-0.013560	0.010549	0.033115	0.157323	-0.036637	-0.125581	0.041904	-0.035250	0.065019	-0.044464	-0.061649	-0.115804	-0.054076	0.136172	-0.065726	-0.000625	0.163655	0.031698	0.117880	-0.022780	-0.023127	0.142076	-0.000431	-0.057290	-0.186451	0.012628	0.016641	0.018132	0.069821	0.248678	0.068818	-0.100651	0.067125	-0.116419	-0.030005	0.002824	-0.026729	0.113142	-0.099360	-0.030398	-0.101225	0.163309	0.041052	-0.030361	0.032551	0.087557	-0.059739	0.135371	-0.131295	0.124498	-0.074965	-0.008553	0.087875	-0.008609	-0.090683	-0.073233
0.146383	0.015689	-0.030480	-0.016502	0.130719	0.174879	0.058372	0.096540	0.036609	-0.054311	0.094264	-0.133046	-0.024050	0.112243	0.032761	-0.067495	0.204232	-0.050037	-0.043882	0.043587	-0.052191	0.051994	-0.001674	-0.059718	0.098258	-0.086372	0.032659	0.066549	-0.127117	0.133742	-0.043642	-0.004611	0.035140	0.100229	-0.112804	0.065289	0.123514	0.099785	0.028549	0.099416	0.011314	-0.054659	0.180405	0.238746	0.027454	0.033240	0.110025	0.063044	0.212015	-0.122402	0.037457	-0.092688	0.190241	-0.107898	-0.096994	0.008206	-0.131252	0.071037	-0.107656	0.048044	0.015240	-0.018068	-0.068434	0.118897	-0.052016	0.213748	0.135194	-0.045111	-0.175138	0.101964	0.007182	0.105796	-0.040044	-0.026365	-0.053071	-0.062185	-0.003175	-0.071856	-0.119018	-0.068909	-0.238799	-0.024131	0.074941	0.013300	-0.193074	-0.064926	-0.134679	-0.080522	-0.009186	0.016306	-0.019008	0.143404	-0.175037	-0.099947	-0.005627	0.075636	-0.033799	-0.156869	-0.093228	-0.090323
0.088823	0.071528	0.000296	0.029900	0.104141	0.117152	-0.084377	0.041848	0.076685	-0.002470	0.001560	0.045936	0.061064	-0.067229	0.074106	-0.027937	0.176892	-0.050915	-0.153388	0.083038	-0.004056	-0.087746	-0.044841	-0.028394	-0.051816	0.165387	0.028458	0.172448	-0.028920	-0.014467	-0.065034	-0.061481	0.086567	0.240462	0.043536	0.074339	0.179300	0.129103	-0.008935	0.140782	0.005887	-0.058561	0.166273	0.271320	0.022301	0.072828	0.083435	0.002688	0.157458	0.003011	-0.125359	0.010679	-0.005680	-0.194974	-0.003836	-0.113454	-0.138771	-0.049324	0.091166	-0.017788	0.223158	-0.078461	0.094533	0.008364	-0.021505	0.023000	0.106231	-0.068979	-0.089439	-0.072406	0.020644	-0.165665	-0.101303	-0.208563	0.034707	0.014662	-0.049250	-0.104972	0.145217	-0.105597	-0.138745	-0.026598	0.004356	-0.102149	-0.208512	-0.037046	-0.092269	-0.166202	-0.125685	-0.033134	0.067200	0.018287	0.064464	-0.032151	-0.050249	-0.109053	0.123607	-0.007815	-0.071344	0.087618
0.032137	-0.036695	-0.089344	-0.111822	-0.053360	0.076053	-0.108623	0.130258	-0.008354	0.326854	0.055376	0.010737	0.012116	-0.053602	0.005515	-0.052851	-0.083802	0.112488	-0.006350	0.069650	0.042693	0.022614	-0.024347	-0.244475	-0.004151	0.180128	-0.028520	0.182277	0.038100	-0.012840	-0.021955	0.028085	0.054430	0.029057	-0.165000	-0.071128	0.093400	-0.049847	0.167339	0.007448	-0.059871	-0.003697	-0.162243	-0.065521	0.203138	0.079545	-0.014858	0.158202	-0.059356	-0.114355	0.032077	-0.216272	-0.031625	0.048740	0.019932	-0.118805	-0.112682	-0.057272	-0.003086	0.108038	0.048112	-0.032114	-0.036706	0.049224	-0.007207	0.043323	0.095551	0.096948	-0.174599	0.150368	0.039351	0.148708	-0.034939	0.068781	-0.061535	-0.064120	-0.026216	0.035313	0.071519	-0.001202	0.185362	-0.134706	-0.045654	0.013782	-0.195821	0.009618	0.069768	-0.053815	0.088923	-0.002609	-0.065338	0.312703	-0.083237	0.005538	0.111569	0.074569	-0.031367	0.068503	-0.078142	-0.043185
-0.012634	-0.134058	-0.184571	-0.029106	0.046351	0.010746	0.069867	0.109921	0.244960	0.022738	-0.100853	0.034247	-0.054141	0.075792	-0.157234	0.004169	0.108153	-0.130821	0.029648	0.045255	0.133696	0.099185	0.128973	-0.150356	-0.006668	-0.027512	0.060842	0.033341	0.036826	0.173354	-0.018986	0.032109	-0.075372	-0.039431	-0.133986	0.079405	0.158980	-0.040181	-0.046794	0.085970	-0.045122	0.011869	0.022096	-0.205346	0.005351	0.199078	-0.087599	0.184812	-0.037295	-0.142771	-0.020378	-0.104080	0.050467	-0.049010	0.035823	0.035556	-0.031882	-0.059567	0.194374	0.015695	0.057681	0.042719	0.011564	-0.123635	-0.079605	0.159769	0.043157	0.132326	-0.101926	0.088581	-0.164808	0.156186	0.058844	0.143653	-0.117060	0.053539	0.027038	-0.059765	-0.043751	0.095616	0.173536	-0.017156	0.054576	-0.022080	-0.054214	0.026348	-0.060196	0.043647	-0.011469	0.083185	-0.086601	0.210230	-0.083370	-0.088321	0.027619	-0.126072	0.065313	0.027415	-0.109788	-0.245060
0.360117	0.042007	0.181548	0.096131	-0.054669	-0.021306	-0.049864	0.029764	-0.008388	-0.085734	-0.073694	0.010933	0.179100	0.004698	0.025661	-0.038958	0.059792	-0.115293	-0.137707	0.092537	0.028732	0.004712	0.175609	-0.037238	0.016615	0.071634	-0.042414	-0.046504	-0.017690	-0.030542	-0.033632	-0.002472	0.056992	0.097285	-0.150293	0.215144	-0.014514	-0.204275	0.043771	0.045860	0.006871	0.019964	0.033111	-0.038636	-0.065092	0.008753	0.105997	0.177459	-0.009689	-0.254608	0.026056	-0.071131	0.030568	0.089231	0.065077	0.056344	-0.240003	-0.140830	-0.099466	-0.016480	0.206914	-0.071905	0.033178	-0.142549	-0.056462	0.113808	0.031869	-0.002667	0.009103	0.007068	-0.029306	-0.046061	0.014181	-0.058144	-0.026001	0.001139	0.051539	-0.159838	0.084792	0.078294	0.188469	0.051499	-0.217509	0.113918	-0.014183	0.002979	0.136487	0.026308	-0.032450	0.061722	-0.005676	0.072682	0.020851	0.025441	-0.105094	-0.037635	0.210733	-0.037442	-0.017747	-0.087086
0.097115	0.007366	0.120685	-0.116264	-0.049067	0.102301	0.059510	0.044240	-0.128327	-0.104360	-0.152188	-0.070961	0.087444	-0.088008	0.157724	0.009728	0.059775	-0.057067	0.081602	-0.056923	-0.071569	-0.083811	0.090039	0.053590	0.036601	0.097997	-0.113277	-0.024824	0.068882	-0.035881	-0.047991	-0.246795	0.084193	0.052630	-0.056979	0.084825	-0.030841	-0.154987	0.145237	0.033887	0.021790	0.005903	0.049980	0.044573	-0.062390	0.134341	0.039942	0.014245	-0.070857	-0.193335	0.010731	-0.186302	0.046368	0.005199	0.144256	0.017719	-0.076913	-0.047361	-0.014023	0.124276	0.187163	-0.061450	-0.047646	0.216821	0.118158	0.173126	0.089962	0.029802	-0.175580	0.089819	-0.005108	0.017083	-0.091109	-0.031957	0.054335	-0.048046	0.074258	-0.167044	-0.054807	-0.082573	0.232184	0.050394	-0.125243	-0.001547	0.064750	0.101147	0.137485	-0.062193	0.142412	0.054688	-0.081211	0.015909	0.040411	-0.192062	0.002655	-0.122070	0.241951	0.015299	0.010315	-0.065438
0.066422	0.009118	-0.159019	0.048053	0.026556	-0.149614	-0.011842	-0.085858	0.060056	0.011958	-0.119221	-0.144817	-0.151341	-0.063443	0.045779	0.023389	0.265587	0.103799	-0.072791	0.128845	0.108228	-0.046500	0.194008	-0.023134	0.142330	0.045378	-0.012631	0.029097	0.160545	-0.088660	-0.123938	-0.077458	-0.104268	0.067797	0.090056	0.088020	0.023104	-0.059117	0.133915	0.009305	-0.024637	0.176495	-0.036457	0.083128	-0.098690	0.314612	-0.060767	0.070968	-0.024324	-0.237209	0.056824	-0.067247	0.162245	-0.022721	0.175737	-0.104826	-0.128593	0.037969	-0.051308	0.083840	-0.025903	-0.179192	0.025241	0.020763	0.004491	0.139742	0.032760	-0.030168	-0.162576	0.069936	-0.103375	0.057346	0.090072	0.124173	-0.086672	-0.021687	0.025971	-0.101694	0.103183	-0.140197	0.124487	0.029240	-0.021419	0.015279	-0.031114	0.037140	-0.046287	0.065306	-0.029279	-0.122091	-0.018495	0.029110	0.075784	-0.038335	0.148174	-0.006752	0.085885	0.045042	-0.036154	-0.085150
0.147067	0.117935	0.073792	-0.038677	0.023292	0.018852	0.010484	-0.019785	-0.101723	0.226361	0.003793	0.103934	0.048560	0.096881	-0.034728	-0.019752	0.105026	0.046013	-0.092012	0.220663	0.031540	-0.033912	0.043696	-0.021595	0.065120	0.130173	-0.015692	0.182217	0.045862	-0.263367	0.011898	0.124664	0.197254	0.054245	-0.081120	0.020995	-0.030321	-0.058429	0.077627	-0.026324	0.062642	0.166973	-0.002619	0.308270	-0.050835	0.028005	0.005864	0.081667	0.035615	-0.010945	0.090294	-0.025076	0.105951	-0.093860	0.024195	0.091642	-0.179539	-0.123817	-0.033979	0.115447	0.268611	-0.228117	-0.005737	-0.099418	0.065534	0.015670	-0.037066	0.049915	0.092476	0.028480	0.001537	-0.010835	0.053863	0.047045	0.031677	-0.019533	-0.023012	-0.033232	-0.030445	0.128618	-0.022753	0.158391	0.010851	0.024223	-0.172039	-0.021102	0.036850	-0.163877	0.080313	-0.060523	-0.112548	0.172559	-0.110451	-0.075902	0.097607	0.060545	0.037223	0.034594	0.049611	-0.069114
0.150383	-0.038172	0.132177	-0.029210	-0.062880	-0.154094	0.009830	0.170288	0.105346	0.134424	-0.138525	-0.218129	0.044091	0.049421	-0.036836	-0.039590	-0.019391	0.146260	-0.080731	0.062386	-0.033699	0.085159	0.083301	0.013861	-0.021635	0.117887	-0.140752	-0.133086	0.034179	0.079491	-0.116959	0.049462	-0.114838	0.142897	-0.160147	0.127661	0.056132	-0.082524	-0.030586	0.130042	0.006810	-0.017585	0.180381	0.103844	0.017437	0.101908	-0.121727	0.088864	0.084949	-0.095307	-0.033698	-0.231240	0.037373	-0.253370	0.067331	-0.045723	-0.123252	-0.069916	-0.129927	0.029018	0.136293	-0.091715	-0.050004	0.076412	-0.141531	0.017346	0.100548	0.015415	-0.105172	0.093760	-0.049069	0.123786	-0.129872	-0.106181	-0.044712	-0.135898	-0.076763	0.097669	-0.213699	-0.050542	0.075297	-0.113098	-0.071321	0.024713	0.051441	-0.015720	-0.090455	0.034739	0.082078	0.053844	-0.136383	0.014745	0.010194	-0.014775	-0.016496	-0.036562	-0.116720	-0.125048	-0.004487	-0.032277
0.019746	-0.058221	0.167592	-0.029055	-0.096103	0.130627	-0.125464	-0.063674	0.038492	0.063343	0.009011	-0.202761	0.097519	0.033484	-0.028392	0.076428	-0.006164	-0.065228	0.041243	0.029710	0.118715	-0.125633	-0.012624	0.037670	-0.040478	0.030502	0.023542	-0.052095	-0.013840	-0.020066	-0.042804	-0.109377	-0.001923	0.036551	-0.163855	-0.084317	-0.157011	0.022847	0.021709	0.186656	0.018104	-0.144976	0.035676	0.045747	0.062878	-0.025843	0.026047	-0.094374	-0.036410	-0.045719	-0.210000	-0.305038	0.003426	-0.101906	0.138110	-0.118302	-0.141669	-0.101959	-0.010974	0.063714	0.147536	-0.225830	-0.074969	-0.123037	-0.115628	0.091878	-0.037418	-0.079424	-0.146908	0.050010	-0.026649	-0.098831	-0.012982	-0.042409	0.057922	-0.033881	-0.077726	-0.036471	0.139699	-0.198512	-0.133515	-0.020402	-0.065291	0.046031	-0.141593	-0.068163	0.068146	0.033973	-0.024261	-0.014729	0.139209	-0.067587	-0.082821	0.061398	0.187656	0.219702	0.009473	0.125722	-0.122655	0.100005
0.054904	-0.061526	-0.047840	-0.095045	0.066072	0.171951	-0.048547	-0.005764	0.134915	-0.066375	-0.016246	0.137332	0.014477	0.122047	-0.121950	0.063868	-0.066609	-0.021686	0.026910	0.262392	0.068129	-0.077352	0.182091	-0.147160	0.077996	0.156794	-0.009335	0.048317	-0.110975	-0.042592	-0.048729	-0.079833	0.172892	-0.125749	0.016613	-0.106677	0.032986	-0.102172	0.014322	0.054264	0.011345	0.014090	0.117565	-0.057172	-0.094931	-0.029234	0.179895	0.011481	0.086491	-0.037245	0.245863	-0.018315	0.015355	-0.109493	-0.016216	-0.130249	0.066003	-0.072758	0.191472	0.054526	0.044631	-0.140700	0.097141	-0.222448	-0.156881	0.114555	0.043565	-0.085274	0.062817	-0.228827	0.048257	-0.117756	0.073763	-0.086460	0.022599	0.034306	0.014670	0.061846	-0.060148	-0.061482	0.192292	-0.034675	-0.060439	0.089926	-0.139608	-0.064826	0.119355	-0.026419	-0.021056	0.012151	-0.072702	0.138207	-0.000698	0.023003	0.089664	-0.110100	0.072886	0.149077	-0.063993	-0.040818
0.035787	0.072759	-0.064998	0.027444	-0.196094	0.139078	0.146999	-0.000363	0.067707	-0.045444	0.130872	0.146416	-0.007474	0.027944	0.003073	0.136956	0.092652	0.059006	-0.009345	0.037921	0.036616	0.004794	0.023426	-0.001090	-0.153785	0.058688	-0.167281	0.113929	0.071346	0.005105	0.038323	-0.045008	0.042953	-0.169892	0.020428	-0.038829	-0.003676	-0.205934	0.045503	-0.040394	-0.146027	-0.085798	0.176580	0.014884	0.086602	0.042811	0.098559	-0.032326	0.187944	0.008970	0.048011	0.011626	-0.171941	-0.049792	0.179601	-0.240781	-0.081932	-0.046596	0.216530	0.005583	0.037807	0.006930	0.023700	0.048465	0.014333	-0.009062	0.210849	-0.010419	-0.161563	0.089187	-0.025244	-0.088728	0.066529	0.064065	0.096867	0.016779	0.052445	-0.013091	0.119097	-0.122312	0.151436	-0.178879	0.007689	0.032418	0.003637	-0.122168	-0.050596	0.050767	-0.113510	0.079420	-0.131111	0.038872	0.167098	-0.003946	-0.025143	-0.107289	0.021222	0.139532	-0.224708	-0.103074
0.122620	-0.000901	-0.045006	0.157488	-0.033357	0.057547	0.071775	-0.030918	0.057331	-0.087764	0.109412	0.131880	0.124084	-0.111633	0.013027	0.044344	0.037011	0.028461	0.177915	-0.107906	0.111044	-0.143126	0.119899	0.155109	-0.032786	0.040752	0.021145	0.008714	0.018446	0.093849	0.058796	-0.107475	0.148710	-0.103265	-0.052635	-0.002081	0.144930	-0.090492	0.015348	-0.158832	0.019608	-0.019105	0.166353	-0.049206	0.038645	0.125174	0.109561	-0.199419	0.005665	-0.014916	0.017624	-0.003502	-0.113965	-0.074729	0.214402	-0.061241	-0.199329	0.021276	0.210458	-0.047999	-0.020534	-0.046819	0.010185	0.211982	0.002551	0.085096	0.024075	0.025321	-0.114118	0.106156	0.002237	0.106082	0.010489	-0.025027	-0.026359	0.105964	0.029434	-0.059498	0.120291	-0.184766	0.058981	-0.018444	0.108380	0.169132	-0.224390	-0.158379	0.016066	-0.096187	0.112366	-0.091932	-0.094177	-0.000844	-0.036430	-0.099640	-0.017836	-0.091709	0.207189	0.027681	-0.083679	-0.019671
0.268696	-0.027276	-0.050365	0.101703	0.104044	0.084094	-0.234408	-0.070707	-0.048275	-0.027649	-0.011463	0.080792	0.047687	-0.013067	-0.084673	-0.071014	0.156911	0.038034	-0.027152	0.029978	0.121189	-0.010091	0.119411	0.037972	-0.043934	0.029322	-0.002203	0.013668	-0.076724	0.083036	-0.131720	0.020190	0.161494	0.033344	-0.098670	0.035551	-0.014599	0.149883	0.127681	0.072235	-0.025976	0.060219	0.131210	0.046632	0.010280	-0.072024	-0.012413	0.049059	0.185329	-0.123731	0.152030	-0.154201	0.070205	-0.087769	0.049812	-0.284372	-0.087679	0.117753	0.074831	0.077192	0.118499	-0.131077	0.007099	-0.024750	-0.050748	0.108950	0.073487	0.028707	-0.015429	0.096901	-0.045644	0.181299	-0.096523	-0.000326	-0.018274	-0.015954	-0.135760	0.080991	0.185697	-0.006274	0.098430	-0.054921	0.151642	0.031750	-0.040193	-0.094670	0.093507	0.082236	0.009082	-0.093748	-0.189615	0.058887	0.036987	0.141760	0.053422	-0.077840	0.177828	0.177349	0.035703	0.090921
0.302526	0.076477	0.097245	-0.031902	0.130359	0.103783	-0.129879	-0.017622	0.129399	0.036713	-0.122365	-0.145051	0.058361	0.134161	-0.167718	-0.001503	0.045502	0.128420	-0.029450	0.034787	0.043107	0.108648	0.191588	0.042746	0.158028	-0.019144	0.025519	-0.071738	-0.075252	-0.097514	-0.069042	0.032285	0.100918	-0.101275	0.007528	0.039247	0.059946	0.088571	0.055929	0.006338	0.049177	0.044790	0.112548	0.192087	-0.055250	-0.057652	0.013872	0.018633	-0.056416	0.073448	0.065879	-0.113872	-0.022576	-0.114856	0.018145	0.187023	-0.056092	-0.023617	-0.028566	0.146913	0.029266	-0.232950	-0.026950	0.080005	-0.118013	0.045946	0.000216	-0.030431	-0.104487	0.061515	-0.013213	0.187341	0.077735	0.087980	-0.076705	-0.081676	0.074630	0.104446	-0.150681	0.109767	0.094482	-0.019786	0.020168	0.095283	-0.120777	0.033624	0.091102	-0.098918	0.096793	-0.072285	-0.197458	0.018636	-0.268852	0.115731	-0.090165	0.084703	0.021920	0.063360	0.013903	-0.033326
0.024946	0.002776	-0.121970	-0.068429	0.040099	0.018951	-0.010496	0.002169	0.202588	-0.144146	-0.124973	0.036610	0.048248	0.107124	-0.007432	-0.037638	0.011030	0.051960	-0.037431	-0.021524	0.133051	0.224141	0.229050	-0.009138	0.116715	0.091471	0.038572	-0.135639	0.018981	0.008144	-0.059820	-0.101624	0.144070	0.017557	-0.126449	0.085325	-0.044031	-0.050338	0.194108	-0.171803	0.057878	-0.184889	-0.010877	0.004680	0.048661	-0.086733	0.115842	-0.015803	-0.067453	-0.164542	0.066282	-0.077453	-0.060548	-0.021727	0.150962	-0.011613	-0.044088	0.018412	0.259395	0.015047	0.098616	0.034181	-0.100767	0.084433	-0.099227	-0.007896	0.172954	-0.071583	0.049834	-0.062549	-0.071151	0.021978	-0.101827	-0.150751	0.175283	0.045618	0.211247	-0.049745	-0.210457	0.088519	-0.059569	0.112098	0.107795	0.038071	-0.206808	-0.007969	0.028117	0.061061	0.126732	0.093774	0.053936	0.006223	-0.060969	0.008123	0.051043	0.033365	0.120717	-0.003673	0.044815	-0.086947
0.068785	0.091285	-0.053144	0.037936	0.036313	0.064968	-0.028556	-0.104078	0.070740	-0.176370	0.089083	0.139055	-0.094258	-0.021049	0.035444	-0.020418	0.228292	-0.215559	0.211816	-0.042661	0.111835	0.086729	0.103764	-0.070658	0.120586	0.058015	-0.016048	-0.152102	-0.064143	0.034036	-0.036585	-0.069161	0.118944	-0.099439	0.050788	0.051729	0.132129	-0.186636	0.074218	-0.131866	0.199378	-0.014996	0.103676	-0.104641	0.062638	0.006850	0.170842	0.090311	0.113744	-0.058149	0.054676	-0.009325	0.079440	0.113346	0.092324	0.034562	-0.104583	0.020881	0.159730	0.130686	0.000542	-0.057103	0.065619	0.054804	-0.090712	0.179235	0.151226	-0.018222	-0.028192	-0.080944	0.042719	-0.005197	0.029850	-0.159552	0.045321	0.016827	-0.156630	-0.122371	0.038498	-0.062937	-0.186804	-0.105615	0.136577	-0.107307	-0.061730	0.012970	0.128901	-0.067503	-0.004126	-0.020445	0.021554	0.005828	-0.224962	0.078594	0.035622	-0.059755	0.118195	0.105550	-0.028837	-0.028559
0.180818	-0.048945	-0.145328	0.037680	0.069915	0.132579	-0.057688	0.011307	0.140074	-0.175992	0.002817	0.278155	0.115309	0.001208	-0.181599	-0.003776	0.118486	-0.012140	0.063190	0.029411	0.025692	0.155936	0.152080	0.029296	0.002201	0.065152	0.055006	0.124019	0.126898	0.089004	-0.043741	-0.035289	0.194290	0.200689	-0.053393	0.003656	0.147507	0.083363	-0.077153	-0.073559	0.126052	0.188587	0.025705	-0.048699	0.058834	-0.031656	0.010583	0.033621	0.099210	-0.034587	0.061356	-0.132583	0.016747	-0.088047	0.026351	0.038669	-0.127018	0.056119	0.126887	0.087337	0.234985	-0.076470	-0.039296	-0.008307	0.003893	-0.012028	0.115088	0.043914	0.028777	-0.000834	0.056075	0.024866	-0.014662	-0.090325	-0.062155	0.031609	0.166588	0.068944	-0.121202	0.090188	0.075576	0.028169	0.168872	-0.055261	-0.174333	-0.082136	0.026157	-0.000682	-0.028036	-0.021124	-0.173552	-0.012408	-0.193857	-0.012009	-0.047801	-0.112011	0.084830	0.169027	0.075279	-0.070764
0.127689	0.073724	-0.109490	0.139153	0.059519	-0.031236	0.040309	-0.066599	0.049382	-0.184622	-0.056338	0.103514	0.010935	0.181344	-0.162448	0.157425	0.081847	0.091476	0.104301	0.004454	-0.047519	0.130763	0.101146	0.015526	-0.028489	0.159550	-0.104276	-0.125825	0.014511	0.032784	-0.083638	-0.020576	-0.006175	0.098847	0.091561	-0.088527	0.088411	-0.045063	0.124181	-0.125323	0.060561	0.034923	0.130655	-0.108696	-0.103417	0.006254	0.089527	-0.074068	-0.012701	-0.127848	0.069867	-0.075368	0.146230	-0.031475	0.185096	-0.068628	-0.008143	-0.051549	0.025765	0.083742	0.197603	-0.145024	-0.021494	0.085047	-0.030173	0.035292	0.174786	0.027524	0.058756	-0.045763	0.055104	0.041046	0.026666	-0.022169	0.101895	-0.131336	0.195114	0.024846	-0.179771	0.063390	0.047466	0.005571	0.199386	-0.024207	-0.011433	-0.086415	0.016657	-0.038756	0.028665	-0.071929	-0.224170	0.062035	-0.085644	-0.074178	-0.058619	-0.026005	0.246440	0.197372	0.127842	-0.001561
0.046406	-0.019366	-0.090277	0.057320	0.041213	-0.190533	-0.109743	-0.041723	0.059467	0.003717	-0.073768	0.083210	0.115647	0.099136	0.025890	-0.110498	0.099491	0.161413	0.062102	-0.003179	0.172329	0.191756	-0.012214	0.193532	0.044334	0.200491	0.098297	0.098941	0.059491	-0.038928	-0.173277	0.020953	0.042118	0.131453	0.038603	-0.108292	0.083879	-0.065165	0.046234	-0.059468	0.044699	-0.086760	0.007527	0.091778	-0.031519	0.033888	0.051453	0.104892	0.050798	-0.049285	0.021146	0.101304	-0.037386	0.072975	0.110964	0.035419	-0.211964	0.126522	-0.042518	0.011797	0.216492	-0.025633	-0.008198	0.121980	0.058955	0.009300	0.070290	0.044033	-0.005991	0.012370	-0.048557	0.015568	-0.010158	-0.257164	0.040714	0.073765	0.131467	-0.020999	-0.252313	0.080073	-0.021791	0.092345	0.085230	0.024435	-0.069938	0.087781	0.029453	0.007957	0.104628	-0.073360	-0.294974	0.130783	-0.122671	-0.040341	-0.050499	0.057390	0.177841	-0.034418	0.103489	-0.074843
0.129338	0.046760	-0.030729	0.049049	0.175770	0.106857	-0.044374	0.069612	-0.075121	-0.064903	0.069699	0.251467	0.059072	0.197764	-0.224326	0.099074	0.115456	-0.069894	0.212143	-0.046561	0.078771	-0.116417	0.139734	0.102553	0.078384	-0.017259	-0.097934	-0.073564	-0.064926	0.134194	-0.043581	-0.054822	0.055736	0.051808	-0.104966	-0.144948	-0.022577	0.030018	0.122677	0.037215	-0.066051	0.099217	0.086514	0.109645	-0.020642	0.027115	-0.030752	-0.078309	0.037332	-0.094560	0.153012	-0.158559	0.007082	-0.130491	0.128494	-0.137436	-0.174127	-0.017815	0.134290	0.089324	0.069313	-0.157445	-0.017058	0.046738	0.014876	0.012786	0.057724	-0.072735	0.054543	-0.028710	0.066036	0.043853	0.132348	-0.032595	-0.073436	-0.098262	0.194316	0.052591	-0.049471	0.171601	-0.097726	0.150520	-0.013036	0.080184	-0.063738	-0.044739	-0.017927	0.122001	0.091420	-0.144999	0.012543	-0.039593	-0.132614	0.067608	0.074917	0.050371	-0.033850	0.189330	-0.051409	-0.014013
0.131490	0.123498	-0.015622	0.013804	-0.032928	0.094966	-0.040390	-0.035519	0.071319	0.074843	0.172852	0.085114	0.024408	0.122270	-0.016921	0.013132	-0.063324	0.088005	0.032496	0.060207	0.107354	-0.129185	0.167919	0.050378	-0.090887	0.077839	0.109112	0.045743	0.140475	0.069248	-0.120678	-0.092694	0.043776	-0.128400	0.005703	0.089628	-0.082406	-0.087717	-0.010789	0.009354	0.055255	-0.087565	-0.137274	0.197828	0.172178	0.033609	-0.002000	-0.012431	-0.083754	-0.138058	-0.003681	-0.106822	-0.130059	-0.204600	0.106462	-0.042171	-0.210757	-0.122601	0.226671	-0.187121	0.125772	-0.207367	-0.164537	0.124713	0.004824	-0.092135	-0.122069	0.041423	0.102557	0.144473	-0.081088	-0.087907	0.001943	-0.100730	-0.045116	0.130404	-0.006991	-0.067034	-0.031535	-0.066461	0.117518	-0.115335	-0.116629	0.082967	-0.093637	0.073965	-0.018570	0.041481	-0.039694	-0.118175	-0.127737	-0.075244	0.083045	-0.096968	0.035202	0.014313	0.016189	0.013343	-0.108507	-0.003823
0.051081	-0.063604	0.020634	-0.106861	0.179335	-0.066189	-0.040375	0.040964	0.075606	-0.046694	-0.265060	0.074220	0.034507	-0.020205	-0.079086	-0.008707	0.053871	-0.038427	0.114590	-0.057460	0.078330	0.037564	0.150543	0.073329	0.081726	-0.095848	0.059195	-0.052347	-0.144769	-0.001690	-0.053674	0.079585	-0.021655	0.115224	-0.009337	-0.144007	0.086960	-0.039485	-0.079822	0.079713	0.017122	0.021427	0.065441	-0.066793	-0.203864	0.033098	-0.061821	-0.000399	0.027715	-0.094683	0.102911	-0.129699	0.123045	-0.046604	0.029969	-0.051107	-0.073730	-0.088260	0.137601	0.146088	0.181541	-0.076813	-0.115539	0.071332	0.110073	0.182285	0.135685	0.075254	-0.064143	0.046234	0.075104	0.032647	-0.022885	0.021580	0.017919	0.042667	0.098950	-0.145235	-0.258604	0.137237	0.030638	0.248595	0.052036	0.075062	-0.167560	-0.122529	0.056020	0.080810	0.013238	-0.077853	-0.170051	0.131238	-0.095019	0.044496	-0.021835	-0.035848	0.106159	0.179675	-0.047428	-0.152739
0.059657	-0.115307	0.051885	-0.084923	0.195726	0.143814	-0.098074	0.013481	0.095107	-0.035956	-0.012013	0.057694	0.048520	0.055720	-0.010585	-0.074840	0.308199	-0.043796	0.026583	-0.095071	0.091843	0.116966	0.248940	0.018608	0.136498	-0.060668	-0.113580	-0.033982	-0.157473	-0.032961	-0.229931	-0.151164	0.136596	0.085558	0.085400	-0.054210	0.031336	-0.072756	0.036468	-0.053809	0.063918	-0.093966	0.007379	-0.074746	-0.051161	0.010607	-0.049910	-0.114278	0.011756	-0.045323	0.050632	-0.069134	0.068339	-0.031534	0.101147	-0.106133	-0.144037	-0.065817	0.068157	0.153797	0.040386	-0.251679	-0.077220	0.045275	0.061409	0.204519	0.036493	0.044271	-0.033754	-0.049493	-0.072658	-0.173880	0.080408	-0.150083	-0.078600	-0.013645	0.037351	-0.149951	-0.051126	-0.051284	0.025363	0.204711	0.037143	0.033714	-0.128478	-0.105145	0.012282	0.022050	0.046148	-0.081417	0.062437	0.007968	-0.049372	0.004394	-0.023477	0.126707	0.045821	0.180168	-0.054835	-0.093367
0.053671	0.240549	-0.052853	0.070931	0.101650	0.087545	-0.021978	-0.034784	0.020432	-0.018851	-0.024561	0.021582	0.004770	0.068408	0.005253	-0.001655	-0.038446	-0.032295	-0.018607	0.037117	0.087327	-0.105940	0.162336	-0.012277	0.038341	0.296463	-0.178659	0.081016	0.034308	0.029586	0.083076	-0.019486	0.105546	-0.056833	0.028106	0.072207	0.008376	-0.014745	-0.011631	-0.230519	0.026555	0.064276	0.106848	0.149289	0.114671	-0.053760	0.068805	0.172693	0.016563	0.012784	0.091639	0.012312	0.017935	-0.077194	0.104638	-0.041322	-0.173356	0.020121	0.152704	0.078990	0.201743	-0.048470	0.039762	0.058634	0.065610	0.022950	0.114036	0.081544	0.024733	0.018340	0.010160	-0.049826	0.113839	-0.026647	0.089386	0.060249	0.052705	0.116037	-0.009938	-0.112755	-0.098588	-0.158903	-0.039652	0.138742	-0.055342	-0.108479	0.266944	-0.058700	0.072247	-0.106204	-0.168126	0.053347	0.051639	-0.067661	0.122399	-0.112259	0.308616	0.018579	0.108790	0.041936
0.049965	0.004688	-0.107612	-0.084505	0.079980	-0.121072	0.022456	0.146185	-0.043061	-0.026592	-0.156987	0.049747	0.068112	0.053727	-0.046265	-0.025420	0.043801	-0.077244	0.143170	0.008896	0.037372	0.012486	0.035994	0.122597	0.158859	-0.112643	0.174512	-0.117438	0.015519	-0.180953	-0.092485	0.005847	0.031205	-0.090461	0.064401	-0.099170	-0.079078	-0.101882	0.010356	-0.096725	0.085368	-0.110141	0.049850	0.027188	-0.167955	-0.051310	0.133849	-0.038651	0.022558	-0.100168	0.247903	-0.107271	0.231214	-0.081100	0.170340	0.046580	-0.189679	-0.050256	0.146902	0.099082	0.073593	-0.105729	-0.045036	0.096925	0.003512	0.098804	0.090088	0.033497	0.033003	-0.085004	0.157999	-0.100263	0.003176	-0.018235	0.116117	0.046570	0.039351	-0.111441	0.016331	0.177202	0.043822	0.192914	0.056658	-0.013437	-0.173387	-0.056895	0.100407	-0.052711	0.058087	0.025964	-0.138864	0.089407	-0.060257	0.059453	0.097824	-0.113049	0.213273	0.096226	-0.047089	-0.022690
-0.109216	-0.001238	0.040338	-0.031084	-0.001585	0.132836	0.001221	-0.013170	0.030964	0.036404	-0.017149	0.069675	-0.008973	0.097116	-0.138312	0.035621	0.091684	-0.053417	0.121414	0.127228	-0.069645	0.004899	-0.082192	0.170180	-0.045746	0.104915	-0.094802	0.153220	0.031249	0.050916	-0.018095	0.030442	0.083544	0.136181	0.007360	0.009958	0.047845	-0.186463	0.130995	-0.047643	0.030906	-0.033360	-0.067923	-0.085024	-0.100860	-0.037247	0.021714	0.124337	0.067567	-0.136834	0.083474	0.111639	0.260648	-0.024565	0.029053	-0.049187	-0.129519	0.020017	-0.089978	0.209450	0.110515	-0.000228	-0.005014	0.039918	0.163673	0.171815	-0.004855	0.220236	0.155374	0.020460	-0.007604	-0.048592	0.158381	-0.085958	0.053387	-0.112877	0.099512	-0.176703	0.055925	-0.031527	0.183125	-0.225540	0.023318	0.163152	-0.215649	0.021038	0.001418	-0.122492	0.084332	-0.040590	-0.116478	0.059968	0.009961	-0.152581	-0.061743	0.059537	0.065522	0.094355	0.016370	0.085496
0.028473	-0.000542	-0.009518	-0.226641	0.099167	0.003198	-0.208541	0.034169	-0.036417	-0.120058	0.030480	0.131499	-0.102369	0.089989	0.042990	-0.081402	0.054136	0.122961	0.184547	-0.055276	0.025670	0.078360	0.066076	0.035631	-0.019360	-0.091936	0.075713	0.032384	0.004353	-0.014860	-0.033698	-0.108585	0.127595	0.106930	0.067488	-0.209283	0.231916	-0.069530	0.083634	-0.123692	-0.050064	-0.096506	0.084417	-0.097500	0.049834	-0.209539	0.120994	0.145651	-0.027081	-0.218880	-0.019393	0.033686	0.012945	-0.091947	0.064070	-0.047026	-0.103129	0.008675	0.022805	0.164348	0.165025	-0.126935	-0.040398	0.030939	-0.001665	0.022320	0.029156	0.082230	-0.049779	-0.116681	-0.020678	0.112992	0.117855	0.052072	0.122192	-0.068900	0.060806	0.031862	-0.064269	-0.038747	0.078455	0.027690	0.076452	0.149669	-0.105383	-0.046356	0.107154	-0.055000	0.152294	-0.046290	-0.075933	0.071156	-0.072938	0.099103	-0.146920	0.268449	0.070737	0.111463	-0.067953	-0.070319
-0.019931	-0.118479	-0.130510	0.191272	-0.061325	0.077151	0.179305	0.007302	0.049378	-0.136070	-0.028313	0.076329	-0.043125	0.086470	0.047166	0.070222	-0.003009	-0.094236	0.173024	0.053483	0.007736	0.092581	0.121625	0.038613	0.165169	-0.065342	-0.027825	0.027063	-0.081765	-0.005138	-0.082894	-0.079627	-0.122400	0.041089	-0.147224	0.067493	-0.057238	0.228884	-0.104528	-0.050370	0.003915	-0.103853	0.173114	-0.211863	-0.069463	0.026447	0.009090	0.087485	0.131925	0.058038	0.025785	-0.033952	0.111640	-0.231449	0.158711	-0.136430	-0.169896	-0.046155	-0.024153	0.073727	0.157570	0.058362	-0.024815	-0.096365	-0.096191	-0.017709	0.137497	-0.013591	-0.054786	-0.035698	0.095191	0.034828	-0.002841	-0.075283	0.097382	-0.025693	-0.095855	-0.201236	0.023907	0.085576	0.031227	0.013752	0.047878	-0.090714	-0.128942	-0.133470	0.114748	0.119565	0.112856	0.051847	-0.062885	0.098477	-0.056227	0.186164	-0.047857	0.094473	0.079690	0.163306	0.036323	0.072205
0.104733	0.123410	0.003712	-0.122764	0.117864	0.083223	-0.020334	0.150726	0.093674	0.003620	0.010048	0.017127	-0.049404	0.081211	-0.085805	-0.039559	0.034683	-0.039808	-0.029944	0.002398	0.023825	0.100037	0.047257	0.092788	0.024357	-0.032940	0.096506	-0.043381	-0.033248	0.091651	-0.237553	0.020207	-0.053530	0.139236	0.229413	-0.109740	0.148317	-0.060115	-0.038678	-0.149970	0.029210	-0.061368	0.043455	-0.050663	-0.043795	-0.067437	0.025555	0.038242	0.010066	-0.180171	0.014135	-0.128365	0.022073	-0.083984	0.055329	0.058223	-0.031872	0.178379	-0.021444	0.173499	0.106233	-0.158889	0.043950	0.247500	-0.099380	0.108161	0.102748	0.047635	-0.014160	0.024997	-0.077251	-0.054631	0.092396	0.070617	-0.050701	-0.112397	0.037431	-0.063757	-0.052008	-0.167557	-0.047902	0.107045	0.039107	-0.031318	-0.118803	-0.174952	0.064711	-0.162184	-0.067041	-0.170122	-0.170712	0.007307	-0.133503	-0.158140	-0.161758	0.026657	0.215139	-0.041916	-0.006996	-0.147333
0.165716	0.217342	-0.074607	0.030603	0.054959	0.170323	0.053746	0.024582	0.144673	-0.090311	-0.069439	0.092637	-0.015736	0.132044	-0.143524	0.004973	0.091492	-0.019432	0.187338	-0.054489	0.054090	0.042072	0.096857	0.078621	0.181754	0.017653	0.122732	-0.031823	-0.076239	0.047088	-0.124153	-0.051576	0.152355	0.094807	-0.022468	-0.165197	0.106722	0.005993	0.114046	-0.133404	0.171720	-0.016201	0.026064	0.023437	-0.079329	-0.054943	0.032365	-0.153594	0.023225	-0.129884	0.061546	-0.107620	-0.003820	0.000565	0.166149	0.049663	-0.059715	-0.108557	0.240849	0.056211	0.105818	-0.166475	-0.057775	0.144521	0.036992	0.066947	0.117672	0.055919	-0.118039	0.087106	-0.072000	0.144379	-0.111959	-0.116064	-0.069322	-0.084923	0.147954	-0.121410	-0.091710	0.080944	0.056166	0.113026	0.104926	0.047656	-0.138490	-0.108805	0.095326	0.024221	0.058462	0.006142	-0.037444	-0.095703	-0.116736	-0.103821	-0.021579	0.023983	0.088450	0.097797	-0.015076	-0.056902
0.205731	-0.037810	-0.045084	-0.066587	0.068158	0.013819	-0.121010	0.160906	0.120026	-0.033682	-0.073151	-0.013748	0.006060	0.018645	-0.169404	-0.043571	0.165529	-0.093510	0.079789	-0.065257	0.096211	0.016971	0.192627	0.110816	0.001919	-0.057402	0.064575	-0.078583	-0.036434	0.032249	-0.093981	0.084137	0.054740	0.055976	0.025470	0.009623	-0.016703	-0.040658	0.081190	0.069487	0.093280	-0.091782	0.138065	0.046614	-0.190166	-0.075914	0.022201	-0.074613	-0.048238	-0.171611	0.102196	-0.090397	-0.043890	0.076596	0.025068	0.023829	0.034847	-0.175645	0.121139	0.041447	0.163145	-0.170770	-0.046030	0.062230	-0.030284	0.073232	0.047128	0.088717	0.021820	-0.016945	-0.114827	-0.003067	0.036417	-0.055657	0.003368	0.078044	0.178456	-0.196013	-0.236676	0.026190	0.100992	0.149991	-0.055319	0.042718	-0.231340	0.047411	0.019627	-0.039193	-0.005912	-0.059434	-0.316690	-0.013685	-0.083030	-0.061069	-0.114031	-0.052367	0.116711	0.160342	-0.051379	-0.055378
0.005480	-0.132479	0.040816	0.011442	0.081467	-0.031752	-0.029090	0.010219	0.115175	-0.141468	-0.248560	0.107643	0.078298	0.107863	-0.091990	-0.096307	0.011139	-0.058061	0.023687	-0.020525	-0.028161	0.180659	0.071826	-0.007495	0.164781	0.084761	0.059944	0.034450	-0.107423	0.021311	-0.220591	0.163577	0.148627	-0.041061	-0.024064	0.037223	0.021415	-0.111814	0.010204	-0.146526	0.065695	-0.081872	0.003827	0.037837	-0.113103	-0.072552	-0.006964	0.191889	0.006330	-0.141978	-0.028042	-0.027907	0.181340	0.021034	0.018800	0.035224	-0.152317	0.075595	0.021442	0.151502	0.127048	0.000611	0.020456	0.160785	-0.054126	0.118584	0.117318	-0.064878	-0.063089	0.084572	-0.074525	-0.031544	0.111646	-0.013808	0.035659	-0.075060	0.139470	0.008756	-0.193128	0.105776	0.186512	-0.041729	0.022106	0.031748	-0.176216	-0.084410	0.022239	-0.090302	0.053053	-0.079586	-0.125746	0.085188	-0.169642	-0.035743	-0.104304	-0.133877	0.228182	-0.015382	-0.085742	-0.073006
0.077823	0.003761	-0.008287	0.145040	0.065547	0.036849	-0.058987	0.037924	0.139988	0.027468	-0.072325	0.088671	0.088154	0.174010	-0.166297	-0.067216	-0.020476	-0.030716	0.016712	-0.004580	0.021534	0.171564	0.237447	0.021916	0.065771	-0.022822	-0.037809	-0.065660	0.065716	0.004954	-0.010800	-0.019011	0.049444	0.016831	-0.047065	-0.073211	0.072905	-0.023392	0.075292	-0.048597	0.031610	-0.027529	0.079609	-0.051460	-0.157984	0.064737	0.013449	0.018898	-0.075705	-0.165525	0.080288	-0.125729	0.079463	-0.121920	0.097405	0.125330	-0.021297	0.040181	-0.033300	0.105103	-0.053684	-0.157054	-0.031837	0.144996	-0.089474	0.193894	0.101791	0.076319	-0.147949	0.200871	-0.031126	0.083536	0.023057	-0.010765	0.106869	-0.054027	0.076085	-0.103159	-0.075803	0.066479	0.184061	-0.072362	-0.022828	0.038887	-0.227304	-0.022256	-0.107589	0.012969	0.090827	-0.106487	-0.357873	0.035180	0.097833	-0.116722	-0.184940	-0.132009	0.091738	0.078852	-0.079334	0.036044
0.091318	-0.109504	-0.104801	-0.178198	0.130758	-0.025137	-0.063401	-0.026866	0.074744	-0.067776	-0.027359	-0.018994	-0.077898	0.124723	-0.061923	-0.018624	0.164996	-0.049368	-0.068162	0.084263	0.092102	0.092701	0.069836	0.072084	-0.066782	0.139583	-0.021663	-0.071102	-0.226359	-0.146965	-0.209269	-0.062466	0.097569	0.022844	-0.061887	0.209139	0.093784	0.007783	0.078366	-0.157840	-0.057582	-0.032918	-0.105664	-0.073675	-0.097228	0.013123	0.128945	0.027656	0.006916	-0.235566	-0.127356	0.037430	0.112568	0.002855	0.035610	-0.017538	-0.082749	-0.044496	0.165450	0.137131	0.139759	-0.048142	0.029487	0.157112	0.056810	-0.043556	0.028113	0.096504	-0.008567	-0.067850	-0.034664	0.013555	0.189369	-0.017803	0.013360	-0.074991	0.092886	-0.122628	-0.087851	0.135888	0.089111	0.138496	0.332790	0.007739	-0.180686	0.057651	0.033531	-0.024465	-0.008122	-0.041642	-0.012209	0.084202	0.038608	0.053418	-0.034567	0.025083	0.044689	0.056162	-0.083216	-0.086179
0.236148	0.141002	0.012056	-0.002076	0.178084	0.104690	-0.037632	0.008587	0.030466	-0.054496	-0.051664	0.024762	-0.072699	0.157840	-0.225665	-0.003814	0.178643	-0.058114	0.016815	0.039316	0.003300	0.129316	0.191906	0.012795	0.220661	-0.054535	-0.009104	0.038697	-0.065602	-0.048655	-0.158042	0.054800	0.167515	-0.008461	0.048383	-0.082466	0.134156	0.043474	0.158758	-0.053314	0.153874	0.020319	0.124942	0.117737	-0.012966	0.001262	0.033499	-0.063989	-0.066572	-0.186273	0.061823	-0.144777	-0.000273	0.038014	0.036691	-0.019435	0.001248	0.021672	0.224643	0.097536	0.191160	-0.159299	0.093984	0.106049	-0.041691	0.111658	-0.073884	-0.111021	-0.163872	-0.032325	-0.022095	0.036624	-0.010230	0.004046	-0.024312	-0.099648	0.045460	-0.013396	-0.102730	0.020380	0.000577	0.069724	-0.021909	-0.031244	-0.125783	0.072080	0.044313	0.010127	0.027155	-0.111882	-0.148841	0.011019	-0.247340	0.038413	-0.106281	0.057627	0.110090	0.069319	-0.076036	-0.093873
0.117334	0.008497	-0.086975	0.095525	-0.000949	0.302452	-0.009321	-0.015663	-0.041739	-0.067273	0.100411	-0.052851	-0.113090	0.209608	-0.000772	-0.049524	0.015048	0.072791	-0.064833	0.061866	0.086681	-0.001149	0.080453	0.013409	-0.009684	-0.161339	0.064057	0.029311	-0.004779	0.017168	0.116080	-0.047435	0.107644	-0.039869	-0.114312	0.170055	0.132953	0.112715	-0.000227	-0.154062	-0.017266	-0.010372	0.024437	0.116773	0.074564	-0.051433	0.116983	0.135328	0.118490	-0.171677	-0.077647	0.103971	0.142669	-0.278911	0.049064	-0.130830	0.026435	0.089167	0.195677	-0.114927	-0.015116	-0.102275	-0.049653	-0.074394	-0.014559	0.062620	0.034557	0.006637	0.050891	0.037014	-0.007820	-0.123322	-0.015383	0.198913	0.142529	0.186309	0.112995	-0.198785	0.028172	0.016562	0.124410	0.024284	-0.009395	0.102891	-0.074264	-0.149828	0.092871	0.131670	0.059023	-0.051303	0.096822	-0.017059	-0.042875	-0.011863	-0.037542	-0.047092	-0.072470	0.010095	-0.120223	-0.094153
0.194277	-0.078068	-0.097954	0.000933	0.088943	-0.054413	-0.103611	-0.013762	0.150627	-0.046488	-0.187561	0.139062	0.126574	0.147040	-0.098848	-0.011896	0.134153	0.066092	0.059272	0.049853	0.086516	-0.025351	0.177237	0.112636	0.005342	0.028115	0.139048	0.050066	-0.074458	0.049558	-0.179599	-0.130288	0.225188	0.029349	0.053790	-0.075817	0.094506	-0.048346	-0.013305	-0.098791	0.202792	-0.005078	0.026430	-0.080267	-0.085871	-0.044984	0.102470	0.075106	-0.028491	-0.108291	0.119483	-0.147660	0.022602	-0.234342	0.124346	-0.030597	-0.066708	0.107936	0.122583	0.118259	-0.038412	-0.134234	-0.045864	-0.037275	-0.083583	0.055541	-0.011355	-0.031414	0.013598	-0.071074	-0.148059	0.095706	0.026704	0.047244	-0.023648	-0.058585	0.037082	-0.059228	0.070222	-0.089557	0.144784	0.033735	0.102194	0.145509	-0.089456	-0.079150	0.113401	-0.032317	-0.067562	-0.044918	-0.158172	0.086199	-0.055765	0.105878	-0.032115	-0.150197	0.152366	0.163935	-0.082410	-0.074763
-0.019844	0.136356	0.143519	0.070424	-0.073086	0.286541	0.129242	-0.098617	-0.001992	-0.058776	0.098739	-0.006636	-0.102339	0.116215	0.052879	0.123986	0.055316	-0.159718	-0.028402	-0.043790	0.186154	-0.014589	-0.054169	0.157017	-0.040589	-0.011959	-0.075654	0.207274	0.033483	0.093235	-0.009576	0.003540	0.120429	0.108268	-0.082513	-0.079048	-0.028321	-0.064927	-0.003633	0.196931	-0.108181	-0.031093	0.060020	-0.111211	0.002545	-0.003283	-0.032634	-0.066728	0.154784	-0.011540	-0.082455	-0.007486	-0.067766	-0.152007	-0.032224	-0.089716	0.148893	-0.072647	0.203840	0.008037	0.034147	-0.007257	-0.143226	0.040630	0.073025	0.042198	-0.028880	0.058658	-0.076655	0.016054	-0.080409	0.135661	-0.304202	0.010494	0.132627	0.031678	-0.031002	-0.113124	0.113300	0.033222	-0.047393	0.040009	0.057550	-0.009303	0.033158	-0.158717	-0.202822	0.084816	-0.009077	-0.135134	0.017299	0.010020	-0.069779	0.068099	0.134120	0.046100	-0.107486	0.097028	0.071664	-0.130094
0.005214	-0.042621	0.030290	0.156936	-0.154918	0.173548	0.000797	-0.003794	0.169134	-0.109306	0.149022	0.056872	-0.079369	0.044274	0.161137	0.065785	0.006778	-0.071479	-0.042548	0.088029	0.015843	-0.026771	-0.055645	-0.116821	-0.060209	-0.082491	-0.080517	0.059141	0.057438	0.142595	0.093512	0.096508	0.011086	0.003811	-0.023472	0.064053	0.175887	0.010820	-0.030845	0.132316	-0.067160	0.152329	0.064962	-0.050303	0.171100	0.047962	0.075926	-0.001707	0.078588	0.015942	0.042872	-0.018924	-0.036521	-0.147657	0.070995	-0.120872	0.127984	0.095728	0.146359	-0.051943	-0.082322	-0.108693	0.053363	-0.128163	-0.079106	0.121536	0.053741	0.051986	-0.199210	-0.048329	0.045678	-0.030641	-0.121796	0.086110	0.153490	0.189423	-0.018370	0.006669	-0.207461	0.041487	0.091218	0.018133	-0.140352	-0.120134	0.018247	-0.172314	-0.173166	-0.098807	-0.149424	-0.108978	0.019680	0.234666	0.016516	-0.098709	0.114237	0.001075	-0.172065	-0.027946	-0.012331	-0.005496
-0.042090	0.069151	-0.025159	0.069566	-0.011865	-0.160188	0.146790	0.018479	0.025548	-0.065969	0.082414	0.044119	-0.019738	0.282959	0.080814	0.210264	0.118700	-0.062453	-0.060991	0.056096	0.036054	-0.033709	-0.064628	-0.012692	-0.112692	-0.020753	-0.267758	0.158546	0.216985	0.113710	0.090378	0.056985	-0.078401	0.021527	0.040110	-0.017481	0.082040	-0.096460	-0.057304	0.100385	-0.185299	-0.004015	0.062913	-0.059384	-0.069426	0.098314	0.091119	0.223570	0.096698	0.017057	0.184988	-0.012612	-0.114354	0.001248	-0.039031	-0.135690	0.049947	0.112083	0.032541	0.090817	-0.030174	0.037381	-0.064463	-0.000805	-0.023339	0.017903	0.036109	-0.113888	-0.229751	0.055025	0.089401	0.137320	-0.060511	-0.041627	0.171995	0.090977	-0.025298	0.033574	0.044439	-0.030414	-0.093342	-0.197405	-0.169707	-0.015936	-0.086609	-0.097117	-0.073639	-0.050661	0.129097	-0.122840	-0.073834	0.121199	0.076883	0.000731	0.063796	-0.010733	-0.044051	0.035063	-0.018810	-0.095054
0.054008	0.086649	-0.149220	-0.095669	-0.108964	0.116292	-0.004698	0.019187	-0.111380	-0.036754	0.122200	-0.044852	0.156968	0.093693	0.092450	-0.044106	0.007893	-0.236631	-0.024517	0.016983	0.087265	-0.049782	-0.010844	-0.064997	-0.062908	0.077792	-0.123790	0.177595	0.060763	0.165388	0.067930	-0.065712	0.094851	-0.011938	0.042773	-0.031047	-0.156857	-0.029109	-0.019148	0.007358	-0.048638	0.128883	0.129328	0.031806	0.115054	0.068644	0.075206	0.002221	0.155100	0.099324	-0.039050	-0.122428	0.030594	-0.095046	0.099971	-0.100328	-0.154706	0.145455	0.069513	0.028181	-0.056395	0.067512	0.020607	-0.012427	0.074179	0.086063	0.174962	0.143859	-0.143420	0.015671	-0.016436	-0.104544	-0.112760	0.120020	0.197604	0.019342	-0.187038	0.031611	0.010704	-0.063771	-0.060382	0.084358	-0.146819	-0.134685	-0.044166	-0.217306	-0.050058	-0.189788	-0.076684	-0.055938	-0.104351	0.054519	-0.031316	-0.096829	0.103412	-0.069625	0.123568	0.193946	0.020473	0.093451
-0.045193	-0.110964	-0.077035	-0.017763	-0.029714	0.098958	-0.070444	-0.079009	0.092811	-0.082550	0.202614	0.064708	-0.179231	0.223413	0.031232	0.006160	-0.079134	-0.019334	-0.109085	0.057834	-0.007886	0.110578	-0.028961	-0.013109	-0.059222	0.008559	0.030791	0.217182	0.078754	0.065446	-0.013449	0.018266	0.194689	-0.022617	0.063895	0.028317	0.040569	-0.122056	-0.023545	0.191422	-0.179304	0.007234	0.031347	-0.074145	0.133037	-0.016693	0.090692	-0.061266	-0.014863	-0.206284	-0.138264	0.101910	-0.101520	-0.088744	-0.155288	-0.123335	-0.010144	0.100999	-0.047937	-0.164193	-0.155147	0.035339	0.055539	-0.081374	-0.015716	-0.068366	-0.029768	0.058651	-0.042496	0.029980	0.049150	-0.013259	-0.113934	0.028294	0.158989	0.108376	0.002714	-0.136103	-0.144317	0.068527	0.221447	0.013437	0.085949	0.123738	-0.063491	-0.082707	-0.066820	0.062037	0.075737	-0.131068	-0.055444	0.178818	-0.038172	-0.079161	0.181661	0.015778	0.058689	0.200315	0.040067	-0.035362
-0.060312	0.107624	-0.042083	0.007921	-0.023334	0.136533	0.276208	-0.134330	0.236722	-0.111413	-0.000092	-0.039969	-0.072969	0.137437	0.156683	-0.100820	-0.041769	-0.121586	0.011785	-0.035416	0.020322	0.012719	-0.100659	0.080131	0.053330	-0.088221	0.014047	0.000028	-0.102470	0.057023	-0.056132	0.014984	-0.061155	0.006647	0.180881	0.111253	-0.096644	-0.217137	-0.140544	-0.053806	0.110693	-0.001059	0.124507	0.008846	0.013966	-0.006236	0.070113	0.226463	0.101989	-0.016640	-0.142201	-0.058677	0.188713	-0.072961	0.079931	0.019442	-0.047308	0.006853	0.027095	0.065986	-0.080801	-0.117644	0.093746	-0.048259	0.146006	0.069567	0.104513	-0.007797	-0.009538	-0.094960	0.029166	-0.048821	-0.020616	-0.007821	0.136686	-0.005663	-0.180525	-0.177958	0.021966	0.026545	-0.014254	0.141919	0.033566	-0.060182	-0.038930	-0.042954	-0.113127	0.052969	0.110254	-0.024755	-0.005490	0.150839	0.113769	0.036557	0.018797	-0.178567	0.181618	-0.149822	-0.136744	-0.099351
0.013724	-0.144411	-0.075698	0.014051	0.088916	0.039925	-0.069932	0.026134	-0.012336	-0.052620	0.139060	0.021130	0.000120	0.262858	-0.070317	0.112456	0.059578	-0.076678	-0.057943	-0.103667	-0.094718	0.168153	-0.015650	0.045750	-0.140971	0.029128	0.123955	0.123962	0.001567	0.208612	-0.163125	0.119613	0.027832	0.022478	0.111934	-0.046296	0.067064	-0.204438	-0.072247	0.149956	-0.048448	0.032148	0.125269	-0.020779	-0.181623	-0.007603	0.155705	0.073325	0.024874	-0.249047	-0.023411	0.038647	0.083446	-0.045080	-0.076973	0.054822	-0.061485	0.037898	-0.090638	0.080287	0.078219	0.128089	-0.008190	0.056902	-0.108580	0.105997	0.060557	-0.014320	-0.048007	0.062184	-0.049339	-0.033073	0.044277	-0.001666	0.024472	0.142878	-0.014889	0.008999	-0.099788	0.049848	-0.030883	0.002880	-0.199334	0.007206	-0.086539	0.028841	0.015336	-0.014718	0.080132	-0.219905	-0.264199	0.101664	0.027755	-0.114332	-0.076508	-0.027526	0.247880	0.048082	-0.059288	0.068093
-0.150722	0.158410	0.021802	0.021882	0.002063	0.046031	-0.010586	-0.013066	0.172212	-0.001945	0.185654	-0.095872	-0.130419	0.207298	-0.093126	0.064793	-0.000906	-0.069600	-0.079923	0.165501	0.071707	0.116076	-0.077829	-0.017040	-0.123920	0.066398	0.045704	0.181200	0.074929	0.129187	-0.201638	0.078586	-0.166156	-0.041699	0.064744	-0.013736	-0.066272	-0.008850	0.035817	0.138835	-0.065400	-0.273409	0.080860	-0.005098	-0.020726	-0.047245	0.111261	0.127163	0.197996	-0.100528	-0.065145	0.008434	-0.018026	-0.076209	0.005999	-0.204988	0.065729	0.015000	-0.069175	-0.172514	0.003133	-0.079163	0.016847	-0.046254	-0.016377	0.137303	-0.040992	-0.092077	0.152437	-0.098670	-0.062880	0.047929	0.035765	0.091555	0.101227	0.068511	-0.008378	-0.118269	-0.103520	0.021134	-0.047390	0.087920	-0.006701	0.076410	-0.077413	-0.094040	-0.132514	0.010608	-0.040672	0.061500	-0.119597	0.112612	0.000184	-0.147116	0.179292	-0.105281	0.112670	0.037295	-0.100609	0.043433
0.079059	-0.127126	0.017452	0.055402	-0.172051	-0.157588	-0.001768	0.086024	0.204760	-0.108543	-0.108257	-0.113374	-0.044346	0.332243	-0.030845	0.021107	-0.055065	-0.005641	-0.163207	0.015475	0.082264	-0.111623	-0.034613	-0.017711	-0.070981	-0.057358	0.116374	-0.008460	-0.123949	-0.003521	-0.158515	0.020543	0.027488	0.019033	0.162934	-0.073727	-0.038998	-0.151707	-0.111364	0.081440	0.089185	-0.176831	0.194349	0.136250	-0.046629	-0.154326	0.075832	0.128897	0.041359	-0.037003	-0.151112	-0.010315	0.048770	-0.042657	-0.055774	-0.110553	0.010266	-0.113246	0.031117	0.003369	0.016890	-0.078142	0.056371	-0.098889	-0.148748	-0.011939	0.102015	0.087721	-0.035060	-0.087921	-0.245816	-0.065864	0.039398	-0.055524	0.042102	-0.243149	0.023449	-0.056481	0.058640	-0.049041	-0.040608	0.009085	0.003283	0.017820	-0.111939	0.002203	0.018532	-0.093332	0.075227	-0.003212	0.039748	0.054840	0.119806	0.106359	-0.112106	-0.197191	-0.056849	-0.048082	-0.032712	-0.023662
-0.052286	-0.001451	0.147319	0.060178	0.169870	0.116451	-0.060682	0.151926	0.024217	0.057628	0.052326	-0.126508	-0.076550	0.082598	0.084552	-0.019743	0.094333	0.007165	-0.007360	0.055362	-0.012212	0.120505	-0.102186	-0.080708	0.029076	-0.028499	-0.162997	0.190083	0.061146	-0.125409	-0.127138	0.079375	0.326398	0.108428	0.019430	-0.075030	-0.054602	-0.141890	0.089897	-0.052123	-0.101685	-0.021995	-0.003202	0.062327	-0.050193	-0.126415	0.152949	0.023320	0.081946	-0.042158	0.091639	0.129192	0.085550	-0.161524	-0.103621	-0.053703	-0.058389	0.031374	-0.186816	0.248494	0.057532	-0.162959	-0.017914	0.118255	-0.050200	0.180473	0.131623	-0.023057	-0.053340	0.135497	0.131393	0.046257	0.005237	-0.086282	-0.010614	-0.068897	-0.033975	-0.061317	-0.054645	-0.145542	0.020724	0.133114	-0.044500	0.013898	-0.117560	-0.084541	0.130562	0.045981	-0.006851	-0.026075	-0.111155	0.190341	0.004483	-0.023651	0.093201	0.102945	-0.044452	0.017251	0.013332	0.040815
-0.033018	-0.022251	-0.069806	-0.035502	0.030486	0.002779	0.182135	-0.012173	-0.052816	-0.019474	0.091824	0.164943	0.058733	0.089594	-0.038423	0.068298	0.061480	-0.006893	-0.035531	0.064659	-0.040099	0.190919	-0.002075	0.112172	-0.041720	0.126437	0.011712	0.075647	0.048765	-0.062244	-0.013708	0.117875	0.147800	0.077340	-0.143802	0.033473	-0.067281	-0.110130	0.043744	0.050135	-0.108774	0.109977	0.013661	0.028507	-0.035882	-0.042203	0.109679	0.042728	0.112989	-0.264682	-0.091578	0.113166	0.115612	-0.063428	0.085800	0.017661	-0.177990	0.027824	-0.023858	0.013706	0.155003	0.103410	-0.157599	0.097529	0.057403	0.102552	0.174623	0.031697	-0.027302	0.040470	0.069548	0.064073	-0.024063	-0.018041	0.074599	0.066647	0.121080	-0.130670	-0.195525	0.270557	-0.018028	0.013068	0.041798	0.115004	-0.104897	0.074480	0.078877	0.117374	-0.087300	-0.140623	-0.237196	0.085830	0.078802	-0.010273	0.054825	-0.054897	0.289395	0.019206	-0.058378	-0.015081
0.010877	-0.007650	-0.178935	-0.101248	0.091676	-0.065752	0.004286	0.055857	-0.015030	0.042767	-0.057268	0.146377	-0.097045	0.019901	-0.065816	-0.033490	0.012604	0.112595	0.005108	0.000099	0.278403	0.092087	0.036638	-0.011175	0.018775	0.160327	-0.186217	0.091206	0.082234	0.046443	-0.012805	-0.094912	0.153613	0.105339	-0.075223	0.006973	0.125046	-0.061279	-0.047624	0.019735	-0.123738	-0.026542	0.039392	-0.120272	-0.065632	-0.065409	0.157314	0.097807	0.128675	-0.210788	-0.032107	-0.024332	-0.035744	-0.047901	0.068567	0.056238	-0.121978	0.107633	0.132965	0.022353	0.052295	-0.074940	-0.037229	0.062820	0.007550	0.188972	0.129612	0.116547	-0.009635	-0.106082	0.038222	-0.103518	-0.004369	0.104382	0.006569	0.162925	0.082672	-0.019899	-0.188706	-0.047997	-0.091518	0.097967	0.092513	0.069966	-0.144250	-0.259681	-0.119038	-0.094537	-0.006007	-0.212025	-0.146103	0.067048	-0.005533	-0.049066	-0.017383	-0.042784	0.144647	0.115480	-0.104817	-0.081838
0.032419	0.011187	0.006046	-0.044472	-0.108949	0.265370	0.082256	0.143232	-0.019077	-0.050297	0.073976	0.001118	0.055149	0.182056	0.007194	0.121591	0.073339	-0.157654	0.004683	-0.011822	0.162389	-0.022962	-0.066442	-0.005440	-0.029914	-0.010444	0.047773	0.116270	-0.169231	0.086587	-0.180419	0.115576	-0.031626	0.146398	0.060465	-0.044906	-0.101319	-0.006324	-0.228623	0.229366	-0.111437	0.172613	0.075247	0.174198	-0.015500	0.093805	-0.017833	0.055238	0.135281	-0.107546	-0.052229	-0.028931	0.040371	-0.006158	0.065447	-0.013369	0.026733	-0.105534	-0.080683	-0.077104	-0.018994	0.111306	0.009752	0.079232	0.029357	0.021364	-0.035182	0.081647	-0.117632	0.035027	-0.189416	-0.021270	0.054820	0.029486	-0.010896	-0.067504	0.098150	-0.220035	-0.077478	0.083249	0.016260	-0.047767	-0.201974	-0.046946	-0.059958	-0.122701	0.020156	-0.009614	0.003739	-0.077558	0.066684	-0.048754	-0.040858	-0.240873	0.132126	-0.072890	0.017951	0.170870	-0.065077	-0.128233
0.125006	-0.036983	0.057706	-0.027756	-0.073053	-0.144782	-0.131590	-0.094705	0.112145	0.101183	0.143010	-0.178631	-0.087880	0.071254	-0.182367	-0.057291	-0.002837	-0.040028	-0.160891	0.038413	0.173545	0.116239	-0.025478	-0.104877	0.124801	0.044102	-0.125453	0.040260	0.022762	-0.168648	-0.078100	0.113448	-0.043351	-0.026765	-0.075038	0.154632	-0.033749	-0.230149	0.057072	-0.015089	0.221623	0.015862	-0.031913	0.137876	-0.026189	-0.000016	-0.034021	-0.086591	0.060651	-0.017925	-0.039688	-0.183491	0.092932	0.118343	-0.041094	-0.163605	-0.040966	-0.038261	0.036779	0.020287	0.138416	-0.133176	-0.071967	-0.100096	-0.006432	0.051705	0.043753	0.214811	-0.000759	0.084403	-0.028542	0.008370	-0.179132	0.044022	0.076751	0.062431	-0.138635	0.049153	0.125968	-0.208627	0.024802	-0.130571	0.017134	0.034571	-0.103860	-0.014305	0.042798	-0.060427	0.038752	-0.142278	0.058476	-0.033728	0.159991	-0.066335	0.019627	0.054836	-0.104833	-0.148911	-0.018158	-0.080627
0.175102	-0.091232	0.017389	-0.067307	-0.019736	0.023212	-0.086059	-0.168945	0.131549	0.051175	0.053810	-0.189069	-0.102203	0.123740	0.042479	-0.053319	0.002264	0.120478	0.049953	0.072081	0.045143	-0.141108	-0.045638	-0.028334	0.003187	0.223371	-0.018705	-0.015690	0.082597	-0.215145	-0.072520	0.095003	0.073127	-0.009073	0.021281	0.079083	-0.125236	-0.116816	0.011350	0.097581	-0.006761	-0.052675	-0.093927	0.302189	0.143137	-0.075827	0.044160	0.069707	0.094336	0.010381	-0.137420	0.017651	0.094684	-0.053474	-0.012854	-0.055630	-0.287638	-0.113545	0.126763	-0.177176	0.044008	-0.130443	0.004297	0.005025	0.073961	0.051838	0.067616	-0.005599	-0.036995	0.041777	0.047659	-0.075040	-0.164413	0.093393	0.077380	0.056625	-0.039020	0.046468	0.088201	-0.165028	0.061811	0.029048	0.047969	0.044493	-0.094586	0.107813	0.021422	-0.005802	-0.013246	0.004084	-0.134689	-0.024774	0.211520	-0.146229	0.019591	-0.006572	0.065976	-0.008700	-0.208307	-0.046389
-0.000427	-0.205336	0.117120	-0.024429	0.123944	-0.036879	-0.197335	0.090704	0.139050	-0.109358	0.088230	0.041956	0.087560	0.147307	-0.112964	-0.071114	-0.008703	0.017945	-0.066162	0.192915	0.036862	0.004632	0.041610	0.029226	0.005683	-0.011211	0.047534	0.119177	0.117477	0.014881	0.024259	0.071682	-0.038936	0.068964	0.109255	0.214103	-0.187433	-0.013986	-0.053150	0.127441	0.036846	-0.053349	0.176375	0.274690	0.030405	-0.126870	-0.244204	-0.013032	-0.041862	-0.135623	0.021781	-0.042258	-0.018813	0.060843	-0.116759	-0.178049	-0.128977	-0.125281	0.028033	0.057509	0.189534	-0.131420	0.090353	-0.107788	-0.019528	0.028088	-0.047034	-0.155338	0.009359	0.049322	0.139221	-0.062418	-0.009156	0.123921	-0.045708	-0.054930	0.035122	0.057894	-0.019710	-0.118300	0.015866	-0.060764	-0.025334	0.038398	-0.115991	0.082939	-0.103976	-0.107588	0.012472	-0.048095	0.009197	-0.058613	-0.081661	0.050816	0.023186	0.218723	0.123676	-0.025510	0.027678	0.010777
-0.067613	0.003233	-0.094150	0.079917	0.162061	-0.085951	-0.078084	0.003371	0.055573	0.077885	0.009999	0.097064	0.047795	0.136643	0.003176	-0.057236	-0.057896	-0.245850	0.179010	-0.155017	-0.066017	-0.121523	0.113923	0.020605	0.077394	0.018720	0.151384	-0.203717	-0.087605	0.078139	-0.242709	0.000226	0.021778	0.021105	-0.086383	-0.033457	-0.043183	-0.049514	-0.144899	0.073886	-0.219627	0.016459	0.038794	0.094451	0.114926	-0.002790	-0.028475	0.166682	0.012507	-0.087358	-0.082553	-0.275810	0.000626	-0.042464	0.007840	0.062368	-0.171270	-0.064278	0.068701	0.089457	0.058393	-0.007518	-0.043850	0.009749	-0.066589	0.107604	-0.043434	0.031458	-0.051064	0.010947	-0.143822	0.067372	0.054234	-0.057324	0.044694	0.009180	-0.156317	-0.027344	-0.025367	0.062789	-0.270690	-0.054179	0.091818	-0.061585	-0.213378	-0.058136	-0.071833	0.092211	-0.104640	0.020500	0.065659	-0.140558	0.034784	-0.012031	-0.142886	0.012416	-0.003659	0.012618	0.134639	0.030744
0.125148	-0.013328	0.014081	0.005813	-0.059870	-0.002430	-0.109524	0.069815	0.216376	0.097220	-0.033022	-0.008954	-0.113449	0.010834	0.012877	0.042478	0.190257	-0.045213	-0.065931	0.164807	0.112420	-0.157955	0.032491	0.041930	-0.021813	0.065086	0.107784	0.142385	0.034105	-0.010622	-0.015761	0.124937	-0.127231	0.047649	0.005256	0.051931	0.115448	-0.135428	0.009885	0.306504	-0.128402	-0.094636	0.100879	0.095596	-0.006000	0.181092	0.033557	0.006950	-0.054879	-0.051244	-0.086765	-0.128904	-0.024624	0.137935	0.003165	0.014917	0.048462	-0.086785	0.128402	0.082416	0.068898	-0.085634	0.075740	-0.152879	0.080829	0.007118	-0.104746	0.187157	-0.002477	-0.095115	-0.057004	-0.003926	-0.126996	0.007234	0.161848	0.166319	0.099706	0.000326	-0.081219	-0.066706	-0.012773	-0.107485	-0.084696	0.108565	-0.069071	-0.011103	-0.065471	0.030709	0.037869	-0.123357	0.060871	0.218795	0.091746	-0.219847	0.076164	-0.011843	-0.207820	0.058440	0.035181	-0.045192
0.206285	0.025072	0.074488	0.058452	0.097206	-0.043372	0.045206	0.024467	0.061011	-0.100615	0.045407	-0.183827	-0.009343	0.238831	-0.015783	-0.048233	0.017731	0.075684	-0.152976	-0.038221	-0.057949	0.108400	0.164702	-0.063466	0.049801	0.029847	-0.051127	-0.030313	0.008078	-0.078924	-0.184197	0.206675	-0.003271	-0.054036	-0.082295	0.030316	-0.045555	-0.036076	0.179596	0.104935	0.000374	0.030987	0.068850	0.180945	0.055457	0.094826	0.030124	-0.010335	0.002562	-0.128204	0.015616	-0.121030	0.218998	0.022122	-0.033413	-0.003553	-0.349118	-0.111179	-0.110559	0.127138	0.132861	0.029699	0.041487	0.039232	-0.028455	0.159726	0.082032	0.088905	-0.111898	0.072388	0.075524	-0.009946	-0.013303	0.227118	0.016723	-0.099125	0.014268	-0.023526	-0.015330	-0.031771	0.038702	-0.057011	-0.087388	-0.042932	-0.060640	0.051827	-0.088255	0.017852	0.099486	-0.043195	-0.030418	-0.058227	0.118335	0.106736	-0.132971	0.107502	0.068360	-0.080186	0.203825	-0.053806
0.000021	0.064421	-0.015575	0.036138	-0.132080	0.038010	-0.018273	0.026323	0.094704	0.044980	0.017124	0.020054	0.004159	-0.089713	0.057685	0.052101	-0.055153	-0.005649	-0.128792	0.307286	0.006753	-0.083327	0.188028	-0.173397	0.114575	0.159307	-0.187727	-0.096266	0.080416	-0.152167	0.094873	0.014748	-0.023892	-0.158273	-0.028102	0.022396	-0.052884	-0.136718	0.079866	0.050536	-0.018188	-0.141834	0.200379	0.041460	0.024904	-0.127579	-0.033105	0.054359	0.056600	0.063008	-0.047753	-0.082544	0.038087	-0.244148	0.010163	0.035698	-0.098092	-0.114988	0.034417	-0.037431	0.188598	-0.124625	-0.016337	-0.106333	0.025737	0.140644	0.086918	-0.029807	-0.043222	0.063486	-0.039007	-0.054961	0.108517	-0.081251	0.073910	-0.024976	-0.125678	0.021579	0.023348	-0.109150	0.166111	-0.032407	-0.039170	0.222531	-0.036746	0.148892	0.156837	0.109980	0.074484	0.064561	0.026403	0.156730	0.036478	-0.094922	0.147855	-0.027553	0.031217	0.009494	-0.164183	-0.066719
0.047701	-0.113577	-0.152341	0.121854	-0.136666	-0.058184	-0.016244	0.021530	-0.053057	-0.058539	-0.014365	0.050799	0.034130	-0.136757	0.080046	-0.104677	0.231032	-0.081543	0.116136	-0.139795	0.189438	0.030154	-0.127655	0.108965	-0.004347	-0.058650	-0.057695	0.016240	-0.076093	0.112317	-0.195473	0.005151	-0.061789	0.051267	-0.085130	0.013180	0.026508	-0.079087	-0.022298	-0.087462	0.157030	0.013350	-0.099906	0.016028	0.014630	0.134134	0.274406	0.178934	0.036507	-0.103704	0.025348	0.052394	0.011436	-0.012833	0.127895	-0.012376	-0.207184	-0.191469	0.119437	0.185513	0.150332	-0.067455	0.142964	-0.026823	-0.080788	0.128368	0.089468	0.118283	0.028007	-0.080027	-0.087680	0.173353	-0.075556	-0.084409	-0.052595	0.092426	0.008857	-0.157591	0.042794	-0.053507	0.094782	0.065367	0.016073	-0.079707	-0.098626	-0.010064	0.144444	0.044316	-0.069834	-0.008250	-0.066576	-0.081393	-0.077833	-0.018324	-0.130488	-0.073374	-0.072655	0.053119	0.082229	-0.041362
0.407404	-0.010257	0.084640	0.038314	-0.086176	-0.046747	0.110836	-0.020110	0.041741	-0.111628	-0.136638	0.009905	0.063749	-0.088266	0.129658	-0.011167	0.156237	0.185527	-0.079563	0.138176	0.058866	-0.087909	0.063204	-0.049626	-0.061318	0.107904	0.041862	0.034943	0.050702	-0.052132	-0.138978	0.038725	-0.023661	0.062691	-0.096268	-0.054197	0.072551	-0.115028	0.036520	0.160377	0.062371	0.085706	0.081998	0.221721	0.024460	0.110965	-0.002724	0.003456	0.042481	-0.177191	0.075902	-0.104346	0.083281	-0.180400	-0.031723	-0.061839	-0.162943	-0.147549	-0.005004	0.139438	0.096798	-0.211423	-0.107120	0.097285	0.050900	0.176905	0.005402	0.110517	-0.083063	0.020304	0.016199	-0.027186	-0.191090	0.082590	0.047136	-0.019359	0.024541	0.087766	0.022166	-0.155158	0.152887	0.022236	-0.058054	0.050462	-0.081585	-0.075964	-0.026598	-0.006338	0.010558	-0.027417	0.044479	0.005063	0.049885	-0.059827	-0.031937	-0.025016	0.026798	-0.156370	0.056589	-0.020651
-0.039290	-0.113358	-0.013034	-0.010172	-0.082070	-0.041027	-0.068337	0.023760	0.155461	-0.093411	-0.025114	-0.147490	0.054752	0.100475	-0.014628	0.144223	-0.015240	0.086352	-0.040273	-0.081966	0.029754	0.037291	-0.036649	-0.114537	-0.022119	-0.053430	0.187061	-0.131089	-0.017153	0.081095	-0.072738	0.051180	-0.105650	-0.104088	-0.010389	-0.080123	-0.001433	-0.090477	-0.095236	0.133686	0.021035	-0.214643	0.015473	0.046737	-0.004602	-0.084541	0.134883	0.050805	0.101705	-0.121431	-0.013439	-0.086199	0.312482	-0.153343	0.184464	-0.041619	-0.192652	0.000544	0.116483	0.067801	0.102433	-0.041996	-0.046655	0.071881	-0.067660	0.106454	0.200903	0.084002	-0.176680	0.147439	0.007968	-0.005436	0.075238	-0.005492	-0.055464	-0.129195	0.015724	0.089055	0.005373	0.138144	0.151731	0.173318	0.159428	-0.024882	-0.163717	-0.000116	0.023775	-0.087555	0.022577	0.039968	0.002651	0.166095	-0.092757	-0.088288	0.014468	-0.074555	0.111542	-0.090969	0.119046	-0.064652
0.155370	0.070539	0.099602	0.030398	0.141049	-0.102699	0.235284	-0.007206	0.195410	0.025594	-0.131136	-0.040963	-0.092276	0.123233	-0.131706	0.021658	0.096243	-0.054941	0.005854	-0.023942	-0.069591	0.067966	0.109352	0.101436	0.210987	0.005566	0.096688	0.083192	-0.216415	-0.060110	-0.139388	0.213698	0.147453	0.124422	-0.161249	0.033513	0.086094	-0.103538	0.060457	0.114108	-0.068079	0.039981	0.008661	0.152545	0.002084	0.142832	-0.073768	0.112927	-0.025734	-0.131991	-0.066774	-0.016458	-0.014991	0.074010	0.039487	-0.043976	-0.103491	-0.002370	-0.067864	0.076356	-0.020057	-0.092565	0.080349	0.106901	-0.007447	0.204283	0.039771	-0.108701	-0.137343	0.142294	-0.038497	0.084839	-0.048607	0.031272	-0.092930	-0.244750	0.051390	-0.118505	-0.051428	-0.006634	-0.001055	-0.021210	-0.038986	0.104318	-0.132551	0.105431	-0.050769	-0.059379	-0.105819	-0.064435	0.167088	-0.006326	-0.092563	0.051728	0.008009	0.022245	0.077528	-0.054965	0.012945	-0.021637
0.007920	-0.142113	0.054223	0.127524	0.036161	0.024737	0.051046	-0.052519	0.056601	0.010017	0.107575	-0.013132	-0.200949	0.166540	0.022328	-0.015288	0.102803	0.075279	0.023339	-0.082406	0.039746	-0.022239	0.130400	0.101069	-0.005726	0.120893	0.003847	0.102684	-0.024155	-0.240283	-0.014694	0.123012	-0.043997	-0.022324	-0.028820	-0.168084	0.013403	-0.139771	0.028874	-0.021036	-0.007794	0.009473	-0.139467	0.064252	0.175133	-0.075878	0.056439	-0.094511	-0.019063	0.012189	-0.107970	-0.011298	0.064972	-0.073365	-0.063583	0.072215	-0.250721	-0.195999	0.089750	0.195511	0.077742	0.026387	0.137569	-0.007998	0.129817	0.033299	0.012238	0.120583	-0.007480	0.061883	0.207345	0.032096	-0.189887	0.023544	0.102839	0.175058	0.111780	-0.069526	-0.142527	-0.036950	0.068306	0.015125	-0.065629	-0.131760	-0.199102	0.123114	0.087468	-0.009940	-0.022433	-0.021902	0.010259	-0.005853	0.025352	0.067222	0.037264	0.266351	-0.056007	-0.086199	-0.084353	-0.074721
-0.103716	-0.153225	0.068273	0.076989	-0.072944	0.073314	-0.112504	0.039924	0.039874	0.136246	0.194305	-0.106154	-0.186908	0.037812	-0.001522	0.076777	0.254876	-0.033309	0.028908	-0.076062	0.079212	0.005075	0.186347	0.114925	0.070568	0.157907	-0.020187	-0.105721	0.069704	-0.191612	0.107038	-0.002260	0.056749	-0.008308	0.013746	-0.061616	0.005903	-0.020991	0.159791	0.018184	0.026386	-0.014248	-0.046650	-0.002883	0.104417	0.132829	0.079666	-0.170165	0.011731	-0.076800	-0.072220	-0.035803	-0.082003	0.049634	0.047627	0.108847	-0.109668	-0.176484	-0.028444	0.173488	0.147755	-0.165772	0.063421	0.047052	-0.068901	0.161171	0.135632	0.092107	0.087497	0.012300	0.016064	0.165239	-0.207780	0.101704	0.206534	-0.077294	-0.067494	0.016087	-0.179140	-0.145285	-0.086198	-0.074816	0.020468	-0.059889	0.109348	0.088834	0.060410	-0.021542	0.043363	-0.062123	-0.001419	-0.029865	0.078203	-0.077876	-0.015368	0.073753	-0.017580	-0.072965	0.009546	-0.083528
-0.052623	-0.127512	0.213796	0.180009	0.034723	0.033570	-0.116958	-0.081497	0.067848	0.034984	0.107984	0.052873	-0.103858	0.154054	0.005184	0.044363	0.257456	0.046746	0.018130	-0.102620	0.069183	0.029494	-0.016118	0.127607	-0.011395	0.088462	-0.111703	0.013304	-0.144939	-0.163448	0.000879	-0.057368	0.114461	0.011314	-0.059640	-0.115095	0.139954	-0.129678	-0.071210	-0.055689	0.036126	-0.104068	-0.139004	0.035498	0.096398	0.112778	0.168474	-0.111067	-0.000384	-0.140903	-0.126786	0.044364	0.020095	0.084675	-0.055784	0.050363	-0.082007	-0.145736	-0.173306	0.142202	0.090614	0.006056	0.054427	-0.031733	-0.083570	0.062355	-0.083991	0.218471	0.039932	-0.006899	-0.007593	0.155256	-0.097086	0.017059	0.112225	-0.113761	-0.141459	-0.126519	-0.187913	-0.094475	-0.076059	-0.130089	-0.035083	-0.104850	-0.126296	0.018929	0.075529	0.129636	-0.040338	0.059538	-0.037511	0.091971	0.030542	0.012964	0.143463	0.090161	-0.001284	-0.001292	0.081259	-0.080432
0.025272	-0.030331	0.182182	0.215695	0.051521	0.122419	-0.021757	-0.075968	-0.050988	0.070852	0.028768	0.156862	-0.113131	0.136736	-0.001512	-0.083852	0.111320	0.027277	-0.114718	0.021053	0.167772	0.030016	0.073060	-0.047566	-0.024157	0.088847	-0.095075	0.041865	0.004796	-0.211019	0.062233	0.077075	0.027753	0.024425	-0.035763	-0.049938	0.191828	-0.130775	0.118370	0.065337	-0.054391	-0.033017	-0.134829	0.146073	-0.084331	0.078488	0.115872	-0.080093	-0.083869	-0.107042	-0.089427	-0.007395	-0.033091	0.187656	0.003344	0.126608	-0.162685	-0.137077	-0.125578	0.156897	0.069607	-0.013954	0.042987	0.050233	-0.092245	0.070450	0.043696	0.076018	0.025219	-0.006004	0.009556	0.165816	-0.196404	0.055442	0.034015	-0.060298	0.022157	-0.213243	-0.113554	-0.180684	0.051280	0.057962	0.013669	-0.009209	-0.260497	-0.047823	0.078578	0.080024	-0.005602	0.033350	-0.059265	0.017796	-0.065746	-0.055706	0.200123	0.091961	0.066461	-0.109632	0.067546	-0.006162
-0.070198	-0.002793	-0.179613	0.064423	-0.074098	-0.027598	0.005027	0.047135	0.086242	0.095040	0.089959	-0.077998	-0.234754	0.233928	-0.069612	0.007921	0.140205	0.038652	0.083605	0.029462	0.153023	0.073878	-0.075663	-0.071819	-0.043137	-0.037181	-0.042457	0.202447	0.110660	-0.058148	0.075933	-0.038938	0.057785	-0.150803	0.009940	-0.188878	0.068399	-0.043953	0.072273	-0.112955	0.092763	-0.073809	-0.027675	-0.001160	0.013006	0.077955	0.090845	0.072188	-0.114723	-0.264693	-0.067431	0.049354	0.066145	-0.068099	-0.079639	0.027118	-0.058713	-0.030084	-0.070019	0.183434	0.051357	-0.028929	0.179796	-0.012660	0.001577	0.153280	0.084258	0.142451	0.018534	-0.141552	-0.066968	0.116821	0.027346	0.259914	0.103990	-0.098332	0.058291	-0.032105	-0.173667	-0.050836	0.067458	0.028615	0.005147	-0.124864	-0.066028	0.167707	-0.027032	-0.064018	0.025718	0.037527	-0.062062	-0.097979	-0.180556	0.085489	0.060028	0.046174	-0.105944	0.099684	-0.040195	-0.057615
0.067316	-0.002632	-0.005523	0.088432	0.086219	0.078555	-0.074003	-0.034666	-0.045470	0.102229	0.273635	0.106047	-0.104723	0.141409	0.000456	-0.032212	0.221611	0.080833	-0.057104	0.124828	0.095638	0.165053	0.016054	-0.025226	0.009029	0.133020	-0.021437	0.090392	0.059665	-0.249248	0.101310	0.017559	0.132468	-0.064294	-0.120877	-0.088336	0.020652	-0.025092	0.050068	-0.102227	-0.020025	-0.042452	-0.038297	0.185613	0.104243	0.026875	0.160633	0.046774	0.019104	-0.116177	0.030819	0.000854	0.120341	0.005930	-0.014029	0.152982	-0.159038	-0.114615	-0.073848	0.055676	0.196130	0.000289	0.024336	-0.119945	-0.143099	0.011619	0.013197	0.099042	0.189467	-0.048400	0.036194	0.139475	-0.050105	0.069854	0.100876	-0.058975	-0.082258	-0.056942	-0.190096	0.092347	0.073030	-0.120253	-0.053164	0.076103	-0.108784	0.056798	0.044031	-0.078949	0.099555	0.035815	-0.103259	0.164464	-0.115071	0.032664	0.175576	0.142134	-0.015347	-0.005772	-0.033886	-0.021512
0.038150	0.056906	-0.001617	-0.012850	0.025399	0.064898	0.009558	-0.103564	-0.052063	0.015666	0.272703	-0.055452	-0.159886	0.153843	0.087308	0.066123	0.095217	0.171261	-0.096331	0.087420	0.139959	0.014455	0.059239	-0.145040	-0.060085	0.161803	-0.123450	0.100640	0.213137	-0.204186	0.044112	0.011302	0.020517	-0.110770	-0.011918	-0.040023	-0.031520	-0.026436	0.096936	0.013569	0.058596	0.055726	-0.047803	0.244142	0.129145	0.113685	0.070452	-0.116315	-0.022156	-0.070265	-0.113448	0.021380	0.020762	-0.034895	-0.133664	-0.000796	-0.138969	-0.246522	-0.009230	0.056662	0.051720	-0.095317	0.185892	-0.086623	0.012030	0.052534	0.147705	0.089232	0.081125	-0.074884	0.037140	0.061885	0.000674	0.049027	0.082862	-0.027803	0.014043	-0.082721	-0.175377	-0.017957	0.035586	0.046459	-0.147562	-0.001962	-0.158654	-0.062849	0.065246	-0.031125	0.118676	0.006733	-0.140240	0.102953	0.032828	0.084693	0.214597	0.066675	-0.050931	0.021845	0.108852	-0.016265
-0.079925	-0.088855	-0.139770	-0.039367	-0.031572	-0.043486	0.053644	-0.100473	0.022838	0.132695	0.012882	0.060115	-0.159245	0.098926	0.095009	-0.136192	0.121897	0.057291	-0.056957	0.035900	0.126545	0.107752	0.081419	0.223621	0.110079	0.193260	-0.056168	0.172716	0.122407	-0.131547	-0.038872	-0.104031	-0.057375	0.009208	0.088072	0.027745	-0.095625	-0.037678	0.118222	-0.019410	-0.087900	-0.047740	-0.138752	0.035019	0.087243	0.104342	0.051941	-0.079612	-0.077204	-0.123641	-0.040825	-0.157192	-0.031037	0.001858	0.035248	0.038218	-0.187368	-0.172718	-0.073655	0.159039	0.200880	-0.156526	-0.004097	-0.000112	-0.014172	-0.040461	0.084398	0.111500	0.191410	-0.077767	0.084367	0.112277	0.064858	0.152396	0.050186	-0.067829	0.064803	-0.072032	-0.110475	-0.059445	0.019356	-0.065739	0.023978	-0.075159	-0.006858	0.079629	0.007176	0.014545	0.061097	0.003221	-0.127410	0.165199	0.044498	-0.063455	0.274986	0.147666	0.053554	-0.003965	-0.050129	0.079576
0.024290	-0.089368	0.038767	0.077750	0.012077	0.024196	0.015163	0.038404	-0.032628	0.122163	0.156917	0.003921	-0.055924	0.086288	-0.031573	-0.082294	0.163750	0.022163	0.031567	0.130097	0.046632	0.138971	-0.043324	-0.171878	-0.064781	0.077119	-0.034392	0.078341	0.116848	-0.153404	0.091983	0.021863	0.018338	0.026298	-0.121132	-0.094690	0.103731	-0.050412	0.053730	-0.104885	0.030559	-0.107750	-0.057406	0.274292	0.073896	0.177180	-0.141337	0.016423	-0.060190	-0.174495	-0.043520	0.032872	0.063523	0.092627	-0.000803	-0.032269	-0.221604	-0.126166	-0.056549	0.086166	0.141509	0.013394	0.102078	0.022541	-0.017721	-0.046522	-0.088396	0.036197	-0.076260	0.012777	-0.028630	0.229856	-0.117272	0.162427	0.192167	-0.230727	-0.078343	-0.084887	-0.051218	-0.032837	-0.098037	-0.055522	0.071559	-0.193123	-0.154426	0.031543	-0.049420	0.051253	-0.007663	-0.013842	0.014507	0.007484	-0.083989	0.062885	0.215086	0.153242	0.029155	0.114593	0.035715	0.055727
-0.088865	-0.175319	0.137621	-0.206514	-0.062164	0.102164	-0.050974	-0.156958	0.148535	0.165587	0.119953	-0.083293	-0.207974	0.154303	0.048534	-0.013555	0.076522	-0.099196	0.166026	-0.035736	-0.038996	0.048551	-0.013129	-0.031122	0.186579	-0.131627	0.048647	-0.076181	-0.057921	-0.131730	0.041844	-0.105465	-0.068869	-0.175445	0.069383	0.036484	0.156689	-0.024033	0.013494	0.109738	-0.010241	-0.068817	0.062537	-0.009094	0.048436	0.124462	0.024959	0.072597	0.012752	-0.167490	-0.042659	-0.067247	0.131215	0.070374	0.066368	-0.014049	-0.123626	-0.060952	-0.062450	0.176607	0.071138	-0.054994	-0.063292	-0.083678	0.023494	0.004703	-0.057837	0.168095	-0.115742	0.023312	-0.027031	0.132776	0.135924	0.100535	0.003580	0.093805	-0.121503	-0.114783	-0.096682	0.013978	0.031735	-0.230120	0.083112	-0.125533	-0.060899	-0.161584	0.067542	-0.023827	-0.050225	-0.053590	0.082018	0.015888	-0.021099	0.057915	0.025219	0.138731	-0.092837	0.037249	-0.137667	-0.111126
-0.092305	-0.038368	-0.009772	-0.012585	-0.088960	-0.021480	0.070355	-0.030073	-0.095974	-0.024080	0.028218	-0.095890	-0.023773	0.108437	-0.043710	0.148546	0.194795	0.096824	0.036280	0.115294	0.105765	-0.199204	0.001293	0.028529	0.247002	0.032928	-0.205187	0.111432	-0.077112	-0.093591	-0.052398	-0.055918	0.013408	0.012303	-0.000434	-0.074680	0.085592	0.021615	-0.066281	0.121348	-0.099771	0.020933	0.166770	0.119433	0.139654	0.090996	0.175627	0.098744	0.002167	0.006275	0.055897	-0.122095	-0.007654	-0.017951	-0.166963	0.036766	0.014210	0.023127	-0.067865	0.152421	0.210503	-0.073280	0.020417	0.057226	0.114401	0.063441	-0.044779	0.054090	-0.097809	0.117819	0.031881	0.013721	0.017133	0.019987	0.129124	-0.096839	-0.022478	0.108377	-0.149039	-0.146350	-0.027748	-0.089013	-0.089413	0.156343	0.010575	-0.115200	0.250872	0.070444	0.152985	-0.041784	0.097443	0.184176	-0.053175	0.075793	0.141023	0.080108	-0.088267	0.028207	-0.142079	-0.037235
-0.033574	0.013648	-0.041775	0.139170	0.085079	-0.017428	0.091903	0.003848	-0.111294	0.164998	0.014629	-0.045456	-0.118548	0.187852	-0.071282	-0.042693	0.074159	0.025701	0.011918	0.116427	0.107819	-0.061255	-0.036394	-0.074136	0.174974	0.120434	-0.080943	0.148730	0.012988	-0.197936	-0.030506	0.115188	-0.052761	0.021590	-0.032241	-0.113136	-0.014576	-0.025185	-0.059962	-0.006984	0.039305	0.026668	-0.015588	0.209004	-0.135180	0.053562	0.107238	0.130214	0.119711	-0.068955	0.008028	-0.120619	0.040747	-0.009298	-0.059449	0.206362	-0.120223	-0.060141	-0.019216	0.122980	0.247381	-0.070056	0.112067	-0.171834	0.052758	0.169923	-0.095602	0.168293	0.059669	0.037023	0.064045	0.047630	0.144511	0.031553	-0.043381	-0.023834	0.014970	-0.193473	-0.200475	-0.024134	-0.030868	-0.018983	-0.157719	0.014251	-0.138789	0.085813	0.132869	-0.067232	0.128742	-0.083763	-0.034522	0.050620	0.038724	0.138690	0.051034	0.113129	-0.035927	-0.088026	0.096150	-0.114988
0.167833	-0.194122	-0.008579	-0.042040	-0.076485	-0.093991	-0.081509	-0.007301	-0.019090	-0.080297	-0.110038	-0.219487	-0.015440	0.135721	0.005106	0.118350	0.066005	0.242361	-0.080382	0.132297	0.070271	0.046693	-0.061984	0.035295	0.128009	0.078901	0.092172	-0.038496	-0.140608	-0.125985	-0.092473	0.043026	0.029321	-0.024917	0.013747	-0.097068	-0.059548	-0.092417	-0.027894	0.147775	-0.024964	-0.085024	0.106014	0.114142	0.053446	-0.028236	0.162664	0.014960	-0.027805	-0.139075	0.031448	0.053358	0.086831	-0.034991	-0.053223	0.087433	-0.279925	-0.208419	-0.151135	0.084814	0.145522	0.074513	-0.145898	-0.066207	-0.011371	-0.028648	0.079368	0.161984	0.022877	-0.028866	-0.058172	-0.000133	0.045783	-0.019494	0.024552	0.028132	0.090515	0.028001	-0.277602	0.060083	0.012948	-0.142558	0.234890	-0.011286	-0.086627	0.047314	0.069074	-0.034352	0.044179	-0.019583	-0.067189	0.004638	-0.094786	0.007044	-0.028606	0.027141	-0.011856	-0.068414	-0.154897	-0.089771
-0.026773	-0.086645	-0.109130	0.140489	-0.014071	0.015736	0.089991	-0.013131	0.136102	-0.032642	0.001935	-0.019078	-0.104035	0.106652	0.034291	0.013104	0.145930	0.193282	-0.086787	0.031648	0.000417	0.050063	-0.054182	-0.012265	0.165533	0.072312	0.093396	0.012501	-0.008988	-0.169843	-0.017003	0.046466	-0.063715	-0.053807	0.070517	-0.183237	0.084214	-0.172678	-0.085001	0.148996	0.035356	-0.040522	0.164299	0.295388	-0.035601	0.107604	0.167035	0.021821	0.037267	-0.142113	-0.123880	0.037930	0.233507	-0.028004	0.048582	0.168750	-0.047635	-0.084661	-0.109235	0.283919	-0.016105	0.018162	0.096786	0.099562	0.098371	0.154242	0.049662	0.088667	-0.120614	-0.067145	-0.010476	-0.010277	0.169797	-0.019311	0.115252	0.008780	0.065059	-0.011379	-0.130100	-0.072466	0.016691	0.079269	0.061935	-0.008155	-0.123110	0.026092	0.007541	0.008764	0.103160	-0.091906	-0.047022	0.052090	-0.020347	0.075279	-0.114044	-0.037761	0.053657	-0.195813	-0.005360	0.036018
-0.028672	-0.008347	-0.092752	-0.166363	0.282642	0.031420	0.092765	0.009900	0.008942	0.167141	-0.105692	0.066109	-0.078494	-0.086498	0.036318	0.078749	0.058043	0.087226	0.066341	-0.009731	0.020988	0.039746	0.023765	0.039900	0.215660	-0.030007	0.158353	0.058143	-0.051796	-0.069311	-0.038090	0.152288	-0.036197	-0.131630	0.015610	-0.047522	-0.044102	-0.034726	-0.043300	0.007428	0.010918	-0.123893	-0.132173	0.147127	-0.104184	-0.016079	0.080573	0.154284	-0.076387	-0.115389	-0.137539	-0.001776	0.147971	0.032888	-0.155790	0.087487	-0.080943	-0.040347	-0.119905	0.186987	0.307447	-0.046385	-0.103458	0.140676	-0.059104	0.083380	0.016054	0.121205	-0.025944	0.109615	-0.146904	0.019065	0.103553	-0.169814	0.019556	0.045556	0.058920	-0.044106	-0.186577	-0.057446	0.068654	-0.062414	-0.057226	0.041786	-0.130908	0.080624	0.125597	0.061303	0.006025	-0.150616	-0.023263	0.065469	-0.033560	-0.024807	0.028199	0.157183	0.132308	-0.032015	0.046271	-0.056355
-0.008101	0.016708	-0.068832	0.077566	0.141933	0.139015	0.154612	0.005769	0.039544	0.094831	0.072499	0.021007	0.042749	0.036668	0.016087	0.053886	0.204540	0.086818	0.052999	0.106736	-0.135841	0.066996	0.056042	0.018014	0.134218	0.118805	0.020234	-0.017080	-0.026220	-0.217297	-0.084941	0.044232	-0.043625	-0.079089	0.062630	-0.093717	-0.107652	-0.128696	0.033304	-0.090131	-0.059976	-0.089677	-0.077382	0.233913	-0.048821	0.100263	0.079879	-0.020911	0.016728	-0.058020	0.088359	-0.041471	0.169643	0.017804	-0.065283	0.119940	-0.175136	-0.130108	0.003628	0.146702	0.034225	-0.049937	-0.002225	0.152099	0.142696	0.057074	-0.001561	0.050294	-0.075244	0.160316	0.117498	-0.074326	0.045388	-0.110937	0.027215	0.103223	0.138424	-0.176164	-0.079878	-0.051721	0.075096	-0.015425	-0.007174	-0.040392	-0.288826	0.043104	0.189275	0.000508	0.078876	-0.072614	0.072264	0.017852	-0.076955	-0.106940	0.061431	0.268299	0.027893	-0.032384	0.008401	0.117238
0.027836	0.153336	-0.070973	0.008936	0.202692	0.102986	-0.003275	-0.038479	-0.054928	0.099454	-0.047802	-0.006248	-0.080236	0.193620	-0.038521	0.024399	0.078316	0.123164	-0.058290	0.042228	0.151096	0.008863	0.148228	0.054018	0.021090	0.088375	0.090265	0.103550	-0.006972	-0.146854	-0.100986	-0.071298	0.053667	0.033489	-0.052463	0.086224	0.154702	-0.076936	-0.033684	-0.079707	-0.052487	0.145541	-0.160516	0.089929	0.056566	-0.044602	0.050032	0.047387	0.103713	-0.117161	-0.072600	-0.090479	0.134245	-0.146561	-0.001453	0.051751	-0.178983	-0.169782	0.160749	0.033151	0.316080	-0.033828	-0.100539	0.017815	0.079329	0.069179	0.059876	0.098538	0.015658	0.086354	0.013257	-0.122479	0.018081	-0.029111	-0.038794	0.020135	0.212731	-0.048732	-0.124371	0.094200	0.004490	-0.115551	-0.060106	-0.024305	-0.099057	0.158366	0.070619	-0.020379	0.143490	-0.174117	0.118440	0.028335	0.012425	-0.073461	0.083535	0.218802	-0.050544	-0.030294	-0.055457	0.079697
0.095612	-0.011951	-0.143110	-0.099997	-0.064516	0.084763	0.189223	-0.056882	-0.126624	0.037618	-0.031833	-0.104220	-0.031398	0.054981	0.027197	-0.024607	0.085659	0.037013	-0.030550	0.061347	0.023458	-0.139694	0.011802	0.069781	0.131990	0.001695	-0.020379	0.053897	-0.110370	-0.149956	-0.104361	0.036666	0.006495	0.054912	-0.054302	-0.085809	0.049681	-0.053920	-0.017479	0.052108	0.026437	0.033412	-0.009949	0.203749	0.162008	0.190814	0.038545	0.043847	0.037958	-0.193301	-0.129363	-0.051048	0.019827	0.013364	-0.154596	0.029952	-0.170073	-0.069254	-0.065180	0.116797	0.284076	-0.159759	-0.021411	0.080240	0.099057	0.020444	-0.082608	0.064669	-0.096326	0.086272	-0.117959	0.132205	0.127835	0.142776	0.093631	-0.058977	0.019191	0.076208	-0.095885	-0.161377	0.085728	-0.013156	-0.214821	0.058026	-0.028550	-0.027389	0.030474	0.062158	0.134642	-0.088528	0.043753	0.183723	-0.001642	0.062497	0.124913	0.053740	0.210775	-0.076980	-0.133467	-0.119206
0.150773	-0.151034	-0.067344	0.111929	0.209080	0.117577	-0.014643	0.045128	0.151515	-0.021072	0.025512	-0.021267	-0.073613	0.151880	-0.025804	-0.077226	0.041681	-0.000278	-0.091474	-0.008375	-0.158067	0.142002	0.009544	-0.074371	-0.075201	-0.088873	-0.009420	-0.183125	-0.158291	-0.114397	-0.135484	0.045472	0.047139	0.023576	-0.040503	0.128946	0.050315	-0.017373	-0.103681	-0.058230	0.032763	0.029098	-0.055910	0.152616	-0.086402	0.152288	0.122349	-0.081212	-0.057880	-0.267724	-0.009504	0.034764	0.039734	0.059873	-0.106633	-0.049792	-0.162067	0.016158	-0.181088	0.166190	0.022607	-0.067147	-0.089570	0.058577	-0.042038	0.074087	0.128890	0.087230	0.014322	-0.003532	-0.069603	0.118721	0.201961	0.098284	0.066515	-0.017052	0.020023	-0.044270	-0.151561	-0.091373	-0.020475	0.061909	0.145024	0.055153	-0.101035	-0.063530	0.042674	0.047236	-0.057752	-0.267410	-0.185570	0.024533	-0.039368	-0.060372	-0.053121	-0.105548	0.076062	-0.060398	-0.077674	0.057950
0.099709	-0.116644	-0.011395	0.078926	0.120667	0.139297	0.155142	-0.033667	0.013376	-0.078137	-0.010051	-0.050194	0.102389	0.131770	0.075765	-0.000468	0.105669	0.072103	-0.086626	-0.034315	0.043758	0.150247	0.216323	-0.086346	0.270314	-0.066306	0.029355	-0.069525	-0.119263	0.065154	-0.079240	0.191191	-0.039775	0.003820	-0.070350	0.045423	-0.052386	-0.041053	-0.064748	0.084575	-0.103707	0.064000	0.169886	0.148149	-0.020506	0.151834	-0.003994	0.046786	-0.045072	-0.052420	-0.192617	-0.026966	0.114781	-0.032591	-0.081787	0.090795	-0.032984	-0.053443	-0.186537	0.094855	0.142442	-0.108305	-0.119796	0.030424	-0.060599	0.077251	-0.024571	-0.067686	-0.082192	0.053684	-0.162388	-0.006656	-0.001443	-0.004129	-0.021115	0.053368	0.168232	-0.046201	-0.217700	-0.048704	-0.105738	-0.002167	-0.078596	0.070801	-0.113899	-0.035543	-0.186741	0.105620	0.053077	-0.158114	0.137574	0.088028	-0.131617	0.091009	-0.109657	0.009712	0.069612	-0.126564	0.000864	-0.086810
0.077651	-0.019944	-0.107874	-0.072703	0.047725	0.037434	0.091110	0.016765	-0.030411	0.031739	-0.008926	-0.004186	-0.053428	0.224548	-0.051157	0.025612	0.200893	0.023643	-0.018957	0.066914	-0.055293	0.071817	0.187371	-0.061674	0.226032	0.013083	0.003145	-0.076814	-0.088937	-0.013487	-0.305255	0.150396	-0.203394	-0.054077	0.021926	0.074787	0.093074	-0.058021	-0.044462	0.024541	-0.001750	0.083079	0.141945	0.295392	0.036797	-0.044704	0.005165	0.103874	0.117407	-0.136697	0.005798	-0.044639	0.194816	0.002670	-0.107135	0.002700	-0.133179	-0.003487	0.012188	0.081727	0.156577	-0.170443	0.008834	0.053166	-0.035185	0.137024	0.212061	0.022932	-0.183786	0.062110	-0.063447	0.045688	0.039452	-0.185613	0.083896	-0.068948	0.101700	0.021189	-0.132368	-0.028764	-0.064421	-0.036652	-0.008850	-0.015501	-0.069126	0.031290	0.028827	0.105455	-0.007081	-0.149438	-0.101632	-0.033925	-0.113063	-0.000517	0.004223	-0.022925	-0.072231	0.050116	-0.068222	-0.064258
0.042395	-0.140669	-0.036752	-0.039419	-0.040388	0.161079	0.067901	0.033086	-0.059858	0.029194	0.122875	-0.061232	-0.015952	0.036093	0.073314	0.071649	-0.014157	-0.089375	0.111923	0.040585	0.136041	0.203210	0.035203	-0.096515	-0.015907	-0.023622	-0.016623	-0.085333	-0.016289	0.002676	0.082331	0.086266	0.014190	0.127937	-0.080181	0.023271	0.034469	-0.179794	0.169775	-0.067023	0.027352	0.042891	-0.041826	-0.052324	0.143922	0.040291	0.264557	0.027085	-0.001820	-0.083555	0.126491	-0.049040	0.053834	0.044064	-0.011216	0.004844	-0.141727	-0.136857	-0.136943	0.233646	0.004736	-0.002636	0.054295	-0.015027	-0.101068	0.163003	0.113193	0.241718	-0.091207	-0.023538	-0.029587	0.095250	-0.010193	-0.057599	-0.009722	0.054292	0.085939	-0.103893	-0.165104	-0.078584	0.208637	-0.082313	-0.044248	-0.190102	-0.069101	-0.120592	0.033696	0.027270	0.055853	-0.010899	0.147755	0.027218	-0.091652	0.038216	0.115284	0.230202	-0.215107	-0.001193	0.049141	-0.099441
-0.067242	-0.040407	-0.023595	0.088717	0.006961	0.078804	-0.026998	0.093966	0.049910	0.077440	0.121973	-0.077769	-0.143702	-0.020636	0.014769	0.038525	0.106563	0.006518	0.098713	-0.013396	0.071556	0.103329	0.115353	0.024570	0.134375	-0.093174	-0.008647	0.008796	0.082608	-0.075981	0.057703	-0.000498	0.017234	-0.003483	-0.137410	-0.023554	0.077865	-0.087189	0.283849	0.005765	-0.090304	-0.121219	-0.030409	0.077940	-0.025400	0.023396	0.252899	0.037327	-0.005610	-0.108165	0.073355	0.027523	0.108277	-0.017749	-0.015582	0.011691	-0.033162	-0.086630	-0.210205	0.201128	-0.107302	-0.087329	-0.115320	0.183119	0.023883	0.142321	0.092528	0.227343	-0.004571	0.063102	-0.107785	0.297633	-0.061376	-0.085731	0.121303	0.048510	0.046576	-0.166321	-0.129123	-0.012443	0.119719	-0.008582	0.049959	-0.000925	-0.040674	-0.070436	0.124972	0.045236	0.003167	0.036449	0.060295	0.094203	-0.039613	-0.044010	0.057372	0.133029	-0.218869	-0.178495	0.041835	0.049940
0.131027	-0.060919	0.099740	0.006041	-0.003392	0.010867	-0.122953	0.012126	0.143949	0.114949	0.085903	0.045675	0.060952	0.173563	-0.125639	-0.098815	0.193575	0.069346	0.140818	0.097325	0.085249	0.133908	0.101877	0.024837	0.135885	0.135680	-0.093685	-0.040093	-0.028999	0.073319	-0.068176	0.059767	0.073928	0.013616	-0.059425	-0.065772	-0.114543	-0.063271	0.176181	-0.020001	-0.025698	-0.083205	0.051744	-0.015415	-0.008326	-0.020271	0.197833	0.193070	0.075776	-0.019802	0.171796	-0.119328	0.024125	-0.073857	-0.005626	0.185804	-0.067982	-0.113340	-0.115084	0.143663	-0.109953	-0.071791	-0.066274	-0.083356	0.075271	0.215933	0.125339	0.124222	0.174875	0.053087	-0.130107	0.094547	0.027235	-0.001935	0.081988	-0.121646	0.029374	0.001278	-0.158759	0.041075	0.128469	-0.078416	-0.022778	-0.019367	-0.025131	-0.074162	0.018045	0.006143	0.000533	0.004882	-0.020261	0.032464	-0.062497	0.045341	0.048212	0.127348	-0.103517	-0.197439	-0.209840	-0.138268
0.209341	-0.040654	-0.172522	-0.058597	-0.096880	0.132573	-0.142003	0.248686	0.070044	0.026397	0.016077	0.042419	0.017520	0.109792	0.070377	-0.093758	0.105253	-0.025521	-0.046682	0.170256	0.006723	-0.011567	0.157339	0.037657	-0.053414	0.034460	0.059007	0.039803	0.034117	-0.003871	-0.078452	-0.019521	0.028340	0.117542	-0.100971	0.032721	0.124059	-0.132958	0.122782	0.031353	-0.058151	-0.050851	0.058435	0.131436	0.150973	0.017085	0.103240	0.152582	-0.137976	-0.102778	0.108273	0.006363	-0.098336	-0.118640	-0.251429	0.016733	-0.116995	-0.061788	0.031146	0.163930	-0.000314	-0.134711	0.031001	-0.003508	-0.022030	0.030995	0.146071	0.028141	-0.036911	0.201903	-0.036758	0.095340	-0.167045	-0.001608	0.075271	-0.019913	0.117080	0.037845	-0.101810	-0.106097	0.223166	-0.083395	-0.179641	-0.036593	-0.017061	0.047369	0.057165	-0.073623	0.007148	-0.088109	-0.032486	-0.016891	-0.117696	-0.110197	0.003566	0.003238	-0.158647	-0.132839	0.043726	-0.111295
0.204525	0.061958	-0.054173	-0.229496	0.009628	0.063548	-0.013014	0.165236	0.207942	0.038642	-0.078582	-0.116471	0.127747	0.105284	0.093493	-0.052251	0.065189	-0.098767	-0.034485	0.142630	-0.015764	-0.039240	0.048655	0.089807	-0.076833	-0.010246	0.114419	-0.009730	-0.056207	0.015634	-0.102952	0.084697	0.116394	0.166834	-0.013044	0.167255	-0.027945	-0.214195	0.279676	-0.031253	0.033554	-0.187447	0.082731	0.113896	0.076413	-0.129506	0.210859	0.094826	-0.136521	-0.131375	0.075108	0.006299	-0.039663	-0.009826	-0.018424	-0.089455	-0.146504	-0.125496	0.052836	0.030641	0.081017	-0.162545	0.006636	-0.016257	-0.022982	0.014763	0.058729	0.048648	-0.018339	0.100468	-0.106552	0.104417	-0.014447	0.121069	0.105314	-0.002684	0.139736	0.025638	-0.007311	-0.221971	0.042888	-0.012318	-0.126646	0.014322	0.030411	0.055824	0.111357	-0.050724	0.065849	-0.056561	0.092749	0.007623	-0.012638	0.019951	-0.020262	0.054115	0.003113	-0.124463	0.045284	-0.112616
0.037846	-0.033480	0.069698	0.118808	-0.215877	0.096878	0.098844	0.097762	0.080116	-0.095616	0.056847	-0.170456	0.034379	0.207002	0.056467	0.059880	0.036451	-0.016379	-0.110720	0.092801	0.094889	0.205992	-0.003456	-0.021265	0.095211	-0.038873	0.001300	-0.001688	0.077200	0.042266	0.138554	0.101789	-0.156292	0.026514	-0.172826	0.060285	-0.070937	0.027351	0.144203	0.169738	-0.088286	0.018137	0.123139	-0.007560	0.091503	0.039213	0.008968	0.033782	-0.082232	-0.153262	0.104914	-0.048031	0.137076	-0.110232	0.102095	-0.104069	0.066109	-0.146378	-0.108803	-0.027859	-0.034885	-0.160523	0.199618	-0.134669	-0.057656	0.104569	0.089426	0.053722	-0.038901	0.016822	-0.010928	0.186044	-0.149177	-0.000869	0.139970	-0.045833	0.081744	-0.158121	-0.131733	0.035452	-0.012381	-0.162068	-0.020810	-0.063119	0.049166	-0.076528	0.045277	0.054656	-0.044169	0.032716	0.017498	-0.075997	-0.029071	0.009852	0.025468	0.095687	-0.302130	0.043140	-0.033692	-0.020724
-0.040988	0.003923	-0.083580	0.016676	0.124075	-0.037607	-0.038081	0.009551	0.165792	0.065372	0.151989	-0.045547	-0.181676	0.168049	-0.011170	-0.073434	0.083150	0.033977	-0.015856	-0.017337	0.249224	0.094050	0.006434	0.078217	-0.103792	-0.126900	-0.067340	0.085656	0.089494	-0.018397	0.022537	-0.060924	0.166199	0.230184	0.005500	-0.035875	-0.094698	-0.052274	0.183812	-0.167932	-0.115123	-0.002369	0.086548	-0.024443	0.080677	0.001676	-0.047253	0.053442	-0.179223	-0.150229	0.013580	-0.002348	-0.062698	0.107322	0.042227	-0.041490	-0.053437	0.107029	0.093998	0.018858	-0.049221	-0.025211	0.047644	0.182957	-0.099700	0.009138	0.113498	0.097201	-0.187277	0.019149	-0.160444	0.189380	0.090137	0.106755	0.028880	-0.014740	0.066890	-0.103408	0.015128	0.151283	0.207170	0.034300	-0.015217	0.031530	-0.077538	-0.070044	0.021134	0.038205	0.011972	-0.078762	-0.027188	0.180164	-0.142055	0.044222	0.080007	0.023709	0.129390	0.026128	-0.164899	-0.166073
0.032573	-0.181370	-0.119624	0.139967	-0.120585	-0.047324	-0.004278	0.014061	0.307931	-0.020486	-0.054360	0.122480	-0.062329	0.038046	-0.109064	-0.094299	-0.028289	0.015141	0.018103	0.101103	0.077556	0.016379	0.041348	-0.151192	0.074666	0.105020	0.027713	0.142039	0.034651	0.109438	0.078515	0.008909	-0.021880	-0.007886	0.036167	0.177337	0.038008	0.026439	-0.102794	-0.017099	0.062223	-0.043826	0.096017	-0.037329	0.052227	0.051162	-0.063921	0.321023	-0.084170	-0.131600	-0.014248	-0.177433	0.019875	-0.065461	-0.059390	-0.103069	-0.051595	0.020628	-0.012030	0.116392	-0.014921	-0.069880	0.134429	-0.184736	0.013013	0.145721	0.071341	0.107558	-0.123922	0.025768	0.011362	0.127074	0.131866	0.096620	-0.002003	-0.036269	-0.104719	-0.163505	0.082609	-0.082752	0.211810	-0.177945	0.011628	0.021766	-0.171130	-0.015346	0.157622	-0.031413	0.106035	0.075249	-0.022571	0.166589	-0.054646	0.023329	0.025457	-0.090647	0.098298	0.028941	-0.036618	-0.023823
0.102390	0.056364	-0.006152	-0.100763	-0.013699	-0.006481	0.013447	0.023143	-0.028310	-0.008287	-0.141963	-0.016255	0.116440	-0.059432	-0.017960	-0.105731	0.160616	-0.037641	0.144123	-0.105736	0.041795	0.021195	0.144803	0.074121	0.010691	0.058935	-0.014360	-0.006208	0.005494	0.074335	-0.061050	-0.137774	0.103751	0.019335	-0.041527	-0.003564	-0.034838	-0.089587	0.080017	0.029462	0.093034	0.076795	-0.044084	0.174771	-0.205715	0.086653	-0.018915	0.229336	-0.017956	-0.209852	0.019212	-0.165367	0.132682	0.034426	0.193278	0.164930	-0.148734	-0.052552	0.171593	0.074116	0.039527	0.031283	0.025338	-0.060996	0.083253	0.290530	-0.108507	0.090224	-0.084260	0.031755	-0.025595	0.014842	0.124984	0.034556	-0.145325	0.076796	0.142665	-0.218742	-0.034278	0.103958	0.083066	0.037530	-0.190520	0.129679	-0.048741	0.029627	0.112186	-0.076645	0.095484	0.026734	-0.115899	-0.024698	-0.036531	-0.151022	-0.088964	0.055091	0.069646	0.099546	-0.037724	-0.038834
0.168677	-0.031429	0.030370	-0.111047	-0.097338	-0.119032	-0.015419	0.033322	-0.030615	-0.032021	-0.102978	0.010422	0.071055	-0.108146	0.092379	-0.117636	0.178386	-0.087541	-0.060379	-0.042581	-0.019333	-0.074038	-0.021761	-0.054276	0.020723	-0.042567	0.057516	-0.190752	-0.094749	-0.050206	-0.086942	-0.025891	-0.011295	0.004885	-0.041900	0.011388	-0.011834	-0.134755	-0.067063	0.034367	0.074779	0.044434	-0.022093	0.064615	-0.108056	0.081718	0.058726	0.078631	-0.076450	-0.350661	-0.007752	-0.129631	0.201789	0.053660	0.092509	0.131960	-0.242045	-0.109676	0.007402	0.090631	0.012754	-0.073717	0.060894	0.110938	-0.065093	0.264813	0.106444	0.138026	-0.094788	0.094057	-0.016209	-0.030393	0.030920	0.037178	-0.088643	-0.036413	0.035794	-0.172818	0.001869	-0.040588	0.084456	0.115508	-0.055740	0.052901	-0.243431	0.011065	0.008050	-0.074955	0.109992	0.086797	-0.044981	-0.015299	-0.017006	-0.088106	-0.108700	0.034171	0.091833	-0.035664	-0.203706	-0.170358
-0.075135	0.091085	-0.059662	-0.032647	-0.082011	0.025764	0.007650	-0.006666	-0.188379	-0.005709	0.067198	-0.109577	0.027413	0.235094	0.136522	-0.040359	0.088024	-0.074515	-0.066773	0.026485	0.090043	-0.006339	0.168163	0.042752	0.046359	0.183812	-0.251862	0.031171	0.112805	0.008450	0.003821	-0.111285	-0.054227	0.049164	0.002981	-0.097821	-0.023843	0.116289	-0.051398	-0.083866	0.029758	-0.059155	0.024814	0.040755	0.068303	0.119140	-0.060228	0.089675	0.058513	-0.084590	-0.125564	-0.248884	-0.105070	-0.049788	0.081030	-0.038454	-0.007497	0.043266	-0.002151	-0.262003	0.148011	-0.114436	0.184137	-0.014552	-0.037202	0.135067	0.048634	0.000140	-0.030883	0.128389	-0.077533	0.071306	-0.169406	0.020953	0.115292	-0.107165	-0.166810	-0.028899	0.014620	-0.025434	-0.011309	-0.055912	-0.222727	0.055760	0.050186	-0.043184	-0.119840	-0.030083	-0.011166	0.057231	-0.063018	0.191379	0.119316	-0.046204	0.075796	-0.000575	0.030561	0.180310	-0.141543	-0.093484
0.118828	-0.065553	-0.008917	0.106496	0.061130	0.107095	-0.040450	0.150879	-0.034470	-0.008813	0.091885	-0.044085	-0.060854	0.156415	-0.077646	-0.094217	0.160565	-0.193215	0.025743	0.058254	0.173736	0.151409	0.027740	0.086175	0.101660	0.163124	-0.074593	0.097636	0.122841	-0.024534	0.189420	-0.157659	0.152936	0.009892	0.108206	-0.185332	0.076861	0.042961	0.015496	-0.145896	0.157830	0.009756	0.095842	-0.065672	-0.038579	0.121284	0.107999	0.154387	0.039475	-0.118229	0.009845	-0.111550	-0.102694	-0.018898	0.016583	0.114226	-0.026638	-0.023027	0.034510	0.059416	0.163826	-0.102081	0.117552	-0.026995	0.044456	0.112546	0.109439	0.108100	0.083000	0.034221	-0.185181	-0.020475	-0.034517	0.036583	-0.044367	-0.112899	0.034596	-0.060704	-0.064288	0.202507	-0.038368	-0.040249	-0.101755	-0.002894	-0.172971	-0.054923	0.005919	0.019704	0.007429	0.014550	-0.181991	0.198862	0.020975	0.050621	0.122904	-0.091326	0.056940	0.117973	0.036932	-0.082021
0.039422	0.016201	-0.144878	0.126914	-0.046417	0.021840	0.262726	-0.041943	0.126265	-0.081991	-0.059483	-0.093142	0.108993	0.204252	0.170347	0.094765	0.110480	-0.078152	-0.151414	0.041311	0.229035	-0.106205	0.022773	0.107484	-0.052681	0.109763	-0.031689	0.109011	-0.066376	-0.160316	-0.016101	0.077840	-0.223383	-0.164399	0.097722	0.038903	-0.170835	-0.162764	-0.068162	0.042186	-0.018266	0.084371	0.101470	0.104429	0.094642	0.041715	-0.065511	0.005146	0.004868	-0.103927	-0.146251	-0.123125	-0.022515	-0.115285	-0.104108	-0.104325	-0.131744	-0.186865	-0.077442	0.023037	0.133573	-0.026739	-0.079228	0.077190	0.104144	-0.007681	0.104086	0.024208	-0.047608	0.110996	-0.124908	-0.030967	-0.025940	-0.056798	0.059001	-0.001411	-0.034807	0.025949	0.026587	0.050677	0.000661	-0.038436	-0.121414	-0.087462	-0.047161	0.011660	-0.165853	0.014789	-0.047303	-0.013786	0.037234	0.060572	0.204168	0.056280	0.163029	-0.073344	-0.060029	-0.041312	0.012748	-0.048158
0.147099	0.091398	-0.082578	-0.113066	0.034144	0.145450	-0.046643	0.000657	0.035476	-0.042184	-0.088208	0.039240	-0.034006	-0.140974	0.186336	-0.063438	0.214129	0.109088	0.054389	0.101859	0.076595	0.049292	0.045665	-0.032056	-0.026351	-0.010333	0.007487	0.087824	0.080639	-0.024302	0.054345	0.056721	0.053997	-0.016142	0.015924	-0.001679	-0.021116	-0.162352	-0.046753	0.087145	-0.054995	0.109418	-0.012315	0.123570	0.009068	0.048851	0.132548	-0.022887	0.116437	0.012762	-0.013440	-0.089585	0.178728	-0.063827	-0.016896	0.074068	-0.157172	-0.002940	0.108279	0.238562	0.053073	-0.112152	-0.073108	0.113614	0.301741	0.116556	0.157847	0.194056	-0.064273	-0.034005	0.132999	-0.044022	-0.146876	0.032482	0.175148	-0.001535	-0.049752	-0.146616	-0.082128	-0.028841	0.052339	0.043412	0.050631	0.029585	0.022273	0.012634	0.005267	-0.144393	0.061294	-0.139273	-0.153654	0.159898	0.022732	0.018539	0.052189	0.068135	-0.103693	-0.210716	-0.142346	0.072067
-0.052117	-0.145774	0.077986	0.136420	-0.111632	-0.075867	0.199920	-0.057144	0.009447	0.090476	0.063830	0.131084	-0.076492	0.201227	-0.069351	0.027528	0.057382	0.093347	0.010398	-0.041176	0.072218	0.134618	0.052990	-0.006117	-0.035262	0.229794	-0.143780	0.224161	-0.102217	-0.071389	0.065092	0.048471	0.023376	0.051176	-0.043290	-0.035146	0.031237	-0.257581	0.002787	-0.120203	0.083399	0.018438	-0.157291	0.163549	0.103423	0.087899	-0.028866	0.083542	-0.021595	-0.015466	-0.018407	0.036367	0.013228	0.123793	-0.087651	0.112896	-0.104752	-0.187212	-0.117474	0.086853	0.117234	-0.035537	0.094464	-0.032986	0.080594	0.084535	0.119046	0.165169	0.198936	-0.032900	0.027864	0.048845	-0.027388	-0.049919	0.011398	-0.111589	0.007868	-0.116190	-0.186023	0.000099	-0.072490	-0.032533	-0.106864	0.049239	-0.100885	-0.011707	-0.060627	-0.087600	0.029500	-0.055650	-0.245978	0.054893	-0.011087	-0.081986	0.091907	0.116585	0.106431	-0.056027	0.029044	0.034574
-0.025530	0.050247	-0.101662	0.111967	0.099200	0.010838	-0.076816	-0.066890	0.064108	-0.119096	-0.158631	0.195271	0.071983	-0.026786	-0.202686	0.034524	0.114533	-0.017300	0.009290	0.055112	0.130835	-0.049008	0.131986	-0.033816	0.028527	-0.010030	0.151024	0.098957	0.069806	-0.024260	-0.083361	-0.038093	0.184851	0.094861	0.013469	-0.027681	0.021045	-0.102852	0.171723	-0.029975	-0.028542	0.096209	0.051307	-0.023774	0.077869	-0.081986	-0.117409	0.011232	0.036270	-0.082446	0.063030	0.023628	0.072214	-0.096287	0.136525	-0.234914	-0.168003	0.088660	0.200482	0.069543	0.046150	-0.076172	-0.017860	0.033272	-0.057714	0.160839	0.070632	0.144458	-0.030850	0.008469	0.047780	-0.009393	-0.089763	0.044796	0.104177	0.102106	-0.010485	0.232393	0.172272	-0.035719	0.169687	0.089229	-0.096970	0.080860	-0.078220	-0.032907	0.036040	-0.078748	-0.066217	-0.024549	-0.190389	0.137108	0.013057	-0.102707	0.072273	-0.055746	0.218428	0.143443	0.121986	0.020679
0.085633	0.060481	-0.065075	0.072668	0.116513	0.054464	0.022857	-0.049548	0.095071	-0.160374	-0.153089	0.016460	-0.020042	0.055769	-0.304320	0.091566	0.047205	-0.025556	0.004196	-0.003835	0.020039	0.234238	0.086868	0.030534	0.018467	0.048517	0.067521	0.053704	-0.087032	-0.081589	-0.065259	-0.127372	0.052440	0.085327	-0.047732	-0.100797	0.105160	-0.081790	0.020780	-0.063477	0.009425	0.079893	0.234265	-0.127402	-0.042887	-0.037631	-0.023707	0.056996	0.088153	-0.127432	-0.000531	-0.052372	0.013901	-0.040552	0.188874	0.049816	-0.066781	0.078862	0.122399	0.125887	0.144050	-0.029074	0.023622	-0.004825	0.041144	0.142671	0.007731	0.087778	0.049493	-0.059908	-0.023540	-0.036132	0.074508	-0.019434	0.044759	-0.008733	0.244603	-0.103746	-0.046671	0.003653	0.200699	-0.044737	0.099863	0.050863	0.022787	-0.091475	0.105164	0.005913	0.138933	0.043973	-0.116846	-0.162369	-0.116181	-0.193329	-0.012736	-0.095327	0.151208	0.186015	0.223722	-0.059252
0.214585	-0.025493	-0.270040	0.051380	-0.095175	0.177638	0.021687	0.063442	0.063935	0.053783	-0.001299	-0.107473	-0.040501	0.125762	0.052417	-0.017327	0.050876	-0.086084	0.100880	0.161426	0.232513	0.087799	0.005901	0.032093	0.057427	0.223707	0.042550	0.068975	0.024268	0.015557	-0.113642	-0.038803	0.019182	-0.025300	0.013660	-0.103779	-0.084309	0.050995	-0.064494	-0.085384	0.084562	-0.003342	0.094843	0.082717	0.096153	0.034939	0.183913	0.157754	0.031050	-0.119406	0.109151	-0.007459	0.021363	-0.122332	-0.055978	-0.090159	-0.141746	-0.123448	0.163624	0.073727	0.111307	-0.130483	0.207716	0.035989	-0.050898	0.092899	-0.023263	0.011605	0.005526	0.024613	-0.170845	-0.067037	-0.090514	0.011351	-0.075315	0.036759	-0.196995	0.116002	0.141248	-0.044440	0.174459	-0.017521	0.030453	0.049041	-0.112391	-0.034252	0.028310	0.090779	-0.014474	0.079488	0.021158	0.051290	0.041389	-0.053333	0.128120	-0.097262	0.047411	0.073834	0.155257	-0.155819
0.129925	-0.032739	-0.043913	0.106731	0.029683	-0.018914	-0.141868	-0.081335	0.061532	-0.037124	-0.226071	0.047027	0.041850	0.066240	-0.199812	0.065407	0.022202	0.050937	0.018176	0.089348	0.096135	0.082016	0.064721	0.053144	0.017649	0.098322	0.012699	0.139706	-0.047747	0.032920	0.036440	0.037186	0.083423	0.116607	-0.027893	-0.021785	0.098643	-0.159293	0.037077	0.024649	0.004605	-0.020714	0.075282	-0.073849	0.000509	0.075582	0.141303	0.137504	-0.081323	-0.125540	0.159963	-0.058984	0.058099	0.033337	-0.059851	-0.172340	0.048636	0.137165	0.045818	0.054869	0.151792	-0.101514	0.059100	0.066646	0.008791	0.009077	-0.077737	-0.033581	0.063335	0.031169	-0.190544	0.069193	0.020172	0.073414	-0.004858	-0.008604	0.069562	-0.053745	0.119489	-0.076642	0.150706	-0.030660	-0.003280	0.110005	-0.165861	-0.223221	0.122408	0.095327	-0.116640	-0.191322	-0.075233	0.106218	-0.055320	0.017345	0.178463	-0.155113	0.286182	0.130420	0.200291	0.013070
0.177874	0.063200	-0.153395	0.165097	0.034543	0.069491	-0.110805	-0.096255	-0.019100	-0.059071	0.046816	0.125477	0.034360	-0.149586	-0.022954	-0.079418	-0.008839	-0.037565	-0.032124	-0.006082	0.159390	0.076840	-0.040478	0.060665	-0.032444	0.004561	0.111342	0.087992	-0.003565	0.018118	0.037188	-0.154418	0.208614	-0.008568	-0.047715	-0.004197	0.051131	0.132640	-0.034700	-0.010082	0.145086	0.007279	0.053715	0.140251	-0.016903	-0.062529	0.056626	0.058692	0.133622	-0.091327	0.064904	-0.056549	-0.030133	-0.052525	0.095894	-0.011569	-0.141730	0.024975	0.075769	0.002399	0.162895	-0.075061	-0.053731	0.123832	0.025711	0.075324	0.090260	0.090501	-0.054002	0.157673	-0.100431	0.119821	-0.047538	-0.181020	-0.057732	0.165913	-0.057677	-0.089555	0.059894	0.005880	0.149774	0.015918	0.099303	0.132564	-0.126350	-0.262296	0.079873	-0.046827	0.097836	-0.146220	-0.228934	-0.021102	-0.037866	-0.053007	0.025325	-0.165837	0.195171	0.159039	0.035969	0.149764
0.142202	-0.028870	-0.061197	-0.004756	-0.075642	0.011620	0.081362	-0.007025	0.109566	-0.090669	0.000082	0.130216	0.039007	0.144104	-0.086000	-0.153327	-0.013291	-0.089250	0.031349	0.091190	0.182419	0.061740	-0.063815	0.149289	-0.039984	0.184705	-0.021806	0.053234	-0.051888	0.061246	-0.048406	-0.020753	0.156870	0.063805	0.088875	-0.128805	0.014954	0.016318	-0.014786	-0.160693	0.029159	-0.103320	0.039229	-0.034021	-0.009217	-0.055239	0.167340	0.114914	0.150753	-0.033244	-0.044332	-0.011008	-0.111359	0.029748	-0.022511	-0.031322	0.027056	-0.044192	0.134623	0.009066	0.351114	0.051208	0.177364	0.090133	-0.075443	0.074827	0.001573	0.110293	0.077003	0.027334	-0.159927	-0.090982	-0.050483	0.105667	0.012587	-0.022204	-0.084584	0.061040	0.037606	0.043835	0.169799	-0.198708	-0.012058	0.000359	-0.187222	-0.139973	0.001968	-0.074964	0.008128	0.007861	-0.050251	0.154794	0.048654	0.157400	-0.122061	0.015409	0.070733	0.122155	0.008662	-0.260042
0.083307	0.005907	-0.200513	-0.066941	0.103050	0.054926	-0.113084	-0.112189	-0.008647	0.007814	-0.030841	0.169369	0.064912	0.004944	-0.069010	0.003198	0.128060	-0.070711	0.119116	0.110408	0.094666	-0.160468	0.183240	-0.116870	0.006356	0.145365	-0.062851	0.107835	-0.008447	-0.066176	-0.114873	-0.156938	0.113174	0.022904	0.010145	-0.064978	0.130726	0.011901	0.136574	0.017484	0.047587	0.085214	-0.031936	0.097900	0.071306	0.152273	-0.029267	0.083067	0.045861	-0.102134	-0.038668	-0.123403	-0.046370	-0.027679	0.145376	0.058861	-0.063279	-0.010714	0.173534	0.121577	0.247435	-0.037341	-0.143495	-0.096955	0.100351	0.011348	-0.062560	0.021704	0.093292	-0.033557	0.015297	0.033713	0.067728	-0.010801	0.058992	0.015173	-0.012399	-0.102744	0.055603	0.101219	-0.009246	-0.097551	0.008013	0.071579	-0.140925	-0.021985	0.225865	0.007688	0.016465	-0.183724	-0.114500	0.127669	0.039716	-0.115760	0.164386	-0.048615	0.150062	0.247874	-0.032541	0.126969
0.168134	-0.043426	-0.110846	0.010872	0.059738	0.040404	-0.004659	-0.093569	-0.169682	-0.011719	-0.013067	0.008255	0.068158	0.007594	-0.095740	0.057739	0.039969	0.098511	-0.084392	0.044227	0.023700	-0.012165	-0.083484	-0.003454	-0.012803	0.171287	0.036191	-0.065037	-0.088546	-0.055106	-0.030544	-0.087758	0.055770	-0.053486	-0.051624	-0.083208	0.123886	0.100893	0.007142	-0.062986	0.065234	0.040144	-0.040023	0.188363	0.023976	0.173323	0.068917	0.053335	0.087598	-0.181179	-0.019917	-0.179450	0.070257	-0.006370	0.276677	0.035750	-0.097470	-0.121344	0.077657	0.114928	0.258416	-0.089205	0.014408	-0.103601	0.062138	-0.033893	0.030233	0.134652	-0.044876	-0.115426	-0.084336	-0.109565	0.245222	-0.077749	0.140138	0.006786	0.065833	-0.069286	-0.100364	0.122351	-0.004716	-0.204957	0.153838	-0.005628	-0.113585	-0.089026	-0.025846	0.123781	-0.015688	-0.215088	-0.047983	-0.041666	-0.008273	0.049129	0.004660	0.034094	0.160212	0.191031	-0.075074	-0.007245
0.005573	-0.116206	-0.197036	0.012577	-0.173493	0.105325	-0.061001	0.011353	-0.054294	0.111757	0.147934	0.076901	-0.031945	0.005180	-0.030084	0.083603	-0.114356	-0.131096	0.080914	-0.078366	-0.007855	-0.125678	0.163553	-0.046929	0.078284	-0.048174	0.018199	0.079521	-0.002301	0.102089	0.046153	-0.026413	0.026025	-0.049061	-0.028159	-0.075476	-0.024017	-0.223242	0.072900	0.003922	-0.044554	-0.073479	0.068565	0.034144	0.135419	0.089921	0.087019	0.000498	0.036097	-0.163836	0.139391	-0.102199	0.135887	-0.151964	0.167593	-0.134940	-0.188966	0.001027	0.042836	0.131074	0.042954	-0.088956	-0.061214	0.059645	-0.001790	-0.076279	-0.016694	0.145243	-0.145927	0.061329	-0.229632	0.134216	0.169836	0.000342	0.115168	0.086282	0.009598	-0.068627	0.095051	-0.184846	0.148260	-0.137003	-0.009795	-0.056835	-0.022281	-0.078684	0.160164	-0.054056	-0.063932	-0.014417	-0.020691	-0.058272	0.104679	-0.096064	0.103502	-0.112536	0.007141	0.228534	0.000136	-0.007926
0.073055	-0.002388	0.040398	-0.072960	0.032528	0.129941	-0.033682	-0.085497	-0.041420	-0.139948	0.025465	0.050945	-0.024330	0.040400	0.043621	-0.124288	0.090288	0.051792	0.009307	-0.005165	0.174483	0.145880	0.024596	0.134381	0.015952	-0.030678	-0.147760	-0.061113	-0.148024	-0.018675	-0.050907	-0.022197	0.203285	0.138005	0.038977	0.001219	0.075708	-0.149891	-0.016766	-0.174134	0.186035	-0.125611	0.067572	-0.012409	-0.082388	-0.057177	0.066048	0.113873	0.120615	-0.013968	0.044158	0.000178	-0.054566	-0.090434	-0.036897	-0.117447	-0.115492	0.053216	0.124325	0.033687	0.027804	-0.110830	0.014538	0.017289	0.102606	0.100531	0.092015	0.226072	0.066281	0.021999	-0.068863	0.067550	-0.063983	-0.054878	-0.110787	0.176943	0.027867	-0.123488	0.052790	0.093656	0.037401	0.085579	0.063660	0.063195	-0.077236	-0.212822	-0.014650	-0.071141	0.129119	-0.208630	-0.172435	0.227222	-0.112879	0.109754	0.051362	-0.116430	0.125952	0.117129	-0.017228	-0.181224
0.207214	0.043787	-0.194911	0.027305	0.108216	0.086658	-0.015945	0.062260	-0.006039	-0.024381	-0.018052	0.052016	-0.019906	0.229377	-0.152561	0.020723	0.086995	-0.033282	0.024338	0.014955	0.108455	0.061452	0.196795	0.099978	0.155358	0.098264	-0.040979	0.054957	0.028864	-0.081339	-0.078261	0.006096	0.198090	0.074865	0.011563	-0.071594	-0.007482	0.013212	0.144798	-0.038049	0.214156	0.018944	0.135602	0.053023	-0.020900	-0.029194	-0.035017	0.031327	-0.074493	-0.068720	0.269692	-0.121831	-0.034623	-0.176433	-0.027470	-0.005886	-0.019757	-0.205548	0.067721	-0.036423	0.114629	-0.184179	-0.163838	0.077194	0.084400	-0.078832	0.059968	-0.048539	0.071108	0.078365	-0.162511	0.020640	0.120222	0.097232	-0.210332	-0.006916	-0.016452	-0.061925	0.112562	-0.040095	0.134207	-0.061039	0.053432	0.118042	-0.197134	-0.076301	-0.020310	-0.007018	0.049456	-0.163270	-0.050963	-0.057532	-0.041985	-0.009833	0.055755	-0.075887	-0.004132	0.089221	-0.041273	-0.028040
0.115320	0.017881	-0.191210	0.055902	0.009419	0.070973	0.083944	0.095110	-0.086564	-0.069076	-0.079818	0.066655	-0.035929	0.035708	-0.108606	0.037175	0.070745	0.005571	-0.094351	0.061689	0.055756	0.168975	0.205474	-0.024105	-0.029653	0.186599	-0.028608	0.089200	-0.064418	-0.092198	0.025290	-0.078106	0.072574	0.000485	-0.033047	0.144347	0.149971	-0.048076	0.158891	-0.255522	-0.010362	-0.093477	0.100478	0.036682	-0.040514	0.059519	0.063264	0.058565	0.072256	-0.052672	-0.135922	-0.255633	-0.043787	-0.180839	0.020732	-0.322921	-0.028434	-0.066479	0.121695	0.099455	0.127835	-0.074738	0.037263	0.056417	0.046784	0.116947	0.075810	-0.011644	-0.061260	0.056796	-0.076029	-0.053734	-0.006050	0.067137	0.046728	0.030360	0.010491	0.034327	0.191633	-0.041174	0.064303	0.005744	0.087809	-0.031778	-0.077964	-0.212896	-0.031386	0.061671	-0.078371	-0.001795	-0.135880	0.029275	-0.028653	0.109989	0.032182	-0.114566	0.148339	0.168463	0.101875	0.020863
0.122544	0.028671	-0.203729	0.136441	0.158273	0.070221	-0.019911	-0.143331	0.037030	-0.139708	0.102647	0.034087	-0.041604	0.080051	0.024058	-0.114216	0.126612	0.002753	-0.070161	0.121262	0.111612	0.173126	0.177118	0.075202	-0.067087	0.165900	-0.017395	-0.072443	0.063460	0.036411	0.001005	-0.107399	-0.065720	-0.013143	-0.117215	0.073401	0.035708	-0.016893	-0.084132	-0.136250	0.045332	0.093633	0.107809	0.060918	-0.036018	0.003260	-0.003178	0.134014	0.140776	-0.217284	-0.035779	-0.101560	0.022585	0.061195	-0.004782	-0.018746	-0.177159	0.092271	0.061327	0.080094	0.042007	-0.255404	0.119472	0.022800	0.101310	0.168207	0.086084	0.038289	-0.033680	0.079055	-0.054119	0.091732	-0.041785	-0.142441	0.023615	0.053155	-0.052338	-0.031143	0.017637	0.087797	0.011930	-0.032850	0.136154	0.175838	-0.149718	-0.092473	-0.049398	0.043258	0.032033	-0.025281	-0.185467	0.022601	0.157025	-0.063402	-0.041857	-0.224871	0.106620	-0.053976	0.128975	0.007660
0.094361	-0.022450	0.005529	0.072203	0.059420	0.091315	-0.086176	-0.039401	-0.027495	-0.062060	-0.051533	0.106770	-0.022786	0.104391	-0.131686	-0.024100	0.047349	-0.230346	-0.080845	-0.038388	-0.094648	0.193378	0.000125	0.139335	0.064658	-0.013857	-0.001362	-0.079409	-0.152460	-0.022031	-0.116291	-0.040463	0.003212	0.127290	-0.040792	0.069677	0.082250	-0.082425	0.067843	-0.174977	0.048055	-0.063925	0.015829	-0.051958	-0.118407	0.013455	0.154191	-0.048868	0.035952	-0.111938	0.039351	-0.028541	0.139092	0.033038	0.165188	-0.177486	-0.173990	0.029016	0.016299	0.246656	0.239502	-0.126202	0.062812	0.091457	0.007122	-0.088557	0.074662	-0.004106	-0.089230	0.019881	0.137804	-0.142341	0.037092	-0.088198	0.227714	-0.050465	0.061674	-0.129450	-0.059461	0.030885	0.056437	-0.023341	0.153585	-0.081300	-0.002260	-0.075616	0.072207	0.057666	-0.098959	-0.133821	-0.242905	0.034972	0.080547	-0.138595	-0.069341	0.017726	0.067180	0.085569	0.118049	0.031545
0.151424	0.039513	-0.027538	-0.046079	0.028916	0.036020	-0.187217	0.034899	0.139035	-0.028703	-0.036836	0.204432	0.194125	-0.007936	-0.228413	0.058717	0.140028	-0.111084	0.099776	0.012245	0.007256	0.080070	0.049894	0.079308	-0.008104	0.062191	-0.019753	-0.150843	-0.015956	-0.086851	-0.014471	0.055742	0.165980	0.078099	0.106984	-0.122835	-0.017999	-0.119519	0.144833	-0.067152	0.107252	0.093640	-0.143248	0.010137	0.012006	-0.085255	0.047126	-0.042713	0.119392	-0.253698	0.158127	-0.142378	-0.060885	0.018541	0.193753	0.048281	-0.048295	-0.041444	0.041286	0.181123	0.055216	-0.168700	-0.157038	0.109119	0.025109	-0.017453	0.114573	-0.034868	0.046748	0.048889	-0.039675	-0.030033	0.135362	0.057568	0.051003	-0.125419	0.021956	-0.034855	0.021389	-0.026707	0.152238	-0.088372	0.029014	0.090826	-0.106717	-0.051330	0.081561	-0.111634	-0.114420	-0.016498	-0.037468	-0.173716	0.014871	-0.112814	-0.112518	-0.088648	0.047189	0.189590	0.001655	-0.004400
-0.086651	0.006980	0.154725	-0.001818	0.124794	0.173292	-0.185885	0.013171	0.136963	-0.102026	0.004566	0.046168	-0.067229	0.060606	-0.057507	-0.082603	0.179084	-0.035128	0.080337	-0.140586	0.032975	-0.006350	-0.002251	0.205031	0.098911	-0.030974	0.123234	-0.045552	-0.029740	0.087425	-0.087335	0.010395	0.242392	-0.144738	0.083926	-0.038713	-0.034254	-0.090438	0.061884	-0.119521	0.039826	0.055031	0.093006	-0.163382	-0.050352	-0.142366	-0.093843	-0.115569	-0.102661	0.035024	-0.086721	-0.095999	-0.002360	0.056349	0.151766	-0.121653	0.063362	-0.027920	0.026471	0.107561	0.133490	-0.182395	0.041481	-0.069185	0.046111	-0.014760	0.006961	-0.067692	-0.019456	0.088603	0.054763	0.015369	0.023235	0.161685	0.094199	0.140563	0.057822	-0.105070	0.043091	0.220062	0.095251	0.057742	0.103349	0.170077	-0.118460	-0.036890	-0.031553	0.032761	-0.129589	-0.036455	-0.086565	-0.091300	-0.038264	-0.093583	-0.046940	0.019316	0.255483	0.052064	-0.118945	0.099885
-0.107525	-0.021374	0.076820	0.050446	-0.053105	0.103619	0.007732	-0.008571	-0.110846	-0.022639	0.013185	-0.020101	0.046175	0.031145	0.013371	-0.050802	0.138523	-0.237781	0.011031	0.092347	0.156873	0.064177	-0.030569	0.219428	0.015877	0.217097	-0.119330	0.218988	0.158718	0.096137	0.097292	0.017075	0.138395	0.040855	0.050255	0.023543	0.038025	0.008274	-0.219951	0.153031	0.113404	0.008782	-0.015940	0.051035	-0.093405	0.026731	-0.201388	0.016518	0.176941	0.046455	-0.081320	-0.034996	-0.145473	-0.198420	-0.023315	0.054175	-0.014896	0.155087	0.011936	-0.122757	0.076905	-0.018731	0.183466	-0.038237	0.043428	0.037983	0.048847	0.031847	-0.012589	-0.015582	-0.000791	0.069200	-0.057583	0.017115	0.123332	-0.016804	0.113863	0.093321	0.075211	-0.067174	0.075927	0.155957	-0.148531	0.040747	0.043268	-0.186060	-0.108755	-0.033640	-0.036851	-0.162625	-0.107336	0.091043	-0.036896	-0.210359	0.105294	0.010884	0.054831	0.015940	-0.078683	-0.034262
-0.037316	0.056836	0.098709	0.069750	-0.049973	0.245931	0.090364	-0.028828	-0.110607	-0.243615	0.108133	0.174910	0.127389	0.070691	0.006168	-0.030430	-0.099149	-0.198443	-0.143361	0.033337	0.010985	0.056710	0.104640	-0.059200	-0.250336	0.226174	0.040728	-0.045956	0.124383	0.094832	0.184449	0.050758	0.070631	0.033539	0.041871	-0.008655	-0.000763	-0.156769	-0.019648	0.054157	-0.073709	0.008021	0.033855	0.032899	0.015407	-0.051640	0.113900	0.096259	0.119716	-0.130617	-0.009492	-0.004690	-0.042333	-0.086309	-0.002630	-0.069773	-0.011554	0.120697	-0.001798	-0.027522	0.106759	0.122247	0.108332	0.064945	0.032326	0.091922	0.170022	0.084561	-0.094588	0.077527	0.009681	-0.017590	0.093969	-0.136121	0.133683	0.143008	0.127295	-0.000226	0.042051	0.031491	-0.021475	0.119606	-0.099746	0.017664	-0.091718	-0.147122	-0.046222	-0.144598	0.050437	-0.114014	-0.137910	0.060579	0.053395	-0.012366	0.004629	-0.067860	0.161157	0.149707	-0.007274	-0.123864
0.034393	-0.005236	-0.095755	-0.071655	0.007949	-0.003481	-0.007483	-0.088678	-0.073177	-0.079516	0.024211	0.141042	0.065801	0.201233	0.037196	0.099631	-0.029080	0.017398	-0.104296	0.082109	0.174009	-0.029151	0.045725	0.116522	-0.039630	0.098332	-0.078284	0.154170	0.173632	-0.036100	-0.083560	0.026965	0.075248	0.059450	-0.024681	0.089675	-0.029660	-0.126366	0.109335	0.101342	-0.070848	0.026392	-0.087687	0.073335	-0.018891	-0.099052	0.191001	-0.066997	0.043402	-0.170469	-0.198335	0.040657	0.069016	0.023513	0.059358	-0.176960	-0.185253	0.031563	-0.039915	-0.076091	0.196095	0.123182	0.091721	0.053544	-0.034693	-0.077331	0.096289	-0.032363	0.055723	-0.028345	0.159861	-0.078326	-0.141082	-0.088839	0.196447	0.068381	0.089646	0.104907	-0.053704	-0.010788	0.065366	0.062848	-0.039940	0.026450	-0.036421	0.108926	-0.026398	-0.073040	0.040278	-0.072558	-0.234373	0.227611	0.193917	-0.010618	0.152637	-0.028347	0.163503	0.074296	0.092541	0.059980
0.060927	0.048049	-0.049953	0.094400	0.061837	0.149001	0.038297	-0.006692	-0.016514	-0.296100	0.167294	-0.063879	0.020282	0.145977	0.060224	-0.014324	-0.034298	-0.196274	-0.143194	-0.033120	0.021602	0.000289	0.093404	0.142445	-0.101886	0.105829	-0.245186	0.170943	0.022113	0.262333	-0.033411	0.006390	0.037580	0.134192	0.062125	0.179140	-0.028843	-0.006574	-0.179531	0.129073	-0.104835	0.221444	0.070430	0.022867	0.062535	-0.053732	0.059305	-0.009964	0.015502	0.014127	-0.050604	0.036040	-0.113284	-0.131594	-0.158496	-0.084888	-0.049416	0.064354	0.048058	-0.019157	-0.064521	-0.059646	0.080683	-0.043869	0.092535	0.096889	0.116904	0.022063	-0.040278	-0.043492	-0.008733	-0.134616	-0.012705	-0.052952	0.191224	0.098370	-0.016145	-0.037960	0.063578	0.052951	-0.001879	-0.019210	0.046175	0.051018	-0.092843	-0.157799	-0.085009	0.016790	-0.011199	-0.175964	0.021096	0.059831	-0.022626	-0.075128	0.008562	-0.178123	0.128305	-0.014722	-0.019886	-0.127263
0.075343	-0.016572	-0.037452	-0.160673	-0.062039	0.033072	-0.050864	0.020445	-0.035469	0.015638	0.075594	0.113246	0.127178	0.094744	-0.069474	0.035641	-0.100088	-0.122259	0.088085	-0.042461	0.021022	-0.070741	0.035628	0.007472	-0.182843	0.079182	-0.001209	0.204272	0.098996	0.138961	-0.024898	-0.034555	0.088493	-0.058473	-0.006451	0.071256	-0.004296	-0.250544	-0.009414	0.194181	-0.010490	0.051895	0.030354	0.104254	0.079324	-0.024680	0.059964	-0.021331	-0.063122	-0.073925	-0.083214	-0.031621	0.038155	-0.034900	0.042491	-0.002785	-0.080723	0.082053	0.090982	-0.113518	-0.093820	0.100336	-0.057103	0.236346	0.083074	0.001869	0.067876	0.166486	-0.003630	0.127508	-0.102817	0.041639	-0.178736	-0.036063	0.021653	0.035668	0.140235	-0.033297	-0.115761	-0.071968	0.012056	-0.028113	-0.039006	-0.032560	-0.212750	-0.110055	0.030314	-0.120261	0.021109	-0.237033	-0.016731	-0.009721	-0.080109	-0.357086	0.016085	-0.168954	0.126354	0.147751	0.022576	-0.026691
-0.016461	0.036860	-0.042687	-0.126224	0.001157	-0.013285	0.020300	-0.077349	0.023470	-0.057808	0.083257	0.034494	0.071242	0.084253	-0.101901	-0.058202	-0.099630	-0.177337	-0.005343	0.011119	0.036222	0.062719	-0.036459	0.072282	-0.250044	0.093511	-0.080947	0.159152	0.183628	0.103835	-0.143925	0.003253	0.049309	0.039504	0.061696	0.040438	-0.002112	0.041021	0.036595	-0.040022	0.008354	-0.124098	-0.132640	0.008845	0.021056	-0.093820	0.144513	0.113152	-0.053950	-0.101772	0.008326	-0.088237	-0.140864	-0.020522	0.027288	-0.085439	-0.106154	0.094034	0.140720	-0.261368	0.022126	-0.022839	0.013246	-0.039132	-0.007795	-0.020171	0.022282	0.023814	-0.010874	0.191311	-0.029473	-0.078015	0.077666	-0.084964	0.187612	0.088404	0.030185	-0.076931	-0.048333	-0.109177	0.148505	-0.089612	-0.199037	-0.020943	-0.059832	-0.143491	-0.086719	-0.119883	0.053830	-0.090798	-0.190434	-0.050505	-0.089482	-0.104533	-0.063489	-0.154660	0.176127	0.191934	-0.245278	-0.015969
0.065866	0.067446	-0.054655	0.016283	0.077740	0.032815	-0.007954	0.135215	0.234934	-0.071356	-0.032433	-0.031030	0.019842	0.163324	0.128935	0.006931	0.004712	-0.038715	-0.096066	0.032987	-0.001321	0.020944	-0.023821	0.155227	-0.107073	-0.108536	-0.036577	0.094169	0.030739	0.111802	-0.176733	-0.020241	0.122971	0.191350	0.036118	0.106102	-0.011535	-0.176573	-0.071397	0.190851	-0.039987	-0.002716	0.047777	0.177217	-0.132176	-0.004757	0.041748	-0.028664	0.140074	0.138149	0.106418	0.045906	-0.041440	-0.217155	0.024724	-0.032255	0.055197	0.123036	-0.135867	-0.109372	-0.173174	-0.013557	-0.078568	0.094491	-0.055005	0.025492	0.134713	0.029116	-0.084399	0.023261	-0.018418	-0.039815	-0.094602	-0.033963	0.141816	0.138012	-0.088626	-0.040103	0.004369	-0.061853	-0.042412	0.095089	-0.083375	0.048892	0.033196	-0.116816	-0.174914	0.000663	-0.024583	-0.169850	-0.128969	0.141286	-0.043430	-0.179228	0.057249	-0.234030	-0.022297	0.138578	-0.116577	-0.009657
-0.040401	0.038994	-0.214610	0.119663	-0.281962	0.077162	0.058950	-0.012088	0.076233	-0.065396	0.096392	0.142241	0.073261	0.168498	-0.099354	0.058427	0.013711	-0.167459	-0.024198	-0.039314	0.054452	0.050214	0.010644	0.150771	0.004670	0.167531	-0.095942	0.118622	0.041004	-0.016708	0.043570	-0.051726	-0.065490	0.297434	0.016830	0.073703	0.030032	-0.058852	0.003377	-0.016723	0.020100	0.072583	-0.032214	0.083385	-0.082848	-0.075051	0.041205	0.146056	0.111969	0.084100	-0.139130	0.161837	-0.046861	0.041599	-0.047060	-0.240463	0.018642	0.026833	-0.115174	-0.019146	-0.002150	-0.052487	0.047471	0.054227	0.124457	0.012508	0.171917	0.025907	-0.001002	-0.018180	-0.079891	-0.106598	-0.108230	-0.039598	0.153173	-0.085248	0.074573	-0.062392	-0.140851	-0.052661	-0.019678	0.209680	-0.108852	0.094183	0.014916	0.055750	0.011957	-0.044182	0.047176	-0.119523	-0.120665	0.109253	0.088033	-0.178379	0.152692	-0.015072	0.076559	-0.009543	0.066437	-0.114207
-0.112687	0.037235	0.012110	0.043762	-0.054433	0.104610	0.053878	-0.183281	-0.066044	-0.232664	-0.033416	0.144895	-0.016380	0.138722	0.128520	-0.139892	-0.052822	0.040050	-0.221758	0.038380	0.005255	0.156486	-0.084026	0.047314	-0.083600	0.065476	-0.039352	0.261472	0.158709	0.083412	0.085929	0.069169	0.155763	0.012472	0.101699	0.031039	0.167731	-0.165691	0.064436	0.029052	-0.064919	-0.043075	0.096772	-0.012630	0.045813	-0.030185	0.000565	-0.083843	0.032089	-0.112583	-0.096508	0.040475	0.009404	0.012672	0.023039	0.025512	-0.159862	0.121066	-0.065247	0.007997	0.126718	0.059459	-0.016629	0.044749	-0.115271	-0.137722	0.192026	0.047430	-0.082447	0.025666	-0.010802	0.071671	-0.045941	-0.108187	0.172946	0.072157	-0.082218	-0.049520	-0.065806	-0.135388	-0.080101	-0.108607	-0.040954	-0.068117	-0.057589	-0.125104	0.023267	-0.129307	0.117415	-0.079416	-0.197935	0.123683	-0.082731	-0.097199	-0.003803	-0.024076	0.185465	0.041625	-0.116141	-0.041536
0.010817	0.043165	-0.017528	0.097316	-0.069385	0.150770	-0.123215	-0.034598	-0.007562	-0.117077	0.287296	-0.060796	-0.109328	0.099020	0.016046	0.014287	-0.006305	0.113401	-0.093947	0.075203	0.092680	0.040338	-0.044008	-0.027022	0.040514	0.038351	-0.097142	0.135783	0.156878	0.219560	0.033422	0.064628	-0.019343	0.111270	0.136352	-0.003259	0.132481	0.034913	-0.100392	-0.024270	-0.054696	0.096071	0.147043	-0.035550	0.011124	0.028987	0.102892	-0.085873	0.148837	-0.092825	-0.065093	-0.031287	0.034071	-0.098316	0.104648	0.040104	0.097839	0.131224	0.045402	-0.083460	-0.032026	0.009709	-0.009450	-0.029932	-0.052343	0.150585	0.238001	0.188941	-0.116357	0.071592	-0.034558	0.105576	-0.072536	0.140044	0.154031	0.118757	0.023822	0.014279	-0.043515	0.214476	-0.106907	0.021820	0.008399	-0.021766	0.037319	-0.179186	-0.133464	-0.055354	-0.011155	-0.126059	-0.134241	0.116823	-0.099260	-0.085015	0.026114	-0.145407	0.057265	0.141586	-0.053662	-0.144438
-0.000243	0.027719	-0.057181	-0.029461	-0.201234	0.310065	0.074014	0.018544	-0.028117	-0.072925	0.228351	-0.089434	0.017012	0.001072	0.267657	0.019584	-0.044625	-0.098816	-0.006482	-0.048627	0.082725	-0.030391	-0.063792	-0.060351	-0.067565	-0.055520	0.034964	-0.004224	0.113646	0.013488	0.105023	-0.070724	-0.040113	0.030357	0.038507	-0.019460	-0.009756	-0.065345	-0.004044	0.097532	-0.107232	-0.105190	0.108790	-0.040408	0.104752	-0.018448	0.143693	0.208460	0.060620	-0.092471	-0.212153	0.110860	0.062782	-0.090942	-0.015043	0.086688	-0.004246	-0.008528	0.016385	0.027831	0.181423	0.032192	0.013138	-0.045295	-0.073735	0.030963	0.058235	-0.048090	-0.025497	0.024106	-0.019826	0.120217	-0.065139	0.041702	0.240259	0.221854	-0.045027	-0.073269	0.154741	-0.111804	-0.050230	0.099618	-0.097860	0.008284	-0.030106	-0.189211	0.188333	0.055475	0.062298	-0.126967	-0.004638	0.166809	-0.076952	0.002604	0.125326	0.131981	0.112643	-0.002091	-0.043366	-0.078280
-0.052141	0.095458	0.014544	0.193607	-0.187455	-0.061423	0.174978	-0.125255	0.172157	0.057181	-0.080597	-0.016662	-0.045692	-0.036161	-0.000828	-0.065559	-0.016336	0.013156	-0.018531	0.029936	-0.054697	-0.069400	-0.128167	-0.042864	-0.049502	-0.132640	-0.089523	0.052572	-0.014350	0.000630	0.208444	0.020916	-0.036631	-0.050381	-0.016700	0.058980	-0.013096	0.034998	-0.009116	0.133451	0.018286	-0.148357	0.127937	0.197556	-0.081231	0.160992	0.004515	0.062045	0.222456	0.001127	-0.143180	-0.051162	0.007820	-0.066157	0.093131	-0.010823	-0.170233	-0.051552	-0.022592	0.108541	0.041837	-0.118514	-0.049637	0.081267	0.000364	0.026332	0.087465	-0.110705	-0.236021	0.090517	0.062157	0.113513	-0.048534	0.172058	0.065623	-0.124826	-0.117027	-0.035080	-0.101521	-0.153106	-0.059407	0.039133	-0.035550	0.129361	-0.084592	-0.054901	0.153830	-0.081372	0.151776	-0.052623	0.109841	0.166324	0.007233	0.052193	-0.012736	0.051589	-0.055366	-0.174315	-0.222060	-0.018855
-0.127166	-0.044865	-0.048419	-0.039830	-0.121879	0.010611	0.063099	0.055856	0.079528	-0.168075	-0.132476	0.015693	-0.048078	0.107153	-0.045393	0.222245	-0.004751	-0.009681	-0.030710	0.062901	0.167509	0.052025	-0.096033	0.080781	0.069739	0.025919	-0.037645	0.081697	0.013257	0.202258	-0.022437	0.077469	-0.009950	0.225495	-0.062715	0.021749	0.027897	-0.234653	-0.158245	0.017257	0.037730	0.071391	0.030036	-0.063750	0.021689	-0.075315	0.071014	0.114846	-0.018676	-0.042416	-0.007460	-0.013057	0.167377	-0.204918	0.045576	-0.223147	-0.115730	0.093633	0.034753	0.079693	0.092134	0.114792	-0.046151	-0.018424	-0.039254	0.060692	0.060041	0.035554	0.007108	-0.115441	0.011088	-0.191732	-0.000290	0.031585	0.217532	0.176552	-0.087199	0.040075	-0.060240	-0.139940	-0.046667	0.164581	-0.117595	-0.029132	-0.056350	-0.261882	-0.069698	0.055616	-0.070440	-0.017892	-0.114219	0.091892	-0.053914	-0.046809	0.143410	0.049185	0.087642	-0.029607	0.081838	-0.094481
-0.079914	-0.013742	-0.156570	-0.041601	-0.058950	0.176800	0.088496	0.018537	-0.096229	-0.023198	0.079928	-0.049751	-0.005705	0.141375	0.144764	0.046250	-0.035210	-0.220366	-0.033424	0.050377	0.080309	0.009170	0.099656	0.056858	0.094158	0.084310	-0.094086	0.185591	0.119820	0.146960	0.106366	-0.189407	-0.026066	-0.052235	0.041042	-0.176347	-0.058395	-0.112688	0.010578	0.194334	-0.045934	0.054563	0.037016	-0.025193	0.047838	0.112111	-0.102544	-0.060433	0.163264	-0.040794	-0.103413	-0.075677	-0.065774	-0.052665	0.038895	-0.096042	-0.078154	0.097666	0.092492	-0.057906	0.065777	0.057744	0.029619	0.004276	0.109005	0.157995	0.114441	0.032995	-0.233443	0.079062	-0.092972	-0.105890	0.005579	0.091826	0.103406	-0.057782	0.020847	-0.069014	0.019804	0.125783	0.035468	0.017151	-0.213417	0.018950	-0.027823	0.008134	0.019611	0.009536	-0.023543	-0.076903	-0.040622	0.246006	0.054827	-0.064800	0.232901	-0.059420	0.115033	0.221903	-0.032483	0.022113
-0.135217	0.064546	-0.019707	0.169293	0.057733	0.088583	0.115850	-0.099138	-0.088385	-0.065225	0.086726	0.002726	0.026566	0.043467	0.147325	-0.096150	0.069242	-0.049736	-0.127633	0.178436	-0.035494	0.046705	-0.118328	0.050766	-0.107545	0.031159	0.013824	0.211703	0.262627	0.120644	0.052109	-0.036071	0.058581	0.125829	0.048107	-0.072853	0.010216	0.081016	-0.036379	0.070952	-0.124405	0.123611	0.160930	-0.007408	0.029230	-0.019864	0.060865	-0.008280	0.102325	-0.078007	0.032947	-0.113129	0.017126	-0.057481	-0.075000	0.048933	0.072308	0.111895	-0.068471	-0.028977	0.184837	0.125670	-0.003799	-0.056421	-0.035839	0.103627	0.103630	0.120368	-0.075938	0.065979	0.018835	0.149487	-0.195943	0.035020	0.264271	0.078624	0.052699	-0.167025	-0.046276	0.084472	0.007125	-0.008228	-0.066245	0.018804	-0.010929	-0.165275	-0.005971	0.030580	0.005128	-0.046542	-0.211511	0.177871	-0.030432	-0.130441	0.150953	-0.031638	0.159422	0.117535	0.040990	0.012452
-0.023365	0.045747	-0.121913	0.016920	0.183078	-0.013673	-0.130545	0.102203	0.119483	0.098279	0.125001	-0.003034	-0.000476	0.094083	0.058887	-0.057509	0.024670	-0.089727	-0.024078	0.091648	0.220296	0.030415	-0.025190	0.081136	-0.112586	0.164277	-0.025116	0.319024	0.095233	0.120009	0.053416	0.113979	0.072515	0.178337	0.100895	0.069431	0.092842	-0.016444	-0.185576	-0.003513	-0.073564	-0.092023	0.041515	-0.067382	-0.027844	0.052867	0.181837	0.010530	-0.030515	0.092988	-0.047603	0.042335	-0.101464	-0.153200	-0.042198	-0.067606	0.057333	-0.042179	0.074119	0.029423	0.047825	-0.175456	0.037826	-0.130304	-0.029131	-0.042578	0.057566	-0.025667	-0.011653	0.047817	0.004635	-0.178473	-0.033342	0.067776	0.099641	0.034744	0.031111	0.063921	-0.028976	0.093217	0.042604	0.193794	-0.059445	0.064678	-0.131855	-0.107397	-0.134464	-0.063927	-0.092183	-0.200241	-0.146967	0.187062	-0.046360	-0.037178	-0.037733	0.047257	-0.162257	0.168313	0.009484	-0.059352
-0.059184	0.027777	-0.111548	-0.088691	-0.109671	0.108605	-0.084809	-0.037964	0.054048	-0.082443	0.165287	-0.083388	-0.021693	0.151291	-0.032024	-0.120285	0.087069	-0.060252	-0.103342	0.028987	-0.004310	0.094604	-0.143000	-0.009461	-0.079845	0.155200	0.018500	0.257666	0.178146	0.222511	-0.092557	0.102278	0.028168	0.029467	0.096712	0.020735	0.027420	-0.025386	-0.057324	0.097079	0.044689	0.162806	0.113210	0.064746	-0.004868	0.108142	0.069374	0.124021	0.187756	-0.110288	-0.133760	0.041867	0.163343	-0.014684	-0.029304	0.138745	-0.015122	0.111586	-0.058652	0.049476	0.016566	-0.020552	0.014630	0.009801	-0.092852	0.030041	0.129674	0.097149	-0.064014	-0.007734	0.011993	0.087045	-0.096473	-0.030736	0.179149	0.042018	-0.028340	0.020547	-0.118627	0.007112	-0.000024	-0.071700	-0.011907	-0.091831	0.076254	-0.055776	-0.052265	-0.153026	0.063811	-0.120166	-0.256185	0.224762	0.033562	-0.174614	-0.050179	-0.136353	0.063580	0.156204	0.041355	-0.018609
-0.041806	-0.018120	-0.108737	0.000846	-0.033922	-0.036378	0.072874	-0.044086	0.130911	-0.097399	0.043596	0.068398	0.061104	0.054495	-0.023786	0.081621	0.065268	0.140420	0.070167	0.087889	0.092725	-0.108830	0.093943	-0.113356	0.011108	0.079459	-0.046784	0.064893	0.147340	0.034279	0.081930	-0.084672	-0.058429	0.252228	0.036721	0.191178	0.024239	-0.113008	-0.006826	0.164261	0.008500	-0.061614	0.202410	0.014092	0.047761	0.001393	-0.040264	0.102378	0.199744	-0.057806	-0.068628	-0.081699	0.154065	-0.213809	0.156478	-0.049356	0.026896	0.181005	-0.080862	0.001254	-0.105107	-0.171085	-0.071757	-0.129069	0.133975	-0.001640	0.116757	-0.020834	-0.081183	-0.074886	0.040505	0.029633	-0.160403	-0.029797	0.172021	0.068001	0.024665	-0.176551	-0.025124	-0.211848	-0.171850	0.028095	0.071789	0.152558	-0.040423	-0.070945	0.052356	-0.014341	0.059632	-0.180143	-0.070888	0.058823	-0.029470	-0.061027	0.108359	0.140183	-0.064202	-0.028051	-0.066188	-0.003916
-0.002069	-0.007044	-0.095204	0.052450	0.047088	-0.030102	0.006346	-0.044512	-0.001937	0.032754	0.147347	-0.042965	-0.035835	0.087818	-0.116408	0.011076	0.069771	0.069618	0.025024	0.061127	0.074339	0.074689	0.059065	0.121052	0.048036	0.052664	0.103766	0.034561	0.159977	0.180136	-0.034703	-0.013397	0.078644	0.139781	0.045929	-0.075128	0.140996	-0.082345	0.023574	0.004970	-0.012834	-0.161076	0.131042	0.005968	-0.030057	0.014339	0.085705	0.020408	0.065711	-0.081769	0.012420	-0.092775	-0.043162	-0.045659	0.014240	-0.153623	0.024782	0.215689	0.111161	-0.055004	-0.019874	-0.068900	-0.137138	0.071398	-0.148357	-0.013389	0.076024	-0.010561	-0.045857	0.092656	-0.056292	0.059592	-0.167543	0.021684	0.179684	-0.025477	0.003685	0.012111	-0.006538	-0.205587	0.102568	0.055822	0.041650	0.219145	-0.223408	-0.102367	-0.315026	0.037139	0.247365	-0.144860	-0.045839	0.149332	-0.029369	0.050058	0.028330	-0.148685	0.177417	0.095472	0.035208	-0.124009
-0.012737	0.015588	-0.084909	0.117833	0.090294	-0.001877	0.002839	0.020027	0.055443	-0.117281	-0.080135	0.158645	-0.001060	0.126620	0.036974	0.079865	-0.005543	-0.089126	-0.029384	-0.010984	-0.004509	0.073383	0.108773	0.060087	0.089139	0.096345	0.103608	0.246647	0.142500	0.075484	0.128464	-0.070804	-0.001752	0.079432	0.041298	-0.022098	0.214915	-0.011297	0.007786	0.048864	-0.115822	0.010677	0.024895	0.019779	0.037689	-0.002790	0.052646	0.039405	0.057072	0.027102	-0.148129	-0.074197	0.044707	-0.269093	-0.021459	-0.082521	-0.185353	0.204049	-0.154674	0.058824	0.112553	0.197516	-0.139535	0.120813	0.012984	0.073497	0.223521	-0.158707	-0.090402	0.161700	-0.021481	0.048875	-0.116796	0.004661	-0.052753	0.005741	-0.027025	0.037679	-0.029104	-0.088245	-0.077240	-0.009144	-0.051435	0.084933	-0.021969	-0.138760	0.105565	-0.139358	-0.077746	-0.169771	-0.165127	-0.035171	-0.109988	-0.041037	0.113730	0.047945	0.069991	0.024029	0.040703	0.202305
-0.072442	-0.035104	0.082447	-0.054948	0.008090	-0.055570	-0.109203	0.274139	0.195245	-0.027377	-0.036786	0.056253	0.063269	0.186099	-0.044082	0.010148	-0.113470	-0.081334	0.145448	-0.000858	-0.059114	0.201005	-0.052391	0.077401	-0.001667	-0.084095	-0.138719	0.034950	0.023543	0.144006	0.014310	-0.061939	0.014236	-0.007379	0.123895	0.034054	0.001041	0.002049	-0.102376	0.066117	0.018830	-0.248944	-0.159731	-0.045559	-0.082678	-0.048739	0.154180	0.124651	0.063894	0.034469	0.047574	-0.030470	-0.027743	-0.214574	0.037388	0.004165	-0.033230	0.194671	0.098846	-0.010024	-0.131658	-0.045225	0.018965	0.223636	-0.000361	0.174073	0.101089	0.014508	-0.128757	0.069644	0.056218	-0.043436	0.077264	0.097577	-0.042381	-0.207993	-0.114993	-0.065368	-0.011949	-0.034338	0.083433	0.068877	-0.125660	0.051320	-0.119854	-0.134040	-0.032437	-0.143014	0.026819	-0.027449	-0.139439	0.145901	0.008680	-0.022879	0.020664	-0.111295	0.026110	0.033858	-0.126444	0.117914
0.081850	-0.073612	-0.093632	-0.072945	-0.028057	-0.004472	0.119556	-0.006874	0.142665	0.058126	0.083615	0.202096	-0.098552	0.086100	0.037555	0.048152	-0.054450	-0.099146	0.125069	0.106649	0.144955	-0.017425	0.032812	0.029470	-0.067163	0.016045	-0.072068	0.130974	0.059402	0.107526	-0.081891	0.052529	0.067471	0.056358	-0.018950	0.010406	0.027695	-0.191187	-0.074998	-0.002072	0.015464	0.063234	0.006863	-0.024864	0.015456	0.069172	0.136156	0.138824	0.036316	-0.181336	0.109235	-0.026956	0.064499	-0.152367	-0.051738	-0.198469	0.138729	0.130308	0.050317	0.057455	-0.170272	-0.157316	0.077828	0.173003	0.038451	0.009521	-0.052261	0.047404	0.014650	0.046889	-0.077278	0.025688	-0.024597	0.091740	0.196744	-0.064004	0.011870	-0.143626	0.003982	-0.165792	-0.068246	0.075796	-0.076225	-0.058116	-0.092085	-0.064066	-0.194486	0.091895	-0.016008	-0.266179	-0.216840	0.053088	0.013476	-0.110388	0.126213	-0.093191	-0.045845	0.196056	-0.104391	-0.031794
0.065280	0.068035	-0.068999	-0.122161	0.046540	0.073942	0.121664	0.031586	0.011032	-0.085469	0.051901	-0.088407	-0.149617	0.089668	0.042988	0.029500	0.039999	-0.175865	0.101400	0.199762	0.131813	-0.056875	0.050376	0.031965	-0.075334	0.035137	0.049550	0.079753	0.120232	0.081207	-0.110346	-0.135732	0.043009	-0.133682	0.000896	0.032925	0.032496	-0.047711	-0.282626	0.117556	-0.090873	-0.089232	-0.006631	-0.031685	-0.144859	-0.045564	-0.032325	0.220095	0.145656	-0.182077	-0.051337	-0.072082	-0.056465	-0.034291	0.017309	-0.098750	-0.052653	-0.007656	0.063019	-0.098760	0.145842	-0.098913	0.047332	-0.039105	-0.103254	-0.041292	-0.062809	0.017226	0.024708	-0.142894	-0.171565	-0.217109	0.033967	-0.137454	0.054468	-0.088735	-0.110258	-0.145421	-0.038899	-0.068258	0.137006	-0.100828	-0.003560	0.080724	0.001391	0.012924	-0.105750	0.049827	0.177771	-0.025727	-0.152486	0.076162	-0.010649	-0.056193	0.033186	-0.246647	-0.000000	0.077130	0.009134	-0.143457
0.039499	0.007869	0.110661	0.005687	0.129571	0.029621	-0.041871	0.030376	0.031590	-0.016237	0.084355	0.070124	-0.009855	0.248264	-0.067466	0.187798	0.038370	0.001206	0.042508	0.043756	-0.089695	0.021701	0.034427	0.111882	0.135088	-0.000539	-0.001910	0.238858	0.177872	0.064216	-0.050866	0.061122	0.107100	0.222597	0.101207	-0.087911	0.024035	-0.037076	0.116222	0.163160	0.037109	-0.021298	0.085875	0.096737	-0.003922	0.011462	-0.048746	-0.014858	0.133635	0.061525	0.069108	0.037038	-0.117736	-0.235062	-0.067351	-0.128759	-0.016798	0.124461	-0.040485	-0.106369	0.049923	0.064377	-0.169495	0.052201	-0.096772	0.065319	0.001196	-0.069052	-0.150390	0.177768	-0.066631	0.045909	-0.169271	0.071844	0.050204	-0.168350	-0.027567	0.005799	-0.108216	-0.035120	-0.062024	0.029371	-0.224741	0.038897	-0.010672	0.019118	-0.111401	-0.116975	0.086034	-0.103924	-0.168804	0.162674	-0.072110	0.057175	0.140659	0.152713	-0.007858	0.028213	-0.053761	-0.097576
0.010423	0.147032	-0.011978	0.015460	0.016515	0.058960	-0.010670	0.192251	0.117548	0.142183	0.039470	0.030804	0.084430	0.217049	-0.096900	0.167427	-0.010521	-0.236628	0.016405	-0.014725	-0.042791	-0.059006	0.046593	-0.020883	-0.028840	-0.186857	0.062875	0.279758	0.136789	0.020402	0.017509	-0.002564	0.035119	0.142223	-0.128505	0.077991	0.044048	-0.075498	0.096536	0.200430	0.008707	-0.121297	0.165570	0.095392	-0.022099	0.061282	-0.034374	-0.023146	0.041380	-0.022629	-0.085421	0.145392	0.001727	-0.181729	0.027698	-0.100592	-0.053309	0.087869	-0.116295	-0.119949	0.020820	0.052139	-0.120073	-0.011554	-0.034674	0.012495	0.076511	0.032600	-0.156120	0.090893	-0.079989	0.019946	-0.085254	-0.130005	0.128315	0.051939	0.049540	-0.048978	-0.116065	0.081691	0.010328	0.108503	-0.252738	0.181857	-0.007644	0.037184	-0.078543	0.041519	-0.052193	-0.057303	-0.153166	0.050829	-0.021360	-0.017552	0.090295	0.091786	-0.071584	0.076459	-0.104483	0.110773
0.044606	0.170334	0.063468	0.165798	0.063421	0.079665	0.087218	0.100587	0.231571	-0.008066	-0.091901	-0.024474	0.074904	0.223381	0.052286	-0.146213	0.016576	-0.146470	-0.015030	-0.012300	0.077920	0.162116	-0.103358	-0.034481	0.096657	-0.060250	-0.017361	0.186356	-0.120489	0.043967	-0.070374	0.150547	0.107303	0.032034	0.043644	-0.043955	0.017328	0.030707	-0.045836	-0.037811	-0.001509	-0.087067	0.018179	0.105275	0.058124	-0.045347	0.081798	0.267745	0.011626	-0.039082	-0.132630	0.133320	-0.062829	-0.074634	0.052895	0.015002	0.086940	-0.049449	0.058253	0.054376	-0.067675	-0.152078	-0.006059	0.176519	0.038433	0.244429	0.122270	0.040999	-0.099482	0.040190	0.027005	-0.147095	-0.066763	0.034958	-0.013710	-0.215691	-0.102471	-0.167702	-0.036320	0.076882	-0.054659	0.121464	-0.143303	0.044001	-0.118998	-0.100222	-0.024069	-0.004906	-0.044428	-0.029347	0.044826	0.030823	0.034181	-0.080421	-0.152804	0.023869	-0.093869	0.035056	-0.193536	-0.001147
-0.005550	-0.095509	-0.133796	-0.008860	0.016720	0.157717	0.190220	0.061156	0.021849	-0.105603	-0.020383	0.100091	-0.023917	0.263789	0.094051	0.086131	0.132879	-0.268329	0.012361	-0.029024	0.011295	0.053334	0.018941	0.069619	0.110059	-0.103473	0.018633	0.116284	-0.019384	0.106589	0.063526	-0.120664	0.059806	0.169474	0.011494	-0.045774	0.056848	-0.038175	-0.026021	0.109577	-0.003804	0.008711	0.179610	0.069442	-0.043785	0.048574	0.018358	-0.015750	0.140251	-0.093506	-0.095131	-0.016745	0.039592	-0.155278	0.020062	-0.106234	0.128375	-0.011173	-0.012245	0.011640	0.014810	0.058057	-0.025813	-0.094998	-0.119498	-0.011682	0.205003	0.000257	-0.173059	0.066096	-0.058908	0.112060	-0.063434	-0.109503	0.062294	0.005801	0.049664	-0.115086	-0.118717	0.157654	-0.119487	0.079453	-0.215046	0.141220	-0.079131	-0.176505	-0.072957	0.076131	0.019887	-0.073037	-0.193476	0.180945	-0.038040	-0.092282	0.133813	0.055594	0.023359	0.073944	-0.042436	-0.053596
-0.028712	-0.011763	0.021395	-0.103673	-0.025603	0.046146	0.040929	0.179961	0.002283	-0.089470	0.020451	0.133047	0.221619	0.210042	0.016796	-0.129570	-0.002484	-0.240932	-0.080678	0.120297	-0.046167	0.064445	0.083624	0.083923	-0.022986	0.038890	-0.041733	-0.001237	0.202515	-0.065653	0.002854	-0.016866	0.078643	0.132976	0.088165	0.205916	-0.016404	-0.092656	-0.046667	-0.051299	0.043487	0.033883	-0.067131	0.075320	0.062511	0.051439	-0.042487	-0.037503	0.131262	0.029376	-0.142488	-0.089152	-0.039495	-0.017683	0.010322	-0.189621	-0.035424	0.119780	0.049290	-0.014939	-0.084631	0.122922	0.045505	-0.089028	-0.087961	0.000629	0.144306	-0.029806	-0.166134	-0.081218	-0.020635	-0.307956	-0.070376	0.087847	0.225207	0.037648	0.183654	-0.032986	0.057647	0.014351	-0.170742	0.091972	-0.052992	0.145057	-0.129944	-0.001843	-0.142665	-0.006106	0.115912	-0.087069	-0.003311	-0.026241	-0.073051	-0.068247	0.026601	0.067861	0.007723	-0.136235	-0.060931	0.012198
-0.095962	-0.083622	-0.048272	-0.048703	-0.005196	-0.082073	-0.062444	-0.041439	0.174142	-0.121754	0.155903	-0.052136	-0.043334	0.216197	-0.065776	-0.088452	-0.030089	-0.092020	0.048272	-0.050686	0.095632	0.128883	0.124146	0.184254	0.131289	-0.032356	0.190636	-0.025298	0.104174	0.186204	0.130092	0.005038	0.048008	-0.069227	0.064729	0.163196	-0.003746	-0.169111	-0.011033	0.085709	-0.082352	0.039502	0.130744	-0.238307	-0.092677	-0.086572	0.100252	0.062187	0.065136	-0.060517	-0.142901	-0.179914	0.031284	-0.050775	0.017718	0.063636	-0.159670	0.045326	-0.087431	0.004366	-0.058848	0.047014	-0.093291	-0.009896	0.029257	-0.004229	0.224622	-0.046060	0.059702	0.014145	0.046089	-0.065451	-0.065418	-0.029031	0.082718	0.137310	0.049478	-0.080515	-0.039944	0.094991	-0.117581	0.167568	0.186832	-0.031001	-0.014508	-0.081151	-0.134238	-0.032349	-0.121315	-0.109932	-0.077796	-0.013632	-0.080798	-0.035004	-0.197412	0.036001	0.019184	-0.009744	-0.146229	0.039785
0.013332	-0.037540	-0.011343	0.216810	-0.122213	-0.001511	0.002821	0.029487	-0.081286	-0.146820	0.041491	-0.010417	-0.009404	0.263487	-0.004633	-0.101517	-0.000210	-0.069812	-0.036888	-0.116743	-0.011104	0.201508	-0.075742	0.072832	-0.010436	-0.012885	-0.005870	-0.050387	0.027784	-0.029343	-0.168804	-0.039988	-0.088696	0.074044	0.067414	-0.035926	0.144004	-0.028936	-0.027238	-0.016017	0.022622	0.063104	0.082503	-0.084602	0.037487	0.082484	0.160222	-0.040143	0.159384	-0.225016	-0.093970	-0.088380	0.222777	0.087288	-0.041307	0.216580	-0.115071	0.022775	-0.128047	0.051492	0.009001	0.188593	0.114137	0.033190	-0.120984	0.084942	0.145651	0.046734	-0.071799	0.104914	0.017790	0.100597	-0.051265	-0.020848	0.209851	0.060651	0.130600	0.051086	-0.156245	0.076354	0.000479	-0.041448	-0.023645	-0.074590	0.058871	0.144924	-0.114328	-0.031528	-0.022089	-0.026011	-0.258353	0.019255	-0.059071	-0.033133	0.011578	-0.022980	0.146808	0.151370	0.021779	0.072162
0.115917	-0.131771	0.227651	-0.085868	0.034590	-0.067872	0.038354	-0.093544	-0.022038	-0.077135	0.077443	-0.142750	0.058228	0.168102	0.013555	-0.162129	-0.058236	-0.010398	-0.027721	0.270778	-0.135545	-0.041542	-0.193312	0.072397	0.024017	0.019311	-0.003137	-0.011057	0.143091	0.128209	0.106788	-0.062194	-0.001605	-0.022433	0.084999	0.184502	0.032464	-0.063861	0.021432	-0.011682	-0.094361	-0.064960	0.005374	0.157764	-0.108324	0.036290	-0.076619	0.051417	0.053730	-0.076215	-0.100264	-0.067764	0.140129	-0.031693	0.005289	-0.110993	-0.054270	0.040763	0.051297	0.110874	-0.139016	0.048499	-0.004579	-0.005686	-0.115293	-0.006920	0.098586	-0.149921	-0.038981	0.007317	-0.003845	-0.153553	-0.234722	0.124199	0.045109	0.092758	-0.013884	-0.055695	-0.051315	0.065444	-0.048883	-0.057790	-0.078236	0.036684	-0.128573	-0.107870	0.049818	0.246476	-0.200196	0.054758	-0.084559	0.025293	-0.050566	-0.081812	0.136723	0.030674	-0.059620	0.165017	-0.164234	0.024712
0.017687	-0.096795	-0.059880	0.084973	-0.134267	-0.026930	-0.055998	-0.046783	-0.079160	-0.081744	-0.009804	0.044566	-0.040934	0.163413	-0.095182	-0.144017	0.242315	-0.188531	0.085623	0.120414	-0.008482	0.086090	0.078704	0.179377	0.014328	0.084846	0.124310	-0.229764	-0.068831	0.047152	-0.056225	-0.009180	0.183808	-0.087658	0.050274	0.050070	0.119457	-0.164195	-0.128361	-0.196241	0.040168	0.106985	-0.110996	0.070470	-0.045160	0.091871	-0.137641	-0.014904	0.014363	-0.106485	-0.119509	-0.073821	0.036776	-0.021507	-0.017528	0.178491	-0.029585	-0.070650	0.174153	0.002558	0.045253	0.053799	0.083382	0.034082	-0.108308	-0.002597	0.117878	0.053244	0.016138	-0.020389	-0.096651	0.024332	-0.061594	-0.010282	0.133695	-0.067077	-0.045244	-0.069629	0.095289	0.126647	0.110545	-0.149949	0.124926	0.192297	-0.054165	0.187496	0.058266	-0.095293	0.113382	-0.032912	-0.074671	-0.122688	0.066730	0.099989	0.022524	0.021921	0.035870	-0.125897	0.049049	-0.111474
0.203577	0.107911	0.165009	-0.047469	0.029135	-0.136239	0.026644	-0.080889	0.046707	0.010805	0.116815	-0.059238	0.053135	0.090386	-0.032834	0.075062	0.017467	0.033557	-0.084145	0.100306	0.031106	-0.044554	0.022959	-0.052768	-0.006329	0.120066	-0.063849	0.106494	0.145770	-0.054481	-0.077272	0.062880	0.023457	0.029259	0.018030	-0.007903	-0.048429	-0.112359	0.041238	0.044849	-0.101216	-0.058725	0.035053	0.166097	0.012240	-0.030885	-0.030904	0.188638	0.129569	-0.093734	0.048035	-0.136539	0.148410	-0.030767	0.001041	-0.271615	-0.180894	0.012841	-0.179796	0.060659	0.062606	-0.195327	0.040148	0.014548	0.121601	0.178296	0.004898	0.116805	0.101976	0.109887	0.011912	-0.126623	0.127202	0.035151	0.010415	-0.118590	0.033102	0.190750	0.009926	-0.217912	0.197254	0.144501	0.137875	0.109233	-0.099158	0.048899	-0.174296	-0.106410	0.043285	-0.023829	0.038957	-0.023010	-0.058402	0.035312	0.045092	0.090117	0.018881	0.029199	0.161783	0.034335
0.199420	0.111780	0.049291	-0.033869	-0.053798	-0.040376	0.023645	-0.152366	0.008156	0.078146	0.163627	-0.128446	-0.004032	-0.021969	-0.056958	-0.017929	0.095700	-0.005598	0.044587	0.152974	0.026219	0.041774	0.129050	-0.142003	-0.070248	0.102756	-0.032449	0.095492	0.022464	-0.094463	0.000395	0.232708	0.076545	0.043665	-0.020590	0.143371	0.041372	-0.112492	0.015674	0.047235	0.025664	0.121855	0.108228	0.231833	-0.005535	0.036926	-0.005964	0.097252	0.005757	-0.210537	0.120719	0.022424	0.187424	0.034353	-0.178355	0.040387	-0.219893	-0.095304	-0.076022	-0.015369	0.045529	-0.130314	0.161665	0.050669	-0.011610	0.185583	-0.018014	0.055820	-0.204850	0.137230	-0.035149	0.094719	-0.118278	0.128914	0.055026	-0.060787	-0.013093	0.098981	0.066442	-0.071383	-0.046693	-0.038323	-0.167169	-0.019762	-0.013716	0.017464	-0.066407	-0.066181	-0.112262	-0.163886	-0.156742	-0.105712	0.018921	-0.006444	0.122979	0.014926	0.109396	-0.027441	-0.095452	-0.039492
0.059962	-0.060886	0.006325	0.084484	0.030207	0.060952	0.100906	-0.109765	0.124887	-0.005539	0.107402	0.076270	0.075753	0.067044	0.013205	-0.035510	-0.039138	0.223837	-0.234768	0.051714	-0.077111	-0.020561	0.098732	-0.022770	0.024307	0.148769	0.172504	0.019962	0.036395	-0.156909	-0.317428	0.003750	0.045025	-0.124507	0.045135	-0.060081	0.000993	-0.179991	0.009914	-0.009822	0.035506	-0.079071	-0.084345	0.126311	-0.031793	0.068742	-0.046628	-0.106766	0.033357	-0.046868	-0.065093	-0.217286	0.040484	-0.072649	-0.068870	0.032615	-0.115680	-0.036332	0.063160	0.189912	0.142385	-0.002116	-0.125708	0.055875	-0.015957	0.112245	-0.031533	-0.017670	-0.013538	0.059568	-0.089474	-0.004450	0.184801	0.071115	0.029924	0.025248	0.018121	0.083363	-0.007511	-0.139734	0.220772	-0.271557	0.055714	-0.135150	-0.136005	0.036458	0.018738	-0.127364	-0.095145	-0.109540	-0.014093	0.066443	-0.036434	0.035955	-0.027672	0.081126	0.077228	-0.148993	-0.059623	-0.011373
0.099827	0.011509	0.130156	-0.012624	0.096826	0.035150	-0.098557	-0.135515	0.109224	0.147987	0.093481	-0.140098	0.027553	0.018323	-0.073209	-0.037367	-0.029817	-0.026567	-0.059516	-0.004495	-0.019038	-0.150521	0.120511	-0.117756	-0.009581	0.034560	-0.072363	-0.082993	0.066153	-0.193153	-0.192630	0.147803	0.095485	-0.039373	-0.018235	-0.000807	-0.013337	-0.059270	0.102973	0.107387	0.047103	-0.004648	0.041450	0.157146	0.134113	0.030491	-0.267527	-0.036766	0.120346	0.050026	0.059336	-0.103043	0.073466	-0.039896	-0.000367	-0.053238	-0.151915	-0.081559	-0.187313	0.005167	-0.003524	-0.076439	-0.027924	0.025383	0.017633	0.033263	0.115257	0.060196	-0.129891	0.237929	-0.143939	0.107714	-0.050173	0.039974	0.054232	-0.039851	-0.106002	-0.028399	0.012620	-0.246118	0.066166	0.036187	-0.078372	-0.088982	-0.147492	-0.045105	0.070034	-0.021072	-0.098709	-0.207048	-0.184718	-0.167565	0.078456	-0.065866	0.065276	-0.045406	0.051499	0.155525	0.069144	-0.073379
-0.112008	0.043192	0.028982	0.251368	0.025209	-0.100468	0.098907	-0.033634	0.140141	-0.089682	0.004837	-0.031509	-0.102492	0.261909	0.022121	-0.062660	0.117441	0.056120	-0.103794	-0.118920	-0.080080	0.090160	0.160586	0.200460	-0.071006	-0.016490	-0.090246	-0.026063	0.057223	0.070928	-0.095973	-0.078615	-0.016533	0.094915	0.111533	-0.192390	-0.017905	0.064125	-0.095883	-0.046175	-0.088041	-0.117091	0.061720	-0.068817	0.023735	0.036226	0.054848	-0.002490	-0.096552	0.026192	-0.058819	-0.171051	-0.074581	0.003767	0.002467	0.021605	-0.055868	0.073308	-0.234654	0.065905	0.079559	-0.037891	-0.098629	0.285516	-0.035199	0.241730	0.067607	-0.053843	-0.063107	0.146693	0.026755	-0.037995	0.000946	-0.167656	0.053406	-0.087567	0.094253	-0.110484	0.074691	-0.056400	0.061067	0.073134	0.163696	0.119356	-0.033723	0.007047	-0.095295	-0.035438	0.111511	0.001960	-0.143889	-0.042318	-0.033904	-0.037611	-0.057468	0.019124	0.188506	-0.004190	0.027298	0.005492
-0.031860	-0.185464	0.011116	-0.054666	-0.091672	-0.166300	0.176120	-0.023330	0.160721	-0.126737	-0.090352	-0.065948	-0.042210	0.252054	0.023488	-0.138963	0.042740	0.120585	0.012465	-0.044729	-0.083582	0.068504	0.051410	0.009394	0.025039	0.010570	-0.052119	-0.101821	-0.106990	0.040588	0.012480	0.033199	-0.032895	0.005372	-0.042667	-0.045814	0.048290	-0.125073	0.037441	0.084423	0.063886	-0.157747	0.032749	0.136934	0.024067	0.221774	-0.059769	0.013654	-0.016537	-0.127640	0.000155	-0.023903	-0.006282	-0.030522	0.160315	0.035067	-0.024554	0.008266	-0.184722	0.009439	-0.041481	-0.022252	-0.011247	0.064376	-0.053552	0.142562	0.126514	0.112334	-0.215373	0.112933	0.031895	0.144718	-0.068189	-0.075973	0.160371	-0.066953	0.008128	-0.229387	-0.158485	-0.165402	0.000527	0.042900	-0.030523	0.024740	-0.042028	0.027728	-0.001942	-0.098358	0.172506	0.025988	0.107757	-0.066671	0.034817	-0.194679	-0.155871	-0.036038	0.115347	-0.196335	-0.074184	-0.100315
-0.002827	-0.201493	-0.029299	-0.041722	-0.107988	-0.042033	-0.005215	0.004689	0.249944	-0.035046	0.021641	-0.001068	-0.029831	0.185867	-0.133392	-0.046542	0.054801	0.037946	0.088096	-0.019872	-0.018265	0.250849	0.213647	-0.045532	0.059284	0.021696	0.044663	-0.109404	0.028057	0.094560	-0.090063	0.004666	-0.007884	-0.090245	0.003531	0.019322	0.156887	-0.068597	-0.122582	-0.017676	0.124974	-0.155761	-0.000944	-0.121324	0.068219	0.099374	0.021648	0.214017	-0.023082	-0.030868	0.121842	-0.185432	0.204504	-0.087201	0.066159	0.064850	-0.113290	-0.102812	0.060366	0.057259	-0.026708	-0.079406	0.093838	-0.022487	-0.027249	0.236866	0.075480	0.099519	0.103838	0.067789	0.009404	-0.004936	0.105214	0.096387	-0.062899	-0.078244	0.066014	-0.018693	-0.127922	0.032548	0.177006	0.068351	0.185771	0.044482	-0.099253	0.168481	-0.066873	-0.031383	0.063429	0.121634	-0.105516	0.040242	-0.020055	-0.117864	-0.162599	-0.071755	-0.012745	0.009276	-0.059680	-0.048710
0.046210	0.047641	0.008064	-0.023496	-0.131135	-0.071617	0.014466	0.001770	0.191098	-0.033709	0.006441	-0.144634	-0.026034	0.164625	-0.190887	0.050846	0.019876	-0.089993	-0.030146	0.047430	-0.008297	0.186591	-0.101525	0.029732	0.116065	-0.165911	-0.094202	-0.175988	-0.041972	0.062399	-0.125050	0.043706	-0.121214	0.003528	0.003791	-0.105639	0.031529	-0.009102	-0.062936	0.102790	0.001260	0.021918	-0.013004	-0.062316	-0.100152	0.081928	0.000622	0.045597	0.054247	-0.254137	-0.002188	-0.068200	0.210287	0.027225	0.057518	0.048085	-0.140255	0.081137	0.032824	0.075799	-0.098622	-0.099218	-0.105878	0.131946	-0.037971	0.132820	0.151451	0.092858	-0.112264	0.058175	0.010938	-0.038448	0.100069	-0.080389	-0.041616	-0.157508	0.091111	0.018814	-0.121470	0.074669	0.101464	0.159101	-0.019934	0.114813	-0.130727	-0.018472	-0.145408	0.143657	0.085734	0.064867	-0.156412	0.065587	0.022604	-0.165153	-0.184547	-0.109500	0.012676	0.016281	-0.100801	-0.207363
-0.031765	-0.063257	-0.008492	0.015245	-0.097361	-0.094323	0.092797	0.161546	0.200568	-0.055926	-0.103607	-0.187199	-0.137056	0.286890	0.031333	-0.162974	0.056572	-0.115273	0.002744	-0.021848	0.023025	0.098520	-0.207502	0.158903	0.101686	-0.123099	0.027220	-0.032474	-0.142462	0.104700	-0.056643	0.191831	0.058585	-0.046780	-0.003211	-0.048002	-0.111838	-0.102716	-0.051737	0.044663	-0.042811	0.008040	0.010312	0.091001	-0.019325	0.068455	0.025324	0.192711	-0.051854	-0.132028	-0.071801	-0.187351	0.116684	-0.056371	0.173576	0.108172	-0.133885	-0.002420	-0.093518	0.179301	-0.031561	0.050058	0.024582	0.007111	-0.089538	0.113284	0.079455	0.140681	-0.024139	-0.011229	0.024823	-0.092612	0.094181	-0.084457	-0.004204	-0.166342	-0.138982	-0.121314	-0.071461	0.063051	-0.138774	-0.029554	-0.096990	-0.101093	-0.005083	0.042666	-0.107546	-0.042765	0.015905	0.045930	0.007916	-0.007065	-0.028704	-0.084605	-0.210471	-0.015849	-0.005252	-0.029299	-0.065334	-0.013172
0.077379	-0.134232	-0.083675	0.010437	-0.122825	-0.032755	0.165506	0.103057	0.033365	-0.034002	0.043601	-0.077277	0.109850	0.097187	0.029903	0.066228	0.078059	-0.121188	-0.013646	0.161223	0.077946	0.041191	0.071186	0.072666	0.118448	0.013242	0.065733	0.128690	0.024253	-0.047128	0.081433	-0.002907	-0.053112	0.017699	-0.125502	-0.054986	-0.198307	-0.009388	-0.051873	0.032538	-0.035196	0.034995	-0.071290	0.132683	-0.004049	0.003058	0.151124	0.165334	0.027922	-0.111483	-0.055105	-0.175868	0.187211	-0.088618	0.123561	0.037658	-0.183229	0.015870	0.028124	-0.017426	0.077346	0.057989	0.006536	0.079882	-0.001184	0.170248	0.047229	-0.051162	0.035664	0.196036	0.013346	0.054241	0.079594	-0.085706	-0.044889	-0.147694	0.253617	-0.086581	0.074138	0.154809	0.190563	0.037899	-0.033322	0.211764	0.111642	0.104010	0.048608	0.053867	0.115966	0.042894	0.106294	0.134445	-0.106150	-0.046921	0.240291	-0.090988	0.008206	-0.042366	0.127999	0.014084
-0.087229	-0.103713	-0.006785	0.061195	0.096945	0.171444	-0.055208	-0.006285	0.068176	0.161770	0.007066	-0.089113	-0.004257	0.049953	0.124578	-0.108707	0.067877	-0.080517	0.020887	0.013018	0.093492	0.014222	0.032250	-0.129985	0.048926	-0.186716	0.099968	-0.046877	-0.133693	0.009224	0.100375	0.023425	-0.023263	-0.163931	0.020294	-0.064354	-0.225802	-0.031884	0.008863	-0.055513	0.049762	-0.190888	0.054861	0.089517	-0.049033	0.089337	0.007247	0.025360	-0.006752	-0.033108	0.143470	0.083839	0.067787	0.045549	0.037880	0.226306	0.091585	0.102760	-0.017524	0.066618	0.104451	-0.062809	0.049649	-0.045181	0.071807	0.045867	-0.008212	0.083918	0.012015	0.152992	-0.060198	0.163425	-0.065417	-0.036223	0.236704	0.011155	-0.048520	-0.266671	-0.283217	0.069048	-0.035382	0.002501	-0.015572	-0.099508	-0.078422	0.076932	0.024944	-0.164846	0.040787	-0.080846	-0.075593	0.275501	-0.019758	0.004957	-0.016632	-0.020147	-0.131596	-0.082126	-0.122722	0.040951
0.092831	-0.094233	-0.015620	0.082133	0.080840	0.120175	-0.035885	-0.041269	0.040436	-0.002645	-0.017150	0.011532	0.104939	0.166542	0.183767	-0.150728	0.019579	0.061797	-0.044059	-0.049722	0.144030	0.219349	0.147720	-0.015781	0.004091	-0.103637	0.132230	0.152355	-0.088549	-0.019484	-0.120590	0.110264	0.203318	-0.044654	-0.110434	-0.021216	0.112032	0.047235	-0.017671	-0.028138	-0.027873	0.083503	0.060928	0.035503	0.151073	-0.013550	0.110709	-0.014267	0.042760	0.038528	0.157967	-0.132055	0.095548	-0.019266	-0.028474	-0.078541	-0.020777	0.033615	-0.078433	0.082314	0.096642	-0.148535	0.083190	0.115398	-0.034322	0.047605	-0.036084	-0.052513	-0.061756	0.135387	-0.095647	0.064113	-0.249913	0.038157	0.169406	-0.068507	-0.006060	0.086123	-0.195160	-0.075567	-0.097690	-0.016518	0.050842	-0.152377	0.042685	-0.000193	-0.203153	-0.157698	-0.077556	-0.037080	-0.002689	0.179849	-0.029531	0.172450	-0.067418	-0.011711	-0.113569	-0.104596	0.050054	-0.153387
0.050365	-0.156366	-0.086696	-0.000926	0.033696	-0.152611	0.054949	-0.098995	0.260346	0.030583	-0.169756	-0.025478	0.034515	0.044644	-0.210510	-0.138412	0.103427	-0.073656	0.020010	0.099480	0.061632	0.057452	-0.008221	-0.008955	-0.038344	0.026363	0.140047	-0.085262	-0.026132	-0.090333	0.117201	0.153018	-0.017834	-0.011443	0.000077	-0.000293	-0.113182	-0.011899	-0.125444	-0.021874	-0.124886	0.157499	-0.046035	0.076587	-0.084320	0.134514	-0.202760	0.144414	-0.050858	-0.066800	-0.102630	-0.095250	-0.133055	0.161587	0.024178	0.001743	-0.018323	-0.022989	-0.009749	0.023196	0.045895	-0.015103	0.220457	-0.145473	-0.040887	0.069805	0.168585	0.219772	-0.045275	0.202520	0.009950	0.078431	0.134121	-0.004861	0.192856	-0.102021	0.010923	-0.047694	-0.075141	0.103679	0.112838	0.053185	0.101370	-0.077790	-0.061440	0.003385	-0.012976	-0.094303	0.044678	-0.026401	-0.046304	0.218138	0.094115	0.060454	0.021244	-0.024309	-0.041042	0.014419	-0.105221	0.064972
0.261450	0.004059	0.119339	0.086046	-0.038887	0.025719	0.079728	-0.100467	0.132232	0.106425	0.106469	0.037906	-0.028800	0.041023	0.106115	-0.007354	0.004285	0.009450	-0.050791	0.092072	0.100855	0.009301	0.103867	0.004218	-0.172236	0.163754	-0.136317	0.099730	0.068603	-0.083757	0.036549	0.129107	-0.081708	0.062872	-0.008425	0.066164	0.057713	-0.097691	0.000144	-0.001432	-0.087074	0.051801	-0.028425	0.077760	0.091086	0.016083	0.167871	0.068977	0.091560	0.045703	0.103401	-0.111031	0.125526	0.017787	-0.210822	-0.211921	-0.027221	-0.162150	-0.163526	-0.036494	0.111242	-0.226576	0.110064	0.064607	0.143060	0.049121	-0.105124	0.173903	0.052268	0.050328	-0.075325	0.067717	-0.078829	0.088811	0.099280	0.018488	0.021148	-0.029127	-0.056539	-0.138658	0.160521	-0.245170	0.064703	-0.055101	-0.007587	-0.118581	-0.045043	0.036804	0.142691	-0.055505	-0.018032	0.063500	0.046094	0.001884	0.047113	0.002600	-0.150561	-0.122145	-0.132433	-0.052847
0.020412	0.040745	0.016883	0.010519	0.083263	0.165351	-0.064847	0.097212	0.067725	0.076614	0.015840	-0.000369	0.075332	0.146738	0.025683	0.072932	0.084612	0.117224	0.088350	0.271225	0.093776	-0.007370	-0.041460	-0.051627	-0.033515	-0.021029	-0.035561	0.087028	-0.005661	-0.030659	-0.004061	0.175873	0.212242	0.083670	-0.100587	0.114341	0.138770	-0.026591	0.006494	-0.027564	-0.071552	0.088718	-0.039184	0.035202	0.023536	-0.081929	0.153564	0.149763	0.084951	-0.034171	0.166762	0.039960	0.189478	-0.082576	-0.222008	-0.067370	0.090120	-0.047282	-0.075997	0.082266	-0.010327	-0.110850	-0.075374	-0.042371	0.009241	0.120802	0.113776	0.040187	0.001508	-0.002120	-0.058644	-0.027697	-0.153405	-0.025331	0.138377	0.063194	0.043549	-0.090966	-0.078865	-0.182128	0.170217	-0.185481	0.007208	0.066921	-0.040313	-0.045591	0.173635	0.065847	0.137155	0.057409	0.105420	0.146577	-0.068937	0.021380	0.040312	0.102893	-0.193301	-0.089473	-0.226618	0.021064
-0.077346	-0.142992	-0.094610	0.108885	-0.078487	0.022815	0.040683	0.041620	0.205242	-0.059516	-0.159379	0.084106	-0.034187	0.068120	-0.042118	-0.091209	-0.078408	-0.019156	0.118548	0.037209	0.097081	0.099511	0.127945	0.029537	0.054416	0.113296	-0.055798	0.081844	0.113438	0.152133	-0.032032	-0.076499	-0.024192	0.101068	-0.056675	0.092156	0.051341	0.062289	0.152683	-0.099826	-0.034420	-0.000969	0.074045	-0.202989	0.020253	0.052754	-0.089082	0.208746	-0.149027	-0.049094	0.013522	-0.154328	-0.082155	-0.120723	0.056035	-0.113373	-0.157353	0.033743	0.025988	0.086307	0.002565	0.052350	0.094815	-0.053313	-0.097384	0.198749	0.054977	0.095708	-0.075624	0.004479	-0.060477	0.199198	0.145229	0.307091	0.027666	0.021219	0.021362	-0.083691	0.005326	0.037649	0.227139	-0.041073	0.022067	-0.002732	0.006404	0.006656	-0.015378	0.054733	0.022034	0.079504	-0.136846	0.166629	0.019798	0.006981	0.092386	-0.173162	0.133287	0.046343	-0.022802	-0.129118
0.069036	-0.040729	-0.142927	-0.102372	-0.026469	-0.073209	-0.083341	-0.121190	0.139812	0.088405	0.127505	0.023625	-0.005206	0.035919	0.036276	-0.044149	0.101712	0.012161	-0.148511	0.160465	0.227295	0.015774	0.042900	-0.132627	-0.119651	0.056260	0.092874	0.221551	0.095889	-0.024860	0.026486	-0.126063	0.157837	0.004050	0.060233	0.015191	0.077184	-0.147729	0.075965	-0.006183	0.064901	-0.032922	0.049251	0.013886	0.132578	0.030735	0.008117	0.144559	-0.086580	-0.203624	0.106791	-0.076365	-0.013743	0.021753	-0.026615	-0.017744	-0.067452	0.088729	0.011195	0.124428	-0.058865	-0.237330	0.040095	-0.062822	0.048288	-0.056917	0.139035	0.132480	-0.074247	0.015372	-0.050820	0.199713	0.018599	0.037431	0.055139	-0.059877	0.072366	0.066359	0.157041	-0.162406	0.016792	-0.029540	-0.040647	0.019463	-0.106812	-0.186519	-0.073156	-0.086863	0.066337	-0.025255	-0.133627	0.234568	0.167895	-0.003057	0.044059	-0.173989	-0.052816	0.094541	0.009698	-0.108597
-0.112578	-0.167014	0.021318	0.018397	-0.074339	0.049025	-0.033104	-0.118149	0.085329	0.013253	0.163813	0.135643	-0.056297	0.095090	0.037266	0.012943	-0.003917	0.016028	-0.031148	0.009677	0.101915	0.046761	-0.006501	-0.021042	-0.055180	0.085882	-0.046484	0.158560	0.173120	-0.068233	0.071979	-0.047379	0.080417	-0.065145	-0.029416	-0.066845	0.030658	-0.184059	0.013018	-0.017068	0.155243	-0.079001	-0.154981	0.084747	0.229285	0.040847	-0.014060	-0.007498	-0.065246	-0.086376	-0.209870	0.029238	-0.091566	-0.138243	-0.035273	-0.099397	-0.046892	-0.085570	0.068532	0.100553	0.108686	-0.066918	-0.025390	-0.063994	-0.104393	0.050128	-0.002129	0.159676	0.094532	-0.117297	-0.006666	0.114226	-0.172022	0.144140	0.120319	-0.027336	-0.232305	-0.062692	-0.074931	-0.067196	-0.035983	-0.055486	-0.055975	-0.106327	-0.138722	-0.051000	0.161891	-0.116628	0.202654	0.030006	0.033480	0.149817	0.106428	-0.034120	0.282595	0.025196	0.114556	0.049419	0.061417	-0.020716
-0.080871	0.057878	-0.024440	0.056381	-0.100625	-0.044037	0.131549	-0.121421	0.035721	0.065372	0.038797	0.045612	0.007548	0.177526	-0.048303	0.021371	0.032028	0.242487	-0.015241	0.114486	0.007390	-0.078322	-0.151710	-0.025501	-0.019596	0.063940	-0.070020	0.341690	0.056900	-0.232947	-0.080405	0.026217	0.052434	0.004338	0.089026	-0.101387	-0.097579	-0.156842	0.034930	-0.016350	0.046392	-0.025747	0.133057	0.204801	0.032517	0.167743	0.166954	-0.033634	-0.045137	-0.018174	0.153337	-0.034853	0.080669	-0.035827	-0.107115	-0.225688	-0.012061	0.018519	0.013492	0.097468	0.173053	-0.134204	0.012320	0.013839	0.128593	0.116601	0.001352	0.087531	0.043393	-0.066875	0.074614	0.064115	-0.105851	0.057352	0.134412	0.038659	-0.115236	-0.112053	0.049751	-0.060753	-0.040587	0.007186	0.027937	0.003945	-0.094513	-0.024903	-0.012754	0.102236	0.248234	-0.036233	-0.026257	-0.031276	-0.084098	-0.016287	0.106417	0.131992	-0.018748	0.032695	0.137957	0.090698
-0.026728	0.000040	-0.017818	-0.183640	0.148049	-0.046094	0.031221	-0.029119	0.050068	0.016209	-0.082272	0.010550	0.002625	0.156737	0.119065	0.057198	0.023771	0.030965	-0.157767	-0.074465	0.063834	-0.003712	-0.066852	0.026047	0.071299	0.051995	-0.070476	0.291201	-0.123887	-0.232090	-0.108932	0.142976	0.094379	-0.140906	0.037536	0.166216	-0.113505	-0.141119	-0.015237	0.089286	0.101588	0.082828	-0.069629	0.173928	0.019093	0.032612	0.162372	-0.030104	-0.030408	0.018943	0.005317	0.048766	0.115907	-0.106737	-0.083503	-0.086639	-0.145855	0.009189	-0.064029	0.199505	0.052638	-0.032431	-0.103270	0.083271	0.052513	0.013851	0.180576	0.181810	-0.145566	-0.035997	0.037819	-0.127236	0.025362	0.009980	0.002296	0.153044	-0.022740	-0.032963	-0.190046	-0.010871	-0.114760	0.024740	-0.111609	-0.057225	-0.127461	-0.100189	-0.055875	-0.007737	0.149194	-0.115948	-0.078703	0.026348	0.005022	-0.054484	0.119306	0.009623	0.186715	-0.057274	0.098499	0.022807
0.141536	0.028976	0.049654	-0.066112	0.104472	0.096075	0.117146	-0.005204	0.061602	0.013904	-0.049944	-0.131631	0.017035	0.025735	0.142776	0.005781	0.197746	0.136140	0.012220	0.170031	0.083699	0.070200	0.050058	-0.145918	0.013662	0.003987	-0.063643	0.216375	0.036071	-0.096757	-0.020576	0.104581	0.184213	0.194765	-0.117763	0.100608	0.023412	-0.076319	-0.054482	0.170648	0.062051	0.012359	-0.031630	0.185220	0.076550	0.039991	-0.014859	0.181589	0.095236	0.001130	0.043652	0.038769	-0.004588	-0.135390	-0.121782	-0.004405	0.029917	-0.091899	-0.121409	-0.046963	0.026945	-0.064344	-0.040453	-0.047061	0.039943	0.143577	-0.034431	0.048865	-0.217632	0.030113	0.017412	0.121626	0.009338	-0.150245	-0.000451	-0.036537	0.092730	-0.066333	-0.136436	-0.230946	-0.115590	0.133882	-0.239082	0.041526	-0.077740	0.035035	-0.017812	-0.021429	0.055316	-0.037949	-0.079249	0.213773	-0.063391	-0.004193	0.160042	0.132873	-0.022951	0.000430	-0.032403	-0.032391
-0.092334	0.143264	-0.061280	-0.051628	0.045501	0.005115	-0.031730	0.003782	-0.043150	0.154058	-0.127838	-0.050983	0.005373	-0.096126	-0.042719	-0.181191	0.031919	-0.051404	-0.108234	0.164217	-0.077127	-0.137577	0.044935	0.032833	0.092373	0.053981	-0.023227	0.037612	0.084412	-0.100201	0.096032	-0.044911	0.165569	-0.021844	-0.110099	-0.022621	-0.073936	0.060429	0.057508	-0.125582	0.061832	-0.055225	0.011231	0.159824	-0.115509	0.078967	-0.055005	0.001341	0.024117	-0.082104	-0.017053	-0.159771	0.061129	-0.127506	0.213818	0.154411	-0.289723	-0.019334	0.003578	0.194497	0.149845	-0.231181	-0.033385	-0.149343	-0.091405	0.088963	0.060745	0.012260	-0.002876	0.037382	0.088644	0.051810	0.111832	0.114461	0.167249	-0.071755	-0.117899	-0.026053	-0.101559	-0.102040	-0.093074	0.052964	-0.066291	0.121510	-0.128808	-0.048712	0.037244	-0.197425	0.102920	0.010147	0.014995	0.028989	0.018317	0.063759	-0.020598	0.004679	0.123355	-0.203083	-0.059590	-0.011330
0.220297	0.041174	0.048954	0.075732	-0.216413	0.067400	0.038501	0.081363	-0.023167	0.072364	-0.244295	0.043097	0.201179	0.101579	0.122364	0.007963	0.137269	-0.043115	-0.053528	0.102397	0.043550	0.063804	-0.032301	0.154699	0.023527	0.079254	0.030450	-0.152219	-0.117769	-0.053808	-0.098060	-0.017925	-0.051745	-0.032733	-0.056319	0.124683	-0.020589	-0.014690	-0.035304	-0.012542	0.101871	-0.166529	0.012273	0.140149	-0.164397	-0.022585	0.000414	0.219569	0.004020	-0.160595	0.026380	-0.024339	0.113743	-0.036466	0.029568	0.070798	-0.101648	0.017813	-0.072940	0.007957	0.068816	-0.007055	0.093608	0.058313	0.058553	0.121922	0.105784	-0.024420	-0.054966	0.106736	0.000056	-0.155877	0.069360	-0.028435	-0.005637	-0.128928	0.001727	-0.155542	-0.004593	0.073457	0.138293	0.119649	-0.130985	0.124174	-0.166967	0.117207	0.077952	0.120165	0.078337	0.174870	-0.163507	0.087915	-0.018870	-0.082312	0.008814	-0.081093	0.111161	-0.002997	-0.162505	-0.124257
-0.013796	0.108645	0.004835	0.052662	-0.006225	0.082235	0.106767	0.089025	-0.072058	0.028610	-0.054212	0.042988	0.164792	0.193033	0.130088	-0.103925	0.015820	-0.074571	-0.159447	0.050317	0.077452	-0.001689	-0.113211	-0.131137	0.089321	0.077546	-0.055351	0.276641	0.072474	-0.090870	0.105423	0.127371	0.151148	0.100110	-0.025025	0.066922	0.021898	0.038043	-0.018008	0.054740	-0.233556	0.192005	-0.041135	0.050730	0.069468	0.080926	0.045895	0.027222	0.113935	0.076311	0.061783	-0.154667	0.059853	-0.093208	-0.032148	0.054989	0.031037	-0.150777	-0.129571	0.010406	0.163496	-0.084127	-0.012173	-0.197022	0.123991	0.119381	0.053658	0.171688	-0.131543	0.053655	0.041137	0.012957	0.048767	0.039322	0.187413	-0.024992	0.061780	-0.020146	-0.025527	0.071558	-0.015177	-0.001999	-0.049282	-0.069477	0.083794	-0.093895	0.001891	-0.141935	0.025559	-0.055282	0.031176	0.282230	-0.059040	0.101709	0.176632	0.082680	-0.011125	0.084011	0.017818	-0.041233
0.236943	0.045036	-0.125736	-0.001215	0.219590	0.030314	-0.074806	-0.013312	0.135101	-0.056817	-0.008074	-0.147045	-0.099001	0.017225	0.092680	-0.095249	0.210966	-0.001238	-0.046581	0.185958	0.060028	-0.081715	0.039643	0.017542	-0.091970	0.113512	0.065532	0.046436	0.000067	0.066743	-0.067356	-0.007453	-0.060422	0.044605	0.046741	0.076742	0.068737	0.040217	-0.068537	0.144902	0.024998	-0.023245	0.275069	0.143262	0.052172	0.026856	0.165674	0.017092	0.103407	-0.091598	0.003165	-0.063763	0.153040	-0.082048	-0.055798	0.007806	-0.150256	-0.041832	0.036172	0.057983	0.197837	-0.037670	0.054611	-0.060341	0.001777	0.047456	0.123825	0.123695	-0.096302	-0.111014	-0.082074	-0.085938	-0.085482	-0.023523	0.175354	0.056197	-0.029094	-0.026203	0.056428	0.077142	-0.068427	-0.013911	0.186063	-0.003400	-0.173095	-0.016993	-0.123077	0.042043	-0.137525	0.011282	-0.184751	0.140829	0.107971	-0.026777	0.047750	-0.142762	0.211304	0.010799	-0.025880	-0.042119
0.226422	-0.044133	0.007736	0.194059	-0.024698	0.061697	-0.114635	0.096286	0.045398	-0.037004	-0.009164	0.132368	0.084901	0.109958	-0.011381	0.004278	0.022282	0.066772	-0.093613	0.086687	-0.157490	0.008307	0.009258	0.050796	-0.181549	0.012746	0.020122	-0.046807	0.103814	0.043017	0.007251	0.036411	-0.133510	0.080248	0.075278	0.052515	-0.099446	0.086162	0.213039	-0.055477	0.048438	-0.222356	0.043639	0.228070	-0.065830	0.113938	0.107782	0.003324	-0.043537	-0.019928	0.001167	-0.022805	-0.004350	-0.046101	-0.012272	-0.048484	-0.083238	0.001560	-0.119269	0.114095	0.229000	-0.090931	0.121319	-0.080360	-0.291775	0.074874	0.104288	0.008348	-0.072767	0.031107	-0.002637	0.107441	-0.088652	0.003813	0.041572	0.041880	-0.084993	-0.162569	-0.006874	-0.086222	0.102998	-0.191196	-0.132025	-0.069799	-0.152449	-0.042232	0.013722	-0.033810	0.193011	-0.128714	-0.125715	0.017790	-0.012374	-0.003984	-0.077210	-0.066723	0.127993	-0.094848	-0.107969	0.035399
0.061631	-0.118320	-0.001020	0.194827	-0.247734	-0.261950	0.072681	-0.188178	0.153318	-0.098452	0.041304	-0.054877	0.020851	0.333392	-0.182847	0.031486	-0.019912	0.013810	-0.103876	0.037561	-0.043680	-0.049981	-0.131028	0.083296	-0.185199	0.043652	0.004995	0.026330	0.103296	0.101945	0.086546	0.051197	-0.168882	-0.002186	0.106489	0.079466	-0.130332	0.028273	-0.035534	0.100043	0.054137	-0.096850	0.078176	0.088364	-0.023240	0.088288	0.089814	0.042721	0.022566	-0.077002	-0.163499	-0.139001	-0.006236	0.056877	0.077563	-0.120925	-0.044900	-0.069447	0.002493	-0.068270	0.087448	-0.109709	0.120908	0.007013	-0.128779	-0.030080	-0.030719	0.000693	-0.118479	0.067528	0.092879	0.077900	-0.001350	0.104806	0.134547	-0.104371	-0.138182	0.034962	0.042704	-0.025565	0.025382	-0.013970	0.018802	0.089375	-0.128225	-0.104874	-0.053124	-0.185238	-0.009315	0.025325	-0.025922	0.042368	0.117212	0.086035	-0.073557	0.073401	0.036800	0.054094	0.098221	-0.031000
0.069795	0.089211	0.071718	-0.032197	-0.000802	0.172847	-0.174939	-0.038743	-0.023142	-0.159266	0.122937	0.123832	0.122032	0.296930	0.034009	-0.085030	-0.117078	0.072560	-0.024305	0.036410	-0.061809	0.052085	0.131492	-0.076655	0.037765	0.199382	0.032211	-0.107264	-0.007269	-0.001991	-0.007529	0.074375	0.267151	0.002961	0.021897	0.078923	-0.199593	-0.009039	0.089620	-0.098780	0.035714	-0.000844	0.004729	0.051664	0.034283	-0.072539	0.039757	0.013652	0.062816	-0.065374	-0.072144	-0.020308	-0.078202	-0.029710	-0.019758	-0.168838	-0.144043	-0.001904	0.137619	-0.067983	0.120569	-0.119287	0.058793	0.136516	-0.121181	-0.161695	0.112828	0.029108	0.035385	0.028652	-0.091560	0.019717	-0.083695	0.099537	0.183710	0.073701	0.082443	0.079150	0.023428	-0.082269	0.151633	-0.040958	0.067249	0.060542	0.016143	0.086002	0.270670	-0.098934	0.050430	-0.054479	-0.050688	-0.033425	0.062626	0.033307	-0.005607	0.068619	0.155651	0.154065	-0.126063	0.016540
0.145418	0.074007	0.007604	-0.120844	0.002916	-0.101851	-0.009671	0.021175	0.028405	0.031242	-0.088124	0.011177	-0.070905	0.067909	-0.181281	0.050737	0.049332	0.024380	0.006521	0.210618	0.061625	-0.069650	0.154592	-0.076728	0.102012	0.092896	0.003874	0.029297	0.128516	-0.067842	-0.167671	0.062275	0.215400	-0.086869	-0.025711	-0.040346	0.152561	-0.038405	0.110852	0.232195	0.080332	-0.004390	0.085666	0.066934	0.072874	-0.022571	0.027204	0.039908	0.064926	-0.121138	0.078870	-0.232840	-0.128448	-0.132271	-0.106605	-0.180366	0.017436	-0.080909	0.095094	-0.051264	0.174817	-0.099257	-0.069466	0.053515	-0.043741	0.090473	-0.025468	-0.022492	-0.031245	0.006523	0.040907	0.086789	-0.051204	0.051170	-0.004637	-0.045534	-0.160435	0.065726	0.083675	-0.128834	0.198235	0.147706	0.075529	0.009069	0.016096	-0.008050	-0.016877	-0.070856	0.071991	-0.118650	-0.180645	0.109068	-0.194484	0.177203	0.149933	0.035466	-0.060314	0.118096	-0.077415	-0.036844
-0.012413	0.016814	-0.029996	0.056812	-0.042361	0.066695	-0.078831	-0.112555	0.042295	-0.089683	-0.056465	0.073514	0.049083	0.160913	-0.155445	0.081809	0.003932	-0.009428	-0.000506	0.133491	0.227975	0.129739	0.112094	0.207172	0.056144	0.209322	-0.069394	0.032421	-0.037582	-0.053542	0.091160	-0.052457	0.175058	0.025752	0.017067	-0.087839	-0.022204	0.134185	0.144452	-0.104661	0.230215	-0.104861	-0.017143	-0.080597	0.065728	-0.066850	0.083026	-0.019640	-0.020627	-0.121655	0.082815	-0.028020	-0.139063	-0.000353	0.009089	-0.054589	-0.074007	0.108923	0.168786	0.008712	0.068063	-0.088145	-0.041030	-0.073168	0.013411	-0.001237	0.037933	-0.010523	0.021515	-0.030086	-0.051281	-0.032156	-0.004362	-0.022179	0.020924	0.057914	-0.077059	-0.027775	0.026544	-0.080758	0.046541	-0.037132	-0.019501	0.243597	-0.288376	-0.161504	0.192981	-0.069032	-0.036664	-0.009756	-0.084400	0.150374	-0.135729	-0.014401	0.134782	-0.002903	0.153509	0.196142	0.124629	-0.100844
0.141271	0.092352	-0.019553	-0.112775	-0.021392	0.029900	-0.104761	0.015228	0.021790	-0.066550	-0.101083	0.144480	0.077164	0.241623	-0.058892	-0.026323	-0.012549	-0.030958	-0.125073	0.005788	0.057392	-0.063494	0.058887	-0.070670	-0.032733	0.061354	-0.086289	-0.011277	-0.077879	-0.173510	0.096837	-0.097208	0.214262	-0.002960	-0.020850	0.026868	-0.005372	-0.121887	0.010504	-0.230172	0.016000	0.017344	-0.048372	0.093897	0.108597	-0.052753	0.022372	0.047852	-0.062301	-0.166448	0.150007	0.033754	0.061176	-0.117275	0.121492	-0.218343	-0.046134	0.033568	0.063523	-0.014332	0.051055	-0.137945	-0.005474	0.059963	-0.127767	-0.117042	0.124887	0.064887	-0.078358	-0.032080	-0.081357	0.030512	0.076838	-0.103476	0.176480	0.025885	-0.066993	-0.103644	0.185720	-0.010736	0.082930	0.071435	0.052805	0.165562	-0.156721	-0.025697	0.187312	0.094255	0.042153	0.098669	-0.093756	0.057710	0.108670	0.064031	0.099649	-0.170635	0.099763	0.245304	-0.078120	-0.018210
0.207489	0.036169	-0.003764	0.013202	0.140632	0.085940	-0.028803	-0.130285	-0.081661	-0.119521	-0.065587	0.172829	0.132361	0.144088	-0.036074	-0.023817	0.168816	0.009775	-0.080497	0.085303	0.118245	-0.026678	0.205555	-0.059914	-0.045057	0.221649	-0.003117	0.157002	0.048414	0.026673	-0.014383	-0.002388	0.143834	0.085071	-0.041560	-0.219469	0.137894	0.048677	0.017124	-0.115630	0.068273	0.010073	0.108505	-0.043599	0.103188	0.045273	-0.065789	0.162131	0.066601	-0.127604	0.111757	-0.031216	0.000638	-0.005224	0.005284	-0.014913	-0.162638	-0.022325	0.124557	-0.035159	0.300837	-0.013133	0.133502	-0.135859	-0.007434	0.036240	-0.013801	-0.043187	-0.097041	-0.006239	-0.093487	0.037678	-0.052509	-0.037634	-0.000244	0.044172	0.085981	0.168779	0.000908	0.105412	-0.120982	-0.010092	0.074089	0.089553	-0.049634	-0.026648	-0.033676	-0.044586	0.021790	-0.020912	-0.055807	0.154499	0.044301	0.071636	0.151146	-0.048582	0.174216	0.168823	-0.011148	-0.153730
0.139134	-0.028527	-0.096124	-0.025716	0.220324	0.070856	-0.046158	0.011413	-0.074852	-0.095353	-0.008714	0.186692	0.028896	0.064053	0.096250	-0.100205	0.057421	-0.053229	-0.221008	0.009998	0.004487	0.000125	0.102273	-0.147912	-0.081510	0.104893	-0.033935	0.121144	-0.023523	0.162800	-0.074997	-0.007992	0.033657	0.100458	0.125774	0.172775	0.020897	-0.181708	0.142287	0.064063	0.014731	-0.053302	0.156552	0.081700	0.094697	0.081119	-0.059749	0.013937	0.041991	-0.201437	0.134216	-0.109662	0.021744	-0.141053	-0.065550	-0.146221	-0.087503	-0.089712	0.061488	0.004954	0.213497	-0.008283	0.040698	-0.157981	0.071711	-0.040239	0.113242	0.047052	-0.024894	-0.072180	-0.013178	-0.219131	-0.072767	-0.042511	0.076767	0.026418	0.066772	-0.084153	0.138339	-0.052455	0.025523	0.002854	-0.042816	-0.009422	-0.081033	0.007012	-0.072451	-0.070796	-0.163957	-0.175703	0.017757	0.073747	0.133281	0.010383	0.065933	-0.021662	0.160121	0.216947	-0.013432	0.081527
0.039804	0.161957	-0.130563	-0.026643	0.098147	0.184206	-0.126957	0.008201	0.128396	-0.073277	-0.035815	0.262732	0.039161	0.165512	-0.144690	0.159063	0.063913	0.075679	0.057125	0.010022	0.115644	0.040489	0.228350	-0.114060	0.046853	0.088445	-0.060036	0.164358	0.017537	0.037631	-0.087715	-0.012577	0.155928	-0.024466	-0.047425	-0.078328	0.038708	-0.046493	0.112637	-0.022693	0.059139	0.049290	0.060043	0.018909	0.059694	-0.110958	0.016638	0.087256	0.025447	0.060282	0.167840	-0.152828	-0.018454	-0.258430	-0.044934	-0.109061	-0.010429	-0.104913	0.131060	0.060657	0.156354	-0.032416	-0.062528	0.007754	0.128582	-0.034192	0.016914	-0.025534	-0.002171	-0.046713	-0.072317	-0.027852	0.085431	-0.125403	-0.058995	0.031336	0.012557	0.060677	-0.003872	-0.035602	0.068229	0.030910	-0.057364	0.047918	-0.252090	-0.010082	0.030543	-0.100148	-0.082981	-0.062035	-0.125705	0.072859	-0.118470	-0.133752	0.037717	0.080986	0.032002	0.258450	0.089306	0.094323
0.086561	-0.065472	-0.205915	0.076822	0.116289	0.063516	-0.035314	-0.052329	0.055338	-0.099044	0.057601	0.175408	0.102949	0.061779	-0.021598	0.049742	0.118470	-0.051533	-0.048760	0.011116	0.145563	0.042086	0.138707	0.023369	-0.158490	0.161258	-0.022806	0.210350	0.045503	0.055209	-0.044997	-0.083889	0.232367	-0.013991	0.005036	0.012206	0.107349	-0.085727	0.013290	-0.115075	0.027287	-0.035827	0.038375	-0.031244	-0.026822	-0.007711	0.026536	0.063367	0.061171	0.016631	0.080664	0.118804	0.037662	-0.167490	-0.094980	-0.295033	-0.071494	-0.007275	0.112066	-0.082458	-0.038407	-0.109240	-0.050907	0.031900	-0.088596	0.132267	0.084080	0.042811	-0.082088	0.159661	-0.064993	-0.021909	0.012272	-0.134639	-0.041081	0.011454	-0.107830	0.059539	0.127814	-0.076548	0.108930	0.021037	-0.026756	0.117463	-0.141420	-0.190190	0.018880	0.098990	0.016524	-0.127938	-0.067588	0.095493	0.047342	-0.071529	0.093337	-0.247238	0.166974	0.182732	-0.007285	-0.055325
0.202069	-0.000107	-0.145202	-0.054790	0.043396	0.052168	-0.139234	0.057231	0.167284	0.061517	-0.028945	0.175160	0.047273	-0.020265	-0.143541	-0.038526	0.074621	-0.090352	0.047367	-0.040458	0.067017	-0.103185	0.208762	0.012783	-0.023182	0.157177	0.016863	0.084333	-0.038079	-0.068664	0.060648	0.022213	0.215555	-0.123285	-0.054286	0.049826	0.107282	-0.022759	0.041296	0.051587	0.109026	-0.072116	0.032804	0.034322	-0.086752	0.021613	-0.056492	0.101072	0.044416	-0.069286	0.040019	0.007303	-0.014274	-0.049483	-0.040387	-0.031633	-0.126674	-0.170660	0.118002	0.044798	0.098478	-0.123407	0.045069	-0.035913	0.109151	0.061472	0.041384	0.019576	-0.126272	-0.075031	-0.125947	-0.049094	0.050724	0.120657	0.146973	-0.068594	-0.144342	0.081997	0.141525	-0.025624	0.141328	0.023741	0.131118	0.081879	-0.132558	0.026219	-0.085654	-0.109593	0.054199	-0.001966	-0.146100	0.151535	0.193530	0.065333	-0.072953	-0.194451	0.152874	0.171144	0.024975	-0.237251
0.190589	-0.019773	-0.077088	-0.035408	0.036408	-0.046318	0.116881	-0.036751	0.273064	-0.116495	-0.123564	0.176876	0.026682	-0.007497	-0.021823	-0.002498	0.097037	0.083617	-0.031883	0.076775	0.092779	0.099187	0.175827	-0.054473	0.003195	0.230990	-0.010871	0.095167	-0.011446	0.037603	-0.115488	0.057744	0.139247	0.039458	0.028126	-0.076499	0.010102	-0.091697	0.097301	-0.026032	0.068164	-0.121924	-0.066278	0.051955	-0.006418	-0.026280	0.064842	0.013155	-0.003433	-0.012180	0.072704	-0.183304	0.025956	-0.114358	-0.049688	-0.072889	-0.045146	-0.275848	0.190624	0.076803	0.091467	-0.202852	0.037416	0.056582	0.090851	0.154992	-0.068667	-0.066991	-0.009865	0.022147	-0.012249	-0.112844	0.062506	0.009038	-0.038126	-0.059939	-0.007401	-0.051866	0.024430	-0.126809	0.237459	-0.028922	0.129740	0.064196	-0.223329	-0.049051	-0.049069	-0.213991	0.005312	-0.068141	0.068825	0.161458	-0.095329	-0.089426	-0.022135	0.081399	-0.041452	0.088679	0.005638	-0.029691
0.157871	0.092382	0.004737	-0.023004	0.155221	0.072998	-0.029578	0.133668	-0.169266	-0.186762	0.000109	0.116999	-0.033460	0.151955	-0.114415	0.169430	0.092155	-0.094418	0.050906	0.110249	0.005829	-0.029461	0.288967	-0.057840	0.173660	0.094948	-0.095734	0.022945	0.063062	-0.008189	-0.017620	-0.026969	0.198159	0.005542	-0.041627	0.017025	0.022090	-0.041912	0.218453	0.119527	0.102279	0.082075	0.160696	0.127030	0.009857	-0.073649	0.106819	-0.085130	-0.011086	-0.005519	0.187413	-0.052943	0.056890	-0.174934	0.012481	-0.171971	0.059552	-0.007044	0.128806	0.042770	0.091940	-0.121720	-0.025527	0.173612	-0.022173	0.033917	0.033320	-0.197251	-0.173032	-0.006776	0.019649	0.079514	-0.113058	-0.026066	-0.021371	-0.047999	0.029572	-0.012951	-0.002494	0.046204	0.121726	0.079214	-0.071114	0.089135	-0.065749	-0.013829	0.186921	-0.090841	-0.019409	-0.010596	-0.177669	0.072856	0.008472	-0.045919	0.063151	-0.055058	0.043931	0.020657	0.035068	0.066378
0.132280	-0.090921	-0.091798	0.015806	0.010168	0.044650	-0.072849	0.022449	-0.072530	-0.104391	0.045189	0.197330	0.157665	0.207070	-0.014210	0.023863	0.081221	0.132063	-0.038985	0.052260	0.161188	-0.030633	0.130609	-0.076156	-0.047450	0.172524	-0.105644	0.043358	0.188028	0.050013	-0.047824	0.072214	0.032523	0.162129	-0.036087	0.089800	0.038845	-0.022884	0.030327	0.054985	0.078435	0.081808	0.179787	0.111437	-0.001028	-0.021887	0.134023	0.138777	0.039851	-0.128810	0.166062	-0.156763	-0.017367	-0.106430	0.030117	-0.112265	-0.129972	-0.014612	0.050411	-0.039429	0.086044	-0.232937	0.098753	-0.186705	0.065324	0.051900	-0.000369	-0.089362	-0.069774	0.021858	0.002627	-0.039090	-0.106387	-0.018460	0.004269	0.176492	0.117756	-0.082039	0.005305	-0.029657	0.137900	0.076289	-0.024078	0.211534	-0.160473	-0.090266	0.045641	-0.104528	0.045189	-0.132766	-0.093076	0.144024	0.019951	0.032708	-0.049442	-0.073105	-0.097744	0.093274	-0.000846	-0.150947
0.059454	0.110928	0.022136	0.099174	0.086854	-0.037063	0.018299	-0.038215	0.099141	0.068533	-0.071951	0.076901	0.012618	0.092511	-0.060898	0.010567	0.054003	-0.042855	0.131853	0.185254	0.175939	0.025734	0.191368	-0.086043	-0.039773	0.254970	-0.068927	0.091676	0.044386	0.088761	-0.091902	0.054725	0.138250	0.172076	-0.013785	-0.093365	0.068099	0.040546	0.107860	-0.129845	-0.004247	0.017191	0.014727	-0.052836	0.011619	0.019317	0.064160	0.024589	0.113046	-0.024075	0.150856	-0.126282	-0.019028	0.019135	0.147312	-0.092238	-0.004984	0.021051	0.270456	-0.050665	0.154974	-0.119179	0.110818	0.042937	-0.041904	0.266039	-0.070499	0.056907	-0.038345	0.003035	-0.083736	0.087758	-0.046881	-0.096050	0.060217	-0.101384	0.148439	-0.095194	0.104060	0.062746	-0.045123	-0.117780	0.088351	0.095332	-0.069590	-0.174910	0.022308	0.056057	-0.085521	-0.085594	-0.183257	0.019191	0.031151	0.008692	0.162932	-0.123084	0.033953	0.186411	0.090367	-0.062802
0.286684	-0.004735	0.018423	-0.132861	-0.009427	0.069432	-0.078986	0.049212	0.107468	-0.176405	-0.056861	0.037701	0.042177	0.200583	-0.089498	-0.025570	0.004968	-0.129636	-0.013257	0.038916	-0.017562	0.100846	0.082695	-0.002205	-0.000053	-0.116056	0.059447	0.009790	-0.076628	0.127990	-0.177460	0.017622	0.148578	0.209121	-0.006329	-0.075334	0.049433	-0.100511	0.100877	0.001222	0.129176	-0.027620	0.054835	0.078222	0.045730	-0.041495	0.056448	0.006957	-0.040744	-0.112403	0.202509	-0.165638	-0.042421	-0.069643	-0.002717	-0.140297	-0.087534	-0.067084	0.149679	0.061467	0.073023	-0.173918	-0.006565	0.131340	-0.096374	0.077062	0.088658	0.086501	-0.089738	0.003137	-0.079282	0.099994	-0.141413	0.045528	0.026458	-0.025300	-0.016434	-0.100536	0.007863	-0.154908	0.042338	0.180523	0.006582	0.067410	-0.165165	-0.185883	0.084502	-0.043672	-0.057609	-0.078304	-0.137203	-0.034781	-0.129391	-0.085110	-0.015550	-0.048583	0.077837	0.247498	-0.071785	-0.043747
0.153823	0.042355	0.048178	0.187683	0.054303	0.068127	-0.061644	-0.032206	0.133731	-0.039350	0.005641	0.015165	0.072456	0.169234	-0.156738	0.038409	0.081299	-0.035359	-0.009131	0.039867	-0.060268	0.118456	0.090744	-0.112470	-0.011073	0.055795	0.143674	-0.114374	-0.140848	-0.005704	-0.007925	-0.025970	0.097206	0.047620	0.093387	0.082696	-0.055028	-0.071182	0.067939	-0.073288	0.125361	-0.056950	0.095862	-0.119771	-0.128305	0.023254	0.037623	0.069135	0.168923	-0.283496	0.129271	0.004657	0.117875	-0.093821	0.167782	-0.118163	-0.008575	0.130297	0.034930	0.024966	-0.091645	-0.203605	0.177128	0.139658	-0.140074	0.154003	0.197338	0.038794	0.017664	0.074081	-0.039115	0.053664	0.001889	0.013682	-0.032791	-0.100353	-0.023893	-0.083507	0.125894	0.010934	0.078653	0.145759	0.068894	0.069848	-0.065011	-0.033320	-0.008989	-0.043044	-0.049597	0.027467	-0.111960	-0.008133	0.036924	-0.055253	-0.144118	-0.229974	0.114453	0.189859	0.033513	0.029033
0.082999	0.288216	0.021880	0.011539	0.029285	0.022981	-0.004491	0.012726	0.147201	-0.162054	-0.088210	0.147299	-0.041578	0.270668	-0.062002	-0.047153	0.040893	-0.016157	0.047398	-0.056536	-0.038007	0.127842	0.119198	0.041572	-0.061918	-0.008474	-0.084044	-0.190908	-0.007076	-0.119677	-0.161117	-0.061425	0.196767	0.005200	0.064348	-0.010570	0.204034	0.007974	0.198765	-0.059531	0.082096	-0.109969	-0.042285	-0.070865	-0.065183	-0.029592	0.167956	0.120501	0.092870	-0.156454	0.082316	-0.076411	-0.044455	-0.049768	0.043372	-0.102210	-0.072614	0.071551	0.076156	0.062506	0.026438	-0.102172	-0.046015	0.110441	0.034396	0.219500	0.175390	-0.031633	0.057074	0.010224	0.128586	-0.053875	-0.001194	0.044845	-0.045842	-0.090593	-0.085330	-0.041608	-0.057756	0.070222	0.043606	0.128678	0.125436	0.103962	-0.172454	0.042840	-0.056526	-0.053919	0.041709	-0.023746	0.048153	-0.098391	-0.119969	0.092579	-0.105420	-0.043342	0.107200	0.005179	-0.148758	-0.085894
0.111823	0.193676	-0.027071	-0.165400	0.067065	0.032591	-0.056177	0.036071	0.085019	-0.077575	-0.096293	0.201884	0.079606	0.039968	-0.107012	0.132443	0.001504	0.047841	0.018946	0.146601	-0.023674	0.049637	0.142528	0.055728	0.076433	0.021195	0.067226	0.037223	0.074584	-0.003900	-0.104877	0.092611	0.108102	0.013378	-0.031360	-0.087245	0.062782	-0.043286	0.203729	0.115268	0.036691	0.003920	0.076690	0.078676	0.048089	-0.131849	0.033183	-0.097000	0.041377	-0.064951	0.048209	-0.211309	-0.146206	-0.100339	0.050008	-0.176807	0.020809	0.044669	0.153459	0.051161	0.223056	-0.111720	-0.002579	0.184820	-0.058742	0.132679	0.071253	-0.011993	-0.202276	-0.018920	0.000279	0.057438	-0.107802	-0.026209	0.214343	-0.011370	-0.051988	0.036865	0.051244	-0.065612	0.142190	0.123204	0.006928	0.082441	-0.134116	-0.073388	0.024996	-0.015144	0.014602	0.085577	-0.145130	0.130016	-0.091416	0.044119	-0.001251	-0.166931	0.122071	0.190071	-0.106220	-0.057006
-0.184562	0.010804	-0.017843	0.089520	-0.002284	-0.002503	-0.166005	-0.189305	0.148396	0.002227	0.088170	-0.028890	-0.031628	0.005554	0.119514	-0.020151	-0.018020	0.029889	-0.036152	0.071536	0.148841	-0.010282	0.027640	0.134606	0.037288	0.020600	-0.021043	0.101371	0.111282	0.099556	0.107206	0.028795	-0.003030	-0.182397	0.062091	0.117752	-0.017601	0.058132	0.168943	0.298929	-0.141617	0.032354	0.165731	-0.081163	-0.099864	0.020787	0.061300	-0.099605	0.035923	0.113696	-0.102323	-0.080992	0.047760	-0.091028	0.078958	-0.121407	0.007141	0.178049	0.147412	0.038471	0.033984	-0.129484	-0.077162	-0.007671	0.160217	-0.016367	0.225451	-0.043799	0.044861	-0.047390	0.003322	0.037450	-0.099189	0.150508	0.291786	0.096944	-0.123518	-0.031647	0.072516	0.036064	-0.049925	-0.042714	0.060290	0.014313	-0.061993	-0.162412	0.050415	-0.052830	-0.115943	-0.143962	0.000243	0.115872	-0.006646	-0.035559	-0.138668	0.006376	0.065151	0.012029	-0.050359	0.072586
0.017363	0.222528	-0.054275	0.131869	-0.000789	0.129753	-0.047769	-0.022030	0.101279	-0.208220	0.059238	-0.009479	0.096135	0.121935	0.112939	0.014368	-0.132133	0.125146	-0.135653	0.157875	0.003560	0.043979	-0.069025	0.041676	-0.057042	0.066315	-0.035210	0.181991	0.142442	0.140935	0.000351	0.156904	0.113725	0.028078	0.081755	-0.012228	-0.085474	0.114319	-0.033432	0.005632	-0.216600	-0.044661	0.127717	-0.027295	0.026402	-0.117143	0.142208	-0.004672	0.114299	0.031996	0.091931	0.005641	-0.103001	-0.106536	-0.026087	0.009714	-0.045489	0.147399	0.065886	-0.065725	0.095242	0.095032	-0.045609	0.010060	-0.073683	-0.021564	0.218595	0.030217	-0.033734	0.134437	0.007849	0.002598	-0.122756	0.038977	0.244433	0.106151	0.011318	-0.077711	-0.086950	0.039010	0.064272	-0.004176	-0.016156	-0.039808	-0.018656	-0.170621	0.028268	-0.125904	0.057461	-0.135125	-0.129781	0.200941	-0.091361	-0.029710	-0.036724	-0.066624	0.215137	0.099654	-0.068241	-0.005065
0.087499	0.157866	-0.138347	-0.054718	0.049785	0.098610	0.079630	0.005041	0.107613	-0.190247	-0.039400	0.132634	0.093991	0.264058	-0.014428	0.144889	-0.100441	-0.001943	-0.082625	0.132029	0.101920	-0.033560	-0.157148	-0.108728	-0.098730	0.079039	0.029460	0.134588	0.031923	0.052977	0.019475	0.123493	0.106349	-0.034811	0.057409	-0.012614	0.062737	-0.158827	0.027655	-0.028066	-0.121581	-0.021142	0.019264	-0.058251	-0.089603	-0.081137	0.094982	0.219523	0.062898	-0.138266	0.093995	0.168075	0.133436	-0.131348	0.037149	0.003573	0.107329	0.111250	0.149864	-0.126953	0.040329	0.009237	-0.085604	0.012762	0.005481	0.058211	0.142103	-0.030382	0.059733	0.027761	0.002204	-0.095904	-0.008243	0.046532	0.318209	0.011250	-0.103486	-0.042620	0.051701	-0.035657	-0.003424	0.063230	-0.084474	0.061720	-0.176740	-0.074887	0.011230	-0.019812	0.026039	-0.044853	-0.141456	0.160170	0.073370	-0.095643	-0.022985	-0.017146	0.162880	0.032648	-0.112391	0.054935
-0.073926	0.116070	-0.114029	-0.086138	-0.076332	0.005059	0.075720	-0.164539	0.009911	-0.098760	-0.005751	0.055728	0.040126	0.111322	0.078662	-0.027525	0.067075	-0.060601	-0.124865	0.015675	0.094115	0.141169	-0.085339	0.121186	-0.042912	0.112608	0.142642	0.242092	0.091478	0.202744	-0.022098	0.024758	-0.031550	0.012929	0.160564	0.259383	0.036267	-0.107986	0.032593	0.077070	-0.002401	-0.000845	0.024289	0.062316	0.027746	-0.145612	0.067788	-0.094069	0.114699	-0.023949	-0.101020	-0.072197	-0.051498	0.030126	0.036275	-0.051730	-0.073785	0.234626	0.034775	-0.146593	-0.024061	0.020049	-0.024252	-0.062079	-0.039813	0.053735	0.040708	0.017992	-0.076364	-0.111397	-0.054555	-0.048485	-0.104661	-0.002413	0.121599	0.195979	0.013142	-0.143514	-0.057103	-0.092521	-0.011814	0.052715	-0.261663	-0.112098	-0.029254	-0.144625	0.023023	-0.083070	0.066715	-0.045838	-0.181388	0.102440	0.003591	-0.189372	0.058309	0.093390	0.145019	-0.008555	-0.175144	-0.013172
-0.046893	0.018514	-0.010442	-0.068237	-0.143114	0.023352	0.021599	0.061975	0.034882	-0.057641	0.121043	0.048371	0.036043	0.153512	-0.047156	0.067383	-0.062310	0.025412	0.060563	0.019607	0.090123	0.042075	0.024245	0.028714	-0.088225	-0.081642	0.120699	0.221842	0.037381	0.149038	-0.049399	0.026680	-0.058214	0.087164	-0.030467	0.001836	-0.101976	0.018142	-0.018189	0.272693	0.060682	-0.024990	0.103183	0.014381	0.023658	-0.131576	-0.040764	0.050983	0.203101	-0.056170	0.038908	0.005677	-0.058767	-0.191838	-0.081972	-0.065577	0.093317	0.047634	0.038249	-0.154853	-0.031460	0.078403	-0.147944	0.084510	0.032680	0.013071	0.101347	-0.093476	-0.152316	0.162746	-0.006028	0.166183	-0.061313	-0.087721	0.075455	0.123374	0.057367	-0.176118	-0.093789	-0.005186	0.035840	0.081951	-0.120963	-0.005259	-0.140877	-0.010017	0.094819	0.049501	-0.061028	-0.133907	-0.330405	0.132207	-0.077594	-0.077427	0.023089	-0.003535	-0.005740	0.124380	-0.232312	0.165544
0.028464	-0.032198	0.030130	0.029796	0.010904	-0.011392	-0.023405	0.012702	0.100223	-0.082254	0.106407	-0.002345	-0.033508	0.117430	0.069551	0.040803	0.015022	0.110540	-0.044697	0.077639	0.026636	-0.047815	-0.112118	-0.013717	-0.115742	0.153620	-0.018131	0.361209	0.072429	0.086620	-0.039870	0.114028	0.154423	0.100629	0.048556	0.153555	0.117957	-0.081220	-0.031104	0.161172	-0.069831	-0.134153	0.003015	0.064233	-0.027209	0.078309	0.151086	0.089198	0.054029	-0.035916	-0.029319	0.025991	0.072832	-0.269916	-0.011379	-0.164226	-0.014459	0.000254	-0.009326	-0.105768	-0.059150	0.044845	-0.121988	0.042205	0.105979	0.027590	-0.010670	0.006292	-0.121783	0.056059	0.093008	-0.167273	-0.173890	-0.060390	0.116600	0.002768	0.074427	-0.227510	0.030790	-0.060053	0.043039	0.042761	0.064946	0.074480	-0.029495	-0.170507	-0.151177	0.047335	0.210008	-0.158513	-0.010361	0.156522	-0.050119	-0.052576	0.122837	-0.019378	-0.060017	0.167724	0.041730	0.071907
-0.090096	0.031068	-0.047762	0.028579	-0.050102	-0.013869	0.014374	0.002172	-0.021532	-0.148986	-0.023139	-0.001869	0.022961	0.254767	-0.055267	0.223730	0.103974	0.062808	-0.103677	0.232724	0.137516	0.078019	0.067929	0.018964	0.169602	0.103883	-0.088473	0.041099	0.071674	-0.023977	-0.078392	0.010701	-0.172468	0.002614	-0.079591	0.122724	-0.014666	-0.027982	-0.090050	0.134145	-0.047142	-0.023954	0.098436	0.017441	0.030303	-0.025030	-0.014965	0.020930	-0.006373	-0.074827	-0.026923	-0.114142	0.121273	-0.157559	-0.181486	-0.084181	0.044148	0.132300	-0.110732	-0.154330	0.001592	0.024552	-0.141692	0.050998	-0.031151	0.031210	0.176581	-0.045419	-0.119260	0.087728	-0.023992	-0.099607	-0.194025	-0.063315	0.052912	-0.063840	0.079751	-0.015362	-0.142456	0.095767	-0.086938	-0.048908	-0.187208	0.214178	-0.140593	0.023648	-0.130645	0.140188	0.000947	-0.089163	-0.108744	0.074321	-0.002246	-0.202236	0.166228	-0.027760	-0.028412	0.040979	-0.048422	0.043862
-0.034712	0.022763	-0.050102	0.226779	-0.112142	0.114623	0.023714	-0.234570	0.054463	-0.000871	-0.028032	0.033678	-0.080317	0.217530	-0.019235	0.037389	-0.001568	-0.014184	-0.065802	0.130156	0.067026	0.339870	-0.164774	0.120254	0.046786	0.073690	0.019561	0.132880	0.046064	0.091788	-0.072331	0.014113	-0.045305	-0.007264	0.035882	-0.118602	0.003661	-0.088564	0.130257	0.015796	-0.050241	0.026906	-0.042275	-0.078979	0.048206	-0.045477	0.100404	0.051616	-0.000331	-0.147387	-0.078519	-0.000767	0.137714	0.009448	-0.082202	-0.098387	-0.129035	0.219689	-0.072064	0.019592	0.058334	0.076682	-0.132461	0.170740	-0.092089	0.119877	0.025136	-0.066504	-0.126508	0.115709	-0.028204	-0.032228	-0.199820	0.047485	0.185713	-0.142288	-0.004929	-0.070264	0.077989	-0.020723	0.032085	-0.056304	-0.063091	-0.054680	-0.137065	-0.108738	-0.031999	0.055106	-0.149286	-0.085840	-0.060148	0.069519	0.052774	-0.068474	0.062356	-0.038573	0.096975	0.097723	-0.140011	0.119223
0.028720	-0.019907	-0.087241	-0.001113	-0.080207	-0.029127	0.066127	0.128587	0.035142	-0.049500	0.153467	-0.006824	0.023382	0.158793	0.058593	0.006349	-0.031790	0.020714	0.003236	-0.061441	0.118817	0.036858	0.099488	0.035614	0.028347	-0.099315	0.016683	0.122572	0.110096	0.066292	0.075756	0.014010	-0.099855	0.224890	0.006844	0.187671	-0.066021	-0.115351	0.004908	0.043443	0.083127	-0.069002	0.067389	0.134230	0.029370	-0.067479	0.064160	-0.098215	0.139473	-0.013283	0.011559	0.073121	0.103385	-0.230701	0.144139	-0.132524	-0.025008	0.076190	-0.060450	-0.029249	-0.135636	-0.027440	-0.052350	0.160504	0.153214	0.033308	0.227324	0.107404	-0.141273	0.047321	0.000378	-0.016450	-0.163209	-0.011216	0.155425	-0.006849	0.097895	-0.184382	0.097740	-0.012513	-0.082728	0.241500	-0.181424	-0.088962	-0.059428	-0.146671	-0.000968	-0.121517	-0.068935	-0.122628	-0.170901	0.118723	-0.038160	0.070378	0.100173	0.082135	0.014964	-0.015294	0.048159	0.148439
-0.076307	-0.095095	-0.013963	-0.016638	-0.118092	-0.084896	0.034743	-0.120121	-0.044128	-0.095030	0.051368	0.001511	-0.031746	0.098852	0.021106	0.000315	-0.099014	0.000913	-0.018838	0.035308	-0.003244	0.076858	-0.087275	-0.058740	0.061167	0.153405	0.008099	0.174703	0.106948	0.112078	-0.037616	-0.002835	0.024781	0.183743	0.021999	0.047846	-0.010136	-0.108443	-0.059815	0.198897	0.052070	-0.216546	-0.080912	0.003521	-0.031499	-0.077282	0.150256	0.167967	0.171427	-0.066049	0.089205	0.048092	0.239315	-0.197945	0.094027	0.017543	-0.064386	0.107264	0.084743	-0.080005	-0.013348	0.169350	-0.074298	0.029775	0.009108	0.035775	0.002930	-0.007249	-0.195128	0.033498	-0.115520	-0.027598	-0.294866	0.055681	0.139590	0.067113	0.075426	-0.090028	0.008253	-0.162077	-0.073320	0.031955	-0.073670	-0.023637	-0.100672	-0.082121	-0.111135	-0.034727	0.059333	-0.114042	-0.050898	0.209509	0.190034	0.027299	0.109987	-0.062753	0.142042	0.013564	-0.025831	-0.050238
-0.019013	-0.127303	-0.067709	-0.073658	-0.131899	0.014648	-0.064878	0.013797	-0.179929	-0.140587	0.032790	0.098291	-0.100844	0.063653	0.004300	0.101685	-0.039648	0.029570	0.022454	-0.061872	0.107255	0.017351	0.064673	0.058360	0.189522	0.114023	-0.132433	0.260580	0.111631	0.233873	0.022234	-0.030901	-0.147278	0.002788	0.114359	-0.098988	0.038054	-0.034349	-0.035608	0.159577	-0.022128	0.020115	0.073982	-0.010620	-0.039422	0.069201	-0.039642	-0.038429	-0.020018	-0.060964	0.096502	-0.015728	0.060803	-0.210188	0.026048	0.015410	-0.112831	-0.013929	-0.030087	-0.015103	-0.018824	-0.037173	0.015235	0.112965	-0.000970	0.043355	0.142670	-0.056572	-0.040892	0.014652	-0.031452	0.047368	-0.000801	0.068522	-0.070437	0.097916	0.085343	-0.070356	-0.096273	-0.240930	0.069403	0.078031	-0.037401	-0.057676	-0.042424	-0.179538	-0.036175	-0.057775	-0.003596	-0.219751	-0.286138	0.157789	-0.074025	-0.262724	0.057143	-0.036430	0.167697	0.084110	-0.019192	-0.018837
0.061155	0.093867	-0.114802	-0.028695	-0.018152	0.047234	0.092907	0.007175	0.054810	-0.037558	0.052291	-0.027105	0.017086	-0.015550	0.018348	0.071567	0.036648	0.054905	-0.011976	0.134158	0.038646	-0.021450	0.086888	-0.128231	0.057653	-0.061812	-0.074249	0.188605	0.204956	0.184724	-0.035787	0.000482	0.074671	0.083896	-0.023605	-0.057768	0.070512	-0.042417	0.096232	0.102739	-0.058305	-0.034877	0.012722	0.031297	0.024680	0.072774	-0.013523	0.052198	0.063466	-0.134662	0.119349	-0.042588	0.013392	-0.231451	-0.050921	-0.073051	-0.116962	-0.019078	0.066688	-0.119296	-0.140604	0.035047	-0.131156	0.079120	0.020319	0.193261	0.125081	-0.025074	-0.242000	0.177562	-0.086972	0.150376	-0.152605	-0.038093	0.009204	0.083192	0.119711	-0.114961	-0.102362	-0.071581	0.155661	0.078304	-0.010107	0.068445	-0.119376	-0.033946	-0.207996	-0.045657	-0.050439	-0.125052	-0.252309	0.043870	-0.086940	-0.206714	0.196253	-0.099141	-0.017290	0.099035	-0.043422	0.001547
0.062804	0.008697	0.044899	-0.016401	-0.123174	0.063005	-0.087841	-0.022859	-0.135575	-0.108878	-0.009486	0.211825	0.089827	0.200562	0.011678	-0.031515	-0.033088	0.036097	-0.054954	0.068895	-0.040797	0.128792	0.017460	-0.002956	0.046488	0.000601	-0.009525	0.206929	0.148855	0.069012	-0.035347	0.027798	0.128733	-0.019152	0.115039	0.040832	0.139262	-0.079125	0.180557	0.153448	0.085332	-0.050003	0.081472	-0.007474	-0.026254	-0.096577	0.000662	-0.070256	0.061173	-0.085520	0.158916	0.075268	0.150880	-0.152452	0.038857	-0.061138	-0.096985	0.098260	0.079648	-0.018168	0.039876	-0.046620	-0.064100	0.106794	-0.128342	0.056509	0.145058	-0.061618	-0.034576	-0.035724	0.049932	0.023376	-0.019845	0.091222	0.122770	0.007000	0.085185	0.084251	-0.018541	0.021977	0.215808	0.130456	-0.007865	0.009263	-0.031939	-0.043956	-0.047431	-0.034985	0.006498	-0.007888	-0.260107	0.125911	-0.164211	-0.091070	0.198516	-0.135339	0.314527	0.034103	-0.131743	-0.048957
-0.176251	0.171037	-0.109990	-0.012409	0.071654	0.120438	-0.008900	-0.125005	-0.025173	0.105532	0.008943	0.154737	-0.050065	0.225360	-0.115777	0.063389	0.079824	0.090980	-0.067085	-0.002215	0.088909	-0.003698	-0.055230	0.049211	0.041226	0.054226	0.017189	0.025470	-0.001984	0.065049	-0.031450	0.024990	0.143218	-0.111259	0.079339	-0.115807	-0.025045	0.063010	-0.016119	-0.125941	-0.016079	-0.021130	0.006405	0.129614	-0.146123	-0.127732	-0.026450	-0.068794	0.117613	-0.103007	-0.094720	-0.127974	0.236055	-0.110278	0.112884	-0.096817	-0.028351	-0.002905	0.104060	-0.191226	0.041282	-0.044349	-0.049931	0.031310	0.055703	0.107244	0.118389	0.045618	-0.094954	0.108425	-0.077275	-0.040318	0.076885	0.083589	0.058848	0.066117	0.119426	-0.015164	-0.060217	0.050192	-0.153095	0.325157	0.062136	0.048927	-0.132924	0.071617	-0.137078	0.074249	-0.048494	-0.058447	-0.195480	0.092741	-0.020678	0.043892	0.143364	-0.029230	0.112630	0.071485	-0.187342	-0.017187
-0.201600	-0.003454	-0.020813	0.078400	-0.150446	0.029341	-0.118236	-0.075631	0.076950	-0.120805	-0.013487	-0.078740	-0.145488	0.231611	-0.035016	-0.010101	0.034699	-0.266250	0.102940	-0.024293	-0.075245	0.114885	-0.067365	0.060620	0.083978	-0.138657	0.057978	-0.069338	0.055701	0.072431	-0.109905	0.019389	-0.012902	-0.085047	0.082315	0.106616	0.030830	-0.265361	0.022623	-0.047116	-0.044871	-0.229928	-0.005783	-0.138289	-0.042022	-0.023466	-0.020487	0.110198	0.084777	-0.042529	-0.099249	-0.043480	0.148243	-0.038447	0.148107	0.092798	-0.091987	0.048490	-0.188794	0.042421	-0.102289	0.131051	-0.087435	0.151269	0.013073	-0.079594	0.178822	0.018183	-0.041888	-0.086942	-0.030796	0.171798	-0.004809	0.075192	0.078481	0.058511	0.061431	-0.140311	-0.145345	0.003163	-0.046589	0.109066	0.129155	-0.029037	0.080896	0.029926	-0.048828	-0.002423	0.046929	-0.080579	-0.134596	-0.040776	-0.010094	-0.094761	-0.139638	-0.063560	0.032471	0.119274	-0.095759	-0.076177
0.000199	-0.009958	-0.053898	0.215459	-0.120937	0.079844	0.066181	-0.012911	-0.010895	-0.065716	0.160058	-0.000924	-0.077765	0.114860	0.102116	0.028994	0.143820	0.112033	0.001333	0.280452	-0.021666	-0.377545	0.121590	-0.110908	-0.045694	0.029126	-0.071265	0.063761	0.045070	-0.123680	0.046101	-0.014812	-0.014965	-0.029537	-0.007350	0.037094	-0.015021	0.009114	-0.163832	0.230509	-0.097088	0.074919	0.177885	0.077162	0.191981	0.067004	0.040348	-0.084741	0.076416	-0.058513	0.110122	-0.078987	-0.069010	-0.157306	0.000237	0.047692	-0.072752	-0.066793	0.009648	0.048873	0.085420	-0.047151	-0.043761	0.083777	0.163279	-0.033075	0.029359	0.002199	-0.160217	-0.077772	-0.025356	-0.018036	-0.080620	-0.113451	0.246895	0.033087	0.034686	0.008697	0.071738	-0.033087	0.077642	-0.010954	0.016236	0.024927	0.093561	-0.042258	0.027410	-0.080825	0.141851	0.039107	0.089139	0.023365	-0.058321	-0.001329	0.122712	0.120126	-0.164452	0.054232	-0.055415	-0.061836
-0.016186	-0.027162	0.159796	0.058821	-0.017420	-0.079184	-0.111447	-0.023240	0.001602	0.000437	0.026243	-0.160007	0.192597	0.026896	0.027823	-0.091441	-0.052940	0.061296	-0.099321	0.057425	0.026976	-0.050164	0.051654	0.066040	0.114553	0.224830	-0.119691	0.040325	-0.050542	0.004173	-0.125065	0.217606	-0.197734	-0.091963	0.004146	0.140752	-0.103749	-0.083885	0.028217	0.175385	0.135704	-0.066756	-0.089101	0.036296	-0.054424	0.041139	-0.129875	-0.120025	0.149133	-0.050749	-0.080133	-0.038359	0.200974	0.036631	-0.013991	-0.032989	-0.267215	-0.081570	-0.033326	0.035301	0.173511	-0.105650	0.200285	0.054155	0.090589	-0.016490	0.191303	0.133822	-0.010612	0.027218	-0.031231	-0.008725	-0.107193	0.080884	0.146834	0.003408	0.080391	0.065492	0.019835	0.036437	-0.105231	0.061997	0.079456	0.005893	-0.008438	0.118308	-0.064558	-0.040989	-0.035528	-0.082563	-0.077443	-0.073732	0.008780	0.000548	-0.191285	-0.082402	0.084542	0.100741	-0.063085	-0.185464
0.138244	0.012646	0.153493	0.061556	-0.092156	-0.001562	0.025950	-0.098669	0.096085	0.032363	-0.000980	-0.009998	0.158322	0.015370	-0.203382	0.051138	0.061425	0.126399	-0.142412	0.191594	-0.009433	0.022355	0.077836	-0.203275	-0.091022	0.100541	0.036563	0.111146	0.110475	-0.032115	0.029496	0.281018	0.045006	0.020070	-0.060465	0.126973	0.039588	-0.181504	0.010208	0.195125	0.067052	0.047846	-0.004741	0.214943	0.015607	0.058045	-0.112526	0.074395	0.034934	-0.136949	0.069016	-0.076208	0.098368	-0.016034	0.019433	0.048418	-0.227694	-0.178619	-0.097766	0.000508	0.162154	-0.054995	0.186694	-0.029028	-0.084014	0.131590	-0.072952	-0.001736	-0.108852	0.104713	-0.019203	-0.006980	-0.086126	0.121984	0.061913	-0.134771	-0.001623	0.109613	0.021814	-0.088032	0.181137	0.004223	-0.103119	0.121282	-0.049171	0.149001	0.036905	-0.016053	0.022817	-0.016500	-0.019704	-0.000461	0.012490	-0.024572	0.065313	-0.082607	0.020319	-0.025097	0.032677	-0.129182
0.195593	0.021017	-0.024589	0.067172	0.044192	-0.078065	-0.048474	0.031291	0.017389	-0.035665	0.019946	-0.010076	-0.011934	0.171424	-0.137343	0.160525	0.200202	0.083279	-0.108426	0.280697	0.245618	-0.076095	-0.036222	-0.106386	0.013783	0.163727	-0.097626	0.027557	0.053293	-0.049761	-0.209297	0.112128	-0.217401	0.058179	0.003880	0.019326	-0.007967	-0.103370	-0.123147	0.126613	0.035851	-0.108330	0.049476	0.199474	0.013273	0.098555	-0.098527	0.104016	0.018471	-0.062751	0.104771	-0.052214	0.172319	-0.030898	-0.026487	-0.163631	-0.051394	-0.142850	0.037474	-0.027751	0.110533	-0.072817	0.021872	0.010547	-0.105142	0.018313	0.031463	0.023444	0.132024	0.022179	0.080890	-0.155889	-0.053231	0.049355	-0.044733	0.026028	0.017516	0.077169	0.094079	-0.027461	-0.113219	0.041962	-0.023949	0.067880	-0.120296	0.012449	-0.100723	0.122625	0.077646	-0.088698	-0.030051	0.140220	0.088498	-0.145382	0.155127	0.060909	0.020554	-0.085728	0.069015	-0.079808
0.047722	0.043231	0.040181	-0.061661	-0.052206	-0.081798	0.088382	0.135951	0.075704	0.002528	0.051252	-0.049783	0.021216	0.128779	-0.064739	0.042621	-0.175228	0.052406	0.034668	0.021991	0.011081	0.138741	-0.009573	0.087202	-0.021613	0.036138	-0.051374	-0.006248	0.155968	0.021335	-0.035569	-0.028142	0.067383	0.352782	0.067315	0.053510	0.006979	-0.107883	0.201613	-0.112080	0.130548	-0.000682	0.018292	0.024902	0.004509	0.086520	0.116075	0.100860	0.055038	0.049303	0.044496	-0.057021	-0.011048	-0.064780	0.116568	-0.005900	-0.075490	0.213499	0.059568	0.020925	-0.013519	-0.074964	-0.108180	0.124918	-0.090667	0.028662	0.076223	0.010761	-0.054313	-0.005881	-0.066413	0.236139	-0.275497	0.143284	0.059638	0.032587	0.045700	0.055550	-0.099088	-0.090566	0.087337	0.099105	-0.010002	0.113437	0.029005	-0.064277	0.063542	0.080766	0.196207	-0.125431	-0.070566	0.128900	-0.120729	-0.135641	0.082088	-0.157168	0.236776	-0.028064	0.119947	0.010326
0.020544	0.069833	0.001136	-0.118545	-0.063201	-0.080573	0.123623	-0.078276	0.063325	0.021127	-0.067010	-0.047007	0.102717	0.094779	0.057770	0.094445	0.106985	0.213183	-0.091341	0.155195	0.092558	0.022359	0.115116	-0.107812	0.009455	0.074735	0.058136	0.182711	0.004755	-0.079365	-0.208685	-0.042692	0.009813	0.085361	-0.008335	0.089517	0.064062	-0.195032	0.027639	0.103383	0.156679	0.005475	-0.085092	0.179271	-0.112855	-0.003313	0.024771	0.091906	0.230973	0.049339	-0.016417	-0.122895	0.090462	-0.058040	0.051640	0.000853	-0.008903	0.054810	0.004374	-0.009529	-0.002282	-0.073806	-0.028633	0.043080	0.085809	0.185813	0.158699	0.010541	-0.140131	0.119512	-0.081556	-0.018913	-0.155551	-0.022418	-0.093515	-0.116529	-0.104237	-0.014912	0.088411	-0.174395	0.102123	-0.026480	-0.228239	0.054468	-0.087324	-0.004139	-0.012231	-0.130080	0.045135	0.103298	-0.122436	0.090196	0.238476	-0.152517	0.044166	0.093796	0.079563	-0.048615	0.078069	0.005194
0.153530	0.062273	0.034734	-0.172778	-0.059944	-0.244772	-0.007811	0.005255	0.200035	0.077864	-0.100697	0.038131	0.006411	0.120185	-0.103461	0.076969	0.079878	0.190172	-0.006678	0.244902	0.089901	0.118172	0.213325	-0.044214	0.219519	0.086262	-0.043843	0.125077	-0.005122	-0.144158	-0.023646	0.073154	0.070024	-0.008091	0.006286	0.061384	0.103379	-0.101969	0.060569	0.147554	0.213665	-0.049430	0.142202	0.088990	-0.017110	-0.089468	0.003960	0.022079	0.080922	0.018038	0.105910	-0.115328	-0.026264	0.045182	-0.060326	-0.088689	-0.094844	0.055342	-0.014973	0.070033	0.045915	-0.142732	-0.067585	0.138240	0.052908	0.034883	0.057432	-0.050778	-0.254445	-0.014553	0.066416	-0.022754	-0.054545	-0.058707	-0.074031	-0.070778	0.000939	0.013193	-0.100780	-0.122901	0.017166	0.029548	-0.012655	0.119137	-0.049881	-0.038288	0.058306	-0.122370	0.123879	-0.099748	-0.119374	0.143695	-0.148807	-0.049862	0.124225	0.049018	-0.016038	0.031635	0.058871	-0.021288
0.173460	0.089225	0.015466	-0.016997	-0.031362	-0.046529	0.132292	-0.018960	0.063019	-0.084210	0.081833	0.048172	-0.092285	0.099002	-0.030510	0.089694	0.118129	0.132031	0.007933	0.100605	0.016639	-0.037313	0.080073	-0.178350	-0.046473	0.022655	-0.145541	-0.001997	0.094405	-0.060866	-0.080132	-0.003891	0.094027	-0.046831	-0.194142	-0.170947	0.000626	-0.163314	-0.058058	0.003884	0.003193	0.220251	-0.029232	0.287588	-0.041663	0.070565	0.050535	0.014343	0.018969	-0.040562	-0.056150	0.042598	0.131362	0.056254	0.012810	-0.101867	-0.197831	-0.148937	0.010415	0.030505	0.021881	0.002134	0.015045	0.087528	-0.194397	0.177064	0.005053	0.031472	-0.198579	0.107311	0.039822	0.019221	-0.066248	-0.048564	0.003262	-0.095161	-0.034488	-0.110212	-0.004228	-0.195819	0.146514	0.027368	-0.117884	0.159757	-0.054342	0.026768	-0.012010	-0.067007	0.276894	-0.116392	0.100264	0.036598	0.062365	-0.132673	0.109462	0.005340	0.069959	0.001273	0.096584	0.024322
0.200682	-0.120259	-0.057759	-0.103155	-0.101113	-0.057465	0.171139	0.024759	0.004766	-0.030329	0.076265	-0.058630	-0.050634	0.093249	-0.053666	-0.035793	0.111597	0.135754	-0.100994	0.126310	-0.094178	0.037669	-0.013204	-0.143075	0.099817	-0.011428	0.039141	0.116979	-0.005778	-0.021035	-0.048853	-0.125461	0.102010	0.189836	0.003936	0.010640	0.116306	-0.187057	0.090151	0.052634	0.075252	0.002442	-0.053183	0.186891	0.022666	0.188093	0.063373	0.060411	0.053581	-0.258614	-0.007064	-0.167263	0.080734	-0.182911	0.053483	-0.100392	-0.233183	-0.035126	0.051627	0.102649	0.010727	-0.002423	0.092421	0.188275	0.005382	0.159887	0.075435	-0.001421	-0.046043	0.069701	0.025186	-0.046292	-0.059670	0.218071	0.010694	-0.101533	0.005067	0.019153	0.008431	-0.176622	0.096586	0.089817	0.038324	0.127117	-0.001781	0.115772	-0.077245	-0.089573	-0.069851	-0.031680	-0.122321	0.078829	-0.080006	-0.078383	0.081911	-0.116932	0.124110	0.020401	-0.019522	-0.030493
0.098239	0.002730	-0.091336	-0.108316	0.087168	-0.120570	-0.073849	0.201066	0.107975	0.053311	0.096811	0.161333	0.106394	0.228024	-0.079737	0.110997	0.017935	0.061124	-0.017119	0.051975	0.094902	-0.000719	0.107491	-0.050315	-0.045183	-0.003933	-0.078353	0.194933	0.038378	0.061328	-0.082609	-0.014239	0.012198	0.027110	0.100326	-0.073210	0.123983	-0.240989	0.047447	0.040097	0.083569	-0.116615	0.125653	0.194928	0.092346	0.046987	0.191462	0.005209	0.012825	0.009596	0.196668	-0.173655	-0.066455	-0.213873	-0.062156	-0.240595	0.088500	0.021568	-0.013402	0.041626	0.068916	-0.166771	-0.039916	0.062489	-0.056090	-0.087035	-0.009991	-0.083787	-0.086349	-0.005386	-0.004682	0.053972	0.022100	0.005484	0.018757	-0.052386	-0.035619	0.107707	0.058030	-0.127943	-0.053743	-0.006566	-0.081310	0.015994	-0.104157	-0.119137	-0.012500	-0.065585	0.139164	-0.102960	-0.078411	0.174755	-0.072349	0.044633	0.101807	-0.010687	-0.117946	0.174953	0.062111	-0.023750
0.057508	0.151787	0.021693	-0.035836	-0.147804	0.080919	0.083819	0.024113	0.023345	0.030434	-0.067835	0.030081	0.023589	0.082264	-0.171949	0.008829	-0.053417	0.218278	0.023005	0.148148	0.106569	-0.027716	0.042343	0.059180	0.107530	0.053367	0.108870	0.116456	0.029674	-0.065864	0.037862	0.075859	-0.038593	0.076234	0.019155	-0.241201	0.010592	0.066449	0.082139	0.000663	0.103756	-0.142774	0.053949	0.162132	0.110630	-0.065212	0.014303	-0.197986	0.062284	-0.035120	-0.023710	-0.211613	-0.012457	-0.015163	0.065003	-0.126807	-0.134437	-0.170560	0.040072	-0.013818	0.320241	-0.168360	-0.018984	0.125766	-0.022723	0.022846	0.041680	0.156909	-0.009359	0.114518	-0.010003	-0.023026	-0.055468	0.005280	0.102699	-0.154558	-0.030870	-0.036668	0.040387	-0.032129	0.010178	0.046089	-0.096379	0.038130	-0.097900	-0.082613	0.046169	0.061551	0.252802	0.159355	-0.017401	-0.000931	-0.069940	0.139746	0.173449	0.112380	0.037773	0.086252	-0.058433	0.026980
0.118409	-0.113446	-0.049361	-0.007443	-0.131636	-0.142122	0.140541	-0.067662	0.161342	-0.026603	-0.013397	-0.084032	-0.161233	0.091470	-0.151407	0.076348	0.005058	0.126159	-0.050358	0.202247	0.009064	0.066387	0.060295	-0.062888	0.108607	0.012506	0.031430	0.105559	0.048983	-0.001001	-0.115199	0.191025	-0.108582	-0.030072	0.004541	-0.196281	-0.032404	-0.083641	0.035461	0.124287	0.083297	0.073637	0.066914	0.158193	0.021923	0.095735	0.019984	0.003484	0.096000	-0.084797	0.096204	-0.238996	0.117032	0.052763	0.047099	-0.064150	-0.227347	-0.084409	0.059611	0.157459	-0.017533	-0.213616	0.117336	-0.010717	-0.113264	0.233338	-0.085254	0.105230	-0.105235	-0.037239	-0.051204	0.069571	0.076036	0.099204	-0.000442	-0.165215	0.044534	-0.014075	0.038863	-0.178857	0.135512	-0.049693	-0.071064	0.022543	0.009838	0.021098	-0.108287	-0.010266	0.082568	-0.102304	0.109738	0.064786	-0.013684	0.004138	0.019707	-0.104305	-0.120259	-0.009550	-0.019410	-0.025324
0.143101	-0.117255	0.165515	-0.124514	-0.180195	-0.026326	0.015513	-0.014662	-0.050599	0.012972	-0.142658	-0.011340	0.041695	-0.029867	0.084051	-0.027457	-0.060156	-0.000881	-0.065231	-0.003362	0.108322	0.120826	-0.101222	-0.025795	0.029090	0.184865	-0.040906	0.114265	0.027689	-0.086976	-0.060979	-0.045943	0.036009	0.010805	-0.064948	0.098165	-0.156577	-0.095010	-0.138509	0.080437	0.201635	-0.090257	0.077790	0.086884	0.019951	-0.052958	0.073536	0.302568	0.030316	-0.077457	-0.013650	-0.122639	0.119878	-0.040659	0.061195	-0.137866	-0.231212	-0.032861	-0.084588	-0.007077	0.174343	0.003983	0.019052	-0.190532	-0.039177	0.181382	-0.017874	-0.053131	-0.044705	-0.050625	-0.002756	-0.055237	-0.015761	-0.002407	-0.035332	-0.019639	-0.015267	-0.148581	-0.035248	-0.092173	0.044618	0.040313	-0.203676	0.029694	-0.164739	-0.104952	-0.021777	-0.034455	0.047565	0.091128	-0.018537	0.187195	-0.014066	0.043799	0.101655	-0.094556	0.244864	0.036764	-0.009436	-0.161606
0.025996	-0.050840	-0.021435	0.161730	-0.111630	0.030559	-0.001429	-0.061775	0.011143	-0.076332	-0.031436	0.000870	-0.131455	0.231244	-0.091248	0.000116	0.226163	-0.021386	0.015173	0.087722	0.010851	0.099410	0.220149	0.076562	-0.084797	0.154579	-0.093145	0.060900	-0.116980	-0.006007	-0.067728	0.050874	0.073802	-0.146790	0.116271	0.136626	-0.034628	-0.074148	0.069303	-0.152363	0.088667	-0.117170	0.147920	0.070848	-0.099710	0.110421	0.035922	-0.016950	0.052078	0.020454	-0.054943	-0.013785	0.126921	0.158265	-0.096866	-0.037712	-0.239967	-0.053606	-0.042193	-0.042878	0.143289	0.088198	0.190300	0.104757	-0.023420	0.132529	0.050580	0.083343	0.051002	-0.019994	-0.078248	-0.054782	0.016891	0.020121	0.090478	-0.072330	0.078491	-0.020671	-0.121413	-0.017231	0.037271	0.099291	-0.139395	0.037849	0.155270	0.074539	-0.112783	0.007233	0.090390	-0.049576	-0.151586	-0.005317	0.062122	-0.026606	0.070235	-0.284176	0.144019	0.132279	-0.046775	-0.018696
0.099957	-0.130274	-0.005182	-0.028367	-0.047329	0.013750	0.020815	0.116915	0.112256	0.159232	-0.003860	-0.111128	0.023056	-0.143739	-0.006188	-0.013701	0.114129	-0.090290	0.108299	0.056482	-0.035943	-0.068659	-0.012780	-0.030163	0.177896	0.105342	-0.120926	0.146046	0.098272	0.028241	-0.134499	-0.030722	0.198828	0.020891	-0.061112	0.012135	-0.165709	0.032730	-0.028625	0.119502	0.141060	-0.050140	0.200497	0.177974	-0.089316	0.104234	-0.096736	-0.043485	-0.003206	0.034663	0.008916	-0.020195	0.001131	-0.015127	-0.120868	-0.079810	-0.165963	-0.116423	-0.098418	0.111126	0.180161	-0.264070	0.048554	0.076947	-0.132605	0.017123	0.013700	-0.105429	-0.217974	0.114414	-0.096296	-0.061270	-0.095598	-0.065127	0.061078	-0.183661	-0.084263	0.086639	0.006534	-0.092396	0.010887	-0.009613	-0.092218	0.141800	-0.069301	0.046833	-0.054360	-0.094288	0.061266	-0.110116	-0.037229	0.230195	-0.020758	-0.049314	0.102380	0.077164	-0.069148	-0.053724	-0.037267	0.033047
0.000731	0.039878	0.083093	0.184047	0.101985	-0.033681	0.019605	-0.018539	-0.080562	-0.160358	-0.171491	0.031218	-0.024012	0.165593	0.088599	-0.159681	0.080287	0.217338	-0.078811	0.169324	0.021561	-0.047011	-0.134620	-0.032415	-0.006316	0.064473	-0.065054	0.185123	0.075838	0.027332	-0.031362	0.251828	0.057372	0.154277	0.023170	0.050911	0.038033	-0.176011	-0.025570	0.053186	-0.133915	0.102504	-0.023079	0.242029	0.012649	0.082178	0.141569	0.032370	-0.012336	-0.083548	0.049582	0.012464	0.142579	-0.011673	-0.041218	-0.044512	-0.160079	0.004130	-0.112448	0.127348	0.175589	-0.086997	0.072200	0.130924	0.045921	0.105785	0.103063	0.073136	-0.107158	0.049971	-0.002655	0.097927	-0.141422	0.037291	0.089874	-0.025811	0.015309	-0.093616	-0.037223	-0.071229	-0.011781	-0.055974	-0.020913	-0.046999	-0.045868	-0.109715	-0.009207	-0.128669	0.064094	-0.182393	-0.162853	0.087374	-0.105842	0.072172	0.039055	-0.045908	0.120410	-0.143058	0.013065	-0.068855
0.090535	-0.012834	-0.100652	-0.060631	0.098752	-0.001602	0.086237	0.058627	0.104833	-0.026230	0.096779	-0.022009	0.039360	0.253547	0.002871	0.077449	0.099202	-0.126691	-0.061559	0.037450	-0.028161	0.017712	0.203618	-0.117074	0.003572	0.064825	-0.033199	0.245350	0.048274	-0.062828	-0.121041	-0.154621	0.163180	-0.185555	0.038900	-0.046579	0.010842	-0.055369	0.117333	-0.053996	0.038403	0.001853	0.108407	0.122913	0.029275	0.109352	-0.140174	-0.029331	0.009747	-0.043082	-0.189380	-0.020463	-0.139686	-0.141736	-0.009138	-0.171291	0.001877	-0.224934	0.026391	0.020526	0.271226	-0.014921	-0.054835	-0.041211	-0.016722	-0.013808	-0.005563	-0.057178	-0.263374	0.094249	-0.144610	-0.197876	-0.048829	-0.076524	0.141090	-0.090189	-0.066947	0.089211	-0.028341	0.104360	0.009157	-0.075817	-0.073174	0.025485	0.035868	0.155088	-0.019335	-0.030178	0.042240	-0.056245	0.037731	0.088758	0.073134	0.019610	0.007523	0.005032	0.001121	0.094262	-0.069218	0.087668
-0.010305	0.007933	0.042199	0.111115	0.004492	0.089831	0.039963	0.008069	0.074033	0.112636	-0.050568	-0.039157	-0.047784	0.159944	0.012475	-0.087406	0.135325	0.029651	-0.056160	0.115760	-0.011562	-0.023026	0.121355	0.012384	-0.077204	0.064851	-0.003172	0.040823	0.006062	-0.020675	-0.074142	0.076541	0.119767	0.003001	-0.032947	0.026272	-0.057037	0.055018	0.094080	0.004055	-0.146769	-0.083387	0.117436	0.120069	-0.009500	0.164790	-0.114063	0.009654	0.049927	-0.196795	-0.114102	-0.247338	0.046050	-0.015733	0.117800	-0.091912	0.016494	-0.038822	-0.160370	0.018043	0.085252	-0.116719	-0.002436	-0.041693	-0.219374	-0.010317	-0.043641	-0.013136	-0.255348	0.170155	-0.102836	0.130518	0.000491	-0.012086	0.179325	-0.194458	-0.093327	-0.179144	-0.034584	-0.097037	0.029270	-0.186152	-0.121858	0.037141	-0.111630	0.084043	-0.022964	0.153797	0.036193	0.075761	-0.015883	-0.033695	0.238559	0.175483	-0.027312	0.052105	-0.073051	0.117736	-0.127763	0.002890
-0.012893	-0.142764	0.070897	0.007480	-0.089388	0.095157	0.053018	0.086336	0.034328	-0.066939	0.100779	0.082083	0.027451	-0.044347	-0.009435	0.028161	0.129262	0.144822	-0.027524	0.052962	-0.098380	0.000259	-0.008325	-0.064584	0.065969	-0.000918	-0.020828	0.074276	0.137344	-0.002391	-0.084921	0.267333	0.028819	0.060014	0.053250	-0.016969	0.014386	-0.132535	0.045332	0.250821	0.013180	0.014998	0.155447	0.199361	-0.018232	0.073076	-0.112518	0.066274	0.072158	-0.113527	0.035512	0.093098	0.039615	-0.025092	-0.124643	-0.008095	-0.033674	-0.105260	0.000803	0.047992	0.186280	-0.170521	0.017117	0.076274	-0.014168	0.155853	0.034379	0.037861	-0.113634	0.185560	-0.017155	0.176429	-0.043309	0.166612	0.121553	0.039612	0.011874	-0.121929	-0.044852	-0.080552	0.157416	0.056785	-0.278764	0.056872	-0.174798	-0.023892	-0.000598	-0.050407	0.012680	-0.118674	-0.262384	0.065798	0.005895	-0.002638	0.018824	0.036497	0.168237	0.098018	-0.054445	0.048328
0.072464	-0.074435	0.100185	0.098222	-0.072358	0.042783	0.060732	0.060507	0.071113	-0.081766	-0.190791	0.007058	0.002453	0.040806	0.016541	0.112112	0.035192	0.125916	-0.133919	0.073163	-0.045681	-0.041423	0.042965	-0.037897	0.042553	0.075628	-0.029197	0.061740	0.078561	-0.121417	-0.068825	0.070248	-0.042865	0.081827	-0.053935	0.095229	-0.010297	-0.155484	-0.044695	0.244496	-0.008963	0.018348	-0.045274	0.186751	-0.139817	0.158105	0.120230	-0.025356	0.077828	-0.149657	0.027065	-0.071285	0.125642	-0.060180	-0.003545	-0.051126	-0.244773	-0.061222	0.034778	0.048102	0.189564	-0.148853	-0.004643	0.149901	0.109133	0.066195	0.024498	0.032005	-0.151277	0.044439	-0.062650	0.017404	0.099921	0.122529	0.123567	-0.091294	-0.013167	-0.025465	0.113218	-0.099288	0.152735	0.080511	-0.033693	0.143836	-0.087204	-0.109532	0.052368	0.023936	0.052557	0.001865	-0.227465	0.092659	0.184015	-0.129037	0.115773	-0.063424	0.186100	-0.051395	-0.126314	0.128898
-0.008509	0.222713	0.010444	-0.072207	-0.020943	0.079672	0.026513	0.058965	0.044265	0.015368	-0.095033	-0.022157	0.026159	0.130086	-0.022264	-0.031971	0.003114	-0.166520	-0.135800	0.167693	-0.015830	-0.046004	0.026917	0.048840	0.004006	0.158173	-0.087505	0.144955	0.037005	0.028046	-0.077808	0.140529	0.160387	0.152154	0.067241	0.128275	-0.076753	-0.033490	0.218903	0.013226	-0.039500	-0.089401	0.053665	0.214774	0.065052	0.083919	0.094358	0.029707	0.086059	-0.108168	0.038301	-0.092822	0.032705	-0.106697	0.046874	0.007873	-0.133964	-0.105006	0.063007	0.041612	0.180684	-0.269720	-0.084522	0.040542	0.083927	-0.021413	0.149894	0.052748	0.021263	0.073548	-0.006567	0.003959	-0.072574	0.180698	0.190119	0.012675	0.140076	0.033779	-0.072370	-0.111227	-0.034255	-0.048098	-0.132047	0.084373	-0.072098	-0.034870	-0.139999	-0.173207	-0.088121	-0.085642	0.055021	0.054898	0.049441	-0.176870	0.097602	0.126309	-0.006211	-0.138537	-0.093302	0.028429
0.135873	0.059118	0.038649	0.108749	-0.038668	0.006179	0.023150	0.059644	0.052049	0.039997	0.003968	0.102038	0.084203	0.132088	-0.202093	0.073618	-0.029175	0.166651	-0.050674	0.053486	-0.197137	0.017518	0.017745	-0.113395	-0.045254	-0.001670	0.006339	-0.071644	0.082577	0.013058	-0.021070	0.155358	-0.020109	0.071634	-0.104554	0.120143	0.114033	-0.024873	0.153895	0.146222	-0.011856	-0.093169	0.051222	0.155372	-0.019522	0.106563	0.083762	0.028915	0.089441	-0.156668	0.064576	-0.157163	0.090634	-0.178620	0.032134	-0.058606	-0.153110	0.054154	0.027472	0.018164	0.073685	-0.099850	-0.147438	0.090780	-0.047965	-0.007627	0.106275	-0.031536	-0.128162	0.194743	0.062798	0.119298	-0.082199	0.162494	0.133667	-0.048591	-0.026275	-0.040820	-0.078255	-0.122480	0.059423	0.157921	0.020078	0.187824	-0.146240	-0.024868	-0.004585	0.088023	0.107595	-0.101885	-0.288966	0.121699	0.040339	-0.035767	-0.015105	-0.076826	0.096242	-0.039360	-0.162417	-0.017444
-0.033643	0.061392	-0.031911	0.213437	-0.242098	0.167195	0.062423	-0.065990	0.214178	-0.101823	0.095226	0.056721	0.132292	0.175814	-0.081240	0.039154	-0.068798	-0.105883	0.024268	-0.042240	-0.024438	-0.072529	0.020779	-0.029345	-0.008231	-0.054552	0.066780	-0.028882	0.012544	0.034447	0.077310	-0.059592	-0.004630	-0.018924	0.139290	-0.299299	-0.152754	0.070661	0.102132	-0.114155	0.013536	-0.060582	0.130852	-0.000564	0.046740	0.014727	-0.001955	-0.055516	0.041702	-0.061797	-0.110146	-0.054302	0.024907	0.051291	0.232540	0.044313	-0.070291	-0.028591	0.103556	0.010626	0.137057	0.037317	0.082606	0.078060	-0.037698	0.000466	0.132213	0.147370	-0.140752	0.133522	-0.166685	0.083526	0.042963	-0.172258	0.107543	-0.133204	-0.032756	-0.156347	0.023325	0.118681	-0.031421	-0.130715	-0.006996	-0.045909	-0.203668	-0.000773	0.138923	-0.054913	-0.043255	0.015256	-0.093405	-0.030142	-0.053973	-0.040341	-0.162248	-0.003842	0.023893	0.156712	0.020552	-0.023251
-0.126499	-0.064704	-0.085505	0.070705	-0.090404	0.087609	-0.019834	-0.026461	-0.029280	0.062676	0.165909	0.048730	-0.100475	0.056022	-0.046640	0.001504	0.216169	0.159563	-0.125651	0.052925	0.071162	-0.026532	-0.106027	-0.001622	0.031829	0.072963	-0.121234	0.017999	0.034388	-0.187897	0.031397	0.049962	0.087014	0.085534	-0.035163	-0.098059	-0.110740	-0.109671	0.033287	-0.066487	0.003284	-0.120462	-0.133548	0.221608	0.173459	-0.009037	-0.061626	-0.064837	0.191125	-0.132772	-0.013774	0.139557	0.114636	-0.046580	-0.034358	-0.020761	-0.203305	-0.047556	0.107563	-0.001553	0.106454	-0.131167	0.054515	0.047194	-0.076842	0.003217	0.147694	0.108413	0.125587	-0.012698	0.019746	0.150013	-0.201188	-0.047882	0.145683	-0.220228	-0.071605	0.049410	-0.072635	-0.115557	0.030061	-0.040631	0.036458	-0.034217	-0.127188	-0.135823	0.024842	-0.100508	0.057007	-0.109824	-0.072616	0.044901	0.131032	0.072864	0.143966	-0.024190	-0.020169	-0.070335	0.034337	0.190201
0.095624	-0.132169	-0.085375	0.037367	-0.129578	0.168711	-0.056599	-0.009504	0.014946	-0.008486	0.024565	0.041114	0.018180	0.181687	-0.049205	0.079069	0.295834	0.142714	-0.066650	0.053123	0.124659	0.091391	0.072014	0.036488	-0.006230	0.131332	0.009386	0.083959	0.030205	-0.171492	-0.060343	0.068574	0.107556	0.073743	-0.111565	-0.055415	0.025577	-0.068936	0.035322	-0.105308	-0.014552	-0.044950	-0.082269	0.237368	0.063875	0.058541	-0.057343	-0.055468	0.093122	-0.033251	-0.048180	0.267382	-0.068140	-0.044189	-0.138615	0.020615	-0.151542	0.068753	-0.042438	0.084650	0.078900	-0.092755	0.059121	0.133645	0.022711	0.070903	0.071736	0.100650	-0.058086	0.165525	-0.019494	0.117238	-0.216041	-0.039874	-0.003907	-0.024958	-0.189606	-0.048283	-0.009698	-0.109367	0.067550	-0.129477	-0.161949	-0.049683	-0.218521	-0.046793	0.095963	-0.035965	0.134989	-0.042215	-0.054690	-0.073286	-0.110118	0.049179	0.148907	0.048796	0.006781	-0.060702	0.064160	-0.003845
-0.084092	-0.026773	-0.085259	0.131743	0.029768	0.128916	-0.087487	0.077908	0.072343	0.131083	0.100139	0.037433	-0.007724	0.136288	-0.086892	0.101155	-0.055464	0.169608	-0.135917	-0.028808	0.220558	0.022197	0.048500	-0.060692	-0.107033	0.065133	-0.019212	0.186923	0.103197	-0.112508	0.094064	0.096327	-0.012603	0.060053	0.132524	-0.071588	0.040938	-0.054467	0.048695	-0.009988	-0.054349	-0.114999	-0.143658	0.067436	-0.010674	0.100547	0.094620	0.012122	0.099559	-0.106808	0.042842	0.025712	0.064238	0.020943	-0.048292	0.096032	0.086449	-0.134302	-0.007407	0.054443	0.124316	-0.184594	0.069016	-0.030228	0.004470	0.184307	0.142652	0.231116	0.142745	0.042909	-0.102726	0.121531	-0.129426	0.055270	0.105040	0.071183	-0.006778	-0.185205	0.055283	-0.139069	-0.101590	-0.084816	-0.098310	0.004060	-0.186516	0.055306	-0.000406	0.167660	0.069852	-0.076710	-0.062121	0.008221	0.156976	-0.081532	0.186417	0.031963	0.012772	-0.136271	0.068240	0.056299
0.104590	0.042344	0.005487	0.169782	0.060915	0.118168	0.118453	0.058668	0.062840	0.034424	-0.074474	0.090313	0.054941	0.245070	-0.121320	0.107228	0.175354	-0.084008	-0.062879	-0.108333	-0.040304	0.008420	0.022472	-0.084649	0.031691	-0.130299	-0.038469	-0.024587	-0.133804	-0.085076	-0.010502	0.034988	0.025218	0.014029	0.068469	-0.033575	-0.011698	-0.030108	0.066796	-0.131212	-0.025676	-0.115159	-0.003188	0.107034	-0.006065	0.123100	0.093158	0.082329	-0.160267	-0.115222	0.155445	0.120096	0.164890	-0.029483	-0.146929	0.023283	0.039243	-0.140699	-0.110292	0.232130	0.101651	-0.028866	-0.096027	0.211681	-0.139829	0.046398	0.018515	0.027491	-0.040340	0.120585	-0.098427	0.216860	-0.133820	0.214727	0.046549	-0.084460	-0.044933	-0.149425	-0.055384	-0.159971	-0.122640	-0.058021	-0.055930	-0.082722	-0.066876	-0.060005	0.045917	-0.004315	-0.067476	-0.041526	-0.094520	-0.062492	-0.061372	0.153323	0.084963	0.095731	0.001987	-0.121111	0.006529	-0.043962
-0.028831	-0.122026	-0.054306	0.092598	-0.008624	0.021961	0.159806	-0.126713	0.018207	-0.119759	0.032165	-0.064137	0.057886	-0.018912	0.086618	0.211687	-0.020694	0.089145	-0.001079	0.050251	-0.112360	-0.125880	0.016195	-0.088316	0.192599	0.158630	-0.030569	0.203792	0.039868	-0.019630	-0.042084	-0.110018	-0.031963	-0.112573	0.087765	-0.115108	-0.126622	-0.130620	0.018499	0.216176	0.062048	-0.052696	-0.022218	0.182358	-0.107837	0.159657	0.139099	0.031146	-0.015053	-0.065446	-0.110202	-0.069758	0.125214	-0.074732	0.047877	-0.004101	-0.185931	-0.065132	-0.030143	0.116028	0.044233	-0.028933	-0.081506	0.049396	0.056322	0.069807	-0.048120	-0.044245	-0.143069	0.099364	-0.000312	-0.025420	0.016933	-0.007631	0.106559	0.022075	0.087433	-0.054506	0.157965	-0.236833	0.071915	-0.025193	-0.036011	0.022160	-0.088410	0.072777	0.154290	-0.093658	0.173730	-0.091922	0.090797	0.134827	-0.009276	-0.032728	0.175415	-0.017082	0.241939	-0.035381	0.078105	0.019362
0.037315	-0.066124	-0.137037	-0.050330	0.004522	0.065922	0.129380	-0.028832	-0.114698	-0.017597	-0.066648	-0.012712	0.077737	0.068534	0.034252	0.082656	-0.036337	-0.016639	-0.056715	0.101334	0.022887	-0.107556	0.094709	-0.120314	0.051852	0.027890	-0.008956	0.039672	0.045516	-0.134081	-0.033859	0.008759	0.041091	0.122553	0.034885	-0.012071	-0.138197	-0.205697	0.023608	0.009626	0.039983	0.029808	-0.114779	0.318789	-0.017702	0.142519	0.037062	0.088950	0.048966	-0.121203	0.070164	-0.083107	0.169343	-0.065099	0.102293	-0.048315	-0.087854	-0.064913	-0.114104	0.051547	0.011506	-0.210064	0.026024	0.009673	0.151480	0.158364	-0.034421	0.038011	0.001276	-0.072583	-0.043575	0.036416	0.107973	-0.067132	0.024890	0.129498	0.153254	-0.262975	0.014677	-0.290057	0.115060	-0.064702	0.015318	0.115987	-0.130279	-0.084916	0.110888	0.010910	0.179399	-0.119291	0.119351	0.110170	0.052009	0.025138	0.198644	0.006001	0.028970	-0.070928	-0.057997	-0.017105
0.103468	0.003918	0.049727	0.023000	-0.125435	-0.037387	0.086383	-0.097325	0.012933	0.009408	-0.194199	0.056744	-0.000596	0.108995	-0.140109	-0.162534	0.173249	0.178586	-0.033648	0.233695	0.021909	-0.015548	-0.045112	0.022829	0.057538	0.306449	-0.083115	0.202366	0.035986	-0.050378	0.062898	0.146036	0.125769	0.092668	-0.038979	0.011742	-0.022647	0.065634	0.153757	-0.004493	0.024527	-0.037197	-0.003963	0.078371	-0.063606	0.068755	-0.032447	0.048279	0.103901	0.013337	0.022234	-0.086994	0.050754	0.054435	-0.065790	-0.217995	-0.066573	0.044189	0.075367	-0.081662	0.034883	-0.174607	0.052730	0.060907	0.041624	0.050947	-0.011516	-0.047108	-0.120184	0.139877	0.017008	-0.070725	-0.006673	0.102372	0.098484	0.014959	0.047679	-0.116422	0.045237	-0.062028	0.192962	0.070154	-0.077733	0.162420	-0.222270	-0.003598	-0.051698	0.063738	0.014669	0.044064	-0.008575	0.227021	0.072662	0.055193	0.102915	-0.074883	0.118855	0.025204	-0.159649	-0.111105
0.143960	-0.134605	-0.185606	0.021365	-0.201966	-0.027112	0.126521	0.041298	0.254598	0.001666	-0.169695	-0.002226	0.112324	-0.024738	0.009898	0.148884	0.124994	-0.115541	0.086609	0.114990	0.058452	-0.178926	0.146072	-0.044020	-0.013916	0.115290	0.144397	0.125710	0.002854	0.073960	-0.016071	-0.029212	-0.137824	0.006464	0.016324	-0.154481	-0.136730	-0.044389	0.025074	0.228793	0.070207	-0.068638	-0.002977	0.002370	-0.044696	0.111056	0.099707	0.138893	0.045755	-0.084758	0.046606	-0.138313	0.067311	0.015158	-0.047654	0.011891	-0.102757	-0.167701	-0.058981	0.160453	0.179266	-0.005671	-0.093592	-0.054303	-0.015184	0.148524	-0.028744	0.088096	-0.138738	0.019962	-0.010588	-0.032428	-0.077060	-0.030163	0.016547	-0.004845	0.020079	-0.048696	0.108666	-0.076037	0.169452	-0.028466	-0.007503	-0.094976	-0.085196	-0.057954	0.135049	0.098371	0.022577	0.048430	0.174967	0.012084	0.040529	-0.057920	0.130151	0.029069	-0.024997	0.092318	0.106059	-0.141696
0.078718	-0.066642	0.051638	0.028324	0.100934	0.004484	0.026531	-0.017961	0.044333	0.078530	-0.055644	-0.114279	0.084347	0.111732	-0.018393	0.073011	0.149160	0.243160	-0.102291	0.100984	0.048954	-0.077590	0.086221	0.019967	0.011460	0.170574	-0.061375	0.104047	-0.050867	-0.064566	-0.078054	0.084902	-0.070125	0.007335	0.017523	0.067095	-0.053095	-0.002732	-0.049062	0.112273	0.041516	-0.135453	0.215142	0.316538	-0.002022	0.003148	0.006141	0.112054	-0.040964	-0.117227	0.049755	0.069889	0.016478	-0.103549	-0.103991	0.006302	-0.002314	0.021945	-0.153058	0.050774	0.196772	-0.248796	-0.053058	-0.002796	0.008253	0.003485	0.006922	0.004634	-0.026250	0.021272	-0.011430	-0.025946	0.045949	-0.092427	-0.017380	-0.024315	0.023663	-0.069700	-0.121045	-0.212377	-0.017927	-0.110729	-0.130989	0.135624	-0.240320	-0.083093	0.067800	0.038205	0.200987	-0.185077	0.086450	0.068450	-0.067911	-0.011208	0.062490	0.069755	0.153793	-0.148818	-0.100048	-0.088367
0.152840	-0.108810	-0.018816	-0.053056	-0.093786	-0.021491	0.013422	-0.109562	0.031747	-0.064111	-0.029895	0.069764	0.246974	0.020593	-0.134991	0.077769	0.109777	0.087675	-0.066783	0.179053	0.151313	0.096515	0.111971	0.051939	0.205710	0.014728	-0.196789	0.031571	-0.026034	-0.069661	-0.141782	0.031188	-0.064402	-0.015924	-0.076287	0.029348	-0.006194	-0.034460	0.127978	0.075302	0.053591	0.013199	0.117169	0.272293	-0.084102	0.049334	-0.072089	-0.025852	0.166506	-0.046003	-0.004312	-0.104975	0.130419	-0.076162	0.013436	-0.136862	-0.080593	-0.046059	-0.118759	-0.000852	0.079235	-0.295006	-0.042054	0.121245	0.036637	0.062379	0.089086	0.016379	-0.173680	0.094026	-0.154314	0.056576	0.081054	-0.020382	-0.073472	0.038183	-0.024620	0.071538	-0.089899	-0.108143	0.063826	-0.112876	-0.100863	0.139308	-0.067379	-0.109174	-0.010262	-0.010539	0.047964	-0.097542	0.029710	0.049301	-0.167234	-0.094403	0.067976	-0.019919	-0.024868	-0.118789	0.084890	-0.120339
0.009734	-0.149560	0.048932	-0.010289	0.127456	0.011791	0.038920	-0.041781	0.112990	0.099731	-0.036524	-0.127673	-0.102374	-0.011187	0.005758	0.158211	0.185593	0.104101	-0.064023	0.023183	0.020176	0.020964	0.022697	0.109223	0.159465	0.005216	-0.031115	-0.136740	-0.080165	0.025566	-0.154413	0.152900	-0.084934	-0.063402	0.073806	0.094533	-0.051480	-0.192255	-0.022546	0.163849	-0.013847	-0.038356	-0.193648	0.061104	0.082427	0.126010	-0.009028	0.039837	-0.052746	-0.220677	-0.134659	-0.033318	0.007904	0.101632	-0.018872	0.056640	-0.127225	0.074254	0.013449	0.132953	0.016995	-0.076608	0.029125	0.011042	0.083646	0.201304	-0.051373	0.136200	-0.122337	0.097444	-0.093142	0.102707	0.171079	0.089105	-0.127489	0.045536	0.131548	-0.119533	-0.107098	-0.036116	0.056885	-0.104638	-0.098044	0.039063	-0.196477	0.054750	0.024210	-0.044151	-0.045061	-0.142864	0.033044	-0.056854	-0.204271	0.024147	-0.009402	0.089173	0.174871	-0.040705	-0.003345	-0.185568
0.076277	-0.059189	0.061419	0.035875	-0.031733	-0.013727	-0.160069	0.056362	0.111999	-0.067170	0.023562	-0.132656	0.005696	0.114267	0.026932	0.063211	-0.015989	0.237992	-0.040711	0.111542	0.143019	0.027270	0.042285	-0.175061	0.042640	0.192058	-0.203163	0.077089	0.025101	0.082451	0.008919	0.038857	0.063012	0.158722	-0.085251	0.044401	-0.047865	-0.048864	0.171853	-0.009923	-0.016468	-0.046677	-0.089237	0.003060	0.161902	-0.100371	0.214593	0.082664	-0.145995	-0.066936	0.188136	-0.042530	-0.053684	-0.035593	-0.137350	0.004116	-0.131858	-0.103673	-0.086608	0.082575	0.050780	-0.145755	-0.142799	0.009468	-0.022714	0.033644	0.149478	0.011153	-0.106498	0.102665	-0.015661	0.208321	-0.072038	-0.046665	0.086416	-0.010150	0.067519	0.074986	0.009587	-0.208031	0.119298	-0.074698	0.000497	0.055895	-0.090556	-0.085538	0.012554	-0.026803	0.090711	0.009417	0.029159	0.135945	0.041906	-0.034937	0.042319	0.214853	-0.066830	-0.187682	-0.053747	-0.139028
0.179757	0.006128	0.111546	0.021779	-0.161551	0.119054	-0.020316	0.140601	0.042190	-0.103138	0.101062	-0.109345	0.001218	0.148830	0.088388	-0.019966	0.102672	0.073652	-0.125827	0.216564	0.169654	0.118368	-0.035240	0.016937	0.037250	0.011593	-0.168089	0.103077	-0.000118	-0.044141	0.005060	0.123223	0.173482	0.063329	-0.143313	0.128109	-0.057305	-0.009642	0.064009	0.032047	-0.104667	0.074541	0.062036	0.025418	0.066366	-0.124416	0.175531	-0.029218	0.108846	0.025038	0.105498	0.082602	0.025423	-0.119529	-0.161699	-0.063586	-0.057568	-0.036684	-0.106765	-0.059011	-0.175497	-0.219445	-0.019154	-0.017456	-0.032211	0.106022	0.162237	0.195125	-0.014432	-0.056171	0.037859	0.101282	-0.109050	-0.023670	0.126614	0.001607	0.039103	-0.047516	0.069913	-0.116006	0.013840	-0.135754	0.036477	0.006824	0.007248	-0.183369	0.073653	-0.078098	0.037112	-0.038750	0.068435	0.110418	-0.162317	0.041561	0.080571	0.017550	-0.203604	-0.119576	-0.035073	0.052558
0.074100	-0.071274	0.050663	-0.045044	-0.025365	0.100280	-0.005856	-0.021189	0.121916	0.098653	0.088998	0.108904	0.051604	0.127434	0.114332	0.029787	0.074535	0.078956	-0.036278	0.192678	-0.012059	0.080104	0.070907	-0.074754	0.089286	0.070388	0.017570	0.078587	0.017172	-0.043703	0.017008	0.046001	0.023998	0.022111	-0.026990	-0.115532	0.029265	-0.118986	0.185147	-0.012758	0.028523	-0.082687	0.069124	0.116071	0.165065	0.017641	0.135377	0.373000	0.101015	0.013912	0.079367	-0.022570	-0.036895	-0.050755	-0.086656	-0.037719	-0.053609	0.030983	-0.171465	0.100860	0.011259	-0.058362	-0.075634	-0.089182	-0.052844	0.180734	0.109454	0.029224	0.031403	0.075546	-0.017966	0.205902	-0.066545	-0.092654	0.040041	-0.019885	-0.059249	-0.057148	-0.070447	-0.208630	0.015434	-0.163971	-0.017412	0.123946	-0.078259	0.009712	0.147924	-0.015424	0.226687	0.059564	0.037694	0.137651	0.070856	-0.041062	0.147523	0.084666	-0.214132	-0.175724	0.058706	-0.092488
0.049628	-0.049196	-0.052491	0.072850	0.109868	-0.052857	-0.022150	0.034556	0.002691	-0.012248	0.126935	-0.126761	0.059317	0.116669	0.087989	-0.015115	0.069264	0.023826	-0.001821	0.079755	0.083017	-0.047063	0.202173	-0.085414	0.038127	-0.074032	-0.084028	0.059333	0.052167	-0.071775	0.108482	-0.082738	0.074784	0.150171	-0.133976	0.156497	-0.059997	-0.054593	0.250251	-0.070858	0.004396	-0.123483	0.252922	0.121058	0.092996	-0.072080	0.104338	0.046539	-0.018289	0.028596	0.289503	-0.011783	0.115559	-0.098380	-0.037421	-0.039219	-0.114414	-0.131990	-0.149010	0.059102	0.056142	-0.094946	-0.094522	-0.007327	0.028894	0.066768	0.208205	0.078123	-0.019812	0.121574	-0.005292	0.229332	-0.008210	-0.148210	0.130626	0.078268	0.103144	-0.008830	0.035272	-0.103344	0.003006	-0.099889	-0.007061	0.027273	-0.089062	-0.011958	0.015910	0.128642	-0.015268	0.001488	0.147194	0.096643	-0.064074	0.100026	0.167929	0.091230	-0.077180	-0.165911	0.034804	0.058247
0.193702	-0.081988	-0.043493	0.013496	-0.076810	0.027186	-0.005384	0.116892	0.090424	0.012834	0.013492	-0.096716	0.008741	0.166087	0.008076	-0.016127	0.075821	0.121148	-0.047132	0.141278	-0.006039	0.163784	-0.008158	-0.117550	0.001206	0.086487	-0.077623	0.075824	0.132616	0.030945	-0.083912	-0.054112	0.061998	0.122610	-0.055029	0.135313	0.036272	-0.139508	0.165343	-0.089339	0.062114	-0.007965	0.021509	-0.000370	0.125621	0.110707	0.212439	0.221344	0.040849	-0.045394	0.122317	-0.142633	0.038718	-0.017420	-0.019486	-0.061343	0.022239	0.040677	-0.026226	0.128809	-0.035342	-0.207580	0.118786	-0.034587	-0.074557	0.060900	0.140256	0.105234	0.020009	0.025814	-0.061802	0.169056	-0.021390	-0.071753	0.058769	0.007752	0.004702	-0.000758	-0.007073	-0.202099	0.177209	-0.331229	-0.104021	0.062005	-0.091229	0.013925	0.099436	-0.041443	0.169115	0.076853	-0.016053	0.031356	0.113681	-0.093694	-0.060924	0.082419	-0.117402	-0.164714	0.015286	-0.030584
0.051620	-0.032145	-0.043295	-0.227282	-0.060832	-0.013270	-0.094811	0.071770	-0.005781	-0.018091	-0.055891	-0.074200	0.066643	0.115162	-0.025101	-0.033386	0.086633	0.046780	0.018921	0.193942	0.126905	0.094942	0.245736	0.070436	-0.010290	0.000256	0.052841	0.055246	0.001629	-0.041615	-0.020476	0.095008	-0.064824	0.062183	-0.126377	-0.078580	-0.047412	-0.106779	0.278603	0.059505	-0.077930	-0.052761	0.046894	0.023283	-0.020236	0.000103	0.101598	-0.017398	-0.062909	-0.157539	0.229464	-0.101865	-0.024640	0.101779	-0.123747	-0.043140	-0.116660	0.067402	-0.062760	0.055775	0.059423	-0.274280	0.038260	-0.019670	-0.030028	0.055808	-0.017643	0.084102	-0.046004	0.078542	-0.015811	0.276937	-0.147954	0.053984	0.115627	0.087493	0.149191	-0.052407	-0.125971	-0.065864	0.227121	-0.059716	-0.069806	0.163467	-0.065402	-0.020696	0.019804	0.004267	0.158112	0.039850	-0.047280	0.120553	-0.059835	-0.077640	0.055304	-0.022990	-0.139768	0.019630	-0.051502	-0.094762
0.071729	-0.025815	-0.021686	-0.070608	-0.084772	0.067080	-0.041791	0.076792	0.097170	-0.005696	-0.024890	0.108543	0.130965	0.199002	-0.012909	0.036023	0.038301	0.170499	0.061131	0.175115	0.025473	-0.023341	0.149641	-0.175511	0.011769	-0.136412	-0.010717	0.203786	0.039748	-0.116678	-0.028628	0.143616	0.079663	0.134397	-0.080961	-0.082593	-0.017238	-0.065812	0.116165	-0.002333	-0.020005	-0.072087	0.169835	0.076063	0.000478	-0.061813	-0.006565	0.115206	-0.125846	-0.147737	0.144021	0.025335	0.038158	-0.088659	-0.193988	-0.090995	-0.101285	-0.099192	-0.064892	0.062409	0.065803	-0.172245	-0.138143	-0.087844	0.043047	-0.020036	0.089185	0.076277	-0.062261	0.068891	0.055699	0.227824	-0.169973	-0.025293	0.082371	-0.007861	0.122929	-0.050031	-0.137937	-0.135272	0.000206	-0.050079	-0.108210	0.033788	-0.116455	-0.035097	0.087039	0.078377	0.220960	-0.026143	-0.068573	0.017778	-0.141179	0.032219	0.046303	0.108437	-0.148206	0.156943	-0.038641	-0.063778
0.009766	-0.153843	-0.041573	-0.004690	-0.074830	-0.067800	0.029737	0.063224	0.126166	-0.044349	0.013983	0.005532	0.027443	0.278848	0.080521	-0.233548	0.082281	0.082044	0.000352	-0.069376	-0.012505	0.164588	0.025522	0.108940	0.089023	-0.015561	0.091003	-0.028239	0.087603	-0.107653	-0.074375	0.052108	0.143747	0.021249	-0.068927	0.039603	-0.071286	-0.043705	0.126999	-0.013703	0.032440	0.055345	0.052703	0.214237	0.148462	0.059121	0.057349	0.088173	-0.066825	-0.051252	0.070522	0.058157	0.044032	0.066187	-0.078979	0.047587	-0.214564	0.028461	-0.201074	0.169469	0.112029	-0.099227	0.111291	0.036547	-0.051221	-0.022026	0.150376	0.142231	0.031676	0.015142	-0.006891	0.129418	-0.100095	0.115039	0.191991	-0.054876	0.142803	-0.080682	-0.291286	-0.033019	-0.048334	0.035934	0.068608	-0.114420	-0.053603	0.078062	-0.071850	-0.119841	0.135757	0.092107	-0.011346	0.070463	-0.045510	0.125643	-0.101737	0.032480	0.020295	-0.153358	0.036613	-0.000969
0.125347	-0.190503	0.019745	-0.141881	0.022766	-0.135461	-0.089949	-0.038706	0.285711	0.087985	-0.093112	0.121856	-0.070091	0.032275	-0.096221	-0.206794	-0.015217	-0.110757	0.018863	0.092830	0.016315	-0.016742	-0.195526	-0.108584	0.004669	0.039838	0.088462	0.235359	0.062591	0.012437	-0.051727	-0.032702	0.076315	0.106726	-0.013201	0.072825	0.120289	-0.124162	0.007084	0.129640	0.037235	0.048989	-0.038113	0.026081	0.104647	0.019008	0.014394	0.267376	-0.060542	-0.106941	0.016998	-0.156275	0.078514	0.092835	-0.077235	-0.019710	-0.228955	-0.006878	0.094346	0.133132	0.010000	-0.096696	0.079614	-0.166841	-0.015101	0.006608	-0.064644	0.136758	-0.160607	0.021587	0.028466	0.151333	0.107380	0.087845	-0.041209	-0.078873	0.050136	0.075551	0.018235	-0.023925	0.229766	-0.128307	-0.062232	-0.001756	-0.060561	0.000299	0.004754	0.015641	0.003264	-0.082481	0.037058	0.176679	-0.028218	-0.016989	0.073495	-0.058581	0.011805	0.067701	-0.026916	-0.013578
0.067064	-0.149517	-0.180842	-0.138232	-0.156368	0.031120	-0.029461	-0.029677	0.190466	-0.002865	-0.089520	0.101682	0.062756	-0.017018	-0.042716	-0.083861	-0.150067	-0.003484	-0.006925	0.068685	0.004916	-0.058653	0.090053	-0.120377	0.095285	-0.005258	0.042819	0.261247	0.005691	0.225896	0.117009	0.110166	0.074983	0.036249	-0.029481	0.071225	0.067245	-0.096084	0.032845	0.049670	0.025563	0.022054	-0.161053	-0.036361	0.111274	0.118130	0.010823	0.061560	-0.162581	-0.127565	0.099798	-0.149959	-0.023378	-0.123420	-0.018622	-0.122953	-0.156339	-0.009575	0.063105	0.085630	0.001756	-0.087754	-0.068967	-0.073353	0.058487	-0.085549	0.020322	0.068314	-0.294823	0.012244	-0.105933	0.100474	0.080232	0.103033	-0.035452	-0.046459	0.020725	0.036120	-0.041485	-0.151154	0.290791	-0.093888	-0.085181	0.098842	-0.166448	-0.044241	0.085246	-0.060081	0.090695	0.065007	-0.025598	0.123088	-0.013435	-0.036514	0.037919	-0.001316	0.008386	0.015347	0.007217	-0.120867
0.026782	-0.102519	-0.039346	-0.018672	-0.002192	-0.101994	-0.082288	0.041498	0.160554	-0.068421	-0.127030	-0.003933	0.060418	0.029246	-0.031287	-0.141583	0.008149	-0.087138	-0.052877	0.189379	0.178965	0.060046	0.023508	-0.095960	0.145413	0.089535	-0.019135	0.078374	0.101799	0.032137	0.102923	0.037107	0.003066	0.105772	-0.088058	0.108554	-0.065069	0.119273	0.136733	0.014067	0.015982	-0.006816	0.061972	0.111843	0.050718	-0.029069	-0.072527	0.235434	-0.171592	-0.123570	0.006639	-0.062760	0.004806	-0.049615	-0.001178	-0.019837	0.016583	0.081828	-0.092884	-0.015334	-0.013583	-0.156384	0.155284	-0.144967	-0.147618	0.115060	0.060306	0.003201	-0.143159	0.066174	-0.117133	0.207501	0.093412	0.143791	0.111984	-0.107489	-0.070438	-0.032592	0.009216	-0.049340	0.187625	-0.031802	-0.188164	0.067708	-0.200881	0.033063	-0.058340	0.044027	0.025535	0.047676	-0.072855	0.255040	-0.053185	0.099780	0.037506	-0.108858	0.069323	-0.017640	-0.210272	-0.071041
0.077523	-0.087976	-0.059521	-0.155808	-0.141855	-0.086527	-0.056063	-0.078403	0.244000	0.008633	-0.101723	0.127755	-0.033950	0.027156	-0.036769	-0.174726	0.001188	0.106601	0.061841	0.103992	0.147435	0.187984	0.000762	0.023383	0.031575	0.070864	0.049687	0.161483	0.099628	0.084993	0.078689	-0.012589	0.047176	0.048716	-0.021881	0.010299	-0.013147	0.017670	0.103521	0.079234	0.135370	-0.069483	0.037592	-0.000188	0.026611	-0.014906	0.002384	0.227269	-0.004826	-0.140766	0.095675	-0.060266	-0.094251	0.094651	-0.051630	-0.037222	-0.093152	0.006707	0.034341	0.043702	0.012594	-0.065041	-0.061159	-0.091147	-0.045602	0.051149	0.017613	0.020548	-0.147209	0.004876	-0.054415	0.267921	0.112656	0.102228	-0.036754	0.011630	0.003757	-0.151501	-0.043784	-0.147226	0.144899	-0.193664	-0.027970	0.078987	-0.220300	-0.057962	0.147679	-0.019959	0.034272	0.107436	-0.087304	0.175549	-0.149542	0.095342	0.107199	0.035706	-0.058027	0.123901	-0.217624	-0.055502
0.013107	-0.031405	-0.038421	-0.021589	-0.073753	-0.092447	-0.028841	-0.070577	0.158204	0.045332	-0.174823	0.089564	-0.088176	-0.023516	0.036746	-0.151094	0.064781	0.014569	0.022960	0.115937	0.210462	-0.012720	-0.056109	-0.064670	0.080477	0.176508	0.012567	0.214537	0.169350	0.111822	0.064988	-0.085840	-0.032961	0.130652	0.038019	0.018707	0.020996	0.043013	0.046809	0.146895	0.046568	0.001202	0.065613	-0.101042	-0.039442	0.080142	-0.065369	0.257848	-0.045208	-0.261053	0.051320	-0.017009	0.156050	-0.025046	0.093375	-0.037162	0.016313	0.055894	0.062489	0.001759	0.069113	-0.069281	0.109142	-0.183894	0.038717	0.142616	0.052078	0.075634	-0.196326	-0.064259	-0.126768	0.161304	0.028833	0.076613	0.034839	-0.059581	0.042635	-0.040852	-0.030568	0.104985	0.050128	0.017852	-0.047319	0.092617	-0.107524	-0.023450	-0.142379	0.064128	-0.041927	0.063073	-0.105635	0.287915	0.095809	0.072503	0.041186	-0.085675	0.117866	0.147777	-0.053409	-0.077520
0.112441	-0.118365	-0.030909	-0.183332	-0.070592	-0.035076	-0.127158	-0.005679	0.170673	0.035303	-0.043908	0.128473	0.096635	0.029498	-0.045131	-0.122968	0.009399	-0.152766	-0.031265	0.103949	0.132392	0.010840	0.102917	-0.068868	-0.033156	0.136045	0.011349	0.137888	0.102800	0.046322	0.137483	0.008239	0.101454	0.029433	-0.049194	-0.061909	0.011374	-0.055682	0.102209	-0.083358	0.003660	-0.095657	-0.040107	-0.003035	0.052525	-0.004013	-0.064634	0.178214	0.005530	-0.053992	0.110585	-0.090130	-0.047180	-0.005950	0.000482	-0.161108	-0.131850	-0.114659	0.144700	-0.014267	0.089998	-0.212610	0.050743	-0.130039	-0.018537	0.077499	0.055286	0.134971	-0.173563	0.056297	-0.126230	0.228136	0.147095	0.003931	0.101171	-0.116215	-0.041664	-0.027956	0.084908	-0.062448	0.207663	-0.066117	-0.100390	0.091583	-0.206923	-0.100851	0.047974	-0.082377	0.068808	-0.027590	0.048395	0.206848	-0.015312	0.063371	0.087086	0.053388	-0.030354	0.189022	-0.041931	-0.135614
0.066109	-0.140860	-0.086359	0.056144	-0.037109	-0.062432	-0.074905	0.121418	0.136799	0.060516	-0.130031	-0.037436	-0.088003	0.091339	-0.184875	-0.063082	-0.020462	0.021448	-0.113931	-0.091000	0.091747	0.069333	-0.018823	-0.000437	0.086737	-0.028193	-0.034250	-0.034280	0.009469	0.144730	0.041834	-0.017315	0.064827	0.122112	-0.108942	-0.022209	0.067306	-0.012187	0.054604	0.026017	-0.017528	0.074495	0.047010	-0.092627	-0.108584	0.080141	0.000545	0.114851	-0.191709	-0.326881	0.034533	-0.068115	0.017862	0.008321	0.067355	0.092152	-0.104693	-0.054917	0.013751	0.105232	0.052700	-0.136303	-0.016518	-0.028111	-0.180540	0.114848	0.063192	0.102727	-0.136630	-0.002780	-0.204681	0.266448	0.151424	0.267824	-0.087072	-0.060690	-0.037851	0.059802	0.000996	0.018105	0.084909	0.055014	0.041396	0.085097	-0.051919	-0.060783	0.045357	0.042730	-0.019243	-0.005386	-0.080222	0.073661	-0.028577	0.086105	-0.055476	-0.135144	0.228993	0.032881	-0.142746	-0.168592
-0.000151	-0.077835	-0.129510	-0.091461	0.050728	0.028576	-0.032715	-0.055552	-0.122650	0.004477	-0.008113	0.013788	0.111244	0.009102	0.081626	-0.023554	0.183137	0.049469	-0.094566	-0.068632	0.049876	0.025837	-0.080556	-0.028017	0.058072	-0.096424	-0.025479	-0.039747	-0.077346	-0.160541	-0.088061	0.096476	0.071756	0.072376	0.148728	-0.092975	-0.021941	-0.148081	0.006630	-0.033022	0.005049	0.070669	-0.043799	0.156254	0.109868	0.153774	-0.008394	0.059591	0.022515	-0.035733	0.108187	-0.020455	0.136682	-0.023454	0.035976	0.180726	-0.175878	-0.043004	-0.103599	0.307959	0.215066	-0.188521	-0.052506	-0.002468	-0.065284	0.065224	0.216909	0.273150	-0.115580	-0.011241	-0.022062	0.133432	0.129075	-0.146414	-0.026522	0.020552	0.034726	-0.085798	-0.060571	-0.022087	-0.009031	0.084030	0.016344	-0.151816	0.064506	-0.147480	0.205438	-0.070976	0.011150	-0.092061	-0.071801	0.124637	-0.035594	-0.014145	0.021398	0.097839	0.123331	-0.050937	-0.006829	-0.030566
0.010622	-0.044103	-0.037089	0.096764	0.053496	0.223310	-0.100810	-0.138143	-0.053809	-0.167532	-0.005117	0.048964	0.025027	0.027768	0.195520	-0.134795	0.070196	0.005993	-0.127942	0.102630	0.149292	-0.115943	-0.056504	-0.056483	-0.028179	-0.069111	-0.001028	0.044636	-0.049579	0.023004	-0.143148	0.223501	-0.031267	-0.076324	0.062015	-0.122558	0.031157	0.032985	0.097586	0.183901	-0.145991	0.099822	0.012142	0.147429	0.069121	0.127002	0.105820	0.108869	0.078600	-0.085464	-0.005629	0.074885	0.095650	0.075292	-0.177591	0.193042	-0.136586	0.012452	-0.068810	0.175531	0.117971	-0.083354	0.027075	0.038584	0.022048	0.005756	0.084990	0.150229	-0.148718	-0.001184	-0.083914	0.147332	-0.075919	-0.170541	0.112462	0.084239	0.051323	-0.053774	-0.149676	-0.094417	-0.070168	0.086223	0.095705	-0.129877	-0.013849	-0.098820	0.197977	-0.051769	0.081817	-0.065980	0.027784	0.070649	0.065612	-0.065800	-0.076581	-0.001369	0.017027	0.021865	0.055240	-0.112850
0.054920	-0.037939	0.028254	0.003761	-0.001778	-0.010374	-0.014901	-0.109792	-0.132845	0.049146	-0.106981	0.003980	0.104456	0.050901	0.119809	0.059265	0.116072	0.159127	-0.155316	0.255031	0.116299	-0.072503	0.036570	-0.034466	0.058241	0.057304	-0.116199	0.169532	-0.069264	-0.130335	-0.082034	0.089880	0.025719	0.001531	-0.004316	0.089366	-0.026596	-0.089513	-0.087361	0.056097	-0.061589	-0.148833	-0.047385	0.190475	0.048212	-0.006329	0.070499	0.090290	0.082999	-0.032555	0.007869	-0.012994	0.222391	-0.179799	-0.126428	-0.043981	-0.146307	-0.033211	-0.073168	0.081685	0.219511	-0.181215	-0.170902	0.234194	-0.039403	-0.007684	0.147902	0.054810	0.007369	0.200588	0.072451	-0.064942	-0.133070	0.052704	0.044524	-0.049315	-0.071868	-0.024341	-0.066880	-0.130826	0.009889	-0.028382	0.009975	0.031319	-0.007125	-0.086111	0.094261	0.022696	0.033516	-0.109767	-0.163860	0.160029	0.060243	-0.099417	0.107464	0.005674	0.034663	-0.070942	-0.154608	-0.029134
0.057961	-0.006553	-0.141639	-0.022868	0.027510	-0.098292	-0.069280	-0.097185	0.039941	-0.011668	-0.118206	-0.047060	0.019353	0.213447	0.066320	-0.025859	0.076951	0.117190	-0.182541	0.122357	0.209959	-0.042406	-0.023157	-0.000582	-0.019067	0.073915	-0.043057	0.238260	-0.004329	-0.106917	-0.210085	0.055681	-0.071584	-0.048123	0.130574	-0.000471	-0.060997	-0.017755	-0.091164	0.051683	0.080581	0.012825	0.080703	0.311789	0.032519	-0.026070	-0.068904	0.008867	0.022189	-0.049314	0.041029	0.009749	0.129190	-0.092087	-0.069735	-0.092548	-0.097190	-0.004803	-0.026784	0.116757	0.160258	-0.205245	0.111936	0.143060	-0.074641	-0.083890	0.042289	0.091130	-0.111265	0.052217	-0.000276	-0.018817	0.119700	-0.108900	0.045492	-0.146789	-0.079196	0.121952	-0.041551	-0.163560	-0.073820	-0.085290	-0.116922	0.026543	-0.112053	-0.100420	0.001463	-0.112433	0.189811	-0.096639	-0.084896	0.128356	0.127041	-0.072995	0.002318	-0.039009	-0.133767	0.070710	-0.009115	0.074570
0.066649	0.086423	-0.157368	0.161608	-0.127986	-0.022672	0.142209	0.095933	-0.050417	-0.131516	0.014844	0.047829	0.057774	0.136294	-0.047271	0.160845	0.028962	-0.090674	-0.061775	0.023829	0.068182	-0.247062	0.088639	-0.014109	0.061107	-0.076449	-0.006505	0.060024	-0.032152	0.035657	-0.061500	0.012315	-0.126086	-0.169130	-0.002389	0.028994	-0.118490	-0.095392	0.164030	0.148748	-0.007881	-0.044772	0.005339	0.168766	-0.001812	-0.025140	0.009699	-0.148629	-0.033158	-0.130631	-0.065939	-0.085121	0.063561	-0.031788	0.037060	-0.089953	-0.088411	-0.126346	0.035208	-0.007930	0.103560	-0.021369	-0.263990	0.132181	0.075269	-0.040425	0.158769	-0.053463	-0.140377	0.156185	0.003475	-0.075423	-0.059734	0.002296	0.097402	0.151876	0.044903	-0.123566	0.183539	-0.206580	0.080722	0.016994	-0.015716	-0.044397	-0.186054	0.027108	0.032830	0.142578	-0.110220	-0.024458	-0.081862	-0.003835	0.137287	-0.107839	0.092036	-0.041730	0.172681	0.003167	-0.047089	-0.018303
0.031257	-0.056829	-0.104049	-0.042206	-0.224632	0.036870	0.166829	-0.030530	0.019235	0.017893	-0.054462	-0.191327	0.045598	0.023158	-0.041816	0.119025	0.014176	0.036624	-0.051859	0.038404	0.068725	-0.128306	0.083754	0.057009	0.112889	0.193113	0.046003	0.158240	-0.051313	-0.027408	0.065773	0.034363	-0.089477	-0.071705	-0.074307	0.069641	-0.153198	-0.006435	-0.024194	0.293014	-0.020785	0.060715	-0.000242	0.259277	-0.001699	0.078513	0.075909	0.003851	0.082101	-0.102311	-0.104949	-0.207689	0.069881	-0.208847	0.079530	-0.004114	-0.079541	-0.181399	0.016171	0.034261	0.095565	-0.040634	-0.127955	-0.106948	0.138608	0.100617	-0.091402	0.016919	-0.017123	0.031140	0.043201	-0.060597	0.229007	-0.035525	0.089772	0.014107	0.047589	-0.140575	0.043333	-0.058320	0.166583	-0.011233	-0.142391	0.166137	-0.139675	-0.062610	0.048460	0.117270	-0.019173	0.047799	0.021572	0.068608	0.006275	-0.045996	0.150962	0.037256	-0.031117	0.079936	-0.019985	0.084286
0.037093	-0.078859	-0.196834	0.193329	-0.190653	-0.050355	-0.050555	0.020914	-0.024492	-0.130292	0.105645	-0.039746	-0.004636	0.072662	0.079502	0.166738	0.131841	-0.023756	-0.050446	0.091252	0.194886	-0.141601	0.117117	0.030296	-0.034333	-0.018969	-0.105643	0.057957	-0.040292	0.074164	-0.078037	0.079439	-0.148534	-0.191820	-0.126652	-0.134935	-0.007275	-0.128955	0.000254	0.103325	-0.123950	-0.092411	0.233104	0.076201	-0.064841	0.050568	0.019480	0.024704	-0.081915	-0.138827	0.052831	0.031172	-0.052438	-0.177014	-0.078094	-0.050484	-0.141004	-0.202332	0.031369	0.001029	0.038382	0.014276	-0.087686	0.124288	0.109157	-0.019531	-0.009867	0.018082	-0.186890	0.092526	-0.135576	-0.121396	0.053222	-0.024556	0.024294	0.160064	0.054388	0.099209	-0.080533	-0.035202	0.052162	0.026861	-0.066075	0.062595	-0.022810	0.020339	-0.105129	0.197922	-0.077074	-0.014876	-0.171857	0.026933	0.013335	0.053363	0.041867	-0.154665	0.042568	0.133714	-0.083232	-0.046049
0.009980	0.145185	-0.033736	0.240959	-0.117300	0.202346	0.149015	0.018059	0.033418	-0.191966	-0.042933	0.144609	-0.081970	0.130502	0.007026	0.013600	0.123533	0.019258	-0.076064	0.021117	-0.078971	-0.016382	0.023355	-0.009272	-0.054177	0.040970	-0.058832	0.020215	-0.000065	0.056924	-0.150729	-0.064908	-0.018525	-0.089591	0.060988	-0.157004	0.044868	0.040641	0.076454	-0.077298	-0.152109	-0.019458	0.023405	0.090298	-0.074180	0.104348	-0.015232	-0.111648	-0.116038	-0.092089	-0.093046	-0.003027	0.121951	-0.067848	-0.021014	0.025959	-0.138813	-0.210899	0.022283	0.048255	0.129921	0.091218	-0.120870	0.148444	-0.103289	0.101637	-0.061862	0.053618	-0.189544	0.030005	-0.149336	0.037533	0.001912	-0.028985	0.115379	0.035100	0.055174	-0.351641	0.054179	-0.060210	0.197899	0.014407	0.088970	0.043217	-0.083915	0.030189	0.050262	0.184003	0.172761	-0.036875	-0.015376	-0.038236	0.056740	-0.105359	0.062108	-0.001551	0.027633	0.015196	-0.096237	-0.071839
-0.058490	-0.065216	-0.022719	0.016105	-0.088859	-0.025227	0.087251	-0.011806	-0.041184	0.022453	-0.034220	0.107772	-0.005958	-0.019160	0.024274	-0.012829	0.107675	0.058327	0.036889	0.086417	0.021406	0.041289	0.128303	-0.029198	0.071328	0.032405	-0.142763	0.331196	-0.033988	0.052900	-0.143532	0.038686	0.164474	0.111057	-0.156238	0.134804	0.090547	-0.071829	0.013428	0.165463	-0.019672	-0.151916	0.140781	-0.031123	0.023317	0.027311	0.003393	0.126604	0.016089	-0.101211	0.046403	-0.012035	0.087858	-0.021573	-0.039823	-0.034041	-0.187119	-0.032980	-0.007418	0.054238	0.160910	-0.110911	0.020120	0.207641	0.031291	0.046478	0.048419	-0.076578	0.060973	-0.026287	0.108224	0.044504	-0.129401	0.154264	0.024131	-0.123887	0.019895	-0.051208	-0.129347	-0.204875	0.097956	0.100166	0.048931	0.177480	-0.027829	0.068405	-0.149166	-0.079254	0.163365	-0.043116	0.043785	0.291221	-0.071172	-0.089296	0.081415	0.023106	0.061148	-0.121349	-0.098283	-0.160627
-0.119159	-0.094188	0.006197	0.003358	-0.016571	0.015414	0.057516	0.036115	-0.033775	0.116364	-0.052249	0.111543	-0.065225	0.018269	-0.084731	0.084510	0.198257	0.116479	0.031869	0.160589	0.027734	0.025585	-0.077946	-0.010581	0.264443	-0.011373	-0.053432	0.195426	0.011562	-0.003061	-0.005659	0.104653	0.096407	0.172680	-0.055896	0.167883	-0.054750	-0.031426	0.217784	0.012755	0.088921	-0.128075	0.005147	0.109510	0.041416	0.115052	0.119714	0.110738	-0.005402	-0.123154	0.096263	0.089694	0.176167	-0.035796	-0.058893	-0.143433	-0.063543	0.072241	-0.054098	0.162354	0.129975	-0.164277	-0.065720	0.075097	-0.089219	0.075123	-0.020652	-0.009412	0.059815	0.015791	-0.057768	0.137360	-0.144427	0.076554	0.005154	0.012587	-0.010261	-0.145928	-0.010483	-0.206049	-0.095719	-0.044371	-0.119284	0.022266	-0.107029	0.056564	0.030472	-0.028372	0.117217	-0.071438	0.012971	0.147915	-0.141733	0.125297	0.106527	0.178879	-0.118644	-0.142374	-0.034928	-0.059104
0.106286	0.027827	0.084968	-0.004858	-0.011470	0.126619	0.079364	0.132657	0.124444	-0.094000	-0.012466	-0.096691	-0.091916	0.282985	-0.003537	-0.167004	0.016704	0.099373	-0.029284	0.071198	-0.089354	0.051647	0.025852	0.016041	0.069936	-0.116458	-0.012471	0.080841	0.085140	0.048849	-0.052602	0.109725	0.146809	0.161269	0.044825	-0.019830	0.044123	0.007504	0.029035	0.026443	0.160555	-0.124423	0.245548	0.050010	0.137080	-0.053622	-0.003532	0.106344	-0.134065	-0.063494	-0.065437	0.049670	-0.045569	-0.115776	-0.065238	-0.039749	0.057733	0.149253	0.018475	0.026043	0.069006	-0.105609	0.013857	0.021046	-0.098298	0.051027	0.064917	-0.016949	-0.187342	0.027167	0.049722	-0.000493	-0.147296	0.121840	0.091481	0.047057	0.115033	-0.141902	-0.165414	-0.004027	0.041883	0.123173	-0.085230	0.109632	-0.026315	0.020468	-0.062468	-0.133892	0.167902	-0.107982	0.119146	0.087999	-0.249838	0.062013	-0.212219	0.024918	-0.019283	-0.120464	-0.091465	-0.101315
0.093714	-0.071968	0.013681	-0.001202	-0.087279	0.041963	-0.036280	-0.000768	-0.004524	-0.123995	-0.039957	-0.004125	0.120626	0.002809	0.145950	0.050236	0.000322	0.231050	-0.130282	0.232528	0.080189	-0.120250	-0.127783	-0.027864	-0.051073	-0.029330	0.004782	0.228051	0.097066	0.055653	-0.117953	0.122706	0.018774	-0.000964	-0.086881	-0.199772	0.009373	-0.071231	0.058740	0.042825	-0.034002	-0.086833	-0.033509	0.144294	0.102632	0.101933	-0.058451	0.025962	0.035491	-0.164176	0.019890	-0.056226	0.004637	-0.124007	-0.080841	-0.077893	-0.077515	0.038336	-0.061644	0.015594	0.192389	-0.158580	-0.046201	0.064136	-0.061521	-0.020727	0.075717	0.082410	0.036590	0.104489	-0.161909	0.068678	-0.159020	0.018752	0.063904	0.105651	-0.036170	0.013346	-0.203404	-0.176317	0.019241	-0.005067	-0.093258	-0.184967	0.044654	-0.218194	-0.122488	-0.120711	0.050703	-0.199632	-0.123195	0.039666	-0.166759	-0.034777	-0.013211	-0.004168	0.095236	0.105488	0.026980	-0.013678
0.104962	0.044504	0.168151	-0.023782	0.118244	0.141398	-0.048589	-0.028822	0.106083	0.066942	0.067423	-0.077581	0.074013	0.153478	0.192286	-0.156747	0.132735	0.007929	-0.043305	-0.036281	0.095114	0.171501	0.037079	0.012455	0.019378	-0.097861	0.023543	0.000472	-0.016967	-0.074805	-0.121832	0.062532	0.042859	0.038251	0.164631	-0.013000	-0.000338	-0.072904	0.066918	-0.094954	-0.131772	-0.074476	0.077839	0.086080	-0.104577	0.078919	0.046233	0.003935	0.048200	-0.029368	0.017725	-0.055463	0.063640	0.175367	-0.007262	-0.033041	0.006158	-0.022730	-0.192645	0.106899	0.040489	-0.344816	0.046388	0.084329	0.043982	-0.007561	0.095485	0.032762	-0.050746	0.132006	-0.123618	0.101693	-0.195861	-0.075777	0.144927	0.100175	0.057496	0.054169	-0.204038	0.004346	-0.170248	0.011277	0.103710	-0.045428	0.037540	-0.066736	-0.088283	0.011632	0.047848	-0.245426	-0.131297	0.063578	0.041680	0.024613	-0.154000	0.099647	-0.139781	-0.049059	-0.057557	0.001788
0.034536	-0.063392	0.019757	-0.011452	0.021167	-0.231584	-0.104810	0.072209	0.133591	0.029572	-0.104308	-0.051657	0.030939	0.021944	-0.127595	0.001995	-0.037198	-0.021563	-0.061707	0.134260	0.063625	0.054722	-0.063507	-0.311285	0.068329	-0.003405	0.016407	0.039073	0.132466	-0.140115	0.071607	0.089454	0.016299	-0.114943	-0.064276	0.031075	0.097331	-0.111928	-0.079568	0.108828	0.052757	-0.001509	0.073625	0.093177	0.021033	-0.072422	-0.206983	0.170075	-0.079221	0.021616	0.031461	-0.065873	-0.113757	-0.046914	-0.072814	-0.025082	-0.214078	-0.150499	0.080540	0.006412	-0.051752	-0.048450	0.093968	-0.175304	-0.033785	0.162255	0.234303	0.190145	-0.170493	0.260155	0.054073	0.069207	-0.003990	-0.043856	0.051475	-0.086139	-0.231783	0.103848	-0.019909	-0.002046	0.059389	0.053592	0.035822	-0.040531	-0.070416	-0.001031	-0.073295	0.090585	0.064686	-0.045594	-0.063466	0.106240	0.032138	-0.037921	0.106702	0.060661	-0.033786	0.024936	-0.065534	0.082386
0.079699	-0.102175	-0.049579	0.023134	0.017347	-0.222037	-0.087637	0.005043	0.092362	-0.051082	-0.131609	-0.026796	-0.057790	0.009957	-0.161239	-0.079675	0.050532	0.048724	0.015470	0.120265	0.133537	0.078222	-0.031367	0.015693	0.012714	0.040814	0.083471	0.003557	0.144785	0.012797	-0.012361	0.109978	-0.021910	0.022704	-0.100447	0.029651	0.034678	0.133641	-0.067609	0.047219	0.032994	0.112122	0.121457	0.078495	-0.085901	0.084139	-0.092589	0.045850	-0.120561	-0.229043	0.040720	-0.100853	0.001889	-0.087368	0.027146	0.144378	-0.244378	-0.090093	0.033766	0.057536	0.017508	0.000838	0.016239	-0.051638	-0.174083	0.087744	0.126283	0.174530	-0.114324	0.084064	0.064818	0.107762	0.023713	0.224958	0.134551	-0.001383	-0.073245	0.111247	-0.188454	0.090493	0.062927	0.180182	0.040521	0.023920	-0.068611	0.026485	-0.191333	0.026132	0.061727	-0.123851	-0.253720	0.061732	-0.150720	0.088858	0.085993	-0.039523	0.060895	-0.015941	-0.103466	-0.125919
0.067686	0.064080	0.017948	-0.146740	0.093001	0.119762	0.035761	-0.047911	0.102019	-0.077138	-0.121229	0.009382	0.047951	0.017585	0.033936	0.068236	-0.036169	0.194213	-0.090833	0.107254	-0.076564	0.076313	0.014634	-0.095651	-0.027152	0.096008	-0.018636	0.038838	-0.032553	-0.168343	-0.001361	0.021031	0.099654	0.149368	0.123701	-0.022183	0.077326	0.049126	0.058625	0.119810	-0.063599	-0.092680	0.036138	0.207799	-0.129520	0.014353	0.230506	-0.005536	0.201713	0.030811	-0.012613	-0.019920	0.168531	-0.235613	-0.096933	0.016590	-0.064444	-0.152917	-0.029260	-0.053903	0.085097	-0.109765	-0.168765	-0.006406	-0.020452	0.137298	-0.142214	0.019170	-0.075115	0.041312	0.048912	-0.078277	-0.021256	0.055208	0.051814	0.004807	-0.159021	-0.074135	0.005734	-0.172487	-0.111208	-0.015735	0.055823	0.048763	-0.253819	-0.137674	-0.123164	-0.086354	-0.092479	-0.047932	-0.054548	0.032075	0.077631	-0.070622	0.106640	-0.149686	0.228221	-0.022486	0.020114	-0.078807
-0.029151	0.014434	-0.040149	-0.020556	-0.017904	0.001044	0.189123	0.080419	0.115442	-0.066442	0.029873	0.037026	0.011106	0.025874	0.125161	0.050088	0.031066	-0.179859	0.039628	-0.053657	0.007998	-0.033333	-0.233401	-0.068520	-0.066836	-0.009877	0.150175	0.223264	0.022572	0.123066	-0.058320	0.000786	0.099116	0.087471	0.001008	-0.039328	0.060914	-0.027497	-0.008193	0.170596	-0.126768	0.011448	0.117346	0.168906	0.018381	0.074421	0.047144	0.125460	0.092751	-0.119604	0.060970	0.093421	0.055663	-0.222657	0.147715	-0.040325	-0.020819	0.066447	0.047227	-0.013837	0.135260	0.149877	-0.167279	0.081753	-0.147160	0.165647	0.033804	0.016872	-0.238721	-0.069602	-0.123090	0.070268	-0.068921	-0.083461	0.008183	0.023645	-0.046593	-0.017835	-0.105565	-0.130821	-0.108666	0.070627	-0.111373	-0.078811	0.084361	-0.108557	-0.093658	0.081305	-0.092699	0.010869	-0.091550	0.136092	0.050341	-0.048188	0.130393	-0.107426	0.130269	0.192620	-0.092165	-0.123590
0.052056	0.062412	0.051767	-0.035949	0.087411	0.160543	0.172441	-0.195557	-0.049258	-0.045507	0.002305	-0.072863	0.058762	0.132275	0.174159	0.014744	-0.035613	0.073700	-0.020089	0.054610	0.050163	0.019844	0.005318	-0.118058	-0.020063	0.023088	-0.043313	0.142966	0.104071	-0.083062	0.023135	0.050136	0.101435	0.226397	-0.064929	-0.103991	-0.012452	0.045699	-0.004451	0.063833	-0.008891	0.253430	0.034600	0.203395	0.092154	0.190336	-0.140250	0.060456	-0.029471	-0.006757	0.110031	-0.045335	0.012109	-0.120884	-0.022928	-0.034879	-0.007610	-0.015213	0.007799	-0.084448	0.164898	0.033434	-0.148606	-0.065360	0.038085	0.034452	-0.053031	0.102657	-0.171210	0.066047	-0.149536	0.083442	0.015578	0.000127	0.067903	0.040107	0.081622	-0.112945	-0.188397	0.031125	-0.041655	0.105219	-0.287866	-0.097160	-0.015706	-0.049394	-0.065512	0.041309	0.000368	-0.132447	-0.174978	0.203602	-0.029570	-0.031596	0.152959	-0.031051	0.060996	0.079449	-0.044209	-0.145644
0.036172	0.001318	0.111391	0.071732	-0.059231	0.033881	0.272847	-0.066135	-0.155519	-0.180762	0.051107	-0.062525	0.058640	-0.024844	0.043107	0.195592	-0.095440	0.000398	-0.015274	-0.088506	0.049192	-0.179953	-0.005840	-0.052894	-0.102773	0.028826	-0.176249	0.110679	0.039719	0.047034	0.078153	-0.081536	0.025877	0.091062	-0.138042	-0.046705	0.012721	-0.071269	-0.024880	0.150159	-0.028309	-0.013688	-0.013048	0.104344	0.051936	0.123564	0.091767	0.047510	-0.009898	-0.094055	0.003108	-0.076260	0.110632	-0.232979	0.119441	-0.068474	-0.087291	-0.102836	0.119406	-0.112918	-0.016876	0.043147	-0.089382	0.089159	0.063783	0.233148	0.007944	0.163167	-0.055814	-0.013832	-0.030167	0.031939	0.136582	-0.051674	0.121064	-0.072907	0.191724	-0.015200	0.100281	-0.027620	-0.009910	0.169315	-0.124261	0.078733	-0.054977	-0.011176	-0.165939	-0.058088	0.014014	0.114366	-0.166355	0.077748	0.005473	-0.056636	0.174944	-0.149371	0.069294	0.035088	-0.033558	-0.164289
0.060116	0.029650	0.044441	-0.018489	0.034405	-0.000106	0.078234	-0.020488	-0.179809	0.034373	-0.061862	-0.182923	0.169519	-0.044986	0.127175	-0.014162	0.004843	-0.086676	-0.198603	0.012701	0.020321	-0.067873	0.182268	-0.079590	-0.014102	0.053035	-0.220194	-0.030608	-0.032897	-0.060444	-0.015616	-0.015730	0.041337	-0.047481	-0.139731	0.162878	-0.004819	-0.026081	-0.136685	0.072524	-0.010635	-0.084933	0.204672	0.053758	0.014633	0.043306	-0.175194	0.092359	0.104431	0.011632	0.013088	-0.020111	0.109291	-0.196674	0.107819	-0.002007	-0.206531	-0.137402	-0.014248	-0.010312	0.195802	-0.187822	-0.022559	-0.167058	-0.004225	0.272401	0.054243	-0.019663	-0.202161	0.071233	-0.103021	0.017208	-0.014719	-0.031532	0.155513	-0.044881	-0.048052	-0.033055	0.030867	-0.149560	-0.147075	-0.010061	-0.122332	0.110345	-0.047538	-0.105679	-0.108777	-0.026767	-0.069628	0.110604	-0.000891	-0.006163	0.079180	0.078189	-0.040274	-0.057217	0.014114	0.041322	-0.094171	-0.061361
0.169012	0.015276	0.078860	0.013052	0.229317	0.038538	0.048033	0.040325	-0.098222	0.043700	0.021211	-0.224263	-0.057504	0.098891	0.089831	-0.082280	0.152951	-0.077156	-0.134728	0.045516	-0.040917	-0.022487	0.140568	0.028983	0.129126	-0.007891	-0.141133	-0.102549	0.017467	-0.131763	-0.001720	-0.114592	-0.045511	0.018032	-0.151037	0.074819	0.050964	0.047098	-0.062998	-0.127627	0.064548	-0.069883	0.134871	0.013034	0.063021	0.029161	-0.019127	0.013944	-0.064334	-0.142422	0.045590	-0.064790	0.017188	-0.110781	0.064739	-0.039419	-0.179573	-0.189932	-0.002073	-0.066924	0.166790	-0.342720	0.044826	-0.052119	-0.060279	0.121750	0.018546	-0.098222	-0.022086	0.054361	-0.010041	0.023804	0.011288	0.023338	0.269139	-0.155077	-0.000581	-0.086612	0.048893	-0.010260	0.063810	0.169067	-0.027820	0.134999	-0.028277	-0.011925	-0.174369	0.010959	-0.108115	-0.034978	0.072052	0.032306	-0.029650	0.055969	0.090100	-0.049515	-0.009698	-0.088446	-0.185045	-0.083965
-0.013462	0.023052	0.032351	0.012734	-0.181483	0.091210	-0.020371	-0.072825	0.097232	-0.037693	0.076443	-0.064189	0.051910	0.053423	0.197953	-0.189074	-0.012153	0.098720	-0.014842	0.064359	0.144089	-0.157204	-0.046527	-0.026168	0.043403	-0.085474	-0.178247	0.078123	0.093531	-0.015057	0.027905	-0.140141	-0.138605	0.052103	0.035076	-0.051086	-0.057184	-0.066466	0.011802	0.076591	-0.048562	-0.106233	-0.040284	0.161551	0.207526	0.075417	-0.029201	0.017759	0.025321	-0.003183	-0.151129	-0.201055	-0.104907	-0.139615	0.131032	-0.012885	-0.152189	-0.134617	-0.016516	0.060425	-0.023562	-0.150235	-0.009637	0.049069	0.095953	0.011936	0.064583	0.138589	-0.178508	0.180500	0.132185	0.095784	-0.097151	-0.156454	0.208341	-0.067582	-0.150777	-0.083138	0.139774	-0.067272	0.054195	0.018602	0.004447	-0.153171	-0.009949	-0.136561	0.064254	-0.098278	0.123316	-0.012228	0.079997	0.075200	-0.014790	0.028763	0.084605	0.133764	-0.103404	0.054425	0.089826	0.058900
-0.089351	0.133505	0.147545	0.165018	-0.080403	0.126605	0.070331	0.057661	0.166174	0.058352	-0.036623	-0.099692	0.193118	0.132293	0.088080	-0.113522	0.097949	0.042903	0.017006	0.064229	0.193505	-0.112250	-0.061598	0.026031	-0.031172	-0.030421	-0.031185	-0.058731	0.078196	0.002976	0.017008	0.065264	0.064921	-0.128092	0.087839	0.076782	-0.073914	-0.001506	-0.085991	0.012974	0.169670	-0.032368	-0.089053	0.071825	0.043168	0.038741	-0.086267	-0.010671	0.166754	0.042863	-0.154836	-0.190512	0.049139	-0.028735	0.004575	-0.164373	0.069634	0.048980	-0.059662	-0.038744	0.202246	-0.123841	0.090952	0.083975	-0.002673	-0.127323	0.069186	-0.027133	-0.191838	-0.015274	-0.252182	0.098330	0.111723	0.114754	-0.036869	-0.040719	0.031976	-0.132023	-0.007102	-0.093588	0.004064	-0.246806	0.050918	-0.091957	0.012490	-0.056593	0.025939	-0.143836	-0.004268	-0.103630	-0.215907	-0.076325	-0.021197	0.077317	-0.081712	-0.112568	-0.067240	0.024459	-0.070909	-0.019148
-0.173149	0.046413	0.019368	-0.124283	-0.069053	-0.093464	0.090185	0.085464	0.150723	-0.003082	0.055530	-0.115720	-0.020449	0.128060	0.150044	-0.075953	0.065156	-0.056856	0.213487	-0.103639	0.013520	-0.100397	-0.059519	0.121020	0.106530	0.128009	0.143174	-0.149363	0.134344	0.159575	0.144400	0.009740	-0.032571	-0.019880	0.062831	0.183889	-0.120479	-0.136406	0.020096	-0.029077	-0.032281	0.017148	-0.018559	-0.129480	-0.004932	-0.139919	0.118066	0.169318	0.125750	-0.025012	-0.119800	-0.059115	0.007607	-0.136897	-0.016665	-0.032333	0.065543	0.012393	0.028976	-0.014648	-0.134975	-0.072069	0.036032	0.030461	-0.001623	0.005047	0.115362	-0.124503	-0.064397	0.156683	0.033645	0.025901	-0.021438	0.133480	0.220058	0.121679	0.023061	-0.122339	-0.235825	0.057273	-0.045910	0.077541	0.020491	0.091153	-0.004487	0.055557	0.031394	0.048285	-0.029889	-0.012876	-0.237711	-0.158711	-0.029376	0.008905	-0.027293	0.023390	-0.061432	0.017304	-0.064348	-0.200113
-0.076497	0.044670	0.126431	-0.033494	-0.067610	0.015819	0.088134	0.058104	0.187825	-0.264910	0.012504	-0.044869	-0.028238	0.109548	-0.071335	-0.093029	-0.083832	-0.132706	0.062276	-0.252685	0.011588	0.117474	-0.081376	0.142203	0.005761	-0.187391	0.081991	-0.016721	0.036742	0.004013	0.042086	0.041873	0.086835	0.040765	0.020846	0.199995	-0.017091	-0.165294	0.073817	0.055359	-0.024191	0.058711	-0.019526	-0.045598	0.045495	-0.047279	-0.039852	-0.006851	0.127391	-0.024756	-0.226180	0.028334	0.094142	-0.116434	0.071519	-0.015438	-0.020000	-0.031619	0.012121	0.009546	-0.184154	-0.094989	-0.189094	-0.092739	0.042860	0.024089	0.045837	-0.052337	-0.104673	-0.100044	0.009523	0.020232	0.020406	-0.050767	0.156806	0.171847	-0.116357	-0.113155	-0.164412	0.194402	0.029556	0.091298	-0.017191	0.019097	-0.078443	0.102412	-0.007839	-0.022017	0.034048	-0.015095	-0.192772	-0.037817	-0.135658	0.111550	-0.183524	0.132725	0.012683	-0.011381	-0.153256	-0.105216
-0.103244	-0.066056	-0.048691	0.115207	0.143261	0.059808	0.016183	-0.007550	0.134144	0.044927	-0.055631	0.139913	0.069724	0.146113	0.001668	0.004645	0.039295	-0.032263	0.036141	-0.065555	0.033059	0.064472	-0.050442	0.127124	0.231414	-0.048775	0.012505	0.011381	0.073897	0.063299	-0.089963	0.012960	0.025841	0.187683	0.079340	0.051069	-0.020004	-0.139673	-0.157965	0.110558	-0.131929	0.107674	-0.018516	-0.139635	-0.114764	-0.073386	-0.018724	-0.021149	0.091088	-0.127121	-0.059044	0.040493	0.128274	0.099812	0.159755	0.069617	-0.016307	0.093873	0.016132	-0.087220	-0.100911	0.033267	0.098526	-0.260687	0.065851	0.018850	0.051005	0.136198	0.003031	0.016741	0.070367	0.161332	-0.053906	0.082483	0.184864	0.158885	0.215908	-0.127655	-0.149108	0.080840	-0.051739	0.020447	0.060701	-0.018102	-0.020366	0.138685	-0.001670	-0.061284	-0.068268	-0.205301	-0.056325	-0.049133	-0.177317	-0.019305	-0.044209	0.079234	-0.140672	0.126364	0.157796	-0.077663
-0.185661	0.052717	-0.058173	-0.084135	-0.128452	0.037830	-0.099380	0.083566	0.165643	-0.032526	0.108231	-0.105289	-0.260599	0.253737	-0.014513	-0.064175	0.130915	-0.109932	-0.014408	0.048838	-0.030860	0.235655	0.000922	0.104026	0.067876	-0.104572	0.172674	-0.021825	0.082965	0.203112	-0.054314	-0.021194	0.119410	-0.089822	0.000436	0.082879	0.009261	-0.098724	-0.125772	0.013264	0.117561	0.086021	-0.082256	0.019088	0.032923	-0.059923	0.049545	0.128959	-0.014779	0.067809	-0.028126	-0.036145	0.051691	-0.069127	0.053671	0.042163	-0.005835	0.035322	0.265746	0.040431	-0.134871	0.009857	-0.114416	-0.028239	-0.111995	-0.056089	0.073886	-0.012250	-0.016894	0.024520	-0.131158	0.189885	-0.018517	0.095774	0.073078	0.144683	-0.003572	-0.048357	0.078824	-0.042333	-0.012709	0.138834	-0.024951	-0.037480	0.111451	0.152923	-0.037088	0.020092	-0.105404	-0.005249	-0.210767	-0.051215	0.024006	-0.079863	-0.096875	-0.046855	-0.107115	-0.014848	-0.052689	-0.171426
0.022951	-0.051417	0.157030	-0.114312	0.038781	0.098963	0.044185	0.097900	0.071863	-0.031665	0.022641	-0.185871	-0.054281	0.133893	0.077616	-0.156813	0.077248	-0.075811	0.100583	0.052393	0.004864	0.058888	-0.010230	-0.022497	0.099032	-0.082233	-0.040441	-0.227135	-0.028776	0.004957	0.086349	0.027808	0.128765	0.021929	-0.065911	0.196229	-0.141301	-0.061991	0.035068	-0.096388	-0.212591	0.030203	-0.003922	-0.149300	-0.031681	-0.063299	0.147702	0.085961	-0.031763	-0.040724	0.039215	-0.051821	0.077016	0.051871	-0.060127	0.083547	-0.056809	-0.085827	-0.061500	0.159077	-0.074097	-0.106624	0.075763	0.068228	-0.096072	-0.069568	0.105989	0.064820	-0.092780	-0.031065	-0.024244	0.209675	-0.040019	-0.041138	0.228969	0.093297	0.208947	0.046888	-0.238905	-0.121716	0.042128	-0.051359	0.091124	0.031723	-0.049675	-0.002111	0.128084	0.051431	-0.079918	-0.035333	0.039479	0.029601	-0.190930	0.052737	-0.090174	0.227360	0.008291	-0.001016	-0.022368	-0.187983
-0.021319	-0.100948	0.093958	-0.078846	-0.027894	0.035720	-0.055940	-0.005643	-0.076917	0.034259	0.105320	-0.048833	-0.219063	0.099947	0.037282	0.014973	0.134608	-0.116636	0.189800	-0.003636	0.019854	-0.020330	0.118653	0.065816	0.240804	0.051155	-0.023328	0.000417	-0.084085	0.144335	-0.145600	-0.079727	0.056935	0.103781	0.060346	0.068465	-0.010885	-0.067493	0.005180	-0.067697	-0.119731	0.141704	0.087027	-0.292165	-0.042807	-0.070835	-0.091845	0.083978	-0.025965	0.012247	-0.165108	-0.006361	0.183848	-0.073853	0.053876	0.004183	-0.137075	0.042336	0.042244	-0.104212	-0.013973	-0.073760	0.010308	-0.118431	-0.082224	-0.095449	-0.098859	-0.026042	-0.107425	0.104466	-0.068664	0.027785	-0.057975	-0.035511	0.149425	0.038782	0.105300	-0.011567	-0.106425	0.203681	-0.097506	0.036634	0.039140	0.125977	-0.094798	0.153025	-0.041281	0.030250	-0.096679	-0.120844	-0.100940	-0.125153	-0.059102	-0.110038	-0.140333	0.203334	0.004818	0.203597	0.050728	-0.015175
-0.249983	-0.019410	0.204062	-0.052958	0.137185	-0.007757	-0.102580	0.062408	-0.004280	0.043376	0.111804	-0.014687	-0.108750	0.148549	0.100391	0.093888	0.166758	-0.132996	0.010482	0.092483	0.119515	0.090968	0.130215	0.112837	0.110097	-0.069078	-0.105386	-0.058298	0.028748	0.065450	0.053738	0.046645	0.122427	-0.060762	0.036441	-0.053809	0.043600	-0.008965	0.065828	-0.061510	-0.042369	0.086607	-0.157095	-0.116892	-0.105339	0.049243	0.059382	-0.110517	0.045412	0.019019	-0.126248	-0.066303	-0.122837	0.039401	-0.105045	0.264856	-0.176816	-0.085632	0.068342	0.102187	0.038678	-0.239773	0.053982	-0.007410	-0.031535	-0.051500	-0.072281	0.105913	-0.050511	0.107966	0.045553	0.150618	-0.115543	0.058343	0.106236	-0.014020	-0.070041	-0.098175	-0.132592	0.000593	-0.165634	-0.071424	-0.002124	-0.113214	-0.027757	-0.013645	0.027384	-0.015512	-0.048573	-0.175449	0.008202	0.049101	-0.064025	0.006453	0.034082	0.202546	-0.162147	0.090651	0.035995	-0.115676
0.086744	-0.029697	0.184088	0.053072	0.075783	0.142935	-0.077423	-0.011792	0.128667	-0.022826	0.049373	-0.086050	0.010313	0.026518	0.043344	-0.105039	0.181053	-0.036778	0.122557	0.171649	0.090343	0.134292	0.215672	0.053377	0.020252	-0.066542	-0.043120	-0.097537	0.042164	-0.037168	-0.062827	0.108634	0.104938	0.148263	-0.100611	0.232470	-0.061402	-0.125422	0.074223	0.035110	-0.057844	0.096783	0.114901	0.008554	-0.014155	-0.057337	0.076930	0.016482	0.066299	-0.072174	0.126185	0.033517	-0.020265	0.118541	-0.125045	0.132166	-0.178697	0.012281	-0.171428	0.112060	-0.092615	-0.117942	0.062433	0.011309	-0.058867	-0.012718	0.040098	0.116711	-0.142152	0.087192	0.030221	0.253026	-0.017690	-0.031800	0.062524	0.033383	0.253148	-0.012685	-0.157491	0.065330	0.069447	-0.080443	-0.043815	0.006451	-0.085213	0.056133	-0.018536	-0.066210	-0.026014	0.021468	0.006182	0.089962	-0.080611	0.088505	-0.100266	0.131210	-0.139665	-0.161823	-0.148637	-0.022459
0.026586	-0.165323	0.124754	0.117319	0.112213	0.005756	-0.084591	0.026202	-0.005260	-0.047651	0.017809	-0.161347	0.016611	0.191314	0.054727	-0.132051	0.192670	0.018309	-0.007480	-0.119758	-0.025025	0.011792	0.113476	0.052874	0.037707	-0.087955	0.087236	-0.121564	-0.030642	-0.040998	0.000667	0.017160	-0.001043	0.200660	0.017749	0.048413	0.006325	-0.180726	-0.034160	0.011821	-0.052295	0.203716	0.103707	0.093371	0.095303	0.011203	0.015482	0.009512	-0.115709	-0.063512	0.168322	-0.046365	0.068205	0.116130	-0.086496	0.053259	-0.077851	-0.048538	-0.191814	0.050757	-0.026794	-0.171123	-0.024838	-0.029125	0.022012	0.000433	0.064361	0.131938	-0.109764	0.138968	0.030927	0.311648	0.086935	-0.105812	0.117223	-0.031117	0.322502	-0.037538	-0.018266	0.116406	0.107007	-0.048388	0.042212	-0.028170	0.038361	-0.019725	0.020857	-0.088916	0.027413	0.053915	0.151240	0.068561	-0.073341	0.011266	0.023873	0.127272	-0.135324	-0.125426	-0.007096	-0.096197
0.050557	0.035624	0.033920	0.034141	0.046586	0.167541	-0.038798	0.136962	0.056484	0.030393	0.031220	-0.198193	-0.106100	0.094457	0.101300	-0.014794	0.176089	0.051472	0.046498	-0.016244	-0.097149	0.151258	0.136400	0.102996	-0.010254	-0.105944	-0.019813	-0.035940	-0.004622	0.015389	-0.023989	0.004048	-0.104340	0.013274	0.070986	0.016173	0.072149	-0.217753	0.158471	0.037440	-0.028536	0.053994	0.045215	0.164537	0.043904	0.121547	0.175162	-0.010247	0.063353	-0.014448	-0.026101	-0.167866	-0.006024	-0.039200	-0.083372	0.059035	-0.173824	-0.059044	-0.276309	0.149139	0.073930	-0.015750	-0.029561	0.031052	0.007194	0.144062	0.007895	0.119267	-0.125893	0.026788	-0.035955	0.118104	-0.099253	-0.054082	0.140749	0.073918	0.216484	-0.056969	-0.225601	-0.048928	0.053816	-0.175807	-0.045025	-0.085825	0.097990	0.123049	0.142754	-0.103279	-0.040953	-0.064883	-0.057464	0.010048	-0.150807	-0.119105	0.001956	0.141293	-0.147570	-0.009033	-0.025205	0.008014
0.142637	0.035705	-0.050603	0.095879	0.067909	0.107124	-0.096238	-0.090931	0.064986	-0.101869	-0.102959	0.088629	0.027265	0.075864	-0.241122	0.024903	-0.037876	-0.005852	0.117797	-0.043554	-0.052484	-0.002143	0.069257	-0.072730	-0.097706	-0.104160	0.120003	0.039393	0.011954	0.090871	-0.144798	-0.082119	0.015789	0.324639	-0.008366	-0.203892	0.153219	-0.008416	0.098673	-0.052204	0.150739	0.065292	0.057852	-0.093884	-0.140559	0.105423	-0.045499	-0.038387	-0.015090	-0.196316	0.085467	-0.096158	0.057379	-0.068976	0.147405	-0.006120	0.026336	0.104775	0.099773	0.150799	0.129379	-0.098700	-0.109996	0.001322	-0.008875	0.006112	0.048099	0.062147	-0.068685	-0.015900	-0.103183	0.154004	-0.055509	-0.084076	0.076553	0.055419	0.082109	0.027924	-0.054763	0.032219	0.116509	0.110784	0.133022	0.000817	-0.114967	-0.078159	-0.012655	-0.007234	0.020090	-0.132525	-0.144215	0.027651	-0.133798	-0.125740	-0.152896	0.088461	0.055598	0.207571	-0.074391	-0.108224
-0.082005	0.028381	-0.071968	0.071218	0.129741	-0.032491	0.035391	-0.037076	-0.067886	-0.019003	0.056998	-0.046099	0.131735	0.179535	0.142655	0.036446	0.148364	-0.140737	0.063219	-0.173326	-0.010961	-0.009197	0.059826	0.113786	0.165101	0.028030	0.108643	-0.074358	0.136647	0.189613	-0.146041	-0.031351	0.114425	-0.036989	0.230545	0.033656	0.001696	-0.104757	-0.220397	0.009991	0.064305	0.183496	-0.071359	-0.051269	-0.052388	-0.135202	0.112946	-0.170373	-0.027776	-0.074952	-0.017920	-0.029400	-0.072228	0.023170	0.063006	0.132312	-0.115564	0.044843	0.156468	0.022793	-0.029166	-0.155952	0.028471	-0.062757	-0.110371	0.039495	0.054129	-0.121205	0.092705	-0.059955	-0.097269	0.027321	-0.138048	-0.013016	-0.013488	0.083569	0.094004	-0.217880	-0.019737	0.048479	-0.078864	-0.064451	-0.131391	-0.054123	-0.049912	0.245045	0.078474	0.062411	-0.062992	-0.043516	-0.064124	-0.022964	-0.132888	-0.133369	0.099136	0.056301	-0.012988	0.117682	-0.089493	-0.006168
-0.158850	-0.028285	-0.077182	0.036249	-0.009076	-0.012243	-0.123772	0.044468	0.117869	0.002021	0.073994	0.010580	0.029605	0.217808	-0.165769	-0.001624	0.088856	-0.169181	0.148818	-0.222488	-0.106750	-0.004199	0.116127	0.239489	0.210173	-0.003058	-0.002700	-0.103843	0.045162	0.125875	-0.149136	-0.005864	0.139204	0.182945	0.129437	0.123788	-0.001114	-0.125320	0.052022	-0.025084	0.081188	0.057251	-0.000173	-0.104185	0.026233	-0.085503	0.052609	-0.003184	0.096738	0.025060	0.004000	0.033970	0.037730	-0.026351	0.169478	0.114373	-0.018542	0.074731	0.002151	0.027082	-0.016433	0.004767	-0.103462	-0.036781	0.038663	-0.069936	0.130175	0.030375	0.139855	0.037858	-0.079235	0.075127	-0.085810	0.020587	0.071337	0.051009	0.149197	0.088567	-0.272339	-0.011076	-0.080586	0.106566	-0.130823	-0.048904	-0.132457	0.014611	-0.142406	0.013626	-0.151545	-0.035829	-0.073820	0.007644	-0.117193	-0.187057	-0.035657	0.128635	0.031829	0.037096	-0.046119	-0.073020
-0.098803	0.012193	-0.089969	-0.105030	0.121858	0.189705	0.067228	-0.021107	-0.008795	0.023250	0.033095	-0.242349	-0.142293	0.048271	0.085089	0.048431	0.191185	-0.241362	0.060073	-0.113237	-0.079165	0.025127	0.129772	0.079773	0.031010	0.021127	-0.004837	-0.146196	0.018297	0.121363	-0.087519	-0.048397	0.098568	0.003108	0.102466	-0.045155	0.078067	-0.149323	-0.215829	0.117372	-0.112326	0.108063	0.035335	-0.120414	0.004421	0.004188	-0.062838	-0.003076	0.059597	-0.047022	-0.068862	0.032105	0.017936	-0.093755	0.124709	0.242418	0.111637	0.029387	0.099307	0.069395	0.013098	0.099700	-0.006134	-0.025271	0.038863	0.064276	0.108413	-0.007524	-0.105948	-0.046866	-0.131079	0.073498	-0.110881	0.066507	0.154482	-0.044890	0.122392	-0.157119	-0.199259	0.011711	-0.077529	-0.066950	0.048309	-0.057878	-0.047082	0.032141	0.019205	-0.009146	-0.090539	-0.126308	-0.020680	0.161584	0.065167	-0.162814	0.036871	0.048812	0.085067	0.152098	-0.135881	-0.122759
-0.162087	-0.087717	-0.165551	-0.147515	0.125666	-0.064670	0.019937	-0.129106	-0.071674	0.044171	0.022429	0.093722	-0.043040	0.101486	0.103111	0.066275	0.127769	-0.114975	-0.012928	0.005978	0.106862	0.013652	0.046916	0.048965	0.098757	0.049425	0.030227	-0.018109	-0.002241	-0.002288	0.024336	-0.082896	-0.013512	0.030876	0.056588	-0.074528	0.095415	-0.066570	-0.045935	0.011927	-0.135638	0.107653	0.044368	-0.075391	-0.011191	0.022685	-0.005920	0.089294	0.037594	-0.202473	-0.133999	0.032037	0.106120	-0.116474	0.093033	0.082310	-0.061884	0.163039	-0.066992	0.086227	0.016198	0.038763	-0.045677	-0.071375	-0.138768	0.190608	0.128291	0.096337	-0.016578	0.024416	-0.111989	0.006577	0.082215	-0.038984	0.061442	0.095830	0.183713	0.017863	-0.257313	0.097253	-0.113020	0.237475	-0.088624	0.023190	-0.068599	0.036719	-0.139086	0.031100	-0.008497	-0.027412	-0.303080	0.153250	-0.022050	-0.029194	0.117709	0.007228	0.187447	0.131144	-0.026446	-0.174306
-0.009767	-0.036998	-0.049631	-0.035531	0.158999	-0.051556	-0.026239	-0.211843	0.155663	-0.009295	-0.071290	0.078534	0.094775	0.070657	-0.065784	-0.043999	0.122652	0.012955	-0.083139	0.007860	0.068837	0.077252	0.051285	-0.152892	0.018941	0.041121	-0.091430	-0.082366	-0.054201	-0.080391	-0.235238	-0.026369	0.006677	0.151550	0.133075	0.038847	0.064225	-0.062961	-0.003888	-0.040711	-0.007788	0.018361	-0.007363	-0.031979	-0.011648	0.011053	0.209970	0.007966	0.185844	-0.081854	-0.130142	-0.138696	0.179185	0.016664	0.119065	0.099281	-0.051434	0.032690	-0.002590	0.151796	0.025732	-0.020096	-0.000491	0.074790	-0.002409	0.156093	0.088875	0.093808	-0.070797	0.015663	0.171911	-0.092895	-0.039759	-0.085492	0.180995	0.016845	0.052522	0.101187	-0.154531	-0.015704	-0.075536	0.126737	0.220890	-0.124231	-0.144247	-0.070568	-0.162792	-0.143934	-0.016288	-0.114327	-0.117221	0.154661	-0.154096	-0.091423	-0.130206	0.034925	0.115770	0.095701	0.055277	-0.096918
-0.067936	0.068107	0.031576	0.206495	0.078606	0.095070	0.058819	0.048823	0.136778	-0.019798	0.077212	-0.041066	0.015279	0.343634	-0.147968	0.072689	0.181186	-0.162623	0.062938	-0.014711	0.013706	0.036212	0.040377	0.122199	0.131268	-0.038478	0.073623	-0.013799	-0.066154	0.172788	0.030483	0.107572	0.120019	0.093365	0.062969	0.004301	-0.119712	0.059995	0.004871	-0.013219	0.039180	0.052309	0.127910	0.037342	0.014636	-0.154954	0.009215	0.065419	0.045962	-0.025255	-0.022739	-0.088511	-0.002430	-0.100223	0.041904	-0.039330	0.041063	0.018935	-0.008293	-0.051695	-0.066909	0.125297	0.017278	0.026359	-0.181203	0.159777	0.039274	-0.071023	-0.012696	0.107377	-0.131355	0.068380	-0.017233	-0.093254	0.021529	-0.146871	0.054367	-0.095877	-0.036388	0.080562	-0.265278	0.059557	-0.081475	-0.082898	-0.108139	0.056494	-0.153048	0.034237	-0.081632	-0.029247	-0.250309	-0.105877	-0.145098	0.100099	-0.125424	-0.072153	0.005305	0.082162	-0.122459	-0.152750
0.046452	-0.074975	0.160584	0.122299	-0.127787	0.001572	0.228535	-0.161993	0.076768	-0.106802	-0.071240	0.058714	-0.044965	0.066124	0.092057	0.023328	0.034462	0.080251	0.033362	0.072817	-0.025982	0.002391	0.085974	0.029004	0.126374	0.056338	0.059573	-0.108496	-0.058273	-0.176279	-0.131038	0.202025	-0.053384	0.102104	0.023869	0.044624	-0.074774	-0.283455	-0.015638	0.092269	-0.030106	0.159629	-0.053146	-0.047085	-0.024927	0.157336	0.026725	0.041261	0.070688	-0.005856	-0.079622	-0.065080	0.022231	0.125456	-0.091340	0.034339	-0.162663	-0.012018	-0.098871	0.189781	0.098973	-0.177987	0.039606	0.115220	-0.049502	0.202647	0.072019	0.054279	-0.057563	0.099947	-0.110246	0.096855	0.011948	0.086601	-0.098147	-0.050177	0.065351	-0.151546	0.037886	-0.074683	0.100304	-0.101469	-0.070921	0.042246	-0.155268	-0.012076	0.040531	-0.197049	-0.024404	-0.111846	-0.100441	0.022071	0.086697	0.070750	-0.129703	0.026458	0.057521	-0.184329	-0.040127	-0.026162
-0.059603	-0.126814	0.062689	0.069264	0.090728	0.124501	-0.064642	-0.007846	0.101595	-0.118509	0.008338	-0.054823	-0.117242	0.180033	-0.010229	0.003500	0.153993	-0.035382	0.222726	-0.127268	-0.066462	0.000250	0.155500	0.200470	0.073229	-0.022374	0.088188	-0.235334	-0.093822	0.114260	-0.099695	0.020050	0.098213	-0.037659	0.144477	0.033727	-0.033427	-0.245584	0.083354	0.037579	0.047755	0.191715	0.029546	-0.182985	-0.012713	-0.124446	0.056820	0.014349	-0.050046	-0.128493	-0.079104	-0.008992	0.131054	0.115751	-0.039503	0.032776	-0.178956	-0.091678	0.153509	-0.017510	0.000059	-0.026049	-0.023596	-0.025745	0.021986	-0.027464	-0.068343	0.027861	-0.013119	0.027365	-0.006030	-0.045446	-0.034314	0.080852	0.074440	0.146693	0.075117	-0.041560	0.048558	-0.053025	0.168342	0.117737	0.204336	0.145720	-0.125182	0.001555	0.209150	0.036249	-0.113303	-0.087323	-0.057236	0.011764	-0.028078	0.066608	-0.026358	-0.002303	0.175511	0.056902	-0.047574	-0.005000
-0.047336	-0.112634	0.195287	0.101892	-0.006721	0.022574	0.012428	0.005835	0.116026	-0.000142	0.165566	-0.031464	0.003196	0.085980	-0.020094	-0.023832	0.088680	-0.162933	-0.019273	-0.172529	0.045468	0.134021	0.150918	0.038844	0.150057	-0.001564	0.106268	-0.043022	-0.039785	-0.171133	0.100745	0.195718	0.038902	-0.094961	-0.008751	-0.091239	-0.045400	-0.037020	0.036549	0.061906	0.169503	-0.078371	-0.104242	0.042849	-0.032086	0.007869	0.036332	-0.099370	0.167819	-0.031932	-0.095538	-0.003845	-0.018672	0.118515	-0.021349	0.091265	-0.101945	-0.060304	-0.039588	0.100014	0.090490	-0.072281	0.042528	-0.033800	-0.010044	0.085360	0.120577	0.099320	0.145222	0.014638	0.088279	0.237295	-0.141551	0.126266	0.107737	0.049070	-0.083549	-0.073187	-0.109869	-0.017075	-0.150569	-0.070937	-0.101008	0.032829	-0.226342	0.033403	0.153500	-0.123890	0.108581	0.075337	-0.026534	-0.034078	-0.011817	0.029284	0.072577	0.174760	0.100724	-0.123140	0.226461	0.126485
-0.049050	0.082324	0.004040	0.056181	-0.053358	0.030971	0.067155	-0.001584	0.166718	-0.118448	0.143369	-0.047458	-0.013520	0.079069	-0.006919	0.004160	0.059929	-0.114673	-0.030027	-0.178922	0.008383	0.194761	-0.027213	0.016654	-0.108324	-0.113682	0.126426	-0.179569	-0.038591	0.183718	0.061222	-0.156069	-0.145422	0.030873	0.010218	0.176057	0.181859	-0.045427	0.028890	0.045885	-0.006113	-0.015429	0.013111	-0.005953	0.068083	0.041277	0.057935	0.070650	0.023445	-0.216545	-0.149983	-0.001774	-0.011820	-0.036143	0.023407	0.074953	-0.137997	0.181782	0.053795	-0.049213	-0.036553	0.100404	-0.077900	0.073436	-0.073219	-0.081825	0.165852	-0.066337	-0.122393	0.087953	-0.165131	0.055093	-0.033867	-0.029128	0.149960	0.004627	0.129264	0.085154	-0.161830	-0.017090	0.071007	0.200829	0.009134	0.027521	0.010842	0.019075	-0.017314	-0.086553	-0.120225	-0.008905	-0.206516	0.090847	-0.246697	-0.066740	-0.159231	0.046771	0.034713	-0.068457	-0.165947	-0.029413
0.089923	-0.124861	0.043285	0.036559	0.118992	0.173388	0.012985	0.092240	0.136719	-0.018543	0.095876	-0.037538	-0.026430	0.145810	0.140638	-0.106993	0.076439	0.030894	0.001226	0.092996	-0.067170	0.137269	0.116231	0.049820	0.113283	0.055517	0.037522	-0.027004	0.031006	0.037511	-0.064100	0.175604	0.117508	0.150771	0.041114	0.128089	-0.031156	-0.180419	0.030085	-0.049681	-0.041775	0.118379	0.018574	0.023302	0.069490	-0.041453	0.150982	-0.013383	0.052033	-0.136439	0.078538	-0.086502	0.029694	0.008292	-0.109173	0.079734	-0.198978	-0.084807	-0.180063	0.222407	-0.072031	0.093677	0.029051	0.038514	0.016787	0.135981	0.036820	0.231764	0.037572	0.100252	-0.015091	0.153549	-0.078460	-0.032774	0.066843	0.023976	0.232480	0.052186	-0.190061	-0.032573	0.053466	-0.111133	0.022082	-0.109389	0.005221	0.068754	-0.004231	-0.159583	-0.182375	-0.023118	0.015912	-0.041979	-0.148232	-0.000993	-0.059830	0.159706	-0.102491	-0.125163	0.020391	-0.060598
0.046166	-0.013572	0.073819	0.077674	0.148163	0.089354	-0.076205	-0.036043	0.128911	-0.037434	0.074836	0.108645	0.028109	0.237474	-0.063568	-0.106486	0.014495	0.011709	0.056415	-0.012497	0.090929	-0.003395	0.091840	-0.019565	0.126255	0.018928	0.159657	-0.102031	-0.097822	0.074061	-0.027936	0.030408	0.185366	0.019155	0.064076	0.115457	-0.073284	0.043194	0.139076	-0.267178	0.069833	0.044251	-0.159744	-0.080927	0.029853	-0.090453	0.117005	-0.023279	-0.031241	-0.153054	-0.048625	-0.168054	0.003008	0.035952	0.068141	-0.125405	-0.216786	0.011163	0.094240	0.067078	-0.003954	-0.080555	-0.045430	0.057705	0.087205	-0.051227	0.078562	0.135436	0.066457	-0.036994	-0.099775	0.025825	-0.078662	0.019423	-0.014374	0.130489	0.263461	-0.147806	0.085589	0.160772	0.115847	0.156223	0.123679	-0.021450	0.034874	-0.053655	0.058759	-0.112121	-0.113225	-0.086213	-0.063248	0.015633	-0.096670	0.109933	-0.116975	0.074040	0.170981	0.148305	-0.021193	-0.012775
-0.125592	-0.084794	0.071362	-0.231600	-0.023111	-0.040044	0.011142	0.149940	0.173567	-0.065351	0.176089	-0.092472	0.117995	0.184824	0.008690	-0.020367	-0.103200	-0.211367	0.090389	-0.100007	0.113003	0.141116	0.065976	0.064666	-0.090874	0.033470	0.076889	-0.120129	0.112227	0.161961	0.030403	-0.034514	-0.019996	0.085785	0.125301	0.164711	-0.085361	-0.107498	-0.103414	-0.049193	-0.116114	0.003784	-0.068553	-0.076910	-0.010033	-0.074686	0.014762	0.015723	-0.010573	-0.155230	-0.130955	-0.105001	0.026600	0.049246	0.117795	-0.009084	-0.186054	0.159494	-0.054011	-0.064028	-0.091437	-0.047159	-0.015869	0.216001	-0.019743	-0.062572	0.183141	-0.008419	-0.000141	0.033183	0.035585	0.007065	0.047775	0.122130	0.164576	0.011028	0.108278	-0.087395	-0.084645	0.167077	-0.048234	0.034486	0.068806	-0.090223	-0.127512	-0.053713	-0.121661	-0.078027	-0.063044	-0.045016	-0.118932	0.108515	-0.012748	-0.052241	-0.131545	-0.022425	0.072243	0.030854	-0.093145	-0.125479
0.099182	-0.141590	0.085018	0.028838	0.037490	0.006569	0.026324	-0.102910	0.001928	0.187579	0.121395	-0.053517	-0.080359	0.234632	0.143898	0.062625	0.098268	0.046904	-0.016666	0.002995	0.014684	0.017866	-0.062926	0.044404	0.187759	0.004211	0.039966	-0.099045	-0.019399	-0.119217	-0.176456	-0.033331	0.008090	-0.021049	-0.107225	0.185021	-0.043288	-0.037309	0.044478	-0.004957	0.001813	0.044193	-0.126788	0.115746	0.063948	0.084699	-0.018969	-0.089372	-0.041951	-0.202481	-0.031148	-0.075926	0.150574	0.106449	0.046536	-0.021548	-0.178499	0.017857	-0.069051	0.059949	0.112526	-0.214044	0.161169	-0.058649	0.110272	0.031114	0.044536	0.064506	-0.022334	0.026367	0.067526	-0.115203	0.011058	0.124050	-0.053538	0.006415	0.144538	0.005862	-0.000639	0.052341	0.112912	-0.123809	-0.160419	-0.109642	-0.156500	0.093340	0.089697	-0.062821	-0.113465	-0.177221	0.093950	-0.094540	-0.115801	-0.081162	0.126577	0.225145	0.148916	-0.062483	-0.121980	-0.006014
-0.150718	-0.054306	0.191414	0.098546	-0.003909	0.107779	0.011196	0.104996	0.161508	-0.011164	0.073993	-0.079512	-0.033342	0.276388	0.030604	-0.153774	0.058368	0.035770	0.117637	0.071092	-0.056538	0.011842	0.118863	-0.066172	0.184348	-0.022857	0.023588	-0.137918	0.074637	-0.127220	0.036837	0.036292	0.063617	0.084834	0.000877	-0.126574	-0.208517	-0.034213	0.037001	-0.067502	0.047532	0.141550	-0.007063	-0.111590	0.026961	-0.026029	0.086349	-0.024818	-0.068905	-0.064807	0.125561	0.008288	0.092464	-0.003992	-0.202122	0.018564	-0.168884	0.089099	-0.092110	-0.000664	-0.022315	-0.115665	0.077626	0.156074	-0.054694	0.045157	0.094378	0.129851	0.008730	0.014066	-0.077008	0.166528	-0.066489	-0.012308	0.144314	-0.104868	0.280431	-0.019689	-0.201343	0.104499	0.095171	0.056525	0.141372	-0.031475	-0.049382	0.058245	0.054552	0.027439	0.086711	0.060577	-0.060056	-0.104158	-0.170832	0.095402	-0.086022	0.039439	-0.049605	-0.054075	-0.002836	-0.051206
-0.050429	0.001374	0.132419	0.034720	0.103632	0.076583	-0.066846	-0.045418	0.215550	-0.008709	-0.106452	-0.126094	-0.051750	0.072096	0.117316	0.005641	0.222440	-0.028001	-0.042166	0.067883	-0.049911	-0.087171	-0.028876	-0.014548	0.028373	0.116177	0.002361	-0.087468	-0.073589	0.008909	-0.259796	0.121093	-0.053806	0.051455	0.039283	0.091262	0.016270	-0.101228	0.035336	-0.022678	0.120256	0.139236	-0.094478	0.262917	0.054908	-0.036569	-0.121867	0.026935	-0.085432	-0.050416	0.111294	-0.083343	0.366714	0.060641	-0.004673	0.053239	-0.097341	-0.001270	-0.033909	0.209496	-0.127423	0.025529	0.016101	0.093302	0.105942	0.107940	-0.008134	0.067044	-0.051477	-0.073304	-0.254174	0.084546	-0.102895	0.028554	0.014292	-0.130583	0.090982	-0.000242	0.023939	-0.090978	0.047986	-0.121712	0.006866	-0.076880	-0.055607	-0.011157	0.126431	-0.175993	-0.036253	-0.085216	-0.068555	0.012572	-0.031518	0.052414	-0.032295	0.089941	0.097627	-0.088133	-0.033934	-0.040831
0.059732	-0.102576	-0.020464	-0.022020	-0.028138	0.104581	0.234063	-0.058880	0.126941	-0.094256	0.029272	0.095854	-0.017692	0.122079	-0.078414	-0.013111	0.164975	-0.001369	0.094311	-0.102066	-0.019131	0.045770	0.224879	-0.014451	0.224488	-0.008385	-0.028454	0.069641	-0.080160	-0.003435	0.109642	-0.024495	0.011523	-0.048059	-0.058893	0.075827	-0.041718	-0.058723	0.110949	0.099554	0.070206	0.012205	0.005375	0.063644	-0.026365	0.152100	-0.004434	-0.027630	0.012678	-0.103015	-0.142448	-0.052329	0.065130	0.110457	-0.056842	-0.016089	-0.078880	-0.083834	0.022428	0.060918	-0.024869	-0.091950	-0.072512	0.183996	-0.000295	-0.044819	0.171353	-0.035837	-0.293972	0.107286	0.065979	0.129990	-0.010400	0.029249	0.048875	0.037159	0.009842	-0.289752	-0.096914	-0.054944	0.030335	0.020796	-0.194999	-0.006224	-0.022338	0.038288	0.195266	0.093062	0.105007	-0.132252	-0.039118	0.124603	-0.085855	-0.119446	-0.024314	0.187915	0.149480	0.039567	-0.151534	0.008698
0.143685	0.058301	0.069339	0.053053	-0.006272	0.080705	-0.014594	-0.023929	0.151632	0.024171	0.099659	-0.160082	-0.032388	0.140472	-0.071971	0.004110	0.000618	-0.261926	0.013149	0.009289	0.104327	0.120012	-0.049028	0.141576	0.069012	-0.053225	0.042783	-0.001433	-0.344950	0.023583	-0.019234	-0.000269	-0.024091	-0.102730	-0.080870	0.008244	-0.060916	-0.027069	-0.046299	0.146456	0.115472	-0.063059	0.088107	0.045996	0.215411	-0.051001	0.047818	0.159191	0.030719	-0.057371	-0.111274	-0.153698	0.035282	-0.033920	-0.014801	0.053320	-0.151793	-0.238109	0.015389	0.213662	0.100636	0.117767	-0.023995	-0.106217	0.045537	0.050701	0.032247	0.068106	0.051353	0.007658	-0.015254	-0.027788	0.054064	-0.025101	-0.075482	-0.019655	0.044552	-0.128923	-0.087239	0.151250	-0.073900	-0.066479	-0.027639	-0.041789	-0.167889	-0.114973	0.114379	0.028429	-0.025783	0.009209	0.190961	0.186436	-0.156014	0.072040	0.015987	0.122509	0.008002	0.113832	0.007054	0.053687
-0.049188	0.109048	-0.023937	0.015867	0.036803	0.175497	0.050973	0.051233	0.027903	0.052599	-0.020650	-0.000359	0.040117	0.108706	-0.074651	-0.070171	0.024491	-0.027916	-0.136330	0.001545	-0.096614	0.153381	0.042689	-0.090578	-0.068442	-0.058870	0.016073	0.146841	0.035109	-0.144284	0.019566	0.098125	0.041757	-0.028087	-0.008071	-0.035236	0.052721	-0.091573	0.148443	-0.040190	-0.106260	0.034325	-0.050960	0.108609	-0.043886	0.110843	0.112512	-0.097350	0.124583	-0.170236	0.113296	0.000969	0.188089	0.030485	-0.030514	-0.093188	-0.039070	0.011732	-0.132373	0.183545	0.102850	-0.142191	-0.076258	0.281434	0.166627	0.150495	0.074511	0.075752	-0.282515	0.139385	-0.123692	0.224337	0.035158	-0.094781	0.071737	-0.055011	0.155315	-0.205302	-0.059185	0.094335	-0.000804	-0.071466	0.015081	-0.036479	-0.140372	-0.004970	0.130329	-0.005248	0.002563	-0.075684	0.011485	0.024411	0.015254	0.079391	0.069290	0.022804	-0.040434	-0.026061	-0.061072	0.171692
-0.001915	-0.151851	0.149696	0.095420	0.094106	-0.147954	0.026293	-0.014101	0.310074	-0.004447	-0.030519	-0.130925	-0.114806	0.098631	0.083520	-0.131272	0.078391	-0.098464	0.012335	-0.099624	-0.122206	-0.082815	0.033947	0.084662	0.048824	-0.213007	0.116976	-0.030818	-0.027895	-0.147122	-0.269102	0.029465	-0.045288	0.102101	0.072007	0.055472	-0.014025	-0.115917	-0.152016	0.061435	0.028993	0.042373	-0.087539	0.065638	0.059223	0.106903	-0.011537	0.087238	0.052172	-0.146019	-0.033270	-0.016004	0.049299	-0.162630	0.000406	-0.058494	-0.244264	-0.047294	-0.023831	0.252804	0.142042	-0.060281	-0.039684	0.060578	0.054512	0.079050	0.066794	0.026606	-0.096172	-0.096281	0.080624	0.049044	0.036907	-0.087289	0.024822	-0.056213	0.000466	-0.078281	-0.007832	-0.098136	-0.073040	0.167617	0.036569	-0.090564	-0.043763	0.024461	0.120980	-0.136073	-0.026708	0.044707	-0.075926	-0.128853	0.040881	0.040923	-0.119214	0.074720	0.058917	-0.110881	-0.099266	-0.061295
-0.146460	0.061569	0.168151	-0.152344	0.029336	0.090883	-0.038932	0.071479	0.072357	0.017259	0.081092	-0.160935	0.018550	0.249216	-0.018956	-0.010240	0.009598	-0.134308	0.001505	-0.115744	0.120537	0.076066	0.037512	0.068222	0.060507	0.094044	0.098814	-0.094515	-0.084663	0.124720	0.102166	-0.019112	0.111060	-0.111267	0.071458	0.140650	-0.118848	-0.250225	0.076590	-0.007371	-0.071247	0.025017	-0.015689	-0.158410	0.025074	-0.239971	-0.000543	0.025229	0.038356	-0.095203	-0.149659	0.010235	0.015782	-0.067140	0.056104	0.090893	0.150098	-0.031075	-0.071395	-0.041450	-0.012188	-0.024506	-0.180422	0.041103	-0.020236	0.035574	0.157691	0.042000	-0.038343	0.027142	-0.056007	-0.042589	-0.125634	-0.140320	0.200918	0.079865	0.044272	0.006611	-0.162866	0.151102	-0.154961	0.078082	-0.093151	-0.031367	-0.050425	-0.059666	-0.015507	-0.038291	-0.120953	-0.010788	-0.118497	0.034065	-0.039236	-0.092581	-0.168707	0.057144	0.041245	0.082689	-0.108520	-0.196428
-0.208653	0.014119	0.010793	0.066873	-0.032667	0.046788	0.010397	0.142446	0.197506	-0.089261	0.145126	-0.040158	-0.027609	0.334822	-0.091653	0.136779	-0.060152	-0.225379	0.130694	-0.145942	0.095063	0.185732	-0.085323	0.243553	-0.022555	-0.192641	0.060261	-0.012880	-0.067910	0.057693	-0.080707	0.007309	0.070538	-0.109268	0.063716	-0.155702	-0.122358	-0.228294	-0.025497	-0.049234	-0.026916	-0.126690	0.092556	-0.020966	-0.075948	0.016494	0.095660	0.067816	-0.001411	-0.057261	-0.138420	-0.073824	0.041316	-0.070419	0.130487	-0.073992	0.003837	0.012542	-0.029198	0.031524	-0.129440	0.053899	-0.053197	0.000978	-0.124059	0.100139	0.041820	-0.020103	-0.060254	-0.030816	-0.052774	0.005918	-0.004667	0.133555	0.048049	0.036373	0.016226	0.019439	-0.162683	0.104333	-0.137551	0.086603	-0.059578	0.053053	-0.075697	-0.005160	-0.125879	0.057080	-0.018543	-0.010729	-0.024820	0.011750	-0.089443	-0.116453	-0.115506	-0.054484	0.084573	0.118569	-0.058809	-0.034213
-0.031283	0.021764	0.171324	0.049247	-0.011727	0.133781	0.053523	0.096025	0.040745	0.001915	0.163776	-0.192660	-0.188656	0.250437	0.133949	-0.033185	0.051294	-0.135540	0.065906	0.010613	-0.027081	0.279496	0.142109	0.095831	0.133407	-0.066310	-0.063749	0.123985	0.067375	-0.046663	-0.111809	0.038452	0.063198	0.037811	0.010424	-0.017670	0.025715	-0.023554	0.137155	0.006048	-0.187995	0.014237	0.007793	-0.251612	-0.086800	-0.024051	0.095462	-0.090279	0.068273	-0.063612	0.099682	-0.119279	0.103027	-0.026171	-0.018106	-0.066287	0.145527	0.062353	0.094018	0.029247	0.034629	-0.075173	-0.007672	-0.054925	-0.015017	0.144367	0.004655	-0.027274	0.002420	-0.059617	0.103055	-0.045994	-0.138002	0.073939	0.140600	0.080844	0.084735	-0.135540	-0.215459	0.027697	0.121141	-0.010291	-0.050497	0.035184	-0.125448	0.159934	0.033780	0.002894	0.009635	0.167740	-0.128263	0.044661	0.061368	-0.066725	-0.062805	0.151240	-0.044782	0.064346	0.056858	0.009409
0.116307	-0.060638	0.133936	0.182552	0.026500	0.028791	-0.012998	-0.006576	0.137926	-0.001874	0.050958	-0.083210	-0.053421	0.277044	-0.099523	-0.119601	0.132443	0.067287	0.030651	-0.095177	0.088351	0.143041	-0.064041	0.021825	0.188330	-0.180979	0.042652	0.103621	0.046264	0.035667	-0.065770	0.049491	0.183982	0.236873	0.011111	-0.004241	-0.157918	-0.062917	0.154769	0.150988	0.057437	0.150555	0.039946	0.206300	0.023628	0.096172	0.023351	0.042564	0.000869	-0.157449	0.024116	-0.108144	0.081302	0.022449	0.067215	0.041241	0.000344	-0.044108	-0.099027	0.063597	0.020161	-0.078053	-0.048213	0.001828	-0.056709	0.092980	-0.047039	0.110915	-0.059228	0.005676	-0.186892	0.269540	-0.145286	-0.002338	0.001819	-0.063688	0.195767	-0.104135	0.021747	0.031819	-0.131121	-0.017563	-0.102259	-0.082657	-0.009422	-0.004712	-0.112891	0.003532	0.012302	-0.161487	0.058608	-0.019389	-0.101000	0.087751	-0.016622	0.085287	-0.028117	-0.000086	0.008692	-0.033950
-0.096511	0.223758	-0.105991	-0.049733	0.087258	0.195686	0.111201	-0.004277	0.100472	-0.110336	0.225901	0.037981	-0.070521	0.066213	0.024682	-0.017315	0.045570	-0.157694	-0.103293	0.078896	-0.102083	0.044159	0.090081	0.025017	0.014688	-0.067483	0.025444	0.198794	0.046707	0.186964	-0.260704	-0.054793	0.093355	0.175541	0.035619	0.020873	0.017681	0.016368	-0.059212	0.090021	-0.133717	0.089209	0.240759	-0.011885	-0.075333	-0.057349	0.007748	0.153844	0.144948	-0.094871	0.023944	0.114054	0.119277	-0.052101	-0.013271	0.058752	-0.058463	0.064298	0.030471	-0.068829	0.091473	0.091444	0.021996	0.098396	0.098151	0.049385	0.109815	-0.084456	-0.037485	0.090733	-0.126550	0.101878	0.024380	-0.050355	0.191585	-0.069904	0.085773	-0.052313	-0.107781	-0.051024	-0.105565	-0.042834	0.001074	0.122408	0.064738	0.042858	-0.148211	0.127155	0.087428	-0.093372	-0.096600	0.066343	-0.007974	-0.028491	0.006110	-0.106010	0.089526	0.036224	-0.137448	-0.111180
0.012723	0.156689	-0.121551	-0.022317	0.041709	0.209720	0.049640	-0.047954	0.140861	-0.090054	0.168199	0.022959	0.086248	0.032147	0.018838	-0.080674	0.102000	-0.161617	-0.089102	0.001430	0.002166	0.146766	0.031550	0.041516	-0.096680	-0.029073	0.150375	0.155811	0.025859	0.252636	-0.079902	0.081238	0.208096	0.070496	0.057907	0.081748	-0.103893	-0.051975	0.087335	-0.003159	-0.093342	0.163164	0.069045	0.122092	0.049701	0.072581	-0.025288	0.224243	0.152405	-0.137864	-0.040115	0.035426	-0.008768	-0.090970	0.013589	0.042596	-0.089660	0.101619	0.067044	-0.098902	-0.005541	0.037250	-0.090390	-0.057134	0.084753	0.125627	0.116814	-0.062148	0.012341	0.154798	-0.166138	0.187060	-0.064464	-0.073983	0.010172	-0.041027	0.023280	-0.182563	-0.060393	0.090903	-0.071357	-0.073791	-0.064942	0.154115	-0.100518	-0.076673	-0.054849	-0.066966	-0.095275	-0.243659	-0.020164	-0.034855	-0.111357	-0.033825	0.061015	-0.030600	-0.038182	0.062132	0.001731	0.011084
-0.004377	0.073321	0.057469	-0.042703	0.155201	0.121440	-0.045023	0.036708	0.091134	0.035184	0.121426	0.000786	0.091739	0.190129	-0.003288	-0.023420	0.133486	0.026697	0.009833	0.020747	0.030438	0.100794	0.080704	-0.056580	0.043852	-0.191098	0.110309	-0.027142	-0.046634	0.051197	-0.220472	0.176725	0.165299	0.085858	0.044055	-0.039363	-0.070533	-0.106021	-0.033699	0.166557	0.077592	0.020271	0.106287	0.159943	0.068054	0.020320	0.059632	0.063926	0.152183	-0.097894	0.104498	-0.049514	0.213365	-0.068943	0.009093	0.072096	0.039766	0.031107	-0.035144	0.167250	-0.009725	-0.139470	0.029029	0.081724	-0.125885	0.057037	0.108301	0.084729	-0.012708	0.076601	-0.034204	0.194751	-0.151884	-0.021304	-0.007583	0.111209	0.058282	-0.121613	-0.296626	-0.019000	-0.183959	0.037599	-0.027759	-0.144981	-0.109845	0.031532	-0.018334	-0.029477	0.027250	-0.129070	-0.051609	0.131279	-0.102531	0.021525	-0.119326	0.094509	-0.133476	-0.079901	-0.072316	-0.066640
0.118122	0.014487	0.021510	-0.181335	0.084435	0.093440	-0.172776	0.060885	0.036225	-0.165295	-0.222342	-0.041665	0.060815	0.080565	-0.002830	-0.200612	0.145501	-0.138321	-0.077808	-0.037489	0.008413	0.103201	0.065517	0.078119	-0.036812	0.083006	-0.010075	-0.157263	-0.091740	-0.012201	-0.180634	0.077545	0.148250	-0.011564	-0.057864	0.124518	0.077501	0.053542	0.164046	-0.076305	-0.063131	-0.002437	0.047282	0.229427	-0.017295	-0.067500	0.101922	-0.021525	0.139579	-0.100483	-0.047961	-0.127159	0.034427	-0.008444	0.142566	-0.031440	-0.027456	0.002297	0.201926	0.123210	0.211165	-0.164360	0.013992	0.059416	-0.087014	0.021907	0.007793	-0.080578	-0.208819	-0.038724	0.015960	0.121100	0.035152	-0.073179	-0.010761	0.025940	0.000415	-0.004888	-0.013386	0.047234	0.163817	0.033289	0.102528	-0.077565	-0.127702	-0.152379	0.029810	0.026315	-0.033301	0.046289	0.021019	-0.082592	-0.096100	0.020468	-0.107460	-0.074835	0.041587	0.182569	-0.120593	0.083130
-0.118592	0.077889	0.078894	-0.015776	0.165563	-0.022226	-0.154839	-0.125466	0.037902	-0.090053	0.036652	0.099411	0.033757	0.079519	0.112395	0.017204	0.082689	-0.080550	-0.098878	0.071261	0.074406	0.056758	-0.097505	0.018642	-0.036446	-0.012371	-0.043430	-0.055679	-0.048850	0.137947	-0.257508	0.162894	-0.025008	-0.032096	-0.014720	0.065970	-0.117441	-0.106160	-0.036974	-0.011677	-0.155720	0.021549	0.020895	0.061339	0.032644	0.077486	-0.005484	-0.063012	0.032513	-0.240590	0.035517	0.164329	-0.022268	0.054986	0.076808	-0.075935	-0.157094	0.119065	0.052514	0.123354	0.158531	-0.165522	0.104674	-0.080834	-0.094566	-0.088275	0.053379	0.092097	0.189735	-0.069993	0.029142	-0.004925	-0.012484	-0.115825	0.067618	0.086102	0.077634	-0.094185	-0.392358	-0.048452	-0.046870	-0.046551	-0.015021	-0.101624	-0.154294	0.074347	-0.045963	0.010980	-0.122509	-0.062301	0.111073	0.064263	-0.087819	-0.040368	-0.116662	-0.049399	0.001182	0.131148	0.039415	-0.050033
-0.036592	-0.083292	0.004034	-0.121889	-0.071228	-0.105155	0.051163	-0.125103	-0.022835	-0.050190	-0.030100	0.037157	-0.012902	0.081990	0.005878	-0.028280	-0.008572	-0.110894	0.014958	0.005186	0.053144	-0.110840	0.170997	-0.059266	0.053803	0.174194	-0.205654	0.009622	-0.048736	0.039502	-0.135528	-0.087596	-0.037861	0.041827	-0.039489	0.003244	-0.028667	-0.257673	-0.087092	0.097463	-0.030414	-0.080997	0.059477	0.088989	0.017773	0.073012	0.021484	0.105393	0.080716	-0.003357	-0.111660	-0.179095	0.096204	-0.021501	0.137236	0.073728	-0.021516	-0.228936	0.171932	0.095685	0.081011	-0.080116	0.137121	-0.088611	0.242789	0.038406	-0.123644	0.179432	0.030201	-0.116972	0.024927	-0.053832	0.028320	-0.118690	-0.061476	0.012397	0.184818	-0.156108	-0.087249	-0.028911	0.202000	-0.074679	0.113996	0.037270	-0.211306	0.007255	0.147612	-0.061303	0.030389	-0.018936	0.017154	0.149237	-0.024439	-0.033103	-0.019390	0.036063	0.108277	0.169781	0.105798	-0.005309
0.112961	0.003789	-0.066279	-0.062908	0.088945	0.017919	-0.024322	0.083092	0.003991	-0.151656	-0.113990	-0.105750	0.125046	0.110930	-0.003641	-0.047824	0.136506	0.031900	-0.242660	0.038038	0.020556	0.084013	0.123667	0.044263	-0.028489	0.079942	-0.121126	0.059275	0.042149	0.047952	-0.203707	0.155039	-0.028508	0.112335	-0.068372	0.101110	-0.079896	-0.054358	0.057823	0.106475	-0.074573	0.034374	0.020450	0.321578	-0.130838	0.055038	0.018713	-0.037637	0.102221	-0.077571	0.061422	-0.075384	0.082732	-0.012151	-0.007867	-0.078790	-0.146623	-0.072842	-0.093360	0.141788	0.102449	-0.214415	0.035524	0.000623	0.149294	0.117459	0.032353	0.096569	-0.105862	-0.058865	-0.024100	0.032471	0.142166	-0.159231	0.017553	-0.007641	0.308124	-0.088281	-0.040588	-0.036376	0.025179	-0.043596	0.090929	0.019493	-0.151148	-0.028430	-0.102118	-0.068733	0.061079	-0.122829	-0.009650	0.107961	-0.004144	-0.076902	-0.136379	-0.088047	-0.109150	0.077039	-0.045691	-0.038041
-0.086383	-0.130863	0.023214	0.147688	0.154666	0.150180	-0.124099	0.041109	0.149088	-0.118048	0.086998	0.022045	-0.057629	0.007092	-0.065902	0.000516	0.078993	-0.078891	0.215602	-0.068741	0.025602	0.081759	0.209315	-0.023472	0.159247	-0.038745	0.066458	-0.199232	0.000688	0.162638	0.001394	-0.063427	0.107242	0.016162	-0.046951	-0.021148	-0.046938	0.036527	-0.027238	0.060088	0.043405	-0.068496	0.105252	-0.130153	-0.001220	-0.114718	0.077821	-0.099165	0.043576	-0.051437	0.018676	-0.285229	-0.083003	0.011238	0.155340	-0.103520	-0.154644	0.089847	0.108637	-0.062584	0.025324	-0.065772	0.081568	0.008842	-0.000770	-0.024250	-0.047288	-0.023520	-0.016144	-0.099027	-0.199925	0.059243	-0.007291	-0.184912	0.114394	-0.064951	0.175724	-0.027661	-0.006111	0.035238	0.097560	0.072999	0.139578	-0.112420	-0.119634	-0.047827	-0.030997	0.003867	-0.058595	0.099093	-0.143881	0.001580	-0.139896	0.134844	-0.155946	0.072348	0.140622	0.064378	-0.039196	-0.120890
0.086365	-0.018056	0.131441	0.074671	0.114099	0.106692	-0.053990	-0.038046	0.095550	-0.024248	0.118260	-0.011295	0.081994	0.061904	-0.048999	0.039600	0.156895	-0.080646	0.157311	-0.044759	0.073928	0.108578	0.104955	0.157388	-0.006990	0.041411	0.132376	-0.268360	-0.010057	-0.006772	-0.116209	0.001731	0.099519	-0.018776	0.061645	-0.143381	-0.036593	-0.096105	0.120545	-0.005300	0.033053	-0.088232	0.064975	-0.116009	-0.139458	-0.114421	-0.133398	-0.056561	0.096482	-0.136932	-0.067856	-0.226717	-0.004152	-0.033587	0.170245	-0.091167	-0.205813	-0.097915	-0.002086	-0.042441	0.072937	-0.073832	-0.101329	0.033379	-0.075198	-0.083775	0.007050	-0.084065	0.110264	0.112662	-0.151167	-0.067896	0.076879	-0.052608	-0.030583	0.032278	0.163418	-0.006993	-0.042053	0.015893	0.110206	0.094154	0.098321	0.044387	-0.215968	0.030701	0.043009	-0.038526	-0.075368	-0.076317	-0.212983	-0.085778	-0.166735	0.044149	-0.179767	0.041896	0.040992	0.133066	-0.072505	-0.018314
-0.115532	-0.035790	0.076543	0.018798	-0.018167	-0.032520	0.000564	0.067517	0.063540	-0.026048	0.078522	0.028370	-0.031162	0.154666	-0.002862	-0.020440	-0.016291	-0.206424	-0.003068	-0.175970	0.069338	0.051363	-0.085028	0.186713	0.047746	-0.087980	0.143844	-0.018307	-0.096153	0.164553	0.059519	0.028110	-0.037357	-0.215183	0.086665	0.263003	0.075403	-0.267341	0.095503	0.036514	-0.060893	-0.059483	0.179736	-0.159952	0.067182	-0.029212	0.065562	-0.037908	-0.084584	-0.111041	-0.093911	-0.077004	0.053960	-0.071243	0.156085	0.076297	-0.075290	0.121869	-0.127052	0.033271	-0.109167	-0.085129	-0.061580	0.076250	-0.114460	-0.133584	0.087870	-0.037161	-0.134523	0.012266	-0.054448	-0.082211	-0.055888	-0.005964	0.047681	0.132651	0.032783	-0.014807	-0.155234	0.075759	0.015086	0.123591	0.048632	0.015419	-0.031394	-0.004783	-0.027181	0.057950	-0.202208	-0.015417	-0.139120	0.033393	-0.062970	-0.192993	-0.002561	0.110235	0.145959	0.018445	-0.178713	-0.002630
-0.172611	-0.145146	0.068279	-0.025685	0.079804	0.080827	0.061931	-0.073762	0.178706	-0.085022	0.126536	-0.063753	-0.083399	0.147891	-0.019080	-0.056244	0.125463	-0.048348	0.057789	0.095665	-0.018941	0.008733	-0.091475	-0.064141	0.183884	-0.183894	0.083394	-0.024218	-0.051921	0.088208	-0.005533	0.091730	0.158538	-0.122642	0.025572	0.082301	-0.061417	-0.128139	0.092228	0.013236	-0.052814	-0.026745	-0.136951	-0.129666	-0.002649	-0.158010	0.063753	0.098061	0.036823	-0.106099	-0.266180	-0.063534	0.025725	-0.020666	-0.089899	0.062220	-0.127266	-0.009509	0.040988	0.050882	-0.093820	-0.007508	-0.058779	-0.064297	-0.097470	0.132655	0.002226	0.107787	0.136844	-0.058786	0.055554	-0.036530	-0.033287	0.082792	0.108890	0.234298	0.225169	-0.160230	-0.186299	0.013427	0.135709	0.113737	0.039494	0.066893	-0.000627	-0.048636	0.053648	0.195580	-0.078599	0.031275	-0.099695	-0.122093	-0.113933	-0.040206	-0.037159	0.005082	0.004624	-0.020910	0.021302	-0.140042
-0.059188	-0.033032	0.045814	0.156967	-0.099809	-0.012518	0.224151	-0.042492	0.062427	0.030632	-0.016939	-0.022884	-0.119258	0.005804	-0.015956	0.049685	0.077246	0.004176	-0.123461	-0.140767	-0.111014	0.060136	-0.131825	0.009401	0.089330	0.149507	0.085720	-0.160099	0.009618	-0.158616	0.030188	0.053739	-0.015384	0.006005	-0.075912	0.038027	-0.026075	-0.076568	0.126744	0.152384	-0.106933	0.209539	-0.018465	0.005824	-0.023821	0.140890	0.104992	0.017481	0.049903	-0.237550	0.016015	-0.038760	0.163895	0.082958	0.083501	0.127236	-0.161913	-0.023375	-0.009437	0.248224	0.059097	-0.087632	0.052213	0.085229	-0.018540	0.107076	0.084641	0.071343	-0.062957	-0.075281	-0.075989	0.231522	0.112822	0.063623	0.115998	-0.030138	0.036864	-0.176030	-0.068669	-0.118160	0.027945	-0.203853	-0.056036	0.034068	-0.150311	0.010998	0.065541	-0.027935	-0.073220	0.002831	-0.065903	-0.031490	0.015967	0.006187	-0.174334	-0.029618	0.122360	-0.146934	-0.138563	0.037273
0.026147	-0.007975	-0.014014	0.201388	-0.014816	0.071807	0.074783	0.002657	-0.053547	-0.130905	-0.152068	0.097655	0.167419	0.032629	-0.056907	0.100708	0.012126	0.050804	0.043400	-0.037977	0.028541	-0.127732	-0.006241	-0.017890	0.049785	-0.045835	0.113568	0.164621	0.022777	0.051979	-0.161382	-0.081845	-0.076213	-0.082477	-0.270321	0.019781	0.077205	0.149371	0.113703	0.078004	-0.038344	-0.043111	-0.106004	0.137195	-0.108778	0.136444	-0.049241	-0.192622	0.004931	-0.098388	-0.145883	-0.108328	0.028546	-0.204840	0.124740	-0.206469	0.037891	0.010683	-0.130893	-0.004010	0.056065	-0.120386	-0.071703	0.074274	-0.140003	-0.112244	0.022765	-0.100687	-0.250727	0.075977	-0.032568	0.160973	0.040465	0.095941	0.156201	-0.125580	-0.012228	-0.007551	0.205521	0.050881	0.115326	0.033468	-0.021596	0.020396	-0.082196	-0.041664	0.022918	0.136527	-0.025639	0.082315	-0.123062	-0.041486	-0.012402	0.039727	0.036715	-0.017231	0.045426	0.052845	-0.076580	-0.070932
0.110480	0.119958	0.151912	0.034728	0.018321	0.130923	-0.044788	-0.076854	0.029596	-0.124121	0.086430	0.194854	0.045627	0.059607	-0.110930	-0.121612	0.020234	-0.172785	0.068959	0.112586	-0.050346	0.203337	0.083845	0.173406	0.037703	0.078472	-0.029866	-0.105834	0.009078	-0.023971	-0.054074	-0.016771	0.250520	-0.007734	-0.026406	0.020498	0.102841	0.019622	0.241434	-0.164320	0.033895	0.042112	0.148535	-0.160323	-0.120991	-0.061875	0.007402	-0.103348	0.167875	-0.135636	-0.097783	-0.133608	-0.013275	0.087401	0.092852	-0.176792	-0.088758	0.135223	0.078641	0.019891	0.041366	-0.084481	-0.005383	0.105986	-0.039602	-0.142789	0.082876	-0.026988	-0.025126	0.070378	-0.047922	-0.095281	0.026984	0.005719	0.078659	0.063713	0.148179	-0.114246	-0.025657	0.088101	0.120319	-0.038276	0.067639	0.099696	-0.190675	-0.046707	0.065067	0.082570	0.136516	-0.033232	-0.106279	-0.098145	-0.090216	0.001831	-0.148914	-0.013145	0.084462	0.038516	-0.031835	-0.025850
-0.156920	0.052420	0.044444	0.009453	0.037829	0.078971	0.136728	0.016177	0.064346	-0.146355	0.039791	0.001954	-0.055356	0.124925	0.101952	0.010725	0.068926	-0.067446	-0.000430	-0.011533	-0.144093	0.079772	-0.252183	0.170662	0.062505	0.020041	0.009105	0.031741	0.092831	0.115710	-0.202585	0.061672	-0.061342	0.104492	0.009422	0.106509	-0.010956	-0.111945	-0.013468	0.010994	-0.107067	0.087234	-0.098233	-0.070897	-0.052594	0.071785	0.021989	0.167971	0.093595	-0.035244	-0.048470	-0.081416	0.145887	-0.074858	0.045497	-0.013358	-0.025672	0.214221	-0.055653	-0.000762	-0.117838	0.013196	-0.076822	0.133213	0.008380	0.111922	0.088372	-0.129494	-0.062589	0.010192	-0.069378	-0.072902	-0.043835	-0.032530	0.024364	0.032068	0.013552	-0.226812	-0.217534	0.057279	0.155496	0.053659	-0.055588	-0.011359	-0.105135	0.027741	-0.166402	-0.004534	-0.089522	0.048022	-0.288176	0.005748	-0.018221	-0.203657	-0.149803	0.027035	0.034735	0.059076	-0.216481	-0.057206
-0.071358	0.032767	-0.123865	-0.039643	0.144291	-0.032102	0.080581	-0.050112	-0.021882	0.001681	-0.035406	0.083108	0.128634	0.154997	-0.124969	0.082929	0.018027	-0.070353	-0.051514	-0.180584	0.017824	0.075688	-0.020378	0.062244	-0.043793	-0.097548	0.005567	0.038826	0.029136	0.010621	0.101488	0.048200	0.237046	-0.014609	0.052119	-0.016422	0.039903	-0.091837	-0.053171	-0.044306	-0.060338	-0.123054	-0.071457	-0.010707	-0.191683	0.064802	0.182445	0.084696	0.014591	-0.144190	-0.087090	0.016809	0.061398	-0.145123	0.196459	-0.031606	0.054300	0.035699	0.080769	0.006173	-0.046344	-0.005889	-0.173009	0.088758	0.015242	0.099115	0.117624	-0.069118	-0.135243	0.038875	0.014840	-0.073064	-0.030897	0.079654	0.007427	0.126381	0.059169	-0.185071	-0.162097	-0.004320	-0.147141	0.226208	0.062450	0.031594	-0.221327	-0.206959	-0.123769	-0.145624	0.003704	-0.163557	-0.179660	-0.033681	0.037742	0.132677	-0.058865	0.035200	0.128925	0.006340	-0.100959	-0.122532
0.084715	-0.006344	-0.042781	-0.102516	0.147044	-0.004514	0.096929	0.028078	0.055287	0.068859	0.167332	-0.135902	-0.113916	0.027029	0.009599	-0.063962	0.123675	-0.046396	0.082784	0.023052	0.029384	-0.145762	0.098526	-0.217184	-0.028106	0.046460	-0.061525	-0.075361	-0.001669	0.105339	0.027145	0.013743	-0.024789	0.216889	-0.030974	0.097054	0.139929	-0.151395	-0.088264	0.113864	0.043661	0.036959	0.005706	-0.083842	-0.034150	0.044173	0.038135	-0.005045	0.090082	-0.021591	-0.057845	0.020837	0.013305	-0.012016	0.115233	0.106027	0.069594	-0.179724	0.003196	0.048963	0.038265	0.101393	-0.035531	-0.002048	-0.026915	0.062796	0.089573	0.159491	-0.102272	0.071781	0.130529	0.129908	-0.154496	-0.133358	0.178294	0.032851	-0.009935	-0.036427	-0.133865	0.012079	-0.208484	0.273601	0.015102	0.044568	-0.068761	-0.022553	-0.001517	-0.048918	-0.044486	-0.288314	-0.166791	0.157038	0.075938	-0.086952	-0.048824	0.166958	0.072474	0.156608	0.037770	0.001515
-0.157496	0.027773	0.058429	0.016247	0.013777	0.000828	0.031244	0.190698	0.062124	0.079181	-0.013018	-0.123141	0.042079	0.289372	-0.003944	0.088916	-0.067887	-0.148984	0.176384	-0.079675	0.014718	-0.019106	0.088580	0.021804	0.071395	-0.272292	0.008505	-0.076402	-0.094124	0.025815	0.020057	0.040076	-0.090119	-0.028356	0.095875	-0.193679	0.016379	-0.063426	-0.135879	-0.082646	-0.112366	-0.089571	0.041653	0.015215	-0.111379	0.036078	0.124004	0.083939	0.087425	-0.025941	-0.021898	-0.141668	0.040017	-0.014875	0.101262	0.054902	0.045448	0.095655	-0.044558	0.013692	-0.044384	-0.037652	-0.083747	0.029812	-0.134449	0.192226	0.117908	-0.025937	-0.090677	0.042538	-0.156027	0.051138	-0.100084	0.003213	-0.018150	0.146976	0.130263	-0.100877	-0.287597	0.099032	-0.150309	0.125304	-0.116452	0.038776	0.061711	-0.081152	0.007671	0.076620	0.072291	-0.019949	-0.120025	0.088916	-0.121441	-0.140322	-0.007863	0.016420	0.010296	0.072952	-0.154433	-0.109531
-0.079092	0.050295	0.035303	0.074035	0.046063	0.111029	-0.073488	0.114823	0.010131	-0.126532	0.076629	0.009723	-0.158448	0.247814	-0.118978	-0.005008	0.200813	0.103750	0.091430	0.037424	0.023347	0.126262	0.163611	-0.050977	0.094050	-0.120922	0.096855	0.017762	-0.021652	0.044883	0.033975	-0.109611	-0.081415	0.049261	-0.015333	-0.015262	0.243005	0.010227	0.011812	0.033463	-0.119360	0.117845	0.036809	-0.037863	0.157298	-0.092902	0.059101	0.053701	0.192237	-0.272533	-0.030354	-0.021154	-0.048650	-0.077930	-0.086036	0.049175	-0.028788	0.115827	-0.023153	0.031188	-0.051413	0.102428	-0.062283	-0.138423	-0.004650	0.052106	0.102685	-0.062288	-0.102554	0.085643	0.032188	0.220856	-0.015926	0.076643	0.061010	0.045629	0.039455	0.026819	-0.215356	-0.029350	-0.007842	0.083194	-0.121752	-0.025320	0.066515	0.121835	-0.096146	0.047101	-0.041462	0.047713	-0.144453	0.109804	-0.179404	-0.008697	-0.005104	0.156024	-0.146591	0.047481	-0.179700	-0.026818
-0.152210	0.039348	0.020629	-0.087173	-0.050737	0.067322	0.033809	0.121236	0.142709	0.004983	-0.009758	-0.121551	0.014944	0.261909	-0.025434	-0.050660	0.018445	-0.192618	0.013711	-0.069763	0.113903	0.152468	-0.162151	0.021265	-0.044031	-0.025396	0.060313	-0.122252	-0.021423	0.177209	0.097998	0.154013	0.059694	0.088929	0.029417	0.066099	-0.105026	-0.140992	-0.024383	-0.126851	0.129247	-0.072997	-0.174650	-0.062811	-0.128523	-0.109897	0.051209	0.180221	0.021339	-0.156319	0.024236	0.073722	0.034539	-0.001204	0.019508	0.090798	-0.063494	0.171189	-0.069608	-0.011128	-0.200271	-0.035855	-0.058743	0.160666	0.058831	0.074973	0.171185	0.058728	-0.127617	0.028443	-0.089372	0.116872	-0.094276	-0.096657	0.081823	0.113358	0.065563	-0.098640	-0.121192	0.130655	0.003502	0.099148	-0.052061	-0.145520	-0.014600	-0.086862	-0.021714	0.043765	-0.094475	0.066062	-0.167754	0.131333	-0.014285	-0.086200	0.035245	0.061448	-0.028942	0.099494	-0.106975	-0.097476
-0.001532	-0.096084	0.027521	0.148745	-0.080678	0.195131	0.124542	-0.039097	0.017103	-0.012208	-0.010311	0.053211	0.014743	0.084802	-0.126560	0.106951	0.120814	0.002188	-0.053346	-0.058106	-0.048961	0.019610	0.107303	0.032155	0.093806	0.008407	-0.001933	-0.117815	-0.043459	-0.060721	0.139988	0.160887	-0.042178	0.015336	0.028845	0.044378	-0.076925	-0.117889	0.106871	0.087736	-0.017135	0.220088	-0.065307	0.097281	0.094538	0.143113	-0.091851	-0.080611	0.054541	-0.079119	-0.079311	0.000647	0.014838	0.124695	0.051750	0.089901	-0.120657	0.066380	-0.059401	0.126532	0.042243	-0.194858	0.065161	0.190141	0.027966	0.069893	0.252438	0.087155	-0.050402	0.099436	-0.193148	0.146174	0.108704	0.189969	0.089847	-0.090164	0.156922	-0.170688	-0.041102	-0.207302	0.029372	-0.011738	-0.111789	-0.046218	-0.072538	-0.071897	0.053093	-0.175406	-0.089079	-0.072105	-0.057163	-0.029335	0.045210	0.013182	-0.085425	-0.019447	0.067014	-0.167567	-0.129541	0.000285
-0.230415	-0.066065	0.019525	0.032221	0.033942	0.127159	0.191108	-0.042523	-0.003341	-0.046051	0.058631	0.028831	-0.122109	0.217673	0.078366	0.037856	-0.087870	-0.090554	0.061149	0.082467	-0.122896	0.169170	0.101091	-0.127765	0.076808	-0.032374	-0.005846	-0.038535	0.032910	-0.002697	-0.009170	0.113966	-0.026836	0.033796	0.027498	0.098378	0.018447	-0.107436	-0.137453	0.069206	-0.126784	-0.064585	-0.080446	-0.149370	-0.142410	-0.019894	0.173372	0.049981	0.040083	-0.135779	-0.090371	-0.072980	0.087509	-0.082400	-0.012696	0.132232	-0.057191	0.027254	0.009358	0.086623	0.076406	0.160381	-0.122730	-0.083851	0.019840	0.126689	0.124106	0.063126	0.013666	0.013333	0.136903	-0.205816	0.051471	0.027680	0.163418	0.047610	0.130977	-0.143922	-0.132746	-0.060236	0.139967	0.048377	0.202198	0.048883	-0.034249	0.062469	-0.065787	-0.038031	0.043586	-0.129225	-0.066475	0.000572	-0.155747	-0.055392	-0.078483	0.149507	-0.059180	-0.039012	-0.183278	-0.162820
-0.094536	0.079714	0.095546	-0.092252	-0.061293	-0.076760	0.187005	0.045218	0.116247	0.011631	0.069398	0.011218	-0.067668	0.206209	0.004411	0.124245	-0.007975	-0.087988	-0.006311	-0.056518	0.097489	0.013412	0.073148	0.040903	0.050551	0.050311	-0.100058	-0.123754	-0.081370	0.007879	-0.003865	-0.186488	-0.131211	-0.022960	0.039683	0.125205	0.042869	-0.228756	0.088617	0.223160	-0.036131	-0.158724	-0.010522	-0.056768	-0.121515	0.085955	0.038329	0.055227	-0.002133	-0.067796	-0.069622	-0.069579	-0.020339	-0.148391	0.070312	0.098167	0.024054	-0.147213	0.189478	0.054446	-0.136150	-0.060113	-0.011888	0.045036	-0.013409	0.030986	0.036017	0.060696	-0.053852	-0.076324	0.043251	0.008372	-0.028211	0.058671	0.103717	-0.131728	0.168131	0.013120	-0.132087	0.235738	-0.188769	0.122763	0.135583	0.058880	-0.125220	0.135300	-0.132475	-0.070526	0.028052	0.024970	0.111346	0.073889	-0.117801	-0.038741	-0.025669	0.112879	-0.141654	0.042634	-0.004503	-0.223498
-0.149068	0.127022	-0.010902	-0.045802	-0.018086	0.197639	0.088030	-0.065013	-0.051406	-0.073523	0.217292	0.027378	-0.145560	0.189547	-0.066075	-0.162261	0.124652	-0.121125	0.163144	-0.024535	0.102028	0.066064	0.019405	0.144742	-0.065576	0.068831	0.076485	0.005537	-0.141654	0.144395	-0.007883	-0.038824	0.036660	-0.049276	0.096903	0.015766	0.130670	-0.245544	-0.111849	-0.159848	0.019167	0.130134	0.037023	-0.068167	0.114880	0.045833	0.068738	0.092262	0.029960	-0.163839	-0.094305	-0.103533	-0.076869	-0.009981	-0.012240	0.114813	-0.011395	0.081145	-0.060275	-0.081492	-0.083855	0.096243	0.014434	-0.119586	0.085748	0.193335	0.064439	0.101067	-0.106954	-0.033552	0.003900	0.070403	-0.083823	0.184241	0.170626	0.106897	0.133682	-0.181528	0.028579	0.100743	-0.104520	0.148112	0.108145	-0.036592	0.009486	0.030307	0.132613	0.022802	-0.015752	0.011719	-0.102978	0.020556	-0.069835	-0.023585	-0.067881	0.027956	0.019314	-0.052895	-0.081898	0.032702
-0.000361	-0.024244	-0.107036	0.115529	0.108821	0.095235	-0.032221	-0.146137	0.087146	-0.006866	-0.035726	0.102448	0.081027	0.134763	-0.090884	-0.062551	0.114333	-0.111862	-0.000571	-0.102792	0.032367	0.178750	0.213641	0.038230	0.080336	-0.036728	0.138834	-0.052467	-0.081818	-0.075526	-0.071316	0.005097	0.195890	0.096877	0.018323	0.012121	0.056918	-0.152215	0.176969	-0.228901	-0.009884	0.011974	-0.049634	-0.025482	-0.145250	0.059699	0.088908	0.073838	0.099590	-0.141465	0.039382	0.004296	0.010171	0.025581	0.161486	-0.109874	-0.090981	0.206617	0.042889	0.127458	0.096254	-0.159715	-0.007752	0.105870	0.061746	0.087448	0.149915	0.029827	0.034395	0.070835	-0.204839	0.060452	-0.006251	-0.055672	-0.006175	-0.006695	0.170775	0.021911	0.082494	0.098043	0.128727	0.076998	0.110473	0.066576	-0.071238	-0.013054	-0.029312	-0.195067	-0.079066	-0.101845	-0.106701	0.075214	0.025488	-0.005518	-0.159497	-0.149967	0.122680	-0.045882	-0.005688	-0.086486
-0.078271	-0.118464	0.124876	0.028033	0.053047	0.231018	0.182589	-0.026846	0.166243	0.002642	0.001233	-0.006252	0.060978	0.244544	0.009901	0.036035	-0.020423	-0.160097	0.035081	-0.052427	-0.069177	-0.073059	0.008057	0.082232	0.136891	-0.031091	0.019008	-0.079677	-0.203122	-0.084797	-0.080619	-0.000706	-0.020819	0.157053	0.001505	-0.109506	0.024027	-0.058314	0.034709	0.088709	0.022447	-0.031619	0.209182	-0.039317	0.107742	-0.050598	-0.061651	0.044130	-0.014712	0.141731	-0.037736	-0.101882	-0.051407	-0.007403	0.062476	-0.091109	0.077879	-0.179787	-0.052399	0.219731	0.056129	-0.132907	-0.025657	-0.113400	-0.044884	0.028652	-0.012722	0.127205	-0.071877	-0.059084	0.045512	-0.082951	-0.014226	0.020979	0.040655	-0.057201	0.084623	-0.083575	-0.094285	-0.001758	-0.062888	0.028373	-0.052441	0.046297	-0.118805	-0.010180	0.163749	-0.030208	0.051397	0.007145	0.267032	-0.000692	-0.012187	0.058776	-0.231018	0.242376	-0.034437	0.077696	-0.026186	-0.223675
-0.020417	-0.007040	0.044721	-0.045623	-0.064374	0.146415	0.054555	0.014842	0.251154	0.020994	0.084657	-0.089253	0.005826	0.359477	-0.027533	0.064523	0.130894	0.052729	0.050205	-0.004344	0.027799	0.034794	0.146387	0.041996	-0.001036	-0.037901	-0.015004	-0.094166	-0.088092	0.062006	-0.047922	0.103672	-0.024932	0.054921	-0.096663	-0.042224	0.040672	-0.141176	-0.048905	0.087933	-0.134765	0.218722	-0.054250	0.154484	0.156846	0.032500	0.150710	0.026855	0.058048	-0.029392	0.030449	-0.260248	0.018861	-0.079464	0.041110	0.062048	-0.008800	-0.008415	0.042626	0.076097	0.023863	-0.105775	0.127849	0.037753	0.029551	0.122249	-0.033377	0.265549	-0.008045	-0.053612	-0.080835	0.130086	0.074375	-0.098070	0.192236	-0.025424	0.010016	0.056493	-0.114579	-0.006423	0.097883	-0.181727	-0.139244	0.032472	0.011175	0.028251	0.116074	-0.190843	0.016763	0.116659	-0.041817	0.018666	0.014705	-0.072259	0.012774	-0.036620	-0.124554	-0.128849	0.050540	-0.075859
0.056409	-0.108059	0.058825	0.049907	0.061387	-0.056085	-0.051838	-0.070289	0.110390	-0.108982	0.248795	0.077527	-0.065620	0.166921	-0.085829	0.030328	0.108737	0.056942	0.156209	0.009845	0.177687	0.153111	0.069088	0.036712	-0.093832	-0.031267	0.009397	-0.158776	-0.182804	-0.014733	-0.087640	-0.165410	0.147729	-0.172251	-0.036981	-0.065283	-0.110770	-0.090202	-0.096213	-0.002288	-0.063133	0.012189	0.085197	-0.188652	0.028023	-0.093635	0.125668	-0.012789	0.003562	-0.077228	-0.010998	-0.048211	-0.103662	-0.013509	-0.023196	-0.133950	-0.021224	0.033483	0.047905	0.104280	-0.036701	-0.150975	0.013847	0.208920	-0.067162	0.037826	0.091453	0.121850	-0.078711	-0.044414	-0.059032	0.079998	0.072057	-0.060532	0.096906	-0.015434	0.061223	-0.027503	-0.111085	0.157087	0.102063	0.062069	0.261806	0.010064	-0.011310	0.115972	0.058351	0.087514	0.190700	-0.062178	-0.053670	-0.034126	-0.164852	0.047267	-0.033514	0.056944	0.062763	0.177697	-0.138883	-0.017495
0.095971	0.080974	-0.008991	-0.032938	0.138631	0.108266	0.030002	-0.035863	0.168239	-0.005986	-0.052552	0.010285	-0.007278	0.294960	-0.050736	-0.062853	-0.026264	-0.042826	-0.058140	-0.032973	0.023600	0.058759	0.126868	0.048270	-0.028951	-0.033890	0.145270	-0.118163	-0.011921	-0.012039	-0.105670	0.011884	-0.054746	-0.113667	0.106163	-0.096835	0.069436	-0.156327	-0.031079	-0.088193	-0.068063	-0.053057	0.012979	-0.114676	-0.082296	0.075731	0.035378	-0.133137	0.061922	-0.108379	-0.057412	-0.215046	0.112120	0.017719	0.064372	-0.079182	-0.070504	0.033069	0.075092	0.112168	-0.073119	-0.214652	0.236369	0.272119	0.029289	0.030155	0.047780	0.120802	-0.081067	-0.014972	-0.210514	-0.029440	-0.018585	0.039499	0.184439	-0.069709	0.088427	0.102250	0.044159	0.094747	-0.004350	0.003027	0.181933	0.010298	-0.135405	0.093302	-0.105696	0.028532	0.023400	0.053677	-0.236902	-0.082712	0.107859	-0.028497	-0.131578	0.001886	0.038336	0.002298	0.065031	-0.107193
-0.020033	-0.037903	-0.052229	-0.077268	0.106032	0.178044	0.035109	0.118406	-0.020859	-0.073943	0.152799	-0.041887	-0.104800	0.235010	0.099000	0.038091	0.222069	-0.165900	0.089692	-0.085019	0.007316	-0.146122	0.108386	0.049905	0.011177	-0.067517	0.029010	0.142620	-0.079391	0.154947	-0.198104	-0.015983	0.018397	0.105111	0.058376	-0.062305	-0.021287	-0.061386	-0.168732	0.102604	-0.026315	0.099902	0.004592	0.081107	0.007762	0.129846	0.010306	0.010988	0.071195	-0.039566	-0.108495	0.135480	0.039869	-0.153623	0.042662	0.056006	0.013258	-0.095103	-0.014550	-0.001262	0.129187	0.037617	0.078613	-0.075261	-0.042673	0.004991	-0.012095	0.010728	-0.020443	-0.027214	-0.167832	-0.068893	0.015294	0.030300	-0.015539	0.128306	-0.025036	-0.247920	-0.167640	0.132214	-0.170542	0.168284	-0.056786	-0.142844	-0.047497	0.101318	-0.030743	-0.119325	-0.072918	-0.124604	-0.155612	0.026456	-0.052426	-0.132647	-0.041983	0.099710	-0.070112	0.125425	-0.102849	-0.131464
-0.269401	0.120140	0.059261	0.010373	0.135233	0.098346	0.119700	0.048509	-0.049811	-0.032240	0.016659	0.096644	-0.150444	0.104367	0.085953	0.012858	-0.063138	-0.241384	0.035337	-0.018928	-0.048486	-0.083295	-0.029220	0.142233	-0.098796	-0.003789	-0.122360	0.073630	-0.001541	0.101155	0.100307	0.141538	0.109723	0.078967	-0.095849	-0.036211	-0.110003	-0.097527	-0.068217	0.175740	-0.075309	-0.025830	0.064969	-0.136003	-0.001199	-0.068824	0.114336	-0.001147	-0.025282	-0.021734	-0.062031	0.139125	-0.050180	-0.209410	0.050616	0.025319	-0.023924	-0.103464	0.099369	0.018448	0.063198	0.173112	0.002364	-0.078872	0.043211	0.181501	-0.002531	0.090356	-0.077361	-0.039253	-0.026597	-0.040110	-0.025719	-0.100775	0.151979	-0.022589	-0.003698	-0.257787	-0.104621	0.069098	-0.167946	0.003706	-0.205108	0.005348	-0.115555	-0.030204	0.035252	-0.180054	-0.134537	-0.128517	0.048895	0.109972	-0.008713	0.015919	-0.001438	0.005593	0.125150	0.009997	-0.131068	-0.085645
-0.077148	0.074744	0.025379	-0.027348	0.088794	0.121844	0.238535	0.041441	0.080282	-0.023394	0.125465	-0.074056	-0.169877	0.208955	0.030950	-0.016887	-0.048106	-0.103668	0.070162	-0.040896	0.011758	0.183457	0.021146	-0.015609	0.030581	-0.052864	-0.013109	-0.116381	-0.034814	0.072257	-0.028683	-0.084741	0.080046	-0.016539	-0.023653	-0.014131	0.037864	-0.078923	0.042372	0.074063	-0.028181	-0.146133	0.096143	-0.213959	-0.007268	-0.139599	0.063180	0.234404	0.035113	-0.176936	-0.123776	-0.163106	0.199674	-0.142119	0.158043	-0.011154	-0.001947	-0.049091	0.031509	-0.124950	-0.129583	0.098337	-0.147636	0.073533	-0.000437	0.146727	0.136950	-0.142925	-0.122169	0.083523	0.032200	0.028836	-0.122034	-0.011091	0.181785	-0.022761	-0.055685	-0.068794	-0.072972	0.038254	-0.042132	0.088836	0.132101	0.013187	-0.045630	0.078619	-0.176217	0.071256	0.027163	0.072701	-0.072874	0.106135	0.098987	-0.009489	-0.114096	0.024742	0.115972	-0.042089	-0.156523	-0.046502
0.112952	-0.105619	0.012121	0.252239	-0.040673	-0.015002	0.091741	0.000629	0.100261	-0.081258	-0.028866	0.093793	0.052483	0.024194	-0.026078	0.026840	-0.060902	0.021678	-0.086968	-0.101694	0.000321	0.032049	0.072294	0.087528	-0.149457	-0.115658	-0.005450	-0.077916	-0.183618	0.050228	-0.037607	0.025457	0.001217	-0.032195	-0.094352	-0.015342	-0.038418	-0.023996	-0.039217	0.015653	-0.086312	0.051197	0.113164	0.025057	-0.235503	0.131113	0.035799	-0.063859	-0.055154	0.016259	-0.077190	-0.026579	-0.063696	-0.012201	0.169195	0.031633	-0.242414	-0.179951	-0.077008	0.059457	0.113639	0.098817	-0.089275	0.070924	-0.106723	0.018834	0.161814	0.112019	-0.194030	0.206748	-0.140324	0.248185	0.039238	-0.070997	0.112535	0.020318	-0.099982	-0.148124	0.081275	0.151922	0.046147	-0.101625	0.139098	0.063316	-0.099250	-0.094854	0.033610	0.111436	0.083610	-0.122629	-0.078092	-0.081233	0.049956	-0.011446	-0.076834	-0.106872	0.156624	0.102934	-0.049336	-0.073297
-0.033414	0.134727	-0.068170	0.136837	-0.032247	0.130755	0.006679	0.101123	0.137049	0.065143	-0.209564	-0.003266	0.081617	0.186274	-0.012473	0.149525	-0.012989	-0.030921	0.085172	-0.083944	-0.046250	-0.029595	-0.036722	0.108954	-0.053125	-0.127904	0.146033	-0.049331	-0.006087	0.218487	0.015691	0.078760	-0.070872	-0.041543	-0.072135	-0.087551	0.072174	-0.030074	0.045367	0.020773	-0.200679	0.018947	0.075410	-0.069902	-0.074557	0.022510	0.118392	0.080441	-0.093815	-0.127485	0.141798	-0.112872	0.190232	-0.125553	0.034747	0.155868	-0.028156	0.110508	-0.111880	0.086143	0.012006	0.099444	-0.185150	0.171738	-0.056157	0.135248	0.113454	-0.004386	-0.158887	0.098525	-0.026735	0.073084	0.029390	0.060523	0.289248	-0.002409	-0.077928	0.027857	-0.104274	-0.042655	-0.119494	0.081876	-0.131954	0.099548	-0.016180	0.032243	-0.065446	0.127592	-0.014453	0.062689	-0.161439	-0.082885	-0.099751	-0.069038	-0.051931	-0.052912	0.017092	0.015879	-0.076648	-0.065318
-0.025406	0.063949	-0.020480	-0.095307	0.001181	-0.128486	0.095055	0.105308	0.179686	-0.156136	0.065580	-0.254801	0.070889	0.246947	-0.129898	-0.068280	-0.083491	0.016975	-0.031441	-0.046294	0.144709	0.241953	0.004226	0.063585	-0.077113	-0.057122	-0.031108	0.115822	0.072432	0.174204	-0.180713	0.060220	-0.106071	0.094927	0.135915	-0.004243	0.007234	-0.114399	0.048355	-0.202834	-0.053421	0.071400	-0.166296	-0.032746	0.031578	0.086913	0.115437	0.109779	-0.009317	-0.034428	-0.173341	-0.027396	-0.040002	0.033581	0.076826	-0.027303	-0.061799	0.010675	-0.078101	0.010142	0.056784	0.060114	-0.085780	0.129128	0.064685	0.120467	0.129353	0.002118	-0.164592	0.038451	-0.120964	0.090101	0.035255	0.113357	0.114607	0.143852	0.076440	-0.022021	-0.118879	0.024336	-0.006341	0.110785	-0.071248	-0.088088	0.023442	-0.050396	-0.077154	-0.040478	0.059469	-0.084226	-0.175835	0.009319	-0.028964	-0.087576	-0.160177	0.120538	0.050403	0.028992	-0.053328	-0.098745
-0.024806	0.126907	-0.068941	-0.003694	0.037365	0.075557	0.086265	0.055771	0.136704	-0.092947	-0.000843	-0.108786	0.033381	0.192862	-0.059043	0.025032	0.100351	-0.228546	-0.018665	-0.025717	0.051587	0.096373	0.074870	0.101968	-0.016868	-0.022226	-0.199027	0.055047	-0.036180	0.156617	-0.119455	-0.052552	0.104782	0.124096	-0.038190	-0.097888	-0.183714	0.020075	0.132014	-0.005831	-0.128957	0.015889	0.274639	-0.032413	-0.049429	-0.028388	-0.191724	0.150346	-0.052738	-0.034660	-0.030378	0.003125	0.004438	-0.039065	-0.015433	0.058881	-0.082591	0.012898	-0.091597	0.034787	-0.046089	0.041429	-0.150981	-0.074836	-0.087759	0.055505	0.164800	0.046579	-0.103822	0.025295	-0.095989	0.074803	0.088535	-0.124007	0.000202	0.047697	-0.014824	-0.082969	-0.162907	0.068703	-0.030391	-0.027487	-0.175556	0.043600	-0.011467	0.022699	-0.135172	0.153091	0.121419	0.060299	-0.083303	-0.045996	-0.125577	-0.229783	-0.085785	0.175946	0.007551	-0.003677	-0.189879	-0.142573
0.002165	-0.032037	0.103861	0.179791	-0.053199	0.078774	0.237849	0.103744	-0.095882	-0.058902	-0.080143	0.097197	0.103624	0.030397	-0.090790	0.114855	0.052865	0.033409	-0.015046	0.067202	-0.019331	-0.131433	0.099602	-0.075854	0.145746	-0.008067	-0.006528	-0.052463	-0.009263	-0.121423	-0.036851	0.064442	0.038941	0.040209	0.047080	-0.066728	0.057067	-0.230221	0.101709	0.109275	-0.111080	0.069549	0.060015	-0.019505	-0.067171	-0.030868	-0.030326	-0.066223	-0.124699	-0.038058	0.131696	-0.041192	0.098657	0.006475	0.008586	0.209698	-0.140120	-0.197010	-0.013327	0.196216	-0.066538	-0.175135	-0.067650	0.084060	0.046411	0.101367	0.088530	0.175916	-0.078443	0.223985	-0.116101	0.063104	-0.021430	0.090346	0.009441	-0.137411	0.205507	-0.199920	-0.107758	-0.082778	0.104912	0.037607	-0.090257	-0.005453	-0.066476	0.027653	0.143937	-0.038487	-0.006760	-0.116112	-0.075244	-0.097665	-0.046065	0.036043	-0.030297	-0.039281	-0.049087	-0.149399	0.046434	-0.121271
0.128631	0.070059	-0.064210	0.014961	-0.180538	0.057331	-0.191287	-0.111272	-0.003401	0.022973	0.076058	0.006159	0.034429	0.137872	-0.110153	-0.192858	-0.030612	-0.011122	-0.046359	-0.186361	0.055392	0.140802	0.062842	0.174251	-0.093624	0.025017	0.065956	-0.016869	0.015037	0.119215	-0.192598	-0.009557	0.041910	0.002985	-0.100012	-0.118409	-0.051159	-0.063918	0.095718	0.054305	0.086567	-0.010438	0.047196	0.024261	-0.008724	0.039660	0.027282	0.004467	0.252090	-0.205601	0.076190	-0.071241	0.154115	-0.014619	0.037100	-0.006931	-0.177325	0.000914	0.163770	0.033197	0.049663	-0.129776	-0.087867	0.193734	0.028637	0.036437	0.101772	0.115584	0.146014	0.143814	-0.006371	0.059845	-0.137712	-0.086311	0.061784	0.054057	-0.013511	0.091410	0.007180	0.069502	0.041392	0.109809	0.103996	0.078226	-0.085855	-0.056665	-0.088125	0.112843	0.013033	-0.103250	-0.159585	0.016167	0.080637	-0.185794	-0.171644	0.017098	0.066348	0.122625	-0.147726	0.027617
0.070562	0.093037	-0.006495	-0.049765	0.101512	0.198413	-0.003403	0.155045	0.094384	-0.078824	0.116105	-0.145928	0.002705	0.306581	0.060107	0.018548	0.098110	0.041309	-0.010464	0.067700	0.152240	-0.000157	0.077220	-0.005401	0.091598	-0.027747	-0.044600	-0.035558	-0.043040	0.097735	-0.063619	0.155734	-0.016551	0.110183	-0.062198	-0.012416	-0.051030	-0.087692	0.090345	0.024055	-0.078239	0.035778	0.145649	0.166875	0.145786	-0.124435	0.035982	0.220319	0.030270	-0.133771	0.086357	-0.030402	0.191138	-0.054283	-0.070860	-0.025115	-0.099903	-0.081150	-0.109454	0.079883	-0.040962	-0.110373	0.003512	-0.008528	0.012380	0.129801	0.161843	0.196743	-0.013830	0.058266	-0.170050	0.106382	0.007782	-0.003948	0.103449	-0.021021	0.286640	0.011269	-0.123533	-0.030859	-0.227360	0.009542	-0.040034	0.056467	-0.118284	0.025991	-0.055843	-0.066430	-0.069266	-0.019489	-0.048792	0.092904	-0.041878	0.018504	0.045423	-0.018516	-0.102255	0.022991	-0.092972	-0.103517
-0.078353	0.028368	0.010114	0.036018	0.042462	0.126714	-0.079061	0.050048	-0.004249	0.011441	-0.023415	0.209543	0.078915	0.113469	0.205551	-0.119811	-0.018710	-0.092694	-0.014380	0.073853	0.123544	0.152696	0.047036	-0.093520	0.018789	0.043159	0.030464	-0.109013	0.035215	-0.097059	-0.137384	0.042804	-0.097447	-0.066290	-0.117507	0.122007	0.086407	-0.113973	-0.009437	0.080515	-0.070748	0.080289	-0.029562	0.197349	0.057077	0.000292	0.174756	0.088344	-0.030932	-0.161041	0.055118	-0.140389	0.152482	-0.093300	0.041892	0.109417	-0.092278	-0.064827	-0.279413	0.121539	0.070230	-0.089203	0.119343	0.130047	0.053940	0.068836	0.046011	0.206056	-0.047740	0.078494	-0.039605	0.130559	0.034952	-0.044098	0.148618	0.129475	-0.068089	-0.188099	-0.148973	-0.065827	0.109283	-0.033962	-0.016995	-0.038599	-0.002562	-0.125725	-0.025280	0.011780	-0.074381	-0.105642	-0.075839	-0.065951	0.082340	0.059628	-0.138172	0.104777	-0.038336	-0.145376	0.070577	0.112652
-0.015119	0.128455	-0.012210	0.094189	0.182856	0.165225	-0.020334	0.144218	0.140841	0.159184	0.152684	-0.125660	0.033385	0.224651	0.019665	0.006346	0.163941	-0.008718	0.098964	0.055373	0.085867	0.075185	0.016799	-0.022832	0.217680	-0.029776	-0.040032	0.053951	0.151291	-0.099936	-0.094296	0.057104	0.112896	0.138786	-0.073532	0.041902	0.103193	0.004934	0.086760	-0.103370	0.043359	-0.060909	-0.034450	0.132666	0.021492	0.010990	0.136829	0.174401	0.049083	0.062963	0.104063	0.072955	0.011905	-0.062445	-0.120847	0.050049	-0.005325	0.035219	-0.222050	0.044126	0.052979	-0.138397	-0.070595	0.003977	0.032227	0.058270	0.047285	0.064486	0.041253	0.232532	-0.094586	0.136815	-0.099487	-0.138980	0.089307	0.057422	0.128474	0.005694	-0.235935	0.023238	0.043495	0.049512	-0.043426	0.083424	-0.008545	-0.037311	0.037862	-0.023873	0.062232	-0.095898	-0.116017	-0.034600	-0.139573	0.013764	0.019212	0.171137	-0.094654	-0.158921	-0.010744	-0.060926
-0.077422	-0.056469	-0.097121	-0.104244	0.026678	0.038948	0.143303	-0.014677	0.169440	-0.072474	0.073121	-0.091872	-0.110013	0.184627	0.078267	0.071569	0.011313	-0.051511	-0.019343	-0.061453	0.166827	0.238447	0.102913	0.119112	-0.019061	0.043136	-0.037885	0.018938	-0.037816	-0.001060	-0.010169	-0.071479	0.103602	0.075462	-0.014854	-0.085903	0.007905	-0.115501	-0.072163	-0.130916	-0.194778	0.074390	-0.031129	-0.102659	0.038741	-0.005258	0.062234	0.045148	-0.053568	-0.167305	-0.226974	0.045748	0.068920	-0.046135	0.068698	0.140520	-0.103604	0.049517	-0.075174	-0.030073	0.009930	0.198888	-0.133629	0.083104	0.000746	0.159936	0.100422	0.065170	-0.103432	-0.019202	-0.147384	0.000675	0.087354	-0.053379	0.209629	-0.017879	0.042565	-0.054459	-0.300010	0.116339	-0.098812	0.142735	-0.012759	0.011678	0.012106	-0.099703	-0.083818	0.109590	0.039381	-0.030743	-0.171063	0.122177	0.063748	-0.176670	-0.018454	0.097343	0.031992	0.017707	-0.040955	-0.054809
-0.043000	-0.128499	-0.078853	0.011985	0.067472	-0.036060	-0.031837	-0.052234	0.093657	0.101540	-0.018375	-0.055027	-0.148492	0.172607	0.068289	-0.024726	0.097195	-0.267840	-0.075889	-0.028259	0.076223	0.011970	0.014940	0.154593	-0.094853	0.009366	0.123575	0.121632	-0.076255	0.069195	-0.069882	-0.042021	0.071851	-0.013670	0.183688	-0.143820	0.015562	-0.147160	-0.154217	0.071195	-0.116885	0.025554	0.189059	0.015756	-0.081673	0.035053	-0.163728	0.034774	-0.043544	-0.152588	-0.088123	-0.020221	-0.130770	-0.079128	0.066964	0.024492	0.017334	0.076499	-0.032189	0.029260	0.186230	-0.010023	-0.034446	-0.154439	-0.045002	0.208382	0.061245	0.108608	-0.036694	-0.132716	-0.156451	-0.043378	-0.082464	-0.070891	-0.039654	0.082351	0.070856	-0.043330	-0.146504	0.137416	-0.160329	0.053598	0.005600	0.089872	-0.045642	0.010445	-0.238810	-0.030541	0.046549	-0.112268	-0.058984	-0.055005	0.100376	-0.140361	0.013948	-0.106311	0.031391	0.129229	-0.071483	-0.171935
0.044007	-0.007166	-0.068722	0.093427	-0.026860	0.040585	0.067192	0.060966	0.166442	-0.144437	0.071492	0.106429	0.105187	0.014975	-0.117982	0.021042	0.045311	0.005252	-0.013955	-0.019495	0.040424	0.232373	-0.049248	0.038879	-0.050566	0.009492	0.142196	0.100415	-0.034876	0.106848	-0.057917	0.093823	0.064690	0.135562	0.035635	0.004290	-0.077336	-0.024532	-0.068457	-0.036681	-0.078037	0.099817	0.090620	-0.032274	-0.098103	0.009422	-0.055221	0.082920	0.024757	-0.259870	-0.066562	0.045838	0.070919	-0.079379	-0.007803	0.010298	-0.113771	0.079493	-0.075894	-0.011996	0.158159	0.029064	-0.096468	0.141595	-0.015043	0.127142	0.115812	0.013432	-0.068520	0.133202	-0.082698	-0.018494	-0.034970	0.213344	-0.038810	0.039650	0.071853	-0.149615	-0.213608	0.185227	-0.051968	0.178179	-0.009935	-0.045450	-0.138317	-0.135675	-0.182791	0.006683	-0.083669	-0.101225	-0.241007	-0.100405	-0.221701	-0.117074	-0.100229	-0.046543	0.153926	0.071681	-0.032567	-0.022123
-0.093582	0.005587	-0.008755	0.131035	-0.062979	0.005604	0.080877	0.102791	0.030396	0.077325	-0.020567	-0.121816	0.036396	0.040496	0.115452	-0.008581	0.033715	-0.100027	0.030293	-0.038415	0.035504	-0.077013	0.045297	0.141989	0.009954	-0.093453	0.007665	-0.018082	0.011262	0.273884	-0.011706	-0.021904	-0.023098	0.132349	-0.084847	0.049842	-0.081742	0.095926	0.029775	0.125254	-0.225065	-0.111194	0.170222	-0.031789	0.051022	0.027042	-0.022591	0.163833	0.011898	0.061003	0.000513	-0.184255	-0.065394	-0.201671	0.115215	-0.017401	0.135214	0.003850	-0.057952	0.025013	-0.092261	0.018014	-0.095547	0.011205	-0.121792	0.127110	0.135279	0.063493	-0.089058	0.177214	-0.110063	0.230333	-0.080929	-0.059306	0.136826	-0.098113	0.026378	-0.257368	-0.081177	0.034596	0.006202	-0.084207	0.131818	0.100084	0.023142	0.031648	-0.016675	0.158922	0.098907	0.001287	-0.071955	0.096492	0.057566	0.156739	0.016713	-0.010421	-0.214381	-0.102912	-0.131480	-0.082992
-0.204514	-0.119125	0.122594	-0.124501	0.014803	-0.105376	-0.043971	0.073767	0.069067	-0.203023	0.187180	0.052097	0.014585	0.094522	-0.028198	0.035522	0.095221	-0.131718	0.014731	-0.186971	-0.031863	0.154110	0.138862	0.067775	-0.000499	0.047201	0.047594	-0.093952	0.026082	0.226952	-0.098451	0.068921	-0.059366	0.082940	-0.082523	0.155965	0.033293	-0.062350	-0.095806	0.021990	-0.010754	-0.052964	-0.007223	-0.072574	-0.016727	-0.010859	0.057718	-0.012449	0.065478	-0.092768	-0.291119	-0.047866	0.077654	-0.008004	0.065525	0.049338	-0.011225	0.047961	-0.039266	-0.066050	-0.007608	0.091234	-0.070615	0.120450	-0.098333	0.065704	0.132169	-0.087169	-0.153422	0.081742	-0.014885	0.026686	-0.015786	-0.070423	0.150260	0.065835	0.038359	-0.041334	-0.170769	0.106946	-0.184451	0.147803	-0.040284	0.015325	-0.197409	0.033572	-0.016701	-0.026500	-0.034793	0.045762	-0.181706	-0.016733	-0.146355	-0.033010	-0.256548	0.117733	0.046430	0.059801	-0.052467	-0.012588
-0.144410	0.046951	0.043716	-0.107231	-0.048857	0.102510	0.124472	-0.004753	0.138602	0.046654	-0.057163	0.038533	-0.018248	0.197943	-0.021334	-0.037398	-0.000531	-0.229994	-0.008998	-0.034416	-0.053805	0.172663	-0.000878	0.153285	0.092029	-0.136756	0.064094	0.081108	-0.012362	0.101057	-0.041703	0.157637	0.186024	-0.081511	0.155635	0.055839	-0.090291	-0.149098	-0.053074	-0.103707	-0.033666	0.044683	0.018657	-0.191182	-0.192388	-0.099664	-0.030444	0.061658	-0.054711	-0.152003	-0.073059	-0.102211	0.091318	-0.050754	0.058887	0.066823	-0.117278	0.156746	-0.100806	-0.109508	-0.113550	-0.017672	-0.083224	-0.170184	-0.219421	0.010572	0.020957	-0.038496	-0.157747	0.064470	-0.128415	-0.159768	-0.063426	0.039419	0.141244	-0.043367	0.032301	-0.097845	-0.118314	0.005887	-0.021802	0.132278	-0.054347	-0.065357	-0.028475	-0.042136	-0.136568	-0.000762	-0.124422	-0.010683	0.018551	-0.077173	-0.114212	-0.014518	-0.093696	0.052095	0.002510	0.072153	-0.073398	-0.175823
0.168139	-0.180980	-0.086174	-0.246146	0.015419	0.076010	0.037985	0.083902	-0.011289	0.100205	0.091793	-0.052759	-0.101579	0.066558	-0.076523	0.000833	0.235497	-0.083868	0.142936	-0.028333	0.064443	0.000135	0.079335	-0.025201	0.257975	-0.176937	-0.023293	0.166093	-0.043547	-0.078688	-0.134767	-0.046234	0.087000	0.007835	-0.036624	-0.114417	-0.005253	-0.093438	0.056566	0.134022	0.085472	0.032848	0.005620	0.114487	0.030193	0.223227	-0.069856	0.054651	0.049927	-0.273987	-0.057905	0.020823	-0.015986	0.008276	0.012196	0.063333	0.018476	-0.116945	0.007495	0.144975	0.063411	-0.028653	0.056478	0.000922	-0.016653	0.070122	0.015402	0.060766	-0.049204	-0.061361	-0.127007	0.262526	0.001112	-0.003706	0.004091	0.007766	0.076811	-0.023612	-0.169902	-0.102493	0.037118	0.045349	-0.054994	-0.047936	0.107661	0.192262	-0.051161	-0.029513	-0.059874	-0.058961	-0.062725	0.026627	-0.128574	0.024773	0.096226	0.165464	-0.102649	0.038472	-0.052181	-0.130068
-0.154093	0.085114	-0.068571	0.072095	0.045885	0.105831	-0.037500	-0.012815	0.091333	-0.127478	0.044051	0.025081	-0.049013	0.037399	-0.059482	-0.062944	0.218743	-0.109432	-0.022924	0.003578	0.174063	0.057573	0.174888	0.188828	0.114417	-0.030316	-0.033018	-0.012852	0.141454	0.045742	-0.138063	-0.009905	0.119604	0.103013	0.061518	0.010040	0.065019	0.003558	-0.124830	-0.037734	-0.080210	0.019956	0.074708	-0.036207	-0.095022	-0.059968	-0.137160	0.051218	0.087663	-0.086048	-0.036872	0.081285	-0.036141	-0.234238	0.088411	0.066867	-0.024135	0.055458	-0.065070	-0.005685	-0.029162	-0.058799	-0.150521	0.029055	-0.069458	0.266164	0.148190	-0.041014	-0.075951	0.040629	-0.009101	-0.035528	-0.032692	-0.034978	-0.045202	0.063287	0.090137	0.026983	-0.127844	-0.034055	-0.049723	0.159363	0.026225	0.121604	-0.121346	-0.055908	-0.298106	-0.172587	-0.029707	-0.163060	-0.252090	-0.018401	-0.045180	-0.026023	-0.138879	0.043702	-0.061188	0.060626	-0.121368	-0.062454
-0.113045	-0.068228	0.177174	-0.028079	-0.137981	0.124885	-0.049645	-0.053012	-0.151756	-0.153569	0.130931	0.110796	0.185826	-0.017843	0.067906	0.017570	0.045936	-0.052241	0.013181	0.154923	0.093967	-0.181442	-0.165533	-0.108553	-0.167267	0.202294	-0.053777	0.105647	0.104785	0.144926	-0.030698	0.181951	-0.076494	0.102607	0.009748	-0.035754	-0.112810	-0.057955	-0.056750	0.123607	0.113447	0.021868	0.090156	-0.117502	-0.000710	0.131141	0.001196	-0.074506	0.043559	-0.022041	-0.146186	0.027860	0.015439	-0.084697	0.096080	-0.080629	-0.067589	0.015765	0.018234	-0.108932	0.080919	-0.070565	-0.054348	0.074476	0.055418	0.015561	0.162907	0.132683	-0.108981	0.045445	-0.059555	-0.093263	0.009373	-0.050533	0.178805	0.042680	-0.088825	-0.049066	-0.021919	0.115453	0.089469	0.082019	0.055954	0.058637	-0.096016	0.059745	-0.175717	-0.191857	-0.079318	0.000993	-0.038190	0.063502	-0.078377	-0.109588	-0.012389	-0.110240	-0.052023	0.023001	-0.148338	-0.192896
-0.052647	0.182936	0.069570	0.057060	0.112258	0.118109	0.100784	-0.082873	0.075113	-0.040556	0.047388	0.019285	0.090071	0.079817	-0.073540	-0.022755	0.049982	-0.175195	0.044053	-0.207190	-0.102296	0.098244	0.073401	0.161260	-0.041847	0.009457	0.035501	0.089966	0.087014	0.176179	-0.137215	0.088252	0.044132	0.147824	0.163246	0.157356	-0.075044	-0.070065	0.032599	-0.072587	-0.045585	0.039317	-0.027408	0.062957	-0.082346	0.060191	-0.083932	0.189168	0.111992	-0.107377	-0.036917	0.179268	0.043643	0.034938	0.017465	-0.110752	-0.069826	0.099524	-0.127803	-0.023994	0.033124	0.139414	-0.023550	0.145860	0.069989	-0.027398	0.108529	-0.281482	-0.074182	0.178261	-0.085554	0.060252	-0.011945	0.012786	0.160277	0.020628	0.068302	-0.142711	-0.118231	0.033350	-0.098961	0.044729	-0.081798	-0.061805	-0.109225	0.013496	-0.094542	0.052726	0.050956	0.025581	-0.202635	0.074042	0.046902	-0.033118	-0.057834	0.032493	0.108699	0.150573	-0.145977	-0.062883
-0.060297	0.062548	-0.134854	0.049466	0.141867	0.057012	-0.002614	-0.006486	0.037010	0.079520	-0.110886	-0.070163	-0.080338	0.169373	-0.005721	0.100513	0.010738	-0.155716	-0.010156	0.013412	0.135364	0.077485	0.105934	0.148872	0.131409	0.062058	-0.004659	0.062909	0.093554	0.035717	0.093845	0.061811	0.057113	-0.025992	0.033000	0.024602	0.055026	-0.090857	-0.192905	-0.019314	-0.198518	0.178074	-0.078960	-0.073568	-0.180087	0.165140	0.082457	0.065742	0.010047	-0.114163	-0.003762	-0.059225	0.053080	0.023942	0.061332	0.128886	-0.058257	0.097157	-0.044272	-0.022426	0.034384	-0.005361	-0.080055	0.036188	0.034918	0.170877	-0.035437	-0.090895	0.020961	0.042822	-0.163782	-0.047493	0.115079	0.050869	-0.035859	0.020244	0.163922	-0.055425	-0.262365	0.066473	-0.006804	0.025637	0.012733	0.141416	-0.131232	-0.017959	-0.243273	-0.003705	-0.086075	-0.145923	-0.251863	0.099988	0.087771	-0.154193	0.058320	-0.172556	0.042434	0.053886	-0.118304	-0.015792
-0.069185	0.028149	-0.222266	-0.040796	0.026520	-0.010357	0.052860	0.065867	0.046201	0.032872	0.074776	0.006804	0.013175	0.004105	-0.172539	-0.008403	-0.112015	-0.236229	0.004283	-0.059649	-0.090262	0.186101	-0.147436	0.092841	0.097005	-0.149857	0.021417	0.138149	0.084999	0.188413	-0.019407	0.083452	0.029438	0.025887	0.123352	0.006408	-0.009275	-0.190809	0.084170	0.030218	-0.106572	-0.109541	0.086697	-0.019564	-0.145809	0.009717	-0.070035	0.122738	-0.044344	-0.221874	0.074076	0.018975	0.078774	0.063379	0.142001	0.065604	-0.131271	0.204037	0.095601	-0.058730	0.046542	-0.008584	-0.001052	0.038591	0.054877	0.079096	0.076217	-0.025650	-0.002990	0.024964	-0.109288	-0.128914	-0.137691	0.108138	0.133154	-0.071384	-0.061338	-0.055900	-0.060109	-0.040695	-0.091124	0.058643	0.014433	-0.032147	-0.195936	-0.017418	-0.039495	0.057084	-0.025275	-0.156541	0.036617	0.077417	-0.094093	-0.144605	-0.032843	-0.112156	0.286503	0.100889	-0.015899	-0.117176
0.042333	0.156087	0.067597	-0.080223	-0.069859	0.055470	0.057624	-0.076200	-0.088568	0.056613	0.074401	0.017430	-0.051853	0.130791	0.180161	-0.058867	-0.020110	-0.101168	-0.021106	0.081077	0.180665	-0.139812	-0.107829	-0.004978	0.008855	0.094632	0.059283	0.151332	0.178483	0.042766	0.034126	0.072545	0.015961	-0.126682	0.109502	-0.037907	-0.132574	0.055372	0.046325	0.122319	-0.120022	0.054647	0.115926	-0.018375	-0.015955	-0.096775	-0.084947	0.081947	-0.184766	0.007384	0.100418	-0.204541	-0.018506	-0.116271	0.147442	-0.110114	-0.004768	-0.207849	-0.078706	-0.190588	-0.030176	-0.027589	-0.201865	-0.028873	-0.072690	0.011792	-0.006991	0.060198	-0.133214	0.167502	-0.042698	0.056193	-0.015706	0.059280	0.223118	0.077240	-0.036810	-0.154948	0.082837	-0.064646	-0.050348	-0.005039	-0.169225	-0.064763	-0.125981	-0.015312	-0.123044	-0.040680	0.060690	0.016638	0.030835	-0.040359	0.116711	0.018767	0.173819	0.080977	-0.090703	0.074979	-0.174294	-0.073869
-0.006673	0.020091	-0.016969	-0.062599	-0.014491	0.114186	0.075921	0.083508	0.090753	0.036652	0.135133	-0.153228	-0.027664	0.086727	-0.084596	-0.031133	0.077748	-0.071175	0.037729	0.081633	0.077359	-0.016168	0.117581	-0.030710	0.056652	0.074942	0.017819	0.081071	-0.232468	-0.006146	0.010893	0.091659	0.080620	-0.157728	0.106722	-0.058739	0.023666	0.024530	-0.054545	-0.100118	0.070156	0.103592	0.038070	0.039933	-0.059045	0.135256	-0.148673	0.114234	0.104023	-0.166518	0.121485	-0.019693	0.111856	-0.061362	-0.043577	-0.005168	0.025978	-0.059005	0.044598	0.025107	0.022581	0.002749	-0.036522	0.020136	0.134932	0.048390	0.093921	0.005601	-0.062029	-0.043492	-0.056489	0.018907	0.279055	0.189541	-0.118091	0.014463	0.020021	-0.360097	-0.076266	-0.129826	0.121257	-0.048468	-0.009261	0.149594	-0.098386	0.122933	0.126214	-0.084541	0.051955	0.070162	0.176471	0.076713	-0.063205	-0.068788	0.001273	0.150201	-0.178980	0.055827	-0.209602	-0.066106
0.049014	-0.019581	0.125777	-0.053739	-0.013623	0.064641	-0.109530	0.068277	0.030621	-0.057898	0.033744	-0.073157	0.023924	0.195349	-0.074015	-0.018374	0.105218	-0.217315	-0.093760	-0.058196	0.194296	0.159786	0.254684	0.025803	-0.028923	-0.093364	0.024848	-0.228386	-0.120819	-0.027678	-0.135921	-0.057035	0.058472	0.060153	0.032625	-0.068404	0.003291	-0.184236	0.042816	-0.092944	0.073717	0.108967	0.108132	-0.223551	-0.132431	-0.062107	-0.086474	-0.147725	-0.040053	-0.194394	-0.000829	-0.077864	0.068729	0.044468	0.072084	-0.021567	-0.152077	-0.118213	0.059783	0.097182	-0.018184	-0.017461	-0.017977	0.088012	0.028910	0.078097	0.115782	0.084516	-0.013813	-0.111075	-0.126767	-0.073688	0.084200	-0.055230	0.034552	0.008144	0.157968	0.053871	0.012037	-0.058423	-0.006613	0.020529	0.034843	0.018446	-0.135724	-0.157847	0.136052	-0.011750	-0.014700	-0.048788	-0.028963	-0.177463	-0.040390	-0.019184	-0.174375	0.157135	-0.041477	0.173337	0.001939	-0.088306
0.042447	0.105869	0.008953	0.044908	0.120061	-0.034738	-0.212542	0.046875	0.173342	-0.064418	0.105096	0.098677	-0.110885	0.151190	-0.080151	-0.138248	0.171126	-0.090790	0.133276	-0.066569	0.165270	0.127208	0.087485	-0.024136	0.003380	0.093985	-0.017581	-0.114857	-0.129162	-0.010754	-0.088042	0.013809	0.154713	-0.031393	0.125807	0.066190	0.157021	-0.245657	-0.015533	-0.177955	0.081710	-0.063169	0.014268	-0.064696	-0.041364	-0.132628	0.109613	0.235224	0.066480	-0.038596	0.020207	-0.107430	-0.005230	0.040622	0.036682	-0.061717	0.068011	-0.026413	0.078821	0.054259	0.015027	-0.079382	0.012124	0.101463	0.130524	0.153365	0.065241	0.039618	0.028996	-0.127286	-0.028251	0.001754	-0.108816	-0.076239	0.092979	0.026176	0.072581	-0.062616	0.076363	0.063404	-0.103172	0.173983	0.201793	-0.009231	-0.053775	0.153515	-0.071952	-0.083190	-0.061380	-0.002496	-0.067575	-0.022110	-0.075649	0.064640	-0.139866	-0.104290	0.023936	0.165582	-0.141749	-0.005162
-0.131087	0.082092	-0.098998	0.116787	-0.054202	0.011305	-0.046996	0.033702	0.124867	-0.123452	0.075249	-0.177194	-0.034847	0.086005	-0.107974	0.071926	0.061685	-0.175215	-0.010229	-0.002824	0.039235	0.170900	0.027670	0.148601	0.004739	-0.116111	-0.022964	0.085676	0.066161	0.007727	-0.026579	-0.084392	0.129022	0.226602	0.002386	-0.042054	-0.052142	0.066479	-0.020070	0.078441	-0.027933	0.069591	0.147597	-0.108304	0.131513	-0.061024	-0.057995	0.015969	-0.015570	-0.105621	-0.164282	0.071833	0.065171	0.026748	-0.069077	0.110301	-0.145794	0.130375	-0.050859	0.122976	-0.032617	0.032018	-0.039277	-0.079218	0.000279	0.138930	0.123900	0.038408	-0.045009	0.047040	0.141543	0.093674	-0.252852	0.093437	0.088224	0.087905	-0.065792	0.034703	-0.270519	0.112111	-0.156875	0.027775	0.053962	0.069574	-0.062005	0.004949	-0.013377	0.200042	-0.189443	-0.043989	-0.070926	0.174397	-0.088633	-0.113929	-0.080267	0.104225	0.051357	-0.105528	0.011668	-0.036527
-0.079076	0.112055	-0.142983	0.153676	-0.054236	0.161327	-0.056327	-0.006094	0.129993	-0.174672	0.154808	-0.025285	-0.022403	0.167713	0.006064	0.189238	-0.002578	-0.086068	0.091370	-0.040514	0.238536	0.274211	0.062713	0.121006	0.038588	-0.113178	-0.023605	-0.083723	0.009503	-0.006305	-0.101267	-0.075392	0.047535	0.013505	-0.019671	0.097728	0.016556	-0.025632	-0.019983	-0.033010	0.007766	-0.008442	0.204760	-0.184574	0.083624	-0.096933	0.009050	-0.016093	-0.001165	-0.117839	-0.142750	0.045156	0.087380	-0.029244	0.035214	0.046879	0.093238	0.010706	-0.121521	-0.004967	-0.129383	0.035779	-0.113673	0.114125	0.021592	0.160231	0.217569	0.079193	-0.011421	-0.007925	-0.004038	0.072485	-0.117020	-0.084240	0.106682	0.002999	-0.000922	-0.082370	-0.322130	0.104276	-0.125054	0.063169	0.041074	-0.055841	0.034957	-0.042571	-0.028196	0.129896	-0.049649	-0.007009	-0.033077	0.106492	-0.099024	-0.089150	-0.055839	-0.050901	0.020531	-0.060765	-0.043047	-0.103301
-0.050040	0.050160	-0.098285	-0.040196	0.041522	-0.017534	-0.048281	0.014255	-0.033317	-0.064110	0.004328	-0.123221	0.033692	0.034510	0.097066	0.011258	0.136729	-0.289208	-0.003605	-0.064603	0.192159	-0.035425	0.045381	0.057665	-0.002914	-0.137148	0.020000	-0.063142	-0.088622	0.026075	0.039927	-0.112379	-0.003136	0.014267	-0.007541	0.102892	-0.014685	-0.170618	-0.029364	0.070659	-0.122674	0.036471	0.020517	-0.092527	-0.048990	-0.054675	0.138284	0.054291	-0.076331	-0.340711	0.110839	0.065196	0.131620	0.037784	0.113250	0.025068	-0.028675	-0.007600	0.042388	0.025045	-0.178745	-0.068579	0.023230	-0.001236	0.126000	0.120390	0.117144	-0.062642	-0.139658	-0.028109	-0.014712	0.106856	-0.157417	-0.103340	0.243043	-0.002904	0.045408	-0.090543	-0.215200	0.121848	-0.097930	0.199696	0.095304	0.046753	0.051072	0.000368	-0.094117	0.065788	-0.068676	-0.093426	-0.085612	0.074905	0.098850	-0.038508	-0.044018	-0.153046	-0.050855	0.154679	-0.110743	-0.128745
-0.143059	0.220134	-0.110106	0.001168	0.088302	0.189600	-0.063770	0.149588	0.052422	-0.079068	0.026972	0.026599	-0.054411	0.012090	-0.013801	-0.067318	0.054734	-0.140843	0.079616	0.032187	-0.004255	0.047439	0.101980	0.082977	0.051849	-0.095336	0.005415	-0.139358	0.016540	0.201679	-0.078531	0.016266	0.067374	0.204790	0.065549	-0.024255	0.075299	-0.085147	-0.089340	0.189730	0.042517	0.093873	0.160202	0.017557	0.001087	-0.058750	-0.051014	0.105430	0.149146	-0.132735	0.010531	0.031066	0.016651	-0.134836	0.110474	0.110563	-0.037333	-0.009618	-0.069517	0.055016	-0.020862	0.034640	0.085207	-0.129972	0.072828	0.162457	0.126280	0.110458	-0.078425	-0.052688	-0.084253	0.111423	-0.118261	-0.032142	-0.000397	0.168077	-0.016459	-0.104777	-0.133659	0.131981	-0.056756	0.228640	0.033196	0.033562	0.064225	0.016935	-0.242263	0.100950	-0.041554	-0.056473	-0.145816	0.064925	-0.085752	-0.102084	-0.110011	-0.038230	0.069181	0.108642	-0.087336	-0.161528
-0.144028	-0.027428	-0.174012	0.091473	0.108171	-0.019098	0.068253	0.009009	0.129535	-0.029139	0.094650	-0.121957	-0.092791	0.107415	-0.042329	-0.035356	-0.031162	-0.019563	-0.078250	-0.056934	-0.209140	0.195089	-0.053461	0.075703	-0.142454	-0.158278	0.137325	0.059813	0.145122	0.044073	-0.156155	-0.016315	0.007710	0.226869	0.022615	0.081230	0.090822	0.050807	0.001614	-0.026191	-0.179314	-0.036176	0.089053	-0.006881	-0.038582	0.099490	0.038298	-0.046343	0.071527	-0.148398	-0.159631	-0.043620	0.046184	-0.078879	-0.031706	-0.069838	-0.021676	0.158451	0.049838	0.111066	0.162143	0.081516	-0.077238	0.138700	-0.007722	-0.010340	0.137838	-0.003375	-0.072948	0.095571	-0.034161	0.089834	-0.031490	0.008611	0.169796	0.027888	0.138015	-0.080536	-0.264767	0.084145	0.115153	-0.031530	0.080462	-0.021773	-0.162710	0.052899	-0.063889	0.008149	-0.041542	-0.139898	-0.149055	0.072645	-0.020226	0.026550	-0.151284	-0.008053	-0.040754	0.084257	-0.133900	0.132422
-0.025555	0.089606	0.020343	0.108739	0.050047	-0.086906	-0.076263	-0.043152	0.012953	0.136081	-0.034591	0.004180	-0.059893	0.040601	-0.136197	-0.065636	-0.015044	0.116889	0.011966	-0.018776	-0.003153	-0.029327	-0.063258	-0.000705	0.012464	0.006410	-0.067617	0.024803	0.110023	0.043581	0.028301	0.090070	0.137041	0.168549	0.089860	-0.093974	0.132356	-0.007154	-0.014887	0.029434	0.131927	0.022248	0.085174	0.081638	-0.198174	0.058732	0.025502	-0.012527	0.013408	-0.137689	0.054724	0.004289	0.013300	-0.025886	0.020563	0.259476	-0.026768	0.037127	-0.031749	0.005395	0.149530	-0.010647	-0.102309	0.033687	-0.054118	0.121065	0.097017	-0.000763	-0.189697	0.178390	0.100560	0.130232	-0.193760	0.104557	0.076008	-0.001531	-0.046944	-0.046994	-0.196507	-0.031506	-0.165623	0.266154	-0.035681	0.074778	-0.122903	-0.019257	-0.185019	-0.017476	0.124407	-0.237359	-0.271467	0.073407	-0.100883	-0.005335	-0.088240	0.013211	0.150989	0.078658	-0.078404	-0.015424
-0.208807	-0.139771	0.043766	0.103061	-0.155364	0.047841	0.032334	-0.088557	0.062784	-0.027655	-0.006911	0.085050	-0.129013	0.138838	-0.075775	0.119846	0.128332	0.088017	0.119569	0.036405	0.046087	0.021835	0.062603	0.036769	0.007593	0.061568	-0.076497	0.009727	0.032060	0.041333	0.160629	-0.089798	-0.146469	0.009669	-0.081385	-0.109907	0.147758	0.017030	0.063134	-0.005613	-0.047657	-0.104619	-0.161654	-0.164528	0.010282	0.115248	0.232901	0.061107	0.017103	-0.127963	-0.096323	-0.123783	-0.027431	0.013004	0.084085	0.057732	-0.142496	-0.036090	0.039267	0.092790	0.125486	-0.003219	0.001537	-0.009109	0.022323	0.011857	0.049118	0.051442	-0.084254	-0.012129	0.042091	0.068706	0.121671	0.117793	0.089087	0.027854	-0.008591	-0.302734	-0.158968	-0.052646	0.104087	-0.039992	-0.036292	0.141425	-0.166895	0.041761	0.215234	0.166520	0.109326	-0.063645	0.001973	0.111568	-0.071244	0.041992	0.072698	0.191434	-0.049526	0.077613	-0.058022	-0.139506
-0.085385	-0.109893	0.081065	0.197872	-0.030872	0.159739	0.021494	0.038816	0.006098	-0.175689	0.012159	-0.043326	-0.190499	0.215309	0.119558	0.002454	0.045491	-0.003126	0.026904	0.162421	0.136844	-0.033364	-0.012459	-0.015272	0.089353	-0.031367	0.009929	-0.042674	-0.102813	0.098675	0.135761	-0.087311	-0.170832	-0.068947	-0.096058	-0.023559	0.114942	-0.153486	0.040070	0.078035	-0.145109	-0.064912	0.130642	-0.104822	0.081355	-0.080195	0.090607	0.158155	-0.074456	-0.213812	-0.100624	-0.024245	0.098579	-0.167378	0.058099	-0.072181	-0.066688	-0.072343	0.021808	0.118961	0.033689	0.099924	0.028617	-0.249506	-0.013810	0.013621	0.062742	0.079065	-0.129345	0.037109	-0.016578	-0.023501	0.044940	0.030565	0.142444	0.087657	0.031435	-0.218145	0.007866	0.159066	0.106449	0.025601	-0.012141	0.122094	-0.123149	0.018657	0.109608	0.126437	-0.077824	-0.007439	-0.056946	0.150218	0.015101	0.069034	0.004568	0.067980	0.001685	0.017849	-0.113600	-0.125126
0.030458	0.090987	0.090012	-0.002100	-0.065050	0.079236	-0.010511	0.077747	-0.057669	-0.013048	0.089456	-0.050234	0.058901	0.145842	0.019306	0.024654	0.063190	0.030003	-0.025679	0.133592	0.086422	0.033495	0.126572	-0.149291	0.059263	-0.155063	-0.106226	0.184361	-0.022387	0.001695	-0.042124	0.151642	0.172464	0.055501	-0.153152	-0.102564	0.016809	-0.171212	0.031097	0.043833	0.046869	-0.003341	0.060295	0.044776	0.020843	0.024474	0.083417	0.118256	0.214451	-0.114212	0.106464	0.153854	-0.024900	-0.062915	-0.141783	-0.127438	0.100454	-0.048282	-0.042815	-0.039622	0.147108	-0.142268	-0.173904	-0.020879	0.053312	0.181142	0.013888	0.107799	-0.023921	-0.018387	-0.053830	0.270792	-0.093288	-0.078600	0.018247	0.008728	0.036494	-0.026633	-0.051822	-0.068778	-0.038048	-0.163443	-0.211052	0.087892	0.004850	-0.142086	0.081555	-0.222969	0.043460	-0.084776	-0.032233	0.120066	-0.191516	-0.063323	0.097381	0.051735	-0.107253	-0.029019	0.030780	0.091635
-0.060867	-0.105920	0.014465	-0.062038	-0.026457	0.118508	0.041052	0.206079	0.167155	-0.048208	-0.065394	0.222813	0.006545	0.045244	-0.090881	-0.038065	-0.091464	-0.130571	0.160497	-0.035314	-0.023733	0.044502	0.095370	-0.082407	-0.010255	-0.006793	-0.109596	0.151995	0.005174	0.175737	0.160263	0.053170	0.121048	0.032208	0.054704	-0.092428	-0.047454	-0.146920	0.135389	-0.076947	0.028593	-0.102880	0.051584	-0.037896	0.040023	-0.012064	0.075895	0.170621	0.016347	-0.100272	0.239154	-0.108014	0.036053	-0.047841	-0.047493	-0.038027	-0.165021	-0.160259	0.020907	0.203205	0.014130	-0.054431	-0.113886	-0.020091	-0.051617	0.208821	-0.002803	0.154882	-0.006166	-0.038895	-0.021019	0.121503	0.143798	-0.107919	-0.046061	-0.012465	0.087543	-0.067799	-0.077229	0.012816	0.113750	-0.160200	-0.172389	-0.095589	-0.041955	-0.088309	0.166045	-0.061915	0.034902	0.100175	0.073913	-0.078591	-0.179869	-0.016629	0.084012	0.013917	-0.062794	0.036678	-0.092346	-0.022068
0.068900	0.087402	0.009638	-0.068168	0.189753	0.153845	-0.086037	-0.059715	0.016845	0.045077	0.034693	0.006233	0.183778	-0.090381	0.150297	-0.145602	0.118043	0.070600	-0.058692	-0.076715	0.049179	-0.012998	0.111513	0.083999	0.020982	-0.045494	-0.061431	0.069777	0.024583	-0.084219	-0.101535	-0.003284	0.155002	0.012181	0.006502	0.056896	-0.069941	-0.075970	-0.095149	0.090424	0.007110	0.143267	0.041327	0.152428	0.039259	0.035323	0.004910	0.030546	0.003703	0.033518	-0.049734	-0.043622	-0.051950	-0.031121	-0.111571	0.185231	-0.183810	-0.103315	-0.102302	0.240127	0.073393	-0.207866	-0.118436	-0.033800	0.105142	0.109816	0.051744	0.190520	-0.050899	0.002193	0.046069	0.007915	0.004490	-0.112872	0.168212	0.046999	0.097121	-0.057603	-0.168213	-0.068729	-0.141400	0.007501	0.112741	-0.025844	0.027579	-0.001541	0.176916	-0.184016	0.107453	-0.177037	0.079058	0.186112	-0.092981	-0.055512	-0.084544	0.119031	-0.122691	-0.128176	-0.052442	-0.015254
-0.026152	-0.098432	0.140384	0.147889	-0.059174	-0.046005	-0.108702	0.157085	0.199100	0.006875	-0.008004	-0.043942	0.004340	0.114101	-0.155719	0.082168	-0.012947	-0.104263	0.008913	-0.031068	0.154134	-0.017592	-0.058321	0.005230	0.186103	-0.108313	-0.024559	-0.100212	-0.002490	-0.078337	0.009526	-0.038926	-0.050678	-0.042556	-0.014357	0.075336	-0.041115	-0.027196	-0.126840	0.190253	-0.002966	-0.094708	0.085577	0.034793	-0.007633	0.007010	0.092240	0.203342	-0.007465	-0.074332	-0.195654	0.036135	0.117675	-0.157843	0.184769	0.115017	0.036321	0.037406	-0.039994	0.090961	-0.013952	0.082703	-0.120410	0.009258	-0.154624	0.166159	0.071806	0.017133	-0.142262	-0.021689	-0.050757	-0.063585	0.145169	-0.120396	-0.030850	-0.204120	-0.074702	-0.089305	-0.139170	0.106034	-0.051559	0.078743	-0.115885	0.022085	-0.220936	0.128883	-0.000809	0.053209	0.133913	0.063737	-0.103444	0.063696	-0.100691	0.051146	-0.159541	0.121880	-0.086854	-0.077478	-0.105588	-0.075689
-0.002222	0.084455	0.032807	0.199304	0.028255	0.003327	-0.094021	0.134783	0.069264	-0.034400	-0.142586	-0.021643	0.043465	0.201106	-0.119227	0.005736	-0.038107	-0.209673	-0.082901	-0.002825	0.221166	0.067415	0.094381	0.154457	0.202689	-0.045063	-0.034856	0.122260	-0.079319	-0.025994	-0.005104	-0.095785	0.034729	-0.082018	-0.096252	-0.109180	0.088894	0.080879	-0.172430	0.034430	-0.049930	0.101076	0.109960	-0.103274	-0.142986	0.004036	0.034053	-0.086023	-0.101033	-0.125738	-0.219591	-0.086646	-0.103888	-0.129368	0.098423	0.125820	-0.066744	-0.171476	0.030089	0.070815	0.098634	-0.049158	-0.092349	-0.105199	-0.032488	0.038792	0.095626	0.005346	-0.146897	0.012687	-0.128536	-0.078268	0.087137	-0.044120	0.071770	0.018061	-0.043995	0.149605	-0.132066	0.229340	-0.055664	0.100254	0.029655	0.079514	-0.030278	0.017225	-0.064899	0.087392	-0.028294	-0.004343	-0.089682	0.027690	-0.193661	-0.078507	-0.086953	0.074325	-0.053940	0.005707	-0.042791	-0.107635
0.113134	0.026106	0.101525	-0.003264	-0.037026	0.018299	-0.059713	0.063693	0.096285	-0.089733	-0.119371	-0.188210	-0.067105	0.139814	0.050708	0.048074	0.111628	-0.165118	-0.009709	0.036944	-0.003980	0.103606	0.175950	0.012649	0.072965	-0.117338	-0.056434	0.069055	-0.196382	-0.027368	0.019842	-0.161134	0.045017	-0.047979	-0.011583	-0.113167	0.038402	-0.018722	-0.172317	-0.017578	-0.026604	-0.029442	0.099075	0.019289	-0.182820	-0.063092	0.151125	0.132444	0.012473	-0.064371	-0.026600	-0.169625	0.027776	-0.235767	0.109594	0.081082	-0.061338	-0.281670	0.032894	0.125720	-0.126392	-0.033473	-0.050882	-0.094459	-0.019257	0.243000	-0.016340	-0.039513	-0.057905	0.054190	0.022339	-0.048421	0.147220	-0.204488	-0.036913	-0.080466	-0.110626	0.071411	0.072630	0.078739	0.086097	0.067491	0.071370	0.081885	0.088895	-0.096976	0.066615	0.073595	-0.052115	0.028227	-0.084460	0.128749	-0.154854	-0.025491	0.127994	-0.031198	-0.132244	0.043295	-0.087276	0.039730
0.050330	-0.008805	0.063694	0.084298	0.043765	-0.112069	-0.078387	-0.160134	0.113049	0.003055	-0.222546	-0.000132	0.041403	0.239742	0.082828	-0.140490	0.066921	-0.037587	0.008033	-0.073020	0.042997	-0.049945	-0.083885	0.284627	0.113019	-0.115081	-0.096860	0.091011	-0.125328	-0.076284	-0.087003	-0.069542	0.067641	0.050808	-0.067204	0.025255	-0.078325	0.100071	-0.081604	0.055832	-0.187108	0.007487	-0.017144	0.086117	-0.014835	0.031622	0.065399	-0.004839	-0.212308	-0.033935	-0.055069	-0.155183	-0.013223	-0.036722	0.004384	0.049584	-0.112727	0.017381	-0.112570	0.154846	0.033382	-0.059645	0.034572	0.090331	-0.044376	0.011864	0.006785	0.105365	-0.113905	0.090642	0.042531	0.033941	-0.028983	-0.060988	0.116059	-0.059252	-0.012988	0.035536	-0.155438	0.008278	-0.003078	-0.000942	-0.034079	0.190985	-0.161055	0.052526	0.009314	0.060948	0.036328	-0.191103	-0.319218	0.142454	-0.061362	0.066065	0.045482	-0.011611	0.151954	0.040789	-0.046138	-0.176068
0.147171	-0.006435	0.013629	-0.121298	-0.028848	0.041252	-0.004196	-0.037584	0.022446	0.059182	-0.104580	-0.104735	-0.051757	0.158964	-0.230981	0.024178	0.170013	-0.108837	-0.023241	0.129636	0.083772	0.140934	0.190041	0.033001	0.125279	-0.032325	-0.046041	0.010726	-0.212751	-0.033329	-0.118254	-0.043769	-0.010221	-0.101016	0.063896	-0.021192	0.044203	0.053951	-0.136810	0.011958	0.167558	0.075834	0.074683	0.084446	-0.069879	-0.108374	0.015459	-0.010006	0.074386	-0.113545	-0.085314	-0.152724	0.075256	0.036947	0.030665	0.103508	-0.022283	-0.065998	0.082386	0.065232	0.127110	-0.076595	-0.000907	-0.108174	-0.082830	0.178765	0.030026	0.005173	-0.156258	0.020743	0.080392	-0.150050	0.145164	-0.040963	-0.097870	-0.033696	-0.090642	0.044871	-0.165700	0.053978	0.018458	0.079413	-0.060709	0.044856	0.011728	0.153939	0.038536	-0.068584	0.001000	-0.030518	-0.201168	0.039915	-0.330096	-0.115731	0.053217	0.132552	-0.049363	0.139350	-0.034906	-0.099900
0.114085	0.089051	0.119873	0.114868	-0.024266	-0.059579	-0.089547	0.156064	0.163390	-0.038136	-0.187064	-0.067175	-0.088754	0.171901	-0.088460	0.026031	0.096963	-0.054721	-0.098727	-0.120382	0.159238	0.120200	0.151997	0.104336	0.070836	-0.017556	-0.067971	0.052740	-0.013807	0.003149	0.048843	-0.101131	0.101542	-0.026671	-0.126823	0.135226	0.063851	0.101327	-0.190744	-0.032402	0.022044	-0.069930	-0.027187	0.006397	-0.114511	-0.064755	0.059262	0.083206	0.004749	-0.121655	-0.093392	-0.074166	0.025830	-0.181791	0.190551	-0.010141	0.040631	-0.062055	0.225389	0.108802	-0.012531	-0.195015	-0.063389	-0.000853	0.071560	0.074413	0.091069	-0.047289	-0.159346	-0.067576	0.041429	-0.139720	-0.015960	-0.087861	0.019460	-0.103891	-0.037617	-0.048237	-0.051460	0.152346	-0.068207	0.125407	-0.026822	-0.034361	-0.177775	0.002133	-0.072533	-0.080984	-0.038376	-0.014826	-0.006914	0.035508	-0.202560	0.080701	-0.119248	0.158921	-0.188860	-0.042208	-0.101793	-0.012886
0.161218	0.075844	0.015559	0.017934	0.040441	0.039795	-0.109713	0.181848	-0.018086	-0.077958	-0.126998	-0.001519	0.028318	0.031665	-0.036706	-0.115187	0.156282	-0.171766	-0.045287	0.072969	0.094342	-0.022279	0.029377	0.055220	0.125360	0.021339	-0.022566	0.150911	-0.084984	-0.112719	-0.137737	-0.100539	0.138371	-0.072663	-0.024954	0.030485	-0.034129	0.002495	-0.115523	-0.087085	0.184650	0.107532	0.076595	0.080219	-0.137633	-0.037831	0.129189	0.100906	0.065786	0.056030	-0.073796	-0.101864	0.092242	-0.222349	0.066807	0.150694	-0.131342	-0.156256	0.095203	0.238852	0.118890	-0.148228	-0.145910	0.033631	-0.061489	0.146808	0.080479	0.037101	-0.087674	-0.031056	0.072309	-0.147555	0.093890	-0.019613	0.032735	-0.039123	0.092218	0.138032	-0.042991	0.152244	0.087335	0.160431	-0.055893	-0.051199	0.067873	0.043461	-0.104490	-0.104395	-0.007972	0.074651	0.048376	0.118220	-0.140213	-0.134705	-0.099117	0.031248	-0.107832	-0.062060	0.042804	0.028641
0.032509	-0.068702	0.030913	0.128970	0.111217	-0.065073	-0.012399	0.092770	0.062428	-0.138351	-0.178740	0.064163	-0.117802	0.188512	-0.035485	-0.089219	0.145896	-0.046155	0.126842	-0.145760	0.097674	-0.051468	0.012755	0.140118	0.185773	-0.162057	0.001159	0.069233	0.024208	-0.004379	-0.029833	-0.066961	0.054432	0.054162	-0.170974	0.040547	0.006298	0.160213	-0.010806	0.036085	0.014166	0.052036	0.136968	0.075551	-0.067840	0.090410	0.112103	-0.025703	-0.041045	-0.039373	-0.118205	-0.085142	0.018412	-0.097187	0.221668	0.128472	-0.217649	-0.092655	0.045431	0.100718	0.155322	-0.001774	-0.072748	0.056685	-0.194560	-0.020029	0.125385	-0.080364	-0.137568	0.060643	0.072278	0.051687	0.036972	0.051738	0.103744	-0.065438	-0.028741	-0.012459	-0.181092	0.160787	-0.053989	0.256911	0.004581	-0.011604	0.044214	0.189090	-0.057972	0.054173	-0.003902	-0.066261	-0.080256	0.089134	-0.114459	0.015955	-0.097470	-0.023174	-0.000015	0.063577	-0.118234	-0.091414
0.006829	0.045440	0.036079	-0.025619	0.199187	0.024896	-0.056385	-0.063974	0.153932	0.110083	-0.088847	0.124916	-0.028038	-0.103287	-0.126601	0.045655	0.023964	-0.138947	0.020392	0.081423	0.032785	-0.003722	0.066904	0.051965	0.053725	0.027162	0.037363	0.129527	0.039189	-0.068620	0.143717	-0.034326	0.130305	-0.083752	-0.130855	0.000871	0.019135	0.093579	-0.016105	-0.064912	-0.204409	-0.028849	0.109034	-0.078579	-0.301460	-0.100893	0.068520	-0.005440	0.056351	0.094691	-0.115564	0.015301	-0.080647	0.004374	0.053811	0.145032	-0.075036	-0.086650	-0.161104	0.208924	0.123995	-0.002829	-0.094211	-0.063561	-0.139818	0.102086	0.083270	0.053336	-0.149703	0.044807	0.067414	0.008045	0.237364	-0.070569	0.207036	-0.035722	0.027730	-0.033249	-0.056786	0.165805	0.067092	0.001968	0.021605	0.100638	-0.017712	0.038591	0.011248	-0.102536	0.073354	-0.028154	-0.014901	0.104036	-0.265660	-0.042361	0.012272	0.201525	0.100361	0.000213	-0.024625	-0.103044
-0.056715	0.050181	-0.044255	0.124004	0.034651	0.045130	-0.196365	0.058673	0.100751	-0.042777	0.001612	0.074341	-0.038209	0.143154	-0.015042	-0.157888	0.167331	-0.064361	0.053530	-0.065134	0.224036	0.018495	0.056213	0.153519	0.127412	0.109862	-0.145156	0.069748	-0.108362	-0.020229	-0.042186	-0.010295	-0.142030	0.089577	0.017326	-0.041741	0.026126	0.085526	-0.124879	-0.054666	0.041017	-0.035913	0.096288	0.004419	-0.073567	0.011663	0.052318	0.063692	0.029415	0.055004	-0.137145	-0.052132	-0.024537	-0.044481	-0.023965	0.223797	-0.125565	-0.188704	0.025482	0.168852	0.105619	-0.057835	0.036050	-0.042309	0.044227	-0.053460	0.071867	0.134604	-0.143733	0.023489	-0.045796	0.064146	0.008134	-0.169420	0.094287	0.106069	0.036450	-0.005762	0.023716	0.099581	-0.114637	0.154311	0.026808	-0.055450	-0.049619	0.025533	0.231629	0.066516	0.168260	0.020496	-0.010819	0.228443	-0.166950	-0.019692	-0.103815	0.245469	-0.009922	0.105243	-0.036073	-0.114309
-0.099869	0.061624	0.011386	0.069628	0.167236	0.002398	0.021776	0.071039	0.195323	-0.048825	-0.044262	-0.064000	-0.077142	0.176145	0.046261	-0.092583	0.052319	-0.013162	0.017141	-0.020852	0.056350	0.095901	0.082417	0.094746	0.118862	-0.172389	0.004843	0.034131	-0.118224	-0.017816	-0.216285	-0.156006	0.075093	0.053817	-0.059896	-0.007150	0.062309	0.145560	-0.067711	0.038961	-0.023455	-0.083098	0.018338	0.036247	-0.044880	-0.020321	-0.039014	-0.034132	0.024121	-0.214912	-0.214651	-0.119055	-0.104536	-0.111898	0.106314	0.034240	0.083798	-0.089665	-0.008815	0.012155	0.183642	-0.094817	-0.099796	0.087068	-0.140301	0.117587	0.059004	-0.007576	-0.118881	-0.006602	0.060611	0.025419	-0.029028	-0.142114	0.055208	-0.176785	0.051167	-0.086397	-0.193632	0.146029	-0.060223	0.188105	0.181185	-0.067965	0.034252	0.201364	-0.107344	0.072967	0.004337	0.076931	0.011019	0.148216	-0.034978	-0.032364	-0.049066	0.004969	-0.073334	0.012586	-0.233486	-0.087218
0.003622	0.019542	0.059404	0.065441	0.055155	0.054794	-0.020145	0.189827	0.044966	-0.113016	-0.064198	-0.038512	-0.021520	0.074686	-0.055699	-0.097996	0.190369	-0.125009	0.049913	0.027585	0.065976	-0.060250	0.076141	0.114323	0.141238	-0.058532	-0.028357	0.009096	-0.144467	-0.038432	-0.112149	-0.153884	0.024371	0.062013	-0.051279	0.115079	-0.011681	0.152013	-0.152666	0.110128	0.036498	-0.173869	0.194197	0.061901	-0.102561	-0.126358	-0.009639	-0.022165	0.052930	-0.076452	-0.147699	-0.122273	-0.050542	-0.115682	0.016610	0.019026	0.030310	-0.245070	-0.168397	0.115750	0.088512	-0.053386	0.021933	-0.130127	-0.043475	-0.056500	0.060378	-0.016451	-0.136959	-0.027767	0.121628	-0.088647	0.129435	-0.141645	0.111389	-0.085291	0.053864	-0.078333	-0.035932	0.154719	-0.034567	0.155250	0.005746	0.034034	-0.076303	0.076709	0.093629	-0.025821	0.100906	0.066144	-0.138359	0.206916	-0.163043	0.074956	-0.009175	0.147748	-0.004982	0.172850	-0.151524	0.016627
-0.133122	0.032227	0.075450	0.152433	0.111743	0.056429	-0.194729	0.093486	-0.013291	0.013815	-0.215719	-0.037231	-0.127771	0.155005	-0.038508	-0.047540	0.113652	-0.025603	-0.010656	-0.056742	0.150440	0.125676	0.097584	0.040802	0.213685	-0.025921	-0.095199	0.042308	-0.063465	-0.013019	-0.006454	-0.085691	0.042435	0.021545	-0.187627	0.012061	0.087785	0.050564	-0.021226	0.032393	0.004832	0.008918	-0.010309	-0.165385	-0.119476	-0.026628	0.169501	-0.064224	-0.034290	-0.078703	-0.153755	-0.155523	-0.044488	-0.103286	0.095904	0.160536	0.001242	-0.130556	0.047138	0.169998	0.150858	-0.050033	-0.112108	-0.028277	-0.169534	0.059318	0.110871	-0.029158	-0.042754	0.001764	0.086614	0.080666	-0.078307	-0.117044	0.152853	0.025240	-0.002867	0.029233	-0.205826	0.129777	-0.057044	0.071536	-0.012552	0.013412	0.068745	0.044015	0.053410	-0.011926	-0.064842	-0.087305	-0.246562	0.228686	-0.165025	-0.094493	0.004113	0.047405	0.022474	-0.009903	-0.021418	-0.002329
-0.021518	-0.182493	0.119820	0.093917	-0.032844	-0.003987	-0.009459	0.020538	0.232800	-0.032394	0.031213	0.003436	-0.197409	0.099548	-0.068673	-0.018987	0.123026	-0.168047	0.088168	-0.147053	0.146836	-0.049801	0.053376	0.043099	0.126389	-0.122357	0.003453	0.002918	-0.136018	0.000471	-0.055522	-0.139703	-0.008628	-0.030630	-0.023436	-0.005875	-0.012695	-0.140600	-0.101896	0.056143	0.166337	-0.071795	0.168165	0.117570	-0.055244	-0.071670	-0.021257	-0.024985	-0.056601	0.067001	-0.158056	-0.127067	0.019964	-0.206805	0.109107	0.023564	-0.141743	-0.239994	-0.037576	0.214778	-0.007007	0.003560	-0.102458	-0.118819	-0.086625	0.034523	-0.087260	0.013176	-0.066076	-0.159679	-0.104019	-0.041946	0.125546	-0.175282	0.018887	0.007689	-0.105992	-0.131277	-0.026505	-0.047224	-0.014728	0.166586	-0.038085	-0.051430	-0.107949	0.009563	-0.074285	0.034083	0.031671	0.062395	-0.039483	0.063335	-0.075089	0.080507	-0.083099	0.134829	-0.179519	0.125461	0.026739	0.001287
-0.116495	0.001154	0.038841	-0.105559	0.100173	-0.029981	-0.068338	-0.142455	0.210510	-0.054574	-0.115022	-0.036121	0.017876	0.039776	-0.006832	-0.127855	0.022408	-0.162178	-0.018192	-0.014086	0.173718	0.085954	-0.072657	0.000646	0.084946	-0.012298	0.046543	-0.053698	-0.187357	0.036949	-0.028483	-0.078625	0.118826	0.013528	0.006973	0.048031	-0.079379	0.081625	0.022034	-0.133127	0.070710	-0.103382	0.022537	-0.062501	-0.057700	-0.093618	0.186606	0.106212	0.132245	-0.026801	-0.160358	-0.242745	0.128577	-0.066508	0.287145	0.062733	-0.179268	-0.160290	0.129531	0.105983	0.066370	-0.119973	-0.063545	-0.069502	-0.019620	0.103508	0.071490	0.011703	0.033757	-0.111382	0.100632	-0.047964	0.067536	-0.000208	0.105531	-0.008058	-0.038523	-0.030887	-0.111921	-0.052381	-0.133246	0.071456	0.229191	-0.000851	-0.150927	-0.030126	-0.039442	-0.062207	0.007768	0.047143	0.055979	0.205427	-0.149649	-0.017046	-0.085602	0.057543	-0.044115	0.134396	-0.015288	-0.019949
-0.012427	-0.125038	0.018244	0.075679	0.081330	0.006517	-0.198069	0.162303	0.094176	-0.042067	-0.031327	-0.009274	-0.051695	0.100641	0.002086	-0.139436	0.230636	-0.144266	0.040263	-0.049278	0.058472	0.069497	0.013682	0.122569	0.048045	-0.051821	-0.084681	0.087119	-0.173397	-0.017992	-0.047511	-0.238501	0.080428	0.067769	-0.182326	0.070622	-0.020386	0.077231	-0.237363	0.064274	0.081689	0.006911	-0.000541	0.023450	-0.056605	-0.112253	0.061843	0.077541	-0.014453	-0.128193	-0.189617	-0.106997	0.011918	-0.148279	0.101761	0.102154	-0.041562	-0.129931	0.084568	0.179567	0.071963	0.037148	-0.016282	-0.030562	-0.059056	0.014581	0.096289	0.149206	-0.030945	-0.109035	0.091235	0.011913	0.128467	-0.283951	0.139523	-0.064370	-0.054254	-0.041825	-0.077464	0.169304	-0.014334	-0.002431	0.005511	-0.001484	0.058263	-0.045988	0.031196	0.088508	0.075019	0.016102	-0.150518	0.099519	-0.076351	-0.005496	-0.137971	0.074236	-0.059021	0.112724	-0.114183	0.009755
0.002885	0.125058	-0.040405	0.152840	0.124797	0.101117	-0.152584	0.143450	0.118410	0.019553	-0.147291	-0.034803	-0.002055	0.205602	-0.105170	-0.043615	0.124966	-0.214324	-0.033951	-0.035617	0.171240	0.049784	0.053528	0.218456	0.084148	0.069975	-0.114581	0.055753	-0.050209	0.152188	-0.155719	-0.065541	-0.107363	0.111645	0.007578	0.060544	0.107335	0.084222	-0.125112	-0.021166	-0.122579	0.007284	0.081153	-0.134867	-0.056505	-0.033340	-0.039720	0.027999	0.141749	0.040257	-0.113187	-0.147103	0.060570	-0.096756	0.180877	0.035234	0.059772	0.015102	0.099137	0.157579	0.137685	-0.095294	-0.039087	-0.056987	-0.129241	0.151670	0.089535	0.094590	0.011449	0.075836	0.043187	-0.025311	-0.051014	-0.109674	0.075193	-0.010116	-0.017762	-0.002050	-0.094588	0.106266	-0.236173	-0.038041	-0.019046	-0.050087	-0.067984	0.042865	0.010107	0.090324	0.050263	-0.081222	0.080088	0.047557	-0.077269	-0.129697	0.006301	0.151594	-0.147226	0.105713	0.026654	0.083546
-0.026159	0.101240	-0.093746	0.036665	0.010193	0.098527	0.107236	0.145508	0.142943	-0.015405	-0.063845	-0.057724	0.065638	0.167392	-0.103757	-0.095715	0.023745	-0.202335	0.062535	-0.028770	0.096213	0.099036	0.121445	0.052870	0.171492	-0.083479	0.059290	0.104136	0.072888	0.025064	0.030949	-0.184045	0.159808	0.003158	-0.025241	0.007235	-0.022490	0.105292	0.070397	0.005838	0.120402	0.044672	0.173409	0.057096	-0.028869	0.131611	-0.072734	0.030369	0.101814	-0.062856	-0.021830	-0.184059	-0.059725	-0.239659	0.297343	0.055532	-0.124090	-0.150510	0.089793	-0.044042	0.129846	-0.011942	-0.158103	-0.080172	-0.063184	0.001272	-0.043376	-0.014717	-0.067511	0.062849	-0.077322	0.115690	0.045326	-0.013654	0.089029	0.095393	0.004899	0.010028	-0.049923	0.219207	-0.041622	0.053876	-0.050375	-0.057867	0.084422	-0.033887	-0.137422	0.104527	0.099688	0.137196	-0.031744	0.113254	-0.067162	-0.120056	0.118039	-0.110197	0.031467	0.124294	-0.102673	0.003639
0.004939	0.050809	0.039100	0.010949	0.004384	-0.024391	0.027102	0.110998	0.077032	-0.033232	-0.278941	0.094775	0.078022	0.224552	-0.023600	-0.123997	0.032311	-0.096948	-0.010024	-0.013699	0.127595	0.106326	0.204284	0.127012	0.122843	-0.171682	0.036580	-0.022092	-0.082272	-0.051273	-0.011756	-0.088178	-0.040270	-0.069620	-0.211208	0.063523	0.040430	-0.042863	-0.037385	-0.038194	-0.013313	-0.095354	0.147979	-0.041353	-0.141208	-0.135078	-0.035467	0.092591	-0.033876	0.030842	-0.162236	-0.200216	-0.116920	-0.181072	0.109464	0.200878	-0.245059	-0.098521	-0.036829	-0.010766	0.051795	0.001260	-0.166776	-0.044218	-0.032856	-0.013409	0.143115	-0.132147	-0.061865	0.114117	-0.019153	-0.031003	0.056663	-0.097427	0.128352	-0.029224	0.073854	0.108077	-0.038706	0.071931	-0.105492	0.094692	-0.107174	-0.022625	0.027268	0.107366	0.006234	-0.064201	0.080862	0.028779	-0.062466	0.108261	-0.112851	0.046171	-0.016655	-0.049515	0.116508	-0.075076	-0.040444	-0.146373
-0.012708	0.065450	-0.037475	0.056223	0.106403	0.020005	-0.091422	0.082087	0.141821	-0.086733	-0.171276	-0.137642	-0.017094	0.049355	-0.065519	-0.183164	0.099470	0.019041	-0.075993	-0.091577	0.126468	0.154969	0.021552	0.127152	0.091809	0.049521	-0.086292	-0.034985	-0.011089	-0.033750	-0.016239	-0.264109	0.005965	0.021122	-0.126758	0.124679	0.049885	0.221404	-0.097134	-0.067494	-0.003809	-0.088200	-0.032086	0.031741	-0.118417	0.067403	0.136881	-0.096690	0.001686	-0.054836	-0.269605	-0.197246	-0.062403	-0.114616	0.221089	0.171471	-0.077692	-0.012928	0.076320	0.031747	0.102406	0.043066	-0.121173	0.004106	-0.062516	0.090483	0.112171	0.038227	-0.138855	0.027141	-0.113795	0.104511	0.149578	-0.183357	0.192974	0.019380	0.014393	-0.003315	0.008724	0.175770	0.038169	0.039714	0.066910	0.123213	-0.025406	-0.088681	-0.021660	-0.020650	0.055873	-0.056637	-0.090296	0.053978	-0.109103	-0.063529	0.020114	-0.000193	0.078860	0.023278	-0.052833	-0.038873
-0.062694	-0.054406	0.074742	0.174482	0.073549	-0.044610	-0.072599	0.024478	0.166052	-0.022175	-0.228177	0.072023	-0.084621	0.082734	-0.078195	-0.082028	0.144434	0.101793	0.168607	0.022107	0.081776	0.140801	-0.017477	0.213877	0.188561	-0.121920	-0.019969	0.042386	-0.009660	-0.056182	0.118588	-0.116549	0.097436	0.041193	-0.265742	0.044413	0.009013	0.080216	0.126459	-0.005139	-0.078576	-0.091417	0.075984	0.025168	-0.115928	-0.030452	0.125990	-0.043594	-0.047112	-0.007414	-0.145328	-0.165089	0.002416	-0.023371	0.179780	0.153801	-0.169088	0.069948	-0.002617	0.107941	-0.065250	-0.096554	-0.038307	0.002596	-0.122290	0.075808	-0.055235	0.036193	-0.149170	-0.057970	0.098574	0.002250	-0.054061	0.089828	0.226819	-0.068547	-0.010170	-0.066426	-0.031665	0.060537	-0.002344	0.125493	-0.026381	0.103347	-0.046552	0.006053	-0.073480	0.031058	0.142525	-0.005727	-0.048625	0.205974	-0.083510	0.113528	0.032001	0.138470	0.017710	0.061768	-0.082831	-0.007820
0.002239	-0.037135	-0.043854	0.013589	0.093274	0.058074	0.119011	0.088741	0.183357	0.058998	-0.124218	0.135784	-0.071815	0.012108	0.112821	0.015779	0.106301	-0.016578	0.167089	-0.032764	0.110083	0.001194	0.152202	0.089020	-0.000680	0.063440	-0.060792	0.054616	-0.098294	-0.030195	0.083361	-0.194857	0.080694	0.039487	-0.048438	0.071953	0.066984	0.142219	0.007864	-0.012462	-0.200055	-0.001244	0.046981	-0.049535	-0.029096	0.056842	0.002769	-0.050584	-0.036294	0.078662	-0.170914	-0.183598	-0.140108	-0.204694	0.171421	-0.013420	-0.034435	-0.268378	-0.000722	0.098136	0.237505	-0.016063	-0.062128	0.042260	-0.037107	0.037128	0.126048	0.077880	-0.137747	0.051797	0.073999	0.039732	0.048595	-0.177703	0.169224	0.002991	0.029467	-0.067499	-0.187397	0.129336	-0.018685	0.042436	0.095749	-0.059966	0.020202	0.032312	0.063216	-0.004969	0.046871	0.029339	-0.133109	0.135035	-0.131984	-0.000515	0.093234	0.160783	-0.095344	0.173621	-0.026389	0.008862
-0.099332	0.007752	0.044035	0.034750	0.116819	-0.020560	-0.062047	0.075140	0.073586	-0.054611	-0.149097	0.104115	-0.101165	0.196329	0.038515	-0.157116	0.090074	-0.229894	0.004023	-0.030713	0.114813	0.119081	0.026464	0.143035	0.223154	-0.086862	-0.039987	0.090330	0.065602	0.036962	0.007121	-0.133449	0.083625	0.000794	-0.002151	0.051475	0.017983	0.078274	-0.128380	0.026867	0.005916	0.146331	-0.057581	0.035931	-0.100058	0.105305	0.006612	0.064967	-0.038892	-0.034965	-0.076883	0.015105	0.003671	-0.102967	0.211794	0.160701	-0.044366	-0.031118	-0.023240	0.096455	-0.018335	-0.019587	-0.009299	0.110396	-0.112462	0.179831	0.059074	0.181872	-0.276670	0.052801	-0.039184	0.056378	0.051953	-0.020082	0.219546	-0.008144	0.042894	-0.068863	-0.142485	0.230780	-0.134750	0.127501	-0.127678	-0.069661	0.073564	-0.005449	-0.189936	0.010148	-0.002844	-0.166328	-0.045904	-0.002298	-0.111739	-0.052640	-0.011874	0.015909	-0.019275	0.032406	-0.035904	-0.052465
-0.131445	0.048538	-0.030284	0.204729	0.044736	-0.004594	-0.010870	0.082987	0.130290	-0.044892	-0.138343	0.135749	-0.045154	0.103681	-0.117000	0.009730	0.160001	-0.098303	0.004053	-0.020099	0.158493	0.006090	0.178781	0.042071	0.133233	0.001606	-0.030328	0.157613	0.025981	0.107746	0.007132	-0.152729	0.048892	-0.005303	0.059158	0.022987	0.097657	0.101986	0.008718	0.006472	-0.123512	-0.000206	0.136260	-0.050700	-0.165130	-0.047572	0.010962	-0.008076	-0.066517	-0.034229	-0.120000	-0.119701	-0.066769	-0.137901	0.061846	0.106421	-0.038373	-0.092737	-0.073630	0.186106	0.126858	0.013999	-0.205142	0.055336	-0.168880	0.112627	0.171716	-0.053291	-0.149795	0.044266	0.010764	-0.083248	0.079897	-0.055284	0.069419	-0.116769	0.019607	0.047488	-0.110456	0.133746	-0.062515	0.138715	0.063538	-0.071392	-0.019119	0.096675	-0.093555	-0.066669	-0.015802	-0.019764	-0.108334	0.181165	-0.298792	-0.002291	-0.056345	-0.069625	0.055349	0.088554	-0.021400	-0.140879
0.148131	0.003460	-0.016948	0.051104	0.110216	-0.117530	-0.077766	0.144069	0.100255	0.050090	-0.129265	-0.053935	0.008323	0.146087	-0.069826	-0.129082	0.005336	-0.167528	0.030734	-0.035390	0.140878	-0.087368	0.102828	0.023295	0.229019	-0.020792	-0.036288	0.072912	-0.157254	-0.161651	0.009806	-0.133966	0.014682	-0.029638	0.045262	0.074389	-0.062073	0.011349	-0.158551	-0.071962	0.029411	-0.012943	0.061286	0.063757	-0.113574	-0.024340	0.073177	0.012367	-0.095362	-0.035537	-0.107251	-0.170077	0.068023	-0.173701	0.202974	0.071308	-0.016716	-0.178439	0.043441	0.120017	0.089677	-0.129175	-0.004129	-0.041635	-0.014150	0.107067	0.059584	-0.018951	-0.134320	-0.021767	-0.039211	-0.149909	0.227561	-0.069173	0.038346	-0.164641	0.182735	0.029205	-0.132437	0.235478	0.008027	0.054392	0.109591	0.036434	-0.147230	0.081122	0.012353	-0.119252	-0.018268	-0.028647	-0.077711	0.094983	-0.144386	-0.017422	-0.125652	0.044575	-0.066345	0.007864	-0.019577	0.053906
0.070904	-0.020110	-0.041892	-0.066936	0.076662	-0.048918	0.015520	-0.020092	0.055282	-0.146436	0.047028	-0.009321	-0.139385	-0.004763	-0.084492	-0.078283	0.135133	-0.026435	0.019551	0.051817	0.216903	-0.071493	0.225077	-0.024059	0.131622	0.015311	-0.083162	-0.008986	0.015790	-0.007744	-0.191131	-0.230295	0.046092	0.026732	-0.025033	-0.064273	-0.045064	0.104341	-0.195839	0.033756	0.055075	0.091602	0.191717	0.003512	-0.085598	-0.017741	-0.041850	0.026821	0.180101	-0.127083	-0.098993	-0.137449	-0.087400	-0.007722	0.132015	0.033024	-0.110377	-0.163172	0.150394	0.089424	0.243525	-0.057791	-0.049856	-0.058772	-0.040039	0.025501	-0.070913	-0.013860	-0.019783	-0.124479	0.070583	-0.183187	0.142637	-0.091830	0.015443	-0.028842	0.138084	0.002037	-0.128895	0.021375	-0.010174	0.161383	0.058259	-0.038264	0.008462	0.156802	-0.000071	-0.043275	0.023864	-0.046169	-0.086941	0.155010	-0.047357	-0.136010	-0.104564	0.090702	-0.010991	0.226480	-0.084156	-0.046043
0.042227	-0.172815	-0.010826	0.054852	0.132029	-0.074552	-0.081218	0.115068	0.045325	0.032604	-0.119790	-0.038707	-0.007757	0.129818	0.125355	-0.048542	0.215617	-0.189805	-0.124975	0.110379	0.073225	-0.027378	0.068453	-0.038357	0.066634	-0.090525	0.008076	0.079329	-0.116420	0.052626	-0.085873	-0.230227	-0.016215	-0.032546	-0.063849	0.035159	0.064499	-0.053988	-0.239180	0.120017	-0.101353	0.040698	0.078662	-0.011709	-0.116415	0.064726	-0.012772	0.023486	-0.036311	-0.190945	-0.121481	-0.208483	-0.014398	-0.141935	0.149149	0.064202	-0.064193	-0.046237	-0.048548	0.090330	0.017375	-0.026891	0.026694	-0.069489	-0.190665	0.092156	0.126923	-0.053226	-0.187995	0.015153	0.013642	-0.038257	0.168130	-0.115395	-0.012819	-0.135648	-0.105180	-0.031822	0.045236	0.140292	-0.027693	0.167112	-0.048016	0.069274	-0.025693	0.026079	-0.089247	0.020351	-0.085677	-0.128423	-0.129332	0.188617	-0.112757	-0.069446	0.096660	-0.078043	0.037241	0.031881	-0.015320	-0.099251
0.072234	-0.092514	-0.072014	-0.017003	0.036839	-0.023415	-0.034479	0.160163	0.101284	-0.060626	-0.125927	-0.008200	-0.057094	0.124889	-0.074782	-0.030588	0.053387	-0.144823	-0.018879	0.034349	0.121267	-0.036643	0.155699	-0.083959	0.216325	-0.132974	-0.077189	0.113147	-0.123901	0.023526	-0.015201	-0.039074	0.026474	-0.067952	-0.140320	-0.051300	-0.054358	0.065015	-0.157140	0.118948	-0.002691	0.050646	-0.081595	0.078714	-0.189487	0.037059	0.138306	0.010556	0.102403	-0.053542	-0.065522	-0.136806	0.010447	-0.113788	0.126459	0.098259	-0.114867	-0.170963	0.167977	0.004749	0.020747	0.018224	-0.092130	-0.095846	-0.131935	0.184147	-0.068215	-0.026222	-0.050717	-0.093841	-0.122156	-0.047082	0.288209	-0.099224	0.010270	-0.088791	0.110260	-0.080351	-0.090984	0.153393	0.046442	0.128838	-0.015391	0.120408	-0.043556	0.140979	-0.031252	0.122744	0.067535	0.052000	-0.010225	0.080211	-0.239594	-0.046661	0.070113	-0.027317	-0.085939	0.080600	-0.098083	-0.055081
0.060256	-0.160290	0.062881	0.115979	0.098534	0.024481	-0.083068	0.056049	0.158989	0.004663	-0.243824	-0.107449	0.095063	0.080700	-0.054244	-0.288685	0.097603	-0.069332	-0.053008	-0.031738	0.113653	0.143191	-0.030738	0.059315	0.027922	-0.001173	-0.091469	0.072556	-0.077325	-0.046364	0.072279	-0.211741	0.047896	0.201455	-0.045160	0.022461	-0.109094	0.145724	-0.111413	-0.124731	0.134360	-0.086433	-0.135102	0.032818	-0.084751	0.066068	-0.010394	0.113237	-0.017973	-0.130345	-0.202031	-0.098130	-0.066667	-0.012586	0.170370	0.198296	-0.040165	0.012747	-0.046564	0.070939	0.078441	0.031297	-0.192840	-0.052874	0.057901	0.045108	0.088063	-0.059504	-0.116650	0.052032	-0.059086	0.033265	-0.092875	-0.195925	0.083567	-0.089858	-0.017689	-0.171097	0.022955	0.156063	-0.079813	0.025084	0.051300	0.071250	-0.113823	-0.007677	0.082612	0.118039	0.039957	0.016334	-0.024097	0.108408	0.011991	-0.014662	0.050061	-0.012745	0.088210	0.056282	-0.047088	0.022268
0.005795	-0.063253	0.012034	0.074087	0.057325	-0.059818	-0.000487	0.182702	0.091399	-0.028056	-0.092712	-0.025400	-0.028080	0.304192	0.000322	-0.087706	0.100056	-0.162860	-0.086146	-0.011902	0.170836	0.107071	0.031194	0.130539	0.094055	0.008687	-0.034465	0.091885	-0.041255	0.026880	0.039163	-0.159300	0.111390	0.050117	-0.020023	0.057839	-0.012695	-0.002450	-0.090988	-0.021908	0.020795	0.016283	0.135197	0.006796	-0.124334	0.054597	0.137566	0.050978	-0.070492	-0.013718	-0.095635	-0.122920	-0.048606	-0.207488	0.188938	0.065957	-0.002654	-0.114694	-0.077318	0.180012	-0.014704	-0.066393	-0.013086	-0.006745	-0.245753	0.024786	0.177508	0.050580	-0.133404	0.009923	-0.031151	-0.076324	0.092029	-0.036350	0.157191	-0.124338	0.017613	-0.044222	-0.121813	0.196681	-0.105103	0.120483	-0.013668	-0.070343	0.022555	0.040735	-0.133635	-0.010760	-0.010756	0.005745	-0.202960	0.150050	-0.029307	-0.029329	-0.060294	-0.119099	-0.230119	0.065965	-0.066182	-0.027797
-0.090921	-0.108594	-0.015258	0.166338	0.045383	-0.000623	-0.060751	-0.010636	-0.044636	-0.080738	-0.098784	0.093239	0.024878	0.164210	-0.103511	-0.029316	0.057310	0.021987	-0.009086	-0.017703	0.124469	0.150793	0.133156	0.142150	0.188857	-0.065101	0.043650	-0.025453	0.103976	-0.141022	0.102284	-0.211821	0.127962	0.093300	-0.213375	-0.036713	-0.026878	0.130013	0.005548	-0.001172	0.022348	0.002767	0.032320	-0.073427	-0.104741	0.000401	-0.046075	-0.142938	0.049821	-0.086524	-0.199019	-0.098504	-0.034644	-0.175157	0.222471	0.082396	-0.181895	0.031578	-0.011698	-0.014500	0.088408	0.021310	-0.057724	-0.059483	-0.173008	0.016464	0.056352	-0.076430	-0.121549	0.108035	0.023942	0.059853	-0.067701	-0.081363	0.023342	-0.159531	0.091482	-0.089154	-0.181356	0.200244	0.035739	0.038077	-0.041945	0.090118	-0.084774	0.143281	0.011197	0.022632	0.130909	0.069495	-0.137240	0.115180	-0.051203	0.081360	0.018626	-0.038304	0.051894	0.192413	-0.006826	-0.044367
-0.101728	0.053922	-0.018236	0.160420	0.053793	0.003183	0.014341	0.105111	0.146425	-0.096501	-0.101705	-0.042215	-0.149024	0.360058	0.017227	-0.068375	0.022752	0.020474	-0.050803	-0.003784	0.194141	0.045134	0.001653	0.013993	0.231587	0.023555	0.022804	0.013798	0.083421	-0.089930	0.073927	-0.201181	0.039219	-0.030695	-0.073060	-0.127419	0.071327	0.009496	-0.004514	0.082553	0.088968	-0.028881	0.082815	0.023098	-0.010008	-0.117733	0.044445	-0.009723	-0.023575	-0.022001	-0.065204	-0.048530	-0.021192	-0.240109	0.103202	0.224422	-0.039655	-0.094928	-0.029418	0.060777	-0.060317	0.032470	-0.090856	-0.166914	0.091256	0.098186	0.117051	0.021451	-0.116825	-0.055905	0.062043	0.022558	-0.008770	-0.154420	0.146669	-0.072661	0.049018	-0.100767	0.032284	0.147513	-0.061073	0.179080	0.126987	-0.068168	-0.139457	-0.022263	-0.072548	-0.047370	0.092358	0.084290	-0.112376	0.112938	-0.083972	0.017171	0.055365	0.195807	-0.072862	0.006493	0.133380	0.015962
0.016531	0.112455	0.154781	-0.009756	0.103256	0.061917	-0.061221	0.033909	0.177730	0.031213	0.108078	-0.127517	-0.143990	0.028564	0.092109	-0.124766	0.118857	-0.054731	0.023138	-0.048301	0.080208	0.075654	0.094506	0.127826	0.122299	-0.084505	-0.091576	0.106590	0.123367	-0.046826	-0.001257	-0.174227	-0.003318	-0.024432	-0.036265	0.097245	0.096637	0.149526	-0.086555	0.213602	-0.039151	-0.022445	0.112451	0.104626	0.007749	0.037692	-0.047335	0.049618	-0.036479	0.002018	-0.255674	-0.106328	-0.111771	-0.141868	0.082875	0.069750	-0.135972	-0.185222	-0.065542	0.042331	0.077731	-0.194635	-0.076376	-0.074601	-0.113367	-0.010239	-0.030354	-0.023448	-0.070090	-0.014583	0.102112	0.098522	0.047534	-0.007199	0.007623	-0.097248	-0.057647	-0.092576	-0.108407	0.051368	-0.062599	0.049428	0.000562	0.166203	0.083706	0.092225	-0.075801	-0.007027	0.171178	-0.065699	-0.084180	0.185499	-0.081376	-0.104048	0.029655	0.223390	-0.163946	0.037611	-0.063886	0.130823
-0.127643	-0.065694	0.058286	-0.063309	0.040117	-0.043371	0.173831	-0.015271	0.237435	-0.034474	0.051693	-0.060307	-0.101157	0.106967	-0.039466	-0.034368	-0.014697	0.004658	-0.054579	-0.106647	0.153360	0.069479	0.066589	0.060176	0.102698	0.050144	-0.053908	0.082336	-0.089248	0.025518	0.119630	0.008394	0.107016	0.036831	-0.060962	0.051729	-0.090402	-0.042612	-0.231336	0.116437	0.105873	0.030528	0.088230	0.127489	0.022288	-0.047081	-0.016346	0.174037	0.071182	0.058291	-0.180471	-0.079671	-0.010974	-0.221428	0.107658	0.026257	-0.088924	-0.212518	-0.015498	0.102521	0.124006	0.013789	-0.165102	-0.097482	-0.077809	0.043171	0.093498	0.079607	-0.085784	0.032583	0.088983	-0.086956	0.152323	-0.100502	0.073391	-0.119248	-0.142746	-0.140965	-0.219642	-0.039813	-0.151210	0.193542	-0.081264	0.023164	-0.119396	0.060210	-0.155413	-0.104358	0.081381	-0.055890	0.038685	0.097402	-0.034272	-0.012685	-0.068308	0.070314	-0.115766	0.015666	-0.081495	0.010621
-0.060935	-0.053011	-0.042444	0.026159	0.056368	-0.045366	-0.131245	0.002629	0.061200	-0.037135	-0.151009	0.054299	0.046081	-0.090844	-0.080975	-0.093991	0.095958	-0.234032	-0.116435	-0.029009	0.153380	0.239465	0.042164	0.188040	-0.005682	-0.053389	-0.022666	-0.031948	-0.061097	-0.075401	-0.082762	-0.097999	0.127762	-0.004921	-0.221920	0.031250	-0.055039	0.075591	-0.041084	-0.029849	-0.137619	-0.006299	-0.101902	0.029576	-0.175295	-0.064375	0.097210	0.088024	0.197058	-0.117423	-0.241060	-0.092347	0.028911	-0.005109	0.228053	0.196492	-0.211081	0.014892	-0.002009	0.102017	0.114852	-0.054528	-0.008998	0.065115	-0.079936	0.206619	0.050986	0.075465	-0.068346	0.039966	-0.028519	0.043258	0.036654	-0.196412	-0.017174	0.045023	-0.053321	0.085062	-0.080733	0.128102	0.037231	0.038702	0.021809	0.053774	-0.066932	-0.087613	0.001831	0.009160	-0.165146	-0.068136	-0.044403	0.014308	-0.098805	-0.076191	-0.133943	-0.077147	0.061740	-0.017752	-0.019673	0.021339
0.056717	0.080132	0.139631	0.015686	0.053866	-0.100445	0.012150	0.101829	0.164434	-0.112011	-0.153497	-0.060735	0.041575	0.203399	-0.113943	-0.101541	0.003647	-0.143531	0.034795	0.007104	0.001624	0.052887	0.063564	0.255068	0.229909	-0.081507	-0.145431	0.126121	-0.082057	0.013274	-0.095238	-0.218709	0.086153	0.052328	-0.087061	-0.010690	-0.032647	0.122849	-0.083629	-0.068636	0.053422	-0.020286	0.043306	0.043497	-0.241650	-0.037072	-0.009944	0.091823	0.076765	0.039890	-0.146434	-0.146422	-0.126541	-0.069247	0.106910	0.086285	-0.010245	-0.113032	-0.030299	0.061912	0.186241	-0.048303	-0.045450	-0.063655	0.015105	0.085830	0.086273	-0.010052	-0.134959	0.052751	0.008604	0.021123	0.132338	-0.176475	0.053579	-0.118503	-0.119141	-0.046479	0.018315	0.220882	-0.008384	-0.051986	-0.112470	0.043205	0.062776	0.011665	0.062182	0.060462	0.073833	-0.040248	-0.044593	0.149239	-0.116576	-0.023288	-0.087078	0.004525	0.032284	0.079820	-0.150033	-0.091024
0.109302	-0.160206	0.120238	0.105873	-0.006940	0.061527	-0.097112	0.200038	0.144434	-0.105174	-0.083224	-0.039891	-0.072236	0.253278	0.059939	-0.077534	0.080897	-0.112237	-0.038977	0.015353	0.196317	-0.039657	0.143241	0.011194	0.083097	-0.097109	-0.055236	0.018846	-0.011179	0.014687	-0.053319	-0.168794	0.026962	0.002305	-0.006288	-0.019155	-0.052601	-0.059453	-0.215023	0.070288	0.086640	0.044103	0.022606	0.052107	-0.249574	-0.083591	0.034476	-0.000217	-0.017131	-0.042265	-0.180455	-0.210924	-0.027066	-0.096071	0.143219	-0.021052	-0.034825	-0.163233	0.026724	0.120779	0.029869	-0.007380	-0.100306	-0.063393	-0.177090	0.126717	0.193132	0.140767	-0.154733	-0.080784	-0.063301	-0.072823	0.062936	-0.193525	0.087018	-0.085384	0.027436	-0.105265	0.004542	0.140240	0.028700	0.119444	-0.066068	0.000242	-0.033572	-0.000255	0.035612	0.036385	0.063670	0.061188	-0.131819	0.128259	-0.079577	-0.068056	0.049612	-0.001547	-0.080884	0.037165	0.025588	-0.045302
-0.037916	-0.094145	0.062057	0.053951	0.032616	0.052556	-0.073578	0.181059	0.128970	-0.001087	0.012402	-0.188206	-0.156780	0.275072	-0.012518	-0.049646	0.118041	-0.200983	-0.093960	-0.057449	0.141137	0.042283	0.002132	0.003829	0.182581	-0.090922	-0.072395	0.047281	-0.100135	-0.014635	0.012830	-0.128837	0.089819	-0.091393	0.060200	0.027313	-0.009304	0.040939	-0.208733	0.088344	0.035301	-0.050211	0.166837	0.051929	-0.163818	-0.089642	0.064798	0.100603	0.071332	-0.103237	-0.145676	-0.066097	0.078690	-0.125357	0.130109	0.147930	0.118133	-0.206043	0.048919	0.167833	-0.033428	-0.109172	-0.028390	-0.083355	-0.098383	0.075979	0.163480	0.052114	-0.044997	-0.068662	-0.026368	-0.053478	0.103009	-0.181777	0.009246	-0.113406	-0.061104	-0.054931	-0.034236	0.127887	-0.055839	0.050842	0.037382	0.100577	-0.129457	0.032875	0.036131	-0.006879	0.058473	0.046878	0.005183	0.113247	-0.071803	-0.095683	-0.029375	0.075418	-0.180828	0.032897	-0.073840	0.057462
-0.024432	-0.046076	-0.001678	0.058664	0.158518	0.089232	-0.205002	0.062496	0.002072	0.104250	-0.074504	-0.109243	-0.068056	0.232331	-0.049151	-0.095563	0.096136	-0.153340	-0.037075	-0.030602	0.128113	0.047763	-0.008395	0.096486	0.069630	0.127138	-0.104748	-0.054108	-0.010549	-0.054538	-0.038398	-0.206277	0.018608	0.084500	-0.100180	-0.104462	-0.014010	0.106377	-0.061498	-0.061136	0.014087	-0.032181	0.053140	0.000126	-0.118250	-0.052359	0.027309	0.027805	-0.121790	-0.185128	-0.075407	-0.128949	0.064790	-0.103522	0.097190	0.191095	-0.070250	-0.150203	-0.029888	0.145519	0.026551	-0.067892	-0.102284	-0.105849	-0.279356	0.022878	0.148937	0.017805	-0.069106	0.082569	0.002651	0.000634	0.042443	-0.066839	-0.031007	-0.145753	0.011648	-0.033153	-0.225651	0.145208	-0.055930	-0.006331	-0.025840	0.036318	-0.209869	0.097578	0.031463	0.063600	-0.036336	-0.043438	-0.133651	0.047720	-0.043809	-0.173911	0.014582	0.181311	-0.124841	0.063374	-0.036068	-0.069958
0.174052	0.070360	0.088938	0.075350	0.041459	-0.004125	-0.098765	0.141195	0.201101	-0.078225	-0.196488	-0.065510	-0.048756	0.229614	-0.132609	-0.137639	0.086402	-0.134731	-0.044263	0.064749	0.148406	0.085027	0.035537	0.218126	0.036871	-0.163573	0.076701	0.048526	-0.052853	0.027938	-0.025865	-0.145093	0.053283	-0.037456	-0.137307	0.002374	-0.093386	-0.003389	-0.055732	0.031525	0.047697	0.040701	0.022159	0.027423	-0.156544	-0.070964	0.014223	0.131357	-0.037072	-0.109458	-0.159713	-0.101548	-0.098770	-0.112723	0.124235	0.114333	-0.219354	0.021026	0.062636	0.101920	-0.032769	-0.114536	-0.119072	-0.086209	-0.071655	0.083150	0.087515	-0.014469	-0.162724	-0.001652	0.002981	0.045366	0.086315	-0.023632	0.156529	0.023429	0.013148	0.088068	-0.033306	0.166020	0.022887	0.119419	-0.045394	0.088227	0.068111	0.024341	-0.201998	-0.071390	-0.009491	-0.006088	-0.138157	0.080518	-0.162676	-0.089507	-0.100304	-0.024030	0.033329	-0.049226	-0.092722	-0.058199
0.015660	-0.060672	-0.026191	0.141524	-0.033623	0.028380	-0.048914	0.070301	0.098227	-0.089119	-0.060332	-0.099343	-0.028931	0.254806	-0.091978	-0.055852	0.118126	-0.063803	-0.071362	-0.054069	0.239035	0.275467	0.029936	0.292461	0.059135	-0.055743	-0.020076	-0.048704	-0.084347	-0.153342	-0.113695	-0.111438	-0.060846	0.061129	-0.105466	-0.216928	-0.027182	0.067351	-0.049359	-0.006516	0.022753	0.114637	0.080955	0.064906	-0.081553	0.082282	0.103559	-0.062448	0.136749	-0.011767	-0.188149	-0.169532	-0.017336	0.076602	0.125202	0.118923	-0.129224	-0.017231	-0.066301	0.138554	0.113911	-0.061945	0.050175	-0.028000	-0.051524	0.092739	0.046599	0.080551	-0.043939	-0.055476	-0.026932	0.130574	0.044777	-0.064725	0.113444	-0.099613	-0.062544	0.084895	-0.074350	0.243816	-0.051669	-0.071814	-0.069746	0.014989	-0.012193	-0.017975	-0.028828	0.108196	0.041027	0.032406	-0.147194	0.119050	-0.035519	-0.077565	-0.021359	-0.079056	0.040025	0.001434	0.104006	-0.051060
0.060960	0.048696	0.017926	0.147091	0.167988	0.058591	-0.130646	0.121288	0.133035	0.003274	-0.118690	-0.086689	-0.058860	-0.048645	-0.014034	-0.096355	0.148062	-0.352178	-0.073236	-0.001943	0.127545	0.038135	0.078617	0.038749	0.053892	-0.098854	-0.094222	0.222599	-0.087839	-0.065740	-0.012705	-0.164386	0.151197	0.050896	-0.160702	0.063004	0.098417	0.060510	-0.168021	0.031324	-0.002089	0.015071	0.052100	0.046185	-0.132956	-0.052976	0.055964	0.022631	0.041751	-0.027439	-0.087609	-0.002645	-0.031591	-0.175450	0.094397	0.236728	-0.101381	-0.187869	-0.029082	0.169655	0.107183	-0.070301	-0.042069	-0.094316	-0.026709	0.164225	0.026062	0.033894	-0.109148	0.071491	-0.061425	-0.033754	0.104348	-0.106020	0.136536	-0.106259	-0.038391	0.019835	-0.092684	0.110019	0.060800	0.160997	-0.068674	0.007699	-0.011178	-0.003599	-0.042882	-0.033223	-0.036189	-0.138855	-0.112576	0.126529	-0.104336	-0.056991	0.007320	-0.016354	0.011727	0.004240	-0.048555	0.029083
-0.035519	-0.120296	-0.027930	0.066099	0.036403	-0.148911	-0.167946	0.073685	0.169193	-0.116559	-0.057633	-0.008580	-0.060987	0.164071	-0.121579	-0.013439	0.073147	-0.091542	0.013553	0.035053	0.255998	0.132929	0.010318	0.131718	0.061042	-0.197308	0.095995	-0.023010	-0.030447	-0.125172	-0.027901	-0.077745	0.019100	0.003150	-0.189599	-0.029590	-0.031520	0.115602	-0.136156	0.058363	0.072235	-0.055359	-0.069326	0.082382	-0.124370	-0.172488	0.182702	0.082525	0.168076	-0.076849	-0.067439	-0.032352	0.114505	-0.152899	0.148110	0.150780	-0.129523	-0.085335	0.087173	0.021537	-0.035422	-0.022549	-0.143216	-0.067538	-0.106673	0.018992	0.101075	0.119252	0.013237	0.053367	0.056378	0.143560	0.028446	-0.111404	0.135925	0.009951	0.009813	0.091900	-0.059050	0.110539	-0.059656	0.164686	0.128023	-0.014086	-0.116992	-0.001744	-0.137646	0.068525	0.049823	-0.031946	-0.128309	0.012271	-0.197633	-0.019242	0.057727	-0.015655	-0.107349	0.029290	-0.018483	-0.031945
-0.015432	-0.032787	0.123491	0.118261	0.169092	-0.035939	-0.058535	0.157215	0.168193	-0.024065	-0.096439	0.013136	-0.025341	0.106941	-0.131703	0.006038	0.147117	-0.186234	-0.033193	-0.004951	0.089727	0.090523	-0.032405	0.074634	0.037886	-0.075612	-0.088356	0.258373	0.015554	-0.070700	-0.144657	-0.022443	0.115151	0.011243	-0.003721	0.046040	0.126920	0.038353	0.077149	0.002330	-0.019275	-0.031362	0.027832	0.149595	-0.252722	-0.098940	0.099024	0.032642	0.055304	-0.116464	-0.105103	-0.195200	0.115238	-0.061679	-0.008391	-0.027025	-0.014229	0.012299	-0.111853	0.198024	0.000018	-0.012953	-0.088525	0.032767	-0.068673	0.260194	0.101262	-0.002904	-0.119253	0.042405	-0.008545	-0.100481	0.116656	-0.153204	-0.207098	-0.032636	-0.050822	0.084231	0.031361	0.055701	0.115291	0.108608	-0.066989	0.022773	-0.099675	-0.030217	-0.007503	-0.010083	0.036931	-0.095543	-0.164126	0.042851	-0.181749	-0.109194	-0.096352	0.102894	-0.072344	-0.080544	-0.007754	0.037016
-0.049534	-0.040540	-0.014917	0.212305	0.144302	-0.095308	-0.111003	-0.014938	0.211211	-0.045257	-0.304456	0.080438	-0.015424	0.100198	-0.011139	-0.101967	0.032059	-0.103447	0.009992	-0.082318	0.246573	0.042070	0.046982	0.042443	0.197572	-0.092929	-0.108533	0.058580	-0.036140	-0.051584	0.046752	-0.171530	0.090725	0.012899	-0.209817	0.148097	0.084405	0.099038	-0.016362	0.058003	-0.044592	-0.127307	-0.033774	-0.024612	-0.152789	-0.051849	0.090384	-0.055973	-0.074182	-0.086144	-0.068580	-0.016822	-0.001875	-0.121250	0.140345	0.178565	0.045362	-0.030232	0.111250	0.104408	-0.014443	0.071769	-0.128756	0.008520	-0.046916	0.073811	0.041853	0.071164	-0.196788	0.106907	-0.004689	0.013566	-0.035040	-0.186638	0.056879	-0.099739	0.095255	-0.165623	-0.166410	0.003645	-0.000576	0.112018	0.053417	0.017223	-0.154799	0.005577	-0.046003	0.085655	0.038756	-0.014992	-0.063310	0.115167	-0.061932	-0.017659	-0.106355	-0.031447	-0.088182	0.026721	-0.035677	-0.024709
-0.010153	-0.035206	0.070242	0.231590	0.041589	0.020700	-0.005342	0.092209	0.215907	0.031884	-0.204409	0.014476	-0.094341	0.198033	-0.025980	-0.142382	0.154325	0.028292	0.131429	-0.015692	0.084672	0.072572	0.138193	0.072969	0.286959	-0.064743	-0.128891	0.108847	-0.059918	-0.002825	0.060620	-0.064482	0.060189	0.018882	-0.115078	0.138413	0.056288	0.048635	-0.116357	-0.024480	-0.020952	-0.063783	0.062455	-0.009360	-0.077822	-0.014698	-0.007869	0.007176	-0.020427	0.030098	-0.096889	-0.042327	-0.062541	-0.095945	-0.036261	0.080873	0.037142	-0.040334	-0.054556	0.086458	0.047004	-0.055450	0.027878	0.135702	-0.056795	0.096035	0.111423	-0.131491	-0.217706	0.091967	-0.023863	-0.005964	0.016509	-0.099997	0.119066	-0.208353	0.070875	-0.025105	-0.152120	0.058194	0.060180	0.178787	-0.045277	0.124241	-0.047821	0.217454	0.013482	-0.013466	0.092559	0.006562	-0.050119	0.229636	-0.171335	0.082930	0.053784	-0.021103	-0.024071	-0.035385	-0.121197	-0.036586
0.031129	-0.009341	-0.116305	-0.022284	0.003987	0.136695	-0.030214	0.044881	0.027715	-0.115936	-0.079296	0.173430	-0.098385	0.149217	0.097988	-0.028004	0.180414	-0.174343	0.092776	-0.084199	0.095622	-0.040595	-0.037068	0.100382	0.013420	-0.113876	0.020882	0.031923	-0.055918	0.033673	0.036975	-0.236086	0.045595	-0.012523	0.021463	0.030177	0.092727	-0.054317	-0.173704	-0.024901	-0.107112	0.010034	-0.013858	0.014129	-0.103428	-0.009382	0.184323	0.084618	0.073556	-0.032840	-0.002127	-0.036213	0.194809	-0.259317	0.260300	0.106576	-0.146656	-0.099376	0.120022	0.211596	0.018872	0.016938	-0.044948	-0.051963	0.023216	0.045331	0.079309	0.101854	-0.084626	-0.128752	-0.038197	-0.030101	0.159440	-0.148732	0.039804	0.102054	0.000556	-0.111128	-0.030349	0.253106	-0.056447	0.027746	0.138221	0.032470	0.004882	-0.104666	-0.013082	-0.104381	-0.082274	-0.057744	-0.051522	0.018184	-0.085359	0.018975	-0.024768	-0.041584	-0.036477	0.153519	-0.015461	-0.138010
0.094555	-0.134717	-0.049167	0.119068	0.109514	0.122748	0.075008	0.108573	0.072363	-0.140679	0.112713	0.054066	0.028161	0.123958	-0.117928	0.100821	0.013242	-0.059485	-0.053365	-0.035701	-0.030448	0.244479	0.061246	0.067777	-0.027287	0.075088	-0.073705	-0.005813	-0.042369	0.115986	0.019923	-0.022035	0.011162	0.091887	-0.055488	0.101704	0.012962	-0.061307	-0.096289	-0.092193	-0.053477	0.145977	-0.148691	-0.201074	0.074193	0.074535	0.070043	0.064975	-0.142119	-0.079688	-0.165491	-0.061331	0.006580	-0.107191	0.013565	0.106749	-0.092606	-0.226199	-0.036653	0.102425	0.225760	0.072987	-0.092575	0.048834	-0.026203	0.082269	0.099557	0.085087	0.040999	0.002034	-0.056905	-0.060101	0.132552	0.091013	0.045761	-0.056364	0.214571	-0.087680	-0.077587	0.184903	0.180291	-0.112043	-0.088374	0.077212	0.022416	0.100096	-0.013078	-0.010816	-0.076402	-0.131994	-0.174083	0.065178	0.002464	-0.138081	-0.111180	0.153106	0.105596	0.023345	-0.023238	0.055807
0.135409	-0.055932	0.025922	0.130642	0.085324	-0.027185	-0.092863	0.079009	0.194871	-0.102716	-0.077925	0.061722	-0.030489	0.124480	-0.114699	-0.212307	0.096688	-0.179660	0.008870	-0.084782	0.059973	0.169099	0.163819	0.088960	0.174898	0.165751	0.013921	0.025594	0.056307	-0.070615	0.005605	-0.068601	-0.003406	-0.039620	-0.025806	0.058927	0.159158	0.069617	-0.111804	0.001959	-0.045116	-0.039831	0.178298	-0.155676	-0.035148	0.097405	0.096531	0.062909	-0.187496	-0.114359	-0.145331	-0.165210	-0.183484	-0.030665	0.062139	0.110528	-0.091014	-0.086725	-0.110223	0.154985	0.209760	0.092324	-0.023963	0.135848	-0.082310	0.037447	0.012619	0.011308	-0.199745	-0.023991	-0.053262	-0.036150	-0.026429	-0.053552	0.159573	-0.050079	0.040482	-0.111794	-0.136158	0.160562	-0.011793	0.070267	0.008572	-0.027335	-0.036730	0.053619	0.025210	-0.009508	0.126829	0.009398	-0.030949	0.083577	0.033255	0.062559	-0.147422	-0.012415	0.026085	-0.074396	-0.039639	-0.039619
0.048907	0.118293	0.050312	0.103364	0.049738	0.072026	-0.015042	0.116548	0.044000	-0.042643	0.016620	-0.147174	-0.094594	0.134558	-0.072811	-0.012751	0.048029	-0.088098	-0.000529	0.145405	0.219385	0.106984	0.140979	0.206954	0.054725	-0.041302	0.018841	-0.081937	-0.121421	-0.033431	-0.018807	-0.142817	0.015909	-0.012340	-0.147834	-0.120448	-0.065128	0.194145	0.003137	-0.060976	0.092880	-0.107102	0.217142	-0.091730	-0.101469	-0.195791	0.096412	-0.060194	0.098007	0.042776	-0.157230	-0.051211	-0.175974	-0.114543	0.015178	0.160875	-0.022502	-0.100329	0.087738	0.064181	0.063501	-0.021068	-0.087140	-0.077363	-0.157853	0.131192	0.072968	0.094336	-0.077859	0.076111	0.036485	-0.016644	0.064994	-0.001791	-0.005355	-0.045278	0.058149	-0.011286	-0.063839	0.206525	0.014869	0.085504	-0.141183	0.047179	-0.079774	-0.093178	0.091560	-0.036009	-0.001390	-0.088594	-0.138567	0.146292	-0.223615	0.115014	0.032170	0.140475	-0.016834	0.069620	0.023737	0.029385
0.041148	-0.057524	-0.019834	0.144552	0.136559	0.109850	0.083547	0.104842	0.081352	-0.072922	-0.087168	-0.015702	-0.056679	0.126183	-0.006211	-0.082494	0.199448	-0.197198	-0.107581	0.027590	0.052977	0.134896	0.056558	0.043305	0.173671	-0.046775	-0.009441	-0.007422	-0.089999	-0.053815	-0.027183	-0.069467	0.101118	0.028894	-0.178122	0.015521	-0.076392	0.057993	-0.133792	0.059855	-0.004890	0.017902	0.140142	-0.046758	-0.132651	-0.064520	-0.007025	-0.011922	-0.074960	-0.152461	-0.195012	-0.011344	-0.056106	-0.039227	-0.042499	0.205324	-0.068564	-0.125055	-0.033998	0.054104	0.099177	0.003384	-0.030250	-0.007986	-0.214889	0.154142	0.111566	0.030781	-0.135387	0.096431	0.044961	-0.000823	0.058646	-0.071614	0.135969	-0.108322	-0.047505	-0.098858	-0.195194	0.140041	-0.004882	0.124193	-0.213999	0.023862	-0.100213	-0.079797	-0.138008	0.082936	0.024660	-0.138363	-0.195537	0.094146	-0.025140	0.040198	0.007579	-0.017650	0.113940	0.010294	-0.162359	-0.098997
-0.011194	-0.054339	0.083689	0.219265	0.028201	0.125128	0.076471	0.004095	-0.006206	-0.136054	0.019542	-0.148802	-0.073531	0.182645	-0.113004	-0.033335	0.262800	-0.072098	0.052569	0.073928	0.071551	-0.014341	0.072097	0.160953	0.111386	-0.022245	-0.011609	-0.003534	0.003026	0.071037	0.039502	-0.132177	0.057803	0.060957	-0.152242	0.055453	-0.168641	0.147662	-0.124875	-0.097619	0.104178	0.012223	0.150263	-0.065983	-0.020119	0.048282	0.216232	-0.068429	0.161146	-0.008218	-0.085858	0.138315	-0.040522	-0.074241	-0.004164	0.034277	-0.040301	0.083375	0.025766	-0.080084	0.146754	-0.105761	0.046714	0.091772	-0.121657	0.099733	-0.033296	-0.056796	-0.030197	-0.000542	-0.041003	-0.132133	-0.099273	-0.097931	0.144746	-0.127100	-0.029284	-0.009342	-0.115162	0.200794	0.005628	0.012826	-0.171234	0.037457	0.034927	0.038763	-0.003845	-0.158635	-0.118718	-0.021594	-0.251682	-0.024447	-0.116282	0.007138	-0.092731	-0.154676	0.005551	0.062112	-0.033438	0.021440
-0.007947	-0.066376	-0.056440	0.145683	0.168861	-0.015173	0.009473	0.054920	0.167207	-0.091101	0.009390	-0.043583	-0.092997	0.068749	0.083075	-0.058035	0.092104	0.021664	-0.133693	0.102765	0.166910	0.076885	-0.086257	0.144897	-0.119509	-0.007030	0.065451	0.017032	-0.009148	0.138764	-0.063743	-0.022195	-0.087273	-0.101090	0.124638	-0.060536	0.000212	0.016132	-0.247645	-0.008797	-0.005267	0.043653	0.167214	0.040083	-0.115184	0.037982	0.082269	-0.109643	0.079232	0.001995	-0.203843	0.091316	0.003532	0.021472	0.147774	0.148092	0.105612	0.054005	-0.032479	0.099912	0.152895	0.065342	-0.045008	0.028009	-0.183759	0.115989	0.099909	0.062515	-0.223416	-0.007470	-0.113212	-0.017807	0.064436	-0.079143	0.085575	-0.049733	-0.006247	-0.264403	-0.096904	0.080139	-0.115703	-0.025579	0.106252	0.069597	-0.185471	-0.022701	-0.121481	-0.029644	0.077234	-0.091969	-0.083320	0.056120	-0.073002	-0.127458	-0.164625	-0.005478	-0.161507	0.001419	-0.061997	-0.035273
0.061303	-0.096041	-0.034043	0.142587	-0.026904	0.078474	-0.099454	0.067727	0.245471	-0.095672	-0.049646	-0.026630	-0.051081	0.137874	-0.066848	-0.052729	0.132470	-0.194878	0.055992	-0.094050	0.076401	0.188905	0.077781	0.141225	0.040002	0.014791	0.065519	0.183511	-0.163869	0.027157	-0.028953	-0.166957	0.112821	-0.076155	-0.166323	0.021300	-0.009420	-0.019286	-0.146425	0.055358	0.004902	-0.034028	-0.010378	-0.113446	-0.064227	-0.130646	0.123726	-0.007282	0.080679	-0.095155	-0.077612	0.039001	0.045634	-0.009371	0.009668	0.104211	-0.250315	-0.090057	0.035385	0.180091	0.061501	0.005228	-0.017392	-0.127267	0.063295	0.012431	-0.011095	-0.002439	-0.010161	-0.077924	0.068397	-0.163562	0.047681	-0.144945	0.038838	-0.053018	0.192905	-0.005638	-0.120194	0.146702	0.155478	-0.052442	-0.024007	0.103796	-0.187674	0.059518	0.074765	-0.061821	0.026932	-0.073038	0.075416	0.234824	-0.009218	0.047010	-0.048064	0.102265	-0.020502	-0.081879	0.001698	-0.100227
-0.007254	-0.132954	0.045937	0.083985	-0.043999	0.049378	-0.052112	0.085364	0.033477	0.140028	-0.032002	-0.171230	-0.007638	0.140771	0.054290	-0.181808	0.136800	-0.043501	-0.075537	-0.188734	0.126162	0.151575	-0.074271	0.150507	0.113500	-0.097693	0.030509	0.109130	-0.057132	0.071862	0.083990	-0.065209	-0.027155	-0.030098	-0.061574	0.149659	-0.084820	0.200777	-0.085748	0.144180	-0.108249	-0.074595	0.120027	-0.015273	-0.042469	-0.012334	0.052167	0.094333	-0.040967	-0.091965	-0.149970	-0.091317	-0.057367	-0.018086	0.015808	0.123800	-0.101585	0.177056	-0.179161	0.006179	0.089189	-0.021931	-0.061435	0.070415	0.051159	0.028529	0.174190	-0.109687	-0.141357	0.156839	-0.121056	0.122583	-0.070986	-0.044736	0.018497	-0.126849	-0.043106	-0.026877	-0.024134	0.241437	-0.006080	0.130822	-0.012351	0.066073	-0.048481	-0.037769	0.028527	0.056946	-0.089253	-0.083826	-0.164842	0.195265	0.010396	0.133458	0.025968	-0.071018	0.081054	-0.092911	-0.074491	-0.092178
0.164770	0.061399	-0.061075	0.332484	0.101474	0.075929	-0.033567	0.090662	0.100840	-0.093441	-0.061610	-0.046590	-0.172576	0.040853	-0.025888	-0.009143	0.129868	0.019367	0.055983	0.188225	0.160842	-0.057508	0.022614	-0.064273	0.027617	-0.080241	0.057691	-0.036486	0.070534	-0.046703	-0.073687	-0.174715	-0.000595	0.089514	-0.144716	0.162580	-0.097381	0.179540	-0.220743	0.015056	0.062704	0.062892	0.050878	0.179636	-0.197522	0.039162	0.068407	0.021189	-0.086272	-0.096721	-0.120283	0.129558	0.033653	-0.107852	0.101470	0.152104	0.033111	-0.050297	0.122355	0.047765	0.089019	-0.087754	-0.078818	-0.088420	-0.147496	0.080830	0.055103	0.173874	-0.086972	-0.018677	0.032083	0.128757	-0.002230	-0.097437	0.073991	-0.108356	0.001439	-0.139333	0.011029	0.061643	-0.088718	0.017349	0.049291	-0.034471	-0.086807	0.069291	0.045832	0.084649	0.052742	-0.073583	-0.134042	-0.028362	-0.168099	-0.036555	-0.043779	-0.041698	-0.040838	-0.072989	-0.024417	0.100673
-0.097856	-0.061666	0.014936	0.112489	0.010992	-0.094217	-0.038181	0.111332	0.059245	-0.090845	-0.059440	-0.088641	-0.127100	0.264273	-0.041767	-0.085901	0.063634	-0.083868	0.040385	-0.065899	0.142589	0.117880	0.153718	0.217782	0.111618	-0.045794	-0.059192	0.032292	-0.018745	-0.040857	-0.042444	-0.253232	-0.040795	-0.115256	0.056021	-0.127515	-0.049120	0.005855	-0.099079	-0.062713	0.120563	-0.134885	0.105895	-0.080198	-0.174433	0.020707	0.191365	0.077760	0.106427	-0.057006	-0.152831	-0.213569	0.048193	-0.212041	0.169074	0.216243	-0.122991	-0.009283	0.081981	0.108576	0.016197	-0.094335	-0.000249	-0.037167	0.020057	0.062525	0.035090	-0.104781	-0.051996	-0.105795	-0.011247	-0.006094	-0.013716	-0.181533	0.182837	-0.063619	-0.013054	0.026561	-0.045943	0.056776	-0.141330	-0.049385	0.031554	0.004624	0.039577	0.116412	0.054575	-0.016161	-0.000797	0.018994	-0.080193	0.154599	-0.099448	-0.001416	-0.019113	-0.027670	-0.010822	0.049080	-0.064290	-0.027810
0.012979	-0.095419	-0.037780	-0.127214	0.083058	0.106218	-0.083475	0.152436	0.218287	0.024775	0.023924	-0.020702	-0.070064	0.060829	-0.009085	0.011784	0.038777	-0.017972	-0.109893	0.015187	-0.009063	0.103455	0.129900	-0.153968	0.029949	-0.169913	-0.038250	-0.066602	-0.039857	0.011795	-0.000837	0.016871	-0.043670	-0.034743	-0.136688	0.049979	0.077195	0.009357	-0.022317	0.113831	-0.043305	-0.070202	-0.042454	-0.028584	-0.009532	0.064613	0.135627	0.155200	0.068264	-0.231732	-0.203320	-0.132568	0.097783	-0.110407	0.056344	0.078564	0.060638	-0.084382	0.140940	0.164809	-0.002738	-0.171605	-0.117651	-0.154991	-0.146546	0.304367	0.149687	0.096320	-0.077658	-0.003809	0.028723	0.132857	0.041819	-0.028894	0.100765	0.103883	-0.059981	-0.223521	-0.120564	-0.083187	0.095648	-0.061258	-0.058048	0.127507	-0.104022	-0.015646	0.035000	0.163591	-0.011254	-0.047642	-0.034916	0.038377	-0.014872	-0.001435	-0.087594	0.037356	-0.140122	0.014919	-0.111719	0.053028
0.054885	0.032159	-0.066160	0.164826	0.153364	0.123514	0.019595	0.065821	0.018212	-0.049760	-0.183389	0.057319	-0.039941	0.262702	-0.109317	-0.063327	0.079211	-0.261036	-0.033656	0.122135	-0.028007	0.020713	0.266681	0.013372	0.032731	0.006505	-0.054204	-0.006740	-0.017035	-0.119333	-0.042292	-0.138965	-0.038774	0.006711	-0.040092	-0.067627	0.049607	0.079823	0.073239	-0.095876	-0.016358	0.048261	0.071648	0.017805	-0.167750	0.088888	0.121826	0.017919	0.004397	-0.094368	-0.067250	-0.140633	0.040183	-0.030189	0.145203	0.129340	-0.062536	-0.039547	0.050610	0.156828	0.138927	-0.140764	0.096106	-0.095566	-0.065667	0.123301	0.095102	-0.016280	-0.217305	0.072846	-0.000757	0.140700	0.013064	0.023977	0.103081	-0.069860	-0.020406	-0.056729	-0.032753	0.200065	0.087512	-0.123398	-0.015734	0.043669	-0.080943	0.059537	0.009166	0.046384	0.066053	-0.176600	-0.158578	0.187184	0.076819	-0.046742	-0.017071	-0.140640	0.074787	0.066936	-0.014280	-0.064773
-0.063999	-0.041847	-0.018733	0.132109	-0.005921	0.092798	-0.148495	0.109791	0.023982	-0.054001	-0.049069	0.049385	-0.149205	0.044833	-0.111376	0.034241	0.161665	0.020091	-0.036436	0.013621	0.110825	0.053683	0.200625	0.053275	0.072380	0.028496	-0.069339	-0.173167	-0.098339	-0.067924	-0.031620	-0.187196	0.056349	-0.094450	-0.129228	0.121746	0.055551	-0.020685	-0.081564	-0.014768	0.087150	-0.046481	0.128407	0.093765	-0.164126	-0.107647	0.130228	-0.032210	-0.049995	-0.082044	-0.205494	0.029954	-0.064474	-0.151596	0.174434	0.130092	0.011216	-0.156860	0.060289	0.148477	0.144469	-0.091935	-0.051732	-0.030458	-0.145686	0.129598	0.024752	0.045017	-0.125994	-0.131067	-0.034681	0.011091	0.117087	-0.021693	0.174215	0.098757	-0.053999	-0.073601	0.030460	0.035827	0.068663	0.196635	0.037996	0.134943	-0.026316	-0.010581	0.110740	0.050655	0.043573	-0.238059	-0.159812	0.048538	-0.120022	-0.020874	-0.033427	-0.051290	0.010316	0.079053	-0.126084	-0.091372
-0.131740	-0.277131	0.037351	0.110271	0.164376	0.110515	-0.068983	0.022838	0.143234	-0.018806	-0.143732	-0.152982	-0.027808	0.061742	0.037748	-0.082981	0.099816	-0.168912	-0.043596	0.029088	0.060491	0.032258	-0.042155	0.083775	0.135146	-0.051396	0.066332	-0.020903	0.066813	-0.022327	0.132903	-0.136338	0.054153	0.074436	0.077758	0.168825	-0.075650	0.038977	-0.159458	0.109868	0.100077	0.087800	0.052301	-0.150164	-0.152139	0.010629	0.137921	-0.004309	-0.064686	-0.131798	-0.283411	-0.135411	-0.038313	-0.019509	0.088939	0.156431	-0.171636	0.081335	-0.051934	0.106615	0.095862	-0.030783	-0.090471	-0.085239	-0.142514	0.029316	0.116133	-0.030287	-0.092316	0.068008	-0.131807	-0.038519	0.065437	0.016195	0.053787	0.046381	-0.045398	-0.009536	-0.013796	0.046359	0.012001	0.117912	0.033245	-0.028570	0.036712	0.148302	-0.028856	-0.071671	-0.109660	-0.104828	-0.103431	-0.038552	-0.104713	-0.094361	-0.125134	-0.064416	0.169093	-0.015839	0.084819	-0.084653
-0.094600	-0.110011	0.165917	-0.008505	0.150005	-0.001499	-0.144657	0.135777	0.062314	-0.047759	-0.108568	0.057229	0.002761	0.241725	-0.107153	-0.107617	0.059962	-0.155330	0.011738	-0.072992	0.020576	0.172381	0.093336	0.041518	0.230103	0.108532	0.050025	0.041749	0.059713	-0.070810	0.127361	-0.047344	0.166047	0.025215	-0.093782	0.128855	0.055966	0.091223	-0.143818	0.168426	-0.056541	0.076380	0.047843	-0.058572	-0.161462	-0.111395	-0.014390	-0.020486	-0.014530	-0.018867	-0.152860	-0.277964	-0.059922	-0.066810	0.055872	0.136441	0.004748	0.030751	-0.045151	0.073239	0.146825	-0.036476	-0.015015	-0.104020	-0.130352	-0.055868	0.115462	-0.085479	-0.068749	-0.027189	0.027150	-0.098149	0.047964	0.009801	0.121563	-0.063525	0.048672	0.066165	-0.119719	0.145991	-0.003494	0.057201	0.011345	0.052199	-0.010618	0.016926	-0.071574	-0.189692	0.045070	-0.067567	-0.098144	0.130676	-0.161902	0.075853	-0.149598	-0.043593	-0.068775	-0.036587	0.007980	0.110462
-0.049891	-0.148891	0.193550	0.096672	0.175693	-0.026852	-0.094771	0.066579	0.190945	0.011699	-0.143370	0.062054	0.060004	0.138351	-0.019430	-0.161264	0.095500	-0.125426	0.004987	-0.001633	0.067052	0.141134	0.015229	0.196878	0.139228	0.003654	0.115074	0.112850	-0.007000	-0.077992	0.023337	-0.092432	0.128629	0.048293	-0.084648	0.138317	-0.069886	0.011484	-0.092079	0.045563	0.025438	-0.050697	-0.111738	0.007232	-0.170620	-0.053884	0.030359	0.032116	-0.047451	-0.058863	-0.220400	-0.215323	-0.067863	-0.036500	0.140311	0.221049	-0.024404	0.049963	-0.145436	0.120697	-0.022308	-0.037507	-0.096349	-0.000207	-0.131101	-0.069999	0.086860	-0.105967	-0.090266	0.031563	-0.018382	-0.023248	0.048834	-0.137753	0.149648	-0.089027	0.101302	-0.046173	-0.114919	0.170849	0.145263	0.089157	-0.002262	-0.074268	0.084325	0.097468	0.030211	-0.069414	0.057146	-0.061819	-0.057298	0.083285	-0.095944	-0.016015	-0.182908	0.096588	-0.050413	-0.028161	-0.001013	-0.041912
-0.030041	-0.178979	0.162523	0.155302	0.011152	-0.017676	-0.039208	0.139811	0.205210	-0.003205	-0.093294	-0.001581	-0.027059	0.225546	-0.123055	-0.055127	0.066682	-0.129702	0.098295	-0.112234	0.075583	0.096959	0.112342	0.178274	0.264680	0.004051	0.005583	0.023039	0.093446	-0.013591	0.058745	-0.059753	0.104218	0.031600	-0.135995	0.033155	0.006958	0.038350	-0.203317	0.098780	0.101308	-0.054353	-0.116270	-0.067726	-0.164414	-0.007889	0.033893	0.037971	-0.017365	-0.050590	-0.146860	-0.100903	-0.086199	-0.119650	0.172205	0.271828	-0.036996	0.049330	0.080600	0.024479	-0.016931	-0.011194	-0.119248	-0.089259	-0.002735	-0.121309	-0.067223	-0.081326	-0.161370	0.057657	-0.070482	-0.052925	0.079923	-0.142869	0.088840	-0.080505	0.132905	-0.033856	0.007426	0.110151	0.129943	0.077942	-0.024225	-0.030412	0.054274	0.020704	0.002792	-0.045821	-0.018747	0.023246	-0.138660	0.088963	-0.160237	-0.120307	-0.086063	-0.006522	-0.063684	0.027955	0.016224	-0.021465
-0.085078	-0.176167	0.226497	0.128702	0.065729	0.074349	-0.128738	-0.015826	0.060537	-0.102978	-0.076167	0.095180	-0.013799	0.271843	-0.153395	-0.098785	0.144127	-0.120284	0.000076	-0.030724	0.140479	0.080445	0.095662	0.081490	0.146233	-0.145412	0.014942	0.007464	-0.002073	-0.148595	0.002004	-0.055149	0.161916	0.034765	-0.101123	0.014636	0.141331	0.083537	-0.054232	-0.020917	0.171860	0.056249	-0.072435	-0.081553	-0.141907	-0.104255	0.027722	-0.181410	0.074087	-0.063071	-0.203714	-0.144751	-0.053135	0.059251	0.081946	0.156783	-0.106582	-0.072497	-0.001988	0.103479	0.084878	0.032405	-0.151493	-0.114356	-0.112225	-0.067616	0.075977	-0.026810	-0.113846	0.027150	0.038379	-0.061414	0.001266	-0.054879	0.014841	-0.050750	0.000255	0.020904	-0.122210	0.117958	-0.049337	0.146832	-0.127862	-0.067037	-0.024930	0.047333	-0.067219	-0.045111	0.002016	0.029119	-0.223690	0.133219	-0.103756	-0.012949	-0.076086	-0.006258	0.064913	-0.022911	-0.024796	-0.056791
-0.017856	-0.151998	0.035745	0.246613	0.080749	0.052462	-0.065982	-0.111227	0.075856	-0.078660	-0.088183	0.107977	-0.057444	0.113131	-0.109297	0.027248	0.044962	-0.194927	0.116791	-0.026777	0.148106	0.068567	0.111008	0.064480	0.282666	0.010222	-0.006796	-0.200910	0.119429	-0.142035	-0.030612	-0.227112	-0.004825	0.088936	-0.015805	0.048508	-0.015352	0.076395	-0.143488	0.046602	0.028524	0.103467	-0.005983	-0.115619	-0.231132	0.031962	-0.023317	-0.101254	-0.109109	-0.123089	-0.217079	-0.153659	-0.000419	-0.002934	0.154724	0.114575	0.010211	-0.001099	-0.071539	0.077432	0.035247	-0.114998	0.051678	-0.054458	-0.203268	-0.003573	0.029820	0.025496	-0.084948	-0.048156	0.043521	0.098403	0.053267	-0.073863	-0.031804	0.038117	0.071733	-0.006146	-0.080688	0.153267	0.053349	0.075760	-0.009004	0.076756	-0.097356	0.075522	-0.030744	-0.040500	0.027643	-0.159624	-0.104738	0.079131	-0.136472	0.024549	-0.117412	0.035876	0.032788	0.064386	-0.043828	-0.023955
-0.052056	-0.081626	0.185207	0.138562	0.063823	0.157840	-0.068311	0.039342	0.127669	-0.099973	-0.144790	-0.160928	0.016510	0.160530	0.043466	-0.095781	0.262817	-0.007511	-0.029527	-0.075262	0.062577	0.109180	0.094003	0.146979	0.063890	-0.037462	0.074541	-0.072452	0.002743	-0.031924	-0.125827	-0.146713	0.274332	-0.048169	-0.103053	0.061871	-0.037447	0.104002	-0.080706	0.002359	0.181950	0.107397	-0.065611	-0.128617	-0.050752	-0.125360	-0.050823	-0.037957	-0.084638	-0.011424	-0.072715	-0.252570	-0.013613	-0.165769	0.012527	0.136273	-0.007798	-0.042406	-0.022246	0.036417	0.052518	-0.012125	-0.138357	-0.056827	-0.173423	0.094854	-0.017484	-0.163198	-0.059188	0.139927	-0.055877	-0.026519	0.042201	-0.121821	-0.001256	-0.055013	-0.005502	-0.030721	0.025798	0.127187	0.120195	0.103741	-0.019281	0.036720	-0.110938	0.052288	0.011040	-0.041795	0.035832	0.040491	-0.206391	0.031465	-0.079188	-0.009933	-0.158890	0.042402	-0.090017	-0.005048	-0.033763	-0.036641
-0.019496	-0.049924	-0.027081	0.125713	0.158177	-0.121417	-0.142039	0.091431	0.198769	0.023717	-0.195625	0.094864	-0.120803	0.011676	0.071415	-0.149414	0.031063	-0.192038	-0.120783	0.025971	0.185605	-0.088645	-0.042032	0.173357	-0.005921	-0.051420	0.004547	0.149702	0.004674	-0.049724	-0.058175	-0.092840	0.035609	0.089848	-0.247651	0.113913	0.171456	0.126714	-0.060654	0.008528	-0.013570	-0.054171	-0.056367	0.046922	-0.179910	-0.015711	0.035634	0.092044	0.064661	-0.070466	-0.082098	-0.088442	-0.136846	-0.168207	0.120008	0.114399	-0.170125	-0.259144	0.167524	0.051707	0.033966	-0.180764	-0.035477	-0.113482	-0.021326	-0.064880	0.085525	0.029605	-0.011245	0.005787	-0.018300	-0.009167	0.051215	-0.174592	0.058958	0.015140	-0.191242	0.019798	0.006095	0.056522	0.038326	0.060778	0.008388	-0.046969	-0.011229	0.015115	-0.067336	-0.030369	-0.079764	-0.081836	0.047462	-0.000439	-0.068556	-0.039689	-0.023418	0.071056	-0.162398	0.007871	-0.006964	0.043243
-0.039249	-0.074832	0.129083	0.123510	-0.085210	0.018691	-0.098781	0.174890	0.107975	0.145263	-0.067288	0.091999	0.029547	0.133091	-0.075899	-0.063803	0.234383	-0.108657	0.063059	-0.014688	0.130783	-0.090681	0.030506	-0.030241	0.019500	0.070759	-0.049730	0.168772	-0.031078	-0.093415	0.114037	-0.133454	0.101220	-0.055589	-0.216304	0.091657	0.014321	0.002916	-0.081866	-0.116898	0.150612	-0.053561	0.025409	0.109303	-0.043159	0.013750	-0.092119	0.080289	-0.078356	0.047146	-0.218138	-0.053635	-0.020922	-0.072605	0.190345	0.024518	-0.079597	-0.116671	-0.158994	0.154833	0.012021	0.000004	0.093483	-0.025814	-0.008357	0.128994	0.102722	0.031067	-0.147537	-0.061923	-0.033158	0.085555	0.049855	-0.120809	0.139073	-0.055343	-0.105505	-0.046783	-0.108050	0.121578	-0.074770	0.093515	-0.026762	0.055624	0.054820	0.082464	0.089516	-0.002058	-0.003787	0.225724	-0.140736	0.040879	-0.162645	0.050796	0.155153	0.157773	-0.087973	-0.053500	-0.022585	0.021988
0.001325	0.052382	-0.017796	0.081829	0.016247	0.153943	0.123430	0.098017	0.034454	0.030930	-0.143088	0.005995	0.048303	0.054607	0.024892	0.035483	0.133416	-0.276951	-0.121378	0.137160	-0.052714	-0.021160	-0.044910	0.190390	0.212189	0.012553	-0.089750	0.113289	-0.178480	-0.088500	0.032339	-0.155430	0.029496	-0.105196	0.027518	0.042423	-0.160056	-0.027573	-0.011098	-0.007737	0.178009	-0.121954	0.018236	0.168585	-0.148489	-0.032342	0.037205	-0.019500	-0.004225	0.065037	-0.088069	-0.066846	-0.084704	-0.113986	0.145613	0.112117	-0.060451	-0.083720	0.172500	0.189379	0.092050	-0.023183	0.033281	-0.117054	0.058878	0.096614	0.100553	-0.031278	-0.037742	-0.076805	0.103265	-0.175239	0.173846	-0.215131	-0.012318	-0.042095	0.047924	-0.224293	-0.109709	0.110768	0.033683	0.072010	-0.010274	-0.025100	-0.057559	-0.041533	-0.030857	-0.069384	-0.097482	0.013230	-0.027172	0.111328	-0.089207	-0.082776	0.056683	-0.031321	-0.042325	-0.070417	0.044404	-0.055005
0.065834	0.073031	0.035957	0.096430	-0.033736	0.008833	-0.065396	0.030362	0.251863	-0.045237	-0.081704	-0.120549	0.006531	0.146892	-0.070057	-0.117835	0.058013	-0.041347	-0.092384	0.111963	0.166138	-0.035974	-0.006830	0.034030	-0.045390	0.044932	-0.041348	0.000271	-0.163324	-0.006405	-0.140897	-0.110299	-0.047073	0.100442	0.004383	0.060982	0.019089	-0.066511	-0.252916	0.083637	0.060554	0.055610	0.196651	0.088707	0.006829	-0.049105	0.005990	0.137006	0.147314	-0.023039	-0.166580	-0.065290	0.132998	-0.130768	0.211679	0.179056	-0.063868	-0.110273	0.048639	0.146684	0.017340	-0.113430	0.059455	-0.258175	0.030488	0.104997	-0.005319	0.006953	0.056216	-0.233064	0.084011	-0.083147	0.080489	-0.216554	-0.033966	-0.062478	0.001038	-0.119426	0.085946	0.012906	0.005901	-0.056468	0.023264	0.044268	-0.130450	-0.013995	0.019791	0.048234	0.109367	0.022661	0.035452	0.020105	-0.036860	-0.137076	-0.173096	-0.049293	-0.104660	-0.019312	-0.048147	0.003846
-0.026551	-0.010375	0.075300	0.116189	0.058176	-0.097019	0.039161	0.079010	0.103680	0.069385	0.096759	-0.049413	-0.089692	0.110384	-0.154615	-0.148058	0.124663	-0.153048	-0.024393	-0.014726	0.033589	0.034199	0.034398	0.035434	0.064272	-0.054985	-0.091221	-0.078633	-0.163081	0.136091	-0.101773	-0.183583	0.077137	0.072946	-0.189210	-0.010179	-0.051298	0.120380	-0.028381	-0.048438	0.218161	-0.162825	0.149374	-0.060970	-0.014701	-0.032168	-0.020675	0.003664	-0.002151	-0.044359	-0.042393	-0.069180	-0.070473	-0.124441	0.138252	0.231741	-0.136309	-0.232182	0.070380	0.019171	0.006008	0.051846	-0.154452	0.014405	-0.118872	0.052990	-0.001153	-0.055216	-0.073892	0.123085	0.011828	0.023396	-0.020276	-0.240437	0.048443	-0.090515	0.004760	-0.087716	-0.036971	0.094199	-0.031620	0.157043	0.131571	0.064805	-0.059709	0.126659	-0.008244	0.088305	-0.081010	-0.004163	-0.180058	0.135656	-0.149553	0.057175	-0.099270	0.063263	-0.116300	0.006833	-0.143256	-0.036511
-0.020392	-0.019650	0.035294	0.169260	-0.018428	0.124151	-0.043458	0.066604	0.006022	0.084496	0.008108	0.005120	0.046673	0.089794	0.112734	0.019201	0.114736	-0.014130	0.099707	-0.081000	0.013041	-0.151400	0.177599	0.084326	0.042839	0.145712	-0.125174	-0.093273	-0.152821	0.052368	-0.085402	-0.129713	-0.107848	0.039754	0.066258	0.108324	-0.167310	0.014353	-0.108738	0.094561	0.072818	-0.111710	0.020277	0.197845	-0.129820	0.178069	0.070072	0.002314	0.124555	0.080274	-0.064866	-0.045362	0.001854	-0.149631	0.203046	0.165540	-0.000950	-0.251356	-0.013657	0.108640	0.153817	-0.130255	-0.024732	-0.087301	0.081626	-0.030918	-0.019490	-0.014509	-0.074926	-0.021734	-0.104825	-0.121644	0.014781	-0.171984	0.078206	0.032759	0.055352	-0.219453	-0.039863	0.080551	0.003024	0.005120	0.050401	-0.016233	-0.080919	0.149706	0.246720	0.006322	0.063143	0.019521	0.055899	0.026470	-0.045147	-0.062263	-0.038254	0.142752	-0.074552	0.032430	-0.117046	0.098239
-0.131470	-0.042867	-0.007095	0.101912	0.047876	-0.085699	0.008919	0.056465	0.107829	-0.034796	-0.157013	-0.084060	-0.173097	0.042670	-0.080555	-0.069621	0.178265	-0.175315	-0.090658	0.121108	0.024937	-0.021064	0.036573	0.016411	0.110918	0.052259	-0.155120	-0.130513	-0.074127	-0.215799	-0.180502	-0.072276	0.043064	0.083015	-0.053388	0.157384	0.054490	0.004749	-0.239009	-0.034675	0.197922	-0.081066	0.055840	0.048822	-0.092787	0.103216	-0.019973	0.163834	0.059826	0.019721	-0.126951	-0.031490	-0.002127	-0.122567	0.123050	0.093251	-0.016081	-0.185642	-0.066702	0.142215	0.197939	-0.120324	0.052818	-0.185764	-0.030288	0.158339	-0.028532	-0.025028	-0.062045	-0.066584	0.084772	-0.095181	0.046694	-0.007564	0.030373	0.014623	-0.109529	-0.129039	0.013959	-0.048094	0.047329	-0.001600	0.036059	0.094687	-0.091790	-0.067033	-0.033589	0.205684	0.007994	-0.023738	0.102294	-0.026711	0.105803	-0.063673	0.113927	-0.047376	-0.023800	0.010952	-0.172173	0.045902
0.097932	-0.114060	0.029316	0.131867	-0.038036	-0.054170	-0.188607	0.267767	0.144855	0.033326	-0.060604	-0.011627	0.019534	-0.001534	-0.081384	0.033175	0.136826	-0.246633	-0.035075	0.029235	0.102930	-0.008948	0.180170	0.170238	0.079181	-0.005437	-0.123461	0.037632	0.075513	0.071558	-0.100396	-0.126503	0.096531	0.142455	-0.086273	0.007961	-0.103705	-0.042893	-0.145122	0.094163	0.029354	0.072677	-0.028389	-0.019781	-0.171349	0.029849	-0.060686	0.124279	0.149661	-0.024169	-0.007567	-0.127268	-0.065600	-0.066617	0.134469	0.074961	-0.135159	-0.098341	-0.066164	0.163041	0.002583	-0.069220	-0.138006	-0.140945	-0.158466	0.179907	0.079095	0.015769	0.119806	-0.010125	-0.016598	-0.025983	0.154364	-0.198927	-0.156710	-0.119328	0.022472	-0.044364	-0.067221	-0.024370	-0.013546	-0.007375	-0.060143	0.031983	-0.028512	0.084322	-0.043966	0.053912	-0.019680	0.092526	-0.058878	0.124571	-0.126493	-0.138304	0.037629	-0.019842	-0.073346	0.036144	-0.099284	0.031641
-0.092235	-0.099219	0.031569	0.151944	0.072936	-0.128499	-0.032308	0.040016	0.039213	-0.018389	-0.201508	0.006136	-0.001088	0.113745	-0.068124	-0.023003	0.135631	-0.191700	0.023233	-0.008551	0.067040	0.023497	-0.001876	0.121371	0.041311	-0.030497	-0.054321	0.127603	-0.102067	-0.023083	-0.065528	-0.151904	0.075451	0.055185	-0.096129	0.123764	-0.048944	0.049620	-0.251389	0.045444	0.041858	-0.040555	0.080460	0.030373	-0.205176	-0.082729	0.141612	0.080829	0.146475	-0.036829	-0.138484	-0.096117	0.119125	-0.196933	0.127094	0.026911	-0.000942	-0.019156	-0.025363	0.109478	0.059879	0.070777	-0.043782	-0.113667	0.095773	0.008646	-0.010054	0.045610	-0.070947	-0.132548	0.022363	0.032393	0.059917	-0.304237	0.084813	-0.062861	0.021925	-0.100584	-0.031503	0.234694	0.074802	0.114004	0.187554	0.103663	-0.030157	-0.010057	0.047512	-0.080682	0.020246	-0.059367	-0.090539	0.216885	-0.145591	-0.066286	0.064905	-0.099222	-0.037474	-0.007003	0.056837	0.046328
-0.012395	0.101962	0.061542	0.054483	0.116882	-0.091809	-0.066177	0.110961	0.168487	-0.072599	-0.066152	-0.115352	0.071119	0.128730	-0.076019	0.007728	-0.005164	-0.244547	0.047273	-0.080577	0.127026	0.006414	-0.093231	0.078069	0.114050	-0.164213	-0.083186	0.133868	-0.015984	-0.097771	-0.023310	-0.093029	0.038606	-0.125494	0.149559	-0.024446	0.012489	-0.068249	-0.012058	0.006794	0.120273	-0.074916	0.068775	0.070740	-0.130704	-0.052876	0.173476	0.018235	0.052859	0.015959	-0.029571	0.083222	0.019803	-0.008750	0.127497	0.176993	-0.037856	-0.176217	-0.060143	0.135303	0.062162	-0.278111	-0.033405	0.008506	0.006083	0.085061	0.137754	-0.005082	-0.143568	-0.170212	0.057737	-0.103038	0.005494	-0.320051	0.085829	-0.094438	-0.103661	0.072080	-0.002177	0.007866	-0.056659	0.016279	-0.009319	0.125592	0.095363	0.090810	0.075860	-0.021101	-0.012090	-0.081912	-0.007211	0.108170	-0.067125	-0.233040	-0.003693	-0.024205	-0.041488	0.011242	-0.067924	0.093794
-0.070252	0.067044	-0.028911	0.266408	0.078609	-0.005971	-0.072533	0.032951	0.116296	0.015803	-0.143257	0.025622	-0.053239	0.105872	-0.112462	-0.125769	0.086252	-0.110698	0.048345	0.059352	-0.060502	0.027952	0.007622	0.082334	0.101542	0.025483	-0.087228	0.050447	0.015375	-0.014010	-0.059278	-0.187982	0.039722	-0.119671	0.016619	0.012968	0.103586	0.105838	-0.048510	0.054457	0.070061	-0.135385	0.133107	0.093208	-0.088392	0.005482	0.095920	0.130782	0.137923	0.022640	-0.099439	-0.195901	0.113520	-0.202193	0.163393	0.085438	-0.008783	-0.013617	0.033306	0.232600	0.201077	-0.038528	-0.085669	-0.023633	-0.134021	0.141977	0.044055	-0.079704	-0.103296	-0.128780	0.043847	-0.148957	0.070496	-0.158147	0.094538	-0.145461	-0.063001	0.105655	0.001282	0.088090	0.084187	0.001537	0.133550	0.000866	0.022267	0.095683	0.030971	0.153342	-0.037300	0.104429	-0.072911	0.142829	-0.049271	0.010576	-0.083434	-0.201348	0.100520	-0.036912	0.061533	0.012739
-0.168978	-0.115866	0.087721	-0.083115	0.033628	0.041596	0.039025	-0.066781	0.074152	-0.043020	-0.183310	0.020233	-0.073119	0.046355	0.074098	-0.170561	0.045989	-0.135117	0.103970	-0.131441	-0.010038	0.007187	-0.190372	0.155151	0.117842	-0.104412	-0.111638	0.006075	-0.005552	0.012496	-0.044462	-0.251100	-0.080639	-0.080314	0.087786	0.031085	-0.018170	0.023519	-0.018803	0.019562	-0.079158	-0.071162	-0.100978	-0.037908	-0.050162	0.052229	-0.032767	0.021039	-0.126467	-0.077085	-0.146274	-0.093565	0.106754	0.008911	0.225741	-0.026572	0.017563	-0.060892	-0.046505	0.164258	0.075722	-0.127678	0.027111	0.061964	-0.048217	0.120993	0.023778	-0.028316	-0.295443	-0.016300	0.034783	-0.002954	0.309932	-0.035727	0.083177	-0.060136	-0.113212	-0.142103	-0.181281	0.093006	0.135462	0.053898	-0.022794	-0.053400	0.050911	0.004000	-0.048191	0.068261	-0.012250	0.037589	-0.189191	0.124869	-0.062332	-0.071821	0.035661	0.058435	0.057470	0.005920	-0.126487	0.044912
-0.048070	0.002345	0.060904	0.178892	0.204661	-0.078882	0.017667	0.164817	0.132965	-0.096185	-0.167538	-0.025304	-0.103351	0.116660	-0.034141	-0.198152	0.115647	-0.134434	-0.015254	-0.019096	0.095745	0.119620	0.067874	0.009607	0.123538	-0.069536	-0.052266	0.179380	-0.141689	0.125895	-0.060295	-0.180115	0.095248	0.028333	-0.097293	0.191638	0.106848	-0.002999	-0.166022	0.041081	-0.016475	0.040489	0.104818	0.021533	-0.119942	-0.029229	0.081749	0.114150	0.030756	-0.159403	-0.128255	-0.087029	-0.069335	-0.102003	0.146292	0.113868	-0.048943	-0.037340	0.143072	0.087405	0.149825	0.078418	0.048054	-0.083094	-0.118094	0.108243	-0.003368	-0.075538	-0.142949	-0.075615	-0.011317	-0.122089	0.138940	-0.110781	-0.022954	-0.171952	-0.045070	-0.115985	-0.122761	0.134836	0.029066	0.109512	0.032697	0.017636	0.054272	0.132984	-0.063130	0.022728	-0.017933	-0.023189	-0.028424	0.145802	-0.092496	0.049457	-0.018048	-0.030764	0.028855	0.068672	0.006149	0.031081
0.134697	0.095357	0.057278	0.080502	-0.083735	-0.167980	0.013451	0.137509	0.165999	0.017689	-0.065753	-0.071355	-0.064006	0.183359	-0.144991	0.002716	0.238369	0.003861	-0.014281	-0.014277	-0.090340	0.067830	0.036952	-0.003778	0.190650	-0.044981	-0.040821	0.126128	-0.017987	-0.058360	-0.024933	-0.165668	-0.112838	-0.157217	-0.009431	0.060737	-0.020357	0.099103	-0.042425	0.070806	0.062062	-0.018815	0.065350	0.170568	-0.184573	0.056638	0.115573	0.115140	-0.001641	-0.111307	-0.054927	-0.024914	0.175637	-0.085394	0.175850	0.190256	-0.064641	-0.046879	-0.057789	0.086835	0.024952	-0.026537	-0.071239	-0.095808	-0.035418	0.189411	0.013889	-0.146678	-0.275398	-0.094583	0.088165	-0.136463	0.069370	-0.107017	0.103243	-0.189418	-0.039331	-0.146952	-0.108358	0.096219	-0.006011	0.066821	-0.034485	-0.019054	0.068174	0.162431	-0.063296	0.048907	0.068638	0.045359	0.024443	0.046922	-0.011799	-0.066780	-0.041478	0.029958	-0.023581	0.011576	0.036280	-0.020537
0.047456	-0.031771	-0.007557	0.071984	0.034636	0.064326	-0.127004	0.162744	0.083194	0.052779	-0.026059	-0.081720	0.005295	0.093612	-0.121215	0.007928	0.026267	-0.135151	0.012564	-0.055088	0.200934	0.155932	0.185576	0.075326	0.049521	0.017214	0.037153	0.043430	-0.040079	0.137045	0.062963	-0.191079	-0.048362	-0.019694	-0.062129	0.014280	0.025575	0.104965	0.002590	0.028492	0.023714	-0.094396	0.100916	-0.086809	-0.052990	-0.132049	-0.016446	-0.076837	0.039019	-0.024100	-0.084323	-0.215227	-0.084596	-0.198356	0.208375	0.031630	-0.077857	-0.116705	0.115707	0.056730	-0.005737	-0.049916	-0.165308	-0.143418	-0.049088	0.010147	0.198546	0.045322	-0.129962	0.078668	-0.132720	-0.093094	0.182895	-0.181727	-0.029632	-0.121383	0.174828	0.055455	0.076313	0.157356	0.102518	0.087705	0.019450	0.135059	0.032065	0.042338	-0.130096	0.136879	-0.078613	-0.054197	-0.093725	0.073248	-0.070795	-0.126158	-0.068942	-0.042055	-0.168217	-0.037604	-0.063784	0.059913
-0.059444	0.008380	0.095906	-0.079305	0.117510	0.046359	-0.193211	0.062011	0.099939	-0.032335	-0.030074	0.121486	0.037254	-0.000250	-0.048801	-0.025834	0.066462	-0.183287	0.013465	0.002111	-0.061493	-0.046291	0.042384	0.108595	-0.006324	-0.003403	0.031872	0.016186	-0.131054	0.030213	-0.141574	-0.196167	0.016883	-0.031245	0.045751	0.002581	0.039205	-0.102069	-0.029068	-0.005951	0.064229	-0.191456	0.018912	-0.060352	-0.030518	-0.029651	0.109949	0.011619	0.018617	-0.151658	-0.053478	-0.017904	-0.010116	-0.075492	0.080860	0.086189	-0.149575	-0.069672	0.151593	0.098009	0.341818	0.061751	-0.057758	-0.112777	-0.180365	-0.109001	-0.050818	0.007331	-0.102650	-0.034295	0.019849	-0.098567	0.095825	-0.064826	0.112844	0.093087	-0.088627	-0.108909	-0.074826	0.069350	0.114379	-0.040472	-0.190892	0.031463	-0.097708	0.049384	0.333913	0.130303	-0.088104	0.028932	0.073200	0.111365	-0.007324	0.023905	0.006698	0.156479	0.188483	0.124187	-0.099699	0.019136
-0.057168	-0.021649	-0.041567	0.014153	0.103415	-0.085055	-0.136075	0.139609	0.090850	-0.035146	-0.230814	-0.224580	0.062934	0.086704	0.013893	-0.166784	0.115284	-0.166647	-0.100296	0.043338	0.138426	-0.012160	0.101265	-0.042577	0.133899	-0.148881	-0.108101	0.125041	-0.033578	-0.067062	-0.106238	-0.036432	0.058932	-0.001888	-0.088508	0.003710	-0.014818	0.037024	-0.240056	0.143963	0.108501	0.014516	0.131808	0.095713	-0.209520	-0.036437	0.109478	0.117152	0.192007	-0.073846	-0.110087	-0.081070	0.092197	-0.118719	0.083363	0.161275	0.039676	-0.119780	-0.025484	0.056221	0.136769	-0.092496	-0.030269	-0.154686	-0.042915	0.095459	-0.001575	-0.109668	-0.086250	-0.124118	-0.153023	0.051473	0.201146	-0.141432	0.009283	-0.097938	-0.063951	-0.036548	-0.032675	0.040216	0.066574	0.071380	0.063545	0.093344	-0.069857	-0.007315	0.012139	0.015800	-0.065306	0.065929	-0.146373	0.109423	-0.026489	0.000989	-0.038239	-0.055365	-0.008598	0.017419	-0.013198	-0.031821
-0.127011	-0.033722	0.172273	0.174308	0.079198	0.075195	-0.074232	-0.083670	0.110778	-0.086910	-0.235759	0.075476	0.050396	0.105279	-0.105349	-0.100162	0.168258	-0.211190	0.006193	0.009895	0.076061	-0.029143	0.066159	0.037462	0.085003	0.041044	-0.132533	0.013550	-0.067727	-0.121944	0.002769	-0.147942	0.052454	0.018852	-0.003587	0.058294	0.025144	0.120448	-0.061658	0.028449	0.118870	-0.001149	0.125605	0.174582	-0.251996	0.062070	-0.040295	0.019593	0.204165	-0.065986	-0.237276	-0.017028	-0.005625	-0.111913	0.114615	0.119138	-0.027784	-0.089659	-0.013593	0.123852	0.096828	-0.004492	-0.112355	-0.216050	-0.014181	0.071397	-0.054110	0.016418	-0.182168	0.059632	-0.000832	-0.069996	0.063050	-0.107867	0.030579	-0.081016	-0.005070	0.062583	-0.097361	0.183583	-0.020961	0.168246	-0.060119	-0.014250	-0.038267	0.102763	-0.066412	0.060994	0.001539	0.120619	-0.057728	0.098116	-0.110313	-0.098639	-0.047772	-0.057668	-0.057363	0.045136	-0.029474	-0.055070
-0.154633	-0.042898	0.188244	0.172483	0.041091	-0.055785	-0.090541	0.030090	0.149295	-0.055770	-0.133405	-0.076990	0.033344	-0.015236	0.060139	-0.118654	0.012882	-0.179747	0.013049	0.026203	0.101212	-0.041317	-0.022244	0.000759	0.032844	-0.002086	-0.045504	-0.089185	-0.063843	0.051158	-0.230052	-0.236541	0.122270	0.015454	0.009588	0.167764	0.003520	-0.060233	-0.008628	0.075831	-0.116205	0.060284	0.066972	0.105344	-0.029858	-0.098467	0.078595	-0.058791	0.095746	-0.055821	-0.218384	-0.101753	-0.046893	-0.122914	0.169978	0.257112	-0.046522	-0.023911	-0.095249	-0.024750	0.034474	0.033479	-0.072119	-0.175224	-0.042977	0.006164	0.004539	-0.088136	0.019015	-0.005611	0.020463	0.084750	0.132883	-0.090937	-0.036785	-0.109668	0.057035	-0.041587	-0.018661	0.031260	0.165261	0.193452	0.045713	0.193104	-0.073898	0.106593	0.163314	-0.087929	-0.106238	0.010652	-0.002131	0.151686	-0.092206	-0.179297	0.056091	-0.018777	0.037838	0.090255	0.062029	0.069500
0.051217	0.149134	-0.008075	0.052640	0.062906	0.062673	0.002521	0.067678	0.089424	-0.042420	-0.049481	0.089628	-0.130238	0.147429	-0.033646	-0.039478	0.026430	-0.064575	-0.044516	0.062219	0.072300	-0.000073	0.052549	-0.094572	0.037849	0.080346	-0.090172	0.157471	0.038070	-0.052597	-0.096850	-0.192054	0.064338	-0.050960	-0.045412	0.097591	0.154116	-0.094517	-0.115148	0.034266	0.049074	-0.012320	0.169295	-0.061052	-0.112191	-0.110935	0.128337	0.011721	0.109057	0.023090	-0.137733	-0.155809	0.042316	-0.156938	0.127461	-0.013943	0.115819	-0.112752	0.109209	-0.038513	0.054952	0.094225	0.018319	-0.114122	-0.058734	0.042325	0.101605	-0.140800	-0.208367	-0.019395	0.063309	-0.186697	-0.050469	-0.266505	0.106065	0.096762	-0.011057	0.137453	0.019018	0.129381	0.142158	0.014418	-0.002729	0.074754	0.028430	-0.004257	-0.017090	0.100313	0.029083	0.050468	-0.153191	0.341671	0.056657	-0.165547	0.033429	0.005200	0.093744	0.029676	0.020712	0.054723
-0.003153	-0.059399	-0.236777	0.083883	0.199971	0.186971	0.070898	0.078803	0.034918	-0.070600	-0.069849	-0.090715	0.060808	0.226398	-0.027334	0.183242	0.072964	-0.046910	-0.125095	0.047761	0.137376	0.176543	0.137590	0.004602	0.108997	0.103095	-0.011056	0.151328	0.063556	-0.045601	-0.000244	-0.043628	-0.006441	-0.046964	-0.082383	0.171841	0.159733	0.120817	-0.065750	0.057364	-0.037806	0.101646	0.034947	0.013383	-0.031966	0.121260	0.091391	-0.084070	0.090988	-0.009677	-0.158759	-0.061819	0.103531	-0.244322	0.061497	0.002993	0.138562	-0.003976	-0.099298	-0.091075	0.056122	0.010920	-0.039828	-0.023250	-0.032211	0.152351	0.099746	-0.096421	-0.062749	-0.019394	-0.052069	-0.070574	-0.051628	-0.171883	0.105128	-0.028402	-0.168921	0.029632	-0.122428	0.094392	0.094313	-0.045290	-0.006308	0.031685	0.016427	-0.011474	-0.067910	0.062302	0.039709	0.069026	-0.031111	0.199497	-0.025201	-0.066021	0.197090	-0.130321	-0.035743	0.020056	0.128441	0.075872
0.102867	-0.019741	0.070515	0.120487	-0.043539	-0.072911	0.133048	0.069010	0.074224	-0.037021	0.119035	0.030404	0.022482	0.234928	0.018797	0.038778	-0.050780	-0.121924	-0.171178	0.189943	0.046604	-0.024927	0.020237	-0.176479	-0.037460	0.017927	-0.054969	0.085364	0.140083	-0.104033	-0.010272	-0.180391	-0.095871	-0.005723	-0.123722	-0.069180	-0.040376	-0.007987	0.005383	0.038381	0.083138	-0.035732	0.076516	0.216139	0.165906	0.028172	0.029497	0.093288	0.042631	0.026584	-0.157214	-0.079488	0.057254	-0.254906	0.175086	-0.023845	-0.283850	-0.171086	0.032526	0.020822	0.179820	0.071140	0.015858	-0.081934	-0.104150	-0.004034	0.049843	-0.022787	-0.030610	0.015241	0.103567	0.014249	0.092708	-0.093494	-0.028312	-0.177227	-0.075423	0.092426	0.078156	0.062940	-0.031416	0.103729	-0.098714	0.125244	0.063501	0.097650	-0.000649	0.053384	-0.039170	0.051969	0.165073	0.113625	-0.028643	0.006115	0.078707	-0.112763	-0.116686	-0.018345	-0.014521	0.128097
0.062276	0.016516	-0.020803	0.026751	-0.003311	-0.072792	-0.107796	-0.023971	-0.089676	-0.116109	-0.075830	-0.135283	0.045046	0.183633	0.002298	-0.026659	0.014543	0.037714	-0.259542	0.200148	0.191850	0.074360	0.094025	-0.021025	0.025120	0.254038	0.015447	0.154748	0.015685	-0.001246	-0.073353	-0.031464	-0.085768	-0.021088	-0.068901	0.186475	0.002117	0.152308	-0.206480	0.046293	0.001051	-0.029096	0.060035	0.087452	-0.106109	0.005292	0.118302	0.101929	0.110806	-0.067906	-0.147360	-0.079025	0.096291	-0.271522	0.078238	0.044229	-0.059772	0.018072	-0.032194	-0.048495	0.075573	-0.081417	-0.041540	-0.107910	-0.034368	0.046807	0.076649	-0.217016	-0.093305	0.057228	0.063901	-0.145721	0.047854	0.043371	0.077606	-0.099290	-0.096796	0.111595	0.049143	0.027743	0.000601	0.042538	0.005750	0.145010	-0.052903	-0.026621	-0.102673	-0.026530	0.046195	-0.033168	-0.161275	0.280474	0.033124	0.025701	0.014709	-0.113878	0.000732	-0.051992	-0.054212	0.041229
0.076620	0.025689	0.157267	0.065345	0.046330	-0.104809	-0.163496	0.001678	0.125255	-0.081485	-0.159052	0.023191	0.137395	0.100621	-0.078266	-0.160340	-0.012710	-0.018766	-0.021723	0.083137	0.019086	-0.086321	0.036430	0.191251	0.145976	-0.015595	-0.183717	0.163386	0.048637	0.085256	0.091714	-0.160491	0.028303	0.042703	-0.035562	0.286406	0.066404	0.134395	-0.047132	-0.011899	0.061762	-0.082686	0.071308	0.036178	-0.042023	-0.090532	0.146072	-0.037056	0.058325	0.092943	-0.201902	-0.135653	-0.181287	-0.088098	0.031862	-0.127972	-0.009440	-0.039113	0.022711	0.085836	0.088934	-0.070064	-0.022082	-0.002861	-0.056153	-0.105342	0.093752	-0.087838	-0.110450	0.136346	0.078807	-0.115290	0.034168	-0.090473	0.102737	-0.099625	-0.003347	0.086808	-0.020118	0.048270	0.133076	-0.131416	-0.056380	0.156636	0.026930	-0.021597	0.112368	0.061105	-0.061940	-0.025367	-0.265520	0.166734	-0.030052	0.082906	-0.006684	-0.034460	-0.044237	0.066248	-0.041289	0.049245
0.094316	-0.079335	0.031515	0.019011	0.025737	-0.012736	-0.001537	0.082580	0.150451	-0.227131	-0.012142	0.053851	-0.003445	0.151379	-0.004468	-0.016276	0.043483	-0.156673	-0.028890	0.026835	0.089840	-0.198278	-0.053640	-0.120941	0.024921	0.100208	0.048479	0.141281	-0.059213	-0.029244	-0.020745	-0.182024	0.085068	-0.002471	-0.058959	0.093612	0.058679	-0.014980	-0.070428	0.066487	0.073128	-0.011566	0.104359	0.255278	-0.036881	-0.111268	0.154208	0.017084	0.044555	0.104942	-0.162961	-0.084978	0.066246	-0.175784	0.171111	0.012120	0.097908	-0.121047	0.103848	0.037401	0.095553	0.039655	-0.082734	-0.154171	0.058054	-0.030032	0.071947	-0.049978	-0.290963	-0.074442	0.019998	-0.064197	0.046932	-0.184818	0.163583	0.074974	-0.060599	0.136073	0.114561	-0.010487	-0.000913	0.158311	-0.031760	0.029266	-0.018517	-0.140044	0.041759	-0.035061	-0.005120	-0.090135	-0.081164	0.139776	-0.059414	-0.100620	-0.089890	0.127509	-0.101168	0.139230	0.067146	0.057898
0.094687	0.019032	0.033732	0.199037	-0.076466	-0.016369	-0.056188	0.132389	0.163900	-0.097559	0.041326	-0.118831	-0.159037	0.110239	-0.140928	-0.118748	0.143360	0.060216	-0.033752	0.043484	0.209380	-0.002067	0.061120	-0.076093	0.192573	-0.006380	-0.087200	0.103835	0.065778	0.030323	0.080736	-0.136690	0.084591	-0.072429	-0.173091	0.093182	0.047678	0.093006	-0.100410	0.099801	0.099211	-0.011484	0.077920	0.057455	0.007878	0.019136	0.048463	0.175880	0.074192	-0.077574	-0.167665	-0.202005	-0.016568	-0.130920	0.072900	-0.012598	-0.081456	-0.181780	0.066400	-0.057478	-0.067899	-0.160124	-0.067889	-0.115674	0.010567	0.058689	0.016742	-0.138985	-0.156998	0.039474	-0.034752	0.018265	-0.025197	0.147359	-0.012231	-0.215689	-0.018956	-0.000906	0.211833	-0.093554	-0.019816	0.061538	-0.007745	0.158845	-0.047375	0.059659	-0.126173	-0.013353	0.059325	0.042976	0.115047	0.123215	0.038610	0.003449	0.097071	-0.002643	-0.154615	-0.057096	0.029492	-0.030090
0.026365	-0.009221	-0.015381	0.020547	0.059019	-0.206737	-0.260126	-0.000287	-0.071311	0.045321	-0.097068	-0.079711	0.011705	-0.050321	0.027375	-0.127169	0.059602	0.062333	-0.069296	0.013290	0.213877	0.052958	0.045640	-0.035108	0.089941	0.232269	-0.165736	0.180450	0.017188	-0.138674	-0.014625	-0.106414	0.039468	0.091905	-0.060786	0.059783	0.152680	-0.061613	-0.175045	0.077862	-0.117997	-0.044010	0.090951	0.118762	-0.019231	-0.099289	0.068499	0.139487	0.044454	-0.083369	-0.033278	-0.061838	0.142437	-0.137749	0.109645	-0.040915	-0.091641	0.029254	0.028578	0.105483	0.140816	-0.073595	-0.013593	-0.074561	0.086800	0.010255	0.031112	-0.050716	-0.058759	-0.143711	0.056475	0.046912	-0.055476	-0.230191	0.142396	-0.094135	0.147722	-0.021326	-0.009905	-0.065050	-0.090400	-0.012006	0.180548	0.151664	-0.093348	-0.126093	-0.112471	-0.019210	0.141119	-0.026436	-0.051600	0.168859	0.078325	-0.123797	0.037234	-0.057198	0.049635	0.093605	0.093679	-0.010570
0.127539	0.005396	0.096642	0.099865	-0.172599	-0.267733	0.005798	-0.001306	0.267977	-0.043260	-0.124952	0.005307	0.024255	0.095426	-0.042360	0.008659	-0.036920	-0.041335	-0.024340	0.095818	0.211515	-0.098949	0.055593	0.013633	0.065820	0.005163	-0.172479	0.140176	-0.026993	-0.077947	-0.055184	-0.134584	-0.110492	-0.082500	-0.050300	0.029781	-0.037772	0.002941	-0.213302	0.120446	0.004572	-0.031474	0.086866	0.132321	0.020485	-0.071164	0.034992	0.078185	-0.021183	0.008064	-0.049089	-0.151285	-0.084849	-0.146895	0.112993	-0.010957	-0.153978	-0.144605	0.058490	0.041350	0.031524	0.005987	-0.059395	0.015811	0.120344	0.041429	-0.046775	0.024597	-0.230025	-0.060291	0.106518	-0.135656	0.094555	-0.185726	0.031934	-0.162424	-0.223019	-0.080774	0.009263	-0.080009	-0.001593	0.069988	-0.013599	0.095859	-0.095912	-0.111359	0.019136	0.004844	0.022369	-0.002978	-0.171380	-0.008198	-0.101515	0.038150	0.061912	-0.056303	-0.160852	0.104229	0.009364	0.064504
0.096172	-0.142661	0.122647	0.222531	0.000231	-0.019946	-0.126350	-0.013233	0.041945	-0.152897	0.072065	-0.081594	0.003445	0.012327	0.063230	-0.058820	0.078221	-0.167033	-0.174860	0.178383	0.179678	0.011968	0.131322	0.009447	0.014701	0.074027	-0.020886	0.036827	0.058193	-0.107220	-0.018739	-0.038147	-0.023127	0.080621	-0.072353	0.181952	0.005540	0.106726	-0.189822	0.107023	0.197656	-0.169801	0.016999	-0.002392	-0.115919	-0.097430	0.006008	-0.004147	0.115032	0.003146	-0.141123	-0.164933	0.018389	-0.188102	0.037269	0.061520	-0.060534	-0.048355	-0.020286	-0.057064	0.116398	0.014694	-0.074815	-0.068120	0.038775	-0.025794	0.117053	-0.142982	-0.092868	0.006148	-0.122895	0.003243	-0.089347	-0.115211	0.018983	0.018554	-0.123338	0.126403	0.236712	-0.047697	-0.061202	0.118152	0.061157	0.079525	-0.034306	-0.008044	-0.077330	-0.095045	-0.105441	-0.026630	-0.128204	0.130141	-0.195191	-0.056682	0.102419	-0.036739	-0.044418	-0.149839	0.032382	0.067432
-0.052666	0.004671	0.224705	0.114064	-0.088013	0.087781	-0.080034	0.008615	0.036791	-0.061027	-0.093179	0.043856	0.051854	0.151404	-0.080225	-0.168251	-0.066768	-0.021200	-0.070596	0.061388	0.084128	-0.162029	0.041242	-0.082962	0.227186	0.061419	-0.141519	0.137156	0.013004	0.052266	0.032261	-0.094661	0.078579	-0.019229	-0.108746	0.195556	0.060744	0.028361	-0.029570	0.032310	0.193723	-0.043763	-0.044637	0.027333	-0.125529	0.000018	0.002923	-0.039888	0.095573	-0.032856	-0.284648	-0.128189	0.025164	-0.117745	-0.001120	-0.001416	0.048272	0.004878	0.172911	-0.102903	-0.047244	-0.128767	-0.084493	0.066105	0.078756	-0.026413	-0.126001	-0.124681	-0.126898	-0.010854	-0.142763	-0.108724	-0.080043	-0.070555	0.211820	-0.046557	-0.081571	0.031860	-0.007236	0.067345	0.041107	0.043891	-0.085211	0.148632	-0.005116	-0.038824	-0.077777	-0.110859	0.002032	0.110657	-0.103104	0.055889	-0.123005	-0.108311	0.076108	-0.103435	0.054789	-0.168497	0.209995	-0.004484
0.029100	-0.093320	0.003993	-0.041939	0.093677	0.132650	-0.098802	0.172358	0.093513	-0.135368	-0.070796	0.099511	0.032045	0.088346	0.102435	-0.036230	0.177089	-0.221535	0.063800	-0.043784	-0.019077	0.123256	-0.062658	-0.068754	0.074894	-0.003387	-0.026881	-0.001871	0.043355	0.052202	0.025355	-0.242660	0.208913	-0.040058	0.057759	0.027795	0.051747	0.004696	-0.166298	-0.045667	0.166200	-0.162388	-0.038341	-0.173809	-0.104962	-0.008709	0.125594	0.149368	0.056702	-0.041010	-0.034428	-0.039289	-0.041794	-0.131851	0.050279	0.148313	0.006003	-0.064496	0.011109	0.239010	-0.006261	0.024350	-0.093348	0.017588	-0.061613	0.014383	0.154143	-0.002538	0.048161	-0.032080	-0.076526	-0.063894	-0.019873	0.070553	-0.018942	-0.049141	-0.085673	-0.010471	-0.069474	0.129537	-0.031000	0.124849	0.081503	-0.121354	-0.045000	-0.016772	0.133430	-0.136913	0.020578	0.044231	-0.184445	0.269649	-0.223238	-0.047018	-0.111424	0.059587	0.015399	0.050848	-0.066627	-0.025467
0.001238	-0.053266	0.014864	-0.131467	0.017167	-0.127803	0.012645	0.087610	0.180684	0.023364	-0.120250	-0.026186	-0.022637	0.040709	0.024886	-0.012953	0.140378	-0.173218	0.025538	-0.043807	0.028017	0.106742	0.164412	0.111907	0.193033	0.012475	-0.152142	0.072411	-0.083102	0.128986	-0.074512	-0.147902	0.061005	0.073859	0.001620	0.064964	-0.119207	0.059177	-0.011329	0.088181	-0.066348	-0.100686	0.010347	-0.112187	-0.048551	-0.036044	0.064523	0.016273	-0.016768	0.084902	0.037588	-0.166410	-0.079239	-0.215742	0.194124	0.101394	-0.074346	-0.097205	0.141705	0.119051	-0.041881	-0.046161	-0.226780	-0.052904	-0.071271	0.120511	0.026756	-0.060982	0.027572	-0.031287	0.164133	-0.173602	0.068072	-0.338871	0.053697	-0.111619	-0.012538	-0.032801	-0.069043	0.007511	-0.064013	0.086160	0.085409	0.018922	-0.007383	-0.083592	-0.049842	-0.019744	-0.049632	-0.076731	-0.066357	0.055405	-0.256692	-0.033512	0.028223	0.009142	-0.138796	0.057694	-0.066929	-0.021122
0.039057	-0.080750	-0.036623	0.114800	0.215823	0.030583	-0.073840	0.095382	0.112240	0.002391	-0.153130	-0.058018	-0.088201	0.108636	-0.131844	-0.035414	0.103455	-0.202226	0.029339	-0.062076	0.071323	0.105432	-0.045373	0.147670	0.076993	-0.019341	0.073496	0.093060	0.012612	0.074116	-0.072750	-0.238107	0.052515	0.185116	-0.030769	0.017031	-0.022231	0.204892	-0.137766	0.029816	-0.081602	0.045922	0.056415	0.106097	-0.086292	-0.076389	-0.066888	0.151853	-0.026904	-0.137376	-0.078631	-0.092336	-0.080239	-0.135359	0.170175	0.198038	0.010533	0.033174	0.057424	0.104329	0.081671	0.126781	-0.112476	-0.201293	-0.076366	0.076894	-0.035407	-0.009081	-0.011249	0.017345	-0.027496	0.072403	0.128726	-0.178559	-0.080609	-0.043012	0.104080	-0.094033	-0.069129	0.173457	0.016286	-0.013874	-0.062702	-0.014300	-0.186198	-0.094660	-0.056452	0.050507	-0.071004	-0.063048	-0.130532	0.105850	-0.130618	-0.003154	-0.025907	0.076074	0.068383	0.047124	0.132292	-0.013136
-0.056535	0.010452	0.124815	0.092996	0.125774	-0.011226	-0.222886	0.095009	0.153916	0.035822	-0.117423	-0.063476	-0.065872	0.137623	0.098989	-0.040488	0.174039	-0.136734	-0.039064	0.041246	-0.040024	0.035427	-0.045598	0.030284	0.040754	0.000109	-0.024048	-0.191015	-0.089633	0.017603	-0.191042	-0.042350	0.007049	0.055050	0.013429	0.065707	-0.039623	0.037656	-0.199212	0.120049	-0.037308	0.021607	0.049555	0.148200	-0.120896	0.060698	0.016190	0.062094	0.094949	-0.042007	-0.001638	-0.129811	0.033957	-0.214447	0.162773	0.125804	-0.060117	-0.099236	0.081610	0.140420	-0.000555	0.034330	-0.012774	0.036977	-0.000032	-0.034070	0.114546	-0.035085	-0.090272	-0.068977	0.132928	0.056070	0.198477	-0.105660	0.045415	-0.143799	0.058248	-0.125947	-0.031964	0.201727	-0.136001	0.092430	0.140505	-0.076737	-0.111234	0.231977	0.004917	-0.045618	-0.020491	0.119797	0.001426	0.172770	-0.097879	-0.036332	0.027424	-0.024341	-0.189666	0.052527	0.003459	-0.061675
-0.074225	0.027656	0.018923	0.113612	0.030617	0.177553	-0.020343	0.066353	0.249951	0.089886	-0.004039	0.008033	-0.123039	-0.091739	-0.163799	-0.044743	0.069008	-0.118269	0.118347	0.039453	-0.033179	0.042123	-0.074470	0.052472	0.181879	-0.019584	-0.098726	0.070839	0.087912	-0.019687	-0.024192	-0.058766	0.089535	0.094445	-0.058675	0.136970	0.074651	-0.104237	-0.018200	0.053592	0.066619	-0.089775	0.061859	0.084483	0.114420	-0.068211	-0.012140	0.242705	0.056321	0.145979	-0.058599	-0.024812	0.025025	-0.165225	0.185799	0.135143	-0.091907	-0.050670	0.129658	0.215932	0.136055	-0.041619	-0.015680	-0.049032	0.128147	0.076757	-0.040117	0.059526	0.013908	-0.114984	0.084824	0.007814	0.120260	0.112514	0.031939	0.043814	0.005187	-0.053492	0.016005	0.064374	0.135500	-0.002134	0.012520	-0.089196	-0.113804	-0.000959	0.124608	-0.051196	-0.038233	-0.068712	0.200246	0.027822	-0.294251	-0.151640	-0.055966	0.149984	0.023664	0.121176	-0.037275	0.081862
0.105975	0.086423	0.034434	0.003314	-0.029449	0.029408	-0.107327	0.149691	0.187950	-0.029549	-0.231635	-0.041224	-0.104014	0.056244	-0.165375	0.001136	0.128145	-0.141712	0.052136	0.034535	0.205211	0.037071	0.088097	0.148712	0.098001	-0.100978	-0.076896	0.101272	-0.071274	-0.057158	0.050840	-0.170708	0.155674	0.142257	-0.107710	0.070886	0.069878	-0.007880	-0.139214	-0.010335	0.091011	-0.050719	0.102456	0.071750	-0.186927	-0.131858	0.058580	0.110843	0.119353	-0.050053	-0.064153	-0.097000	-0.078067	-0.122571	0.182435	0.046383	0.034173	-0.118863	0.198469	0.081171	0.049699	-0.110614	-0.133496	-0.072784	0.032731	0.021588	-0.027628	-0.006145	-0.008378	-0.080745	-0.026395	0.040760	0.157079	-0.153244	-0.065727	-0.064627	0.058484	-0.003345	0.032145	0.114807	-0.040606	0.079803	-0.034461	0.177163	-0.094026	-0.132571	0.037620	0.008543	0.048539	0.007903	-0.125013	0.098705	-0.208322	-0.008377	0.019449	0.068678	-0.021221	0.124933	-0.093264	0.023393
-0.015670	-0.073285	-0.056926	0.161513	0.098473	0.044153	-0.027080	0.056025	0.166007	-0.103841	-0.093892	-0.013826	-0.070199	0.186767	-0.102586	-0.116070	0.151481	-0.052529	-0.115748	-0.033960	0.156016	0.025866	-0.021694	-0.006946	0.076982	-0.038586	0.036458	-0.099601	0.000482	0.025546	0.014123	-0.135199	-0.071393	0.057542	0.060316	0.133520	0.128490	0.101467	-0.198718	-0.092026	0.050185	0.054514	0.090813	-0.002620	-0.061975	-0.021145	-0.025750	0.093131	-0.056767	-0.143442	-0.122645	-0.000830	0.078138	-0.165686	0.092760	0.176152	0.066647	0.050275	0.086151	0.065980	-0.013371	-0.056258	0.073755	-0.029994	-0.061173	0.153779	0.109084	-0.003006	-0.212519	0.062099	-0.158172	0.017081	0.179614	0.030715	-0.139732	-0.141440	0.043427	-0.034146	0.068720	0.017950	0.014697	0.076066	-0.005858	0.072974	-0.322765	0.030936	-0.175602	0.022716	-0.071711	-0.052172	-0.165791	0.024451	-0.030690	0.049288	-0.217011	-0.134750	-0.018366	-0.031536	-0.116707	0.022504
-0.006217	-0.136546	-0.054500	0.105355	0.096986	-0.014785	0.017337	0.050820	0.115755	-0.027567	-0.183216	0.009873	-0.072401	0.176686	-0.052768	-0.094040	0.157592	-0.160027	-0.147998	-0.054035	0.108541	0.144756	0.135455	0.167881	0.155951	0.004260	0.069565	-0.028783	0.051212	-0.025620	0.030061	-0.174113	0.063257	0.024221	-0.112931	0.263138	0.144224	0.124336	-0.155809	0.038113	0.049571	0.050142	0.042684	0.020637	-0.096516	-0.008042	0.035695	-0.024077	0.071416	-0.139644	-0.056286	-0.160047	0.064343	-0.198798	0.040034	-0.042510	0.044239	0.007325	-0.069948	0.093821	0.092050	-0.083353	-0.126968	0.001721	-0.131753	-0.002817	0.121541	-0.067051	-0.062782	0.009768	-0.022353	-0.100719	0.059929	0.000067	-0.071825	-0.075073	-0.024573	-0.108035	-0.016586	0.146944	0.057002	0.069842	0.097068	0.104686	-0.255638	0.116904	-0.216545	0.023680	0.023967	0.037570	-0.079970	0.124979	-0.066394	0.016596	-0.020217	-0.071169	-0.115767	-0.141749	-0.016672	-0.047974
-0.049445	0.000694	0.224883	0.249960	0.094351	0.019811	-0.099066	0.131238	0.047872	0.046585	-0.195211	0.000107	-0.027159	0.192557	-0.042240	-0.054007	0.140238	-0.188911	-0.049195	0.027359	0.090978	0.079618	-0.077768	0.078165	0.061713	0.011368	-0.175872	0.108490	-0.079927	-0.068981	-0.049567	-0.179494	0.112792	0.117729	-0.044242	0.047359	0.077872	0.090742	-0.103907	-0.049193	-0.076901	0.030002	0.045729	-0.033781	-0.300569	-0.027944	0.065370	0.028545	0.025910	-0.068555	-0.154437	0.007267	0.016570	-0.164893	0.113883	0.229259	0.039914	0.009023	-0.031865	0.154480	0.010490	-0.061015	-0.044565	-0.142557	-0.158188	-0.014358	-0.021210	-0.069624	-0.169102	-0.001460	-0.026506	-0.017716	0.038598	-0.044412	0.024136	0.031511	-0.046230	-0.014112	-0.074241	0.152304	-0.028791	0.137340	-0.080672	0.037607	0.005065	0.066539	0.050881	0.042816	-0.093511	-0.009615	-0.225208	0.067741	-0.115706	-0.023994	0.020957	0.116897	-0.024286	0.070024	-0.121237	-0.026337
-0.090475	-0.091556	-0.005415	0.220774	0.071559	-0.019971	-0.043050	0.066188	0.146847	-0.107886	-0.167185	-0.009417	-0.107394	0.124491	-0.090973	-0.064428	0.230924	-0.238165	0.121925	-0.054275	0.093727	0.007045	0.089093	0.044865	0.098477	-0.026504	0.076257	0.067860	-0.030375	0.017860	-0.030006	-0.216971	0.166903	0.057109	0.010506	0.169263	-0.042663	0.010349	-0.094239	0.110883	-0.029121	0.029591	-0.000584	0.032530	-0.287210	-0.028700	0.064880	-0.033008	0.059842	0.040013	-0.114581	-0.148447	-0.071086	-0.175031	0.127460	0.156829	0.009304	-0.193118	0.097556	0.049000	0.051728	0.040239	-0.034501	0.007311	-0.189335	0.013624	0.010524	0.051214	-0.025189	0.033574	-0.064219	-0.004735	-0.033351	-0.049933	0.014733	-0.032672	0.136192	0.049151	0.037886	0.202744	0.236267	0.062906	0.065009	0.011589	0.062520	0.101091	0.024285	-0.059937	0.055025	0.049444	0.033726	-0.011732	-0.103027	-0.061057	0.086552	-0.080992	-0.139639	-0.060835	-0.064092	-0.038235
-0.007979	-0.084866	0.020381	0.154554	0.100281	-0.040583	-0.004375	0.113556	0.122317	-0.112687	-0.078231	0.043525	-0.060387	0.130604	-0.062569	-0.112670	0.123972	-0.262211	-0.004446	0.086458	0.067973	0.008156	0.117279	-0.047148	0.137542	0.002152	-0.062102	-0.023550	-0.107236	-0.101305	-0.093727	-0.129971	0.161344	-0.003928	-0.158640	0.217932	-0.090738	0.010606	-0.197297	0.079097	-0.027407	0.177294	-0.027224	0.021947	-0.146169	0.040971	0.057757	0.104262	-0.010509	-0.236486	-0.118737	-0.099949	0.037054	-0.091274	0.096301	0.176056	-0.111886	-0.209176	0.031831	0.055589	0.091837	0.031626	-0.108978	0.031260	-0.050988	0.091310	-0.039349	0.041233	-0.009116	-0.058524	0.027192	-0.026719	0.026803	-0.058952	0.184601	-0.008656	-0.049053	0.117689	-0.080666	0.096307	0.020793	0.127375	0.024550	-0.082927	0.163749	0.149399	-0.067048	0.055397	-0.062769	0.029950	0.054726	0.084068	-0.081671	-0.172694	0.062578	-0.040249	0.080369	-0.126362	0.048810	-0.003401
-0.072096	-0.162874	0.131237	0.268523	0.002009	0.010621	-0.074148	0.041113	0.030846	0.022083	-0.121424	0.019935	-0.064921	0.115753	-0.048746	-0.108000	0.149935	-0.252420	-0.127765	-0.034785	0.034468	0.019926	0.097956	0.076734	0.189844	-0.019499	0.013902	0.151127	-0.085267	-0.122748	-0.012886	-0.079356	0.188532	-0.023283	-0.089372	0.019787	-0.013324	0.039645	-0.156235	0.143242	0.074711	0.060575	-0.080499	0.044767	-0.143083	0.064267	0.028808	-0.149545	0.003142	-0.077745	-0.270758	-0.158580	-0.051199	-0.073777	0.177544	0.180364	-0.059722	-0.008435	0.081151	0.100210	0.117878	0.073119	-0.032241	-0.047270	-0.051642	0.086674	0.064308	0.020252	-0.138349	-0.029423	-0.027587	0.003147	0.093862	0.019742	0.016986	-0.107404	-0.086349	0.078220	0.036295	0.133042	0.060903	0.093667	-0.033754	0.006288	0.031810	0.033575	-0.051309	-0.163494	-0.052798	-0.090412	-0.103874	0.101634	-0.202148	-0.049472	-0.041960	-0.020086	0.045131	-0.076453	-0.133506	-0.026938
-0.016949	0.110360	0.071083	0.212268	-0.067852	-0.063902	-0.043613	0.062490	-0.045353	-0.071963	-0.160167	0.134091	0.013442	0.036874	-0.161455	-0.047553	0.132735	-0.116358	-0.014825	0.100325	0.233144	0.050714	-0.087894	-0.008410	0.146465	-0.051519	-0.037862	0.119671	0.023577	-0.012377	-0.006525	-0.143644	0.012988	0.069803	0.004072	-0.093743	0.063997	0.081471	-0.063042	0.056917	-0.057491	0.222394	-0.003665	0.144380	-0.157256	-0.057437	-0.064851	-0.001076	0.101221	-0.022040	-0.139536	-0.006150	-0.015656	0.125888	0.218685	0.114080	0.117594	0.083044	0.092618	0.106718	0.133403	0.119807	-0.083072	-0.153971	-0.098606	0.145966	0.084097	0.120277	-0.120435	0.012103	0.072893	0.086472	-0.042286	-0.202375	0.056095	0.067009	0.033262	-0.044487	0.085843	0.155750	-0.016802	0.028157	-0.104960	0.010111	-0.107530	-0.025620	0.032785	0.134181	0.071168	-0.070111	-0.216605	0.039336	-0.141793	-0.151965	0.109252	0.041567	-0.000167	-0.001301	0.001027	0.050994
0.051829	-0.056353	0.019891	0.011631	0.136302	0.151734	-0.044243	0.160788	0.021335	0.002519	0.014282	-0.011755	0.049659	0.155677	0.052607	-0.005273	0.109150	-0.020772	0.046368	-0.129419	0.062524	0.111908	-0.141791	0.187107	-0.060371	0.076779	0.074170	0.053112	-0.020602	0.264803	-0.090310	0.030629	0.091980	0.141755	-0.072336	-0.077800	-0.132513	-0.016192	-0.139318	0.063219	0.072530	-0.051515	0.092558	0.011998	0.055071	-0.079941	0.083429	0.184557	-0.102667	-0.012692	0.030280	-0.037028	0.034047	-0.155894	0.042261	0.089933	-0.180742	-0.069844	0.013515	0.106662	0.177415	0.045163	-0.009279	-0.202227	-0.110947	-0.033397	-0.002068	0.020103	0.056624	-0.086719	-0.123709	-0.118919	-0.034692	-0.145178	-0.014164	0.029877	-0.006161	-0.089951	-0.048524	0.043828	-0.161992	0.090299	-0.092221	0.184122	-0.240531	0.079708	-0.064263	-0.014333	-0.022994	-0.069207	0.008598	0.213820	-0.135415	0.104033	-0.093952	-0.007681	0.034170	0.120604	0.050998	-0.175891
-0.077144	-0.033347	-0.118209	0.167727	-0.060453	-0.059765	-0.004291	-0.030680	0.247848	0.054947	-0.051864	-0.127400	-0.157620	0.037803	-0.015072	-0.045957	0.214377	0.085892	0.072087	0.055305	0.144390	0.106339	-0.068153	0.127145	-0.034652	-0.005543	0.021515	0.076086	0.101728	0.015988	-0.093312	-0.111122	-0.041478	0.105940	0.022525	-0.044347	-0.035739	0.072118	-0.043057	-0.040068	-0.024724	-0.190677	0.007746	-0.176030	0.063363	-0.024072	0.164496	0.068069	0.092579	-0.065483	-0.134239	-0.114037	0.131504	-0.123762	0.044106	0.055394	-0.141187	-0.067143	0.047732	0.108342	0.210642	-0.106962	-0.111663	0.003595	-0.170078	0.191720	0.030052	0.137599	0.053062	0.028245	-0.047924	0.142646	-0.024139	-0.226055	0.044127	-0.161623	-0.040741	-0.110688	0.019083	0.069766	0.144971	-0.029082	0.090938	-0.020041	-0.027101	0.062572	0.024870	-0.070857	-0.067396	0.029118	0.146042	0.084590	-0.129268	-0.047336	-0.152886	0.031835	-0.134738	0.040747	0.041674	-0.093746
-0.054916	0.041533	-0.025147	-0.040860	0.024978	0.140355	0.071303	-0.137871	0.090911	0.210303	-0.013345	0.060256	0.060873	0.114484	-0.017780	0.192417	-0.043966	-0.099324	-0.020948	0.085963	0.046113	-0.132083	0.095942	-0.034019	0.078018	-0.040538	0.125667	0.154447	-0.012476	-0.087255	-0.150805	-0.167686	0.041072	-0.014215	-0.145935	-0.072697	-0.128597	0.140913	-0.030577	0.000826	-0.043734	0.105608	-0.089429	-0.090818	0.071892	-0.064230	-0.001919	0.089186	0.062038	-0.136248	-0.165637	-0.111490	0.069362	-0.237716	0.042930	0.069309	-0.129311	-0.076739	-0.052344	0.086657	0.135303	-0.146508	-0.252235	-0.065541	-0.174148	0.107901	-0.002246	0.012343	-0.026033	0.011029	-0.020980	0.068968	0.070514	-0.066639	0.048356	-0.102322	-0.095211	0.030076	-0.155078	0.160421	-0.049022	-0.046378	-0.029210	-0.091904	-0.042252	0.084384	-0.095513	-0.089969	-0.229583	-0.016324	-0.108769	0.051345	-0.096586	-0.097292	-0.004891	-0.046591	-0.140108	0.031926	0.018074	-0.141003
0.049208	0.021210	-0.106163	0.036975	0.133065	0.007071	0.044553	-0.110164	0.113131	-0.055274	0.043552	0.066745	-0.030619	0.069933	-0.059453	0.130604	0.068408	0.061700	0.016528	0.131113	0.068480	-0.072256	0.262699	-0.083430	0.078564	-0.088120	0.134956	0.221309	0.056565	-0.066305	-0.053189	-0.263444	-0.033379	-0.001028	0.000900	0.088372	-0.116982	0.147002	0.011317	0.089703	-0.027460	-0.011604	0.021117	0.068955	-0.134507	-0.019423	0.033351	-0.261769	0.133337	-0.118663	-0.136883	0.062887	0.014445	-0.196401	0.072211	-0.019968	-0.128175	-0.028130	0.038342	-0.020190	0.145307	-0.154831	-0.207364	0.005771	0.026885	0.172166	0.071276	0.035855	-0.159182	-0.034668	0.087511	0.014869	0.061198	-0.038354	0.034127	-0.061312	0.059473	-0.097991	0.030556	0.115827	0.102363	0.140401	0.118230	0.025426	-0.072571	0.045074	-0.063174	-0.112936	-0.160294	-0.207430	-0.063835	0.037840	-0.074441	-0.068776	-0.092981	0.005363	-0.041499	0.046367	-0.041081	0.045551
0.147883	-0.013294	0.038060	-0.018539	-0.052998	0.061671	0.139337	0.024709	0.004768	-0.155304	-0.190322	0.069220	0.036687	0.109050	-0.124739	-0.084619	-0.141879	-0.139268	0.146857	0.174944	0.144349	-0.082209	0.170674	-0.009976	0.086308	0.087789	-0.057968	0.207936	-0.045547	0.065243	0.051582	-0.135822	0.045399	0.064454	0.006827	-0.045375	0.114932	0.080036	0.092370	-0.068399	0.100857	-0.004062	0.147307	-0.062518	-0.011976	0.078443	-0.087917	0.187608	-0.129226	-0.072698	0.148167	-0.180573	-0.148921	-0.087690	-0.023537	-0.121141	-0.033529	-0.040960	0.144098	-0.027080	0.237100	0.003100	-0.165112	-0.047154	0.066026	-0.066936	-0.093151	-0.088961	0.057101	0.066930	-0.057352	0.040785	0.057740	0.113107	-0.000552	0.077529	0.047669	-0.082721	-0.145957	0.043779	0.083000	0.062326	-0.043303	0.052049	-0.064051	-0.121142	0.006228	0.036285	0.091566	-0.082321	-0.025956	-0.055306	-0.175065	-0.125394	0.070602	-0.102051	0.060925	0.185084	-0.045769	-0.063740
0.146360	0.090457	-0.037072	-0.120696	-0.091244	0.090629	0.121315	-0.048320	0.043171	-0.044793	-0.039119	0.069546	0.077457	-0.064105	0.002657	0.075358	-0.062645	0.053493	-0.021535	-0.041331	-0.114799	-0.038667	0.139239	-0.081304	-0.005568	0.074178	-0.003507	-0.007415	0.071187	0.170864	-0.149812	0.032338	0.193283	0.008545	-0.023436	-0.094320	-0.072409	0.019916	0.136543	-0.025245	0.069741	-0.117552	-0.069607	0.121913	-0.112925	0.113719	0.066774	-0.059405	0.000349	-0.107075	0.151882	-0.232794	0.004386	-0.132184	0.097604	-0.080456	-0.077755	-0.142772	0.159935	-0.030585	0.150557	-0.183842	-0.177863	0.284148	0.015223	0.106871	-0.001351	0.003654	-0.193359	0.044510	-0.061560	-0.004539	0.069232	-0.027860	-0.035937	-0.075699	-0.084169	-0.035843	0.066182	-0.004602	0.206958	0.140179	0.027723	0.031425	-0.061235	-0.055607	-0.061748	-0.104348	0.082989	-0.118835	0.125831	0.099268	-0.143293	-0.076402	0.032027	-0.060119	0.061738	0.172108	-0.091296	-0.092320
0.087124	-0.110946	0.015624	0.014465	-0.043215	0.052846	-0.046685	0.017082	0.083271	-0.158904	-0.004289	0.121456	0.006231	0.148517	-0.045669	-0.052937	0.006456	-0.089231	-0.037205	0.152180	0.256025	0.148565	0.126423	-0.001187	0.048309	0.111573	0.003057	0.062957	-0.069416	-0.065820	0.090447	0.071933	0.033104	-0.029892	-0.091589	-0.051604	0.037334	0.003162	0.040066	-0.063787	0.169944	-0.073325	0.113380	-0.058314	0.075425	-0.083509	0.094245	0.088835	0.006666	0.025984	0.057458	-0.170095	0.032701	-0.123431	-0.079669	-0.150611	-0.092301	-0.175636	0.045807	0.014878	0.146594	-0.079829	0.156426	-0.183989	-0.008415	0.047316	0.027880	-0.034666	0.061644	-0.101167	-0.046283	-0.004894	0.050481	0.141328	-0.145864	-0.078794	-0.029337	0.091184	-0.023217	0.134217	0.148671	0.046426	-0.053451	0.021228	-0.233463	-0.066821	0.059028	-0.038375	-0.052571	0.043633	0.003708	0.253751	-0.267413	0.110802	-0.000173	-0.001709	-0.000231	0.079732	0.167319	-0.194950
-0.024997	-0.014568	-0.058808	0.051509	-0.156019	0.031327	0.251647	0.091004	0.102681	-0.090571	0.013806	0.128659	0.073126	-0.010363	-0.150240	0.164637	-0.125280	-0.164188	0.101084	0.018768	0.026549	0.033916	0.149267	0.090534	-0.041172	0.100396	0.032093	-0.050126	0.109615	-0.021154	0.069212	-0.025411	-0.041675	0.052316	-0.084363	0.023636	-0.059746	0.074236	0.070631	0.166428	0.021265	-0.049940	0.097167	-0.070766	0.028506	-0.135118	0.007126	-0.148555	0.090456	-0.070609	-0.049180	-0.144431	-0.154154	-0.189783	0.191169	-0.161280	0.014265	-0.047175	0.288067	-0.059022	0.100159	0.002711	-0.069750	0.023714	0.092263	-0.027849	0.033500	-0.036886	0.040212	0.005619	0.009501	0.022846	-0.064463	0.013450	0.124849	-0.140638	-0.003103	-0.083390	0.123440	0.002984	0.100924	0.075976	0.061791	0.235983	-0.166806	-0.191409	0.034899	0.077049	0.072683	0.010677	-0.080505	0.106630	0.135529	-0.048616	0.091253	0.004450	0.042399	0.176966	-0.051110	0.000343
0.017797	0.054739	0.013791	0.013204	-0.146500	-0.014164	0.087180	0.063800	0.179211	-0.011785	0.142722	0.130465	0.091141	-0.022281	-0.024306	-0.049395	-0.115613	-0.167496	-0.052208	0.046818	-0.068543	-0.121723	0.075138	-0.141911	0.000670	0.016963	-0.170770	0.142812	0.052812	0.056151	-0.039603	-0.080917	0.088867	0.021649	-0.043995	0.029735	-0.034267	-0.050701	0.042145	0.032876	-0.003216	-0.125637	0.130690	0.237186	0.065454	0.071071	-0.086367	0.193131	0.135884	-0.015291	-0.068119	-0.120475	0.054461	-0.211495	0.130592	-0.008261	-0.188735	-0.257457	0.085245	0.036736	0.200470	-0.111921	-0.063350	-0.022866	0.090190	-0.030507	-0.012587	-0.042174	-0.005163	0.094173	0.108468	-0.025346	0.119622	-0.076209	0.122462	-0.148025	-0.070524	0.084886	0.064840	-0.092740	-0.032111	-0.095997	-0.119887	0.056656	-0.114348	0.055305	0.091773	-0.044116	-0.022634	-0.011129	0.096427	0.163201	-0.088321	-0.107306	0.029384	0.115108	-0.070385	-0.004419	-0.046138	0.220824
0.054175	-0.105184	-0.158318	0.021646	0.184347	0.042532	0.005795	-0.026023	0.058453	-0.161555	-0.097528	0.094166	-0.045458	0.084528	0.002146	-0.012905	-0.033634	0.006588	-0.029114	0.038955	0.035758	0.179252	0.247212	-0.052192	-0.074857	0.084197	0.128151	0.081739	0.048419	0.028314	-0.038524	-0.000827	0.181595	0.036564	0.150720	-0.075414	0.042951	-0.274491	0.174294	0.087545	0.215511	-0.079894	0.061102	0.025607	-0.060901	0.001944	0.163541	0.049734	-0.192895	0.039290	0.103445	0.005985	-0.082230	-0.115226	0.044183	-0.089152	0.049546	-0.056699	0.110670	0.045491	0.080577	-0.021108	0.056921	-0.085847	0.023775	0.114912	-0.055112	0.026056	-0.039299	-0.143553	-0.126942	-0.007804	-0.082494	-0.055116	0.038348	0.034868	-0.070168	-0.119491	0.028031	-0.078513	0.125267	0.036625	0.056594	-0.033436	-0.200583	0.012892	-0.078864	-0.248426	0.034466	-0.121202	0.009460	0.167556	-0.151368	-0.107504	-0.113612	-0.054377	0.098910	0.021276	0.092150	0.055886
0.183884	-0.035067	-0.105684	0.009005	0.071195	0.050107	0.002012	-0.035759	-0.043303	0.021139	-0.027087	0.132099	-0.000976	-0.024423	-0.023581	0.001560	0.109487	0.025089	0.035515	0.081267	-0.093883	-0.018705	0.082766	0.005692	-0.003434	0.005737	0.074821	0.061742	0.103271	-0.111850	-0.026883	-0.044086	0.140380	0.063882	-0.141536	0.023306	0.036217	0.049877	0.050366	0.141587	0.104284	0.024855	0.134123	0.030763	-0.009458	-0.046572	-0.054595	-0.005964	0.062801	-0.061749	0.267570	-0.092154	0.092730	-0.135216	-0.055045	-0.076229	-0.125982	0.131995	0.160140	-0.063129	0.037298	-0.069664	-0.065808	0.111636	0.147740	0.006309	-0.025365	0.044392	-0.002446	0.084992	0.112173	-0.012217	-0.110993	-0.031170	0.132809	0.130923	-0.019690	-0.095426	0.030286	0.018782	0.221580	0.121845	0.157494	0.229227	-0.184427	0.034960	0.017331	0.038629	-0.042701	-0.162720	-0.314861	0.051372	-0.040263	-0.122202	0.199590	-0.094843	0.165069	0.120099	-0.127525	0.019611
0.091441	0.063001	-0.094090	0.063720	0.021205	0.172816	0.028571	-0.032209	0.045801	-0.118009	0.132351	0.058374	0.073446	-0.014104	-0.070484	-0.000663	0.000803	-0.078744	-0.170659	0.031383	0.001799	-0.104501	0.125888	-0.042707	-0.007421	0.198319	-0.071643	0.117753	0.106369	0.298658	-0.015315	-0.034337	-0.064229	-0.074918	0.088852	0.047587	-0.010869	0.029093	0.012939	-0.007132	0.059047	-0.061535	0.129665	-0.013863	0.034930	0.032264	0.019378	0.154046	0.039272	0.036298	0.004431	-0.169632	0.017027	-0.229184	0.143002	0.039152	-0.151118	-0.027456	0.162203	0.088200	0.216832	-0.034720	0.006435	-0.199455	-0.043276	-0.020706	0.003872	-0.077203	0.028265	-0.046034	-0.054901	-0.172172	0.065261	0.051639	-0.112783	0.158299	-0.155042	0.051278	0.050947	-0.125146	0.112790	-0.130434	0.067537	0.158164	-0.057995	0.041851	0.024815	-0.104959	-0.049567	-0.132719	-0.038500	0.260580	-0.092313	-0.054787	-0.043772	0.023429	0.130085	0.122864	-0.029844	-0.008257
0.028574	-0.000908	-0.070140	0.110511	0.002548	0.069864	0.021279	0.110110	-0.008353	0.181592	0.016795	0.050348	0.048225	-0.069609	0.161048	-0.018625	0.146976	-0.003170	-0.093009	-0.130680	0.041286	0.099786	0.115840	-0.003099	0.162477	-0.038923	0.075893	-0.107079	0.058730	-0.054988	-0.148400	0.050662	0.075343	-0.073209	-0.180019	-0.035244	-0.029902	0.024055	0.145679	0.070006	-0.009938	0.046587	0.127723	0.039351	-0.027039	0.141193	-0.121295	-0.024424	-0.051463	-0.217474	-0.124272	-0.135020	0.085820	0.033620	0.008467	0.000928	-0.124539	-0.125948	-0.090353	0.151431	0.101791	-0.085391	-0.043495	0.097592	-0.136348	0.086617	0.086947	0.025711	-0.216437	0.232532	-0.044755	0.047098	-0.100953	0.009237	0.166273	0.007774	-0.085586	-0.006602	0.001383	-0.038777	-0.063690	-0.081403	-0.031131	0.059938	-0.219118	0.135289	-0.128089	0.014866	0.057381	-0.010280	-0.150235	0.101977	0.122498	0.177344	-0.113732	0.172491	-0.090381	-0.116741	-0.040071	-0.033391
0.059719	-0.028421	0.040213	0.134197	-0.286870	-0.148951	0.094783	-0.010043	0.041436	0.015745	0.149700	-0.100112	-0.125030	0.020060	-0.013569	0.170495	-0.048853	-0.103734	0.050009	0.149269	0.141665	-0.237160	0.054105	0.021527	-0.030708	-0.036689	0.064491	-0.154538	0.023264	0.024817	0.004679	0.055325	-0.077883	0.000959	-0.050802	-0.053894	-0.123385	-0.284413	0.155120	0.121323	-0.083584	-0.064233	0.166478	-0.017130	0.160502	0.015351	-0.036619	0.044898	0.003567	-0.144676	-0.040188	-0.155713	-0.096704	-0.182222	0.130508	-0.097714	-0.185144	-0.067980	-0.081286	-0.038777	0.132497	0.061519	-0.166259	0.093986	0.116877	0.014015	0.098755	0.093830	-0.081081	0.128508	-0.158538	0.088159	-0.011645	0.063248	0.014473	-0.018244	-0.030619	-0.040303	0.096987	-0.176352	0.012623	0.026767	0.004771	-0.007774	-0.065898	-0.029214	0.072938	-0.006566	-0.100385	0.071605	-0.149457	-0.042895	0.011764	-0.048304	0.041653	-0.010868	0.010948	-0.021015	0.031224	-0.044043
0.137494	0.079969	0.018622	-0.005647	-0.005600	0.059244	0.016415	-0.020482	0.127387	-0.109632	0.100888	-0.059626	0.020158	0.026229	-0.131321	0.057159	0.017011	-0.011837	-0.120574	0.002062	-0.028893	-0.036096	-0.079567	0.119621	-0.059735	-0.024905	-0.136607	-0.025502	-0.241642	0.101610	-0.059823	-0.022809	0.037869	-0.156433	-0.040168	-0.021285	0.014701	-0.009344	-0.050467	-0.003668	-0.070889	0.077885	0.200147	0.045859	-0.127527	0.003428	0.006633	0.152239	-0.007258	0.045955	0.114657	0.053992	0.015409	-0.108760	0.006021	-0.047859	-0.200223	-0.230544	0.158401	0.060494	0.035006	-0.175026	-0.129716	0.038770	0.082370	0.003934	0.125949	-0.011791	-0.056344	0.196329	-0.000640	0.177202	0.174959	-0.065178	-0.053367	0.076572	-0.262442	0.118460	0.210742	0.038638	0.113983	0.046879	0.053948	0.268143	-0.151305	-0.039611	0.020359	0.080818	0.049496	-0.036287	-0.079881	0.081726	0.011365	-0.102135	0.049528	0.081158	-0.004109	-0.044786	-0.031945	0.121948
0.104795	0.180426	0.014256	-0.167389	-0.209202	-0.006249	-0.046382	-0.104021	-0.053700	0.071782	-0.183396	0.068061	0.019971	0.085880	-0.051586	0.056829	-0.090843	-0.044587	-0.054158	0.108392	0.003071	-0.273291	0.105651	0.007457	-0.035054	0.054935	0.013625	0.113442	0.009380	-0.062940	-0.070973	-0.092512	0.106652	-0.196665	0.029660	-0.035116	0.014167	-0.075666	0.044596	0.069551	-0.131186	0.029260	0.108689	0.226217	-0.041727	0.036339	-0.073204	0.013760	-0.177837	-0.019923	0.025158	-0.169973	-0.049522	-0.038100	-0.063316	-0.156510	-0.129407	-0.052122	0.069909	0.148875	0.210880	-0.141185	-0.210383	0.094347	0.048123	-0.035978	0.028230	0.111236	-0.147054	0.010586	-0.064811	-0.094911	0.053162	-0.024574	0.050665	0.029422	-0.133493	0.022678	-0.104501	-0.125297	0.117073	-0.030090	-0.071517	0.035612	-0.189635	-0.059739	0.047363	-0.157204	0.161923	0.015754	0.023539	0.010870	-0.038267	-0.060193	0.002119	-0.036685	0.005118	0.139291	-0.074091	-0.059830
-0.009201	0.065996	-0.015257	0.121315	-0.079066	0.064108	0.024083	0.051514	0.024834	0.101543	0.070156	0.100842	0.074591	0.106976	-0.015981	0.099435	-0.120666	0.073427	-0.140240	0.071906	0.002720	-0.149874	0.209789	-0.112690	-0.028788	-0.062863	0.027493	0.070775	0.073053	-0.004774	-0.089726	0.071007	0.014655	-0.130063	-0.057519	0.009141	-0.122942	-0.082263	0.147603	0.303773	0.017957	-0.095908	0.134352	0.159605	0.111677	0.068131	-0.141528	0.021837	-0.103283	0.021262	0.057416	-0.065814	-0.024893	-0.238066	0.002819	0.097223	-0.025896	-0.222664	-0.051980	0.076373	0.128852	-0.095223	-0.165157	-0.150625	0.101256	0.089316	-0.019622	0.056034	-0.024554	-0.104433	0.028743	0.002101	0.105611	0.034112	0.076586	-0.052729	-0.050043	-0.205460	0.037592	-0.120467	0.100607	-0.016203	-0.201538	-0.021514	-0.219197	0.118974	0.111265	-0.060215	-0.045285	-0.121506	0.022208	0.047046	-0.002491	-0.062817	0.051680	0.029223	-0.059851	0.072374	-0.051319	0.099977
0.115885	-0.089051	0.110963	0.173920	-0.120948	-0.092297	-0.028853	-0.010704	0.030861	0.020198	0.012492	0.042849	0.130945	0.112431	-0.029450	0.107138	-0.002361	-0.025817	0.004468	0.013434	0.054833	-0.209461	0.118663	-0.103236	0.157955	-0.064419	0.105575	0.082206	-0.149675	-0.009568	-0.033555	0.057147	-0.049104	0.092795	0.039011	0.095795	0.248914	0.142207	0.230051	0.229355	0.047071	-0.022926	0.200095	0.073376	0.221802	-0.037436	-0.100948	-0.009442	-0.032951	-0.104197	0.036815	-0.196130	-0.062221	0.018626	-0.032300	-0.086958	-0.059360	-0.005282	0.026828	0.035366	0.127686	-0.188207	-0.108227	0.105422	0.009281	-0.140008	-0.004351	-0.065542	-0.108954	0.175300	-0.077551	0.049486	-0.065087	0.071963	0.154554	-0.117319	0.021811	0.103014	0.008893	-0.121869	0.022869	-0.088802	0.036990	-0.065673	-0.097400	0.023833	0.211545	0.001416	-0.065880	-0.048823	-0.015518	0.047460	0.050540	-0.065895	0.015511	-0.098573	0.103042	0.012270	-0.054643	-0.010600
0.193810	0.042475	0.058016	0.097365	0.033982	-0.047845	-0.023627	-0.029673	0.175681	-0.086383	-0.070404	0.222949	0.147976	0.000080	0.028153	0.016358	0.157423	0.061482	0.020933	-0.044308	-0.082874	-0.101189	0.261413	-0.026750	0.006148	-0.075227	0.109318	0.119514	-0.067918	0.001285	-0.167614	0.101431	0.117489	0.073460	0.004112	0.098935	0.005854	-0.000487	0.211450	0.219913	0.037000	-0.045295	0.126356	0.133602	0.157019	0.101496	-0.035827	-0.013944	0.033281	-0.102788	0.084925	-0.009748	-0.209777	-0.040253	-0.102018	-0.088245	0.017994	-0.064420	-0.024359	-0.050003	0.244587	-0.133820	-0.139898	0.110761	-0.133716	-0.077328	0.055990	0.014640	-0.082195	0.098509	-0.031366	0.200972	-0.099804	0.125709	0.145613	-0.062811	0.027513	-0.012279	0.073032	-0.054612	-0.042099	-0.063930	-0.146657	-0.085488	0.002110	0.049506	0.090148	-0.028888	-0.007353	-0.079058	-0.013397	0.041247	0.004730	0.001384	0.004495	0.011333	0.176284	-0.002595	-0.070754	-0.058887
0.144779	0.100978	0.166616	0.147539	-0.013684	0.005635	0.026874	0.045217	0.021614	-0.136848	-0.060225	0.088076	0.105794	0.092487	0.109454	0.075028	-0.027127	-0.149600	-0.005231	0.033292	0.108865	-0.142689	0.280481	0.034628	0.023331	-0.062080	-0.068659	-0.033892	-0.101241	-0.046381	-0.133866	0.071162	0.053071	-0.002101	-0.065665	-0.137484	-0.110304	-0.059785	0.240847	0.010797	0.003581	-0.057752	0.080654	-0.064275	0.076777	-0.129509	0.014986	-0.051898	-0.040060	-0.073380	0.134046	-0.220775	-0.236667	-0.109416	0.113700	-0.186858	-0.054628	0.017545	0.055369	-0.036363	0.102901	-0.136765	0.029178	0.072873	-0.086177	0.017297	0.003661	-0.042664	-0.097288	0.116567	-0.135962	0.104992	-0.050892	-0.067769	0.010705	-0.199974	-0.011662	-0.095692	0.136594	-0.130563	-0.050606	-0.003942	-0.170092	0.017584	-0.050820	-0.181559	0.003515	-0.002538	0.040070	-0.007469	-0.047703	-0.061508	0.087559	0.097592	-0.070859	-0.094544	0.069845	0.086877	0.012993	-0.145023
0.180172	0.036951	0.127234	-0.128372	-0.167180	-0.149014	-0.124533	-0.016862	0.100108	0.052317	0.066075	0.070444	0.021947	-0.014718	-0.010254	-0.147134	-0.047296	-0.028907	0.062394	0.092748	-0.147383	-0.145214	0.079737	-0.077475	-0.008753	-0.031469	-0.120738	-0.084607	-0.012887	0.098822	-0.081170	-0.035956	0.017520	-0.067729	-0.012498	0.002972	-0.055943	0.130297	0.089293	0.213035	0.119319	-0.053779	0.248573	-0.043697	-0.119471	0.024355	-0.126554	0.006210	-0.025015	-0.205559	-0.003880	-0.200651	-0.109990	-0.104162	0.164788	-0.097245	-0.061655	-0.052917	-0.000810	0.043646	0.010066	-0.108299	-0.058167	-0.059420	-0.146102	0.049311	0.164347	-0.089311	-0.239513	0.094833	0.102509	-0.012390	0.116067	0.011770	0.030798	-0.063467	-0.045950	-0.159858	0.036442	-0.207167	0.067145	0.015340	-0.091213	-0.010829	-0.006064	-0.005106	0.019707	-0.065517	-0.029017	-0.005836	-0.085964	0.028372	0.156921	0.004028	-0.112820	-0.026459	0.066071	0.073508	-0.221659	-0.034330
0.033501	0.109705	0.103362	0.119883	-0.315098	-0.039114	0.116440	-0.011722	-0.105880	0.057645	-0.019289	-0.055331	0.078152	0.033348	0.035820	0.127563	-0.024466	-0.031031	-0.122500	0.229193	0.044843	-0.139125	0.070831	-0.065627	-0.037069	0.037985	-0.092556	-0.154035	0.081798	-0.012619	0.119835	-0.105647	-0.071282	-0.006951	-0.013396	0.134951	-0.128605	0.036077	0.242109	0.037511	-0.059142	-0.159498	0.072827	0.063993	0.033468	0.130691	-0.093131	-0.060328	0.011304	-0.057353	-0.067215	-0.192711	-0.046079	-0.082739	0.186419	-0.108224	-0.059659	0.030394	-0.017670	-0.016985	0.108401	-0.097067	-0.067968	0.037366	-0.038408	0.049983	0.162911	-0.102498	-0.094958	0.157468	0.041300	0.104872	0.036473	0.113217	0.134036	-0.207371	0.064030	-0.079199	0.014641	-0.120562	0.069442	0.044354	0.023983	0.088425	-0.042528	0.022478	0.221388	-0.060585	-0.078293	0.138094	-0.160131	0.013428	-0.065739	-0.005581	0.038090	-0.090590	-0.019935	0.043911	-0.091423	0.024017
0.068215	0.037034	0.057103	0.086172	-0.136417	-0.047320	0.116715	0.009596	-0.055728	-0.080331	-0.025951	0.101690	0.037043	0.200627	0.017653	-0.182237	-0.003767	0.009763	-0.080117	0.021713	-0.064640	-0.093259	0.176409	0.027859	0.104773	-0.009383	-0.050469	-0.063188	0.126362	-0.043869	0.021149	-0.141584	-0.042273	-0.077197	0.077190	-0.038612	-0.048576	0.002178	0.327492	0.092056	0.038614	-0.128566	0.095124	0.062935	0.130870	-0.017006	-0.106934	0.016345	-0.023573	-0.124186	-0.098056	-0.189899	-0.117962	0.042970	0.140024	-0.007426	-0.074637	-0.020447	-0.030697	-0.009213	-0.051332	-0.130786	0.021803	0.071788	-0.066656	0.156343	0.102380	0.061676	-0.296041	0.191072	0.093013	0.173928	-0.007410	0.007754	0.181183	-0.189994	0.052684	-0.050128	0.103055	0.013005	-0.010701	-0.176511	-0.042947	-0.109497	0.012207	0.031417	-0.070998	-0.049508	-0.025964	-0.091917	-0.071745	-0.023773	0.055189	0.089602	-0.145927	-0.004182	0.114919	-0.117538	-0.050395	0.022220
0.182659	0.088935	-0.141170	0.181652	0.084172	0.033303	-0.060000	-0.084952	0.348884	-0.103781	0.038912	0.228643	-0.016283	0.151125	-0.119595	0.142852	0.021800	-0.059388	0.008011	0.020202	0.031642	0.064904	0.163466	-0.021274	0.095773	-0.078296	0.024656	0.039083	-0.070557	-0.020778	-0.157443	0.018450	0.056749	0.081626	0.016970	-0.040927	0.108161	-0.138533	0.044839	-0.017648	0.051577	-0.047015	0.042647	-0.024206	0.014412	0.037202	0.072230	0.090847	0.009574	-0.113118	0.138120	-0.005730	0.033164	-0.029370	-0.089160	-0.156725	-0.100705	0.017007	0.220028	0.081018	0.099546	-0.106325	-0.016066	-0.048839	0.047093	0.016983	-0.125205	-0.054096	0.093622	-0.063262	-0.066769	-0.014063	0.006457	-0.044304	-0.139736	0.081513	0.022511	-0.051331	0.082293	-0.042411	0.111911	-0.032686	-0.011343	0.142626	-0.353854	0.076948	0.091459	-0.000837	-0.011850	-0.167218	0.068160	0.068232	-0.069424	-0.042844	-0.054972	0.094350	-0.034499	0.093423	0.061121	-0.114470
-0.001612	-0.004587	-0.148710	0.066708	-0.055947	0.218266	-0.027956	0.125993	0.032515	-0.144443	-0.092459	0.221263	0.027365	0.056795	-0.109400	0.049049	0.084641	0.082904	0.075643	0.077833	0.123215	-0.075943	0.072645	0.015377	0.066531	0.002235	-0.075159	-0.024884	-0.006900	0.054218	0.039767	-0.099876	0.240191	0.105247	-0.077663	-0.082871	0.080613	-0.007561	0.069989	-0.159487	0.124826	-0.133263	0.012023	0.044378	-0.054436	-0.050119	-0.006627	0.043947	0.163103	-0.093091	0.066042	-0.072054	-0.096283	-0.039407	0.144045	0.005342	-0.090308	0.051230	0.142218	0.073588	0.074345	-0.071093	-0.077085	0.100330	0.013622	0.021443	0.169707	-0.050046	-0.053936	0.128416	-0.068984	0.169980	0.008839	-0.070596	-0.111921	0.021153	0.047937	-0.130864	-0.093846	-0.033298	-0.032303	-0.034396	0.049192	0.151418	-0.202443	-0.016798	0.113113	-0.006171	0.187713	-0.053804	0.032701	0.036544	-0.304655	-0.078182	-0.003930	0.046964	0.090574	0.111551	-0.204298	-0.108045
-0.066249	0.193846	0.051386	0.041224	0.087756	0.061927	0.078711	-0.011241	-0.010221	-0.009922	0.178319	-0.129089	0.079492	0.121781	-0.105360	0.073066	0.040929	-0.179887	0.072098	-0.068267	-0.097456	0.171824	0.028002	-0.082724	-0.014807	-0.060199	0.094926	-0.011055	0.122846	0.144894	-0.019965	0.041613	-0.011235	-0.102569	0.127112	-0.065584	0.032736	0.019146	0.058093	-0.003386	0.001968	-0.011513	0.005834	-0.006871	-0.109272	0.145834	0.162003	-0.068271	-0.026861	-0.245609	0.103283	-0.028565	0.079541	0.189549	0.076963	-0.025246	-0.019899	0.096721	-0.021869	-0.032188	0.052180	0.061128	-0.047409	0.126403	0.014306	0.028797	0.184434	0.028686	0.003596	0.068962	-0.038465	0.096994	0.089307	-0.066358	0.034163	0.187366	0.113851	-0.286990	-0.191050	0.084025	-0.006236	0.113411	-0.051917	-0.062422	-0.090311	-0.184236	0.028110	-0.005000	0.084487	0.002605	0.162282	0.153964	-0.126614	-0.107921	0.051649	-0.098734	0.197119	0.090082	0.013893	0.066162
-0.204568	-0.012614	-0.088876	0.071414	0.155615	0.092283	0.050720	-0.028971	0.109178	-0.106346	0.032379	0.057440	-0.029402	0.083641	0.110054	0.109468	-0.079116	-0.024851	-0.139339	0.035508	0.045200	0.118348	-0.205179	0.025191	-0.090121	-0.014457	0.003008	0.059991	0.040820	0.095356	-0.059972	-0.083742	-0.130903	0.077466	0.191257	0.030045	0.052443	-0.099216	-0.072213	0.077392	0.087828	-0.187516	-0.105601	-0.207927	0.013837	-0.004979	0.225069	0.117002	-0.043969	-0.110395	0.004743	0.089112	0.071995	-0.161068	-0.043160	0.188917	-0.089389	0.020616	0.015073	0.092551	-0.058537	-0.061036	-0.137922	-0.032519	-0.016041	0.045676	0.072007	0.049995	0.057449	-0.019606	0.016245	-0.139604	-0.095768	-0.106306	0.036247	0.071426	-0.051291	-0.285547	-0.015783	-0.022955	0.035986	-0.041466	-0.101705	0.020100	-0.302214	-0.009417	-0.005462	0.081984	-0.153560	-0.131640	-0.008908	0.146866	0.049702	-0.061765	-0.041776	0.028098	-0.092492	-0.026659	-0.067987	-0.075712
0.102921	0.036194	0.030226	0.023428	0.038129	0.245996	-0.060587	0.186794	-0.109610	0.048540	-0.004139	-0.062242	0.003240	0.131531	-0.073631	-0.111687	0.071256	0.159394	-0.009901	0.008369	0.005108	0.161593	0.021367	0.010149	-0.000204	-0.020958	-0.057276	0.193441	0.157818	-0.032006	0.094940	0.066912	0.292648	0.049528	-0.091631	-0.077020	0.013748	0.066314	0.009477	-0.100914	-0.058383	0.137815	-0.037931	0.238191	-0.014951	0.082597	0.051270	0.160522	0.121953	0.022257	0.072989	-0.037038	-0.053262	-0.155852	-0.040605	0.085559	-0.001071	0.035911	-0.044400	0.040048	0.123143	-0.083954	-0.087987	-0.026449	0.056964	0.071152	0.110438	-0.085549	-0.053829	0.080744	-0.112002	0.130241	-0.150785	-0.024397	0.028925	-0.017511	0.058153	-0.093173	-0.201050	0.145134	0.017908	-0.114139	-0.087576	-0.074288	-0.114620	-0.103470	-0.046647	-0.020440	0.244299	-0.045335	0.009262	0.063636	-0.188386	0.074205	-0.014133	-0.013860	-0.094808	0.056501	-0.162904	-0.063396
-0.005675	-0.049483	-0.145596	0.151342	-0.073003	-0.003993	-0.058399	0.122128	-0.014217	-0.059827	-0.103772	0.058989	0.128698	0.123821	-0.075289	0.011922	-0.012276	0.163242	-0.079940	0.016423	0.047230	-0.084426	-0.089612	-0.046088	-0.036251	-0.063964	-0.020372	0.024887	0.082973	-0.018099	0.039038	-0.120710	-0.009017	0.037530	-0.063489	0.050687	0.086995	0.105378	-0.097177	-0.155613	-0.042910	-0.028831	-0.123156	0.164398	-0.120565	0.138745	0.151500	-0.001276	0.224136	-0.025480	-0.137642	-0.251073	-0.043415	-0.150477	0.174496	0.092960	-0.071873	0.164859	0.020073	0.042105	0.049476	0.013198	-0.079143	0.076114	-0.038437	-0.033614	0.222392	0.051156	-0.113134	0.167931	-0.016728	0.129685	-0.005127	-0.080099	0.068808	0.055348	0.094657	-0.077525	-0.103342	0.034368	0.020360	-0.159098	0.085593	0.082826	-0.083848	0.043746	-0.016049	0.005906	0.211939	-0.055554	-0.021221	0.024121	-0.223471	0.010737	0.022964	0.000825	-0.031747	0.040974	-0.225814	-0.165157
-0.073982	-0.127804	-0.015930	-0.054381	0.037082	-0.132084	0.010186	0.086118	0.202177	-0.044817	-0.014719	0.067771	-0.028435	0.069021	-0.168125	-0.059584	0.081187	-0.104184	0.046187	0.087309	0.018239	0.211434	-0.104068	-0.016750	-0.063783	-0.007994	-0.047007	-0.032654	0.044693	0.074822	0.046230	0.018651	-0.076855	0.005967	-0.012620	0.051975	0.003665	-0.117990	-0.050257	0.099227	0.103389	-0.091847	0.033481	-0.064431	-0.195345	0.000795	0.007508	0.266159	0.001088	-0.123166	0.085528	-0.118791	0.194330	-0.075778	0.071379	0.152644	-0.188738	-0.050236	0.107726	0.002133	-0.106962	0.031809	0.014698	0.000906	-0.075019	0.219475	-0.047768	0.097431	-0.010369	0.085225	0.003917	-0.007808	0.023818	-0.155978	-0.018225	-0.107260	0.022537	-0.062772	0.028552	-0.012162	0.086852	0.173426	0.028778	0.088002	-0.068581	0.274507	-0.161177	0.027435	0.138599	0.020084	-0.059738	0.054588	-0.142658	-0.247522	-0.093344	-0.027369	-0.054112	-0.145944	-0.069321	-0.093866
-0.086808	-0.122682	0.000183	-0.056488	-0.191109	0.030013	0.157265	-0.115476	0.084859	-0.040539	0.047119	-0.016418	0.092375	0.183723	0.132903	0.003564	-0.048411	-0.026506	-0.133687	0.084145	0.080123	-0.165150	-0.052944	0.085645	0.062583	-0.047341	0.021050	0.131970	0.227664	-0.000199	0.039400	0.029181	-0.112216	-0.151845	0.045972	0.085488	-0.179639	-0.072506	-0.038094	0.137386	0.052093	-0.038360	0.030342	-0.124172	0.023194	-0.015637	0.068762	-0.032669	0.038927	-0.035711	-0.099314	-0.228630	0.098575	-0.131412	0.060830	-0.075572	-0.126810	-0.236385	0.130905	0.007768	0.042889	-0.059125	-0.127622	-0.031301	-0.043393	-0.061452	0.166505	0.048049	0.082473	0.084841	-0.029654	0.094280	-0.131919	0.111521	0.124544	0.095964	-0.076977	-0.091353	0.126258	-0.200763	0.002432	-0.069396	-0.066834	-0.199564	0.021343	0.092797	-0.038713	0.021027	-0.020030	0.171843	-0.033933	-0.031306	0.117578	0.000697	0.017648	-0.115012	-0.120389	0.045145	-0.116535	-0.006728
-0.193999	0.064246	-0.067928	0.104328	-0.116747	-0.014282	0.076281	-0.079708	0.067829	-0.139875	0.021256	0.099416	0.000619	0.224351	0.104219	0.068623	-0.074117	-0.031413	-0.052125	0.087529	0.077961	-0.162812	-0.048899	0.119186	0.027101	0.039506	-0.021862	0.094860	0.157563	0.096749	-0.146853	-0.096440	-0.013419	-0.046251	0.036673	-0.134760	-0.091898	0.020783	-0.018071	0.146453	-0.039132	-0.093562	-0.079915	-0.006660	0.012268	-0.022623	-0.074490	-0.034228	0.098420	0.023552	-0.115735	-0.176304	-0.026044	-0.178365	0.104225	-0.201033	0.000111	0.079854	0.002537	-0.045603	-0.032498	0.005682	-0.093812	-0.113340	0.046848	-0.021933	0.108685	0.002889	-0.192892	0.198244	0.153031	0.064228	0.023699	0.040092	0.177385	0.097327	-0.235305	-0.123160	-0.022084	-0.059822	0.011008	-0.059835	-0.062320	-0.093890	-0.115835	-0.184768	-0.067973	0.093238	0.069718	0.009449	-0.094894	-0.023912	0.162907	0.087028	0.132804	0.116213	-0.084153	0.162423	-0.017920	0.010306
0.075490	-0.000487	0.037421	0.134260	-0.123538	-0.017037	-0.020393	-0.016432	0.000958	0.103193	-0.152087	0.109036	0.005962	0.168060	-0.142697	0.059803	-0.109103	-0.178827	0.131514	0.043427	0.197713	0.013024	-0.001991	0.082930	0.095527	0.056469	-0.063522	0.128201	-0.008483	0.149738	0.088804	0.142083	0.020490	0.065893	-0.166892	0.237092	0.182415	-0.091357	-0.021491	0.032086	0.034125	0.163957	0.044966	-0.055453	0.017827	0.037581	0.164783	0.074188	-0.087127	0.064423	0.235096	0.057415	0.086088	-0.031063	-0.029978	-0.171992	0.090211	0.087564	0.016333	-0.089397	0.153477	0.100169	-0.168751	0.078880	-0.042464	-0.109700	0.009819	0.006895	-0.085374	-0.002869	-0.047097	0.002576	-0.105347	-0.024286	0.115593	0.086950	-0.152344	0.007142	-0.094184	0.067142	0.098392	-0.059261	-0.092376	-0.036992	-0.140697	-0.195648	-0.014123	0.113680	-0.015013	0.005271	-0.099886	0.088817	-0.164663	-0.132995	0.102926	-0.050757	-0.028611	-0.052148	0.013137	-0.019018
0.034655	0.192081	0.108855	-0.029822	0.072635	0.035261	-0.131401	0.041420	0.024802	0.186730	0.025180	-0.099811	0.094004	-0.043417	-0.054979	-0.034019	0.032914	-0.102741	-0.176641	-0.067623	0.103249	-0.114330	-0.000187	-0.067257	0.165792	0.051785	-0.057343	0.082847	0.159381	-0.052526	-0.018452	-0.051365	0.174344	-0.008482	-0.131763	0.020902	-0.046230	-0.066119	0.176292	0.116422	0.200484	-0.080156	0.173978	0.051599	-0.005329	-0.010619	-0.127110	-0.093024	-0.042024	-0.194943	-0.062370	-0.122132	-0.053402	0.009926	-0.064041	-0.112659	-0.062911	-0.191527	-0.094107	0.083225	-0.028877	-0.164471	-0.047681	-0.117362	0.010631	0.022953	0.059148	0.017723	-0.109141	0.092802	-0.155779	0.018275	-0.094684	-0.001323	0.122801	-0.123181	-0.094459	0.184185	0.037768	-0.164505	-0.152503	-0.042084	-0.078034	0.093276	-0.210138	0.023719	-0.143519	-0.086098	-0.038672	-0.079012	-0.017295	0.111571	0.009141	0.128007	-0.036977	0.145766	0.002819	-0.006904	0.006625	-0.024888
0.045579	0.102698	-0.086107	-0.101418	-0.107834	-0.070014	0.022586	-0.032117	0.010227	-0.049252	-0.221988	-0.021131	0.098012	0.011601	-0.004186	0.096124	-0.066057	-0.076561	-0.259896	0.218737	0.070243	-0.099329	0.093627	-0.029250	-0.059491	0.074686	-0.038593	0.079535	-0.020860	-0.042419	0.001250	0.000849	-0.041018	0.013958	-0.113659	0.263790	-0.022756	-0.247487	-0.007852	-0.038441	-0.168562	0.004332	0.024867	-0.004218	-0.071638	-0.028658	0.039165	-0.000898	-0.019165	-0.091549	0.066371	-0.007695	0.075698	-0.155624	0.093046	-0.134725	-0.186556	-0.102367	0.090267	0.033672	-0.045421	-0.215469	0.072794	-0.105631	-0.073839	-0.020839	0.088686	0.104048	0.009280	0.010839	0.048476	-0.054941	0.029638	-0.115205	0.175147	0.076990	0.048778	-0.019178	-0.029127	-0.262308	0.027783	-0.077641	-0.168656	0.051347	-0.116127	-0.138402	0.098001	-0.010100	0.111643	0.140250	0.078789	-0.023411	-0.023722	-0.040772	0.180971	-0.074026	-0.096558	0.117826	-0.002740	-0.036394
0.137070	0.082465	-0.008611	-0.068926	-0.173047	-0.067176	0.048320	0.094955	0.115060	0.099949	-0.047640	-0.055583	0.018083	0.114273	0.058204	-0.048594	-0.095469	-0.087366	0.105534	-0.063527	-0.076294	-0.174599	-0.020268	-0.151173	-0.097365	-0.198783	-0.020250	-0.064668	-0.034825	-0.099595	-0.007876	0.057080	0.116980	-0.128540	-0.100502	-0.044076	-0.179657	-0.002491	0.162419	0.025123	-0.030241	0.010748	0.014365	0.194793	-0.032075	-0.052369	0.019499	0.158875	-0.008966	-0.076608	0.054613	-0.015309	0.034917	-0.120261	0.206296	-0.013823	-0.090606	-0.225678	0.035194	-0.084172	-0.028750	-0.090715	-0.057462	-0.116852	-0.014629	0.174837	-0.008293	-0.029444	-0.215420	-0.096862	0.032170	-0.017309	0.086311	-0.015677	0.119091	-0.025167	-0.006802	-0.004332	-0.084398	-0.029855	0.071335	-0.017772	0.000326	0.175061	-0.128444	0.007326	0.038021	0.249758	-0.137298	0.036026	-0.014379	0.055480	0.050384	-0.084789	0.218035	-0.054063	0.028428	0.076849	-0.238425	0.047900
-0.120442	0.016207	-0.039928	0.081132	-0.056156	0.129041	0.002233	-0.035053	0.045877	0.046518	0.094124	-0.017468	-0.204899	0.102348	0.041933	0.058144	-0.015687	0.099724	-0.032689	0.045336	-0.079733	-0.093228	0.104269	-0.087420	-0.086083	-0.072850	-0.111618	-0.110982	-0.000041	-0.031183	0.067100	-0.058196	-0.058829	-0.066985	-0.068347	-0.016240	-0.091650	0.001315	0.117137	0.067945	-0.170291	-0.043175	0.066723	0.065429	-0.071798	-0.022824	0.042178	-0.005412	-0.052381	-0.126599	-0.116297	-0.056982	0.219868	-0.198736	0.067106	-0.050650	-0.018470	-0.211993	0.070585	0.082836	-0.093020	0.011986	-0.066604	0.041968	0.156264	0.193557	0.011230	0.114849	-0.151362	-0.032302	-0.049370	0.215148	0.170572	0.101153	0.128194	0.030182	0.089111	-0.280470	-0.017725	0.024151	0.049103	-0.056503	0.106952	0.015609	-0.158240	-0.012738	0.025590	0.216224	-0.042143	-0.100584	-0.109087	-0.049362	-0.096342	0.091612	-0.004438	0.082289	-0.070609	0.076814	-0.217728	0.107451
0.025348	0.037869	-0.042097	0.121105	-0.257033	0.131983	0.105420	-0.050990	0.094638	-0.055734	0.003161	-0.071204	-0.052711	0.185821	0.174617	-0.034631	-0.005674	0.050395	-0.042700	0.052495	0.089744	-0.141229	-0.124561	-0.007162	-0.113986	-0.084588	0.061181	-0.015447	-0.027570	-0.053051	-0.025370	-0.069090	-0.128247	-0.108913	0.020391	0.079110	-0.028502	-0.092900	0.104904	-0.022309	-0.194416	-0.247119	-0.095064	0.092199	0.181798	-0.074011	0.224432	0.030121	-0.152803	-0.045705	-0.116099	-0.172824	-0.024023	-0.170310	0.073015	-0.168748	-0.124627	-0.015041	0.112475	0.040275	0.015080	-0.049091	0.010122	0.092611	-0.015208	0.037700	0.103601	0.020636	-0.084351	0.053764	-0.027177	0.034391	-0.057331	0.000136	0.145741	-0.005517	-0.160316	-0.155130	0.083735	-0.253569	0.088279	0.067738	-0.058553	-0.054522	-0.109434	-0.059929	0.023804	-0.081677	0.082078	0.125103	-0.037597	-0.169782	0.034071	0.028118	0.004109	-0.010669	-0.039405	0.020217	-0.094445	-0.033132
0.097221	0.021438	-0.027924	0.065850	0.130397	0.050240	-0.037198	0.096596	0.073190	0.055205	-0.111512	-0.042143	-0.010996	0.028721	-0.178557	0.110691	0.149256	-0.000792	-0.068538	0.191672	-0.126025	-0.125498	0.055599	-0.160690	0.128315	0.013853	0.042871	-0.024029	0.096109	0.081586	-0.156960	0.145182	0.122457	-0.026986	-0.073119	-0.112132	0.156587	-0.193176	0.155169	0.055592	0.053212	0.036640	-0.136218	-0.007817	-0.058449	0.092857	0.014407	-0.029375	0.035396	-0.249495	0.114043	-0.167756	0.086487	0.104038	-0.068156	0.035778	-0.017409	0.016672	0.047800	0.167206	0.084033	-0.181730	0.058503	-0.035072	-0.221251	0.164676	0.018066	-0.012300	-0.091993	0.000681	-0.081675	0.070851	0.049643	-0.003167	-0.041753	-0.132660	0.109175	-0.045619	0.002222	-0.083156	0.082192	-0.015164	-0.115114	-0.075820	-0.064520	0.136375	0.016647	-0.073869	-0.060283	-0.035676	-0.038917	0.182539	-0.021760	0.007859	-0.134577	-0.079850	0.044940	-0.133200	0.020193	-0.200639
0.136542	-0.010120	0.020531	0.043324	0.046741	0.001075	-0.079497	0.031025	-0.060063	0.190493	-0.099727	-0.066020	0.025214	-0.041425	-0.130435	0.009603	0.171802	-0.136707	-0.237164	0.008541	-0.060198	-0.022332	0.056354	-0.012640	0.140581	0.012722	-0.057975	-0.013574	0.030390	-0.159734	-0.211108	0.090026	-0.011868	0.093932	0.110699	0.114362	0.115757	-0.039926	0.017082	0.073564	0.031410	0.044004	-0.019976	0.042832	-0.039772	0.115122	0.100975	-0.141464	0.110475	-0.248713	-0.060361	-0.150805	0.202303	0.065761	0.076966	0.049670	-0.028960	0.031551	-0.030593	0.135920	0.169820	-0.306223	0.158917	-0.007997	-0.043938	0.127010	0.107827	0.020794	-0.053741	-0.043311	-0.080741	0.014617	0.037532	0.061076	-0.009693	-0.144426	0.067347	-0.093912	-0.050644	-0.159222	0.118006	0.125546	-0.096691	-0.026815	-0.071020	0.058929	0.010552	0.071422	0.004854	-0.028186	-0.166700	0.110095	0.070774	0.033180	-0.093963	-0.100917	0.047033	0.017387	-0.086260	-0.120572
0.039710	-0.056891	0.038683	0.134486	-0.091622	-0.072958	0.063004	0.024116	-0.100009	-0.001404	-0.109575	-0.023789	0.154952	-0.007031	0.020031	0.031371	0.048702	-0.146161	0.039049	-0.042072	-0.065018	0.051429	0.007641	0.130402	0.059394	0.068166	0.009688	0.013750	0.012843	-0.020811	-0.055048	-0.033524	-0.026980	0.168875	0.068542	-0.097266	-0.033164	0.120492	0.116776	0.035433	-0.055120	-0.039874	-0.047907	0.114115	-0.124227	0.131522	-0.062915	0.122416	-0.045844	-0.124839	0.195937	-0.127218	0.056450	0.032257	0.134686	0.185235	-0.149130	-0.047926	0.028930	0.127049	0.030750	-0.173697	0.128194	0.056339	-0.181371	0.107142	0.034115	-0.021515	-0.076105	0.137962	-0.034421	0.254308	-0.054939	0.073275	-0.243717	-0.070859	0.017623	-0.167068	-0.021114	-0.134920	0.116523	-0.169971	-0.093335	0.071715	-0.126761	-0.036493	0.114119	0.097274	0.044731	-0.088364	-0.153836	-0.093911	0.070940	-0.145282	0.079237	-0.102545	0.007130	0.142252	-0.042123	-0.136258
-0.034791	-0.056068	0.008503	0.096359	-0.085068	0.029101	0.059892	0.029694	0.137660	-0.116353	0.080321	-0.035154	0.030223	0.298302	-0.158059	-0.105413	-0.122060	-0.101181	-0.041262	-0.185635	0.018641	0.088992	-0.015328	0.016077	-0.045544	-0.089707	0.074092	0.074560	0.011062	0.155868	-0.028236	0.010895	0.064700	0.142271	0.073779	-0.060983	0.081011	-0.083522	-0.029454	-0.000401	0.001622	0.036105	0.096307	-0.157179	0.039183	0.038693	0.043046	-0.036692	0.097222	-0.100552	-0.109634	-0.049216	-0.033498	-0.014417	0.014098	0.008963	0.013640	0.019192	-0.162526	0.027400	0.056820	0.029480	-0.126560	0.185958	-0.126683	-0.035942	0.210595	0.057387	-0.121644	0.115926	-0.050753	0.140700	-0.172908	0.035538	0.225402	-0.151499	0.010596	0.011907	-0.231543	0.006352	-0.002149	-0.006113	0.106386	-0.240503	0.057539	-0.095720	0.010986	-0.043936	0.018340	0.022380	-0.258615	0.053674	0.013055	-0.065350	-0.101559	-0.130178	0.048332	0.113729	0.072805	0.049476
-0.080494	0.060968	0.025946	0.055639	-0.051797	0.149655	-0.006667	0.034718	0.024008	-0.028982	0.040871	0.038403	-0.053849	0.205287	0.150328	-0.038660	0.136475	0.025614	-0.086628	0.169100	0.029994	-0.058818	0.018742	0.006731	-0.078345	-0.036469	-0.102045	0.041493	0.077242	-0.132961	0.196455	0.050942	0.019468	0.086431	0.048862	0.040258	0.081125	-0.033084	0.117022	0.016125	-0.107996	0.135314	0.139052	-0.020114	0.071008	-0.066584	0.116881	0.049318	-0.043569	-0.043040	0.140506	-0.046595	0.079026	-0.027898	-0.157159	-0.012089	-0.056471	0.012958	-0.137157	0.182255	-0.270140	-0.117263	0.062304	-0.028631	-0.006544	0.244611	0.161468	0.226886	0.086930	-0.068118	0.074955	0.248400	-0.053809	0.003131	0.256060	-0.046325	0.118999	-0.158388	-0.028530	-0.131331	-0.067037	-0.073244	0.073688	0.011636	-0.043077	-0.042585	0.109474	-0.084954	0.029778	0.047254	0.030691	-0.071255	-0.067497	0.113522	0.112710	0.057633	0.011816	-0.013022	-0.026932	0.038866
0.156257	0.032328	0.002818	0.122725	-0.049642	0.019396	-0.067365	0.017584	0.216182	-0.004244	-0.020881	-0.144116	0.045816	0.216109	0.283519	-0.017127	0.023088	0.079799	0.093638	0.022807	0.124114	-0.087598	-0.041413	-0.034269	0.066487	0.038072	0.101129	-0.221879	0.049312	-0.100621	-0.074079	-0.067129	-0.102970	0.038963	-0.019404	-0.049115	-0.033884	-0.074127	0.021465	0.076502	0.086211	-0.052336	-0.015645	0.013554	0.164295	-0.184957	0.162592	0.072625	-0.092417	-0.159759	0.111146	-0.056957	-0.001549	-0.070925	-0.110670	0.143762	-0.054003	-0.132327	-0.118589	0.008439	0.028686	-0.101087	-0.056682	0.034730	-0.042087	-0.005644	0.033711	0.062379	0.084952	0.160558	-0.019596	0.268101	-0.065775	-0.099746	0.168806	-0.043428	0.059448	-0.031972	-0.077378	-0.132147	0.033282	-0.084276	0.128859	-0.036221	0.068604	-0.072072	0.150362	-0.163084	-0.093193	-0.037010	-0.003689	0.012486	-0.063342	-0.003197	-0.027891	0.066201	-0.192274	-0.150001	-0.079696	0.009392
0.142828	-0.044021	0.051823	-0.047296	0.031213	0.141851	-0.046891	0.102156	0.128813	0.009758	0.111403	-0.194106	0.030608	0.186020	0.006299	0.056736	0.110950	-0.178692	0.011571	0.037764	-0.071844	0.129562	0.036716	0.005500	-0.030072	-0.083222	-0.043787	-0.066610	-0.048227	0.087311	-0.031750	0.019399	0.107996	0.224830	0.014018	-0.030449	0.051102	-0.216816	-0.046806	-0.063915	0.119028	0.028076	0.119290	-0.011925	0.111573	-0.003383	0.005092	0.171428	-0.058947	-0.116650	0.084378	-0.071349	0.024854	-0.124519	-0.125741	0.024881	-0.064038	-0.042051	-0.262738	0.175140	-0.029782	-0.168323	-0.125793	-0.060925	0.054363	0.202580	0.184004	0.126755	0.022899	0.008807	-0.010635	0.258746	-0.106715	-0.033670	0.016359	-0.039610	0.020601	0.015608	-0.148243	0.025617	0.016290	-0.126261	0.095193	0.040417	-0.052541	-0.118091	0.038404	-0.103678	-0.020712	-0.065710	0.033395	0.027240	-0.186906	-0.018347	0.127533	0.022250	-0.077238	-0.086439	0.070698	0.006130
-0.044746	0.089734	-0.140181	-0.014236	0.037257	0.077847	-0.003558	-0.076610	0.172587	-0.210486	-0.125646	-0.129833	0.072881	0.195201	0.009600	-0.128960	-0.022253	-0.074543	-0.035338	0.096240	0.086893	0.060368	-0.132814	-0.037746	-0.111628	0.107598	0.082073	0.090689	-0.016870	0.075089	-0.166953	-0.026938	0.040722	0.080833	0.036005	0.099402	-0.061323	-0.118319	-0.043535	0.018155	0.007247	-0.090331	0.110589	0.032548	-0.015310	-0.023401	-0.030063	0.181172	0.113074	-0.045642	-0.037364	-0.043436	0.086479	-0.178517	-0.031049	-0.256431	0.047394	0.097712	-0.013990	-0.025658	-0.242472	-0.107724	0.064003	0.028110	0.053179	0.095181	0.099874	-0.100321	-0.059142	-0.015978	-0.008105	-0.054853	-0.173805	0.075671	0.127705	-0.051767	-0.161045	-0.037978	0.026570	-0.138982	-0.010015	0.061574	0.099816	-0.044798	-0.178755	-0.020603	-0.163523	-0.039570	-0.019103	0.022839	-0.226071	0.128681	0.115207	-0.158210	-0.032115	-0.143196	0.118857	0.021335	-0.033253	-0.018126
-0.073305	-0.110433	-0.024617	0.048065	0.058447	-0.045124	-0.242054	-0.025058	0.042228	-0.019775	-0.076107	-0.034498	0.081368	0.092279	0.098942	-0.014068	0.103001	-0.184930	0.044268	-0.019152	0.147608	0.030776	0.068595	-0.030545	0.042389	-0.042918	0.004093	-0.096899	-0.148567	0.030787	-0.102341	0.103710	-0.107552	0.150890	0.130302	0.026828	0.051962	-0.028902	0.061306	0.091681	-0.153348	-0.076105	0.062816	-0.077827	-0.062002	0.073611	-0.129304	0.006290	-0.052808	0.101065	-0.111942	-0.031434	0.147591	0.011276	0.073592	-0.228625	0.023575	-0.048614	0.152544	0.010443	-0.011059	-0.054326	-0.013593	-0.294873	-0.027406	0.036639	0.003944	-0.019571	-0.232248	-0.096283	0.010694	-0.092188	-0.312539	-0.119841	0.160023	-0.023334	-0.054092	-0.109998	-0.057410	0.055761	-0.114933	0.107038	0.016047	-0.111134	-0.185891	-0.006942	-0.026244	0.060968	-0.132885	0.043846	-0.099408	0.126330	0.103057	-0.020693	0.008231	0.008945	0.004940	0.099311	0.022789	-0.121748
0.048409	0.013206	-0.079518	-0.055488	0.083376	-0.040000	-0.016824	0.009249	0.007613	0.010407	-0.007428	0.042206	-0.025147	0.234433	-0.115379	0.088074	-0.030306	-0.094711	-0.168347	0.052109	-0.116962	0.152029	0.029381	0.025250	-0.014130	0.110229	-0.073639	0.015853	0.021221	0.093651	-0.116039	0.036514	-0.015014	0.049097	0.113837	0.206766	0.099675	-0.101275	0.082711	0.122747	-0.059502	-0.277576	0.046555	0.041078	0.112979	0.038497	0.049711	0.159078	0.087333	-0.115231	-0.036093	-0.069816	-0.054075	-0.067556	0.098660	-0.029334	0.060041	0.083244	-0.055317	-0.147219	0.151679	0.163828	-0.132645	-0.016185	-0.148860	0.035287	0.052604	-0.135768	-0.022712	0.039357	0.128970	-0.169420	-0.004035	-0.073493	-0.004798	-0.027410	-0.070660	-0.222627	-0.098404	-0.118038	-0.109233	-0.236194	-0.149513	0.034708	-0.090772	-0.084042	-0.152825	0.022591	-0.084390	-0.119910	-0.049632	0.079077	-0.002743	-0.085931	0.096248	0.007769	0.187087	-0.063076	-0.104274	0.023761
0.145902	-0.071249	-0.011199	0.017902	-0.014989	0.043381	-0.125568	-0.025315	0.009240	-0.015828	0.062243	0.161775	0.022868	-0.162074	-0.018429	0.001018	-0.007634	-0.075306	0.060061	0.126812	0.132559	-0.183001	0.104478	-0.072969	0.159766	-0.071979	-0.046472	0.099514	0.092152	-0.046138	0.014917	-0.135440	0.082683	0.204699	-0.158045	-0.072330	0.183409	-0.004708	0.024370	0.051953	0.035981	-0.038818	-0.057470	-0.055751	0.013295	-0.003513	0.053253	-0.047280	0.277262	-0.123030	-0.000027	-0.154126	-0.044531	-0.139797	0.215093	-0.150031	-0.057568	-0.134226	0.212305	0.056160	0.169530	-0.046648	-0.068514	-0.052953	0.029220	0.028217	0.039419	0.033409	-0.008060	0.039882	-0.100940	0.125480	0.066533	0.029401	-0.018616	0.020726	0.025472	0.089339	0.126544	0.016392	0.084819	-0.018752	0.054048	0.113226	0.050584	-0.147532	0.101165	-0.011875	-0.118122	-0.153651	-0.141393	0.153728	0.066484	0.012515	0.079687	-0.157426	-0.011858	0.220628	-0.008577	-0.037560
0.025174	0.062851	-0.153064	0.029340	-0.023440	-0.069837	-0.005775	-0.085804	0.089002	-0.058656	-0.066056	0.305869	0.098795	-0.008476	-0.007380	0.079041	-0.004448	-0.064569	-0.195955	-0.020657	-0.034814	-0.184313	-0.004044	-0.027022	0.003161	0.177075	-0.015571	0.154388	0.039183	-0.085714	0.014347	-0.087724	0.105778	0.026376	0.074663	-0.026184	-0.006742	-0.018337	-0.017790	-0.067024	0.016020	0.011546	0.115335	0.152370	0.116161	0.024271	-0.072291	0.074663	0.016602	-0.029614	0.086660	-0.177141	-0.022922	-0.141665	0.056562	-0.077026	-0.152960	-0.139366	0.084814	0.182726	0.094784	-0.139597	0.040109	-0.026442	0.065518	-0.038369	0.061596	0.067831	-0.010857	-0.075277	-0.005691	-0.046274	0.025515	-0.054860	-0.068053	-0.090758	-0.115908	0.005321	0.118176	-0.127713	-0.008607	-0.075190	0.093895	0.095817	-0.199268	-0.069259	0.138881	-0.275237	0.018386	-0.111237	0.054645	0.011173	-0.045738	0.034485	0.057098	0.161340	0.070844	0.325163	0.043991	-0.076831
0.091042	0.046696	-0.045961	0.079719	0.070752	0.012902	-0.057000	-0.067000	-0.058174	0.000705	0.124225	0.041096	0.007827	-0.017189	-0.041182	-0.035315	-0.081975	0.141350	-0.277232	0.125199	0.111372	-0.058586	0.041032	-0.086741	0.020139	0.199876	-0.017590	0.301275	0.012654	-0.004738	-0.004526	0.058261	-0.010031	0.128508	-0.047800	0.080385	0.101928	-0.058006	-0.054124	0.138717	-0.148856	0.045029	-0.002644	0.045400	0.024894	-0.019615	0.080694	0.047986	0.156543	-0.149088	-0.214510	-0.006849	0.043296	-0.165801	-0.000830	-0.112439	-0.149197	0.054055	0.066595	0.008562	0.069612	0.038325	-0.181209	-0.046628	-0.049251	0.070229	0.184840	0.007818	0.041765	0.206652	0.012460	-0.043041	0.068497	0.160706	0.022067	0.027819	-0.004922	0.029386	0.031911	-0.018046	-0.078586	0.015764	-0.007445	0.129515	-0.221843	-0.025258	-0.119627	-0.094268	-0.024874	-0.133665	-0.133308	0.222128	0.064449	-0.099849	0.095627	0.058663	0.145345	0.000262	-0.041999	0.091177
-0.020403	0.194468	-0.169451	0.042792	-0.120086	0.174203	0.083608	-0.228776	-0.087262	-0.047744	-0.072445	-0.074135	-0.076050	0.067361	0.321256	-0.131321	-0.042102	0.047646	-0.044879	0.082448	0.210027	-0.008514	-0.075946	0.041174	-0.105015	-0.064947	0.047137	0.007236	-0.051170	0.089317	-0.040177	0.034323	0.012366	-0.160794	0.045415	-0.034372	-0.071068	0.010130	-0.052986	0.016259	-0.201832	0.057453	-0.174969	0.059384	0.015848	-0.063184	0.100983	0.027229	0.076608	-0.138583	-0.034818	-0.099886	0.252222	-0.105117	0.147525	0.052038	-0.087428	-0.145854	0.114539	0.034343	0.041095	-0.058591	-0.056303	0.041769	0.123583	-0.046247	0.016164	0.150657	-0.075022	0.090496	-0.060137	-0.004353	0.059932	-0.036679	0.253007	0.036563	0.038956	-0.104211	0.011898	-0.014406	0.141996	-0.046907	0.039408	0.008097	0.073447	-0.108026	-0.044184	0.049553	-0.097004	-0.035842	-0.045952	-0.001078	0.067504	-0.005054	0.087079	0.064119	-0.022955	0.052651	-0.194646	0.065240
-0.066077	0.205661	-0.050965	0.144946	0.013711	0.038994	-0.040568	-0.053296	0.084096	-0.080248	0.057874	0.023629	-0.060062	0.085987	0.266819	0.064595	-0.015738	-0.134100	-0.104211	-0.011712	0.079122	0.059603	-0.005797	0.084839	-0.043816	-0.130426	0.037739	0.079998	-0.006395	0.098543	-0.214025	0.006284	-0.033939	-0.029249	0.194700	-0.103055	-0.041624	-0.063860	-0.109463	-0.032658	-0.345814	0.186838	0.019696	-0.124355	0.032922	-0.042391	0.079198	0.068103	0.010513	-0.029489	-0.112665	-0.177605	0.092961	-0.083651	0.100338	-0.068799	-0.026775	0.003353	-0.033516	0.124005	-0.057430	0.084112	-0.095880	-0.205376	0.067270	0.106636	0.033688	0.090603	-0.080502	-0.018989	0.049834	-0.069166	0.069551	0.031560	0.071289	0.001457	0.060944	-0.267827	-0.053089	0.066685	-0.020647	-0.068607	0.126201	0.004156	-0.038555	0.014121	-0.040598	0.023880	0.027394	-0.167555	0.032922	-0.020655	-0.010194	0.162795	-0.006945	0.042669	-0.233293	0.088841	-0.060113	0.016096
-0.171255	0.019256	-0.054904	-0.004596	0.191077	-0.097691	-0.070517	-0.118328	0.233136	0.104910	-0.011290	-0.066756	-0.021074	0.132066	-0.014976	-0.011354	0.058680	-0.153645	-0.144154	-0.190386	-0.009442	0.091345	0.079829	0.101089	-0.007190	-0.087245	0.173931	0.167186	0.156578	0.042844	-0.133743	0.006380	0.121087	0.004706	0.216521	-0.152166	0.100016	-0.038508	0.061358	0.011746	-0.006114	0.052312	-0.026877	0.095746	-0.157827	0.027721	0.034378	0.023331	0.147922	0.070563	-0.041393	-0.197068	0.074453	-0.028632	0.117301	0.144530	-0.086891	0.049936	-0.043857	0.024173	0.082738	0.061358	-0.190815	-0.008119	-0.020184	0.218578	-0.005815	-0.039808	0.056930	-0.038984	-0.007205	0.065156	-0.010864	-0.060477	0.040154	0.100201	-0.026289	0.094595	-0.166769	0.059803	-0.094765	0.063121	0.075948	-0.055054	-0.056633	-0.105405	-0.039825	-0.094675	-0.070928	-0.229507	-0.154678	0.091465	-0.070393	-0.006362	0.054516	-0.023690	0.096225	-0.072753	0.040537	0.099525
0.057145	0.056639	-0.036619	0.043067	-0.003838	0.161577	0.014620	-0.007093	-0.027832	-0.012512	-0.106521	0.005888	0.127422	0.035865	-0.036774	0.113567	-0.041349	-0.025713	0.124621	-0.030501	0.027527	-0.147928	0.194362	-0.154441	-0.014871	0.000424	-0.171963	-0.165438	-0.000038	0.184710	-0.039335	0.071898	-0.030071	-0.046673	-0.057379	-0.179964	0.019809	0.143948	0.167235	0.039134	-0.083613	-0.044941	0.099480	-0.061637	0.094691	0.028371	0.017517	0.041465	-0.051982	-0.036854	0.095750	-0.176299	-0.029797	-0.131473	0.035133	-0.257021	-0.070689	-0.081701	0.092069	0.029621	0.061363	-0.098399	-0.062472	0.107337	0.013145	0.084712	-0.117186	-0.059061	-0.317925	0.090440	-0.012931	0.083284	0.027243	-0.058949	0.217555	0.009286	-0.015696	0.011043	0.128919	-0.156128	0.159224	0.026799	-0.053501	0.012444	-0.098096	-0.217996	0.125860	0.091361	-0.066769	0.010818	-0.076431	0.028208	0.074542	0.077892	0.062228	0.005089	0.000553	0.138455	-0.143590	-0.065880
0.094042	-0.017955	0.008159	-0.130982	-0.033702	0.057102	-0.032756	-0.059349	-0.055901	-0.068991	-0.063147	0.035533	-0.019579	0.118193	0.259322	0.006183	-0.036438	-0.011388	-0.012914	-0.022830	-0.031138	-0.224479	0.124702	-0.101707	-0.029897	-0.086976	-0.085984	-0.117000	0.033260	0.075270	-0.032460	0.006906	0.139661	-0.135081	0.038868	0.085393	-0.057770	-0.119972	0.159508	0.048312	0.002083	0.007479	0.108369	0.070011	0.057595	-0.053492	0.148026	-0.048497	0.052360	-0.033696	0.189287	-0.057799	0.168862	-0.252416	0.066710	-0.159072	0.007040	-0.008620	0.056351	0.148239	0.020264	-0.133574	-0.158162	0.257906	-0.002255	0.092536	0.094970	0.118501	-0.196081	-0.029540	0.045868	0.120470	-0.021237	-0.008306	0.105149	0.098439	0.042560	-0.166104	-0.027371	-0.110169	-0.010039	-0.060456	0.015949	-0.071731	-0.049119	-0.105543	0.176221	-0.149311	-0.083357	-0.079678	-0.109732	-0.025350	0.015726	0.128992	0.003562	-0.026942	-0.167119	0.085969	-0.062980	0.060540
0.168425	0.144676	0.028033	-0.092736	0.131091	-0.087075	-0.078989	0.067032	0.029646	0.045243	-0.056786	0.030016	-0.003760	0.155515	0.016453	0.140338	0.015625	-0.163486	-0.133919	-0.043764	-0.029582	0.014754	0.039238	-0.056594	-0.211434	0.170842	-0.003893	-0.040312	-0.012638	-0.084939	-0.018794	0.070396	0.114049	-0.148116	-0.029275	0.064371	0.076691	-0.014137	0.159452	0.158879	0.130639	-0.048943	-0.049361	0.213109	0.146986	-0.011798	0.109649	0.065492	-0.211685	0.002753	0.029389	-0.039345	0.017456	0.043137	-0.062461	0.030103	0.107728	-0.288861	-0.115392	0.068999	0.153307	-0.089585	-0.193104	-0.001199	-0.057504	-0.173781	0.148996	0.029042	-0.169575	-0.045393	0.057738	0.037563	-0.000030	-0.052599	0.082692	-0.030016	-0.019085	-0.029062	-0.025511	-0.172995	0.031795	-0.109314	-0.046338	0.109394	-0.191577	0.001937	0.082273	-0.010854	-0.068297	0.044668	-0.014179	0.074999	0.117862	0.040214	-0.056757	0.150333	-0.033881	0.120680	-0.026764	0.014360
-0.024028	0.020071	-0.134506	-0.053981	-0.075822	0.276507	0.121902	0.008884	-0.057493	0.005965	0.060769	0.106388	0.118500	-0.093191	0.014418	-0.042856	0.004558	-0.197880	0.149545	0.012049	0.075015	-0.027554	0.117043	-0.026263	-0.041594	0.003036	0.067222	0.079113	0.022038	0.249752	0.115003	0.054899	0.058638	0.155928	-0.050044	0.007217	-0.041431	-0.077718	0.012252	0.120148	-0.049756	0.089444	0.107555	-0.053475	0.018243	0.138143	-0.069108	0.058370	0.157402	-0.093487	0.103721	-0.004563	-0.066103	-0.091620	0.108280	0.024171	-0.165702	-0.004001	0.087169	-0.161370	0.071596	0.062922	-0.025485	0.006338	0.068278	0.055368	0.142255	0.089410	-0.073673	0.158002	-0.144852	0.150844	-0.069293	0.008283	0.251527	0.138956	0.120182	-0.083418	-0.064620	0.103288	-0.016959	0.090070	-0.162822	0.001658	0.088762	-0.059144	-0.069805	0.113562	0.021727	-0.077384	-0.045484	0.161407	0.057054	-0.113159	0.109514	-0.086407	0.065072	0.123343	-0.175440	0.009750
0.050585	-0.041028	0.021041	-0.120993	-0.219361	0.139328	0.008025	-0.064958	-0.001848	0.000400	0.028799	0.177353	0.129413	0.081332	-0.052383	0.023282	-0.035186	-0.293586	-0.026808	-0.068739	0.006417	0.010368	-0.026999	0.058215	-0.048803	0.095028	0.034846	0.324888	-0.048593	0.086146	0.126118	-0.096280	0.117777	0.081571	0.025622	0.073871	0.022342	-0.121879	0.005925	0.080332	0.066530	0.056154	0.181312	-0.026850	0.190315	0.031737	0.003332	0.113606	0.066048	-0.120514	-0.140952	0.026620	-0.011668	-0.138662	0.162719	-0.078811	-0.011247	0.041071	-0.047294	0.190770	0.129517	-0.007656	-0.191033	-0.094639	-0.000177	-0.028941	0.140918	0.056842	-0.161234	-0.080523	-0.034536	-0.057041	-0.029591	0.027896	-0.041835	0.073540	-0.043206	-0.043310	-0.040559	0.122490	0.001312	-0.101574	-0.138814	-0.072044	0.004987	-0.108879	0.134514	0.001027	-0.154846	0.039624	-0.018110	0.054594	-0.025047	-0.198198	-0.009158	-0.019576	0.035378	0.118334	0.130674	-0.096094
0.044434	0.022952	-0.016059	0.206558	-0.032428	-0.022230	0.020037	0.059184	-0.110904	0.009742	-0.225153	0.083980	0.199531	-0.078185	-0.004230	0.024853	-0.054165	-0.024449	-0.038786	-0.022379	-0.008286	-0.143845	0.145972	-0.017084	-0.021517	0.197062	-0.100809	0.112138	-0.044188	0.121637	0.011838	-0.048655	-0.125372	0.211039	-0.143339	0.088833	0.075104	0.057308	0.102581	0.007278	-0.025542	-0.035725	0.109179	0.020848	0.065714	-0.064941	-0.054651	-0.013888	-0.083389	0.103177	0.032690	-0.200669	-0.059971	-0.159355	0.105196	0.028803	-0.167760	-0.119370	0.021290	0.187261	0.392791	0.119872	-0.137096	-0.011678	0.026442	-0.031990	0.072678	0.010859	-0.064379	0.103031	-0.037219	0.169802	-0.054324	-0.041048	0.094886	-0.033943	0.069763	-0.117825	0.014075	-0.004063	-0.007986	0.052376	-0.026671	-0.068042	-0.107625	0.006067	0.120407	0.007769	-0.011179	0.012249	-0.080349	-0.071698	-0.108169	-0.123727	-0.007008	0.076100	0.182901	0.036767	0.061738	0.014284
0.098718	-0.088284	0.042606	0.136371	0.034515	-0.109945	-0.058694	0.121327	0.146418	-0.028063	-0.195171	0.027132	-0.001253	0.016361	-0.209345	-0.059151	-0.038294	0.113191	-0.048694	-0.102096	-0.127905	-0.036241	0.069929	0.057853	0.117260	-0.125794	-0.007734	-0.009958	-0.017191	0.101954	-0.069253	0.035922	-0.097033	0.122629	-0.035834	0.022129	0.130308	-0.064255	0.042090	0.076574	-0.034376	-0.199796	-0.000735	0.226825	-0.027295	0.110635	-0.057724	0.018058	-0.149370	-0.092686	-0.088478	-0.184293	-0.028340	-0.093895	0.103581	-0.050291	-0.177378	-0.175860	-0.054408	0.102687	0.217113	-0.123660	-0.182835	0.009110	-0.118133	-0.034600	-0.052700	-0.015172	-0.115281	-0.014665	-0.146891	0.128958	0.040386	0.201040	0.077052	-0.034856	0.102851	-0.075904	-0.073022	-0.176953	0.004363	0.083772	0.007931	0.010891	-0.085230	-0.074741	0.049051	-0.026406	0.056725	-0.121431	-0.083621	-0.137582	-0.012829	0.000995	-0.128754	0.063672	0.063295	-0.007194	-0.078852	-0.143896
-0.067854	-0.073528	0.101839	0.126894	0.051019	0.017662	0.007494	-0.025830	0.045346	-0.026953	-0.010876	0.077207	-0.006049	0.154143	-0.034471	0.004113	0.044001	-0.194828	-0.076667	-0.045931	0.078911	-0.055597	0.215100	-0.046211	0.120226	0.036979	-0.162822	0.154870	0.000958	0.037411	-0.051706	-0.011216	0.034508	0.067606	0.016956	-0.006249	0.139668	-0.049321	0.026260	0.125340	-0.115090	-0.078531	0.177475	-0.025593	-0.070384	0.061199	0.009357	0.066299	-0.005015	-0.266460	-0.148691	-0.252851	0.038014	-0.169151	0.099998	0.093202	-0.028110	-0.009448	-0.112627	0.192633	0.128660	-0.036434	-0.032657	-0.086457	-0.097121	0.231440	0.029012	0.069022	-0.134811	0.040881	-0.182180	0.153025	-0.050142	0.080428	0.035401	0.020912	0.100406	-0.152036	-0.199507	-0.142420	-0.040257	-0.027872	-0.061970	0.040083	-0.127528	-0.039335	0.023956	-0.008546	0.033846	-0.119595	-0.080473	0.088262	-0.108572	-0.051036	-0.030760	-0.013060	0.109577	0.062363	-0.002181	-0.146207
-0.039072	0.053994	-0.017472	0.084416	-0.029254	-0.115330	0.037469	-0.024401	-0.000943	0.143526	-0.155066	0.120351	0.035849	0.121574	-0.036799	-0.055454	0.025166	0.063225	-0.000746	-0.036264	0.087571	-0.177905	-0.020104	0.185216	0.087018	-0.040955	-0.113645	0.053377	0.047384	0.058885	0.052841	0.148120	-0.042027	0.084713	-0.005554	0.083422	0.060095	-0.000527	0.160479	-0.022072	-0.022031	-0.104014	-0.108092	0.134160	-0.150047	0.118457	0.028889	0.098630	0.003268	-0.010304	0.181513	-0.171839	0.033119	0.079664	0.116482	-0.180675	0.030698	-0.002203	-0.240204	0.035112	0.131643	-0.159844	-0.000420	-0.087817	-0.205713	0.144292	0.009235	-0.046061	-0.137940	0.242985	-0.009134	0.093265	0.013561	0.109411	0.114666	0.014674	-0.044501	-0.176730	0.108122	-0.228011	0.035727	0.017289	-0.137171	0.038495	-0.054934	-0.022860	-0.005896	0.061527	0.037349	-0.139279	-0.108574	-0.008262	0.007109	-0.052287	0.046245	-0.078628	0.078066	0.121889	-0.034348	-0.163058
-0.004322	0.020488	-0.054031	0.213757	0.031073	-0.023795	0.020932	0.006901	0.062660	0.020687	-0.030351	-0.026099	-0.110171	0.237300	0.101986	0.060856	0.022776	-0.176054	-0.042743	-0.035195	-0.004823	0.096292	0.054186	-0.070857	-0.056218	-0.097465	-0.102519	-0.087492	-0.143032	0.080565	-0.072584	-0.164544	-0.051719	0.039127	-0.071917	0.065395	0.067635	-0.106199	-0.046541	-0.149974	-0.058840	-0.014652	0.010452	-0.072223	0.146921	0.099614	0.098470	-0.085464	-0.234050	-0.188137	-0.100508	-0.272774	0.016253	0.028871	-0.059057	-0.019996	-0.023000	0.050526	0.025674	-0.007682	-0.079086	-0.020953	0.066632	-0.022354	0.011597	0.029127	0.097994	-0.170746	-0.030539	-0.056575	-0.026305	0.144202	0.041210	0.152376	0.075492	-0.050454	0.075410	-0.275488	-0.071161	-0.102422	-0.137761	-0.099600	-0.020105	0.039622	-0.197160	-0.158678	0.095188	0.071506	-0.043300	0.067294	-0.057985	0.033476	-0.019352	-0.061409	0.099903	0.141487	0.112028	-0.125214	-0.171805	-0.064549
0.093949	0.038474	0.132252	-0.022008	-0.051503	-0.015236	-0.039161	-0.008550	0.151338	0.031034	0.137083	-0.046141	-0.096838	0.052742	0.070585	-0.029765	-0.145307	-0.006492	-0.152407	0.021564	-0.051027	0.071577	0.210188	-0.187204	-0.072751	0.077840	-0.110253	-0.145630	0.163673	-0.016219	0.127974	-0.028105	-0.010303	-0.093580	0.286072	-0.000945	-0.131216	-0.046233	-0.055622	0.080874	-0.009422	0.061422	0.002585	0.050228	-0.057950	-0.055766	0.054411	-0.044646	-0.096811	0.074669	-0.064538	-0.107130	0.031109	-0.078838	-0.139034	-0.102715	-0.119858	-0.091042	0.050278	0.077911	0.002944	-0.013690	-0.100325	-0.035441	-0.158780	0.059750	0.192228	0.087050	-0.186384	-0.035424	-0.037505	0.063117	-0.088737	-0.082371	0.087140	0.317153	-0.033210	-0.000040	0.051183	-0.014126	0.192116	0.024523	0.055075	0.010339	-0.103129	-0.117549	-0.091113	0.015223	0.093467	-0.068123	0.232755	0.038925	-0.038391	0.162693	0.055809	0.009876	-0.033856	0.112298	0.023294	0.078332
0.046486	-0.025388	0.048091	0.085403	0.174214	0.103325	-0.110331	0.043389	0.057016	0.169547	-0.015101	0.004471	-0.194983	-0.038371	0.111743	-0.035284	0.042583	0.035243	0.109957	0.025171	-0.036369	-0.138365	0.049494	-0.100673	0.001156	0.028760	-0.055903	-0.050270	-0.065558	-0.149101	0.127836	-0.122626	0.089144	0.114842	-0.163455	0.232022	0.189680	-0.110340	0.047100	0.067038	0.005271	-0.052781	-0.113421	-0.021398	0.113642	-0.006547	0.204572	0.111376	-0.023923	-0.223080	0.077095	-0.051974	0.168542	-0.147406	0.165728	-0.020681	-0.035997	-0.123374	0.021519	0.204157	0.136538	-0.147293	0.103211	0.032753	0.000358	0.103751	0.030244	0.132014	-0.031177	-0.026656	0.198193	0.152357	0.103270	0.005113	0.116697	0.009480	-0.003297	-0.122544	-0.011840	0.067321	0.037204	-0.014001	0.107854	0.061291	-0.046353	0.045035	0.188125	-0.000619	-0.115692	-0.074271	0.060507	0.122198	-0.028265	0.015828	0.033745	0.034648	0.003522	-0.102174	0.030030	0.005325
-0.011418	-0.155060	-0.047738	0.078231	0.158183	-0.093741	0.023808	-0.054982	0.109047	-0.102728	0.044072	0.024918	-0.048939	-0.062645	-0.116971	0.022371	0.049906	-0.022806	-0.114290	0.119961	-0.205929	-0.080985	0.174668	-0.090935	0.147593	0.104170	-0.107101	0.008127	-0.015622	-0.129885	-0.052909	0.132815	0.018950	0.061250	0.108782	0.035635	0.008126	-0.143468	0.080862	0.069362	0.083985	-0.006585	-0.017926	0.112601	0.001989	0.162069	-0.002803	-0.016522	0.177531	-0.091205	0.093274	-0.034244	0.038944	0.089168	0.029772	0.114059	-0.110134	-0.150576	-0.095433	0.211771	0.084690	-0.219407	-0.006264	0.030309	-0.028167	0.064568	0.173032	0.050032	-0.052912	0.022089	0.097572	0.162059	0.092232	0.157233	0.088569	-0.048801	-0.019724	0.052445	-0.082334	-0.146335	-0.043437	-0.081840	0.117903	-0.100220	-0.118342	0.007768	0.055881	-0.217716	-0.127552	-0.095804	0.007311	0.131511	0.140959	-0.031377	-0.004722	0.086701	0.082155	-0.193962	-0.077372	0.026411
0.036367	-0.035460	-0.009726	0.015323	0.071834	-0.123807	-0.068753	-0.157182	0.181723	0.080956	0.048182	-0.140388	-0.108346	-0.025824	-0.103375	-0.187638	0.071465	-0.030987	-0.043407	0.011366	0.024805	-0.083050	0.020373	-0.133057	0.060487	-0.015817	0.069078	0.058831	0.024874	-0.038441	-0.021469	0.171346	-0.079855	-0.051684	-0.090361	-0.052294	0.111811	-0.134544	0.062947	0.113489	0.093751	-0.045599	0.023137	0.229949	0.011357	0.169089	0.024487	-0.089298	0.027993	-0.143545	-0.019200	-0.246080	0.238433	0.212057	0.087771	0.081436	-0.144251	-0.236392	-0.067100	0.054262	0.032232	-0.104476	-0.080984	-0.086541	-0.068575	0.072087	-0.011847	0.073074	-0.065146	0.147690	0.056799	0.055357	-0.044865	0.013103	0.174123	0.089338	0.023314	0.091526	-0.145396	-0.168003	-0.016184	-0.020385	0.095263	-0.016692	-0.002097	0.056777	-0.003187	-0.020786	0.097651	-0.026627	0.163195	0.019851	0.018928	-0.185767	-0.031347	0.140153	-0.070741	0.003900	0.064440	0.098916
0.149657	0.067115	-0.012841	0.086812	0.203631	0.004901	0.027166	-0.117076	0.066254	0.032930	-0.082090	-0.071201	-0.106220	-0.062500	-0.017539	-0.026175	0.133161	0.097534	-0.012871	0.096314	-0.020412	-0.069992	0.199214	-0.069924	0.028608	0.036986	-0.008820	0.080221	-0.012839	-0.204249	-0.037092	-0.024593	0.064297	-0.027528	-0.055982	0.004121	-0.009143	-0.078932	-0.075073	0.077698	0.036286	0.221116	-0.091849	0.253158	0.099653	0.067782	-0.099729	0.025014	-0.011238	-0.073017	-0.021881	-0.195807	-0.047948	-0.050783	-0.101626	0.039304	-0.231508	-0.199231	-0.080783	0.148471	0.075135	-0.076165	0.173017	-0.119712	0.039753	0.121488	0.051517	0.020797	-0.114724	0.102700	0.029472	0.005707	0.072233	0.152144	0.108103	-0.080286	0.201437	-0.156847	-0.180240	0.082905	-0.057862	0.059651	0.097293	-0.109352	0.132033	0.115800	-0.025875	0.026968	-0.012292	-0.091821	-0.018980	-0.096982	-0.105762	-0.004823	0.015846	0.004346	-0.019260	-0.114045	0.052327	-0.151054
0.075267	0.036449	0.080292	0.015165	0.229380	-0.008558	-0.047331	-0.164569	-0.024899	0.059142	-0.101876	-0.038325	-0.088911	-0.014449	-0.101344	0.029227	0.112219	0.035303	-0.048382	0.172249	-0.036392	0.007261	0.122381	-0.046484	0.138053	0.136286	-0.049203	0.102201	0.101995	-0.177618	-0.251596	0.053355	0.122353	0.137039	0.014902	0.162253	0.066261	-0.137924	-0.051196	0.116355	0.099401	0.149106	-0.128475	0.005800	0.037909	0.110006	-0.063771	-0.114587	0.027128	-0.120606	0.068009	-0.090114	0.134454	-0.051317	0.074033	0.046924	-0.222200	-0.124628	0.025407	0.086843	0.196056	-0.146499	0.083234	0.056120	-0.099234	0.166049	-0.088721	0.142702	0.009908	0.018136	0.022902	-0.005218	0.016745	-0.046477	0.079308	-0.134568	0.109209	0.016315	-0.064272	-0.029149	0.034304	-0.015771	-0.135969	-0.203329	-0.033453	0.144581	-0.139066	-0.089533	-0.116978	-0.029921	-0.039407	-0.061436	0.003926	-0.024696	0.075253	0.105976	-0.000486	-0.028068	0.036788	0.080961
0.150330	-0.084053	-0.070163	0.013327	-0.052082	-0.053503	0.014290	0.000957	0.082346	0.092964	0.214273	-0.087423	-0.026940	0.002608	0.143634	-0.004769	0.180463	0.000531	-0.159100	0.142169	0.011821	-0.073894	-0.061068	-0.109198	-0.155029	0.213944	0.055201	0.189531	0.112943	0.089614	-0.097992	-0.075220	-0.062966	0.050055	0.056200	0.157273	0.036468	0.008407	-0.177891	0.245857	-0.080557	-0.068493	-0.022835	0.135504	0.178669	0.050932	0.069315	0.061325	0.016458	-0.018336	-0.052181	-0.169025	0.001132	-0.215154	0.003510	0.015719	0.076787	-0.040200	0.010125	0.033826	0.107929	-0.131280	0.147717	-0.159791	0.045563	-0.051662	-0.046673	-0.037258	-0.018240	-0.042940	-0.029664	-0.031929	-0.083260	0.018265	0.109877	0.056796	-0.049715	-0.133957	0.152436	-0.067135	0.112036	-0.062939	0.106000	-0.042234	-0.206708	-0.139926	-0.100531	-0.154907	-0.056336	-0.030713	-0.040253	0.085178	0.082597	-0.072536	-0.001006	0.036228	-0.008441	0.152328	-0.003211	-0.041769
0.192768	0.043791	-0.038249	0.072183	-0.027663	0.074912	0.064768	0.056674	0.148206	0.112411	0.096794	-0.059453	-0.015133	0.069265	0.021721	-0.085688	0.219012	-0.046593	-0.030661	-0.006301	0.046438	-0.043174	0.003513	-0.050997	0.000128	0.159320	-0.071338	0.221324	-0.047790	-0.025417	-0.012254	-0.061225	0.009084	0.094580	0.008183	0.160988	0.284236	-0.010191	-0.093967	0.213117	0.001283	0.019235	0.105590	0.084116	0.227977	0.208661	0.156168	0.062931	0.055250	-0.070848	-0.038996	-0.160849	0.005887	0.038377	-0.045329	-0.088354	-0.016353	-0.099529	0.100321	0.107962	0.156230	-0.099641	0.168306	0.014622	0.086542	-0.070257	-0.014744	0.054345	-0.088622	0.028347	0.091255	-0.008896	-0.048621	-0.108374	0.073400	-0.034097	-0.026698	-0.109790	0.113284	0.005228	0.014264	-0.169440	0.103007	-0.005844	-0.226516	-0.079200	-0.003516	0.019158	-0.057311	0.127492	0.121026	0.083793	0.086224	-0.126177	0.099280	0.070617	-0.070653	0.071037	0.109528	-0.062940
0.110532	-0.127001	-0.061276	0.071339	0.000932	0.043506	0.010378	-0.081434	0.020154	-0.096971	0.032471	0.139173	0.017651	0.123451	-0.077144	0.045546	0.195250	-0.008095	-0.016353	0.027976	-0.018477	0.001437	0.106202	-0.022032	-0.083099	0.046412	0.071856	-0.048318	0.017657	0.161427	-0.010684	-0.152012	-0.013716	0.122703	-0.084478	-0.006960	0.088629	0.070339	-0.033005	0.078314	0.152431	0.050366	0.039158	-0.063024	-0.019806	0.095582	-0.078609	-0.052906	0.049157	-0.219956	0.010855	0.186062	-0.101548	-0.012149	-0.023603	-0.284304	0.087669	0.002997	0.128505	-0.027938	0.113528	-0.074489	0.028523	-0.084274	-0.163729	-0.129085	0.125112	-0.011092	-0.098898	-0.046596	-0.018211	0.233613	-0.011871	-0.211046	0.058843	0.062660	-0.108951	-0.097585	0.054800	0.062116	-0.020655	0.052300	0.057530	-0.024653	-0.155316	-0.122942	-0.028270	0.170160	0.039946	-0.023734	-0.103580	0.084216	-0.123078	0.102709	0.129016	-0.179291	0.191895	0.217702	-0.011594	-0.024287
0.171365	0.106313	0.165397	-0.128404	0.020290	-0.021855	-0.010144	0.024292	0.069993	-0.009226	-0.156042	-0.012916	0.088674	0.129401	-0.147603	0.097177	-0.086989	0.000484	-0.001026	0.206909	-0.001790	-0.123387	0.083315	-0.020073	0.038671	-0.030578	-0.109761	0.000955	-0.086350	-0.060286	-0.055899	0.065957	0.047562	-0.076097	0.028924	-0.006198	0.015746	-0.055633	0.155942	0.109495	0.180855	-0.009012	0.120096	0.157007	0.021235	0.011201	0.088939	-0.099226	-0.035923	0.020130	0.114952	-0.154138	-0.065224	-0.098268	-0.159187	-0.156213	-0.034133	-0.212058	0.002154	-0.031982	0.188958	-0.251921	0.042485	-0.003365	-0.063337	-0.019044	-0.070810	0.042215	-0.188171	-0.000387	0.036625	0.069804	0.027107	0.117425	-0.009071	-0.066657	-0.110525	0.169175	-0.036420	-0.103982	0.127368	-0.026679	-0.138131	0.159962	-0.014250	-0.101480	0.119912	0.024691	0.058405	-0.020215	-0.111739	0.052448	-0.143774	0.109045	0.129055	-0.066726	-0.030658	0.144703	-0.133835	-0.094360
-0.021979	-0.037744	-0.066419	0.045222	-0.170649	-0.038086	0.074705	-0.001905	0.148170	0.014554	0.076830	0.067456	0.051531	0.040181	-0.043397	-0.029873	-0.078336	-0.005726	-0.018985	-0.126532	0.071854	-0.182524	-0.066144	0.038272	-0.018144	-0.050347	0.092995	0.147094	-0.072631	0.119989	0.112784	0.007677	-0.103868	0.052817	0.008410	0.062730	0.068874	-0.006366	0.034863	0.112107	0.051933	-0.085916	-0.043799	0.210475	0.162691	0.027154	-0.008208	0.071024	-0.086770	-0.040479	-0.085495	-0.207884	-0.091577	-0.179147	0.093589	-0.042114	-0.190710	-0.243085	-0.008803	0.117012	-0.025130	0.036938	-0.225607	-0.114022	0.111844	-0.084318	0.006284	0.117490	-0.175409	0.135476	0.015805	0.087554	-0.033245	-0.045507	0.112783	0.075065	-0.088771	-0.195454	0.146224	-0.087520	-0.019984	-0.022065	0.097948	-0.215434	-0.148705	-0.185263	0.096412	-0.040082	0.135594	0.007113	0.003559	-0.016596	0.072565	0.017155	0.076030	0.064829	0.011178	0.100048	-0.122486	-0.044403
0.071340	-0.034305	0.056740	0.140083	-0.048151	0.027923	0.039393	-0.092091	-0.042749	0.049056	0.032402	0.000290	-0.099622	-0.038988	-0.038591	0.028701	0.008335	-0.037650	-0.073358	0.016265	0.044995	-0.189150	0.067015	-0.090404	0.057117	0.063496	-0.163414	0.010212	0.061426	0.137548	0.228254	0.139062	-0.074761	0.025921	-0.084151	-0.113781	-0.064996	-0.028697	0.139210	0.064828	-0.109383	0.097567	-0.010675	0.084241	0.023353	0.154175	-0.034580	0.021043	-0.153728	-0.200267	0.112091	-0.101595	-0.078865	0.039440	0.039532	0.122160	-0.151247	-0.219184	0.012928	0.076067	0.089224	-0.191422	-0.040809	-0.098993	0.102646	0.060741	0.076612	-0.035203	-0.097528	0.028108	-0.149561	0.272457	0.139696	-0.015849	-0.028576	-0.089783	0.082467	-0.261453	0.049250	-0.040284	0.019809	-0.102053	-0.025088	0.064118	-0.235282	-0.057478	0.100985	-0.101167	0.005566	-0.144908	0.077837	0.044722	0.009678	-0.096468	0.085223	0.122008	-0.015462	0.004435	-0.088080	0.010528
-0.078071	0.000818	-0.166675	0.162789	-0.176363	0.117107	0.102731	-0.006317	-0.142463	-0.022264	0.030028	0.113150	-0.173040	-0.046517	-0.094653	0.088139	-0.032733	-0.143785	0.058877	0.066131	0.084633	-0.027388	0.080557	0.044272	-0.001752	0.201598	-0.133161	0.130091	0.184519	0.130281	0.093105	0.033589	-0.087086	-0.009616	-0.082927	-0.012637	-0.012587	-0.024454	0.073009	0.167737	-0.092057	0.078572	0.238995	-0.041849	0.112746	-0.037343	-0.059972	-0.013449	-0.151177	0.029257	-0.019533	0.100997	-0.082789	-0.115240	0.093975	-0.059421	-0.070375	-0.035953	0.058677	0.027780	0.145622	0.144548	-0.012589	-0.197487	-0.107868	0.137639	0.004826	0.052848	-0.109270	-0.107541	0.048910	0.100451	-0.118581	0.118219	0.071674	0.090450	-0.103549	-0.116759	-0.176742	-0.019152	0.002779	-0.022256	-0.212244	-0.047141	-0.002817	0.003844	-0.115391	-0.108702	0.048275	-0.091919	-0.026468	0.038221	-0.147843	-0.123844	0.116862	-0.061002	-0.018159	0.084290	-0.003216	-0.073393
0.116130	-0.047486	-0.097289	-0.090976	-0.103653	-0.049732	-0.012240	-0.124976	0.116803	0.098545	0.133044	0.039230	-0.097089	-0.021768	0.059608	0.088789	-0.050227	-0.133820	0.027222	0.069783	0.182535	-0.069686	0.043134	0.003202	-0.114275	-0.184374	0.123816	-0.020897	0.096765	-0.060745	-0.096075	-0.092025	-0.157578	-0.009643	0.069554	-0.001016	0.044669	-0.125882	0.009007	0.182863	0.039162	-0.112070	0.044077	0.096279	0.055303	0.086855	0.012152	0.116721	0.091409	-0.218823	-0.115747	0.003847	0.044671	0.099599	-0.019302	0.100158	-0.106540	-0.084414	0.032914	-0.013572	0.146555	-0.005994	-0.141153	-0.050707	0.030975	-0.012297	0.027644	0.166667	-0.074868	0.128636	-0.040290	0.149256	-0.104410	0.005769	0.263453	0.141661	-0.144801	0.089543	-0.084252	-0.072602	-0.113351	0.007399	0.071557	-0.029129	-0.000487	-0.042202	-0.098288	0.109389	-0.118039	-0.214076	-0.084312	0.197699	0.065170	-0.071023	0.157706	-0.077147	0.037552	0.031749	-0.083406	0.110536
-0.140696	-0.193448	-0.006275	0.234418	-0.001953	-0.030245	-0.087035	-0.089756	0.161208	0.019890	-0.017799	-0.159854	-0.092068	0.092093	0.070050	-0.075370	-0.013792	0.017174	-0.063986	-0.061791	0.229050	0.069350	0.070359	0.095258	0.048543	0.207645	-0.041688	0.084268	0.031804	0.181092	0.145419	-0.037852	-0.034068	0.012289	-0.091101	-0.065665	-0.124642	0.129262	-0.064074	-0.051465	0.004236	0.007379	0.139721	-0.048559	-0.078928	0.109669	-0.014364	-0.035382	0.024645	-0.041202	-0.115288	-0.193980	-0.013101	-0.067767	0.060986	0.146443	-0.258926	-0.113253	-0.064808	0.072897	-0.044238	0.024770	0.035420	-0.201741	-0.078673	0.125308	0.098234	0.043302	0.004805	0.103635	-0.031261	0.112190	0.183210	0.123132	-0.052926	-0.004479	-0.002435	0.076213	-0.110939	0.006336	-0.025345	-0.053390	0.100398	0.053267	-0.051644	0.023094	-0.012758	0.047210	0.097630	0.036443	-0.114279	0.250242	-0.178255	-0.081398	0.106497	0.014230	-0.024927	0.027478	0.044566	-0.009830
-0.020572	0.021170	0.167768	-0.013366	-0.001112	-0.060082	-0.054916	0.102140	0.182606	0.053024	-0.182085	0.005746	-0.079004	0.121128	0.102582	-0.138990	-0.029227	0.072709	0.003405	-0.042327	0.016444	-0.023018	-0.196350	0.106158	0.137744	-0.089901	-0.220269	0.089086	-0.150684	-0.025198	-0.181229	-0.222066	0.053738	0.171224	-0.025971	0.005167	0.056134	0.047555	0.036559	-0.024456	0.048413	-0.029807	-0.106517	0.159355	0.041848	0.008405	-0.000531	0.087552	-0.063298	-0.094620	-0.092335	-0.068499	0.097219	-0.047773	-0.016668	0.017650	-0.012215	-0.040398	-0.153460	0.253640	0.054731	-0.115139	-0.048919	0.165324	-0.020334	0.074768	0.119532	0.096987	-0.022596	-0.066891	0.044640	0.255819	0.083200	-0.080529	0.006005	-0.198386	-0.066482	-0.035509	-0.210218	-0.018584	-0.060388	-0.009243	0.039654	-0.007972	-0.041941	-0.047947	0.050879	0.050891	0.056655	0.025924	-0.108912	0.153670	-0.022690	0.139290	0.038645	0.052003	-0.045197	-0.071804	-0.177925	0.011996
0.055237	-0.149161	0.010240	0.160222	-0.010437	0.079409	-0.061358	-0.062654	-0.012897	-0.068829	0.085249	0.018158	-0.051909	0.210940	0.030769	-0.036824	0.144344	0.301144	-0.053533	-0.105770	0.066614	-0.014607	0.039788	-0.086390	-0.029131	0.126646	-0.100460	0.135580	0.101570	-0.210349	0.036058	-0.082153	0.018045	0.058445	0.055269	0.079629	0.116840	-0.078675	0.082612	0.103782	0.238672	-0.069769	-0.047350	0.100433	0.063355	0.079103	0.054202	-0.016302	0.021961	0.005060	-0.107714	-0.030509	0.092575	-0.032388	-0.077203	-0.049361	0.006297	-0.178736	-0.049764	0.132755	0.070538	-0.177907	0.036033	0.013490	0.127426	0.071564	0.149864	0.040950	0.039281	-0.047657	0.003419	0.166249	-0.205253	0.065490	0.073385	-0.075917	-0.208397	-0.043212	0.116687	-0.092561	0.001466	-0.129000	0.143646	-0.068832	-0.218270	-0.067296	0.059802	0.013084	0.105009	0.027657	0.013478	0.117246	0.038026	0.105070	0.027584	0.013001	0.033434	-0.109019	0.095707	0.069856
0.062754	-0.009041	-0.005743	0.162601	0.005392	0.038438	-0.063867	-0.006619	0.190144	0.049573	0.045308	-0.025012	-0.066344	0.001367	-0.219035	-0.134134	0.164739	0.134905	-0.036942	0.095385	0.110575	0.195939	-0.034619	0.014407	0.124202	0.107456	-0.023047	0.170479	0.045183	-0.278209	0.003327	-0.086518	0.076086	0.089177	0.022897	0.050856	-0.016316	0.152412	0.098757	0.013078	0.039596	0.004331	0.002325	0.147856	0.009952	0.005323	-0.060685	-0.020737	0.087549	-0.020734	-0.167048	0.053295	0.076622	0.050705	-0.060710	0.128062	-0.077487	-0.183171	-0.022814	0.196280	0.173195	-0.104307	0.121280	0.004140	0.070499	0.054755	0.077251	0.105023	0.038104	0.029688	-0.072566	0.176182	-0.082246	-0.022180	0.016579	-0.150162	-0.059603	0.061993	-0.015283	0.033017	0.164228	-0.014202	0.074569	0.074609	-0.213260	-0.029611	0.094972	-0.023685	0.135374	-0.046858	0.004461	0.103700	-0.061219	0.068750	0.099265	0.216619	0.001971	-0.091630	0.123494	0.067142
-0.048513	0.034641	-0.182788	0.021469	-0.099073	0.179435	0.131240	0.002537	0.080959	-0.054580	-0.004748	-0.029344	-0.006113	0.033148	0.039551	0.065050	-0.027824	-0.225722	0.063788	0.117877	0.104468	-0.092615	0.206402	-0.084437	-0.031997	0.003698	-0.038418	0.018614	-0.022235	0.101756	-0.022077	-0.094485	0.012827	-0.062653	-0.066172	-0.026398	-0.144225	-0.135462	-0.026141	-0.130278	0.032264	-0.146093	0.102661	-0.065524	0.100427	-0.041032	0.133671	0.077716	0.048315	-0.051109	0.154313	-0.116180	0.072628	-0.107424	0.166862	-0.282849	-0.101853	-0.119300	0.216889	0.004004	0.021044	-0.124031	-0.039487	-0.087744	-0.065739	0.019777	-0.054501	-0.032177	-0.130146	0.031299	-0.100440	-0.046512	0.167042	-0.042508	0.075197	0.139161	-0.015256	-0.072354	0.109185	-0.221067	0.108294	-0.096526	-0.086208	0.032191	-0.186898	-0.192156	0.102019	0.081902	-0.032532	0.012323	0.096582	-0.029698	-0.025342	0.026501	0.028002	0.023554	0.083737	0.094870	-0.017311	-0.112420
0.127275	0.002407	-0.042478	0.014835	0.006410	0.013913	-0.213025	-0.098924	-0.048959	-0.147804	0.057356	0.037869	-0.012624	0.095108	0.029771	-0.055966	-0.022749	0.026253	-0.048933	0.111704	0.105003	-0.006066	0.119001	-0.105155	0.008889	0.084220	0.012540	0.000371	-0.021130	-0.069421	-0.117065	-0.078604	-0.032952	0.076985	0.034057	-0.099951	0.131764	-0.033447	-0.055074	0.054943	0.198560	0.056824	0.156680	0.036125	0.161340	-0.031888	0.096013	-0.018531	0.103266	-0.103474	0.129484	-0.110630	-0.005781	-0.097099	0.068507	-0.181534	-0.052686	0.020199	0.076051	0.107030	0.221454	-0.242104	0.182689	-0.154437	0.038943	-0.054827	0.031466	0.096103	-0.039772	-0.183030	0.030027	0.018491	0.018827	-0.189172	0.136074	0.091742	0.106491	0.097655	0.142825	-0.081551	0.140646	-0.084146	0.053484	0.040000	-0.047746	-0.174803	0.133613	-0.046590	-0.028101	-0.167133	0.095115	0.181152	0.160191	0.039222	0.024030	-0.031957	0.008060	0.145492	-0.018127	0.039215
0.071561	0.109054	-0.020699	-0.105234	-0.082170	0.028793	0.015860	0.094884	-0.066005	-0.083459	-0.119757	0.059640	-0.006338	-0.011189	0.028220	-0.104752	0.034236	-0.053585	-0.069822	0.027569	-0.144648	-0.120476	0.083566	0.015461	-0.059362	0.001286	-0.017728	0.122351	-0.028755	-0.026703	-0.047010	-0.013986	-0.056266	-0.042138	-0.031337	-0.082699	0.019716	-0.086442	0.232365	0.084130	-0.016617	-0.219148	0.156742	0.143119	-0.004127	0.082649	0.007182	0.085560	0.120083	-0.053914	0.228302	-0.161303	0.135851	-0.141993	0.088914	-0.038809	-0.245220	-0.002487	0.119293	-0.030897	0.094911	0.002031	-0.047149	-0.034266	0.152836	0.095685	0.062911	-0.002088	-0.023869	-0.058543	0.039759	0.111264	-0.067510	0.086733	0.067105	0.213920	-0.089122	-0.135089	0.099479	-0.121866	-0.022164	0.076451	0.035295	-0.218023	0.015930	-0.179645	0.193164	-0.076480	-0.008223	-0.006049	-0.050273	0.049789	-0.068886	-0.102437	0.088578	-0.062703	0.144762	0.164877	-0.176323	-0.089566
-0.118444	-0.028109	0.013822	-0.092123	0.082225	0.034048	0.054652	-0.004325	0.012316	0.045478	-0.068808	0.140801	0.054266	0.005000	0.055828	0.016698	-0.135860	-0.247029	-0.002770	-0.047035	-0.127631	-0.062605	0.041308	0.021757	-0.058044	-0.045294	-0.096029	0.244146	0.058546	-0.016925	-0.029157	-0.098314	0.075206	0.002291	-0.065936	-0.208577	-0.124023	-0.063544	0.152970	0.201758	-0.137306	-0.181100	0.068354	0.108696	-0.040621	0.005672	-0.087657	0.040530	-0.054767	-0.114070	0.075053	-0.156839	-0.056254	-0.144638	0.035185	0.075836	-0.098284	-0.161633	0.011221	0.132403	0.031222	-0.132518	-0.077909	-0.070950	0.076207	-0.002275	-0.035442	0.089695	-0.091365	-0.011097	0.007834	0.109552	0.062388	-0.109449	0.088936	0.030312	-0.043160	-0.183963	-0.146911	-0.101169	0.013102	0.002890	-0.149969	-0.020247	-0.195995	-0.106004	0.077589	0.044331	-0.049820	-0.092707	0.015454	-0.036097	0.039497	-0.159907	0.118255	0.125302	0.047527	0.249901	-0.116034	0.084182
0.054988	0.066373	-0.171015	0.123528	-0.003827	0.074554	-0.055212	0.027910	0.062384	-0.138980	0.044899	0.028585	0.008433	0.157954	0.109682	-0.015929	0.017107	0.042397	-0.169537	0.014123	-0.109372	0.005363	0.033211	0.047128	-0.099987	-0.002215	0.057505	0.230297	0.125867	0.220328	-0.146512	0.181771	0.080354	0.010649	0.130901	-0.052155	-0.003058	0.001810	0.027044	0.009709	-0.237959	0.067342	0.027591	0.058998	0.015221	0.080634	0.062191	0.025185	-0.118726	-0.127032	0.007276	0.021638	0.094082	-0.203500	-0.049927	-0.248072	-0.028693	0.026312	0.028692	0.029586	0.118491	0.025804	-0.115391	0.107763	-0.112838	0.091504	0.081600	-0.078281	-0.159807	0.086660	-0.063467	-0.020175	-0.022594	0.144201	0.015494	0.082032	0.054283	-0.087007	0.076789	0.023968	0.101249	-0.094927	-0.078014	-0.022971	-0.110815	-0.053587	-0.117642	-0.006277	-0.045569	-0.199054	-0.187472	-0.080934	0.011300	-0.043559	-0.017440	-0.225515	0.147024	0.102667	-0.107250	-0.012279
-0.069283	-0.069693	-0.129789	0.155290	-0.029524	0.059176	-0.058813	-0.190931	-0.011874	-0.170794	0.148754	0.190389	0.101568	0.243326	0.044110	-0.051921	0.014365	0.082803	-0.200368	-0.033928	0.106151	0.095855	0.013716	0.046040	-0.106021	0.208282	0.094473	0.145706	0.110914	0.113055	-0.002564	0.029612	-0.064333	-0.024347	0.129679	-0.209679	0.016415	0.038800	-0.002848	-0.113306	-0.037072	0.017396	0.034142	0.118979	0.089803	0.030153	-0.046203	-0.026112	-0.064528	-0.096813	-0.130044	-0.077011	-0.104163	-0.070202	-0.102881	-0.080312	-0.069633	-0.000573	-0.088400	-0.092428	0.140200	0.105935	-0.068716	0.081397	-0.118405	0.008637	0.060369	-0.007758	-0.036153	0.092934	-0.134824	0.020626	-0.084586	-0.051289	0.092940	0.038960	0.018046	-0.048984	-0.061889	0.047901	-0.052873	0.027222	0.029086	-0.049316	-0.201840	-0.129742	-0.078043	0.003198	0.032179	-0.113202	-0.264250	0.091596	-0.007373	-0.030038	0.020971	-0.144870	0.162604	0.110866	0.074092	-0.124616
0.112468	-0.005405	0.101113	0.073811	-0.277791	-0.081005	0.090869	0.095335	0.033064	-0.002754	0.091429	0.175169	-0.145900	0.039082	0.169111	-0.050757	-0.027069	0.038360	0.077510	0.131155	-0.020543	-0.013186	-0.064160	-0.091787	-0.012719	0.025376	0.081338	-0.123919	-0.006087	0.141892	-0.140273	0.110741	0.035478	0.106971	-0.082606	-0.023248	0.017801	-0.008844	0.135625	0.210330	-0.065040	0.000052	0.107642	0.151490	0.075203	-0.072788	-0.009036	0.104405	-0.105834	-0.230151	-0.076247	-0.168480	-0.004467	-0.051608	0.038723	-0.047324	-0.179028	-0.149555	0.091625	-0.074291	0.064382	0.153645	0.021861	0.030746	-0.030029	0.011198	0.082053	-0.002829	-0.049754	0.028945	-0.100401	0.171208	0.017639	-0.109906	-0.073140	-0.234446	0.177034	-0.178183	-0.043073	-0.053398	0.026341	-0.079485	-0.008584	0.007098	-0.031690	0.029654	0.092103	0.030242	0.006964	-0.088148	0.107760	-0.133795	0.000800	0.088873	0.053700	-0.142845	-0.000239	-0.153498	-0.123131	0.016517
-0.008589	-0.017622	-0.031722	0.135182	-0.054505	0.074464	0.253056	0.044600	0.039616	0.047013	0.013476	-0.056477	-0.059823	0.191193	0.052869	0.013930	-0.089521	-0.169138	0.101186	-0.012536	0.055323	-0.148173	0.108912	-0.066062	0.048655	-0.121440	0.022496	-0.202983	-0.120842	0.179581	0.049347	0.122238	0.048068	-0.037022	-0.116184	0.080376	-0.072822	0.056336	0.031392	-0.026476	-0.065579	-0.061701	0.044623	-0.121607	-0.009089	0.080323	0.149985	-0.074406	0.087812	-0.044138	0.022996	-0.205908	0.200467	-0.116775	0.137009	0.036372	-0.016695	-0.172509	0.092545	0.000217	-0.026696	0.120420	0.015683	0.037702	-0.139836	0.017025	0.165914	0.093537	-0.178567	0.151366	-0.000234	0.162152	-0.109558	0.246829	-0.064378	-0.123800	0.036238	-0.114736	-0.068387	0.095464	-0.112945	-0.066915	0.119037	-0.012571	-0.087178	0.033632	-0.049461	0.012296	0.044244	-0.021961	0.098152	0.189226	0.033642	0.068695	0.053391	0.006098	-0.022462	0.038221	-0.046766	-0.086161
0.198986	-0.013616	0.121290	0.202535	-0.083881	0.090185	-0.078973	0.019237	0.115797	-0.024993	0.162413	-0.035682	0.032121	0.169835	0.032368	-0.128850	0.005867	-0.080885	0.054040	-0.019888	0.200567	0.010993	0.075241	0.143428	-0.177362	0.080063	-0.016326	-0.081332	-0.033977	-0.034246	-0.048048	-0.076527	0.055749	-0.112116	0.061815	-0.074436	-0.119929	-0.061114	-0.022922	0.081002	0.082937	-0.049891	0.071348	-0.037569	-0.034722	-0.020584	0.051890	-0.145560	0.165232	-0.098665	-0.096644	-0.071626	-0.224392	0.085471	0.103063	-0.212350	0.010688	0.078706	0.021944	-0.046377	0.198079	-0.153675	0.121985	0.165548	-0.093167	-0.045157	0.043666	-0.008498	-0.109145	0.063480	-0.171162	-0.012815	0.011273	-0.025930	-0.041653	-0.016966	-0.048261	-0.066155	0.101773	0.012414	0.227123	-0.108919	-0.006712	0.120042	-0.072620	-0.125009	0.186248	-0.101627	-0.003353	-0.038654	-0.141359	-0.013679	-0.007498	0.040608	-0.158524	-0.046986	0.043239	0.120702	0.012352	0.043997
0.063730	-0.133311	0.064410	-0.050197	0.023589	0.090713	0.034075	-0.036513	-0.010552	-0.089516	-0.003071	0.145655	0.059340	-0.041584	0.071146	0.019402	-0.084500	-0.158716	0.130781	0.069547	0.044190	-0.158285	0.324257	-0.031633	0.030720	0.128873	0.018234	0.046289	-0.027672	-0.007863	-0.142593	0.062603	0.078822	-0.073455	0.111193	-0.141811	0.031591	-0.235567	0.031344	0.216211	-0.005218	0.038843	-0.002055	0.003895	0.071095	-0.051124	0.006289	0.020056	0.016379	-0.210877	0.204161	-0.283017	-0.138650	-0.115117	0.089452	-0.070375	-0.171370	-0.016769	-0.007414	0.051698	0.167118	-0.139414	-0.036384	-0.021205	0.138855	0.009126	-0.103405	-0.018503	-0.066016	-0.081470	-0.082793	-0.034854	-0.021414	-0.062601	-0.008366	0.029109	-0.043751	-0.039189	0.042826	-0.195251	0.107384	0.022195	-0.022282	-0.091506	-0.015213	-0.029413	0.119429	-0.173409	-0.066029	-0.135734	0.125840	0.012905	0.013762	-0.055152	0.032840	-0.025762	-0.043599	0.131212	-0.036807	-0.086610
-0.130567	-0.174733	-0.024778	0.020522	-0.075398	-0.084305	0.019324	-0.113551	0.104917	-0.093441	-0.080991	0.003495	0.093062	0.152362	0.035008	-0.026075	-0.005542	-0.243467	0.042932	0.007358	0.072510	-0.027143	-0.110450	0.058717	-0.026955	0.077499	0.034225	0.073964	-0.012767	-0.106448	0.057848	0.014916	-0.020003	-0.141276	0.041907	0.018865	-0.084054	-0.052075	-0.143956	0.227035	-0.033205	0.119800	0.095024	0.100994	0.110342	0.169708	-0.095609	-0.005776	0.112059	-0.057761	-0.068722	-0.320576	-0.063507	0.015776	0.047660	-0.094311	-0.139654	0.031294	-0.114904	-0.084287	0.039297	-0.011568	0.160760	0.038323	0.165975	0.054837	-0.085228	0.073237	-0.072658	-0.021131	-0.051140	-0.038822	-0.193974	-0.039693	0.224262	-0.072780	-0.059337	-0.038106	-0.104066	0.042653	-0.084142	0.018047	0.042936	0.062083	-0.023088	-0.040369	-0.144074	-0.127331	0.012635	0.016125	-0.062517	0.029016	0.082184	-0.138973	0.123982	-0.231026	0.008765	0.177705	0.050549	0.064142
-0.029706	-0.048127	0.095865	0.001492	0.041493	0.140575	0.109030	-0.047939	-0.058190	0.073537	0.058358	0.048262	-0.048211	0.109229	0.028314	0.056414	0.041874	-0.173151	0.055692	0.080690	-0.105072	-0.215201	0.124097	-0.045831	0.099694	-0.060485	-0.207422	-0.086329	-0.070240	0.118045	0.078683	-0.061492	-0.088137	-0.008879	-0.148932	-0.050268	0.022215	-0.004891	0.038388	0.166645	0.014305	0.019210	-0.049707	-0.013563	0.067747	0.165982	0.092343	0.028840	0.121624	-0.133534	0.164160	-0.161728	0.052968	-0.121167	0.177135	-0.016958	-0.188388	0.044781	0.131685	0.079112	0.028533	-0.104968	0.044420	-0.168700	0.019078	0.095600	0.038527	-0.071145	-0.106318	0.008260	0.169320	0.062363	-0.044258	-0.101637	-0.028973	0.077187	-0.021027	-0.234316	-0.055899	-0.026180	-0.034704	-0.116939	-0.053540	0.044598	-0.122832	-0.050136	0.136852	-0.031197	0.027133	-0.114588	0.126985	-0.150538	-0.105805	-0.027594	-0.003775	0.158387	-0.157886	0.198932	-0.088555	-0.086379
0.068858	-0.017119	-0.043961	0.123687	0.092600	-0.043102	0.049914	-0.057361	0.020858	-0.151386	0.038333	-0.012500	0.041875	0.085395	-0.066017	0.030381	0.022394	-0.150488	0.205413	0.017372	0.047828	0.000313	0.173208	-0.000318	0.156186	0.071168	-0.009831	-0.223575	0.112322	-0.048455	-0.121073	-0.132057	0.114018	0.081526	-0.041860	-0.176674	0.006421	0.117066	0.059043	-0.170277	0.062922	-0.031579	0.080144	-0.067311	0.039838	-0.119365	-0.053962	-0.011961	0.006075	0.010741	0.133868	-0.253622	0.012818	-0.126207	0.283263	0.030532	-0.037504	0.022061	0.100650	-0.031598	0.045358	0.038163	-0.130818	0.002432	-0.025557	0.090212	0.136600	-0.135316	0.125699	0.076183	0.033451	0.136411	0.071515	-0.082964	0.078741	-0.024365	-0.106693	-0.161403	0.020206	0.052090	0.059073	0.152982	0.230048	0.052400	-0.193502	-0.093209	0.040303	-0.094698	0.112788	-0.014041	-0.005495	-0.019283	-0.134954	-0.004929	0.037630	-0.029935	0.079669	0.150797	-0.021580	-0.039740
0.016333	0.173405	-0.085924	-0.052279	0.152866	-0.116887	-0.024718	-0.001909	0.110885	0.193224	-0.017462	-0.035572	0.047696	-0.099496	0.001129	-0.019864	0.149129	-0.046268	0.045541	0.045934	0.026541	-0.094437	-0.001837	0.021772	-0.002527	0.154176	-0.058327	-0.044216	-0.064659	0.040783	-0.107533	0.160163	0.077159	-0.019927	0.114364	-0.033859	-0.002497	-0.098664	0.011385	0.095953	-0.058893	0.029258	-0.156046	-0.026216	-0.023554	0.212480	0.009986	-0.017418	0.101677	0.015127	0.157061	-0.105839	0.064156	0.077204	0.077253	0.090932	-0.097983	-0.190979	0.172808	0.077222	0.193887	0.047590	0.072220	-0.012504	-0.065380	0.099856	0.097870	0.135962	0.051511	0.093673	-0.030306	-0.077349	0.086730	0.053454	-0.079741	-0.217937	0.061451	-0.117306	-0.173939	0.107579	0.017313	0.005121	0.000749	-0.041035	-0.206339	0.138458	-0.013514	-0.199120	0.055342	-0.048597	0.069483	0.115198	0.029068	-0.176826	0.008028	0.149479	0.025957	0.237766	0.105309	-0.010345
-0.038261	-0.052737	0.096486	0.069240	-0.003268	0.069949	0.032631	-0.004622	-0.067833	0.139179	-0.057279	-0.031709	-0.018491	0.225424	-0.030080	0.125929	0.081259	0.115134	-0.018613	-0.115344	-0.116434	0.077154	0.106135	-0.060574	0.150592	-0.016303	0.059577	0.001626	0.026659	-0.105031	0.226364	0.038640	0.033315	-0.066116	0.015711	-0.056665	0.183953	-0.140820	0.140945	0.091718	-0.092856	-0.093358	-0.072540	0.014388	-0.090493	0.079054	0.162164	0.072739	0.050343	-0.094170	0.100783	-0.057217	0.249705	-0.048478	0.105244	-0.007749	-0.109436	0.013325	-0.090536	0.067509	-0.081819	0.123590	0.035134	-0.143297	0.185893	0.146941	0.087628	-0.027251	-0.200173	0.108570	-0.006364	-0.075935	-0.052167	0.084802	0.083352	-0.002657	0.095621	-0.020395	-0.064601	-0.022217	0.081923	-0.011278	0.083383	0.103806	-0.157793	0.058893	0.037729	-0.183072	-0.004008	-0.036886	0.100784	0.022658	-0.062552	0.031486	0.036335	0.216708	0.042284	-0.064615	0.261151	-0.104523
-0.089792	0.128318	0.153015	0.131535	-0.147484	0.106715	0.169883	0.112759	0.184035	0.149106	0.016240	0.043881	-0.105198	0.050726	0.037655	-0.148232	0.099235	-0.024386	0.077306	0.158705	0.041883	0.030846	0.032754	0.008707	0.203504	0.108168	-0.124998	-0.041112	-0.061170	-0.010363	-0.023017	0.028035	0.008770	0.083558	-0.052190	0.024794	-0.029019	-0.007402	0.007589	-0.133333	0.014308	-0.125066	-0.085923	0.100809	0.055345	0.089471	-0.084115	-0.067561	-0.028666	0.034928	0.033813	0.036719	-0.023844	-0.107590	0.109151	0.150531	-0.024894	-0.174133	0.050738	0.017288	0.011610	0.103559	-0.001946	0.198262	0.078689	-0.039209	0.053208	0.002933	-0.042702	0.094179	0.101390	0.084616	-0.063958	-0.089287	0.225342	-0.079597	-0.111051	-0.199056	-0.207004	-0.035691	-0.057272	0.108356	-0.009004	-0.027327	-0.092265	0.120555	0.010963	0.065254	-0.008765	0.087001	0.022975	0.117161	-0.053290	-0.059671	0.253306	0.195383	-0.170948	0.038671	-0.118139	0.025573
-0.052777	-0.072269	0.029673	0.199540	-0.284557	0.015010	0.058142	-0.010851	0.073195	-0.059845	0.153150	-0.000889	-0.176527	0.144468	0.057064	0.007795	0.083822	-0.062447	0.087322	-0.015106	-0.046999	-0.081103	0.053824	-0.089318	0.024204	0.059573	-0.064298	0.022957	0.173782	0.000464	0.022915	-0.052387	0.048176	-0.106934	-0.035346	-0.131636	0.019680	-0.109304	0.124177	0.050318	-0.156096	-0.002711	0.068698	-0.178055	0.115844	0.084140	-0.100867	0.042537	-0.036219	-0.161643	0.079180	-0.034159	-0.131469	-0.160756	0.037249	-0.170087	0.002748	-0.086731	0.169495	-0.083297	-0.019108	0.010520	-0.023819	0.049650	-0.015668	0.006063	0.043558	-0.003719	-0.068983	0.072537	-0.031495	0.173875	-0.048763	0.037415	0.271900	-0.043909	-0.066986	-0.042596	0.175862	-0.116410	0.194665	0.011600	0.059705	0.082791	-0.060299	-0.059749	-0.027667	-0.054341	0.027341	0.132762	-0.191610	0.049651	0.182230	0.134606	0.042956	0.005815	-0.143186	0.145780	-0.032024	0.021435
-0.092438	0.133556	0.057175	0.061839	0.099428	0.071401	0.113424	0.158317	0.031779	-0.039895	0.061423	0.019008	0.139180	0.181466	-0.041629	0.071588	0.138369	-0.170551	0.042099	0.061089	0.065184	0.138123	-0.024240	0.148228	0.124139	0.059746	-0.099120	-0.009745	0.011445	0.052913	-0.052460	-0.067641	0.155527	0.172347	0.080712	0.055316	-0.148949	-0.026714	-0.098352	0.032083	-0.058696	-0.196171	0.077116	-0.109580	-0.034074	-0.047538	0.062370	0.017655	-0.008164	-0.103280	0.191664	-0.045998	-0.015036	-0.059572	0.143046	0.064493	0.064845	-0.085795	0.109685	-0.090233	-0.032570	0.042059	-0.135898	-0.003144	-0.034166	-0.025535	0.002911	-0.062877	0.192975	0.033400	0.058335	-0.097820	-0.034441	-0.138850	0.073204	-0.179251	0.130504	-0.221390	0.039997	-0.031256	-0.079238	0.136698	-0.070808	0.050326	-0.178239	-0.027733	-0.124200	-0.072956	-0.104229	0.021930	0.125525	0.102487	-0.154650	-0.036103	0.202924	0.103429	-0.089980	0.138582	-0.020798	-0.037637
-0.078836	-0.100828	0.131720	0.095008	-0.186289	0.179996	0.067848	-0.115025	-0.062096	-0.058995	0.140896	-0.237486	0.016217	0.120770	0.158285	-0.075417	-0.047523	-0.014974	-0.214468	-0.012198	-0.041545	0.127271	0.014596	-0.037800	-0.045337	-0.122559	-0.108998	-0.097608	-0.014730	-0.043700	-0.089214	-0.140817	0.020792	-0.036324	0.049467	0.112769	-0.034282	0.116544	0.061429	-0.016892	0.070928	-0.047910	0.009234	0.211303	-0.020239	0.204277	0.076922	-0.082151	0.030707	-0.022428	-0.150681	-0.256574	0.060803	0.001317	0.135389	0.139477	-0.109537	-0.127198	-0.138848	0.060857	0.052320	-0.006540	-0.094586	0.054239	-0.136648	0.170815	0.096246	0.123797	-0.031564	0.080948	0.038856	0.177007	0.072833	0.022749	-0.017417	0.091001	0.079458	-0.170930	0.090532	-0.037003	0.021196	-0.119370	0.018381	0.054526	-0.090375	-0.062449	0.008989	-0.109405	0.034177	0.015204	-0.012251	-0.109660	-0.023367	-0.011084	-0.057558	-0.094271	0.005575	-0.130932	-0.070676	0.059783
0.048272	0.179182	0.103294	0.255792	0.177463	0.169251	-0.051609	-0.059934	-0.007308	-0.143826	0.015644	-0.027658	-0.063411	0.135835	0.019283	-0.029018	0.187904	0.069611	0.052799	0.122851	0.054503	-0.153702	0.261619	-0.037623	0.101039	0.077509	-0.192879	0.040562	0.087509	-0.064903	-0.163588	-0.046638	-0.004061	0.012140	0.115753	-0.018775	0.046572	0.025383	0.058386	0.001156	0.064660	0.042455	0.155161	0.169816	-0.013536	0.029626	-0.058719	-0.149957	-0.088108	0.000646	-0.023703	-0.114617	-0.129297	-0.130780	-0.153606	-0.145229	0.095504	-0.059527	0.008374	-0.054956	0.180612	-0.089295	-0.044778	0.031817	-0.042886	0.073167	-0.060005	-0.075149	-0.162795	0.009259	-0.022607	-0.123556	-0.088330	-0.126827	0.007877	0.069201	0.054355	-0.117077	0.009246	0.027307	0.129572	0.072489	-0.057428	-0.096388	-0.032005	0.068622	-0.098594	-0.014739	-0.079345	0.101417	-0.189535	0.005074	0.070106	-0.062109	0.055918	0.086217	-0.089992	0.112567	-0.115851	0.022705
0.060709	0.187994	-0.045672	0.210217	-0.030061	-0.010051	0.010218	-0.007043	0.170649	-0.134345	-0.024903	0.178329	-0.025250	0.157723	0.061210	-0.010909	0.080139	-0.232786	-0.130247	0.132964	0.122496	-0.096749	-0.157253	0.006756	-0.095766	0.071111	0.018231	0.280451	-0.032964	0.046852	0.024496	0.038880	0.073450	-0.090718	0.109952	0.006468	0.164666	-0.169974	-0.067158	0.044137	-0.056894	0.059458	0.041097	0.079636	0.011010	-0.032285	0.302142	0.140934	-0.022094	0.024867	-0.002548	0.033295	0.023216	-0.025263	-0.140778	0.016414	-0.031097	-0.120406	0.004539	0.038803	0.009088	-0.016351	0.067273	0.016305	0.093852	0.057914	0.068799	0.022915	-0.065519	-0.024418	0.113245	-0.244549	-0.187729	-0.035586	0.218811	-0.032933	-0.114143	0.020946	0.168730	-0.070772	-0.015874	-0.050797	0.043030	0.007832	0.001289	-0.045245	-0.005892	0.063604	-0.011621	-0.113230	-0.072524	0.071144	-0.015990	0.004193	0.073092	-0.116415	-0.115947	-0.013353	-0.001856	-0.079416
0.040123	0.236616	0.065634	0.073210	0.122894	-0.001318	0.164430	0.131241	0.094042	-0.009653	-0.131350	-0.031230	0.093594	0.058988	-0.090183	0.065091	0.047481	-0.103780	0.097451	0.040305	-0.050678	-0.153071	0.020508	-0.070247	-0.188751	-0.084056	-0.114176	-0.037812	0.067766	0.064620	-0.089283	-0.029123	-0.157202	0.126960	-0.021232	0.013691	0.272371	-0.059722	0.058200	0.051712	-0.061175	-0.066341	-0.095071	0.177089	-0.134989	0.006198	0.034046	-0.039749	0.055144	-0.150920	-0.112433	-0.102760	0.241398	0.069075	-0.021684	-0.027864	0.107070	0.042309	0.004722	0.101957	0.173399	-0.164007	0.122293	-0.086801	-0.043549	0.085461	0.008474	-0.042457	-0.150840	0.100765	0.050210	-0.040048	0.065992	-0.091935	0.026132	-0.070196	0.041696	-0.041768	-0.091771	0.028915	0.019522	0.170092	-0.132879	-0.057476	-0.196051	-0.063787	-0.026859	0.046444	0.071774	0.032431	0.045037	0.149567	-0.030407	-0.040146	-0.174485	-0.057051	-0.031197	-0.180897	-0.022749	-0.064149
0.141226	0.217460	0.150474	0.150362	0.049188	-0.049960	0.028048	0.041483	0.181135	-0.063810	-0.118222	-0.125434	-0.047720	0.175714	-0.107537	-0.071796	-0.030537	-0.060505	-0.093200	0.109610	-0.122440	-0.062038	-0.109334	0.168443	0.018821	0.022532	-0.126363	-0.044803	0.011747	0.092291	-0.079404	0.071988	-0.034255	0.106342	-0.129832	-0.018853	-0.010361	0.070190	0.007068	0.160385	0.007042	-0.155825	-0.015660	0.117927	0.015316	-0.031530	0.084527	0.169025	0.119482	-0.030508	0.013541	0.014292	0.054775	-0.009688	-0.155000	-0.036980	0.021905	-0.002273	0.021744	0.090969	0.179862	-0.080552	-0.078155	0.043621	0.015986	-0.018958	-0.063524	-0.054743	0.018977	0.055001	0.105644	0.163033	-0.108652	-0.071022	0.205121	-0.149787	-0.117026	0.071101	-0.067040	-0.112475	-0.018159	-0.151924	-0.038103	-0.052065	-0.064114	-0.059107	-0.044465	0.005617	-0.009645	0.044205	-0.102990	0.097800	0.104264	0.127918	-0.181271	0.144368	-0.139357	-0.071639	-0.268348	-0.034122
-0.008283	0.146523	-0.005046	0.124645	-0.099114	0.007858	-0.050420	-0.038422	0.127645	-0.111289	-0.062408	0.090686	-0.027318	0.185445	0.109001	0.019137	-0.046842	-0.030303	-0.046644	0.093703	0.151106	-0.135572	-0.198003	0.011535	-0.033357	-0.072076	0.024609	0.023426	0.094034	0.222211	0.051742	0.056546	-0.208069	-0.062651	0.000192	-0.015130	0.117825	-0.151746	0.039118	0.136756	-0.073066	-0.053015	0.030468	-0.215411	0.215786	0.030339	0.270099	0.167100	0.013883	-0.139203	-0.083613	-0.010231	0.125584	-0.116238	0.131948	-0.084979	-0.066915	-0.045856	0.022475	-0.043684	0.081881	0.116718	-0.022871	-0.085564	-0.219672	-0.019793	0.115797	0.125572	-0.072959	0.009475	0.036381	0.024652	-0.023521	-0.123355	0.214896	0.029011	-0.148513	-0.038381	-0.028087	-0.040633	-0.095453	-0.126287	-0.053090	-0.039424	-0.012180	-0.088292	0.019346	0.108077	-0.041957	0.127896	-0.015565	0.051040	0.016204	-0.041965	-0.100748	-0.029234	-0.036220	0.071898	0.024005	-0.063675
0.007369	-0.029102	0.013065	0.148422	-0.056144	-0.035685	0.072610	-0.188674	0.093546	-0.093755	0.102310	-0.058276	0.092044	0.249467	0.005464	-0.007167	0.013185	0.012319	-0.118530	0.065159	-0.023606	0.090022	-0.151793	-0.049193	-0.169772	0.139837	0.075271	0.200812	-0.094137	0.091499	-0.099825	0.152381	0.026541	-0.068053	0.112970	-0.070917	0.020246	-0.050578	-0.009558	0.080797	-0.075804	-0.100720	0.020526	0.165937	0.121872	0.140891	0.147433	0.054278	0.264720	-0.044763	-0.194061	-0.101843	0.033207	-0.016115	-0.031047	-0.050636	0.026668	0.135693	-0.127532	0.007793	0.212609	0.155108	0.120893	0.090661	-0.087835	0.126041	0.030870	-0.025206	-0.114690	-0.033616	-0.005315	-0.024929	-0.113924	0.025913	0.056415	-0.121624	-0.063562	-0.066278	-0.098571	-0.041084	-0.140003	0.028796	0.054290	-0.012094	-0.118242	-0.059817	0.010728	-0.109544	0.057473	-0.063066	0.007206	0.159490	-0.088239	0.013835	0.030892	-0.031231	0.150925	0.104285	0.115544	0.094466
-0.054577	0.289079	0.068103	-0.001556	0.175070	-0.027240	-0.058978	-0.116759	0.141147	-0.061663	0.112729	0.078882	0.127910	0.003445	0.033109	0.043982	0.098567	-0.075222	-0.026161	0.042038	-0.039512	0.003516	-0.074920	-0.023617	-0.106578	0.076332	-0.000862	0.101680	0.163996	0.102333	-0.088596	0.033219	0.124686	0.193524	0.106327	0.115011	-0.054263	0.045557	-0.013122	0.094026	-0.088837	0.076449	0.238980	0.161118	-0.096344	-0.059776	0.044597	0.031855	0.177403	0.018970	-0.118277	0.028455	-0.078960	-0.072263	0.009177	0.116070	-0.051665	0.127660	0.106426	-0.034713	0.183651	0.045877	-0.068540	-0.090297	0.102968	0.025633	0.007906	-0.102249	-0.128526	0.067909	0.015422	-0.113266	-0.087281	-0.093808	0.105565	0.089484	0.042152	-0.036789	-0.107691	-0.041034	-0.154683	0.037943	-0.108758	0.189378	-0.097301	0.003733	-0.048051	-0.104074	0.082379	-0.199738	-0.090260	0.192638	-0.049961	-0.161636	-0.024865	-0.004622	0.079080	-0.000728	-0.107334	0.013168
-0.036130	0.098752	0.080966	0.054617	0.053708	0.047839	0.068717	0.056379	-0.030347	-0.111075	-0.181962	0.176506	0.044026	0.273474	-0.054142	-0.001368	0.057644	-0.143780	0.008125	-0.026569	0.086075	0.150346	-0.038198	0.152635	-0.071313	-0.030104	0.115893	0.045257	0.027170	0.051191	0.156212	-0.060678	0.171848	0.176794	0.136643	-0.165209	0.122160	-0.133523	-0.010248	-0.067032	-0.109598	-0.057000	0.027811	-0.002579	-0.104490	-0.095920	0.051899	0.009647	-0.003122	-0.176391	0.038235	-0.050713	-0.037649	0.076485	0.253647	0.029177	0.128402	-0.027450	0.035386	0.035736	-0.031851	0.046172	-0.041187	-0.083941	-0.075564	0.112442	0.074311	0.009220	0.054162	-0.088511	0.042697	0.010724	-0.053312	-0.104593	0.124597	-0.089837	0.032853	-0.291951	0.043977	0.136756	-0.155428	-0.012700	0.014633	0.034150	-0.036166	-0.180626	0.025688	-0.014948	0.070301	0.032596	0.064840	-0.056177	-0.219166	-0.017010	0.030386	0.107390	-0.060732	0.176158	0.063214	0.002694
-0.031036	0.028512	-0.077803	0.107096	0.007142	0.030474	0.111767	0.008653	0.080195	0.120719	-0.114969	-0.173575	0.090425	0.159801	-0.039000	0.100570	0.025307	0.111228	-0.071198	0.071654	0.119154	0.232687	-0.045170	-0.062484	0.194377	0.106637	0.029535	0.014308	0.032733	-0.021230	-0.014927	0.129964	0.006899	0.064090	-0.123817	0.110135	0.047798	0.052470	0.094866	-0.011415	0.096925	-0.005927	-0.223488	0.109603	0.113074	0.038375	0.100813	0.005576	-0.095695	-0.064701	0.050512	-0.086157	0.146958	-0.062036	-0.018422	-0.096162	0.020099	-0.160934	-0.102791	0.003198	0.246227	-0.033169	-0.049384	0.091741	-0.011236	-0.006818	0.046054	0.051885	0.138592	0.040612	-0.016734	0.164707	-0.017023	-0.071115	0.140589	-0.043696	-0.019379	-0.103189	-0.052644	-0.215746	0.115310	-0.127130	0.052241	-0.056100	-0.102297	-0.047475	0.020819	0.043459	0.108151	0.001551	0.142012	0.142012	-0.100515	0.078768	0.249463	0.155346	-0.058686	-0.143040	0.105505	-0.030322
-0.135049	-0.014656	0.024016	-0.157709	0.031836	0.022125	-0.034032	-0.056060	0.212061	-0.041041	-0.143707	0.092035	0.052124	0.118817	0.094951	0.005064	-0.022411	0.070587	0.009624	0.013080	-0.065942	-0.138475	0.019866	-0.045332	0.081986	-0.041472	-0.064804	0.106070	-0.088649	-0.089031	0.026205	-0.055212	-0.025080	0.126664	0.122373	0.113161	0.124832	-0.100309	0.065134	0.027141	-0.002764	-0.217682	-0.019001	-0.005318	0.252558	-0.052341	0.055486	0.030264	-0.075145	-0.037457	-0.161929	0.007026	-0.029678	-0.217080	0.065080	-0.088564	-0.099012	-0.026933	0.086731	0.087194	0.132134	-0.101213	0.026210	-0.090901	0.207782	0.058465	0.022448	-0.010047	-0.160493	-0.064072	0.065113	-0.006036	0.110179	0.139414	0.224300	-0.022216	-0.073653	-0.039618	0.100140	-0.209757	0.125329	0.070644	-0.039930	-0.008969	-0.105611	-0.025299	0.105647	0.032958	-0.115761	0.088054	0.175909	0.005994	-0.120793	0.028988	0.103701	0.041958	0.101706	-0.133760	-0.121699	-0.173612
-0.116982	-0.011802	-0.079258	0.172918	0.034913	0.047769	0.116203	-0.020994	0.130673	0.064098	-0.006548	0.171833	-0.072300	-0.042771	0.063427	0.050911	0.025879	-0.048792	-0.012333	0.060117	0.081285	0.005519	0.054779	-0.118542	-0.115102	-0.016101	-0.088255	0.055321	0.130148	0.114128	0.013232	-0.052037	-0.053352	-0.110074	-0.143244	0.047632	0.119185	-0.064906	0.095701	0.072251	-0.135771	-0.088683	-0.075204	-0.101321	0.095227	0.124132	0.144225	0.008909	0.098705	-0.016026	-0.029310	-0.311106	-0.154616	-0.004904	0.062327	-0.108917	0.062733	-0.043970	0.129233	0.007087	0.007460	-0.033164	-0.000234	0.132578	-0.079389	0.119701	-0.019884	0.036508	-0.194292	0.089176	0.028168	0.003340	-0.090550	-0.174511	-0.024048	0.131179	-0.080192	-0.134946	-0.082024	-0.116845	0.127835	-0.197719	0.027016	-0.023087	-0.160343	-0.055146	-0.058870	0.044761	-0.074100	-0.046270	-0.092761	0.167535	0.222158	-0.219044	0.086620	-0.009718	-0.096197	-0.096878	-0.034922	-0.057210
0.159823	0.034882	-0.072131	0.089066	-0.055429	0.046252	0.053835	-0.014179	0.120489	-0.184465	0.097453	0.031242	-0.068669	0.082410	0.061950	0.006177	0.069513	-0.025806	-0.150726	0.112333	-0.033416	-0.240145	0.066147	-0.186459	-0.081202	-0.011940	-0.019286	0.197246	0.038583	0.125016	0.005991	0.065480	-0.131493	-0.062149	0.059869	0.029865	0.048149	-0.071246	0.012157	0.159518	-0.024284	0.050163	0.142622	0.081289	0.237709	0.020244	-0.028267	-0.044630	-0.176036	-0.073351	-0.058492	-0.067348	-0.050389	-0.143178	-0.082109	-0.141524	-0.099565	-0.218174	0.045856	0.103244	0.132242	0.036366	0.030945	-0.080091	0.242660	0.028094	0.073060	0.054300	-0.138491	-0.032285	0.035985	-0.012084	0.176186	0.013007	0.092606	-0.059886	0.053842	-0.235409	0.108746	-0.120151	0.065853	-0.104337	0.051051	-0.100166	-0.144842	0.058905	0.122292	-0.098625	-0.057521	-0.038533	0.090851	0.002449	-0.097402	0.057603	0.037364	-0.039089	0.043263	-0.041794	-0.071244	0.012526
0.123381	0.129305	0.043274	-0.119603	-0.006496	-0.068582	-0.002855	-0.001418	0.065961	0.040810	-0.113319	0.067325	0.059117	0.050297	-0.113720	0.080957	0.031470	0.092900	-0.054084	0.243289	0.016623	-0.041343	0.152282	0.017842	0.112859	0.008357	-0.060519	0.133560	0.194317	0.039321	-0.080923	0.061509	0.061429	-0.064288	0.075275	-0.053194	-0.007088	0.004718	0.063537	0.049358	0.064001	0.039885	0.052697	0.224948	0.001958	-0.036557	-0.033345	-0.005143	-0.012363	0.042913	0.138954	-0.238507	-0.094780	-0.201408	0.003249	-0.095582	-0.095234	0.004408	0.110540	0.043901	0.136705	-0.214185	0.034883	0.012759	-0.015327	0.113030	0.009769	-0.039528	-0.167026	0.069344	0.035190	0.055371	0.043793	0.038325	-0.087173	-0.053253	-0.149740	0.200092	0.075664	-0.056909	0.128289	-0.040036	-0.084989	0.151291	-0.149901	-0.070129	-0.042874	-0.136547	0.143476	0.088315	-0.124325	0.038082	-0.251623	0.117474	0.062519	-0.083179	0.023621	0.037518	0.168967	-0.098878
-0.043482	0.075837	-0.074735	-0.158727	-0.081949	0.041960	-0.008495	-0.056545	0.080680	0.128982	-0.098397	0.058132	0.133859	0.171475	0.039137	0.027047	0.096090	-0.087488	0.018089	0.043852	0.167677	-0.055801	0.016542	0.099144	-0.116222	0.092428	-0.026985	0.183404	-0.016989	0.102058	0.065251	0.051226	-0.086907	-0.090422	-0.001899	0.036481	-0.032386	-0.251291	0.042494	0.311668	-0.007132	-0.008951	-0.138970	0.039231	0.103948	0.029726	-0.042626	0.148413	0.074257	-0.018578	0.005604	-0.088873	-0.148011	-0.017740	0.022579	-0.177310	-0.009875	-0.027204	0.074131	-0.130250	0.059648	-0.005389	-0.084397	-0.121076	0.203900	0.004010	0.031039	0.119253	-0.209846	0.125788	0.065628	-0.126307	-0.123989	-0.121370	0.053857	0.015232	-0.025877	0.040049	-0.050794	0.177536	-0.047034	-0.136016	-0.116433	-0.107609	-0.092312	-0.115702	-0.114339	-0.042081	-0.019954	-0.028060	-0.023399	0.147993	0.039179	-0.180981	0.069161	-0.002336	-0.007983	0.137069	-0.035991	-0.065272
-0.159698	0.078395	-0.114781	0.008669	-0.047107	0.026962	0.037639	0.090093	0.002793	-0.028330	-0.079110	0.158257	0.188783	0.193704	-0.066838	0.007840	-0.040076	-0.268513	-0.126024	0.078277	-0.004274	0.079453	-0.034307	-0.045445	0.046907	0.099788	-0.059149	0.133408	0.006920	0.114326	-0.134227	0.067614	-0.063671	0.158680	-0.045481	0.023374	-0.007270	-0.001745	0.016020	0.034751	-0.043808	0.003127	0.140498	-0.065604	-0.018988	0.014154	-0.064048	-0.026197	0.129163	-0.045628	0.018228	0.030481	0.034608	-0.178141	-0.050846	-0.047113	0.087750	0.078879	-0.023249	-0.139365	0.130776	0.160024	-0.178419	0.100454	-0.079704	0.037310	0.135532	-0.058274	-0.138510	0.070568	-0.080534	0.116774	-0.116975	-0.056983	0.135951	0.074452	0.065079	0.029523	-0.189236	0.026531	-0.051819	0.064227	-0.230887	-0.030299	-0.093285	-0.006889	-0.124642	0.081503	0.001083	0.014232	-0.155171	0.039217	-0.174808	-0.279089	0.067102	-0.037914	-0.013861	0.073419	-0.145949	0.044348
-0.059458	0.105254	0.040034	-0.067933	0.036794	-0.083512	-0.006944	-0.101881	0.011009	0.002963	-0.073285	-0.014193	0.010974	0.130288	0.153666	0.001964	0.033215	-0.089357	-0.090559	0.057780	0.107586	-0.039968	-0.185995	0.094733	-0.062851	-0.062105	-0.008716	0.202289	0.201535	0.115308	0.055349	0.055114	0.108116	0.083492	0.053629	-0.038419	-0.124973	-0.063356	-0.109082	0.012860	0.016639	0.186231	-0.138679	0.111915	-0.053041	0.105183	0.226965	0.061628	-0.138684	0.100757	0.036482	-0.008370	0.042724	-0.195821	0.164779	0.098202	-0.057916	-0.116220	0.055112	0.077555	0.130637	0.008780	-0.055642	-0.123804	-0.080377	0.111842	0.042413	0.094729	-0.059850	-0.021449	0.016448	-0.013963	-0.155680	-0.121103	0.180952	0.056718	-0.152587	-0.091885	-0.039999	0.174801	-0.162029	0.103892	-0.070207	-0.001072	-0.062395	-0.016698	-0.094174	-0.104095	-0.129481	-0.040897	-0.074658	0.039500	0.023163	0.031835	0.101976	-0.112396	-0.109665	0.230590	0.048410	-0.106890
-0.125438	0.049745	0.108046	0.017007	-0.127278	-0.009436	-0.006839	0.041053	0.110637	-0.049185	0.096325	0.058438	0.059937	0.045020	-0.028210	-0.064275	-0.122254	-0.086586	-0.006631	0.101486	-0.018708	-0.271818	0.140774	-0.039337	0.050696	-0.069482	-0.198071	0.008882	0.023173	0.030574	-0.035412	0.023474	-0.161048	0.052655	0.061224	-0.087106	-0.148315	-0.109264	0.177662	0.125279	0.159255	-0.130691	0.085763	-0.021063	0.041583	-0.103566	0.003492	0.015398	0.050252	-0.064879	-0.021857	-0.031029	-0.149512	-0.099290	0.027946	-0.087916	-0.055782	-0.191337	0.102826	0.157801	0.072605	-0.125563	-0.143764	-0.086896	0.070123	0.089989	0.026303	0.117490	-0.147141	-0.042952	0.136063	0.003133	0.119583	-0.112424	0.111719	0.188113	-0.085090	-0.189355	-0.054251	-0.039530	-0.040740	-0.064538	-0.174182	-0.095348	-0.105109	-0.038137	0.213449	-0.056738	-0.037561	-0.062818	0.061202	0.053139	-0.076453	-0.023775	-0.110268	0.121679	-0.164077	0.046148	-0.060861	-0.038329
0.031692	-0.030497	0.009543	0.032964	0.029606	0.112405	-0.059026	-0.137712	0.183300	-0.077301	0.053011	0.177979	-0.035026	0.156937	-0.093656	0.050215	-0.116453	0.039444	0.179352	0.006364	0.110173	-0.006901	-0.100113	0.081008	-0.009737	0.002755	0.147331	0.065500	-0.077825	-0.044242	-0.132389	0.010746	0.158682	-0.093103	-0.120264	0.082495	0.129111	0.053845	-0.075295	-0.111288	-0.060801	-0.005772	0.027726	0.090873	-0.006491	-0.045921	0.016928	0.049173	0.123756	0.029828	-0.024013	0.045565	0.008710	-0.143533	0.059380	-0.172759	-0.012350	-0.036268	0.076025	0.062975	0.031560	-0.165755	0.076951	0.033172	0.146104	0.105723	0.020094	0.046456	-0.143001	0.083749	0.103444	-0.009371	-0.027745	-0.092436	0.115892	-0.066764	-0.285539	-0.042862	-0.065404	0.175606	-0.009822	0.183548	0.212326	-0.107190	-0.191168	-0.001430	-0.038907	0.035594	-0.046308	-0.023240	-0.136435	0.097951	0.097043	0.164427	-0.002391	0.048111	-0.158776	-0.012094	0.178340	0.127910
-0.128487	0.153517	-0.058472	0.174510	0.062209	-0.086099	-0.042826	0.171057	-0.053613	-0.061683	-0.159594	0.119559	0.100526	0.210301	-0.046320	0.007086	0.046707	-0.125586	-0.111293	-0.036612	0.065236	0.097011	0.108034	0.050931	-0.048419	0.045455	-0.233618	0.193131	0.128078	0.177766	-0.104888	0.146577	-0.008696	0.038616	0.087748	-0.011885	0.112343	0.119160	-0.060978	0.006158	-0.041296	0.062341	0.077616	0.007444	-0.030590	0.021869	-0.071638	-0.049679	-0.023414	0.033194	-0.019877	-0.021286	-0.081740	-0.201039	-0.088330	-0.100444	0.021743	0.073403	-0.099658	-0.059251	0.147460	0.028768	0.035668	0.133105	-0.242699	0.102030	0.116590	-0.030969	-0.199622	0.087904	-0.035295	0.019901	-0.118390	0.019428	0.034215	0.021412	-0.128132	-0.042598	-0.105956	-0.065779	-0.044090	0.013308	-0.178230	-0.031940	-0.036368	-0.098385	-0.141833	-0.001102	0.091176	0.006254	-0.209495	0.137736	0.011102	-0.049850	0.154697	0.005345	0.019061	0.008771	-0.087783	-0.021088
-0.074049	0.114129	-0.071229	0.024700	-0.222382	-0.046077	0.002169	-0.124639	0.220572	-0.019535	0.034577	-0.020913	0.022830	0.145681	0.071608	-0.131379	-0.110726	-0.077516	-0.160004	0.054846	0.059687	0.038987	-0.067872	0.063351	-0.133300	-0.068758	0.005690	0.035905	0.059220	-0.109910	-0.007987	-0.051084	0.025813	-0.042639	-0.017408	0.035758	-0.045465	-0.179985	0.094635	-0.061057	0.032928	-0.242407	0.106225	0.091795	0.026585	-0.021962	0.071049	0.060772	0.015591	-0.051887	-0.182093	-0.080103	0.049016	-0.131621	0.239661	-0.009533	-0.170992	0.014844	-0.042406	0.025887	-0.090190	-0.128898	-0.099102	0.000952	-0.020184	-0.059748	0.068775	0.075424	-0.075673	0.031255	-0.068236	0.160940	-0.024909	0.030632	0.185237	0.035566	-0.123781	-0.135261	0.097847	-0.379170	-0.006396	-0.043854	-0.015538	-0.018866	-0.105313	-0.055539	0.071621	0.041006	0.102817	0.102557	0.078156	-0.036886	0.054017	-0.112836	0.083961	-0.073949	0.161854	-0.007826	-0.017993	-0.040782
0.132200	0.106761	-0.156064	0.086093	0.127824	0.185667	-0.037529	-0.010726	0.140018	-0.050767	0.030320	0.055074	0.039837	0.128358	-0.084805	-0.065307	0.164336	-0.110269	0.107470	0.008244	0.024803	0.114418	0.097671	0.075974	-0.110985	-0.083465	0.101884	0.065396	-0.148688	0.032349	-0.236108	-0.063347	0.197137	0.060215	0.012419	-0.162624	0.069536	0.001781	0.072561	-0.084679	0.110172	-0.000968	0.116333	-0.089926	-0.019228	-0.086353	0.086804	-0.002910	-0.001703	-0.149620	0.069143	0.080621	-0.043909	0.032111	-0.080481	-0.116794	-0.042823	0.018175	0.170730	0.099805	0.081462	-0.128224	0.079607	0.068109	-0.122410	0.019305	0.049531	0.029170	-0.109361	-0.044273	-0.024777	0.023967	0.047430	-0.203369	-0.065856	-0.005997	0.084362	-0.158077	-0.047761	0.096713	0.154587	0.056432	0.070875	0.018621	-0.161900	-0.054392	0.193264	0.073692	0.025359	-0.010488	-0.043956	0.065191	-0.156805	-0.035809	-0.151832	-0.104894	0.110917	0.221779	-0.080756	-0.048772
-0.011058	0.128906	-0.010547	0.144578	-0.087823	0.159524	0.039981	0.076623	0.163194	-0.057342	0.089477	-0.008520	-0.107164	0.295499	0.054776	0.067133	0.037157	-0.082628	-0.004999	0.068994	0.142021	-0.017080	0.084062	-0.009789	-0.068224	-0.074690	0.028957	-0.018884	0.014477	-0.033637	-0.149785	-0.037601	-0.096958	0.061971	0.045647	-0.174574	-0.070617	-0.197338	0.030698	-0.054048	-0.231301	0.025733	0.065545	0.087907	0.091836	0.053390	-0.034930	-0.002778	0.005619	-0.115363	-0.110241	-0.188492	-0.005637	-0.216496	0.089292	-0.118522	-0.073429	-0.147093	-0.090064	0.064246	0.055463	0.083010	-0.092418	-0.003668	-0.025312	0.145934	-0.000069	0.159584	-0.097653	0.020799	-0.094767	0.088643	0.092097	-0.018542	0.163256	0.001055	0.126044	-0.087275	-0.010219	0.052041	-0.097109	0.110190	0.007028	-0.124202	-0.045847	0.114343	-0.008579	0.129389	0.000957	0.162679	-0.127702	0.001531	-0.001896	0.010658	0.171784	0.152933	-0.051496	0.144342	-0.057304	-0.111520
-0.085008	-0.037495	-0.032773	0.004451	0.032559	0.128190	-0.161542	-0.113821	-0.090488	-0.024830	-0.047694	0.037792	0.115154	0.070096	0.067227	-0.112500	-0.261585	0.047829	-0.202874	-0.076009	0.084504	0.049419	-0.067928	0.017578	-0.129775	0.085378	-0.203204	0.253233	0.099718	0.211215	-0.011489	0.090776	-0.014422	0.045619	0.044276	0.027594	-0.011673	0.029353	-0.046835	0.057417	-0.102148	-0.024365	-0.048993	0.141695	-0.016095	0.004060	0.159851	-0.007393	0.069869	0.073736	0.034565	-0.138002	0.010685	-0.049503	0.067300	0.054174	-0.098477	0.004634	0.122742	-0.011200	0.087193	-0.014588	0.011386	-0.054764	0.011017	0.077751	-0.020416	-0.043660	-0.092527	0.050551	-0.001775	-0.021079	-0.015677	-0.057145	-0.008651	0.351536	-0.064756	-0.010620	-0.006084	-0.158079	0.074019	-0.051545	-0.065321	0.054773	-0.205124	-0.185431	-0.022915	-0.108696	-0.043568	-0.264208	-0.073310	0.208710	-0.027800	-0.046684	-0.008101	-0.025029	0.056133	0.057463	0.029613	0.039326
0.057123	-0.099956	-0.026378	-0.045635	-0.242551	-0.036490	0.064435	-0.120301	-0.168559	-0.083228	-0.077548	0.095369	0.120366	0.048829	0.136204	0.019518	-0.012591	-0.221623	-0.062293	-0.116203	0.006932	-0.059433	0.071931	0.096210	0.085208	0.012803	-0.182340	0.180913	-0.076269	0.066887	-0.112573	-0.015552	0.002403	0.071648	-0.059771	-0.006356	-0.006721	-0.162621	0.014133	-0.023635	-0.017639	-0.063452	-0.065023	-0.002651	-0.018293	0.184329	0.038000	-0.059040	0.113051	-0.067384	0.068672	-0.189869	0.109529	-0.103851	0.034802	-0.118211	-0.291805	-0.085752	0.005680	-0.027541	0.170873	-0.012421	0.077087	0.088188	-0.022411	0.091883	0.036681	-0.032735	-0.084111	0.069154	-0.085813	-0.063298	-0.094465	-0.131494	0.035362	0.023605	-0.058434	-0.032154	0.018943	-0.157531	0.056530	0.146814	-0.115787	-0.025121	0.070308	-0.037590	-0.032628	-0.093345	-0.093711	-0.102972	0.061198	0.114446	-0.065642	-0.180193	0.113272	-0.008717	0.111259	0.224525	-0.039651	-0.154871
0.159355	0.158397	-0.053156	-0.129610	0.171194	0.081876	0.005873	-0.044042	0.066452	-0.031637	-0.007808	0.108454	-0.061187	-0.020196	-0.177682	0.016299	-0.004241	0.058752	0.118451	-0.031662	0.078389	0.025218	0.095884	-0.032829	0.181913	0.041188	-0.012701	-0.048864	0.014814	0.098453	-0.038200	0.001509	0.226681	0.212344	-0.042297	0.010523	-0.016030	0.073115	-0.079127	-0.035064	0.138743	0.133162	0.116975	0.036156	0.000104	-0.113442	-0.013043	0.078613	-0.022449	-0.119740	0.074970	0.093140	-0.067613	-0.219481	0.322418	0.141787	-0.019883	-0.025677	0.254634	0.058877	0.059226	-0.192610	0.041535	-0.045337	-0.038863	0.096009	0.021679	0.057946	-0.129369	-0.065368	0.059171	0.138816	0.178564	0.079293	0.022790	-0.124173	0.074549	0.017193	-0.130661	-0.011221	0.085328	0.197041	0.062958	0.046449	-0.024680	-0.060906	0.018494	-0.066077	0.159768	-0.104159	0.016268	0.093228	-0.050433	0.008701	-0.026193	-0.011703	0.068689	0.012267	-0.000227	-0.040917
0.033256	0.023092	0.023695	0.116379	-0.083915	-0.041708	-0.072179	0.017270	0.168686	0.044975	0.063949	0.019761	0.131701	0.065854	-0.034366	0.117981	-0.023071	-0.128770	0.108884	0.122152	0.211525	-0.145941	0.085609	-0.171884	0.050172	0.173017	-0.142696	0.137435	0.084200	0.037307	0.058448	-0.068956	-0.094782	0.095167	-0.003916	-0.037742	-0.043506	-0.064869	0.006602	0.035910	-0.086297	-0.175905	0.191746	-0.054435	0.119090	-0.125770	-0.015410	0.284263	-0.016959	-0.025691	0.106903	-0.047769	0.023156	-0.164491	-0.013271	0.062501	-0.102561	-0.156703	0.006949	0.127766	0.155786	-0.031981	-0.034282	-0.203584	0.000492	0.078006	0.085835	0.089401	0.033539	0.024916	-0.004347	-0.131953	-0.016999	-0.122042	0.039191	-0.039761	0.008667	0.175692	-0.184288	0.026555	0.008064	-0.109886	-0.026119	0.052550	-0.138346	0.098527	0.117938	-0.014713	0.009687	0.118827	-0.063836	0.034966	-0.096190	0.016721	0.035170	0.093016	-0.162146	0.062417	0.081262	-0.149940
0.021257	0.082513	-0.156288	0.061101	-0.154472	0.162999	0.054630	-0.119765	0.017217	-0.148375	-0.002769	-0.024685	0.093301	-0.061972	0.021985	0.114879	0.001279	-0.055550	-0.069769	0.027923	0.008888	-0.016161	0.082759	-0.044521	0.048796	-0.014513	0.037167	-0.039029	0.106607	0.046197	-0.115486	0.014690	-0.235133	-0.103433	0.020780	-0.014101	-0.078178	-0.019016	0.160177	0.107420	-0.072746	-0.106110	0.129002	0.110057	-0.002486	0.017159	-0.108438	-0.154794	0.096756	0.055733	-0.133888	-0.176138	-0.031346	-0.183867	0.130813	-0.053358	-0.142609	-0.026500	-0.046099	-0.074834	0.138243	0.061698	-0.130418	-0.081118	0.030299	-0.010748	-0.063241	-0.025706	-0.224462	0.082480	-0.099731	-0.162573	0.077572	-0.140602	0.112978	0.155604	0.006599	0.009959	0.029519	-0.196113	0.235271	-0.131864	-0.122138	-0.027384	-0.161989	-0.147259	0.037387	-0.004554	0.006750	-0.049880	-0.180661	-0.088820	0.035156	-0.110163	0.016549	0.073102	0.025184	0.062432	-0.022019	-0.088598
-0.012305	-0.000296	-0.046169	0.041676	-0.049332	-0.022577	0.139170	-0.094278	0.013849	-0.109001	-0.011141	-0.182744	-0.081696	0.025188	0.190896	-0.032398	-0.020007	0.046663	-0.110575	0.065748	-0.015687	-0.126141	0.158466	-0.054639	-0.004812	-0.049622	-0.043402	0.015307	-0.031165	0.007150	-0.144307	-0.027923	-0.040338	-0.123614	-0.032694	-0.012168	-0.126965	-0.055766	0.022348	0.180990	-0.118624	-0.090100	0.039561	0.162783	0.090332	-0.024197	-0.023056	-0.017730	0.046103	-0.046116	-0.056488	-0.304997	0.156855	-0.195037	0.030654	-0.102381	-0.199152	-0.153660	-0.082735	0.080818	0.120287	-0.055323	-0.109910	-0.086309	0.154121	0.116042	-0.097570	0.008927	-0.012065	0.075620	0.042506	0.050717	0.025491	0.108644	0.170550	-0.017367	0.112773	-0.132431	-0.105102	-0.270350	0.082673	0.004444	0.141937	-0.041624	-0.006836	-0.010624	-0.073390	0.165624	0.006485	0.047399	-0.088760	-0.123201	0.098559	0.089037	0.126580	-0.038781	0.045979	0.116360	-0.108973	0.045090
0.055276	-0.165957	-0.010827	0.136587	-0.014119	0.081932	0.129364	-0.020688	0.108019	-0.092987	-0.125630	-0.001203	0.077765	0.111515	-0.068291	0.115342	0.196959	0.036569	-0.031076	-0.028792	-0.077488	0.008887	-0.111597	-0.077608	0.161693	0.005370	-0.078829	-0.087159	-0.111024	-0.115651	-0.022805	0.098590	0.081526	0.071258	-0.036196	-0.072790	-0.139805	-0.132876	0.170676	0.164825	-0.034698	-0.028920	0.006414	0.136333	-0.028510	0.069167	0.010441	0.054874	-0.061762	-0.116592	-0.048605	-0.022961	0.226248	0.107167	0.047359	0.073083	-0.079945	-0.089872	-0.050835	0.188844	-0.013215	-0.058508	0.115006	0.097582	0.100834	0.093623	0.100486	0.048987	-0.150755	0.103144	0.020048	0.130309	0.056622	-0.055860	0.147056	-0.124901	0.138433	-0.173229	-0.027868	-0.049734	0.099992	0.034609	0.039871	-0.028042	-0.244281	-0.098693	0.175478	0.125437	-0.009031	-0.129716	-0.077746	0.144539	-0.089613	-0.011944	-0.047309	0.027576	0.168998	-0.043657	-0.082906	0.027231
-0.034915	-0.081242	-0.190915	0.156917	-0.019421	-0.053172	0.084568	-0.000635	0.204622	-0.130856	-0.210082	0.028936	-0.003144	0.037013	-0.009274	-0.036910	0.022639	-0.035883	0.080497	0.081200	0.171861	0.053776	-0.090715	-0.165510	0.070388	-0.071484	0.004223	-0.046395	0.033074	0.119863	-0.020409	0.015792	-0.023057	-0.012581	-0.079275	0.045863	0.047002	0.063506	0.027124	0.030712	0.000465	-0.037295	0.038089	-0.132680	0.115565	0.100452	-0.005274	0.197458	-0.107746	-0.213484	0.007087	-0.168955	-0.046804	0.130773	0.020345	0.066283	0.093626	0.007904	-0.007087	0.097064	0.022604	-0.113574	0.079846	-0.054814	-0.091721	0.153496	0.075940	0.073545	-0.162487	0.100174	-0.031100	0.330852	0.089391	0.041778	0.089258	-0.018859	-0.049635	-0.143510	-0.007910	-0.133034	0.178019	-0.198474	0.004565	-0.066847	-0.005024	-0.066655	0.090905	0.060241	-0.036629	0.041980	-0.126215	0.195218	-0.045789	-0.056377	0.004237	-0.060323	0.024619	0.120323	-0.165471	-0.049260
0.082317	0.044441	0.076916	0.059442	0.018203	0.016891	0.022280	-0.110433	0.063457	-0.099506	-0.043113	-0.101400	0.042375	0.203735	0.128305	0.022498	-0.016365	0.263414	-0.175141	0.199780	-0.120775	-0.000063	0.086167	-0.122644	-0.066876	0.090502	-0.026038	0.050557	0.059814	0.012194	-0.151534	0.205540	-0.085906	-0.001202	0.106270	-0.069628	-0.038043	-0.027475	0.243132	0.065053	-0.123691	0.033735	-0.005227	0.153471	0.064405	0.071236	-0.057245	-0.039693	0.042812	0.087081	0.029778	-0.055626	0.166003	-0.166514	0.027688	-0.244376	-0.116006	-0.058539	-0.042392	-0.120557	0.219125	0.052497	0.105444	0.053508	-0.076838	0.050749	0.051689	0.001675	-0.186740	0.009260	-0.080971	0.070416	0.048384	0.118730	0.053389	-0.129590	0.020421	-0.097711	0.006662	-0.087444	0.092324	-0.018317	0.028962	-0.081438	-0.027667	0.105585	0.008498	-0.095129	-0.055020	-0.019577	-0.221616	0.112238	0.120048	0.021462	0.053438	-0.030171	0.049584	0.057459	0.005079	0.107003
-0.015771	-0.065085	0.104151	-0.013332	-0.069082	0.175252	0.154028	0.017754	0.024287	0.015001	0.021597	0.083604	0.146523	0.125967	0.126495	0.040896	-0.061985	-0.270008	-0.006435	0.054506	-0.138349	-0.274500	0.066996	0.007450	-0.027630	0.004986	-0.145636	-0.014371	-0.058594	0.020901	0.074712	-0.049065	0.015626	-0.034854	-0.044288	-0.081974	-0.110951	-0.230829	0.051220	0.066523	-0.151005	-0.033568	-0.099807	0.102619	0.033065	0.169078	0.000874	0.201492	0.006487	-0.160982	0.059791	-0.159342	-0.079008	-0.158285	0.036958	-0.031830	-0.212170	-0.152919	0.022522	0.020454	0.053908	-0.149865	-0.063675	-0.010395	0.050035	0.079509	0.121138	0.045645	0.010140	0.083378	0.016845	0.080166	0.041316	-0.105902	0.142076	0.035288	-0.019741	-0.180106	-0.067217	-0.012039	-0.003344	-0.191052	-0.129091	-0.038782	-0.009634	-0.055846	0.125012	-0.010603	0.101188	-0.088889	-0.007930	-0.046959	0.080311	-0.107810	0.117890	-0.035841	0.051077	0.072222	-0.089227	-0.098061
0.076087	-0.096285	0.155118	-0.102582	-0.096939	0.042479	0.023257	0.063013	0.038449	-0.027444	-0.010333	0.042212	0.028034	0.115412	0.145519	0.063943	0.078769	0.024060	0.100776	0.108231	-0.031744	-0.302996	0.229529	-0.038447	0.065711	-0.073526	-0.083009	0.110092	-0.071143	0.153997	-0.061801	-0.009956	-0.103442	-0.026005	-0.112759	-0.043365	-0.058599	-0.100731	0.096049	0.292418	0.085358	-0.099359	-0.013997	0.225058	0.096139	0.103836	0.028470	-0.041212	0.038017	-0.058574	0.055469	-0.097908	-0.040210	-0.135047	0.031569	-0.109050	-0.125073	-0.191957	0.110159	-0.027452	0.043383	-0.116346	0.004532	0.013551	0.076136	-0.004652	-0.048459	0.053123	-0.137950	0.047829	0.095327	0.036496	-0.010415	-0.179269	0.058582	0.047886	0.056176	-0.146613	-0.070884	0.013467	0.061151	-0.060319	-0.081011	-0.011132	-0.061588	0.073474	0.243187	0.050044	0.023919	0.020882	0.032275	-0.067015	-0.174085	-0.085179	0.056505	0.092899	-0.174962	0.074301	-0.099295	-0.024759
0.176166	0.017114	-0.014840	0.028847	0.057116	0.066387	0.135635	0.082789	0.084062	-0.015260	0.006830	0.050034	-0.024842	0.068171	-0.013246	-0.103710	-0.153795	-0.084815	-0.185193	0.074055	-0.062752	0.112179	-0.061122	-0.055202	-0.139746	0.009666	-0.086474	-0.023051	-0.051372	0.077676	-0.128873	0.234133	-0.129800	0.050025	-0.191737	0.235953	0.097287	-0.126834	-0.053037	0.147840	0.011693	-0.039333	0.197264	0.136206	0.162800	0.057604	0.128037	0.111852	-0.046527	-0.041669	0.020562	-0.051567	0.064767	-0.070654	-0.060655	0.026343	0.017647	-0.001689	0.016505	-0.019356	-0.021893	0.082842	-0.020227	0.002205	-0.072520	0.044651	0.022579	-0.016809	-0.102333	0.000025	0.075264	0.189931	-0.166872	0.105345	0.269852	0.012174	-0.248409	-0.085440	-0.068313	-0.009000	-0.079657	0.113564	0.084143	-0.048103	-0.089623	-0.083094	-0.065430	0.127656	-0.055560	-0.158941	-0.005731	0.005003	-0.180757	0.031603	0.047950	-0.067978	-0.014250	-0.128190	0.045759	0.006705
0.043564	-0.106052	-0.208966	-0.037536	0.003427	0.109649	0.038222	0.120013	0.133782	-0.018071	-0.161442	-0.088077	-0.106513	0.140742	0.096141	0.080243	0.140567	0.000922	-0.019191	0.044722	-0.128899	-0.119741	0.046412	0.176918	0.084126	-0.124270	0.097468	-0.088679	0.010880	-0.128301	-0.065193	0.014626	-0.098263	-0.003304	0.036184	-0.064269	-0.087256	-0.048960	-0.011016	-0.009136	-0.165885	-0.052767	-0.059753	0.134823	-0.162373	0.134761	0.061538	0.089758	0.123741	0.028663	0.185711	-0.057791	0.152377	-0.076991	0.007004	0.026288	-0.299231	-0.082031	-0.093532	0.131681	0.172139	-0.208652	-0.114456	-0.113803	0.186605	-0.020933	0.089569	-0.004432	0.048985	0.038303	0.015965	0.010944	0.122370	0.032978	0.115151	0.044825	0.052247	-0.019362	0.028128	0.028566	0.029696	-0.082353	0.110965	-0.186244	0.086834	-0.059882	-0.042152	0.029476	0.018974	-0.029646	0.030201	0.052171	0.023343	0.029056	-0.049616	-0.199917	0.041531	-0.152456	-0.038098	-0.035244
-0.046879	0.153132	-0.071716	0.058674	-0.025509	0.000552	0.027568	0.088071	0.032926	-0.073296	-0.177800	-0.128824	-0.004979	0.164803	-0.150353	-0.073319	-0.010855	0.006851	0.076106	-0.070895	0.013065	-0.118454	-0.197100	0.121346	0.048890	0.053000	-0.016423	-0.159529	0.133902	0.132686	0.018322	-0.031664	-0.031491	0.063794	0.179833	-0.162538	0.000004	0.037308	0.048483	-0.058576	0.047789	-0.022714	0.024870	0.106885	-0.053229	0.048055	0.116290	0.155608	0.037806	0.030169	-0.006191	-0.120944	0.045235	-0.077792	0.199454	0.210551	0.046970	0.152608	-0.058561	-0.050333	0.156312	0.051098	0.007078	0.095266	-0.014269	0.123835	0.086549	0.033529	-0.303096	0.114660	-0.182505	0.145739	0.029253	0.087771	0.178636	-0.028973	-0.131165	0.007925	-0.020966	0.086412	0.014285	-0.035925	-0.042100	0.015884	-0.128820	-0.067615	0.036713	-0.003502	-0.025014	-0.080963	-0.156834	0.014894	0.029418	0.117562	-0.035459	-0.049298	0.255811	-0.042686	-0.025963	-0.010166
-0.112620	-0.015966	-0.099006	0.189310	-0.006616	-0.049226	0.087096	0.162184	-0.019486	-0.140530	-0.089270	-0.054300	-0.074956	0.114895	-0.109396	-0.002859	0.054428	-0.094171	0.003143	-0.109583	0.050016	0.019741	0.010190	0.058690	0.071247	-0.062508	-0.011218	0.003234	-0.025074	0.242514	-0.008552	-0.035538	-0.153753	-0.000793	0.029927	-0.104806	-0.065829	0.173412	0.158527	-0.000921	0.019851	-0.062579	0.197266	-0.001148	0.004409	0.076078	0.088191	-0.064467	-0.068255	-0.142559	0.045199	-0.083736	-0.032999	0.107209	0.013024	0.059151	-0.082440	0.050634	-0.039559	0.013568	0.231755	0.008793	0.205219	0.079653	-0.020742	0.211756	0.103877	-0.052796	-0.033788	-0.000082	-0.123213	0.216402	0.017767	0.141182	0.023823	-0.002469	-0.019362	-0.159856	-0.125890	0.001441	-0.052847	0.001527	-0.091352	-0.031719	0.036822	0.052928	0.084160	0.001630	-0.151779	-0.050561	-0.224141	0.044501	-0.112123	0.033545	-0.044136	-0.046920	0.257190	0.043497	-0.227252	0.006070
-0.098486	-0.002311	0.000044	-0.025353	-0.109986	0.003123	-0.021910	0.065885	0.208925	-0.123147	0.020933	0.101779	0.001288	0.084279	-0.018424	0.088688	-0.026374	-0.087249	0.072083	0.073488	0.033170	-0.160202	0.085294	0.017584	-0.015338	-0.062587	0.126585	-0.053662	0.024862	0.200645	0.217839	0.043991	-0.107826	-0.081238	0.078220	-0.191048	0.031424	-0.063794	0.150785	0.144523	-0.089263	-0.059055	0.140133	-0.035092	-0.001903	0.025757	0.095823	0.157316	0.077233	-0.150237	0.225197	-0.179615	0.042038	-0.148763	0.114905	-0.065601	-0.137644	-0.050340	0.038641	0.126230	0.029031	-0.186281	-0.021007	0.007331	-0.053405	0.053870	0.026602	0.163476	-0.037062	-0.016396	-0.063918	0.082931	0.084716	-0.178100	0.080386	-0.025832	0.035217	0.006835	-0.052532	0.029161	0.123248	-0.136010	-0.086524	0.084928	-0.068246	-0.070518	0.088018	0.047955	0.087574	0.154791	0.092310	-0.121995	-0.037409	0.024263	-0.077874	-0.040963	-0.190824	0.170996	-0.137565	-0.052924
-0.074253	-0.056680	-0.182915	0.115981	-0.092851	-0.135418	-0.000799	0.047880	0.184438	0.012250	-0.222932	-0.018034	-0.106203	0.005835	-0.062894	0.046402	0.170018	-0.140294	0.022723	-0.005621	0.026887	0.063373	0.197721	0.104914	0.055202	-0.054979	-0.045983	0.019534	-0.102523	0.025121	0.051739	-0.055040	-0.143721	-0.078582	-0.118210	0.147268	0.022235	0.067980	-0.102768	0.023833	-0.007715	-0.214071	0.154267	0.027290	-0.097742	0.070545	0.165487	0.174088	-0.094581	0.023469	0.031567	-0.147228	0.086595	-0.028799	0.077337	0.011809	-0.100214	-0.222970	0.117266	0.146318	0.230081	-0.120362	-0.077664	0.015283	-0.233443	0.065378	-0.072337	-0.078622	-0.010289	-0.048584	-0.071120	0.089558	0.093222	-0.145697	0.025881	0.025377	-0.128289	-0.113645	-0.081451	-0.018623	0.123395	-0.074415	0.028811	0.040984	0.037786	0.044794	0.098429	0.163262	0.068231	-0.000337	0.093989	-0.006096	-0.031816	-0.018432	0.082668	-0.061260	0.018671	0.018377	-0.070542	0.000729
-0.102902	0.021302	-0.056116	0.204938	0.044042	0.015318	0.066526	-0.175576	0.040362	0.048203	-0.146548	0.049216	-0.115618	0.140971	0.015835	-0.130793	-0.104771	-0.005958	-0.148601	-0.080963	0.028839	0.040483	0.118798	0.028951	0.037867	-0.068274	-0.142791	0.018140	0.061236	-0.068716	0.049385	0.008268	-0.051318	0.012042	-0.056124	-0.072706	0.004733	0.071008	0.201471	-0.056654	0.002439	-0.006609	0.054634	0.192348	-0.076433	0.162300	-0.064219	-0.131848	-0.085102	-0.047429	-0.014394	-0.110828	0.028064	0.020364	0.172423	-0.024917	-0.042830	-0.005157	-0.014420	0.146947	0.026896	-0.101566	0.061784	0.062594	-0.033979	0.132183	-0.027564	-0.021239	-0.224015	0.037315	-0.089370	0.218228	0.070557	0.155287	-0.042681	-0.140347	0.006016	-0.243960	-0.055041	-0.122094	-0.015701	-0.171122	-0.077538	0.026259	-0.329145	-0.037491	0.041664	-0.020319	0.043244	-0.097430	-0.024836	-0.021446	0.083152	0.064541	-0.004003	0.050004	-0.061002	0.168849	-0.068703	0.130622
-0.054332	-0.051727	-0.016179	0.087731	-0.013381	0.161043	0.043938	-0.010131	0.050188	0.064426	0.069194	0.138024	-0.072440	0.083268	0.080425	-0.016741	0.110621	-0.141640	-0.003748	-0.004387	0.053888	0.105240	-0.044103	0.115230	-0.096243	0.136981	0.023534	0.086819	-0.047474	0.202109	-0.004111	0.006170	-0.051425	0.179412	0.165061	-0.109227	0.082661	-0.067054	-0.090185	-0.028688	-0.181049	0.047953	0.150438	-0.033953	0.031996	0.118375	-0.138729	0.247451	-0.029961	0.014838	-0.016146	0.100809	-0.090086	-0.064874	0.180483	0.156251	-0.003827	0.058402	-0.011932	0.105198	-0.087693	0.028747	0.221078	-0.231302	0.002747	0.135799	0.050280	0.123062	-0.179991	0.019185	-0.042123	0.076063	0.088845	0.006830	0.113880	-0.091499	-0.039067	-0.140051	-0.107101	0.164412	0.003456	0.040606	-0.018668	0.009456	-0.025379	-0.010394	0.012925	0.048977	-0.048169	-0.171056	-0.009318	0.043890	-0.125224	0.021795	-0.097473	0.027250	-0.001603	0.044156	-0.111916	-0.260215
0.146328	-0.045583	-0.054226	-0.168120	-0.162273	-0.079004	0.085640	-0.026470	0.156109	0.091265	0.055490	-0.058501	0.134337	0.087571	0.047408	-0.028808	0.035367	0.003356	-0.127298	0.167409	0.047872	-0.099906	-0.040457	0.003248	-0.060742	0.127635	0.033165	0.075197	-0.012266	0.046414	-0.144045	-0.038576	-0.074058	-0.122422	-0.087258	-0.030888	-0.030210	-0.177645	-0.059852	0.254682	0.063390	-0.125723	-0.007677	0.220664	0.090316	0.086770	-0.014946	0.162270	0.173193	-0.067031	-0.055273	-0.162616	0.123670	-0.079400	0.138775	-0.059329	0.011478	-0.138678	0.071293	0.009724	0.178276	-0.078703	0.048820	-0.128787	0.078170	-0.007073	-0.026083	0.107610	-0.047019	-0.070028	-0.018669	-0.038409	0.011701	-0.172375	0.130713	0.015683	-0.083709	0.027700	0.041101	-0.075283	0.139056	-0.256110	-0.022281	0.097495	-0.032705	-0.024519	0.111471	-0.066105	0.053876	-0.014193	-0.011548	0.155547	0.117278	-0.113155	0.040550	-0.043114	-0.060021	0.091811	0.105627	-0.107875
0.000677	-0.023610	-0.120647	-0.036169	0.062707	-0.068831	0.057331	0.047262	-0.121710	0.001060	-0.012347	0.216833	0.071059	-0.028907	-0.115876	-0.101948	0.032180	-0.101193	0.113873	0.059829	0.148456	0.075765	0.163280	-0.059839	0.150207	0.047319	0.036594	0.002154	-0.015854	0.032390	-0.034085	-0.057000	0.208798	0.010319	-0.081807	-0.070270	0.010514	0.123473	0.067989	-0.167778	0.037054	0.007643	0.048402	-0.026473	-0.099471	-0.016860	-0.070399	0.135492	0.104801	-0.162031	0.091969	-0.125855	0.088788	-0.032112	0.188098	0.044294	-0.218560	-0.066580	0.076255	0.065790	0.272928	-0.007552	0.013624	0.009785	-0.042178	0.109129	0.164486	0.044870	0.075826	0.141527	0.026336	0.079095	0.058664	0.174325	-0.043816	0.076990	0.146937	-0.062969	-0.092124	0.092631	0.044023	0.194717	0.073109	0.079904	-0.094299	0.039887	-0.057204	0.079852	0.056355	-0.022004	-0.124626	0.086084	-0.174496	0.023758	-0.000477	-0.043693	0.200899	0.175139	0.057109	-0.091017
0.176813	0.047435	0.001262	-0.062918	-0.025777	0.035254	-0.018145	0.068683	0.140064	-0.072843	-0.111064	-0.126247	0.038773	0.063922	-0.274196	-0.104565	0.053498	0.138394	-0.003410	-0.020946	-0.005616	0.110827	0.119263	-0.029334	0.115979	-0.077506	0.022648	0.063198	-0.080238	0.027696	-0.083096	0.118730	0.023585	0.043779	-0.040437	0.003412	0.177710	-0.012029	0.056848	0.125040	0.148900	0.096874	0.087195	0.256599	0.020222	0.030795	-0.017569	-0.010167	0.151186	-0.121504	0.015572	-0.235418	0.115078	-0.039917	0.021412	0.024319	-0.115739	0.093361	0.056405	0.037932	0.049256	-0.067722	0.035470	0.121602	0.064283	0.234504	0.004843	0.119095	-0.222684	0.000949	-0.091268	-0.056910	0.021431	0.066422	-0.057720	-0.063399	0.198577	-0.030767	-0.072722	-0.062222	0.116405	0.210128	-0.094371	0.014363	-0.059217	0.085161	-0.121578	-0.078582	0.112439	-0.083565	0.040914	-0.022073	-0.156679	-0.112669	-0.080981	-0.095432	0.105215	-0.055771	-0.056549	-0.036526
-0.022363	-0.068719	0.013802	0.092763	-0.068780	0.083815	0.002670	0.010230	-0.009283	-0.095735	-0.001682	0.211984	0.062498	0.105467	0.081724	-0.004327	-0.022401	-0.019655	0.028292	0.013384	0.063842	0.215321	0.002592	0.171319	-0.050849	0.095213	-0.026772	-0.114968	0.041126	-0.010895	0.053326	-0.145940	-0.063774	-0.089200	-0.037440	-0.383881	-0.000837	0.018880	0.128594	-0.060612	-0.152838	-0.048856	0.181182	-0.044683	-0.045070	0.014811	0.074521	0.006958	0.081585	-0.046506	-0.084496	-0.140313	-0.195295	-0.010785	0.178555	-0.055998	-0.122990	0.084831	0.031740	-0.004189	0.099569	0.071330	0.071273	0.125101	-0.077136	0.048855	0.026297	-0.038697	-0.109820	0.052752	-0.185164	0.166817	-0.137088	-0.247774	0.039095	-0.017382	-0.024811	-0.079434	-0.069204	0.121605	0.029458	0.013974	-0.020336	0.108038	-0.147301	-0.020989	0.169759	-0.044418	0.008721	0.144417	-0.116809	0.059574	-0.067203	0.042481	0.051758	0.000897	0.010777	0.163721	0.098825	-0.036384
0.002451	-0.093440	0.008912	0.055961	-0.007035	-0.015514	0.068911	0.039795	0.008768	-0.080794	0.000641	-0.092255	-0.116461	0.161835	0.167851	-0.006989	0.020955	0.093443	-0.021311	0.066228	0.079210	-0.032280	0.001028	0.066776	0.071389	0.023072	-0.085922	-0.111137	0.088881	-0.171379	0.010481	0.144681	0.147118	0.210835	0.069898	-0.005814	-0.105888	-0.005224	0.066074	-0.145900	-0.072780	0.164381	0.028813	0.162515	0.080272	-0.023529	0.185406	0.046518	-0.046975	0.027893	0.068776	0.005411	0.119705	-0.107294	0.010712	0.085407	-0.009946	-0.164154	-0.115809	0.130660	0.057452	-0.171292	0.049073	-0.049488	0.012350	0.250046	0.142663	0.256367	0.061040	-0.107703	-0.064736	0.243104	-0.051005	0.040569	0.249175	-0.094925	0.066345	-0.017873	-0.033334	-0.047656	-0.044613	-0.151078	0.088905	0.016837	-0.059744	-0.160597	0.061743	-0.007771	0.070257	-0.070607	0.056904	-0.041683	0.075837	0.126205	0.060729	0.029141	-0.023197	-0.110535	0.083476	-0.062905
0.015798	0.024357	0.105109	0.059437	0.109262	0.062108	-0.077459	0.245064	0.004000	-0.052472	-0.030748	-0.053780	0.010084	0.260774	-0.080524	-0.053384	0.110619	-0.217260	-0.023941	-0.036607	0.010055	0.072868	-0.060596	0.145813	-0.000906	-0.022205	-0.216364	0.069007	-0.127077	0.204357	0.165803	-0.031521	0.066555	0.040527	-0.131035	0.111572	0.080090	0.017825	-0.204028	-0.073865	0.028273	0.078855	0.081492	-0.129129	-0.060196	-0.087446	0.318399	0.157139	-0.001609	-0.053406	0.041864	-0.014139	0.098223	-0.094730	-0.002933	0.030909	-0.011441	-0.192121	0.016504	0.059369	0.005994	-0.089421	-0.057043	-0.042868	-0.024821	0.157687	0.074435	0.072322	-0.006842	-0.072716	-0.000523	-0.044335	0.105577	0.031571	0.116668	0.016266	-0.062570	-0.139162	0.040708	0.004735	-0.039200	-0.130862	-0.087631	0.119259	-0.071654	-0.175474	0.034041	0.167631	-0.076507	0.014631	0.028755	-0.025180	0.038424	-0.100757	0.036325	-0.004505	-0.089975	-0.143744	-0.054587	0.021669
-0.002128	-0.069787	-0.075847	0.098690	-0.063865	-0.085926	-0.064836	0.006374	0.102936	-0.083968	-0.043958	-0.054029	-0.090276	0.207139	0.160716	-0.209012	-0.114646	-0.126494	-0.036140	-0.111587	0.054859	-0.023560	-0.131264	0.114786	-0.134693	-0.107426	0.035313	-0.087978	-0.118312	0.117251	0.043816	0.006378	-0.046082	0.030744	-0.047030	-0.012964	-0.020901	-0.015571	-0.067827	0.023377	-0.186996	0.123274	0.070604	0.105068	0.027740	0.005787	0.033523	-0.044073	-0.254926	-0.150329	-0.083355	-0.125394	0.067406	-0.120658	0.076626	-0.070387	-0.115793	-0.161993	0.004098	0.003004	-0.074692	0.110104	0.010875	-0.049188	-0.043898	0.024721	-0.005323	0.155138	-0.116420	0.037331	-0.126157	0.196754	0.145877	0.032979	0.190578	0.035869	-0.045063	-0.218921	-0.040310	-0.025138	0.066524	-0.115146	0.054422	0.048795	-0.213649	-0.103763	-0.024903	0.124827	-0.034702	-0.080074	-0.199844	-0.073470	0.091819	0.046856	0.040399	-0.026632	-0.054944	0.065284	-0.129878	0.008273
0.040346	-0.040577	-0.129618	-0.005486	-0.081622	0.152125	0.182778	0.125018	0.227895	0.052230	0.087906	-0.180839	-0.077521	0.208261	0.070898	-0.013678	0.028610	-0.181523	0.017312	-0.034543	0.062801	0.006542	0.081254	-0.007978	-0.037979	-0.022120	-0.068604	-0.158756	-0.089459	0.093334	0.017180	-0.056423	-0.114357	0.042847	-0.050689	-0.039648	-0.178046	0.005409	0.055618	-0.055024	0.053032	-0.076110	0.110817	0.031534	0.139882	0.151863	-0.011843	0.145869	0.031841	-0.102511	0.056621	-0.117029	0.057859	-0.071153	0.098228	-0.053760	-0.042409	-0.107281	-0.072409	0.050614	-0.156838	-0.159962	0.036884	0.008670	-0.013331	0.173494	0.183420	0.106459	-0.181161	0.178887	-0.099523	0.281866	0.052776	0.012084	0.038985	-0.102076	-0.095984	-0.043036	0.033442	0.040296	-0.072315	-0.157276	-0.038435	-0.013798	-0.028735	-0.034986	0.009113	0.129806	0.034299	0.069790	0.204335	0.064168	0.101623	-0.031326	0.106095	0.038092	-0.050291	0.013315	-0.025375	0.021681
-0.087671	-0.029220	-0.181959	-0.044914	0.036315	0.051841	0.121758	-0.091460	-0.028424	-0.069679	-0.066393	0.094335	-0.091717	0.095942	0.244053	0.024431	-0.025266	-0.130068	-0.001266	-0.033038	0.031640	-0.026625	0.062446	0.037561	0.017138	-0.099521	0.131236	0.119465	-0.014243	0.020719	-0.146790	0.022095	-0.015499	0.063737	0.064800	-0.156414	-0.004845	-0.024750	0.044951	-0.019903	-0.093710	-0.030614	0.134415	0.006785	-0.089562	-0.042265	-0.026594	-0.156182	-0.002037	0.076391	0.016411	0.120259	0.047379	-0.095758	0.044237	0.115616	-0.079616	-0.077670	-0.002551	0.104012	-0.034866	-0.038903	-0.109326	0.007494	-0.083426	0.164952	0.244605	0.099592	-0.174792	-0.032784	0.025717	0.155352	-0.092865	0.092435	0.149647	0.087343	0.074793	0.004987	-0.131321	-0.039859	-0.067696	0.228129	-0.033357	-0.039037	-0.027642	-0.162451	-0.108918	-0.060173	0.032040	-0.271349	-0.218022	0.042292	-0.030390	-0.210316	0.170154	-0.018646	0.146366	-0.062602	0.002387	-0.026242
0.000832	-0.098509	-0.084948	0.177211	0.059678	-0.008259	-0.016778	-0.003827	0.099889	0.000818	-0.004978	0.128265	-0.066313	0.091120	-0.053408	0.073548	0.052996	0.003741	0.014786	-0.035983	0.048633	0.157583	-0.028452	0.011022	0.090186	0.033565	0.013198	0.133940	0.317894	0.198896	-0.106459	-0.030197	0.017004	0.317677	0.021154	0.164403	-0.024139	-0.027285	0.118081	0.135177	0.011525	0.030519	0.063614	-0.035700	0.071766	-0.033592	-0.071949	0.020058	-0.068312	-0.039966	0.059432	0.051239	0.037593	-0.042331	0.002010	0.002659	-0.077062	0.069650	0.068281	0.009626	0.031068	0.087303	-0.112834	-0.081181	-0.174735	0.023040	0.051245	-0.036552	-0.021019	0.078948	0.014543	-0.006220	-0.196090	-0.092281	0.057948	0.014836	0.159928	-0.009132	-0.100645	0.047673	-0.094451	0.032321	-0.050631	-0.015084	-0.097724	0.002371	-0.183307	0.059606	-0.120633	-0.169297	-0.348436	0.112276	0.006977	-0.079219	0.055345	-0.098928	0.100675	0.150000	0.032256	0.167239
0.156847	0.168197	0.096722	-0.109949	-0.230090	0.120710	0.118718	0.037143	0.002712	0.015356	-0.070760	-0.098866	0.027400	0.084625	0.071686	0.119899	0.010268	-0.140459	0.017886	0.167710	0.070766	-0.178866	0.077838	-0.035776	-0.004442	-0.052516	0.013612	0.081646	0.101660	-0.011464	0.074097	-0.163492	-0.185166	-0.065030	-0.027856	0.045632	-0.049977	-0.066468	-0.013027	0.223553	-0.163673	0.011184	0.076578	-0.011535	0.079287	-0.023596	-0.060057	0.053006	-0.025851	-0.232771	-0.022505	-0.103625	0.072987	-0.016216	-0.037884	-0.099728	-0.132628	-0.119046	-0.020310	-0.008078	0.106560	-0.081619	-0.056061	-0.122509	0.170010	0.080013	0.124191	0.200048	-0.088227	-0.033883	0.071956	-0.041667	-0.038804	-0.041219	0.091961	-0.079497	-0.085887	-0.069365	-0.030477	-0.012057	0.061946	-0.125932	-0.193316	0.010725	-0.062501	-0.043423	-0.015499	0.036770	0.150436	0.164689	-0.161773	-0.079347	0.054401	-0.181549	0.122773	0.113019	-0.069165	0.066743	0.014883	-0.036922
0.141184	0.087876	-0.070161	0.124002	0.057882	0.065491	-0.096164	-0.031208	0.044400	-0.176691	-0.028484	0.040178	-0.065470	-0.000231	-0.001611	0.081871	0.079092	0.041503	0.007319	0.094576	0.019260	0.001009	0.148707	-0.029483	0.001918	-0.151749	0.140218	-0.043465	-0.007420	0.107835	-0.158916	0.047979	0.029714	0.058496	-0.055255	-0.200120	0.039144	-0.097115	0.179123	0.028788	-0.005928	0.051702	0.051647	-0.018121	-0.064110	-0.115662	0.172450	-0.126775	0.035391	-0.258452	0.213878	-0.099457	0.124831	-0.058308	-0.051646	-0.042721	-0.145480	-0.006605	0.093472	0.154759	0.044617	-0.037478	-0.022275	0.059927	-0.121610	0.222162	0.097281	0.148083	-0.061540	-0.020757	-0.012353	0.203734	-0.116077	-0.149650	0.084340	0.129670	0.133096	-0.042968	-0.056723	0.080174	0.179751	0.054994	0.055936	0.052099	-0.048956	-0.032564	0.031472	0.037750	-0.105077	-0.140098	-0.185924	-0.125384	-0.141609	-0.000811	-0.046170	0.087944	0.002333	0.078293	0.007473	0.007934
0.068716	-0.031253	-0.052300	0.009831	0.130001	-0.099487	-0.011640	0.157633	0.086360	0.043956	-0.095579	-0.205030	-0.048712	0.179578	-0.006975	0.019788	0.095111	-0.002995	0.040774	0.085032	-0.204902	-0.253731	0.147049	0.094472	0.020018	-0.140038	-0.087874	-0.015197	-0.039621	0.034500	-0.302213	-0.021115	-0.041940	0.047004	0.090619	-0.080460	0.003901	-0.059175	-0.100765	-0.036467	0.132774	-0.101920	0.013894	0.066976	-0.098196	0.098801	0.025478	-0.044613	-0.118793	-0.067273	0.082416	-0.120880	0.005684	-0.063992	0.011023	0.015972	0.039751	0.048064	-0.022213	0.150587	-0.024334	-0.207420	-0.076445	0.099886	-0.012273	0.138329	-0.013582	0.056357	-0.190019	0.078929	-0.017891	0.075117	0.037956	0.054858	-0.035402	-0.071971	0.052294	-0.236753	-0.149681	-0.038046	0.038408	0.130836	0.036430	-0.061582	-0.170322	0.032314	-0.013582	0.025792	0.015556	-0.098322	-0.221249	-0.023418	-0.004607	-0.127696	0.035696	-0.135447	0.110839	-0.046344	0.016746	-0.134579
0.053415	-0.048046	-0.057419	0.143089	-0.019436	-0.008390	0.046650	-0.041885	0.175479	-0.042765	-0.081867	0.003719	0.066027	0.353851	-0.084099	-0.048787	0.078931	-0.101000	-0.070106	-0.007352	0.092206	0.041786	-0.050180	0.077499	-0.015968	0.004070	0.035669	0.047696	-0.126967	0.014467	-0.103138	0.035437	0.012698	0.011081	0.120673	-0.050486	-0.002175	-0.055084	-0.147125	-0.080646	0.050074	-0.008885	0.023323	0.039416	-0.060013	0.207451	0.135306	0.124609	0.117045	-0.152492	-0.112933	-0.031258	0.094024	0.024647	0.056738	0.082992	0.044526	0.074186	-0.172755	-0.000067	0.079455	-0.031147	0.040608	0.119309	-0.130874	0.097609	0.117762	0.069820	-0.247437	0.065190	-0.193921	-0.049299	-0.009382	0.010227	0.069925	-0.141355	-0.083812	-0.124955	0.041127	0.060351	-0.078411	-0.086515	-0.158848	-0.130511	-0.126688	-0.043116	-0.109691	-0.086782	-0.049274	-0.088796	-0.151959	0.114211	0.102037	-0.069900	-0.146180	-0.165676	0.204352	-0.001789	-0.035464	0.027164
-0.064105	-0.086221	-0.054286	0.061271	0.089996	0.116971	0.082965	-0.003102	0.017214	-0.085074	-0.059837	0.089212	0.003049	0.240237	-0.029737	-0.100272	0.102156	-0.125599	0.067391	0.056719	0.103543	0.092181	0.013642	0.034671	0.036533	0.047999	0.071090	0.165817	-0.046683	0.158742	0.087390	-0.015360	0.016161	0.116571	0.019741	-0.163768	-0.058342	-0.071319	-0.030752	0.008810	0.038067	0.129540	0.144814	-0.049371	-0.065982	0.132506	0.085564	0.142165	0.057107	-0.040286	0.032642	-0.123223	0.035032	-0.097840	0.206923	0.158207	-0.133101	-0.008445	0.128676	0.025545	0.170122	0.186338	0.027831	-0.209945	-0.065852	0.147727	0.065978	0.099083	-0.120205	0.020481	0.065495	-0.002879	-0.059185	0.023250	0.159760	0.039557	-0.000249	-0.129373	-0.136753	0.236188	-0.115943	0.051808	-0.130457	-0.021418	-0.081390	0.010660	-0.049070	-0.004687	0.026320	-0.148638	-0.098597	0.188715	-0.088783	-0.026094	0.020884	-0.035117	0.038622	0.213569	-0.006281	-0.065299
0.079929	-0.017754	0.019784	0.023446	0.072103	-0.034003	-0.020961	-0.079477	0.167314	0.038451	-0.006987	0.062337	-0.052754	0.102985	-0.020934	-0.145429	0.113423	-0.021990	0.009749	-0.019684	-0.073216	-0.163273	0.065320	-0.024837	-0.053920	-0.021653	0.164074	0.042678	0.053148	-0.110109	-0.048518	-0.088921	0.076351	0.019461	0.161343	-0.014275	0.049663	-0.082903	0.080796	0.007962	0.196537	-0.119895	0.143353	0.226537	-0.006802	-0.032265	-0.078667	-0.023220	-0.016811	-0.102732	-0.192645	-0.004205	-0.138840	0.003792	0.178027	-0.131088	0.098541	-0.085431	0.128926	0.096146	0.168354	-0.143891	0.057694	-0.197719	-0.007865	0.067864	-0.007132	0.158984	-0.085812	-0.160058	-0.044963	-0.060648	-0.097845	-0.050789	0.263704	0.017854	0.170597	-0.081076	-0.154370	0.107681	-0.136037	-0.000097	-0.001321	-0.040159	-0.064950	0.140583	0.078383	-0.186961	-0.069296	-0.095957	-0.008951	0.019473	-0.099323	0.005815	-0.161841	-0.035720	0.029824	0.063757	-0.079044	0.035081
0.037391	-0.041450	0.088920	0.237796	0.020752	0.039956	0.076372	-0.004101	0.077229	-0.075662	-0.032356	0.082132	0.026135	0.118015	0.136621	-0.000805	-0.006096	-0.144565	-0.139431	-0.061529	0.055655	-0.041219	0.068163	-0.014249	0.003201	0.060935	-0.093632	-0.004532	-0.045670	0.061409	0.130180	-0.062338	-0.135629	-0.125215	0.113112	-0.126487	-0.003012	0.129533	0.135040	0.053442	0.059938	-0.148985	0.114828	-0.002153	0.093079	0.086915	0.055323	-0.206392	-0.036740	-0.128461	0.061100	-0.176047	-0.027862	-0.004306	0.162341	0.041294	0.085475	-0.126325	0.051836	0.191056	0.103754	-0.032478	-0.056951	0.112710	-0.111990	0.033361	0.139928	0.091735	-0.183207	0.018107	-0.001833	0.173626	0.018614	-0.159148	0.033037	-0.093563	0.045380	-0.310384	-0.072365	0.022246	0.044526	-0.136374	0.054723	-0.198908	-0.150991	-0.055624	0.141651	-0.072792	-0.084728	0.038437	-0.040754	0.081116	-0.073792	-0.109647	-0.054709	0.004264	-0.051299	0.069299	0.001107	0.031371
0.048967	-0.105655	-0.158118	0.000603	0.035047	-0.066565	-0.040277	0.012919	0.021723	-0.094802	-0.147189	-0.000891	-0.013451	0.103113	-0.037706	0.011827	0.058753	0.066010	0.061075	0.009973	0.095291	0.088028	0.144325	0.068040	0.110090	0.061078	-0.046923	-0.162847	-0.036143	0.109844	-0.086527	0.000849	-0.068838	0.108564	-0.094378	-0.183352	0.041034	-0.133510	-0.036485	0.021087	-0.051498	0.097734	0.103786	-0.069862	-0.018486	0.029288	0.150722	0.121974	-0.097461	-0.102480	0.098641	-0.137777	0.019879	0.004821	0.123602	0.089770	-0.217750	-0.061110	-0.012872	0.129291	0.135090	-0.116309	0.012212	-0.021771	-0.063607	0.131213	0.033831	0.093086	-0.014369	-0.097164	-0.016568	0.086133	0.081545	-0.080497	0.182413	-0.049218	0.129186	0.134017	-0.060317	0.153205	0.121829	-0.033190	0.050717	0.282823	-0.011052	0.040601	-0.117669	0.034414	0.185058	-0.107190	-0.187679	0.149592	0.111027	-0.044352	-0.079998	-0.081994	0.058953	-0.014085	0.013401	-0.249670
0.051014	-0.024097	0.109789	0.038070	-0.123678	-0.031586	-0.114796	0.063364	-0.084528	0.015276	-0.021663	0.146393	0.161891	-0.062970	-0.063476	-0.021544	0.170422	0.125097	0.006642	0.016821	-0.048807	-0.066316	-0.113078	-0.068035	0.044212	0.060523	-0.077764	0.155673	0.090897	0.201676	-0.014366	0.171116	-0.077458	0.034502	-0.012898	-0.161674	-0.058041	-0.191009	-0.005463	0.184609	-0.002848	-0.019431	-0.061264	0.055425	0.129660	0.094511	0.093456	0.091738	0.134442	0.013133	0.023787	-0.018679	0.064504	-0.004041	0.135070	0.063811	-0.176289	0.075213	0.043665	0.075054	0.168043	0.092666	0.106663	0.088803	-0.065283	0.083985	-0.069712	-0.013455	-0.268057	-0.019933	0.000818	0.003198	-0.197664	-0.049885	0.096877	-0.039483	-0.026939	-0.110441	0.047988	-0.012705	0.068556	-0.020873	-0.116830	-0.045277	-0.005681	0.062600	0.128570	-0.214470	0.090818	-0.124239	-0.177374	0.043929	-0.219841	-0.140741	-0.081946	0.045460	0.009946	0.136086	0.029064	-0.038509
0.189271	-0.101146	0.130703	0.164565	-0.077976	0.035252	0.034582	-0.033823	-0.068466	-0.024161	-0.091997	0.039473	0.012056	0.134435	-0.021827	-0.052540	0.137553	0.081978	0.015114	0.056713	-0.005927	0.113590	0.117260	0.109788	0.062366	0.074000	-0.057036	-0.071070	-0.083272	-0.086508	-0.024382	-0.070363	-0.093873	0.090507	-0.097276	0.097172	0.018320	0.013076	0.035133	0.095889	0.030930	-0.111229	0.079592	0.154875	-0.139739	0.127566	0.072431	0.127178	0.115175	-0.287006	-0.051724	-0.116955	0.051002	0.132043	0.118395	-0.070449	-0.126519	0.025198	-0.090734	-0.015841	0.235056	-0.009515	0.146157	-0.034987	-0.022914	0.210986	-0.004796	0.011310	-0.137461	0.067316	-0.037053	-0.034255	-0.051576	-0.039894	-0.055787	-0.070072	0.069965	-0.243370	-0.000587	0.065988	0.143993	-0.134102	-0.126170	0.179474	-0.067831	0.103952	0.131940	0.114846	0.070716	0.003851	-0.044902	-0.030908	0.044937	-0.041510	-0.041675	-0.065362	0.203491	0.034834	-0.076723	-0.071541
-0.103728	0.053371	-0.115404	0.058665	0.036015	0.109650	0.064183	-0.031753	-0.020325	-0.074700	0.106233	-0.034725	-0.076517	0.096392	0.233890	-0.051526	-0.005774	0.030311	-0.098243	0.027210	0.118813	0.007877	-0.041647	0.029060	-0.091616	-0.000800	-0.009139	0.065989	-0.041996	0.090563	-0.053600	0.048310	-0.001402	-0.166779	-0.068292	0.108010	-0.114639	0.005463	0.079145	0.132910	-0.224998	0.013994	-0.101278	0.059022	0.003514	-0.007032	0.162617	0.012128	0.039436	-0.203435	-0.048662	-0.069547	0.296411	-0.105297	-0.070700	-0.115166	-0.154887	-0.157104	0.056337	-0.012881	-0.004404	0.114855	-0.125289	-0.018178	0.087488	0.116953	0.098911	0.162664	-0.086084	0.072932	-0.046320	0.052473	0.148246	0.057753	0.057695	0.064659	0.170185	-0.255798	-0.033769	0.110621	0.100258	-0.060496	0.051678	0.140226	-0.140202	0.047206	-0.114818	0.155074	-0.032370	-0.047446	0.000028	0.106246	0.060713	0.050123	0.184015	-0.009137	0.043138	0.091283	-0.065555	0.053285
0.038784	0.005208	-0.041828	-0.027613	0.075317	-0.196189	0.012600	0.037660	0.258621	-0.051716	0.014154	-0.025465	0.026019	0.096479	-0.074401	0.057050	0.016870	-0.143639	-0.030765	0.076227	-0.044575	-0.021676	0.022108	-0.001741	0.070686	-0.286559	0.042957	0.236598	0.074721	0.019756	-0.129976	-0.021750	-0.030867	0.110812	0.006428	0.083058	-0.010268	-0.134934	0.088095	0.232036	-0.024794	-0.270966	0.165373	0.071814	-0.049657	-0.008042	-0.010355	0.136041	0.026966	-0.113772	-0.084696	0.069078	0.046126	-0.100705	-0.069401	-0.181856	-0.021112	0.121444	-0.049525	0.014958	-0.077953	-0.075278	-0.008374	0.027755	-0.023078	0.126308	0.034706	-0.098343	-0.147339	0.051560	-0.061483	0.036502	-0.061854	0.011447	0.027978	-0.105894	-0.079819	-0.121938	-0.094070	-0.187346	0.041339	0.208012	-0.196262	0.025546	-0.052753	-0.035828	-0.117148	-0.014217	0.025250	0.006037	-0.090986	0.163082	0.006018	-0.010313	-0.015431	-0.106046	0.100048	-0.002127	-0.171382	-0.038041
0.034442	-0.070268	-0.018838	0.333568	-0.145705	0.123650	0.016965	0.043254	-0.111742	-0.105912	-0.005772	-0.038197	0.020143	0.081793	0.142651	0.005114	0.212590	-0.038184	-0.005905	0.080678	0.003139	-0.154596	0.007702	-0.093465	-0.029597	0.082433	-0.127991	-0.037983	0.066646	0.105601	0.038994	-0.055565	0.050653	0.176755	0.029445	0.071468	0.064390	0.012940	0.100027	0.049427	0.038061	0.022742	0.169822	0.030492	0.178239	0.071200	0.076500	-0.008028	-0.089259	0.004385	0.064664	-0.036658	0.044439	-0.069446	0.136871	-0.017170	0.084553	0.060718	0.043278	0.054491	0.036605	-0.015495	0.050636	-0.009227	-0.016667	0.074475	0.068507	-0.057064	-0.148559	-0.000268	-0.049796	0.115236	-0.115802	0.231660	0.096805	-0.092811	0.124585	-0.281297	0.208355	-0.162405	-0.024090	-0.051522	0.049931	0.137674	-0.134228	-0.166126	0.090308	0.087717	-0.147962	-0.067735	-0.103659	0.002464	0.127527	0.036618	-0.028188	-0.087319	-0.048813	0.027002	-0.123169	-0.015670
0.040373	-0.244352	0.005843	-0.128067	-0.148878	0.036479	0.078710	0.097071	0.133614	-0.063521	0.029355	-0.041375	0.083263	0.134025	0.077946	0.056902	-0.011657	-0.078305	-0.044971	-0.003354	0.045832	0.017074	0.036613	0.064796	-0.081591	0.153670	-0.088765	-0.033263	0.073081	0.224255	-0.000909	0.017941	-0.078233	0.051502	0.076350	-0.011681	-0.073332	-0.103437	-0.022500	0.030003	-0.000652	-0.085612	0.115135	-0.156787	0.163059	0.198300	0.012210	-0.024024	-0.046563	-0.137385	0.026198	-0.259080	-0.071273	-0.106123	0.174787	-0.134769	-0.123055	-0.080452	0.057109	0.066375	0.200826	-0.092714	0.007566	0.044787	-0.219939	0.042078	0.026159	0.076178	-0.063325	-0.050741	-0.059221	-0.045603	0.155695	-0.000447	0.032218	0.048232	-0.024684	-0.058605	0.017483	-0.145359	-0.056539	-0.232957	-0.019669	-0.039536	-0.096490	-0.071907	-0.100358	-0.012480	-0.056663	0.017603	-0.222128	-0.064671	0.130913	-0.080590	0.000216	-0.158740	-0.003941	0.069993	-0.072319	-0.112975
0.001685	-0.115239	-0.041824	0.137846	-0.076571	0.154345	-0.040992	-0.015894	-0.067298	0.026209	-0.106373	-0.061364	-0.028003	0.355955	0.035016	-0.085922	-0.022145	-0.092706	-0.090583	0.065590	0.048456	-0.044747	0.133439	-0.003755	-0.044198	0.124268	-0.095399	-0.055664	0.013295	0.099577	-0.092747	-0.057737	-0.020022	0.040643	-0.101889	-0.107063	-0.118254	0.179192	0.083214	0.046785	-0.013961	0.002189	0.087504	0.077406	0.056822	0.080210	-0.025242	0.001561	-0.038220	-0.206209	0.083331	-0.230842	-0.035257	-0.134481	0.086863	0.059151	-0.037462	0.102064	0.052266	0.075503	0.114094	-0.085431	0.054113	-0.060522	-0.124817	-0.012026	0.070965	-0.030484	-0.100171	0.143389	-0.012882	0.143485	0.022229	0.073875	-0.039576	0.036323	0.002928	-0.210587	-0.148101	0.026225	0.063372	-0.201050	-0.072656	0.038123	-0.260348	0.020853	0.118086	0.002261	0.016672	-0.075796	-0.221523	0.024639	0.029995	-0.069359	-0.043226	-0.016392	-0.094236	0.098106	-0.161078	-0.085897
-0.004806	-0.109218	0.013241	0.225427	-0.043284	0.090380	0.016218	-0.103536	0.094230	-0.016849	-0.106425	0.010789	-0.019050	0.013696	-0.023546	0.032877	0.058554	0.211030	-0.000986	-0.079437	-0.130060	0.003617	-0.026519	0.020962	0.070040	-0.076807	-0.003788	-0.013108	0.047811	0.072292	-0.054191	-0.016918	-0.083808	0.180993	0.055793	-0.011622	0.063373	-0.040299	0.136219	-0.003036	0.110291	-0.003174	0.025441	0.096821	-0.012036	0.232415	0.071299	0.040128	0.069160	-0.201091	-0.000058	-0.079586	0.185676	-0.018949	0.145186	0.040843	-0.107984	0.112147	-0.048269	0.230185	0.051332	-0.074530	-0.138017	0.036347	-0.136007	0.111359	0.025903	0.051880	-0.215941	0.173012	-0.072869	0.262885	0.013576	-0.003905	-0.038938	-0.008149	0.035248	-0.214659	0.034750	-0.102537	0.076091	-0.176418	-0.099430	-0.027960	-0.191929	-0.066125	0.108005	0.060575	-0.070675	-0.110613	-0.158605	-0.011479	0.077024	-0.009387	-0.049368	-0.084144	0.112564	0.073613	-0.027784	0.067260
0.159478	0.083552	0.181448	0.139541	-0.075304	-0.102029	-0.008441	0.116209	0.096958	-0.064877	-0.083470	0.081253	0.113537	0.222935	-0.087502	-0.027747	-0.041139	0.159571	-0.213008	0.072565	0.070737	0.008346	0.122970	0.020578	-0.071644	0.138753	-0.066485	0.100780	0.027283	-0.002147	0.047332	0.040160	-0.010322	-0.096407	-0.014734	0.068811	0.068471	-0.086984	0.178378	0.074605	-0.005167	-0.095536	0.092558	0.078834	0.076979	-0.057875	0.117524	-0.008977	-0.136304	-0.045198	0.175580	-0.201182	-0.062637	-0.006289	0.009840	-0.164823	0.103863	-0.113205	-0.002371	-0.028199	0.049185	-0.202090	0.026915	0.110300	-0.153755	-0.100658	0.056146	-0.134527	-0.188674	0.080716	-0.070425	0.065837	-0.035185	-0.080612	0.105509	-0.105629	-0.058852	-0.066300	0.015897	-0.153982	0.110797	-0.162557	-0.009355	0.074543	-0.160953	0.021195	0.001718	-0.044866	0.063459	0.050340	-0.106810	0.048742	0.105584	0.047815	-0.127236	-0.126519	-0.114230	-0.039731	-0.094681	0.001495
-0.083908	0.029375	-0.078503	0.106599	0.030116	0.137656	-0.030342	-0.060197	0.001802	0.059763	0.031917	-0.041938	-0.177836	0.280273	0.132030	-0.164889	0.148499	0.221982	-0.043248	0.009220	0.046174	-0.011884	-0.029827	0.051332	-0.040958	-0.029302	-0.019516	0.054611	-0.027826	0.069501	-0.063269	-0.032371	-0.078945	-0.202650	-0.008261	-0.013672	-0.067817	0.146180	0.074959	0.032333	-0.245644	-0.097994	-0.007325	0.105455	0.071050	0.060846	0.062210	-0.011254	-0.004059	-0.031059	-0.032018	-0.105730	0.188415	-0.151594	0.013532	-0.027024	-0.079423	-0.104546	0.009958	-0.008295	0.104401	0.139743	-0.127462	-0.038834	0.073130	0.014796	-0.006029	0.103095	-0.106296	0.047605	0.054825	0.046140	0.088769	-0.031759	0.189885	0.042770	-0.028668	-0.266656	-0.105207	-0.015835	-0.077338	-0.182682	0.038954	-0.124014	-0.168624	0.081999	-0.031552	-0.031384	-0.006311	-0.106630	-0.149631	-0.045074	0.011138	0.058705	0.021107	0.115228	-0.133452	0.101846	-0.200611	0.035650
-0.028489	0.093449	-0.080815	0.010175	0.071864	0.193658	-0.118532	0.085775	0.104427	0.027512	-0.006988	-0.072543	-0.032009	0.115101	0.034914	0.078917	0.114799	-0.074451	-0.022143	0.034093	-0.063765	-0.038447	-0.055729	0.036079	0.068917	-0.256334	0.096902	0.107854	0.065159	0.188679	-0.185904	0.029979	-0.002773	0.075370	0.031088	-0.005850	-0.082937	0.067959	-0.051978	0.231763	-0.142046	0.055268	0.038451	0.140439	-0.040654	0.024081	0.024162	0.112650	0.089894	-0.054267	-0.005415	-0.019666	0.111992	-0.149768	0.011354	0.039320	0.060605	-0.010833	-0.024722	-0.001393	0.059630	0.056221	-0.272311	-0.197774	-0.129225	0.150373	-0.061069	-0.021622	-0.114276	0.054134	-0.080444	0.021832	-0.028833	-0.169843	0.067398	0.052039	-0.030671	0.058707	-0.174433	0.142285	-0.019183	0.092240	-0.127468	-0.046011	0.013993	0.064229	-0.218511	0.095097	-0.147954	-0.011625	-0.164423	0.080462	-0.067183	-0.146471	0.092887	-0.145988	-0.087745	0.074768	0.001200	-0.073519
0.108650	-0.052165	0.239989	-0.077488	-0.195660	-0.054676	-0.035071	-0.095903	0.090503	-0.073473	-0.062443	0.035461	0.132885	0.208528	0.073771	-0.021040	-0.179120	-0.259815	-0.028114	0.141299	0.003318	0.026731	0.058255	0.024340	-0.049629	0.106859	-0.145484	0.089066	-0.075491	0.089170	-0.020414	-0.031400	-0.113668	-0.063850	0.031599	-0.050089	-0.055407	-0.179084	0.034243	0.066683	0.010104	-0.219390	-0.023441	0.070565	0.015531	0.048347	0.120272	0.135719	0.166382	0.002017	0.106723	-0.214844	-0.045509	-0.132855	-0.026629	-0.044071	-0.191080	-0.069898	0.045391	0.009337	0.096667	-0.026850	-0.058373	0.004544	0.040037	0.144787	0.100994	-0.021650	0.038938	-0.015646	-0.029682	0.067791	-0.101012	-0.093532	-0.112014	-0.106367	-0.195337	-0.009433	-0.027186	-0.170300	0.013639	-0.076107	-0.088784	0.090583	-0.012370	-0.068138	0.219316	-0.057966	0.000320	0.037757	-0.019132	0.043323	-0.017668	-0.084671	0.161485	-0.070129	-0.094524	0.066045	-0.028931	-0.017456
0.173242	-0.153033	0.097758	0.051382	-0.095544	-0.057301	-0.007139	-0.013377	0.041380	0.033470	0.003231	-0.028972	0.001651	0.027711	-0.017572	-0.001840	0.138659	0.010856	-0.058499	0.144097	-0.036380	-0.103251	0.210896	0.016697	0.097606	0.034646	0.028416	0.107758	0.228548	-0.104772	-0.025220	0.036720	0.059233	0.026386	-0.136833	0.128062	-0.162008	0.053920	0.167713	0.169982	0.072600	-0.029026	0.007969	0.072681	0.141717	0.033945	-0.094800	0.077337	0.063654	-0.039037	0.054507	-0.022302	0.068379	-0.002909	0.047065	-0.119312	-0.321612	-0.088803	-0.041565	-0.045483	0.147042	-0.064390	-0.042554	-0.042624	-0.245567	-0.019310	0.053236	-0.090465	-0.000233	0.071046	0.089762	0.092245	-0.200215	0.065364	0.183346	-0.060458	-0.096378	-0.052044	0.022406	-0.252962	-0.002943	0.019443	-0.149506	0.014399	-0.002555	0.088206	0.038020	0.075671	-0.013479	-0.032862	-0.119387	-0.000083	0.067556	0.125394	0.182053	0.118258	0.083365	-0.020419	0.011875	0.026922
0.091021	-0.099795	-0.092352	-0.053556	0.158259	0.009452	-0.017821	0.025813	0.050779	-0.109583	-0.180150	0.126113	-0.055349	0.118278	0.043660	-0.140196	0.139729	-0.098806	0.044369	0.074840	0.037647	0.012586	0.046735	0.053227	0.033538	0.057448	-0.017861	0.089726	-0.073480	0.043678	-0.162770	0.004876	-0.015310	-0.109546	-0.035379	0.037596	0.035897	-0.130661	-0.020808	0.057071	-0.085373	0.059792	0.021995	-0.048442	-0.001277	0.036416	-0.021325	0.212538	-0.080952	-0.173437	-0.051688	-0.101954	0.183576	-0.007298	-0.096815	-0.024371	-0.291880	-0.226508	0.103584	0.159086	0.161830	-0.016990	0.125375	-0.095414	-0.046394	0.132825	-0.054426	0.098415	-0.041586	-0.099359	-0.087357	-0.018609	0.129033	-0.011256	0.053478	-0.050468	0.139173	0.124470	-0.031010	0.202075	0.128712	-0.070239	-0.012711	-0.002969	-0.024962	0.105574	-0.049635	0.168417	-0.023021	0.001158	-0.017736	0.105633	0.041610	-0.054536	0.037577	-0.101099	0.273388	-0.003143	0.070374	-0.120735
0.136417	0.098083	0.005882	0.262502	0.032849	0.102951	0.000502	0.110329	0.123394	-0.077585	0.112649	-0.036376	-0.051348	0.072927	-0.057634	0.010752	0.128251	-0.136714	0.205289	-0.030845	0.046418	0.065414	0.028427	-0.018181	0.038525	-0.031585	-0.079744	0.114392	0.096350	0.235054	-0.073986	0.074696	-0.037918	0.006918	0.100453	-0.106876	0.082444	-0.069779	0.102332	0.159876	0.069308	0.040264	0.298499	-0.122848	0.008291	0.137715	0.111791	0.071549	0.003322	-0.021632	0.288657	-0.028285	-0.004881	0.125582	0.088336	0.049280	0.168245	-0.088020	-0.057675	0.081533	0.058460	-0.076671	0.048067	-0.043357	-0.016427	0.019928	0.009984	0.074837	-0.120459	0.089581	-0.080805	0.074563	-0.111384	0.106547	0.027420	0.022390	0.179818	-0.183659	-0.025173	0.118584	0.154687	-0.079443	-0.000190	-0.015382	0.053583	-0.018232	-0.059682	0.074786	-0.087981	-0.169454	0.034351	0.061044	-0.033938	-0.024977	-0.146328	0.017538	0.005100	0.074228	0.004340	0.029798
0.078928	-0.066118	-0.118169	0.011484	-0.075126	-0.084431	0.075867	0.031839	0.278462	0.040865	-0.082893	-0.142803	-0.116587	0.099594	-0.060041	-0.148588	0.119619	0.114280	0.052021	0.133829	0.085743	0.198549	0.045883	0.139748	-0.029291	-0.016244	0.040180	-0.160211	-0.066164	0.011966	-0.073289	0.120777	-0.175930	0.059758	-0.042235	0.069102	-0.068068	0.098486	-0.005501	-0.072518	-0.034793	-0.041967	0.087761	0.017685	0.096776	0.031295	-0.084526	0.122314	-0.123220	-0.027726	-0.027635	-0.058150	-0.093728	-0.072030	-0.125030	0.043375	-0.051665	-0.041442	-0.046795	0.033001	-0.012261	-0.164311	0.059427	-0.035435	0.004106	0.141902	0.042074	0.161498	0.049003	-0.039632	-0.025324	0.288293	0.059205	0.148206	0.105440	-0.040928	-0.043404	-0.188323	-0.126651	-0.013668	0.198612	0.017035	0.053915	-0.002749	-0.182706	-0.100574	-0.021746	0.106516	0.038021	0.056365	-0.138276	0.017987	-0.114380	0.076432	0.003395	0.036031	-0.090867	0.007971	-0.181238	-0.156473
-0.103757	0.043162	-0.068735	-0.090922	-0.043305	-0.100385	0.027708	-0.027312	-0.025966	0.023519	-0.150434	-0.110689	0.016623	0.182001	0.114035	0.125085	-0.018773	-0.013406	-0.150342	0.111335	-0.120913	-0.095681	0.093997	0.069405	-0.012479	-0.121750	0.069061	-0.094862	-0.005390	-0.089641	-0.076965	-0.098711	-0.192121	-0.097734	-0.008901	-0.046999	-0.042876	-0.046283	0.094002	0.137390	-0.075121	-0.100684	0.062670	0.245032	-0.131945	0.112908	0.005587	-0.150877	0.045429	-0.127744	-0.073100	-0.175551	0.205645	-0.149131	0.228118	-0.081901	-0.104737	0.112240	-0.005778	-0.032621	0.032455	-0.033988	-0.027707	0.092236	0.063558	0.031010	0.064607	0.050908	-0.269038	0.043696	-0.028307	-0.038642	0.050794	-0.138032	0.103105	0.009510	0.043415	-0.107966	-0.079196	0.035467	-0.000981	0.033791	-0.072853	0.014183	-0.203648	0.020655	-0.071862	-0.023100	-0.034642	0.029832	-0.165068	-0.052476	0.070118	-0.083717	0.026143	-0.146724	0.085394	0.135978	-0.143392	-0.040087
-0.010765	0.050938	-0.074435	-0.061980	0.054459	0.031109	0.062382	-0.019272	-0.058583	-0.146533	-0.062024	-0.012135	0.016453	0.014613	0.215265	-0.001061	-0.046074	0.003532	-0.159320	-0.048295	-0.052378	-0.101025	-0.014962	0.037711	-0.204047	-0.214985	0.095389	0.027524	-0.053628	0.079692	-0.052790	0.024335	0.044470	-0.042254	-0.089198	0.057934	-0.095985	0.019376	-0.048012	0.152098	-0.183867	0.117098	-0.000614	0.222976	-0.088091	-0.006872	0.032806	-0.101098	-0.018105	-0.222203	-0.087838	-0.007093	0.148774	-0.143488	0.032413	-0.033585	-0.118499	-0.092601	-0.007870	-0.009159	0.127071	0.096416	-0.074930	0.064778	-0.014032	0.079781	0.171439	0.160230	-0.231386	-0.002140	-0.052323	-0.017011	0.026044	0.014665	0.060697	0.029297	0.150045	-0.239612	-0.151223	0.085302	-0.023590	0.053130	-0.123091	0.021392	-0.202638	-0.008462	-0.079283	-0.025580	-0.007843	-0.108890	-0.129216	-0.036166	0.022584	-0.063443	0.055862	-0.093425	0.122183	0.162732	-0.141798	0.117484
0.269339	0.039663	0.155751	0.014084	-0.117607	0.024845	0.048484	0.012148	0.180690	0.033547	-0.132184	-0.081701	-0.021055	0.192331	-0.022527	-0.174909	0.079831	0.114406	0.008604	0.166043	0.058035	0.104782	0.025329	0.034720	0.089410	-0.116039	0.095808	0.032535	0.147574	-0.126250	0.004940	-0.030745	-0.123513	-0.097819	-0.019529	-0.072769	-0.044991	0.040825	-0.019654	0.002141	0.071361	-0.096888	-0.045378	0.280243	0.034832	0.013349	-0.005977	0.106980	-0.098935	-0.107058	-0.117021	0.000626	0.080549	0.051862	0.055628	0.030500	-0.120235	-0.008911	-0.067630	0.081206	0.204088	-0.066038	0.028139	0.069155	-0.167086	0.095177	-0.090914	0.095579	-0.161127	-0.022611	-0.014030	0.062060	0.080703	-0.033106	0.042241	-0.237452	-0.052932	-0.163304	-0.152088	0.017416	0.023162	-0.078273	-0.134238	0.002985	-0.117938	0.017985	-0.009410	-0.126674	0.050639	0.078492	-0.118790	-0.081538	-0.124709	0.094711	-0.135057	0.087344	-0.101442	-0.084591	-0.019074	0.006817
0.170426	0.071139	0.071108	0.075154	0.111987	0.093551	0.004062	0.084307	-0.062109	-0.135702	-0.168401	-0.055969	-0.191469	0.217623	-0.073597	0.063673	0.005394	0.150733	0.118110	0.024925	0.087876	-0.025266	0.142616	0.012934	0.127910	0.010372	-0.134465	-0.094288	0.002142	0.029911	0.076618	-0.130767	-0.106415	-0.008473	-0.118416	0.049254	0.123019	-0.024907	0.006702	-0.085927	0.139208	0.058036	-0.027823	0.016502	-0.100556	-0.038318	0.119740	0.019573	-0.139311	-0.114503	0.132087	-0.025668	0.020065	-0.154002	0.080328	-0.050383	-0.014346	-0.125793	0.170050	0.131380	0.050038	-0.223336	0.013203	-0.053577	0.136734	0.110326	0.045283	-0.005137	-0.034957	-0.150544	0.115545	-0.063049	0.254977	0.031969	0.123713	-0.106577	0.080292	-0.200879	0.109050	0.066981	0.056451	0.118310	-0.036352	0.162196	-0.166693	0.048520	-0.013253	0.020020	0.029117	-0.008667	0.029508	0.089791	0.016003	-0.099964	0.044013	0.096071	0.007150	-0.035590	-0.072995	0.007030
0.122947	-0.023725	-0.001076	0.119721	0.071413	0.125868	0.100272	0.065700	0.177658	-0.081968	0.093908	0.052989	0.041145	0.049707	-0.032776	-0.015434	-0.028355	-0.105495	0.052890	-0.089680	-0.015284	-0.126562	0.010360	0.058393	-0.009690	-0.068469	-0.011958	0.089792	-0.088953	0.108598	-0.060446	-0.006698	0.031871	0.122963	-0.058486	-0.162263	-0.133815	-0.022029	0.049329	0.145190	0.031751	-0.084258	0.144772	0.238833	0.138041	0.051179	-0.008667	0.117359	0.114329	-0.060577	0.026577	-0.213566	0.014071	-0.119923	0.031130	-0.041935	-0.245418	-0.281871	0.103886	0.069415	0.187777	-0.098094	-0.024923	-0.184527	0.148923	-0.004927	-0.118580	0.071670	-0.046107	-0.014145	0.022897	0.046579	0.165845	-0.094671	0.072029	-0.039856	0.043529	-0.105453	0.103250	-0.042274	0.049946	-0.097506	0.012732	0.095331	-0.169511	-0.031038	0.059268	-0.052955	0.006348	-0.064435	0.159008	0.053910	-0.016308	0.090010	-0.035240	0.211480	-0.029916	0.124011	-0.012988	0.013167
0.066843	-0.008231	0.030801	0.051765	-0.147067	0.035745	0.210129	-0.001889	0.075814	-0.084851	0.000328	-0.000623	-0.153164	0.286379	-0.014813	0.054537	-0.132193	-0.086101	-0.120717	0.189740	-0.012393	0.164484	-0.072781	-0.021670	-0.049447	0.107922	-0.022379	0.098468	-0.008275	-0.067385	0.009043	0.124982	0.087884	-0.083887	-0.103683	0.010516	-0.005509	-0.215998	0.069179	0.114385	0.013516	0.076373	0.047819	0.017402	0.134502	0.122988	0.096820	0.176031	0.048561	-0.177528	0.018761	-0.014895	0.195034	0.009959	-0.086615	-0.131893	-0.143890	-0.015776	-0.170858	0.102762	0.049909	-0.113842	0.020296	0.025462	0.038477	0.072473	0.108077	0.079571	-0.079027	-0.123432	0.038422	0.044731	-0.082684	0.085576	0.096295	-0.077720	-0.259537	-0.159525	0.004585	-0.070929	0.023916	-0.143794	0.050017	0.011160	-0.012337	-0.077335	0.000876	0.195449	0.007812	-0.002212	0.122987	0.029365	0.040988	-0.082373	0.121166	-0.019375	0.026671	-0.004623	0.102369	0.083838
0.011059	0.128217	-0.063043	0.028248	-0.044788	0.079070	0.096270	0.102350	0.087444	-0.000154	0.057240	0.015358	0.091135	0.058798	0.118599	0.146913	0.070738	0.010998	0.049529	0.157577	0.169790	-0.101310	-0.044588	-0.071652	0.034397	-0.045210	-0.052424	0.019188	-0.030121	0.069376	-0.032789	0.099886	-0.143674	-0.121733	-0.122050	-0.020377	-0.059061	0.063519	0.052672	0.036847	-0.047518	-0.034182	0.054767	0.170136	0.072257	-0.022628	0.043643	-0.090956	0.015106	0.011154	-0.115955	0.151644	0.184436	-0.065503	-0.088455	-0.082220	0.022300	-0.085150	-0.143432	-0.036936	0.049569	0.009561	-0.094275	0.145286	-0.150600	0.128737	0.102909	-0.005149	-0.344906	0.227546	-0.032056	0.145349	-0.182024	0.078644	0.153630	0.079963	-0.123802	-0.075770	-0.188915	-0.060269	0.004412	0.101170	-0.189438	-0.025341	-0.043646	0.007519	0.014731	0.083281	0.004001	-0.014576	-0.070282	0.107761	-0.098993	-0.031289	0.135435	0.092974	-0.140825	-0.118582	0.012289	-0.088182
-0.052239	0.062757	-0.070760	0.114257	0.135339	0.017868	0.030564	0.013351	0.028629	-0.145077	-0.170691	-0.012247	0.039227	0.087132	0.057620	-0.086748	-0.021602	-0.216198	-0.076855	0.140487	0.169344	0.017915	-0.028914	-0.006818	-0.079806	0.191831	-0.025930	0.248453	0.158212	0.211364	0.047556	-0.049646	-0.024020	0.067406	-0.024553	0.014549	-0.080534	0.127312	0.086800	0.019771	-0.144974	0.029443	0.058717	0.065281	-0.078803	0.103998	0.050684	0.093877	0.037337	-0.073284	-0.100236	-0.079581	-0.017176	-0.100458	0.060236	-0.080998	0.020578	0.048351	0.018124	-0.090435	0.127790	0.173673	0.039577	-0.135954	-0.140448	0.129390	0.100560	-0.009824	-0.188824	0.119635	-0.096844	0.040566	0.048645	-0.051397	0.166428	0.023676	-0.065288	-0.135118	0.032335	0.108593	-0.015431	-0.067976	-0.203377	-0.001913	-0.061408	-0.154378	-0.117690	0.002750	-0.014501	-0.058543	-0.062855	0.203214	0.057482	0.015559	0.132427	-0.160013	0.114049	0.091235	0.015944	0.066615
0.206569	-0.136627	0.003333	0.059716	-0.093635	0.158162	0.097988	0.049600	-0.001423	0.073375	-0.045984	0.165511	0.009549	-0.020722	0.087745	-0.068884	0.141617	-0.192627	-0.031033	0.020308	-0.044440	-0.165878	0.147271	-0.078071	0.026026	-0.012156	0.073830	0.133164	-0.064646	0.068735	0.057923	-0.095410	-0.016017	0.034358	-0.152837	0.064572	-0.045173	0.092070	-0.026989	0.185188	0.074327	0.070480	-0.058885	0.130332	0.267584	0.052786	-0.078754	0.029769	-0.136000	-0.171082	0.170307	-0.118432	0.008863	-0.091346	0.056425	-0.024978	-0.084180	-0.164694	0.133761	0.063769	0.048880	-0.110210	-0.088776	0.015015	0.048361	0.089138	0.123112	0.046713	-0.084402	0.019108	0.121153	-0.006348	-0.198440	0.029092	0.021481	-0.090600	0.089334	-0.258776	0.024766	-0.090909	0.081933	-0.044322	-0.126860	-0.012959	-0.139997	-0.041754	0.024535	-0.047341	-0.001068	-0.077759	0.067317	-0.023605	-0.021095	-0.144750	0.115203	0.081050	-0.052550	0.057909	-0.124862	-0.075378
0.092713	0.035349	0.075577	0.103298	0.015702	0.130491	0.049848	-0.070763	0.153996	0.053853	-0.109167	0.031436	0.030668	0.185422	0.021915	-0.132318	0.113288	0.079004	-0.126748	0.099948	-0.036052	-0.006855	0.019223	-0.009198	-0.122108	0.107406	-0.052263	-0.009165	-0.030020	0.106047	-0.183675	0.164085	-0.037118	0.013286	0.124725	0.108463	0.052904	-0.142928	0.035830	0.046787	0.023558	-0.101208	0.123777	0.118167	-0.067910	0.102013	0.062857	0.081644	0.047959	-0.115659	-0.072893	-0.222384	0.157639	-0.041262	0.078701	-0.148340	-0.035212	-0.018465	0.002928	0.120600	0.091551	-0.195903	0.160343	0.037540	-0.126760	0.147721	-0.037772	-0.004500	-0.125183	0.070654	-0.073225	0.014911	-0.060822	0.077481	0.097047	-0.041525	-0.065427	-0.212735	0.125469	-0.165735	0.014843	-0.178272	0.031307	0.005583	-0.132871	-0.074491	-0.148727	-0.005583	0.026438	-0.137545	-0.157440	-0.033927	0.082133	-0.014462	-0.129997	-0.176497	0.075481	0.045719	-0.003285	-0.069064
0.114581	-0.022879	-0.095743	0.189639	-0.049103	0.114547	-0.009454	0.042320	-0.193003	0.041540	0.003407	0.084078	0.002041	-0.049397	0.104563	-0.087422	-0.068927	-0.029822	-0.010489	-0.036959	0.173997	-0.192005	0.194893	-0.027265	-0.021934	0.006981	-0.014281	0.005640	0.044803	0.068538	0.018024	-0.073225	-0.052610	0.058428	-0.147524	-0.075741	-0.092882	0.045261	0.154196	-0.012520	-0.067131	0.053279	0.166405	-0.003370	0.102646	0.022836	-0.077646	-0.098010	-0.072116	-0.181239	0.136191	-0.233277	-0.065299	-0.185916	0.112630	-0.106561	-0.262783	-0.211451	0.061140	-0.014327	0.188044	-0.062821	-0.050596	-0.087065	-0.042541	0.058846	0.066062	0.103730	-0.025627	0.131466	-0.091889	0.170828	-0.038096	0.190115	0.112462	0.044218	0.133748	-0.099933	0.126630	-0.140541	-0.017795	0.033370	-0.056675	0.003434	-0.019395	-0.023942	-0.004757	0.008528	-0.035604	-0.097213	-0.069240	0.031171	0.093846	0.061050	0.141320	0.002609	0.007184	0.097699	0.000532	-0.058332
0.152601	-0.032679	0.065127	-0.028078	0.003021	0.058735	-0.014747	0.216717	-0.097691	-0.069370	-0.021290	-0.130622	0.121401	-0.052786	-0.006687	0.033853	0.056524	-0.087889	-0.000954	-0.026873	-0.046849	-0.080870	-0.012067	-0.000201	0.125956	0.020886	-0.078478	-0.021012	0.096901	0.173155	0.013744	0.062425	-0.007273	0.203615	-0.096512	-0.124948	-0.080217	0.009342	-0.032426	0.124160	0.097812	-0.000803	0.127393	0.100508	0.126073	-0.021603	-0.185835	0.066299	-0.068817	-0.027730	0.247257	-0.079493	-0.036712	-0.125461	0.134213	0.060359	-0.251081	-0.152059	-0.102229	0.079888	0.277729	-0.133464	-0.029956	-0.105628	-0.056105	0.139451	0.084303	0.008085	-0.170238	0.060973	-0.059874	0.125300	-0.065795	0.054028	0.080888	-0.149317	0.094090	-0.043286	-0.035288	-0.096924	-0.058856	0.113849	-0.146627	0.057534	0.005725	-0.123796	-0.024370	-0.074694	-0.044146	-0.047927	-0.035154	-0.068306	-0.042558	0.073882	-0.025949	0.056469	0.043655	0.225910	-0.026531	-0.057363
0.002855	-0.046429	-0.033989	-0.141605	-0.074887	0.043330	0.152988	-0.096677	-0.087165	-0.020381	0.043099	-0.041909	0.076197	-0.028333	-0.097214	0.050630	0.101567	-0.112800	-0.015071	-0.057377	0.001260	-0.055314	0.169390	0.017365	0.020178	0.030339	-0.080810	0.161644	-0.036834	-0.014826	0.038942	-0.169847	-0.037509	0.065629	0.031172	0.083347	-0.063439	-0.126609	-0.002091	0.137073	-0.011015	-0.029848	-0.013485	0.017367	-0.117002	0.152047	0.061982	0.102679	0.138540	-0.074961	-0.177991	0.081438	0.096685	0.094073	0.046021	0.062513	-0.219680	-0.198400	-0.143950	0.180620	0.211216	-0.079385	0.041071	0.026868	0.054843	0.144570	-0.004838	0.012046	-0.147030	0.005598	-0.096970	0.142582	0.201556	0.034210	0.022955	-0.119327	0.097206	-0.098968	0.016293	-0.177828	0.106841	-0.026986	-0.062863	0.081346	-0.002241	0.110862	0.093399	-0.046584	0.120723	-0.049457	-0.000280	0.228993	0.155619	0.071070	0.036712	-0.056400	0.232105	0.058157	-0.061202	-0.038533
0.152312	-0.063311	0.099714	0.175172	-0.049176	-0.131846	0.012197	0.080695	-0.024739	-0.043530	-0.072171	-0.064652	0.014640	0.041300	-0.018261	-0.071665	0.130716	0.092151	-0.020684	-0.004011	-0.110806	0.063469	0.066254	0.080490	0.062949	-0.053221	-0.113009	-0.082738	0.033407	0.129863	-0.041676	-0.043669	-0.028402	0.093204	-0.187861	0.159334	0.043618	0.126261	0.001198	0.018885	-0.063251	-0.099753	0.161191	0.090000	-0.097418	0.244325	0.012543	0.042886	0.045888	-0.164409	-0.013810	-0.193421	0.052592	-0.076934	0.054947	0.002184	-0.311802	0.047358	-0.154400	0.041873	0.064578	-0.060806	0.057747	-0.017588	-0.123998	0.128716	0.003191	-0.110378	-0.192676	0.093817	-0.114682	0.132172	-0.005503	0.155883	0.051487	-0.204442	0.045596	0.030988	-0.013257	0.054740	-0.004895	-0.001767	-0.070377	0.184869	0.134166	0.062583	-0.136565	0.012541	-0.068949	0.036956	-0.080106	-0.028349	-0.063105	0.172642	-0.041856	-0.088452	0.096287	-0.038521	-0.116511	-0.077408
0.119724	-0.253376	0.118396	0.044429	0.003073	-0.065772	-0.102779	-0.077729	0.059177	-0.146326	-0.109465	0.114474	0.118250	0.129689	-0.042873	-0.024409	0.047310	-0.056928	-0.164432	0.086114	0.134325	0.115752	0.121580	-0.009991	0.013220	0.071894	-0.182820	-0.110966	-0.122676	0.179782	-0.008321	0.062304	-0.006232	-0.079224	-0.000042	-0.127252	-0.112189	-0.087962	0.102867	-0.070914	-0.091413	-0.116193	-0.003294	-0.102247	0.000290	0.080253	-0.006931	0.107299	0.066200	-0.200855	-0.000135	-0.166942	0.039082	0.050326	0.138553	-0.186547	-0.191777	-0.034222	0.120039	0.057616	0.085664	-0.113659	0.074872	0.058729	-0.001550	0.158247	0.092712	0.073811	-0.100572	0.019722	-0.078568	-0.059716	0.075611	-0.064877	0.086508	-0.168103	0.058403	-0.161509	-0.045670	0.123383	-0.068282	-0.148386	0.009201	-0.006406	-0.123017	-0.111078	-0.065860	0.011241	-0.100148	-0.057869	-0.043168	0.101219	-0.046062	0.035982	-0.108286	-0.141428	0.009197	0.119129	-0.046907	-0.024041
0.171756	0.008643	0.187621	0.059058	0.116293	0.009148	-0.153995	0.030305	0.004367	-0.025468	-0.099107	0.092725	-0.006933	0.237942	-0.105813	-0.063888	0.101081	0.074303	0.031864	-0.106666	0.198914	-0.066345	0.165771	0.044228	0.126898	0.060241	-0.041514	-0.023754	-0.041298	0.091126	-0.070599	0.037882	0.123799	0.011801	0.018309	-0.062329	-0.032818	0.143528	0.127439	-0.051534	0.160333	-0.016557	0.025506	-0.016783	-0.034536	-0.063561	0.052815	-0.013476	0.013939	-0.136941	0.105992	-0.215497	-0.068024	0.020230	0.125606	-0.174662	-0.002344	-0.070766	0.186987	-0.002986	0.165539	-0.282097	-0.053248	0.047267	-0.048593	-0.028712	0.061043	-0.006079	-0.083812	0.079382	-0.119234	-0.047845	-0.133693	0.060569	0.063355	-0.070071	0.137472	-0.153101	-0.040367	0.178867	-0.051663	0.145071	0.002268	0.112177	-0.063845	0.000080	-0.012784	-0.047277	-0.047752	-0.148746	-0.042930	0.066500	-0.001994	0.145309	-0.065297	0.145033	-0.092171	0.109948	0.007782	-0.058381
0.083351	-0.152120	0.077817	-0.156463	-0.099352	0.052632	-0.033495	0.074417	0.010156	-0.048886	0.070737	-0.019534	0.024561	0.235058	-0.040634	0.030890	0.157940	-0.281989	-0.045269	0.114345	0.048874	0.084428	0.274520	0.065048	0.077728	-0.015121	-0.104366	0.054793	-0.241856	0.106035	-0.014299	-0.021700	-0.048296	-0.021083	-0.080561	-0.075584	0.130529	-0.198195	0.038685	0.027776	0.022290	0.003604	0.106440	-0.010142	0.027818	0.063206	0.021944	0.121573	0.206731	-0.068321	0.030180	-0.128542	-0.024790	-0.050661	0.079386	-0.015754	-0.151675	-0.090189	0.008914	0.032007	0.038299	-0.010104	0.039843	-0.182967	0.044289	0.160037	0.006190	0.103380	-0.052201	-0.068892	-0.076751	0.123707	0.186717	0.006290	-0.016664	-0.109963	-0.058322	-0.085612	-0.042261	0.055221	0.034967	-0.122391	-0.125575	0.067769	0.041421	-0.059496	0.131101	0.047070	-0.212084	0.018519	-0.068769	0.124595	-0.106698	-0.110719	0.113517	-0.008372	-0.030214	0.045873	-0.096176	0.002756
0.103210	-0.077400	-0.050091	0.036774	-0.040749	0.040817	0.030827	0.051823	-0.084187	0.059040	-0.080377	0.000314	0.068266	0.086570	0.003078	-0.034834	-0.008229	-0.256884	-0.001388	0.110250	-0.010396	-0.242440	0.108954	0.019561	0.049071	-0.025323	-0.059860	0.075658	-0.011906	0.236869	0.059973	0.018666	-0.131230	0.066324	-0.055896	-0.081300	-0.006242	-0.053745	0.092561	0.138597	0.011838	-0.000569	0.028925	0.133246	-0.020990	0.137684	-0.022689	0.139208	0.002539	-0.224487	0.175994	-0.276659	0.045353	-0.104244	0.109800	-0.044687	-0.150322	-0.095567	0.002948	0.071940	0.225905	-0.141466	0.033034	-0.222200	-0.003569	0.033492	0.057775	0.032024	-0.013425	-0.018360	-0.116192	0.162547	-0.035116	-0.047134	0.016831	-0.019315	0.087154	-0.253918	-0.047460	0.050633	0.087279	-0.083304	-0.116890	0.042110	-0.058062	-0.009317	0.088135	0.013021	0.040281	-0.079843	0.122346	-0.007130	-0.107262	-0.076721	0.093215	0.014293	-0.001306	0.092961	0.040089	-0.170138
0.023886	0.031000	-0.020612	0.022411	-0.136348	0.121124	-0.042781	0.103053	0.060363	0.036995	-0.120543	-0.069764	0.150210	0.179507	-0.277086	0.028513	0.090428	-0.011151	-0.008104	-0.084770	0.025431	0.029711	0.120675	0.060595	0.047810	-0.061521	0.198091	-0.048264	0.009249	0.142875	0.080255	0.069759	-0.097711	0.078267	-0.133340	-0.194789	-0.139793	-0.039426	0.124749	0.046140	0.034338	-0.021348	-0.007432	0.122718	0.078128	-0.048718	-0.022518	-0.134231	0.037702	-0.140425	0.061281	-0.256713	0.066398	-0.079826	0.204354	-0.002845	-0.184077	0.044792	0.049388	0.059011	0.104855	-0.082472	-0.162429	0.181218	0.044616	0.064551	-0.029476	-0.013115	-0.162477	0.046331	-0.115202	0.126346	-0.121673	-0.075458	0.095052	-0.038987	0.210000	0.024948	0.039760	0.016338	-0.040505	0.099822	-0.060711	-0.007865	-0.094968	-0.103889	0.068321	-0.068349	0.056379	0.117673	-0.040114	-0.131221	-0.098796	-0.043032	0.016644	0.006256	-0.041359	0.104219	-0.096081	0.086461
