-0.070367	-0.146520	0.153943	0.216293	0.094128	-0.073303	0.091911	0.348927	-0.141824	0.002527	0.123531	0.137323	-0.235408	-0.011179	0.240412	0.070686	0.223642	-0.303220	-0.335742	0.189826	0.012327	-0.123690	0.221230	0.102078	0.469643
-0.038731	-0.014502	-0.057893	-0.265025	-0.241681	-0.236606	0.027880	0.046749	-0.087792	0.047450	-0.258923	-0.107515	-0.164667	0.189863	-0.438710	-0.033833	0.137175	0.030724	-0.515221	0.291200	0.213036	0.168372	-0.086247	-0.102318	-0.018932
0.047761	0.042010	0.129047	-0.034760	-0.047139	-0.078333	-0.130951	0.011003	-0.055689	0.053802	-0.279594	0.070522	-0.193809	0.421421	-0.265314	0.041248	0.395438	0.243560	-0.473702	0.193546	0.282056	0.080270	-0.073053	-0.036506	0.076544
0.042294	-0.349799	0.028866	-0.253487	-0.053791	0.003521	-0.342611	0.185286	-0.021215	-0.494209	0.235848	-0.061901	0.049816	0.262941	0.069033	-0.217851	-0.056700	0.038922	-0.295055	0.039224	0.237690	0.239260	-0.118509	-0.008723	0.083438
0.140123	-0.048877	0.147302	-0.184896	0.018428	-0.300853	-0.239499	0.280297	-0.101448	-0.323796	0.149630	-0.274301	0.045482	0.259452	0.035691	-0.077131	0.199881	0.152457	-0.280674	-0.129906	0.291094	0.246653	-0.120328	-0.108038	0.274533
-0.278904	-0.325138	-0.101029	0.020366	0.078668	-0.036206	-0.002352	-0.316578	-0.255412	-0.074534	-0.109356	0.182815	-0.112866	0.184340	-0.246329	-0.052706	0.221908	-0.038273	-0.471958	-0.012398	0.332023	0.037412	-0.081289	0.232774	0.160519
-0.135655	-0.313082	-0.020003	-0.123285	-0.018098	-0.058739	-0.026002	-0.250490	-0.057826	-0.368292	0.199700	-0.115973	-0.014385	0.402486	0.207753	-0.032010	-0.014611	0.034453	-0.187395	-0.167368	0.338381	0.358754	-0.128989	0.028269	0.277317
0.018212	-0.346348	0.037703	-0.265202	-0.216067	0.198675	-0.262903	0.052472	-0.062331	-0.268548	0.005575	-0.197140	0.009764	0.056971	0.225652	-0.224086	0.049864	0.122524	-0.258798	-0.059688	0.150531	0.319827	-0.131011	0.325724	0.307100
0.429324	-0.210078	0.198973	-0.125777	-0.075754	0.119147	-0.287838	0.288479	0.131238	-0.299476	0.084533	-0.030184	-0.148120	0.207550	-0.072757	-0.159020	0.240048	0.020634	-0.346434	-0.027540	0.270200	0.189498	0.117522	0.043240	0.127073
0.189180	0.048624	0.123946	-0.230316	0.069171	0.082388	-0.290233	0.309230	-0.097418	-0.319080	0.137479	-0.090097	0.128224	0.192795	-0.089368	-0.049289	0.099042	-0.042625	-0.570637	0.001484	0.102921	0.280668	0.006165	0.132551	0.235437
0.424104	-0.191858	-0.003682	-0.305087	0.354398	0.062179	-0.018413	-0.071555	-0.087922	-0.204697	0.270367	-0.042974	0.165353	0.234516	0.068216	0.147627	0.054740	-0.334542	-0.261269	-0.064861	-0.000128	0.306941	-0.165711	0.095035	0.062135
-0.032313	-0.153606	0.176771	0.260927	0.288127	0.028962	-0.092051	0.346981	-0.244039	0.159322	0.098239	0.123254	-0.303385	0.208676	-0.028175	-0.117192	0.254230	-0.130557	-0.324396	0.330594	0.104888	0.106154	0.248027	-0.078715	0.131230
-0.213425	-0.005385	-0.139919	0.173911	-0.145242	-0.033300	0.189037	0.122079	-0.095618	0.138824	-0.006321	0.045894	-0.346636	0.118587	-0.250592	-0.206107	0.368460	-0.083442	-0.421038	0.352388	0.144860	-0.175746	-0.022382	-0.057738	0.248631
-0.031181	-0.072880	0.051213	-0.007372	0.085830	0.038240	0.066397	0.000731	-0.162666	0.157912	-0.002867	0.060351	-0.192533	0.174845	-0.214973	-0.198215	0.316198	0.181506	-0.623632	0.122008	0.336982	0.002854	-0.219453	-0.203272	0.172738
0.231213	-0.037122	0.266806	0.051759	-0.096458	-0.151604	-0.277915	0.253235	-0.062003	0.089155	-0.229926	0.009973	-0.196156	-0.042840	-0.141972	-0.085346	-0.032057	0.036615	-0.549736	0.372008	0.178533	0.231648	-0.153026	-0.108548	0.037860
0.018644	-0.095820	0.088822	-0.011601	-0.187569	-0.018145	-0.163644	0.040181	-0.032691	-0.344427	-0.132929	-0.119244	-0.027908	0.387159	-0.197712	-0.258444	0.060806	0.176008	-0.439945	-0.006099	0.460404	0.214064	-0.111655	0.005216	0.108839
-0.092282	-0.148752	-0.065823	-0.070317	-0.276129	0.194731	-0.385659	0.352697	0.077117	0.105402	-0.036283	-0.158322	-0.014768	0.214660	-0.278267	0.181822	0.333124	-0.165699	-0.354713	0.106556	0.063768	0.134932	-0.013426	0.254472	-0.098709
0.215463	-0.174275	0.009481	-0.093362	-0.111379	-0.115793	0.083029	0.278905	0.028253	-0.352347	0.079080	0.019424	-0.130506	-0.137456	0.404548	0.052594	-0.089895	-0.151741	-0.535582	-0.093644	-0.340460	-0.026986	0.021753	0.106587	0.121552
-0.208108	-0.365608	0.101124	0.005127	0.136779	0.137173	-0.002983	-0.252508	-0.084513	-0.229407	0.030573	0.131942	-0.192816	0.231184	-0.027702	-0.178115	0.241669	0.415023	-0.309526	-0.207072	0.133843	-0.163005	-0.013386	0.281123	0.131224
0.029453	0.072985	-0.169031	0.128503	-0.092666	-0.029185	-0.098207	0.153700	0.126816	-0.164625	-0.288829	-0.405094	-0.412348	-0.068718	-0.187170	-0.249419	-0.010750	0.220602	-0.392710	0.054007	0.032941	0.228267	-0.089979	0.195906	0.194232
-0.010910	-0.197653	-0.305403	-0.177808	-0.358281	-0.014504	-0.159799	-0.054501	0.133368	-0.062062	-0.275399	-0.032495	0.021847	0.193813	-0.372385	-0.057031	0.176610	-0.033224	-0.545811	0.043636	0.164835	-0.029913	0.135006	-0.054616	0.137693
-0.126207	-0.155188	-0.213334	0.222071	-0.268044	-0.112973	0.105548	-0.054946	-0.012096	0.039763	-0.253324	-0.009541	-0.085523	0.207957	-0.418608	-0.001818	0.167387	-0.167252	-0.355745	0.401339	-0.043239	0.001538	0.106605	-0.164134	0.301343
-0.027933	-0.204267	-0.037956	-0.199078	0.078090	-0.109403	-0.208730	-0.074013	0.089953	-0.195909	-0.436691	-0.211760	0.117050	0.218129	-0.416667	0.106443	0.208564	-0.325879	-0.195689	0.144405	-0.131944	-0.029461	0.086447	-0.080537	0.282831
0.089089	-0.221871	-0.128672	-0.085984	-0.315390	0.178062	-0.167924	-0.235376	0.055538	0.062895	0.319046	-0.087470	-0.195906	-0.046943	0.252969	0.018204	-0.009823	-0.202286	-0.243567	0.260150	-0.425031	-0.165622	0.309036	0.087423	0.058935
0.263232	-0.428340	0.310161	0.250671	-0.142455	0.124348	-0.402593	-0.108642	-0.112107	-0.018868	0.077429	0.193244	0.054501	-0.052377	-0.097865	0.015156	0.107803	-0.311573	-0.195958	0.095488	-0.169559	-0.264799	0.127992	0.187267	0.015456
-0.255196	-0.158743	0.310221	0.125230	0.139979	0.039334	-0.291169	0.182507	-0.232678	0.148717	0.197582	0.116590	-0.240192	0.057321	0.144432	0.031585	0.254625	-0.208877	-0.314147	0.299663	0.158799	-0.030994	0.087556	0.279857	0.194133
0.010454	-0.033419	0.304554	0.041280	0.168855	0.317841	-0.105953	0.147257	-0.111382	-0.171164	0.264526	0.098842	-0.253232	0.237214	0.338656	0.222713	0.245302	-0.173356	-0.326302	0.254437	-0.171353	0.192795	-0.065805	0.046758	0.035397
-0.160471	-0.037319	0.036084	0.045889	-0.176864	-0.126627	0.295536	0.025394	0.035571	-0.516923	-0.290685	0.155492	-0.290935	0.062281	-0.268040	-0.025781	0.323801	0.207309	-0.243339	0.146093	-0.006692	0.197940	0.032197	-0.016568	0.164460
0.065268	-0.370395	0.248177	0.096251	0.227095	-0.109536	0.080990	-0.036285	-0.093730	-0.182410	0.337191	-0.039591	-0.158515	0.252871	-0.149405	-0.049459	-0.033839	0.269902	-0.436172	0.227239	-0.111510	0.258687	0.010749	0.150592	-0.164498
0.099453	-0.030988	-0.066336	0.080592	-0.005362	0.074118	-0.397975	0.015073	0.022749	0.054999	0.022958	-0.233584	-0.010539	0.394943	0.084273	0.011199	0.055415	-0.017253	-0.441042	-0.035348	0.140982	0.515477	-0.227725	0.223754	0.074276
0.041632	-0.312913	0.234562	0.051362	0.267077	-0.228699	-0.088300	0.162619	-0.030659	0.214440	-0.014994	0.134817	-0.021474	0.078037	0.380277	0.071914	-0.065263	-0.482370	-0.342499	0.052714	-0.229976	-0.014494	-0.010975	-0.057662	0.222693
0.273378	-0.107385	-0.318306	-0.078391	0.018604	-0.126380	-0.012758	-0.307637	0.290665	-0.463698	0.130518	0.047171	-0.179898	-0.050459	0.158493	-0.109113	0.133392	0.153781	-0.048715	-0.369703	-0.153039	0.216609	0.106247	0.201335	0.042306
0.182633	-0.100016	-0.177944	-0.119392	0.248045	-0.035198	0.150317	-0.140260	-0.027348	-0.342858	0.011437	0.172105	-0.027636	-0.029269	0.308823	0.196467	0.025756	-0.015798	-0.293609	-0.300954	0.008042	0.508035	-0.158160	0.246687	-0.017981
-0.003454	-0.089784	-0.245115	-0.067477	-0.097370	-0.178748	0.119032	-0.145323	0.028969	0.094851	-0.108803	-0.221663	0.089314	0.005505	-0.434875	-0.179938	0.394179	-0.110860	-0.405574	0.380340	-0.004284	0.170061	0.090956	0.042988	-0.185440
-0.197131	-0.205853	0.124328	0.062009	0.067281	-0.061474	0.510858	-0.229449	0.177942	-0.007137	-0.014077	-0.088824	-0.263843	-0.094963	0.086830	-0.052732	0.078487	-0.157412	-0.202559	-0.019095	-0.198016	-0.119716	0.516550	0.156442	0.177781
0.040622	-0.496241	0.418163	0.100348	0.166928	0.115898	-0.223977	-0.043261	-0.163692	-0.055274	0.276288	0.062342	-0.078395	-0.059979	0.004457	0.274436	0.292500	-0.363607	-0.090103	0.135479	0.083472	-0.002774	-0.161374	0.036555	-0.009371
0.074626	-0.358923	0.092745	0.104923	-0.043731	0.052422	-0.090684	-0.250528	0.076635	0.272990	-0.152024	0.041657	0.110697	0.394854	0.026327	-0.371926	0.127688	0.036529	-0.109126	-0.327109	0.127174	0.041175	0.122895	0.416306	-0.122834
-0.126433	-0.474749	0.050901	0.245164	-0.126467	0.024771	-0.189708	-0.233903	0.370895	0.258439	0.150267	0.215368	-0.052998	0.140695	-0.106309	0.032673	0.141130	-0.090157	-0.148100	-0.076285	0.093417	-0.042895	0.023964	0.448244	-0.111674
0.071072	-0.344798	-0.328812	0.113988	-0.051885	0.263246	-0.147989	0.060416	0.000724	0.144532	0.037203	0.048122	-0.196705	0.262155	-0.011961	-0.188789	0.131759	-0.175489	0.094643	-0.232131	0.093566	0.139482	0.135183	0.520860	-0.246661
-0.073140	-0.126155	-0.284739	-0.237071	-0.187608	-0.238281	-0.203788	-0.081558	-0.116175	0.180609	0.230368	-0.116897	-0.002279	0.283565	0.049997	-0.030832	0.264910	-0.067430	-0.137371	0.339087	-0.008106	0.184799	0.286317	0.410852	0.104968
-0.131181	-0.436725	-0.004545	0.231633	-0.156668	0.000404	-0.060475	-0.031737	-0.004993	0.344150	0.150859	0.298325	-0.166694	0.206528	0.080526	0.070803	0.201506	-0.133199	0.019486	0.221671	-0.105059	-0.036973	0.281846	0.439840	0.062089
0.029078	-0.227674	0.044026	-0.157037	0.129094	0.082135	-0.209526	0.429690	-0.169262	-0.122393	0.237721	-0.194631	-0.100791	0.150988	0.223376	-0.058216	0.069649	-0.229527	-0.270370	-0.251436	-0.094456	0.139486	0.260911	0.338202	0.199554
0.023469	-0.378163	0.256557	-0.189298	-0.150384	-0.046186	-0.144336	0.337962	0.073213	-0.302083	0.108635	-0.116916	-0.104620	-0.088381	0.121956	-0.066690	0.171692	-0.109829	-0.162421	0.328894	-0.200852	-0.362212	0.058233	0.133509	0.256862
-0.092355	-0.150190	0.086227	0.352706	-0.094806	0.093686	0.100521	0.341599	-0.335760	0.182283	-0.108707	0.069216	-0.434767	0.156806	-0.116108	-0.223252	0.229581	-0.036439	-0.191497	0.324795	0.160533	0.093254	0.089468	-0.056988	0.105347
-0.244898	0.029701	0.045624	0.181953	0.136822	0.012597	-0.005343	0.087816	-0.253494	0.180019	-0.190311	0.047729	-0.096940	0.261436	-0.159980	-0.070624	0.139067	-0.046118	-0.569856	0.358884	0.319817	0.091442	-0.020900	-0.086331	0.200776
-0.015411	-0.386768	-0.185389	0.010591	0.055874	-0.131774	0.197719	-0.095080	0.389404	-0.019139	-0.315141	0.026957	-0.138581	0.023729	-0.491853	-0.014420	0.164511	-0.227308	-0.250835	0.004797	0.016337	-0.105016	-0.028787	-0.124740	-0.252543
-0.058216	-0.071826	-0.112042	-0.051562	-0.182595	-0.157717	-0.000192	-0.070458	-0.006363	-0.006367	-0.158614	-0.263263	-0.152960	0.080747	-0.444829	-0.224304	0.139185	0.054211	-0.518214	0.281716	0.208740	0.167144	0.084208	0.096650	-0.286791
0.020071	-0.108627	-0.219501	0.215220	-0.232361	0.086737	-0.160058	-0.031633	-0.050556	0.158423	-0.006767	-0.195073	0.088241	-0.067561	0.087827	-0.353969	0.269084	-0.175678	-0.490841	-0.147453	-0.402189	-0.105558	0.187893	-0.137480	-0.031817
-0.106054	-0.137237	-0.340822	-0.071710	-0.119600	-0.020379	0.006690	-0.171399	-0.131109	0.057771	-0.143277	-0.148135	-0.196760	0.313858	-0.156286	-0.271837	0.223552	0.123142	-0.523502	0.017705	0.248731	0.069516	-0.242041	0.097177	0.178045
0.095259	-0.379968	-0.078604	0.007257	0.115395	-0.047030	0.212386	0.006706	-0.109872	0.083818	-0.185801	-0.075683	0.261716	-0.055880	-0.180722	-0.004912	0.279374	-0.218377	-0.373092	-0.212589	0.273461	-0.032011	0.223101	0.110061	0.410080
0.088347	-0.302201	0.235648	-0.126649	-0.097227	0.147731	0.098522	-0.340686	-0.118667	-0.315840	-0.068438	-0.331846	-0.027588	0.032646	0.227415	-0.054402	0.155001	0.184261	-0.045467	-0.153227	0.050397	0.364992	0.076445	0.402354	-0.009322
0.025073	-0.436958	0.191825	-0.098905	0.179124	0.085684	0.039741	-0.326395	0.201554	-0.322648	-0.160989	-0.034168	0.026390	0.185036	0.149693	-0.116599	-0.033601	0.050560	0.185220	-0.255997	-0.050182	0.216742	0.123770	0.384555	0.235263
-0.064972	-0.417971	0.016292	-0.141728	0.091092	-0.119393	-0.090110	-0.055113	-0.210946	-0.151147	0.066255	-0.288170	-0.148032	0.143245	0.005516	-0.100681	-0.053045	0.145545	-0.249732	-0.175667	0.014199	0.518389	-0.282967	0.218441	-0.213784
0.218463	-0.043946	0.085042	-0.204523	0.117933	0.066659	-0.251953	-0.161960	0.201071	-0.384488	0.237288	-0.064783	0.087424	0.186107	0.338178	0.260249	0.181675	0.043947	-0.068280	-0.021597	-0.298160	0.354693	0.028040	0.243869	-0.071076
0.109747	-0.294857	0.071911	-0.083277	-0.143872	0.139985	-0.053921	-0.379775	0.022446	-0.319606	0.039286	-0.176530	0.100578	0.094512	0.151127	-0.139295	-0.009864	0.120171	-0.125186	-0.207447	0.390956	0.346485	-0.071739	0.283336	0.270668
0.218155	-0.417869	0.168948	-0.040604	-0.024436	0.177156	0.056269	-0.122777	0.284221	-0.339835	-0.010466	-0.118533	-0.011295	0.079467	0.328613	-0.201990	0.068632	-0.020556	0.041501	-0.243169	0.245035	0.096729	0.266624	0.346388	-0.072552
0.366210	-0.229194	0.243004	-0.117293	-0.014910	0.200919	0.125141	-0.256607	0.215309	-0.023896	0.073151	-0.270897	-0.038139	0.252251	0.183285	-0.158023	0.080112	0.024617	-0.057252	-0.232924	-0.108167	0.444096	0.088630	0.158307	0.250490
-0.153750	-0.346901	-0.167186	0.090149	-0.069583	-0.132556	0.337626	0.203404	0.038862	0.148683	-0.060879	0.314431	-0.303081	0.046164	0.420272	0.083499	0.176982	-0.199020	-0.204885	0.144479	0.232689	-0.058202	-0.098551	0.138217	-0.135109
-0.074487	-0.162525	-0.384007	0.051385	0.045331	-0.229926	0.369755	0.022364	0.207827	0.007295	0.030754	0.280560	-0.381740	0.056854	0.413378	0.079183	0.189559	-0.053291	-0.068326	0.086346	0.240219	0.073403	0.240502	0.056463	0.041971
-0.171934	-0.353020	-0.065542	0.005724	0.126920	-0.115860	0.245068	0.048265	-0.055882	0.163381	0.182618	0.380267	-0.164871	0.246749	0.139133	0.192280	0.245545	-0.194214	-0.095851	0.360096	0.069406	0.327387	0.158852	0.111324	-0.104439
-0.000517	0.251210	-0.209196	-0.347921	-0.206984	-0.079723	0.257829	-0.166247	-0.018869	-0.144323	0.228674	0.034191	-0.201124	0.393596	0.264480	0.287857	0.317358	0.058958	-0.045078	0.195775	0.040917	0.234048	-0.021222	0.059215	0.031326
0.171388	-0.127104	-0.228344	-0.215113	-0.160835	-0.162104	0.254346	-0.188345	0.233067	-0.446716	-0.104668	-0.032176	-0.009426	0.013878	0.376493	0.087766	0.113343	0.110981	-0.033058	0.115794	-0.286154	0.336729	0.149183	0.167609	0.053519
0.255693	-0.081005	0.252746	-0.015813	0.224571	0.053024	0.182392	-0.067160	-0.012094	-0.204681	0.115512	-0.185547	-0.119187	0.256379	0.304388	-0.053170	-0.035059	-0.072950	-0.123422	-0.098708	-0.091242	0.489823	-0.230792	0.359626	-0.212856
-0.154916	-0.124671	-0.353577	-0.063572	0.048774	-0.245362	0.092558	-0.209578	0.106314	0.234699	0.130557	0.148544	-0.116397	0.311538	0.312380	-0.149014	0.249802	-0.062513	0.044650	-0.239254	0.024529	0.151047	0.063196	0.431643	-0.202904
0.080534	-0.393225	-0.000502	0.249094	-0.126069	-0.119501	0.384438	-0.287713	0.161944	-0.260542	-0.116416	0.395469	-0.205038	-0.052015	0.193436	0.186342	0.144915	-0.109145	-0.106548	0.057763	-0.165427	-0.091825	0.176852	0.117466	-0.081713
0.105215	-0.044380	-0.072124	0.250403	-0.043689	-0.252293	0.431566	-0.336958	0.027956	-0.006890	-0.047950	0.306525	-0.138704	0.067224	0.324490	-0.021192	0.078324	-0.039310	-0.284338	-0.038890	0.210063	0.148326	0.296955	0.235892	-0.164698
0.109037	-0.200065	-0.025314	0.139986	-0.088601	-0.009673	0.404866	-0.336066	0.020383	-0.144160	0.161283	0.481605	-0.250883	-0.038473	0.186162	0.066173	0.142113	-0.026449	-0.276568	0.007146	0.134191	-0.071471	0.195259	0.270539	0.169020
0.106425	-0.441412	0.028915	0.047723	0.069277	-0.050177	0.420815	-0.198175	0.120967	-0.002933	-0.098618	0.388809	0.068371	0.148508	0.052012	0.167737	0.103176	-0.175925	-0.239650	-0.108261	0.098105	-0.043103	0.363067	0.159516	0.233319
0.019979	-0.212937	0.048105	0.212046	-0.106735	-0.050041	0.544123	-0.290028	0.038235	-0.210735	-0.096456	0.236318	-0.120940	-0.148268	0.295705	-0.056750	0.297273	-0.111627	-0.264219	-0.091167	-0.024259	-0.080336	0.131651	0.266643	-0.013332
-0.069119	-0.250044	0.015795	0.328160	0.057118	0.108148	0.258958	-0.028061	0.098641	0.157296	0.153055	0.234536	-0.204333	0.103714	0.508465	0.118324	0.222400	-0.128561	-0.381221	0.025535	-0.107541	0.217407	0.069922	0.047220	0.161509
0.213087	-0.222419	0.002147	0.181162	0.081015	-0.197022	0.083257	-0.150988	0.161070	-0.092421	-0.212049	0.328922	-0.100016	-0.095944	0.328019	0.338484	-0.130537	-0.412791	-0.171793	0.023570	-0.031168	0.147179	0.281090	0.059855	-0.213168
0.259984	-0.128183	0.034674	-0.021970	-0.155806	-0.248563	0.177081	-0.208391	0.202339	0.075181	-0.113113	0.147072	0.036722	-0.173980	0.290696	0.069021	0.423951	-0.251045	0.134131	0.140300	-0.268947	0.271069	0.306264	-0.144451	-0.103140
-0.084208	-0.082135	0.128856	0.056461	-0.106343	0.099573	-0.104126	0.089241	0.323913	-0.061332	0.218280	0.326974	-0.212841	-0.162312	0.369048	0.090555	0.149035	-0.218936	-0.138518	0.405400	-0.213136	0.054514	0.359436	0.121779	0.030904
-0.090546	-0.111679	0.033567	0.141886	-0.075533	-0.015807	-0.134647	0.299428	-0.245405	0.204564	-0.005501	0.225875	-0.434103	-0.017746	-0.032948	-0.159601	0.306395	0.034861	-0.417817	0.312771	0.257641	-0.008605	0.072115	0.108758	0.157855
0.404803	-0.256319	0.105522	0.034457	0.095804	0.010067	0.077270	0.204643	-0.188919	0.072730	0.015582	0.418101	-0.183258	-0.018942	0.056863	-0.134147	0.167204	-0.090893	-0.156856	0.381514	0.187935	-0.181742	0.371402	0.122116	0.046946
-0.227206	-0.157114	0.127536	0.349909	0.074954	0.018995	0.068404	-0.071265	-0.055995	0.080703	-0.096090	0.263644	-0.399669	0.023493	0.214745	0.077829	0.217540	-0.263679	-0.424493	0.294046	-0.078527	0.084594	-0.238685	0.090937	0.079590
-0.237987	-0.203419	0.054885	0.169734	0.088950	-0.045944	0.172860	0.036846	-0.084263	-0.035068	0.130434	0.287766	-0.308241	-0.008311	0.436623	0.300826	0.318543	-0.051259	-0.257842	0.294510	-0.073025	0.116970	0.194795	0.167064	0.048416
0.022239	-0.269276	0.203331	-0.162760	0.060300	0.086972	-0.222089	0.042465	0.112184	0.083968	0.212109	0.100524	-0.104757	0.291675	0.275835	0.175647	0.424671	0.005541	-0.097285	0.067812	0.444078	0.190983	0.012185	-0.014955	0.301043
-0.080430	-0.302524	0.143712	0.035696	0.025311	0.160907	-0.244355	0.276150	0.014462	-0.138203	0.356923	0.213090	-0.139606	-0.005249	0.409451	-0.014168	0.297934	-0.325928	-0.252369	0.214649	-0.111341	0.017565	0.027481	-0.023431	-0.139054
0.071089	-0.216647	0.180683	-0.116430	0.095854	0.108611	0.158145	-0.086064	-0.010323	-0.350247	-0.176242	0.070556	-0.301398	0.221274	-0.165920	-0.168828	0.093279	0.090444	-0.094152	-0.349932	-0.191770	0.334326	0.122508	0.248952	0.346440
0.057898	-0.155238	0.137591	-0.035995	-0.094134	0.125374	-0.119649	0.266503	-0.152436	-0.345180	0.007591	-0.149465	-0.038397	0.035188	0.327434	-0.202178	0.200173	-0.001132	-0.216087	-0.245461	0.240888	0.523202	0.019437	0.217274	0.021192
0.043078	0.057895	0.097250	0.000643	0.097403	-0.265347	-0.056887	-0.245439	0.168978	-0.182347	-0.043426	0.079369	-0.116629	0.304669	0.023655	-0.272904	0.197770	0.068463	-0.396278	-0.233981	0.244024	0.325665	-0.389081	-0.040650	0.127617
0.093224	-0.545299	-0.163624	0.123409	-0.166270	-0.223922	0.189393	-0.190940	0.036341	-0.238570	0.025493	-0.097153	-0.028706	0.189885	0.090206	-0.179466	-0.177350	-0.028435	-0.256573	-0.177599	-0.178399	-0.078339	-0.023246	0.282383	0.329262
0.052995	-0.212089	-0.068281	-0.055951	0.112711	-0.091838	0.197653	-0.162802	-0.076111	-0.229169	0.051936	0.078731	-0.170140	0.033381	-0.141515	-0.147457	-0.025856	0.181660	-0.320970	-0.398492	0.074500	0.262073	-0.108977	0.264241	0.516963
-0.123022	-0.155963	-0.167659	0.035567	-0.365833	0.062575	-0.123435	-0.203190	0.284840	0.259842	-0.122059	0.087437	-0.194260	0.436818	0.039842	-0.387121	-0.040133	0.053331	-0.043992	0.006414	0.132750	-0.040653	0.164076	0.363831	0.026489
-0.189718	-0.488422	-0.345082	0.170469	-0.063444	-0.151873	-0.316998	-0.107843	-0.087560	0.242814	0.128273	0.011789	-0.066653	0.170258	-0.123169	-0.011396	-0.112021	0.115651	-0.103427	0.127644	0.179923	-0.025758	0.364124	0.229985	0.186344
0.361354	-0.265022	-0.197103	0.117608	-0.159785	-0.153082	0.231456	-0.157520	0.195801	0.158014	-0.044881	0.170818	-0.139629	0.430850	-0.021211	-0.313250	0.119408	-0.050065	-0.185281	-0.195056	0.108717	0.197187	-0.106389	0.259465	-0.049693
0.197941	-0.243376	-0.500997	0.069360	-0.298040	-0.154274	-0.135205	-0.077640	0.188597	0.210778	-0.175016	0.196795	-0.223164	0.330994	0.100078	-0.159137	0.092203	-0.060489	-0.019850	-0.191773	0.102566	0.080180	0.028850	0.233338	-0.207916
-0.019297	-0.363634	-0.266109	-0.045842	-0.083966	-0.099506	0.002501	0.072264	0.145137	-0.062912	-0.114678	-0.325840	-0.097695	0.027256	-0.100386	0.191005	0.135188	-0.398989	-0.094781	0.419050	-0.302497	-0.103270	-0.018593	0.138306	0.295654
-0.195389	-0.298942	0.256132	-0.133723	-0.068057	-0.135646	-0.003631	-0.005992	0.210287	-0.184351	-0.122504	-0.142431	-0.094525	0.151125	-0.185639	0.027871	0.394533	-0.213833	-0.057497	0.450726	-0.264163	-0.287970	0.097667	0.121695	-0.021912
0.383607	-0.073138	0.356505	-0.258740	0.054818	-0.178576	-0.174931	0.120419	0.095263	-0.200735	0.176836	-0.047063	-0.256185	0.125073	0.198649	-0.111282	0.077396	-0.361211	-0.165191	0.097913	0.120016	-0.287177	0.117389	-0.134437	0.235409
-0.299547	0.152340	-0.408359	0.198337	-0.048634	-0.077431	0.361434	-0.119386	0.009645	-0.008287	-0.114924	-0.029371	-0.130471	0.043891	-0.098454	-0.296465	0.168860	-0.115099	-0.520699	-0.089199	-0.096695	0.130921	0.179128	0.132110	0.008939
0.050714	-0.186405	-0.418238	0.011397	0.192215	-0.103025	-0.056179	0.146347	0.019922	0.136883	-0.056799	0.124125	-0.125209	-0.120976	-0.343726	0.196825	0.205523	-0.240580	-0.524761	0.219675	0.081099	-0.163951	0.068378	0.037259	-0.165094
0.305059	-0.216990	0.122460	-0.212133	0.133049	0.004163	-0.089793	-0.036460	-0.037617	0.260206	0.090042	0.062322	-0.504704	-0.017948	0.011127	-0.084917	0.041458	-0.305364	-0.256119	0.109546	0.025309	0.109652	-0.156954	0.091343	0.459395
0.278424	-0.377701	-0.296492	0.066824	-0.260975	0.124318	0.195121	-0.210220	0.197165	-0.221736	-0.156769	0.114808	-0.004491	-0.223721	0.052463	0.203492	0.239831	-0.203109	-0.025601	0.149845	-0.295295	0.247595	-0.030659	0.156564	-0.075860
0.069518	-0.296008	0.063863	0.099792	-0.212878	0.098975	0.351701	-0.071959	-0.121268	0.046272	0.081843	0.107550	-0.065513	-0.254125	-0.035165	0.318932	0.194534	-0.296079	-0.275411	0.410008	-0.282712	0.126770	0.013722	0.116882	0.152566
0.098190	-0.229327	0.048821	-0.038843	-0.169727	-0.163410	-0.428779	0.208307	0.335808	-0.239507	0.034824	0.037639	-0.182381	0.105000	0.117564	0.012068	0.382891	-0.247300	-0.352031	-0.078355	-0.242470	-0.002185	-0.030632	0.101802	0.110366
-0.145902	-0.128247	-0.129855	0.090783	-0.206807	-0.079860	0.203321	-0.064433	-0.010171	-0.284537	0.069185	0.208012	0.037936	-0.076388	0.192790	-0.001110	0.261119	-0.107138	-0.166308	0.618832	-0.004523	0.088952	0.321865	0.228028	0.123129
0.016411	-0.369442	0.008072	0.130561	0.161811	-0.017654	0.112839	-0.100192	0.181593	-0.326497	0.033568	-0.004047	-0.006236	0.088114	0.216409	0.066631	0.192757	-0.200523	-0.441277	0.161520	0.058936	0.273884	0.077437	0.292032	0.359343
-0.058168	-0.062491	-0.285176	0.124478	-0.136433	-0.250007	-0.079825	-0.288343	-0.010620	-0.231856	0.188878	-0.094397	-0.023454	-0.166492	0.377482	0.244142	0.194553	-0.331166	-0.231380	0.058679	0.273657	0.224804	0.152592	0.172096	-0.116658
0.040725	-0.463699	0.052196	-0.018136	-0.081733	0.015977	-0.007818	-0.089592	-0.110701	-0.122625	-0.025483	0.244588	0.146081	0.506049	0.100389	0.126396	0.050805	0.282110	0.014861	0.367738	0.080149	0.053511	-0.225169	0.067100	0.303141
-0.047090	-0.119326	0.050927	-0.438034	-0.133020	0.120698	-0.093541	-0.123434	-0.210291	0.025985	0.217335	-0.233400	0.053616	0.039313	0.180159	0.150974	0.160711	-0.137191	-0.273360	0.406153	-0.050899	0.396175	-0.123829	0.167713	0.198010
0.153209	-0.178965	0.035220	0.043322	0.079654	0.212462	0.219778	-0.373215	0.046010	-0.419087	-0.065962	-0.063178	0.011006	0.172302	0.255589	0.048731	0.051271	0.076418	-0.077244	-0.129841	-0.107159	0.539681	0.092733	0.270380	0.054449
0.265827	-0.304003	-0.228430	0.062961	0.107312	-0.061943	-0.436986	0.467683	0.212231	-0.135261	0.016026	-0.020695	-0.189389	0.041219	0.243993	0.001777	0.064960	-0.122619	-0.317464	-0.051641	0.015112	0.141254	-0.154308	0.166511	-0.013692
-0.011089	-0.469460	0.086448	-0.015215	0.039960	0.122548	-0.279022	-0.221771	0.188295	-0.195960	0.234781	0.150754	-0.193050	0.277145	-0.309689	0.030639	-0.047577	0.046642	-0.020007	0.145400	-0.002579	0.147742	0.444931	0.140061	0.010332
0.086267	-0.274060	0.273890	-0.368320	-0.145689	0.050783	0.214136	0.104855	-0.050948	0.106977	-0.059951	-0.088415	0.195711	0.337320	0.053073	0.121708	-0.093087	-0.306252	-0.368463	0.338629	0.046552	0.062393	0.050975	0.262719	0.019593
-0.040223	-0.414813	-0.115112	0.067196	-0.213448	-0.024222	-0.190169	0.064517	0.070287	-0.116996	-0.117535	0.004040	-0.294363	0.152219	0.139328	-0.015687	0.187385	-0.122454	-0.353188	0.331934	-0.114103	0.039690	0.083610	0.465714	0.191392
0.159266	-0.340047	0.132390	0.051528	-0.350709	-0.168929	0.069894	-0.041835	-0.125748	-0.121303	-0.202618	-0.216297	0.004167	-0.061536	-0.372240	-0.316917	0.362527	-0.100169	-0.233784	0.107096	-0.199001	-0.078290	-0.052339	0.234851	0.090957
-0.054796	-0.038832	-0.384824	-0.070031	-0.177875	0.079894	0.019364	-0.194656	0.024138	0.048427	-0.323842	0.126252	-0.088180	0.226963	-0.404628	-0.059108	0.368915	-0.103386	-0.260146	-0.026098	0.089481	0.184594	0.197226	0.320171	-0.131638
0.127917	-0.309640	-0.436728	0.162762	-0.233946	-0.157834	-0.000999	-0.310516	-0.039325	-0.032529	-0.173990	-0.053582	-0.240068	0.085623	-0.054839	-0.316133	0.044004	0.015136	-0.294211	0.089531	0.044426	0.175713	0.127590	0.380161	0.020552
-0.098723	-0.167597	-0.044362	-0.309430	-0.152760	0.039142	-0.151444	-0.055424	0.000354	-0.049726	-0.256505	-0.305900	-0.299957	0.320273	-0.249201	-0.114629	0.289010	-0.213071	-0.247601	0.366878	0.050840	0.077136	0.032587	0.172051	-0.141114
-0.173191	-0.329121	0.200792	-0.356068	-0.070061	-0.060207	-0.139217	-0.305757	0.195294	0.093605	0.029169	-0.137180	-0.168681	0.289730	-0.053972	0.012634	0.259667	-0.193344	-0.377576	0.200245	-0.026670	-0.005483	-0.173994	0.186871	-0.194250
-0.006038	0.108856	-0.321988	-0.009755	-0.275069	0.110955	0.491467	-0.000842	-0.022463	-0.174669	-0.112060	-0.251109	0.104675	0.090076	0.137799	-0.052253	0.138333	-0.371476	-0.180199	0.105874	-0.233226	0.203356	0.217706	0.243436	-0.064765
-0.014887	-0.345766	-0.094528	0.015726	0.012223	0.106926	-0.103364	0.232804	0.024152	0.111158	0.088964	-0.284565	-0.319780	-0.036939	-0.063974	-0.024312	-0.112700	-0.349508	-0.284869	0.259327	-0.301759	0.026486	-0.128967	0.270957	0.345500
0.023202	-0.399645	-0.153172	-0.100507	-0.164721	-0.137461	0.322421	-0.318425	0.137528	-0.089621	-0.072964	-0.181676	-0.105669	0.282763	-0.029068	-0.101280	0.065544	-0.262941	0.018320	0.309025	-0.160193	-0.143531	0.256671	0.321980	-0.047171
-0.005872	-0.079453	-0.381852	-0.107563	-0.120631	-0.290758	0.190238	-0.067221	-0.073049	0.084611	-0.153000	-0.355244	0.061699	0.177052	-0.242211	0.124180	0.133133	-0.223391	-0.437927	0.063835	0.053455	0.185571	0.021154	0.099763	-0.337565
0.012935	-0.031371	-0.251991	-0.112474	-0.145213	-0.202333	-0.002831	-0.260879	0.166419	0.128408	-0.178416	-0.241504	-0.018914	0.222036	-0.196325	0.107285	0.135763	-0.057328	-0.480155	0.243604	0.105541	0.185857	0.046556	0.061017	-0.442010
0.022628	-0.019434	-0.167616	0.058193	-0.079710	-0.191310	0.091365	-0.145203	0.014154	0.022071	-0.264631	-0.123339	-0.055469	0.279190	-0.346725	-0.032982	0.269633	-0.166023	-0.474224	0.213214	0.016266	0.182874	0.119982	-0.022255	-0.433327
0.122274	-0.178763	-0.243694	-0.063875	0.031421	-0.121308	-0.067626	-0.392669	0.095257	0.217983	-0.232167	-0.049832	-0.131395	0.344399	-0.252607	-0.012776	0.169742	-0.100868	-0.401262	0.099108	-0.056939	0.125922	-0.038583	-0.056504	-0.410776
0.099898	-0.037694	-0.125197	-0.018750	-0.013868	0.031984	-0.096924	0.073189	0.182098	0.336659	-0.083540	0.056421	0.185795	0.176492	-0.249634	0.225683	0.114447	-0.331027	-0.483977	0.061719	-0.130615	0.305081	-0.011396	0.183072	-0.341362
0.301017	0.043650	0.356851	0.045261	0.134009	0.113328	0.184266	-0.323690	0.094822	-0.068269	-0.002343	0.059444	-0.011359	0.013374	0.318107	-0.222148	0.136006	0.055135	-0.333589	-0.061804	-0.361202	0.361992	-0.125534	0.089329	-0.136526
-0.017324	-0.290475	-0.201976	0.234776	-0.003885	0.129065	0.004295	-0.175216	0.116749	0.194591	-0.008318	0.206157	0.000049	0.264947	-0.085553	0.278561	0.186978	-0.022452	-0.304733	-0.237675	-0.339047	0.061565	0.150467	0.103720	-0.431140
0.201827	0.038974	-0.129319	0.187880	-0.255920	-0.339127	-0.023039	-0.293999	0.132943	0.198122	-0.000772	-0.167365	-0.283932	-0.083489	0.165338	-0.154646	0.233321	-0.270323	-0.164431	0.069809	-0.379909	-0.178928	0.247440	-0.113419	0.067961
-0.180638	0.115196	-0.283167	0.073263	-0.113645	-0.152211	0.387535	-0.250203	0.148895	0.008914	-0.031422	-0.163890	-0.166896	0.048162	0.166768	-0.138332	0.032387	-0.197157	-0.201285	0.124727	-0.160105	0.273023	0.536860	0.000785	0.089869
0.124266	0.238082	-0.137202	-0.134841	-0.144826	-0.408285	0.104346	0.049085	0.243325	-0.403580	-0.160895	-0.041410	-0.018200	-0.041354	0.029681	0.094160	0.078452	-0.017139	-0.476103	0.255345	-0.203311	-0.084968	0.139857	0.246368	-0.035906
0.199593	-0.471921	-0.279142	0.045097	-0.276837	-0.141227	0.104029	-0.302497	-0.044828	-0.097125	0.088456	0.080839	-0.029031	0.096529	-0.130891	-0.037323	0.216168	0.058311	-0.246007	-0.333672	-0.079318	-0.060112	0.229020	0.339747	-0.065822
-0.087338	-0.293195	0.210762	0.423248	-0.093720	-0.057768	0.219918	0.153787	-0.139644	0.350863	0.018680	0.124748	0.012370	0.259694	0.316188	0.218302	0.135495	-0.030046	-0.296780	-0.167122	0.266687	0.091579	-0.006203	-0.033353	0.095102
-0.067446	-0.469307	0.245877	0.182969	-0.052671	-0.051514	0.179682	-0.194145	-0.201129	0.149613	0.177339	0.280387	-0.133306	0.032838	0.186327	0.147116	0.065078	-0.182951	-0.293978	0.086217	0.357633	-0.294409	0.078372	0.026640	0.068976
-0.119714	-0.363356	0.076615	0.075951	-0.121417	0.038351	-0.084975	0.190059	-0.304859	-0.131631	0.373414	0.010553	0.003846	0.309268	0.254328	0.235764	0.099151	-0.152477	-0.210857	-0.079242	0.059888	0.321050	-0.339229	0.007805	-0.105286
-0.177715	-0.215925	-0.005157	-0.419395	-0.066546	-0.067723	0.003318	-0.280067	-0.109666	-0.191666	-0.019419	-0.359191	0.031347	0.208178	0.024919	-0.096496	0.113300	0.090307	-0.010114	-0.003006	0.371052	0.475982	0.002784	0.151704	0.132807
-0.033190	-0.265877	0.348500	-0.200256	0.007726	0.142786	0.196690	-0.165979	0.030493	-0.377202	0.062503	-0.053932	0.126826	0.370923	-0.055192	0.051196	0.170532	0.045721	-0.097875	-0.229218	0.051949	0.406243	-0.063173	0.048443	0.321319
0.057605	-0.312340	0.020268	-0.127024	-0.071419	0.009322	-0.030542	0.023522	-0.070375	-0.082456	0.154845	-0.330983	-0.345792	0.310334	-0.054709	-0.098622	0.094404	0.103766	-0.205336	0.098059	0.373145	0.313514	-0.383799	0.103222	0.187314
-0.067288	-0.300464	0.309192	-0.026148	-0.070600	0.135535	0.061105	0.137467	-0.358399	-0.432002	-0.090365	-0.131506	0.115649	0.101461	0.061355	-0.192998	0.208112	-0.140190	-0.159131	0.108316	-0.226058	0.271800	-0.068097	0.357380	-0.018825
0.030000	-0.096498	-0.163652	0.009732	-0.253402	-0.436710	0.134230	0.059137	-0.045953	0.035808	-0.251810	-0.139229	-0.221054	0.350293	0.093658	-0.286629	0.071714	0.181223	-0.245392	-0.297106	0.273672	0.225299	-0.062619	0.118387	-0.087846
0.075933	0.023586	-0.159570	-0.093369	-0.153732	-0.314189	0.139724	0.155261	-0.092592	-0.030541	-0.267624	0.159971	-0.300575	0.217191	-0.231779	-0.214947	0.236951	0.280565	-0.393662	0.015720	0.316887	0.041288	0.070188	0.037543	-0.225438
0.068645	-0.054726	-0.037053	0.003513	-0.235547	-0.131613	-0.098399	-0.200029	0.070699	0.162238	0.124461	0.132243	-0.378210	0.188610	-0.008522	0.214692	0.433017	-0.045031	-0.112522	0.362405	0.048051	-0.358220	0.209690	-0.065843	0.258578
0.124049	-0.187868	0.052425	-0.098331	-0.327809	-0.329097	0.055974	0.004612	-0.062867	-0.139789	-0.283039	-0.116420	-0.205425	0.238125	-0.242180	-0.230465	0.364063	0.242852	-0.298223	-0.031750	0.227654	-0.080609	0.170891	-0.089729	-0.114511
0.059793	-0.431506	0.189719	-0.154741	0.313962	0.121946	-0.101166	0.047426	0.063321	-0.024427	0.210331	-0.082822	-0.078912	0.316128	0.033431	0.213080	0.263464	-0.323406	-0.300550	-0.131260	0.250528	-0.063121	-0.215203	0.135848	0.053790
-0.190411	-0.369356	-0.175483	-0.269221	-0.120949	0.082203	-0.117138	0.086840	0.163382	0.256680	0.007005	-0.047690	0.029079	0.424177	-0.322520	-0.068213	0.350159	0.007960	-0.256747	-0.182359	0.154060	-0.191729	0.034815	0.112151	-0.030291
0.094028	-0.217976	0.211371	-0.308645	-0.254808	-0.223629	-0.376878	-0.158466	0.300995	-0.075161	-0.095413	-0.117309	-0.181642	-0.102420	0.022091	-0.052931	0.206520	-0.300507	-0.370321	-0.014043	-0.037576	-0.166606	-0.209689	0.035804	0.104997
-0.365689	-0.180988	0.264265	0.337699	-0.179204	0.107377	0.032253	-0.084230	0.083697	0.097863	-0.063476	0.167592	-0.216386	0.021056	0.177602	0.301904	0.232371	-0.233631	-0.156111	0.247278	-0.051519	0.250389	-0.070762	0.296700	-0.163469
-0.154463	-0.062449	0.110104	0.052382	-0.106599	0.063036	0.127767	0.062407	-0.073628	-0.065940	-0.087489	0.224825	-0.326574	-0.044395	-0.229692	-0.134981	0.367835	0.055529	-0.459367	0.370247	0.167453	-0.281545	0.206011	-0.121688	0.152336
-0.069096	-0.693441	-0.076322	0.127680	-0.183346	-0.188819	0.230355	-0.083127	0.106508	0.053318	0.131210	0.329883	-0.020224	-0.057268	-0.005448	0.240518	0.093018	-0.180355	-0.006280	0.232504	-0.044052	-0.080308	0.159099	0.065202	0.167245
-0.039396	-0.394021	-0.003482	0.328099	-0.059629	-0.205385	0.454846	-0.072812	-0.005210	-0.072769	-0.110790	0.164413	0.024505	0.218617	0.157385	0.167393	0.233237	-0.132215	-0.228581	0.045468	0.248516	-0.150038	0.153869	-0.198272	0.241534
0.300228	-0.209817	-0.196628	0.341024	-0.078248	0.126451	0.084942	-0.213286	0.067812	-0.264016	0.230030	0.272124	0.123118	-0.033417	0.245320	0.190446	0.006844	0.010618	-0.378843	-0.163801	-0.076488	0.080371	0.089208	0.352196	0.085111
0.350155	-0.482318	0.027314	0.005205	0.017818	-0.135317	0.047949	-0.358059	0.352551	-0.152392	-0.050717	0.054528	-0.263367	-0.007046	0.216405	0.007567	0.173590	0.005964	0.035705	0.193485	-0.188564	0.026462	0.305955	-0.126008	-0.104264
0.032586	-0.307813	-0.067859	0.135962	0.251140	0.083854	0.010636	0.010417	0.087836	0.219186	0.222596	0.087980	-0.113741	0.040418	0.181498	0.178309	0.063951	-0.175870	-0.209980	0.233210	-0.451984	0.484973	0.108901	0.063367	0.171931
0.192448	-0.113941	-0.067451	0.348067	0.194914	0.016018	0.308589	-0.010292	0.095547	0.089678	-0.037598	0.354051	-0.150709	0.185392	0.326144	0.116481	0.071481	-0.237037	-0.236148	-0.048722	0.107336	0.470336	0.121017	-0.046220	-0.028065
-0.065657	-0.318473	-0.121365	0.417884	0.194304	-0.113820	0.233641	-0.174864	0.045255	-0.173680	0.204220	0.359191	-0.164443	0.094213	0.407091	0.153485	0.124763	0.088280	-0.228223	0.021301	0.060611	0.132412	0.189332	0.072770	-0.051482
0.261960	-0.306106	0.186581	-0.060636	-0.048970	0.035508	-0.213350	0.157583	-0.081427	0.142014	0.184941	0.139193	-0.115559	0.099395	0.156195	0.095772	0.116704	-0.149463	-0.544732	-0.103104	0.021739	0.174273	0.194483	0.321541	0.269484
-0.043555	-0.305746	-0.288070	-0.125549	-0.210283	-0.109962	0.070935	-0.224184	0.145477	0.313498	-0.335102	0.214159	-0.016092	0.248161	-0.061901	0.129380	0.107720	-0.080227	-0.304180	-0.064279	-0.126299	-0.000565	0.152636	-0.046334	-0.422097
0.341129	-0.038049	-0.192539	0.277397	-0.122073	-0.188585	0.374344	-0.027942	0.257170	0.096491	-0.147022	0.097230	-0.146817	0.122159	-0.197635	0.112349	0.377078	-0.085104	-0.259252	0.221200	-0.135546	0.087591	0.148986	0.038763	-0.258439
0.131950	-0.182116	0.017979	0.099687	0.003293	-0.140072	0.232938	-0.176776	0.037725	0.279102	-0.278109	0.266673	-0.165427	0.260046	-0.191667	0.184274	0.165994	-0.229294	-0.329776	0.171137	0.010939	0.156027	0.232921	-0.141491	-0.351642
0.179696	-0.211000	-0.400068	0.211296	-0.053074	-0.275666	0.284343	-0.307069	0.284948	-0.176213	-0.071236	0.255860	-0.040346	-0.073990	0.110397	-0.005796	0.115831	0.080632	-0.207305	-0.230801	-0.138762	0.117775	0.316870	0.068929	0.089339
0.082544	-0.249228	-0.003636	0.129247	-0.279578	0.006435	-0.076155	-0.426065	0.390277	-0.196251	0.065290	0.262197	-0.181935	0.164463	0.156049	-0.040614	0.214097	0.005831	-0.200632	-0.266708	-0.052418	-0.252078	0.196366	0.120193	-0.149241
-0.135590	-0.363795	0.189745	0.078621	-0.130522	0.207343	0.011770	-0.240481	0.205996	-0.174279	0.194210	0.301950	-0.271215	0.111029	0.352401	-0.231320	0.041993	-0.025491	-0.257584	0.149748	-0.029343	-0.077531	0.291674	0.085653	0.182587
0.125414	0.024175	-0.272410	-0.015164	0.089533	-0.047745	0.068982	0.002167	0.183099	-0.089693	-0.058528	-0.260498	-0.005300	-0.072855	-0.415560	0.184363	0.363762	0.034529	-0.489872	0.298598	-0.103420	0.263091	-0.032698	0.084992	-0.135886
0.344055	-0.045454	-0.367244	0.107876	0.105816	-0.203744	0.199826	-0.298829	0.033776	0.039267	-0.258211	0.131839	-0.143592	0.111538	-0.227934	0.031774	0.010815	-0.025211	-0.326151	0.030634	-0.346774	0.148359	0.321532	0.089437	-0.129025
-0.117001	-0.115880	0.202877	-0.064847	-0.201334	0.034663	0.005977	-0.344707	0.252729	-0.099944	-0.129674	-0.111696	-0.221677	0.218120	0.012890	0.014522	0.422460	-0.215128	-0.063353	0.422675	-0.216996	0.129526	0.243855	-0.002405	-0.189528
0.360402	-0.205581	0.028298	0.005792	-0.176305	-0.012471	0.237998	-0.240017	0.206359	-0.401430	-0.131739	0.198020	-0.008481	-0.115315	0.147797	0.057389	0.150353	-0.007940	-0.202354	0.169736	-0.170895	-0.150271	0.299145	0.179381	0.341818
-0.096765	-0.344033	-0.400629	0.176843	-0.284767	-0.068796	-0.280832	-0.263415	0.105289	0.161045	0.134368	0.180133	-0.067291	0.149066	-0.061253	0.067156	0.016620	0.057983	-0.307609	-0.038785	-0.038580	-0.231084	0.059446	0.388794	0.120578
0.176571	-0.003158	-0.141660	-0.119384	-0.241154	-0.333399	-0.349182	-0.162496	0.118154	0.202594	0.108468	0.260726	-0.051757	0.014496	-0.281631	-0.180389	0.423671	-0.125718	-0.216054	-0.211902	-0.118174	0.004739	0.211379	-0.047727	0.139735
0.187702	-0.195908	0.004362	0.256487	-0.082836	0.036631	0.340446	-0.091874	0.099938	0.119102	-0.138297	0.303943	0.079871	0.024592	0.021359	-0.216823	-0.113604	-0.253258	-0.311730	-0.113123	-0.247513	0.151490	-0.056039	0.276339	0.432631
0.064042	-0.279202	-0.129452	0.331660	-0.317623	-0.057839	0.263786	-0.219991	0.201302	-0.258090	-0.094921	0.321898	0.044758	-0.268648	0.031989	0.085725	-0.111830	0.029661	-0.321706	-0.095846	-0.236155	0.129515	-0.070492	0.145163	0.204990
0.070818	0.329938	0.058401	0.173106	-0.047805	-0.144265	-0.249737	-0.345744	0.371969	0.143383	-0.072884	0.121726	-0.142581	0.411389	0.010965	-0.022812	0.266362	0.025886	-0.177750	-0.168512	0.059802	0.112869	-0.014423	0.358755	0.040565
-0.045720	-0.178152	-0.108123	0.234116	-0.150315	-0.286263	-0.017177	-0.101793	0.398591	0.303440	-0.147790	-0.064567	-0.162382	0.445310	0.055746	-0.193134	0.026490	-0.120945	0.033445	-0.065216	0.078287	-0.203438	0.138861	0.392477	-0.029925
0.098655	0.008951	-0.196122	0.385363	-0.195887	0.130258	-0.175715	-0.202657	0.226464	0.135351	-0.140806	0.200293	-0.189231	0.405183	0.206634	-0.076584	0.051409	-0.059950	-0.176585	-0.269668	-0.051814	0.108197	0.033655	0.405410	0.088431
0.170681	-0.265505	-0.165340	0.357799	-0.065632	-0.231501	0.115565	-0.247021	0.420508	0.123363	-0.101757	0.115313	-0.130072	0.435576	0.023789	0.027836	0.113603	-0.024060	-0.078548	-0.242530	0.121923	-0.103400	0.192708	0.211033	0.057936
0.319216	-0.166354	0.339366	0.128678	0.138449	0.168249	-0.158997	-0.060362	0.087660	-0.029788	0.276350	-0.054338	-0.048438	0.573823	0.094054	-0.030104	0.121927	-0.078126	-0.294367	-0.143294	-0.044444	0.269047	-0.153544	0.073635	-0.039006
0.370079	-0.181100	0.275758	-0.030775	0.048692	0.091729	-0.252135	-0.001224	0.076726	-0.282525	0.171817	-0.094174	0.098321	-0.059936	0.117973	-0.058017	-0.004190	-0.267239	-0.544172	-0.027170	-0.203885	0.145738	-0.037290	0.198699	0.228648
0.022723	0.033536	-0.190664	0.223253	0.000336	-0.102111	-0.261677	0.027704	0.207297	0.340912	0.006189	-0.088738	-0.252214	0.427513	0.325680	-0.024323	0.058602	-0.288429	-0.090028	0.127249	0.024788	0.035273	0.337136	0.291258	-0.032827
0.054249	-0.272647	-0.044553	-0.113204	-0.332101	-0.130118	-0.343911	0.018522	0.161765	0.262490	0.106936	-0.217799	0.011774	0.050240	0.301163	0.131569	-0.017632	-0.310975	-0.339272	0.173405	-0.204839	-0.059882	-0.015581	0.281214	-0.174378
-0.058510	-0.162799	0.163476	0.062083	0.138251	0.214391	-0.018160	-0.310983	0.181033	-0.453423	-0.038590	-0.052000	-0.183313	0.422658	0.463438	0.053901	0.176929	0.042942	0.017487	-0.064324	-0.228684	0.093363	-0.077267	0.000284	0.017918
0.189105	0.079887	0.155503	-0.093058	0.090020	0.127713	-0.066006	-0.074760	0.113996	-0.304522	0.120701	-0.385893	-0.240491	0.238659	0.309743	0.031866	0.022274	0.032806	-0.320811	-0.078563	-0.153599	0.452975	-0.125239	0.233446	-0.008394
0.102598	-0.156535	0.309510	0.205740	0.165891	0.048965	0.075595	-0.107151	-0.124377	-0.475317	-0.019173	-0.172787	-0.192244	0.260845	0.229121	-0.321536	0.140232	-0.058865	-0.310433	-0.013768	0.305555	0.072009	0.159259	-0.038617	-0.046273
0.113411	-0.319303	0.269582	-0.117464	0.129630	-0.001519	-0.005406	0.018847	-0.103224	-0.458713	0.096047	-0.123050	-0.189253	0.172699	0.404469	-0.151906	0.052531	-0.014668	-0.299080	-0.081084	0.404812	0.050182	0.052028	0.056234	0.111849
0.226596	-0.019530	0.150549	0.205153	-0.022598	-0.039827	-0.029009	0.023835	0.114838	-0.395147	-0.036755	-0.011945	-0.303265	0.434527	0.055832	-0.263807	0.129307	0.270953	-0.229169	-0.100053	0.259050	0.315121	-0.147921	-0.055145	-0.108178
0.158797	0.124645	-0.034475	0.107078	0.096912	0.340978	-0.244818	-0.304405	0.210017	-0.236082	0.108590	-0.166082	-0.057711	0.285389	0.434165	-0.045857	0.076160	-0.105035	-0.254435	0.181628	-0.044886	0.344752	0.099764	0.083350	0.037589
0.063773	-0.275898	-0.123000	-0.043348	-0.133190	0.160230	-0.198703	-0.025082	0.059004	0.368881	0.030013	0.050981	0.056152	0.211956	-0.208020	0.064121	0.361771	-0.238792	-0.416414	-0.034941	-0.214439	0.333691	0.073706	0.233828	0.028286
-0.033740	0.074062	-0.108779	-0.041803	-0.050505	0.027099	0.044024	-0.326514	0.192950	0.310177	-0.278179	-0.069414	-0.041304	0.180788	-0.137820	-0.111812	0.333705	-0.160367	-0.474955	0.114951	-0.046416	0.336977	0.118019	0.031802	-0.282689
0.093990	0.087589	-0.194903	0.289426	-0.053141	-0.112264	0.084169	-0.289722	0.183195	-0.023777	-0.348927	-0.010927	-0.125079	0.304269	-0.250785	-0.148126	0.277648	-0.032278	-0.434140	0.108319	0.067620	0.142904	0.111798	-0.136804	-0.267742
0.027286	-0.055464	-0.336882	0.030536	-0.090055	0.039970	0.000641	-0.266207	0.070063	0.070816	-0.253192	-0.106693	-0.141074	0.108226	-0.313401	-0.037904	0.083164	-0.149169	-0.595409	0.215010	0.202559	0.181702	0.001285	0.016592	-0.283314
0.205374	-0.044394	-0.245018	0.146888	-0.078789	-0.061319	-0.025191	-0.147179	0.120760	0.053906	-0.318904	-0.063797	-0.118426	0.268835	-0.332825	-0.036170	0.086656	-0.124415	-0.586644	0.147646	-0.065374	0.119022	0.197738	-0.070283	-0.262529
0.114231	-0.032110	-0.162647	0.210172	-0.072058	-0.070344	0.077503	-0.275332	0.238016	0.200976	-0.325639	-0.001611	-0.250037	0.356472	-0.212136	-0.007246	0.191672	-0.170803	-0.434922	0.224590	-0.002852	0.077212	0.109036	-0.157986	-0.193079
0.254958	0.099089	0.020388	0.150549	0.112251	-0.174235	0.091974	-0.037798	0.031016	-0.290420	-0.322844	0.164609	0.131565	0.075609	-0.077635	0.284889	0.400919	-0.152858	-0.036588	0.168581	-0.179700	0.323525	0.264650	0.317961	0.021123
-0.259206	-0.195432	0.150584	0.238110	0.018637	0.231046	0.034688	-0.177792	-0.082789	0.087723	-0.133739	0.211377	-0.270555	0.404465	-0.050572	0.021806	0.234002	-0.216014	0.126808	0.163035	-0.202811	0.113193	0.252933	0.158611	-0.352996
0.091436	-0.062519	0.537725	-0.054228	0.121398	-0.147794	-0.484823	-0.233709	0.160579	-0.088735	0.175760	0.093902	-0.063327	0.054425	0.178881	-0.272194	0.232563	-0.223431	-0.203185	-0.012783	0.104780	-0.053017	-0.024829	0.100924	0.113635
-0.054621	-0.083566	0.123255	0.134382	0.040246	-0.023895	0.213754	0.055561	0.057124	0.166989	-0.162818	0.152456	-0.465343	0.026942	-0.140729	-0.162717	0.353775	-0.190848	-0.349798	0.334642	0.003723	-0.233931	0.248493	-0.193699	0.106924
0.111398	-0.092134	0.236512	0.208632	0.361755	0.126850	-0.089670	0.282061	-0.049913	0.003229	0.058186	-0.015969	-0.284537	0.140387	0.074284	0.032329	0.136614	-0.518742	-0.205274	0.158924	-0.213129	0.291380	0.181932	0.077004	0.084841
0.047226	-0.367141	0.284594	0.269730	0.130890	0.096600	-0.150806	-0.296609	0.169654	-0.243357	0.046716	0.083652	-0.060563	-0.030686	0.199008	0.382462	0.090948	-0.403427	-0.090085	0.102252	-0.115395	-0.060890	0.180084	0.211997	-0.019433
0.217783	-0.303636	0.285785	-0.337585	-0.252192	0.001465	0.166662	-0.346822	0.266391	-0.067458	0.026374	-0.110512	0.327394	0.014084	0.008646	0.133735	0.043210	-0.209735	-0.213564	0.035112	0.242946	-0.029939	0.163709	0.205976	0.132147
0.136949	-0.296311	0.245539	0.107001	0.222115	0.005397	0.198407	0.196620	-0.347375	0.019340	-0.082355	0.111766	-0.035580	0.165220	0.288183	0.162026	0.160056	-0.453061	-0.094352	-0.055749	-0.355895	0.054724	0.161240	0.073868	0.110146
0.101420	-0.162364	0.007456	0.079967	0.117439	-0.128732	0.106316	0.379508	-0.113055	0.100297	0.096597	0.513801	0.001965	0.104847	0.322561	0.237435	0.324276	-0.242987	-0.257085	-0.089744	-0.091989	0.140960	0.109684	-0.138892	0.075032
0.029517	0.077013	-0.193188	0.055177	-0.093543	-0.291869	0.256742	0.078515	0.033531	0.268656	0.019291	0.206921	-0.292245	0.048785	0.162103	-0.177976	0.333413	0.024212	-0.263103	0.330221	-0.102560	-0.095848	0.216397	-0.191177	0.362605
-0.210853	-0.148723	0.064625	0.478954	0.135286	0.174421	0.101643	-0.162542	0.003994	0.064996	0.326661	0.387695	-0.134776	0.105683	0.283060	0.063165	0.206537	-0.135430	-0.269306	0.237124	-0.029203	0.116216	0.111039	0.064496	-0.138096
0.192269	-0.375899	0.404680	-0.064511	0.005416	-0.188720	-0.159775	-0.051646	-0.035927	-0.042003	0.063239	0.388833	-0.128222	-0.086014	0.091729	-0.055555	0.186610	-0.406022	-0.187374	0.019402	0.193421	-0.120988	-0.095623	-0.041085	0.313588
-0.228283	-0.343175	0.241501	0.047322	0.170055	0.008515	-0.260808	0.309558	-0.257153	0.003971	0.092494	0.189232	-0.250000	0.195890	-0.030941	0.008610	0.063949	-0.229189	-0.472704	-0.066667	0.047987	-0.229779	0.012383	0.156261	-0.011091
-0.251305	-0.193758	0.269601	0.038315	0.118669	-0.019256	-0.122925	0.205885	-0.261337	-0.097447	0.170546	0.120454	-0.299999	0.042982	0.274160	-0.274035	0.181619	-0.368072	-0.273241	0.144322	0.153322	-0.024969	0.078904	0.089815	0.295514
-0.003422	-0.673879	-0.119002	0.233745	-0.058650	0.223323	0.079202	-0.210253	0.159480	-0.246411	-0.018320	0.286307	0.142446	0.020148	0.044751	-0.048942	0.149593	0.058905	0.061103	-0.065505	0.269880	0.021982	0.162926	0.187623	0.103886
0.192655	-0.196440	0.217251	0.069050	0.147958	-0.057279	0.090737	0.281906	-0.153829	0.117040	0.202990	0.174489	-0.231792	-0.102400	0.279165	0.120061	0.140199	-0.407423	-0.256329	0.275886	-0.153420	0.291419	0.182222	-0.003549	0.157265
0.000463	-0.270198	-0.138688	0.199787	0.205656	-0.289069	0.373726	-0.060173	0.115969	0.020910	-0.033800	0.219223	-0.060417	-0.044014	0.021518	0.038935	0.240396	-0.369084	-0.339256	0.206417	-0.030139	-0.009394	0.410764	-0.077818	0.023394
0.342441	0.112716	0.007166	-0.279226	-0.130953	0.034045	-0.027461	-0.171649	0.061762	-0.230097	0.131512	-0.226585	0.000445	0.037108	0.104046	-0.075227	0.123089	0.088875	-0.335855	-0.113673	-0.305994	0.549014	-0.081949	0.219305	-0.039994
0.215461	-0.360803	-0.224590	0.096694	-0.089695	0.105160	-0.055114	0.034742	0.136828	-0.408188	0.338945	0.029385	-0.030682	0.084868	0.193248	0.211671	0.236765	0.363367	-0.114924	0.200445	0.036640	-0.097912	-0.101419	0.288200	-0.055918
0.273892	-0.414302	-0.273669	-0.281441	0.004693	0.003893	0.245114	-0.272535	-0.023613	-0.093931	0.094081	0.192822	0.180063	0.077542	0.122786	0.070481	-0.189847	-0.062800	-0.363846	-0.129468	-0.135711	0.072294	-0.209143	0.304093	-0.044267
-0.027878	-0.270166	-0.205418	0.032809	-0.129653	-0.120536	-0.111818	-0.310391	0.181296	-0.197012	-0.084250	0.069005	-0.065473	0.044356	0.355908	0.073404	-0.114323	0.439465	-0.286725	0.038810	-0.227100	0.051422	-0.227603	0.276628	-0.220138
0.156266	0.033844	-0.001778	-0.117350	-0.099865	0.232021	-0.058563	-0.072866	0.362044	-0.260433	0.003299	0.266023	-0.200745	0.207335	0.088971	-0.113070	-0.022977	-0.326450	-0.502956	-0.230523	-0.129726	0.110175	0.261186	0.007026	-0.063318
0.351446	-0.301084	0.131375	-0.096155	-0.168206	-0.032690	0.054697	-0.282129	0.167745	-0.446388	-0.145548	0.054011	0.241532	0.136657	0.003307	-0.092166	-0.089709	0.007225	-0.399043	-0.223494	-0.007709	0.208539	-0.159304	0.055892	-0.144999
0.357985	-0.145165	0.035321	-0.096412	-0.102350	-0.059032	0.028060	-0.157809	0.090476	-0.288941	0.212626	-0.228372	0.103203	0.032610	0.145855	-0.178377	0.097138	-0.032048	-0.381781	-0.339297	-0.315070	0.381859	-0.008878	0.140183	0.102856
0.261069	-0.094805	0.025416	0.065381	-0.200889	-0.192616	0.027715	-0.138504	0.206089	-0.130382	0.107444	0.080020	-0.057908	0.313135	-0.001487	-0.110232	-0.034680	-0.075479	-0.496288	-0.390974	0.057368	0.307236	-0.281901	-0.065971	-0.204886
0.244361	-0.286390	-0.106967	-0.135881	-0.189551	0.012848	0.007336	-0.093353	0.006822	-0.429897	0.165047	-0.070523	0.086782	0.122486	0.335117	0.103061	0.127618	-0.013674	-0.193977	-0.243791	-0.168327	0.458258	-0.069712	0.175135	-0.183215
0.281411	-0.102629	-0.093722	-0.030791	0.056674	0.186731	0.029147	-0.118295	0.058440	-0.394321	0.260818	-0.111497	0.051608	0.144899	0.043521	0.217319	0.070815	0.196962	-0.453994	0.184666	-0.125025	0.313525	-0.153544	0.302425	-0.149968
0.113966	-0.033540	-0.205396	-0.016535	-0.415245	-0.306435	0.218543	-0.121426	0.236546	-0.213254	0.031765	0.051602	-0.126681	0.388523	0.235285	-0.073422	-0.182382	-0.007273	-0.381310	0.082055	-0.049833	0.272768	0.008052	-0.098679	0.098002
0.331598	-0.247652	0.230884	-0.018137	-0.068257	-0.189569	0.450682	-0.466910	-0.148441	-0.287038	0.162347	-0.121509	-0.116078	-0.071539	0.116347	0.043916	-0.173400	0.050462	-0.166615	0.078238	0.167228	0.132645	0.005556	0.135207	-0.058218
0.214598	-0.211922	0.037903	0.002475	-0.138648	-0.157409	-0.106230	0.022851	-0.217987	0.116501	0.167039	0.272391	-0.000601	0.002164	0.283192	-0.073664	-0.062035	-0.343855	-0.214104	0.273185	-0.164512	-0.092497	-0.287237	0.385071	0.306606
0.327291	-0.136297	0.078570	-0.211839	0.098875	0.035842	0.231321	-0.165770	0.028885	0.179684	-0.047278	0.371864	-0.001790	-0.003159	0.121318	0.372809	-0.151508	0.051579	-0.423492	0.018442	-0.115374	0.239872	0.279671	0.177124	0.134567
-0.062907	-0.281622	-0.180826	-0.226029	-0.182974	-0.393601	0.274343	-0.196928	0.034578	-0.098893	0.066290	0.012499	0.042109	0.161010	0.332290	0.305552	-0.135098	-0.033306	-0.221632	-0.061554	-0.168926	0.060197	0.306706	0.041593	0.288562
-0.023095	-0.455630	-0.215355	0.071648	-0.138746	-0.070083	0.101058	0.095474	-0.037534	0.104497	0.312673	-0.115022	-0.081797	0.076870	0.404320	0.142426	0.053486	-0.049593	-0.209498	-0.086874	0.068846	0.082880	0.286748	0.334119	0.339054
0.146538	-0.229146	-0.118920	0.064750	-0.235538	-0.282077	0.009436	0.088016	0.030563	0.295375	-0.082172	0.274498	-0.018432	0.169928	0.115288	0.114455	0.118245	-0.278629	0.006779	0.043739	-0.436188	0.030009	0.477865	0.133969	-0.088750
0.498078	-0.328386	0.144435	0.049779	0.046787	-0.128659	-0.261994	-0.001414	-0.012252	0.308121	0.182348	0.052025	-0.180938	0.226134	0.147463	-0.066764	-0.007053	-0.241256	-0.139512	-0.106418	-0.392335	-0.031913	0.183973	0.022866	-0.117794
0.036899	-0.260831	-0.177699	0.035829	-0.170355	-0.146592	-0.367558	0.049438	0.125041	0.320155	-0.055198	-0.078913	-0.081997	0.293579	-0.000350	-0.049444	-0.127809	-0.184367	-0.265752	0.101127	-0.335986	0.015796	0.298368	0.373984	-0.117159
0.099447	-0.305413	0.032977	-0.106874	0.195543	-0.119474	0.059379	-0.069825	-0.197710	-0.113117	0.359987	0.184643	0.130604	0.174597	-0.201560	0.306994	0.027236	-0.088011	-0.175372	-0.148466	0.114712	0.281618	0.091040	0.482231	0.175621
-0.169862	-0.161318	0.022930	0.111010	0.042961	0.136110	0.227123	-0.296117	0.247229	0.168643	-0.422866	0.104931	-0.199662	0.144542	-0.141244	0.227666	0.280373	-0.124614	-0.187711	0.289760	-0.270777	0.193785	0.133697	0.119557	-0.065797
0.031745	0.170092	-0.076986	-0.078519	0.045971	0.041139	-0.224864	0.043774	0.051413	0.029439	0.285214	-0.043857	-0.230538	0.084433	-0.082020	0.000689	0.206013	-0.253137	-0.453603	0.459446	-0.169043	0.036760	0.067393	0.240317	0.363746
0.216207	-0.392610	-0.152668	0.030603	-0.046941	-0.130658	-0.299785	-0.012407	0.163986	0.126319	0.078588	-0.067280	-0.198646	-0.152804	0.036490	0.198843	-0.057584	-0.398582	-0.301488	-0.097194	-0.464434	-0.048050	-0.099442	0.101705	0.087020
-0.026702	0.147301	-0.110129	0.022521	-0.132868	-0.091964	-0.011200	0.175626	0.351092	0.313720	0.120992	0.205048	-0.234922	0.409670	0.073968	-0.209582	0.353679	-0.018799	-0.014331	-0.060454	-0.059510	0.108293	-0.147086	0.338682	-0.276003
0.131006	-0.218536	-0.426811	0.155246	0.040282	-0.390294	0.214112	0.079745	0.052172	-0.058267	0.054197	0.412232	-0.098440	-0.068972	0.141757	0.276526	0.141663	-0.329276	-0.189808	0.033713	-0.195695	0.062959	0.121006	-0.087298	0.049781
0.040461	0.043637	-0.093371	0.001986	-0.204893	-0.098145	-0.082031	-0.225007	0.079999	-0.247371	-0.043859	0.216891	-0.193123	0.062850	-0.168294	-0.287740	-0.100455	0.245167	-0.516951	0.367522	0.356920	-0.023604	-0.000932	0.014567	0.095782
0.107300	-0.180621	0.158975	-0.037667	-0.292783	-0.214883	-0.091768	-0.031905	0.035552	-0.099167	-0.092972	-0.143186	-0.226678	-0.140960	-0.220506	-0.074335	-0.024102	0.381998	-0.511402	0.132068	0.300020	0.186914	-0.187715	0.175004	-0.076809
-0.112905	-0.485787	0.136834	0.004261	0.094136	0.099935	0.300252	0.080190	0.232492	0.107010	-0.228913	-0.190117	-0.319170	-0.074040	0.022515	0.115847	0.149329	-0.360155	-0.123431	0.282179	-0.202265	-0.069797	0.133842	0.062925	0.165034
0.175478	0.150542	-0.222932	-0.004250	-0.121810	-0.180197	-0.373417	0.005115	0.427134	0.047726	-0.189991	-0.173776	-0.126757	0.171437	-0.166278	-0.032820	0.246597	-0.105529	-0.296025	0.164401	-0.188096	0.280979	0.086208	-0.058185	-0.270374
0.247739	-0.322360	-0.446345	-0.076110	-0.084490	-0.171394	0.137408	-0.089904	0.192926	-0.121777	0.028481	0.199285	-0.033685	0.108818	-0.004198	0.133211	0.116781	-0.155657	-0.167964	0.438243	-0.389141	0.129152	-0.066406	-0.047491	-0.099945
0.024983	0.176470	-0.119970	0.063723	-0.221832	-0.052491	-0.053693	0.062936	-0.042798	-0.103135	-0.172736	-0.178430	-0.201347	0.226290	-0.331721	-0.183400	0.058771	0.045502	-0.370099	0.499884	0.045985	-0.011027	0.386277	0.075500	0.178544
0.223340	-0.422255	-0.026222	0.109962	0.043775	-0.063251	-0.208008	0.019273	0.025011	0.005176	0.101181	0.124663	-0.213329	0.178910	0.003156	0.035343	-0.106044	-0.171760	-0.606915	-0.166278	-0.254077	0.269144	-0.056469	0.124203	-0.109211
0.171884	-0.114043	-0.119923	-0.147908	0.030027	-0.239675	0.004102	0.062491	0.112904	0.009096	-0.172899	0.070947	-0.095412	0.161193	0.378122	0.023316	0.007797	-0.237317	-0.314975	0.192105	-0.394278	0.193386	0.483566	0.074586	-0.088395
-0.171881	0.086443	0.065690	0.068333	0.076345	0.123343	0.346681	-0.042201	0.283687	-0.031842	-0.010324	0.367450	-0.388979	-0.067419	0.291767	-0.251131	0.199702	0.112792	-0.211631	0.037176	-0.266388	0.265148	-0.064644	-0.166426	0.135685
0.062076	-0.121158	0.014516	-0.115848	-0.064383	-0.066149	0.283574	0.190789	-0.262344	0.219772	0.046980	0.392311	-0.097114	0.041080	0.141484	0.227510	0.273920	-0.165504	-0.336310	0.236674	0.314100	0.129267	0.042321	-0.072152	0.304063
-0.096735	-0.071226	0.066253	0.155994	0.183376	-0.092254	0.165978	0.219343	-0.049496	0.121784	-0.096973	0.436196	-0.234495	0.016029	0.303538	0.019801	0.112681	-0.135569	-0.313934	0.266213	0.096865	0.015824	0.358411	0.011118	0.368252
-0.030070	-0.089341	-0.196200	0.236752	-0.040022	-0.179263	0.130246	-0.319395	0.017306	0.092644	-0.013048	0.266336	-0.204065	-0.225493	0.054303	-0.104390	0.428264	-0.153850	-0.097114	0.506489	-0.133121	0.069651	0.179257	-0.095883	0.143487
-0.018649	-0.338564	0.106196	0.210567	-0.026766	0.022691	0.499346	-0.151676	0.117072	-0.087613	-0.098053	0.350732	-0.164246	-0.271400	0.121292	-0.130982	0.263219	0.011758	-0.202743	0.227314	-0.225582	0.018297	0.129228	0.139574	-0.140403
-0.021474	-0.155825	0.120019	0.115469	0.114832	0.267686	0.327358	-0.093509	-0.164586	0.096576	0.119989	0.518612	-0.241918	-0.076538	0.188013	-0.124618	0.271019	-0.049692	-0.321036	0.092383	-0.243419	0.133180	-0.088074	0.195802	-0.033668
0.161208	-0.215394	-0.028902	0.010956	-0.040322	-0.102185	0.368306	-0.434450	0.319218	0.021768	-0.106736	0.341728	-0.059237	-0.107388	-0.049900	-0.106587	0.284179	0.010786	-0.251479	0.141693	-0.374303	0.065010	0.120533	-0.038239	-0.079051
-0.015239	-0.019824	-0.225936	-0.133331	-0.153711	-0.221765	0.291149	0.036220	0.126281	0.153327	-0.000333	-0.006299	-0.390160	0.091778	0.347272	-0.041363	0.331050	0.034601	-0.072455	0.463157	-0.184590	0.039592	0.251381	0.138291	0.026424
0.194326	-0.380146	-0.029429	0.000907	0.222877	-0.133095	-0.037448	0.023267	-0.280795	0.102436	0.180732	0.264874	-0.246417	-0.082933	0.024340	0.139843	0.166975	-0.306388	-0.385587	-0.051738	0.164186	0.052191	-0.071032	-0.101252	0.386692
-0.045240	-0.304420	0.177748	0.214668	0.225810	-0.022552	0.111698	0.344790	-0.114900	-0.061733	0.323097	0.277011	-0.143587	-0.055554	0.117531	0.153286	0.169805	-0.285063	-0.376450	0.167060	0.126258	0.008286	-0.094350	-0.163878	0.232615
0.101405	-0.468457	0.278658	0.059750	0.179611	-0.140521	0.167663	0.155270	-0.213445	-0.038882	0.155465	0.260741	-0.206257	-0.013060	0.288808	0.122094	0.258915	-0.008834	-0.180746	0.050823	0.316744	-0.005662	0.219746	-0.061578	0.223063
-0.035009	-0.366991	-0.139557	-0.260380	-0.159278	-0.013883	-0.054552	-0.085278	-0.165396	-0.285521	-0.269933	0.066169	0.095483	0.151048	-0.453640	-0.014744	0.069328	0.077312	-0.435971	-0.104950	0.280331	0.122775	0.039244	0.038456	-0.091663
-0.173728	-0.237480	-0.013344	0.252054	0.091963	-0.062016	-0.291795	0.317168	0.019758	0.009161	0.275376	0.271390	-0.117098	-0.113065	0.272424	0.178657	0.268880	-0.053385	-0.243401	0.067554	-0.072659	-0.191905	0.203784	0.303766	0.232851
-0.030593	-0.114404	0.389226	0.318814	0.149484	0.044071	0.039315	0.225361	-0.251087	-0.099255	0.185239	0.266899	-0.314745	0.039170	0.127141	-0.074925	0.211661	-0.287002	-0.253968	0.314068	-0.059050	0.184041	0.080173	-0.010360	0.145575
0.171575	-0.124188	0.098593	-0.052519	0.112414	0.104057	0.218689	0.341414	0.039338	-0.103970	0.120662	0.124350	-0.165119	-0.114410	0.334512	-0.029864	0.179621	-0.256148	-0.147902	0.170025	-0.531159	0.170168	0.207375	0.221687	-0.085952
0.023528	-0.242640	0.163572	-0.029385	0.105109	0.023782	-0.307039	0.297339	0.000547	0.137049	0.309660	0.031803	-0.231625	0.300622	0.257707	0.064346	0.065853	-0.347078	-0.234313	0.112130	-0.118151	0.080134	0.232732	0.348623	0.006048
0.038580	-0.113339	-0.022094	0.017231	0.246353	-0.178265	0.055924	0.144593	0.160113	-0.022599	0.149820	0.068371	-0.306722	-0.024338	0.131683	0.085476	0.216512	-0.371307	-0.349833	0.418662	-0.272699	0.045558	0.001957	-0.104455	0.355008
0.103448	0.105106	-0.034418	0.067078	0.213868	-0.087900	-0.133344	0.012338	0.194714	0.062488	0.206424	-0.071589	-0.173718	0.071505	0.148190	0.065366	0.213713	-0.298444	-0.413571	0.433915	-0.339818	0.333548	0.141548	0.095334	0.013055
-0.006179	-0.056275	0.076158	0.185746	0.178240	0.047275	0.172853	0.294985	-0.237212	0.161574	0.092975	0.268647	-0.185825	0.136953	0.238687	0.061550	0.187371	-0.316434	-0.435475	0.249684	-0.225121	0.220804	0.022380	-0.052401	0.196104
-0.054526	0.173822	-0.115174	0.151013	0.023883	-0.120612	0.322362	-0.163602	-0.026521	0.088613	-0.003375	0.060590	-0.437092	0.027911	0.257202	-0.097750	0.127367	-0.106764	-0.214700	0.477210	-0.132992	0.177592	0.263462	0.072509	0.282535
0.075582	0.030808	0.275379	0.190739	0.149462	-0.064853	-0.085763	0.436958	0.033459	0.062637	0.105088	0.023352	-0.321376	0.173075	0.103160	-0.247737	0.170481	-0.263206	-0.363101	0.224319	0.175007	0.177408	0.196415	0.011276	0.230426
0.146748	-0.244888	0.266863	0.149319	0.030385	0.004225	0.064876	-0.056547	0.010275	-0.334347	0.196159	0.261274	-0.370505	-0.152335	0.017963	-0.263763	0.233730	-0.011226	-0.363875	0.344729	-0.201852	0.093418	-0.106588	0.023260	0.015941
0.039474	-0.279992	0.143029	0.113944	0.155343	-0.014452	0.371898	0.069902	-0.104773	-0.201687	-0.002364	0.455380	-0.213066	-0.140095	0.096839	-0.004921	0.162990	-0.031270	-0.504783	0.225844	-0.041075	0.202321	-0.076324	0.061396	0.006496
0.027454	-0.112949	-0.117373	0.122084	0.066924	0.079288	-0.226061	0.463526	-0.136217	0.236055	0.106718	-0.092855	-0.100113	0.208324	0.015520	0.001526	0.205418	-0.161750	-0.350081	0.288791	0.106864	0.367415	0.160340	-0.220450	0.195174
-0.247892	0.061211	-0.276920	0.415823	0.094899	-0.085271	0.194146	0.113186	-0.138472	0.136174	0.029105	0.080899	-0.344497	0.055945	-0.089043	-0.055354	0.302968	-0.179738	-0.432986	0.321955	-0.061319	0.102347	-0.031096	0.012701	0.099643
-0.050473	-0.297414	-0.014653	0.274751	0.164011	-0.046519	-0.194608	-0.180004	0.097242	0.117135	0.035992	0.479996	-0.289993	0.312793	-0.085891	0.114979	0.245367	0.009957	-0.020304	0.263893	0.013179	0.014440	0.268001	0.042789	0.268631
-0.070769	-0.268047	0.376923	0.104299	0.121321	-0.020612	0.183802	0.253326	-0.184333	0.124127	0.137853	0.250099	-0.275469	0.037299	0.005043	0.121531	0.198562	-0.094279	-0.232521	0.128569	0.455952	0.079965	0.145137	-0.063207	0.275364
0.024970	0.136389	-0.020794	0.127112	0.068852	-0.086154	-0.185815	0.177536	-0.093656	0.196682	0.241921	0.156568	-0.236342	0.071330	0.196010	-0.176910	0.205969	-0.129334	-0.522432	0.293427	0.096603	0.183134	0.119082	0.025726	0.385902
-0.121644	-0.062602	-0.107612	0.226907	0.217780	-0.163868	0.477394	0.002940	-0.177169	-0.034585	0.098232	0.285984	0.022328	0.035130	-0.105753	-0.192349	0.247832	-0.196531	-0.327451	-0.002111	0.283166	0.086396	0.270332	0.159458	0.220589
0.207078	0.071516	0.082036	-0.164396	0.029119	-0.028024	0.082012	-0.051644	0.142055	-0.066978	0.112027	-0.249106	-0.267199	0.083154	0.304343	-0.117411	0.065040	0.213379	-0.122677	-0.084255	-0.271790	0.655827	0.166550	-0.052249	0.129907
0.119537	-0.019726	-0.022018	-0.189785	-0.217123	-0.111733	0.097538	-0.427914	0.405473	0.000276	0.087738	-0.062820	-0.019786	-0.069524	0.265290	-0.093177	0.132117	0.205128	-0.025414	0.287006	-0.131402	0.388624	0.268788	-0.192825	0.126315
0.353858	-0.206828	-0.139319	-0.293721	-0.128325	-0.035221	-0.007631	-0.337159	0.236907	-0.210581	0.125456	-0.088240	-0.013060	0.193887	0.194036	-0.137751	-0.038731	0.318768	0.028409	-0.004214	0.034947	0.478063	0.034302	0.002512	0.203996
0.097923	-0.158276	0.033251	-0.112725	0.011483	-0.047979	-0.203052	-0.262216	0.349909	0.214575	0.113296	-0.098476	-0.289957	0.278899	-0.090842	-0.266084	0.174963	-0.262903	-0.041801	-0.170609	-0.337313	0.120964	0.154135	0.226510	-0.270444
0.166313	-0.164911	-0.167842	-0.269984	-0.040730	-0.102245	-0.064747	-0.331827	0.276497	-0.126341	0.136897	-0.218380	-0.072626	0.215967	0.177850	-0.026304	0.257829	0.227210	-0.041462	-0.031322	0.008619	0.530120	0.220601	-0.129974	0.084418
0.152483	0.059105	-0.075594	-0.054274	-0.037554	-0.294493	-0.008089	0.072075	-0.026854	-0.028514	0.040113	-0.124591	-0.145100	0.195611	-0.053922	-0.127865	0.107337	0.089471	-0.345429	-0.048247	0.165310	0.688744	0.025640	-0.299009	0.202541
0.221400	-0.295399	0.182526	-0.203849	-0.141013	-0.021850	-0.049936	-0.163273	0.202564	-0.296356	-0.034981	-0.365652	-0.191509	0.229083	0.255545	-0.102990	0.052858	0.139799	0.066468	-0.063032	-0.083814	0.470957	-0.124985	-0.064594	-0.176468
0.034270	-0.218684	0.109203	-0.155549	-0.112633	0.248442	-0.216529	-0.009291	0.054546	-0.404844	0.049697	0.043255	0.043571	0.392930	0.057699	-0.144911	0.041734	0.158867	-0.402792	-0.196935	0.282096	0.288634	-0.088067	0.043255	0.202845
0.104799	-0.103137	-0.086795	-0.245708	-0.021784	-0.161802	0.209516	-0.322597	0.219907	0.212988	-0.112996	-0.033844	-0.114805	-0.068952	0.157809	0.070420	0.078673	0.032478	-0.167692	0.180575	-0.377091	0.467684	0.387415	0.026169	-0.027325
0.052226	0.037712	0.100750	-0.024430	0.098164	0.023849	-0.137491	-0.422288	0.472181	-0.092303	-0.075548	-0.259717	-0.081372	0.137041	-0.030022	0.051701	0.050454	0.034383	-0.313458	0.218397	-0.118597	0.524603	0.035971	-0.059436	0.016596
0.103078	-0.216189	0.142164	-0.126440	0.017815	-0.070381	-0.334661	0.205849	-0.153032	-0.415233	-0.054714	-0.115779	-0.071569	0.311079	-0.003978	-0.233791	0.043449	0.148730	-0.292553	0.033892	0.287078	0.249071	-0.183999	-0.057670	0.292607
0.122000	-0.139032	0.163036	0.041453	-0.002651	0.044206	-0.295690	0.000008	0.050235	-0.218654	0.201440	-0.171779	0.021687	0.360041	-0.109069	-0.083209	0.195342	0.102320	-0.348095	-0.066194	0.220689	0.569190	-0.178556	0.001153	0.003278
0.128962	-0.200885	0.178610	-0.150304	-0.187336	-0.023046	-0.153740	0.142748	-0.072469	-0.384075	-0.029382	-0.104321	0.071649	0.328372	-0.154517	-0.259584	0.044920	0.185233	-0.406929	0.047904	0.369858	0.196819	-0.127408	0.058543	0.201844
0.204497	0.050207	0.098324	0.007029	-0.283746	-0.232877	-0.277361	-0.178457	0.037216	-0.141258	-0.017480	-0.059181	0.129505	0.153296	0.009021	-0.159557	0.120592	0.025734	-0.475600	-0.107552	0.178596	0.555810	-0.041097	-0.120726	0.037585
0.223811	-0.211112	0.007100	-0.036466	0.228202	-0.193115	0.180692	-0.107523	0.056088	-0.598996	0.111830	-0.063821	-0.315102	0.099108	0.077290	-0.260426	0.009211	0.097704	-0.199565	-0.282484	0.095144	0.164813	0.041446	0.168520	-0.115601
0.025953	-0.323970	-0.117534	-0.308874	0.038800	-0.145717	0.118643	0.279860	-0.096360	-0.257602	0.054222	0.001233	-0.255583	0.260867	0.340369	-0.225925	0.068451	0.124844	-0.161444	-0.142464	0.111296	0.267446	0.099358	0.262826	0.248331
0.262441	-0.519164	0.026112	-0.196716	-0.227539	0.103606	0.019723	-0.090723	0.247870	-0.398488	0.205730	0.107355	-0.040929	0.068265	0.371388	0.114769	0.165600	0.164203	0.054442	-0.002012	0.120141	0.075763	-0.154542	0.097251	-0.093276
0.095569	-0.103063	-0.036906	-0.169406	-0.089255	-0.089133	0.002083	-0.041081	-0.004593	-0.434629	0.050109	-0.116440	0.082124	0.192141	0.222574	-0.078952	0.042807	0.106669	-0.250197	0.349962	0.109832	0.575220	-0.094732	-0.162912	0.226752
0.190775	-0.275219	-0.188258	-0.005652	-0.426437	-0.087758	0.314667	-0.261206	0.031536	-0.169298	-0.035127	-0.092419	0.042670	0.044599	0.037852	-0.138496	0.199432	0.197410	-0.265646	0.155120	-0.010174	0.396367	0.080474	0.225640	0.209195
-0.137214	-0.326177	-0.034526	-0.155290	-0.037768	0.096079	0.272167	-0.257695	0.074343	-0.094239	-0.033359	-0.061516	0.004838	0.072790	0.213785	0.247560	0.296072	-0.160942	-0.070395	0.478049	-0.045103	0.428174	0.082832	0.115995	-0.118272
0.185596	-0.169216	-0.073536	-0.158228	-0.173856	-0.100910	-0.078431	-0.207476	0.138628	-0.215559	0.020838	-0.179533	-0.178557	0.140965	0.076131	-0.176454	0.104468	0.195280	-0.328870	0.141829	0.155075	0.601419	-0.047127	-0.180961	0.178312
0.248209	0.127212	-0.032195	0.230569	-0.207172	-0.073263	0.027106	0.185859	-0.021734	-0.376330	-0.143382	-0.004608	-0.072394	0.165393	0.263615	-0.116412	-0.025575	-0.020739	-0.213153	0.154851	0.226640	0.430304	-0.249047	-0.012513	0.370030
0.095702	0.180243	0.036073	0.013859	0.031965	-0.117893	-0.259744	0.222131	0.050368	-0.246847	-0.027792	-0.027811	-0.044230	0.350276	0.267637	-0.256401	0.167684	0.066999	-0.416314	0.123726	0.230521	0.373649	-0.210881	-0.061661	0.189303
0.301472	0.105418	-0.033138	-0.034090	-0.098775	-0.140231	-0.318195	0.155766	0.262654	-0.021806	-0.099547	0.246877	-0.173728	-0.023862	-0.272387	0.016375	-0.015340	0.226100	-0.583399	-0.047346	-0.273364	0.142627	-0.026188	0.050706	0.054731
0.025836	-0.126295	-0.177706	-0.108428	0.106139	0.214341	0.128744	0.039889	0.310017	0.192462	-0.000790	0.126038	0.029145	0.097805	-0.001620	0.166643	0.278256	-0.113513	-0.138663	0.395216	-0.495454	0.001324	0.329125	0.238634	0.031065
-0.001339	-0.060329	-0.028073	0.054396	-0.562564	0.087716	0.130076	-0.100590	0.367130	-0.217908	-0.053009	0.325274	0.250923	-0.081037	0.085636	-0.068836	0.333502	-0.034777	-0.218807	0.094173	-0.226108	-0.010128	0.204934	-0.065728	0.046849
0.121007	-0.158262	-0.217469	0.035534	-0.069763	-0.177487	0.285281	-0.128774	0.298053	-0.142502	-0.211807	0.173349	-0.162694	-0.045494	0.236131	0.040342	0.186772	-0.179696	0.045357	0.130191	-0.442175	0.062922	0.366890	0.099215	-0.278080
0.238037	-0.013946	-0.164027	0.139844	0.006314	0.041134	0.214325	-0.134723	0.188535	0.078748	0.070924	-0.070089	-0.171019	0.273138	0.029827	0.105326	0.263975	-0.303007	-0.243292	0.113384	-0.281900	0.529750	0.219385	-0.006406	0.146711
0.134035	0.091178	-0.270204	0.165953	-0.139532	-0.192391	0.081561	-0.194723	0.076722	-0.012447	-0.293230	-0.183409	-0.113378	0.158346	-0.384533	-0.120429	0.206461	-0.012768	-0.511780	0.248342	-0.048092	0.173371	0.116722	0.027217	-0.181770
-0.251927	-0.279425	0.019554	-0.003395	0.051185	0.125985	0.051183	-0.054048	0.145567	0.050277	-0.018977	0.097287	-0.547230	0.073011	0.201835	0.113410	0.259393	-0.060981	0.206380	0.445977	0.013886	0.101026	-0.049691	0.316061	0.129775
-0.100293	-0.097830	0.018088	-0.027631	-0.209850	-0.270868	-0.045872	-0.245444	0.117144	-0.061335	-0.158343	-0.129659	-0.130192	0.342251	-0.284264	-0.182806	0.043409	0.107461	-0.445639	-0.145225	0.199058	0.060422	-0.447063	0.120183	0.033867
-0.028398	-0.134835	-0.317173	0.089545	-0.250937	-0.038560	0.174783	-0.219363	0.228884	0.321944	-0.000486	0.063432	-0.119737	0.007855	0.187984	-0.165194	0.352559	-0.010660	-0.170302	0.157676	-0.188550	0.043111	0.493975	0.045608	0.174379
-0.080169	0.069036	-0.198918	0.198977	0.016059	-0.012964	0.091711	0.016183	0.153530	-0.081624	-0.222989	-0.237222	-0.043736	0.192222	-0.249788	-0.082407	0.219676	-0.152141	-0.457429	0.467657	0.011808	0.105430	0.253845	-0.280353	-0.051281
-0.130995	-0.006857	0.111552	0.288820	0.067885	0.024405	0.187647	-0.143503	0.102680	-0.086838	0.189315	0.179715	-0.285385	0.091304	0.321692	0.189699	0.047192	0.041764	-0.221045	0.387080	-0.393906	0.056377	0.179619	0.092127	0.329690
-0.145897	0.112462	0.157529	0.396146	-0.063148	-0.085685	-0.045802	0.130524	0.122767	0.149962	0.138109	0.407094	-0.079583	-0.084597	0.278329	-0.012406	0.176750	-0.291819	-0.349080	0.103864	-0.225186	0.183701	-0.045102	0.257500	0.196330
0.132260	0.089587	0.096179	0.032841	0.322336	-0.039714	0.102473	0.093071	0.203576	0.123324	0.248467	0.068556	-0.064732	0.271740	0.194764	0.144725	-0.023660	-0.178575	-0.249655	-0.176146	-0.188129	0.373969	0.430016	0.025257	0.304815
0.162597	-0.085347	0.038518	0.213953	0.235059	-0.022844	0.014092	0.238797	-0.001181	0.156962	0.275558	0.052205	-0.123211	-0.088352	0.334933	0.002956	0.080502	-0.479035	-0.231765	0.028975	-0.189700	0.446058	0.054548	0.179695	0.082587
0.172735	-0.144220	-0.011017	0.311975	0.107980	0.069473	0.198230	-0.380406	0.151919	0.061159	0.199340	0.300214	-0.187200	-0.061630	-0.114171	0.090594	-0.007176	0.060466	-0.260365	0.128402	-0.267895	0.138719	0.497343	-0.032050	-0.085334
-0.007952	-0.183197	0.479883	0.321590	0.137548	-0.040254	0.006143	-0.256029	0.060582	0.336642	0.040448	0.328389	-0.168449	0.015161	0.066320	-0.000123	0.287716	-0.291788	-0.121997	0.131173	0.123805	0.073786	0.178799	0.113744	-0.146197
0.063323	-0.211525	0.186591	0.312598	0.126675	0.268812	0.289525	-0.052729	0.063949	-0.067498	0.308368	0.445679	-0.116269	0.119968	0.155611	-0.023616	0.192085	-0.026698	-0.293773	0.230539	0.111935	0.129180	0.099652	-0.048908	0.264866
-0.072906	-0.421052	0.179488	0.349641	0.155642	0.139460	0.066254	0.042814	-0.151128	0.113659	0.156220	0.361138	-0.323568	0.045182	0.150311	0.107800	0.269615	-0.277207	-0.020538	0.095444	0.076491	0.086950	0.304782	0.126378	-0.012711
0.023256	-0.287024	0.186659	0.258957	0.101406	0.051563	0.175314	0.100955	-0.250668	-0.038718	-0.068996	0.389801	-0.001417	-0.089933	-0.116970	0.216281	0.312922	-0.171443	-0.315955	0.359030	0.206094	0.012403	0.057167	0.020518	0.263359
0.072291	-0.106159	0.055172	0.208204	-0.288557	0.253801	-0.312226	-0.032449	-0.021245	0.407034	0.146775	0.198503	-0.367444	-0.000520	0.176262	-0.071443	0.282017	-0.325930	-0.287668	0.044094	0.046755	-0.011505	0.047327	0.069753	0.112900
0.045706	-0.066686	-0.167163	0.148839	-0.064667	-0.102653	0.036796	0.350564	0.051449	0.123933	0.257852	-0.115568	-0.174767	0.038887	0.240463	0.069145	0.001244	-0.341973	-0.424280	0.133444	-0.227958	0.072545	0.184855	0.325511	0.315856
-0.162264	-0.231069	-0.021416	0.080006	0.101018	-0.149949	-0.151610	0.208901	0.215147	0.026017	0.189955	-0.121035	-0.281188	0.239428	0.072274	0.218622	0.260363	-0.202656	-0.205534	0.313347	-0.282976	0.091231	-0.060901	0.427873	0.050225
-0.086334	-0.488900	-0.103078	0.127668	0.037328	-0.205870	0.391964	-0.198197	0.118694	-0.067442	-0.139595	0.160221	-0.051885	-0.081943	-0.181758	0.151383	0.292181	-0.163851	0.040009	0.100500	-0.042731	0.032803	0.455487	0.063611	-0.149721
-0.026936	-0.150104	-0.042961	0.244480	-0.024309	-0.214054	0.431023	-0.157584	0.090582	-0.073676	-0.356374	0.068036	-0.091388	0.129516	-0.227827	-0.032170	0.300881	-0.074867	-0.151012	0.160059	-0.104797	0.066888	0.409734	0.055244	-0.322218
-0.110397	-0.090402	0.029937	-0.010062	-0.097246	-0.076220	0.120318	-0.157117	-0.116488	-0.138705	0.005405	0.224954	-0.424382	0.065286	-0.045180	-0.225662	0.178508	0.270292	-0.489436	-0.058372	0.402024	-0.005966	0.194872	0.010796	0.236255
-0.069604	0.055888	0.214630	0.064620	0.118790	0.163292	0.064897	-0.233745	0.148526	-0.147207	-0.002356	-0.143211	-0.328781	-0.019055	0.318153	-0.082366	0.274269	0.183853	-0.014673	-0.072251	-0.104026	0.568886	-0.046701	0.253412	-0.214809
0.336325	-0.171941	0.041669	0.101596	0.109390	0.189907	0.192459	-0.131423	0.171259	-0.302710	0.144822	0.014551	-0.225393	0.014664	0.333417	0.100778	-0.117837	0.084586	0.106397	0.017148	-0.024138	0.562670	0.119495	0.212898	-0.137814
0.226715	-0.064741	0.056907	0.072945	-0.326949	0.070738	0.167218	-0.260657	0.121822	-0.291128	0.045824	0.098230	-0.154419	-0.106334	0.147032	-0.143808	0.082146	0.086429	-0.198024	-0.323802	-0.282198	-0.020861	0.191384	0.494656	0.139952
0.187539	-0.176681	-0.121800	-0.240814	0.002623	0.039722	0.085994	-0.107847	0.261528	-0.259354	0.177729	-0.118248	-0.292889	0.122630	0.193014	-0.038057	0.241803	0.221665	-0.035799	-0.189833	0.053363	0.445863	0.176356	0.375930	0.020762
0.093260	0.134538	0.046078	-0.157215	-0.010479	0.157445	-0.212659	0.021384	0.268083	-0.230065	0.280036	-0.299944	-0.232081	0.131764	0.135758	0.067542	0.140234	0.026354	-0.237176	0.015040	0.125163	0.584001	0.124185	0.168712	-0.104567
0.266175	-0.059804	-0.061382	0.251127	0.099488	0.024296	0.016643	-0.100464	0.125949	-0.092150	0.218272	0.101036	-0.288012	0.101921	0.410783	0.166498	0.006366	0.012824	-0.207298	-0.094995	0.059723	0.336667	-0.164621	0.276394	-0.439623
0.064442	-0.060533	0.266447	-0.100367	0.081157	0.155422	0.016250	-0.001144	0.125361	-0.206131	0.131905	-0.020546	-0.308494	0.089698	0.105242	-0.213296	0.204857	0.238874	-0.020171	0.037281	-0.077052	0.570264	0.063378	0.339787	-0.304733
0.278239	0.092786	0.157014	0.161393	0.165588	-0.026253	0.304115	-0.027018	0.285839	-0.178852	0.162717	0.260004	-0.088637	-0.032807	0.215786	0.148901	0.183703	-0.074365	-0.077315	-0.092265	-0.181083	0.476433	0.270714	0.182053	-0.191137
0.099248	0.056068	-0.047514	0.261591	-0.056237	0.003037	-0.125642	-0.204691	0.230985	-0.270958	0.359298	0.078581	-0.151007	-0.062431	0.274041	0.140771	0.159447	0.168908	-0.297575	-0.022979	0.093544	0.328002	0.161968	0.419620	-0.100611
0.003370	-0.362122	-0.242958	0.301693	-0.308875	-0.167678	0.166434	-0.085017	-0.002201	-0.180091	0.217719	0.170110	0.059585	0.029036	0.354244	0.034909	-0.088235	-0.023045	-0.076349	-0.148849	0.192152	0.098058	0.108915	0.426805	0.208854
-0.031404	-0.025292	-0.303740	-0.154623	-0.198953	-0.144094	0.320564	-0.363571	-0.213479	-0.234998	-0.305103	0.016691	-0.153654	0.191244	-0.123313	-0.041636	0.159190	0.109501	-0.336098	-0.145337	0.007000	0.044498	0.141476	0.307975	-0.165286
0.251306	-0.240024	-0.439438	0.012342	-0.215924	-0.313031	0.158254	-0.294425	0.178646	0.045108	-0.232595	0.018280	-0.162350	0.067118	0.092504	0.171702	0.102894	0.015967	-0.301381	-0.342371	0.165061	-0.061500	-0.016227	0.039504	-0.143548
0.207823	-0.236226	0.201595	-0.164761	-0.185135	-0.037685	-0.253159	-0.111941	0.102141	-0.240791	-0.050202	-0.116522	0.070874	0.104683	0.115827	-0.193782	0.249501	0.074129	-0.149142	-0.443168	-0.105945	0.118314	0.053940	0.503173	-0.041733
0.125334	-0.096312	0.254707	-0.022039	-0.011473	-0.083202	-0.187852	0.255211	0.119536	-0.006827	0.148685	-0.109285	-0.180372	0.243606	0.177627	0.106505	0.398595	0.022984	-0.469764	-0.035116	0.230779	0.293369	-0.243602	0.153023	-0.124978
0.115304	-0.381467	0.146882	-0.066710	0.085916	0.251558	0.171178	-0.135568	-0.316318	-0.230492	-0.069049	-0.340429	-0.002300	0.041283	-0.024424	-0.067593	0.267602	0.144761	-0.014015	-0.222192	-0.045923	0.249201	-0.095313	0.415999	0.166192
0.012277	-0.239494	0.107996	-0.384090	-0.040271	0.218919	-0.031992	0.384139	-0.187818	0.088497	-0.040437	-0.222140	0.023037	0.332910	0.022920	0.061264	0.190817	0.080129	-0.202240	-0.153018	-0.098273	0.244577	-0.024710	0.436916	-0.085521
0.112983	-0.120595	0.134567	-0.046818	0.033780	-0.025093	-0.317443	0.047515	-0.090049	-0.218721	0.243761	-0.312788	0.011263	0.327605	0.170249	-0.121885	0.239822	-0.016087	-0.374808	-0.172801	0.043409	0.292735	-0.369446	0.168917	0.048800
0.240945	-0.106148	-0.197511	-0.110205	-0.360837	-0.151903	-0.083195	-0.173806	0.154610	0.166396	0.271185	0.207793	-0.074776	0.533692	0.154301	-0.014777	0.003861	0.020915	-0.238136	-0.073858	-0.107680	-0.247636	-0.026428	0.228136	0.134453
-0.130779	0.061729	-0.381978	0.067227	-0.173642	-0.209768	-0.221843	-0.194332	0.061213	0.262901	0.118905	0.084625	-0.008518	0.363793	-0.036115	0.059270	0.168710	-0.034145	-0.172880	0.217805	-0.190898	0.382098	0.226597	0.306852	0.035028
0.039628	-0.226552	-0.306938	-0.002885	-0.342725	-0.106017	-0.275501	-0.135635	0.179149	0.194244	0.059828	-0.045409	-0.037785	0.468799	0.081363	-0.107635	-0.205405	0.091331	-0.343109	-0.025054	0.231801	0.135013	-0.054672	0.265214	-0.029036
-0.022588	-0.032141	-0.299501	0.070340	-0.240204	-0.176055	-0.194299	0.207842	-0.022748	0.214295	-0.101292	0.358612	-0.103789	0.372904	0.322980	-0.059686	-0.029798	-0.083851	-0.354943	0.167751	0.219839	-0.231720	-0.087488	0.134471	-0.036739
-0.127233	-0.049128	-0.087873	0.263448	-0.336490	-0.181920	-0.318198	0.260461	0.064659	0.202992	0.158063	0.060386	-0.073395	0.313804	0.063911	-0.082829	0.013423	-0.237371	-0.468020	-0.036587	0.307728	-0.107597	-0.037370	0.004617	0.124264
-0.183336	-0.071733	-0.281008	-0.191174	-0.087208	0.109949	-0.023117	-0.473464	0.028964	-0.010824	0.287996	-0.045673	-0.195774	-0.094637	0.261618	-0.017696	0.125263	-0.029767	-0.153662	0.235619	0.233547	0.465312	0.150337	0.094968	0.030385
-0.157040	-0.299885	0.114153	-0.094978	-0.137739	0.005337	0.076532	0.054140	-0.120724	0.088651	0.166699	0.103506	-0.287611	0.114753	0.178201	0.095776	0.303564	-0.355937	-0.004188	0.251764	-0.150575	0.092945	0.488096	0.293149	0.009069
-0.115675	-0.062037	0.035754	-0.163808	-0.207498	-0.115058	0.450257	-0.213809	-0.165679	-0.270294	-0.129280	0.078937	-0.146609	0.283731	0.141411	0.152677	0.354057	0.036719	-0.124796	0.165353	-0.031584	0.257123	0.310615	0.218205	0.018368
0.048468	0.149110	-0.127766	-0.152608	0.062184	-0.050146	0.325571	-0.138985	0.265744	0.368958	0.060777	0.073883	-0.057435	0.367871	-0.038979	0.064619	0.188846	-0.067563	-0.367659	0.194471	0.078106	0.367158	0.039424	-0.179990	-0.236237
0.197786	-0.131807	-0.151273	-0.242911	-0.098848	-0.261797	0.066175	-0.114244	-0.048736	0.094718	-0.102295	-0.263609	0.216737	0.196060	0.202968	0.161217	0.181698	-0.033213	-0.192391	-0.112155	-0.160010	0.039371	0.550427	-0.059203	0.323479
0.109840	-0.348072	-0.209631	0.102754	-0.050109	-0.159954	0.149772	-0.241847	0.206850	0.075517	-0.157732	-0.064219	0.160061	0.170440	-0.255850	0.260293	0.125197	-0.211236	-0.311954	0.080189	0.087265	0.229895	0.109683	0.016473	-0.448416
-0.067514	-0.050977	-0.409262	0.167194	0.046137	-0.057259	0.142959	-0.219446	0.203492	0.226263	-0.059712	-0.024257	-0.013387	0.104755	-0.287471	0.027658	0.208158	-0.090558	-0.470787	0.221615	-0.065291	0.363212	0.137598	-0.038984	-0.230553
0.203064	-0.193975	-0.243779	0.253035	-0.303658	-0.214294	0.083803	-0.398582	0.153381	-0.193736	-0.326595	0.083073	0.040278	0.038070	-0.140217	-0.211267	0.237622	0.125800	-0.280512	0.025563	-0.036450	-0.036181	0.166036	0.122684	-0.234063
0.054723	-0.050746	-0.107928	0.013493	-0.247614	-0.117125	0.028714	-0.100598	-0.101934	-0.128332	-0.287174	-0.045651	-0.108266	0.152751	-0.352102	-0.228148	0.078176	0.107784	-0.615651	0.302151	0.081452	0.204287	-0.148013	0.079345	-0.097511
-0.022462	-0.033420	-0.064605	0.008400	-0.338579	-0.052362	-0.125016	-0.032839	-0.048115	-0.014441	-0.395515	-0.069702	-0.242904	0.272369	-0.344508	-0.235195	0.163925	0.034774	-0.496729	0.146353	0.210648	0.141952	-0.030398	0.021711	-0.163976
0.066552	-0.094638	0.150414	0.008139	-0.270815	-0.229154	0.006293	0.002422	-0.236914	-0.067469	-0.179872	-0.173277	-0.046715	0.236218	-0.254190	-0.232640	0.176620	0.007502	-0.446703	0.153268	0.060818	0.232597	0.045371	0.464149	-0.093135
0.069931	-0.133426	-0.136208	-0.062242	-0.080420	-0.160513	-0.162383	-0.003890	-0.025338	-0.365873	-0.017275	-0.145392	-0.191650	0.112034	-0.412818	-0.334756	-0.105263	0.026574	-0.484318	0.270032	0.229276	0.094405	0.043626	-0.046323	-0.154158
0.176328	-0.048903	-0.065625	-0.051323	-0.142017	-0.152590	0.182994	0.025133	0.258890	-0.195990	0.133347	0.300928	0.213467	-0.149129	0.162249	-0.071985	0.158296	-0.056628	-0.308417	0.450281	-0.272691	0.321716	-0.141971	-0.089873	0.191528
-0.118780	0.061876	-0.183864	0.033330	-0.206414	-0.211519	0.061779	-0.247229	0.374847	0.468724	-0.099787	0.150509	-0.236049	0.283602	0.092753	0.020193	-0.034868	-0.278549	-0.244378	0.052400	0.013112	0.214837	0.072171	0.252592	-0.016319
0.274963	-0.315248	-0.385756	0.327584	-0.303309	0.108730	0.214414	-0.383017	-0.000599	0.045769	-0.127714	-0.000212	0.143861	0.069434	-0.035983	-0.060402	0.281898	-0.216393	-0.238088	0.000051	-0.116401	-0.002347	-0.128203	0.019846	-0.100853
-0.261855	-0.451427	0.153780	-0.030064	0.134398	0.009997	0.120784	-0.249313	0.256570	-0.250766	-0.215364	-0.070109	-0.200385	-0.150678	0.149927	0.020530	0.251562	-0.207631	0.040263	0.292725	-0.250823	-0.155759	0.244100	0.036275	-0.025328
-0.153506	-0.224355	0.135666	-0.183199	-0.018154	-0.026688	0.109960	0.153812	-0.028842	-0.199398	0.032753	-0.129809	-0.289117	-0.061920	0.084788	0.147699	0.270281	-0.197210	-0.108619	0.414614	-0.368738	-0.035474	0.345237	0.197203	0.267305
-0.014832	-0.178627	0.268540	-0.160784	-0.170260	0.253798	-0.182364	0.163471	0.052990	0.177822	0.043039	-0.138621	-0.183480	0.155724	-0.090720	0.078091	0.375086	-0.197929	-0.101507	0.269578	-0.250976	-0.027963	0.355560	0.308855	-0.200898
0.044037	-0.086494	0.104236	0.004129	-0.179278	0.109613	0.038821	-0.016514	0.232655	0.038895	-0.121696	0.112636	-0.350211	0.195473	-0.207301	0.135296	0.285400	0.140560	0.140267	0.284722	-0.307810	0.237005	0.150716	0.490799	-0.109633
-0.135549	-0.162495	-0.111626	-0.278957	-0.079716	-0.204787	-0.238545	-0.067680	0.294837	-0.052557	0.135719	-0.368677	-0.133000	0.041143	0.038100	-0.121394	0.299159	0.056560	-0.220151	0.238360	-0.262006	0.332943	0.065452	-0.067811	0.298676
0.034537	-0.145993	-0.029574	0.251804	0.113232	-0.146905	0.546806	-0.251768	0.147353	-0.200438	-0.177741	0.235716	-0.227658	0.281379	-0.040309	-0.110445	0.024841	0.051653	-0.155722	-0.183239	-0.082882	0.090527	0.326714	-0.061431	0.189389
0.015544	-0.016693	0.013031	0.237014	-0.030415	-0.136825	0.358096	-0.024930	0.125498	-0.119458	0.026130	0.280169	-0.159330	-0.253179	0.249906	-0.054287	0.083781	-0.070163	-0.329252	0.456395	0.011465	0.106543	0.247782	-0.080702	0.350020
0.238600	-0.306508	0.075366	0.245132	-0.017138	0.057664	0.094573	-0.143057	0.243656	-0.260436	0.011615	0.028383	0.153186	-0.048740	-0.047943	0.189565	-0.113178	-0.132792	-0.268780	-0.252120	-0.300631	0.293139	0.208457	0.194553	0.366400
0.182891	-0.318107	0.103562	0.379931	0.231501	-0.119988	-0.099491	0.068470	-0.129421	0.217512	0.057184	0.108184	-0.212129	-0.115994	0.154155	0.090977	0.055347	-0.363530	-0.216257	-0.105020	-0.342178	0.142262	0.291242	0.086859	0.188350
-0.242348	-0.137123	0.158809	-0.031275	0.093812	-0.159947	0.034455	0.268434	-0.136886	0.131140	0.180115	-0.047511	-0.331495	0.011761	0.253544	0.020026	0.240833	-0.284832	-0.234688	0.447963	-0.179502	0.236159	-0.026801	-0.064916	0.235560
-0.300073	-0.126938	-0.051970	-0.102366	0.023675	-0.092803	-0.001569	-0.099134	0.116182	0.109359	-0.099805	0.223431	-0.296152	0.150924	-0.184396	-0.084528	0.546524	-0.043021	-0.318385	0.293014	-0.010378	-0.355101	-0.036471	-0.079514	0.055381
-0.106191	-0.156051	0.344736	-0.088131	-0.071496	0.044980	-0.346840	0.288839	0.119784	-0.253278	0.189860	0.309878	-0.102242	-0.077077	0.207280	-0.125686	0.363835	-0.151580	-0.231970	-0.064862	0.021776	0.062255	0.191532	0.260253	-0.137983
-0.003501	-0.301403	-0.166818	0.295716	-0.320799	0.035481	-0.003730	-0.033733	-0.128926	0.042381	0.214301	0.183785	0.244236	0.094896	0.268671	0.107110	0.210922	-0.107149	-0.360417	-0.213448	0.257680	0.016614	0.026622	0.344660	0.143205
-0.044540	-0.175780	0.122354	0.444772	0.198570	0.197874	0.222002	0.099098	-0.107623	0.029129	0.185480	0.211779	-0.225796	0.078925	0.082270	-0.058076	0.066077	-0.157579	-0.477907	0.182385	0.074052	0.223973	-0.025944	-0.075339	0.323641
-0.199370	-0.429645	0.137050	0.059804	0.001662	0.123015	0.042848	0.198720	-0.097936	0.005694	0.128456	0.277518	-0.027996	0.085230	0.234958	0.093736	0.222773	-0.402362	-0.428480	-0.036411	0.224381	0.024315	-0.156704	0.130806	0.180574
-0.177747	-0.189703	0.330233	0.007675	0.062897	0.125222	-0.310125	0.262020	-0.065096	-0.176297	0.280476	0.309158	-0.106478	0.072834	0.277310	-0.078523	0.297646	-0.290158	-0.305394	-0.052424	-0.033858	0.005405	0.061613	0.236041	-0.008968
-0.008357	-0.084222	0.093698	0.215008	0.307433	-0.164547	0.410798	0.074652	0.029280	-0.136977	0.147421	0.239273	-0.192442	0.029844	0.086842	0.039560	0.266250	-0.237542	-0.390765	0.321354	-0.072542	-0.187074	0.076998	0.030161	0.256703
0.125909	-0.145186	-0.063257	0.287795	0.059052	-0.182726	0.196987	0.060538	0.148104	0.049867	0.090453	0.683685	-0.049553	0.089576	0.211544	0.224872	0.112839	-0.131260	-0.122392	-0.080433	-0.064398	0.260431	0.228846	0.121532	0.023401
-0.204060	-0.169928	0.116290	0.245989	0.333471	0.024049	0.088578	0.264621	-0.189479	-0.023943	0.034415	0.103199	-0.400133	0.119607	0.177386	-0.113438	0.231403	-0.113561	-0.251344	0.306780	0.093503	0.111574	0.066980	-0.138353	0.360820
-0.055680	-0.239216	-0.019019	0.102610	0.199452	-0.007949	0.146927	-0.032707	-0.121860	0.282076	0.167039	0.205386	-0.098154	-0.045612	0.045651	0.124881	0.289324	-0.307521	-0.463513	0.205513	0.097749	0.183555	0.014661	0.060614	0.435768
0.160303	-0.028253	0.000285	0.019990	0.254935	-0.135045	0.416505	-0.053316	0.119622	0.047200	-0.106803	0.282432	-0.285364	-0.027816	0.243443	0.186712	0.095255	-0.213513	-0.149963	0.367723	-0.096453	0.168906	0.421695	-0.037419	0.009144
0.066222	-0.242861	0.282148	-0.233953	-0.000834	0.245572	-0.109585	0.170636	-0.050653	0.068788	0.275028	0.275680	-0.213356	0.131241	0.400863	0.167614	0.108237	-0.256746	-0.213837	0.019234	-0.049246	0.180248	0.063057	0.320760	0.157747
-0.101237	-0.387880	0.069622	0.115422	0.028948	0.280583	-0.213904	0.076719	-0.111739	-0.201241	0.329660	0.261011	-0.049241	0.103669	0.145827	0.108254	0.081305	-0.175801	-0.469122	-0.019259	0.104120	0.204957	0.099844	0.240752	0.187726
0.013454	-0.274169	-0.150193	0.013335	-0.501393	0.033316	0.014774	-0.016394	-0.009164	0.265770	0.104055	0.411628	-0.278353	0.146451	-0.013844	-0.051203	0.316808	0.076151	-0.160121	0.170671	0.234374	0.133312	0.215802	0.124889	0.019858
0.244379	-0.384863	-0.077297	-0.241094	-0.162083	-0.009965	-0.009747	-0.277928	0.260997	-0.308472	-0.026866	0.219626	-0.105588	-0.166242	-0.104799	-0.093584	-0.007775	-0.147969	-0.456987	-0.192487	0.069783	-0.148737	0.093372	0.214079	0.064860
-0.162772	-0.205719	0.232748	-0.001650	0.040674	0.078430	-0.219604	0.398694	-0.070826	-0.004228	0.190168	-0.060459	-0.269013	0.146542	0.088391	0.146402	0.187299	0.117005	-0.291812	0.026371	0.313341	0.390250	-0.136835	0.182293	0.238803
0.085077	-0.302289	0.315207	0.165553	0.145496	0.087212	0.135093	0.174610	-0.225716	0.174262	0.153580	0.190739	-0.224530	0.151916	0.156230	0.078591	0.227502	-0.139998	-0.317953	0.221550	0.157990	0.033684	0.106515	0.040816	0.437156
-0.029852	-0.274314	0.093648	0.302659	0.252043	0.053364	-0.018136	0.088832	-0.097801	0.025237	0.251670	0.098297	-0.222330	0.190102	0.052284	0.047487	0.266848	-0.090720	-0.472649	0.016450	0.334090	0.255997	-0.029431	-0.004486	0.306581
0.082448	-0.365644	0.338869	-0.098395	0.038207	0.185650	-0.074936	0.290302	-0.221694	-0.158100	0.225826	0.075435	0.128944	0.028725	0.162495	0.085704	0.154507	-0.306515	-0.520494	-0.065516	0.134854	0.016774	-0.032130	0.077992	0.092363
-0.085634	-0.062583	0.213438	0.021960	0.177760	0.164069	-0.157562	0.238918	-0.096257	-0.091691	0.295064	0.010532	-0.125560	0.240753	0.158854	0.063690	0.299277	-0.299360	-0.371862	0.333718	0.120706	0.370172	-0.008524	-0.045700	0.108779
-0.056796	-0.279245	0.195426	0.161133	0.152311	-0.127175	0.060019	0.433920	-0.139747	-0.017117	0.193352	0.204205	-0.239314	0.089301	0.223329	0.205854	0.197292	-0.203509	-0.383752	0.075379	0.034132	0.059315	0.196511	0.097959	0.284239
-0.219357	-0.162935	0.076779	0.349113	0.172758	-0.032370	0.111421	0.252045	-0.235771	0.045986	-0.010303	-0.028405	-0.431499	0.141960	-0.101955	-0.246958	0.254657	-0.080083	-0.353840	0.221665	0.141626	-0.008994	0.206540	-0.070231	0.202610
0.092673	-0.205483	-0.297216	-0.166473	-0.215535	-0.058591	-0.262507	0.150897	-0.208061	-0.071389	0.175701	0.221904	-0.054260	-0.305291	0.113768	-0.261658	-0.009744	0.011869	-0.462465	-0.142092	-0.187986	0.133255	0.083979	0.285195	-0.098653
0.095791	-0.321405	0.249267	0.133592	0.252003	-0.142101	0.106483	0.201969	0.096565	-0.049937	0.075811	0.283311	-0.231838	-0.062994	0.219401	0.068344	0.101225	-0.365653	-0.302511	0.397214	-0.216919	-0.031712	0.130513	0.007138	0.070519
0.236984	0.047160	-0.022074	0.097538	-0.186153	-0.173021	0.284762	-0.195475	0.160778	-0.206761	0.023840	0.068177	-0.108661	0.172651	0.039518	-0.103474	0.211199	-0.015106	0.112031	-0.422940	-0.200124	0.513075	0.125345	0.183636	0.176162
0.294253	-0.068806	0.063222	-0.026302	0.064594	-0.098525	0.055316	-0.424785	-0.031407	-0.357409	0.222697	0.031766	0.070734	0.014421	0.117642	-0.055397	-0.013414	-0.159746	-0.254982	-0.356913	-0.110720	0.176674	0.090197	0.459867	-0.154830
0.172610	0.077490	0.296433	-0.037986	0.021399	0.149566	-0.136075	-0.294879	0.192885	-0.179763	-0.064092	-0.199404	-0.155219	0.176383	-0.155169	0.040747	0.229378	0.012231	-0.039531	-0.001915	-0.329738	0.552593	-0.067253	0.278645	0.040926
0.354071	-0.271078	-0.182081	-0.006714	-0.099747	0.132220	0.201646	-0.253394	0.127729	-0.280853	0.085910	-0.038144	0.094625	0.041318	0.167209	-0.067410	0.009407	0.109721	-0.194366	-0.392681	0.128966	0.334230	0.239674	0.309370	0.053473
0.033593	-0.198386	0.241271	-0.268180	-0.019139	-0.097744	-0.330797	-0.135401	-0.093928	-0.014369	0.311557	-0.388592	0.085377	0.074087	0.135696	0.036885	0.142363	-0.039485	-0.003597	0.112044	-0.121796	0.427095	0.339454	0.153277	0.178015
0.200985	-0.301509	-0.133845	-0.065733	-0.081966	0.088464	-0.094229	-0.126290	-0.016136	-0.359745	0.144170	-0.115465	0.137894	-0.105080	0.204448	0.195577	-0.227640	0.212460	-0.273499	0.102638	0.179532	0.382594	0.011487	0.352677	0.218566
-0.030748	-0.179458	0.230005	-0.147339	0.154147	0.231392	-0.154219	0.056860	-0.219902	-0.356783	0.125174	0.041154	-0.071016	0.205202	-0.229632	-0.264708	0.162316	0.021903	-0.380547	0.020380	0.253225	0.394796	-0.134893	0.106113	0.058755
0.377048	0.032142	0.212889	0.117695	0.136882	0.017300	-0.186656	-0.111125	0.141647	-0.151419	0.290709	0.057265	-0.187770	0.210816	0.299429	-0.115706	0.108947	-0.207204	-0.175871	-0.269309	0.275607	0.360496	-0.053131	0.079484	-0.211081
0.100034	-0.367549	0.059700	0.093542	-0.249896	-0.267588	0.200813	0.019504	0.032002	-0.470720	-0.071736	0.286463	-0.055290	0.160500	0.362917	0.005183	0.080821	0.118723	-0.107922	-0.171195	0.084029	0.152982	0.305511	0.090563	0.062304
0.325463	-0.218761	0.118333	-0.148456	0.003615	0.149923	-0.363731	0.200633	0.013494	-0.110390	0.138028	-0.242537	0.083023	0.370193	-0.138474	-0.111958	0.100692	-0.154546	-0.244900	-0.182621	0.065464	0.441457	-0.069363	0.124958	-0.047938
0.046147	-0.233202	0.038899	-0.147180	-0.085022	-0.060808	-0.694064	0.170361	0.084564	0.121380	0.079345	0.036158	-0.055154	0.179233	0.115194	-0.047430	0.082447	-0.091686	-0.370408	-0.257839	0.169167	0.088109	-0.019190	0.250347	-0.012487
0.317948	-0.246997	0.156845	0.118108	0.022224	0.134333	0.079032	-0.228819	-0.050878	-0.649006	0.058465	0.129420	0.041316	0.195584	0.126525	-0.288086	0.172115	-0.094905	-0.078065	0.085844	0.200262	0.207156	0.002509	0.058069	-0.028125
-0.247113	-0.131734	-0.047166	0.197439	-0.071479	-0.048397	0.042321	-0.165775	0.357868	0.423280	0.106186	0.275248	-0.109372	0.181240	0.213764	0.083723	0.320703	-0.021443	-0.059872	0.104446	-0.368788	0.051103	0.250629	0.180629	-0.000965
-0.120715	-0.237735	-0.090910	-0.083559	-0.087804	0.026801	0.009891	-0.082125	0.322595	0.240375	0.149981	-0.185451	-0.062347	0.124665	0.161060	0.434476	-0.143768	-0.193897	-0.199481	0.374994	-0.332608	0.215643	0.196709	0.056088	-0.088727
-0.252763	0.103611	-0.146228	0.138244	-0.264945	-0.223240	0.066785	-0.047443	0.194481	-0.123578	-0.225361	0.105893	-0.291911	0.150225	-0.020889	0.244249	0.186037	-0.379812	-0.030873	0.281079	0.086677	0.213110	0.172461	-0.203747	-0.303577
0.300138	-0.320451	0.040096	0.116492	-0.000569	-0.133694	0.039474	0.016052	0.108877	-0.088400	-0.012821	0.181173	-0.372715	-0.023993	0.199942	-0.147183	-0.086777	-0.065756	-0.174730	-0.208274	0.245813	-0.274595	0.038457	0.092005	0.535760
-0.130265	-0.247610	-0.032627	-0.185286	-0.065134	-0.102655	0.212779	-0.280885	0.183050	0.026820	-0.000648	0.105206	-0.415989	0.031286	0.152473	-0.119555	0.005535	-0.064512	0.071706	0.224271	-0.362425	0.068012	-0.058767	0.478902	-0.249200
-0.224406	-0.272702	-0.105048	-0.032938	-0.109340	0.151587	0.125706	-0.014346	0.049627	0.183981	-0.191494	-0.144788	-0.073113	0.102656	-0.156730	-0.008992	0.487167	-0.310826	-0.095638	0.322450	-0.375053	-0.043235	0.018136	0.191634	0.226027
0.051290	-0.167305	-0.171337	-0.001623	-0.224675	-0.396223	0.415844	-0.281942	0.359458	-0.256464	-0.275223	0.089247	-0.111146	0.005065	0.118733	0.054912	0.232485	-0.065069	-0.131815	0.173131	-0.103433	-0.088233	0.183528	-0.083374	0.084807
0.055780	-0.547986	0.235091	-0.086504	0.021005	-0.137332	0.039359	-0.187173	0.245456	0.023893	-0.030900	-0.000304	-0.110863	-0.058385	0.358304	0.102249	-0.011786	-0.458706	-0.199635	-0.141673	-0.115983	-0.116791	0.153505	0.197546	-0.038702
-0.267178	-0.160791	0.019995	0.149195	-0.048676	-0.025617	0.276750	0.060397	0.187504	0.274048	-0.088844	-0.058448	-0.244898	0.187968	-0.076905	0.166035	0.220244	-0.350428	-0.163210	0.510486	-0.156067	0.165274	0.056107	0.181544	0.012742
-0.235449	-0.184316	0.095945	0.162412	0.064840	0.035432	-0.123472	0.406851	0.178062	-0.064610	0.022122	-0.165668	-0.438796	0.090597	0.285503	0.040193	0.160667	-0.224215	-0.171762	0.154704	-0.313060	-0.180960	0.077333	0.250532	0.109821
0.044537	-0.195751	-0.115224	-0.109768	-0.058035	-0.246547	0.196242	0.302905	-0.027488	-0.224444	-0.238804	-0.281468	-0.269182	0.211906	-0.204041	0.022983	0.224817	0.028532	-0.343193	0.212672	0.100585	-0.218760	-0.323437	-0.009286	0.126534
-0.142386	-0.414888	-0.142908	0.060419	-0.205141	0.168646	0.184534	-0.081161	0.029565	0.339082	0.165420	0.345760	0.018681	0.237721	-0.129228	0.021846	0.226266	-0.009618	-0.043522	-0.185748	0.035065	0.129832	0.072654	0.367379	0.299229
0.106154	-0.465252	-0.279894	-0.027514	-0.026794	-0.139110	-0.074739	0.006161	0.343068	0.441533	0.036780	0.005784	-0.108924	0.198977	0.095145	0.010757	0.096208	-0.082936	0.020544	-0.170226	-0.089440	-0.112191	0.031142	0.448955	0.155478
-0.022066	-0.209733	-0.450879	-0.061629	-0.252264	-0.092835	-0.179819	-0.069200	0.238397	0.247844	-0.005878	0.048919	-0.186524	0.252796	0.170059	-0.139060	0.025994	-0.047781	0.145389	-0.018176	0.122287	0.043991	0.124071	0.554311	0.086278
0.022107	-0.167846	-0.270203	-0.320972	0.015791	-0.097448	0.046631	0.107299	0.163945	0.212142	0.158721	0.104174	-0.275955	0.316142	0.006391	-0.282341	0.322949	-0.218589	0.016172	-0.077882	0.315016	0.073042	0.237510	0.281686	-0.096752
-0.099780	-0.210988	-0.177116	0.172494	-0.327526	-0.022488	0.211445	-0.225162	-0.056795	0.137195	0.069022	0.216589	-0.047452	0.229029	-0.267913	-0.096550	0.054887	-0.006949	-0.369622	-0.109408	0.355347	0.091661	-0.161386	0.316428	0.243296
0.035473	-0.123762	-0.232535	0.066020	-0.047769	-0.188401	-0.023380	-0.246682	0.287503	0.471849	-0.053595	0.134392	-0.278905	0.397503	0.154232	-0.161582	0.054892	-0.134748	-0.107809	-0.043654	0.002147	-0.051114	0.078506	0.407410	-0.066564
-0.153190	-0.309951	-0.058802	0.034987	0.037369	0.023477	0.166573	-0.116071	0.202911	0.396631	-0.080900	0.067006	-0.138651	0.468221	0.008780	-0.024064	0.163198	-0.264539	0.034674	0.182692	-0.100536	-0.048294	0.055727	0.415661	-0.253905
-0.017566	-0.150492	-0.339308	0.074710	0.029012	-0.178227	-0.025592	-0.294229	0.262651	0.352000	-0.097087	0.206985	-0.082111	0.308242	0.144154	-0.150410	0.190258	-0.115372	0.051986	-0.100881	-0.170995	0.115137	0.131569	0.450034	-0.146482
0.073009	-0.186399	-0.150352	0.338433	-0.165462	0.060489	0.019353	-0.321892	0.131244	0.273272	-0.076219	0.096846	-0.280831	0.145328	-0.010403	-0.206021	0.148148	-0.082851	-0.105470	0.137681	0.104598	0.158141	-0.173470	0.545134	0.126578
0.109934	-0.102497	-0.131686	0.081177	-0.096614	0.028804	-0.357937	-0.132178	0.137628	0.078768	0.233694	0.236642	-0.052594	0.153741	-0.123973	0.024828	0.106259	-0.115966	-0.278277	-0.384096	-0.093110	0.081027	0.270167	0.529257	0.039145
0.139409	-0.229477	-0.335953	0.163663	-0.212664	-0.278057	0.206173	0.006912	0.115733	0.139380	-0.466497	-0.038428	0.017325	0.142264	-0.247707	0.006978	0.249725	-0.159218	-0.116018	-0.040083	-0.236551	0.163199	0.203073	0.193704	-0.158636
0.353735	-0.262285	-0.163554	-0.084518	-0.007841	-0.174733	0.335020	-0.316563	0.007596	0.039734	-0.354166	0.283907	-0.174274	0.089595	-0.322272	-0.020606	0.201848	-0.137167	-0.095629	-0.046245	-0.192626	-0.031408	0.229753	0.033961	-0.126151
0.163057	-0.219328	-0.268878	-0.214279	-0.398163	0.026160	-0.317976	-0.093216	-0.030313	0.228659	-0.030168	0.003868	-0.020734	0.171579	-0.288177	-0.039284	0.211202	-0.224602	-0.335140	0.216826	-0.014054	0.067386	-0.328020	0.005029	-0.052431
0.131392	-0.396515	0.335303	-0.193542	-0.131254	0.077546	-0.492828	-0.158875	0.061073	0.093203	-0.128013	-0.169482	-0.016169	0.197090	-0.155613	0.008750	0.287512	-0.287608	-0.068487	0.086764	-0.163457	-0.159828	-0.045665	-0.003414	-0.177137
0.054253	-0.160837	0.107551	-0.140349	-0.229298	-0.167925	-0.267164	-0.009531	0.008009	0.183181	-0.337854	0.240173	0.021810	0.026080	-0.272306	0.176934	0.338560	-0.295684	-0.366052	0.168986	0.173386	-0.221888	0.052708	-0.169474	0.014861
-0.088083	-0.492452	0.021013	0.206212	-0.283191	0.122755	0.019011	0.052174	-0.125502	0.264726	-0.197706	0.204219	-0.086369	0.160705	-0.179196	0.090883	0.262582	-0.216137	-0.040472	0.248756	-0.132968	-0.049994	0.276629	0.284145	-0.107303
-0.011320	0.006235	-0.119325	-0.160449	-0.207522	-0.149204	-0.002451	0.057407	0.116227	0.317008	-0.111033	0.113233	-0.290165	0.143145	-0.019174	0.218053	0.397276	-0.254873	-0.323161	0.417747	-0.000706	-0.122021	0.247054	-0.140194	-0.046410
0.033383	-0.148401	-0.203444	0.043027	-0.081329	-0.331260	0.273263	-0.200588	0.262430	-0.034762	-0.253059	-0.010233	-0.087674	0.017992	-0.067325	0.005825	0.357266	-0.253448	-0.156683	0.227362	-0.298004	-0.070466	0.413793	-0.111571	0.100023
0.241207	-0.068905	-0.116143	0.022714	-0.123807	-0.083816	-0.062278	0.109643	0.107588	0.431589	-0.131095	-0.010270	-0.082702	0.336771	-0.258118	0.032444	0.122338	-0.359582	-0.490639	0.001047	-0.136151	0.191353	0.070116	0.021976	-0.190262
-0.188897	-0.428444	-0.238484	0.099588	-0.311175	-0.102742	-0.279226	0.137438	-0.064213	0.166144	-0.291921	-0.079617	-0.003642	0.324212	-0.305241	-0.129549	0.022217	-0.019666	-0.105829	0.226849	0.037682	-0.153896	0.065941	0.267064	-0.083888
-0.212698	-0.124077	0.036570	0.120445	-0.221995	-0.098400	0.072911	0.051460	-0.222832	-0.039291	-0.187483	-0.128547	-0.179499	0.221801	-0.444750	-0.159527	0.102707	0.046730	-0.513169	0.308267	0.225184	-0.064171	0.063459	0.128242	0.051470
-0.095589	-0.148539	-0.015432	-0.004393	-0.030586	-0.165776	-0.014494	-0.257269	0.196617	0.122807	-0.271648	-0.058747	-0.007711	0.420142	-0.337181	0.093703	0.433484	-0.055242	-0.319422	0.084859	0.012327	0.175318	-0.163102	-0.008055	-0.293166
0.207832	-0.255827	-0.258325	0.059291	0.039428	-0.021359	-0.021684	-0.200201	0.022342	0.121796	-0.093456	0.085667	-0.108786	0.287033	-0.396043	0.041205	0.229690	0.007323	-0.365856	-0.149904	0.121483	0.279531	-0.135840	0.099374	-0.404989
0.141386	-0.231917	-0.183336	-0.028306	0.002582	-0.046732	0.164688	0.058115	-0.038108	-0.036241	-0.181237	-0.239993	0.180607	0.268639	-0.205029	-0.007128	0.198289	-0.256851	-0.481343	0.197591	0.164082	0.318615	0.335665	-0.028541	0.033022
-0.308639	-0.047439	-0.054610	0.299835	-0.282448	-0.157341	0.017917	-0.191409	0.069538	-0.036818	-0.173023	-0.164591	-0.159783	0.211956	-0.101797	0.136027	0.262821	-0.178777	-0.465346	0.290677	0.016302	0.053052	0.151001	-0.015828	-0.278153
-0.180310	-0.047907	-0.104148	0.118114	-0.194158	-0.134837	-0.077103	-0.264059	0.238917	0.007605	0.040163	-0.121189	-0.039277	0.248786	-0.026504	0.293035	0.228795	-0.179735	-0.424038	0.352820	-0.043730	0.269026	0.155587	-0.039029	-0.310541
0.054483	-0.104625	-0.423622	-0.113818	-0.184636	-0.049318	0.067312	-0.027643	-0.074354	-0.172317	-0.251233	-0.177340	0.094275	0.056602	-0.335608	-0.100878	0.077586	-0.017922	-0.507387	0.203098	0.191178	0.131135	0.097339	0.277133	0.205216
0.028979	-0.076711	0.028775	0.112575	-0.302893	-0.019529	-0.053584	-0.003482	-0.121060	0.293075	0.344610	-0.131151	-0.242739	0.151272	0.142441	-0.023089	0.572158	0.237268	-0.355120	0.148823	-0.020726	-0.056762	-0.040097	-0.014069	-0.090857
-0.250311	0.038158	-0.321520	0.199171	-0.040986	0.019494	0.486941	-0.211253	0.176661	-0.066352	-0.004593	-0.162710	-0.261671	0.054600	-0.015592	-0.238282	0.190894	-0.154784	-0.272501	0.084250	-0.229444	0.115514	0.218907	0.175434	0.178954
-0.097184	-0.447955	0.076156	-0.002925	0.105142	0.014094	0.177478	-0.014669	0.133529	-0.218151	-0.147736	-0.048910	-0.248139	-0.195261	0.021504	0.085088	0.298517	-0.276585	-0.083966	0.398229	-0.227735	-0.145508	0.348629	-0.064444	0.118729
-0.212208	-0.195192	0.017453	0.036149	-0.108860	0.257430	0.057715	0.315467	-0.060528	-0.022997	-0.175891	-0.289979	-0.271548	0.088310	-0.010446	-0.009478	-0.037746	-0.159199	-0.159932	0.157767	-0.206905	0.039972	0.242553	0.344669	0.483795
-0.100577	-0.398451	-0.114023	-0.320792	-0.030649	-0.184161	0.122653	-0.425747	0.237309	0.065834	0.024288	-0.013410	-0.321127	0.136838	0.017658	0.030845	-0.070799	-0.206576	-0.090583	0.168886	-0.213375	-0.044929	-0.087468	0.356095	0.181955
0.006437	-0.257699	-0.097990	-0.147777	-0.188001	-0.164421	-0.126951	-0.329307	0.318958	0.047339	0.102297	0.030892	-0.318583	0.000652	0.388495	-0.025371	0.401677	0.036769	-0.183535	-0.211758	-0.001474	0.227872	-0.063387	0.222564	-0.002586
0.265761	-0.099830	-0.284639	0.014045	-0.285377	-0.044493	0.093502	-0.474602	0.263383	0.059122	0.034361	0.187412	-0.111998	0.005500	-0.056822	0.046015	0.199885	0.192971	-0.128376	0.236224	-0.286955	-0.163878	0.181758	0.315566	0.048964
0.194196	-0.190240	-0.142076	-0.245697	-0.175290	0.077992	-0.136215	-0.013768	0.074127	0.014401	0.084379	0.215304	0.084055	0.282323	-0.285565	0.176279	0.233924	-0.238156	-0.452213	-0.140438	0.280185	0.305070	0.049147	-0.118546	-0.087865
-0.060928	-0.170904	-0.190730	-0.010743	-0.220159	-0.096620	-0.083554	-0.068619	0.138488	0.317435	0.158074	0.088749	-0.259692	0.413321	0.353205	-0.108291	0.136352	0.000205	0.092847	-0.151230	0.244251	-0.031394	0.252229	0.395123	-0.055313
-0.109845	-0.098920	0.068205	0.370084	-0.086182	-0.074865	0.167611	0.050406	-0.037252	0.143418	0.257184	0.226466	-0.031288	-0.067896	0.394413	0.086060	0.164191	-0.298345	-0.049351	0.296797	-0.050964	0.397750	0.009727	0.154166	0.306217
-0.181737	-0.145272	0.331210	0.281476	0.021779	-0.120969	0.107468	-0.121156	-0.244222	0.061727	0.291160	0.303939	-0.300446	-0.097298	0.360596	-0.013609	0.207391	-0.263625	-0.154141	0.109545	0.096262	0.053166	0.093565	0.261835	-0.085859
0.033336	-0.453776	-0.140051	0.500715	-0.167904	0.092433	-0.043362	-0.169407	-0.057577	-0.053093	0.030135	0.200242	-0.004534	-0.006916	0.443414	0.148884	-0.017161	-0.202247	-0.121281	0.076948	0.110645	0.008502	0.166865	0.241625	-0.170212
0.041524	-0.122026	0.056621	0.098409	0.041604	0.104387	0.156874	0.354459	-0.040099	-0.053857	0.104966	0.184727	-0.294077	-0.160796	0.553995	0.171746	0.133362	-0.284766	-0.302890	0.117973	-0.149391	0.085562	0.095114	0.219331	-0.133771
-0.139304	-0.007222	0.010917	0.357251	-0.044561	-0.175561	0.174447	0.300969	-0.059763	0.049158	0.260886	0.243063	-0.038661	0.144309	0.460630	0.151534	0.252091	-0.248780	-0.248438	0.022452	-0.122694	0.197362	0.087762	0.229999	0.078150
-0.059591	-0.158323	-0.186721	0.191458	0.147211	-0.188926	0.494043	0.039588	0.140085	-0.078350	0.220982	0.388536	-0.122804	0.020173	0.245401	-0.105144	0.198326	-0.147512	-0.244727	0.024904	-0.084200	0.324677	0.156932	-0.119413	0.107403
-0.062850	-0.199096	-0.155543	0.064831	0.046467	-0.034716	0.468097	-0.074937	0.037903	-0.094174	-0.077583	0.448292	-0.198070	0.091175	0.146937	-0.021046	0.241662	-0.322799	-0.086381	0.274050	-0.002984	-0.160364	0.085386	0.147714	0.336230
0.010621	-0.242115	0.011384	-0.260794	0.106381	-0.172017	0.120687	0.140948	-0.132530	-0.160508	0.098534	0.414198	-0.271332	0.011425	0.349507	-0.154596	0.075438	-0.133053	-0.214440	0.487338	0.005404	0.055080	0.147732	-0.016183	0.146141
0.267220	-0.273861	-0.133840	0.243360	-0.232517	0.152201	-0.024140	-0.298953	0.035858	-0.219969	-0.128011	0.433796	-0.077683	-0.123789	-0.053342	0.144625	-0.020149	-0.111986	-0.294213	-0.096065	-0.087938	0.040490	0.286495	0.331233	-0.003012
-0.203608	-0.015011	0.019767	0.071741	0.152575	0.080020	-0.102673	0.197562	-0.056285	0.163967	0.121855	0.397342	-0.068330	0.239034	0.277338	0.175505	0.291186	-0.078885	-0.365335	0.368390	-0.196539	0.315351	0.031598	0.038086	-0.022429
-0.034044	-0.052311	0.092769	-0.034220	-0.002937	0.189730	0.258171	0.008226	0.103695	0.205363	-0.029499	0.214047	-0.180487	0.049043	0.151867	0.075533	0.522419	-0.328985	-0.241414	0.433351	-0.061987	0.240794	0.164182	0.060530	0.023833
-0.099265	-0.201877	0.021825	0.281152	0.035130	0.125231	0.128392	-0.118748	-0.016602	0.074322	-0.074222	0.364964	-0.219362	-0.037466	0.329775	0.090524	0.228715	-0.181637	-0.193750	0.391495	-0.230837	0.173972	0.296964	-0.003213	-0.252052
-0.064885	-0.180576	-0.009492	0.224744	-0.034737	0.148682	-0.039293	0.187804	-0.193309	0.153775	0.055933	0.123094	-0.182542	-0.025089	0.361895	0.135595	0.201208	-0.362397	-0.258941	0.037239	-0.362799	0.326851	0.145814	0.290965	-0.072268
-0.240556	-0.064953	0.129280	0.199682	-0.131287	-0.070227	-0.142172	0.085620	0.030980	0.103017	0.327357	0.114878	-0.469480	-0.034742	0.341358	-0.075875	0.272582	-0.118375	-0.166169	0.224743	0.098830	0.138647	0.188590	0.315432	-0.159040
-0.205603	-0.138413	0.423016	0.251370	-0.088823	0.034606	0.029810	0.183134	-0.147580	0.256431	0.003336	0.307793	-0.191880	-0.068760	0.363633	0.158737	0.349111	-0.192415	-0.237452	0.086985	0.019532	0.048698	0.048145	0.086744	0.190320
-0.116611	-0.174402	0.204026	0.265203	-0.007848	0.121473	-0.104425	0.539004	-0.100513	0.038460	-0.131939	0.260468	-0.118390	0.057159	0.103893	0.048831	0.015270	0.021353	-0.506268	0.001213	0.251967	-0.017291	-0.001436	0.006163	0.282242
0.185805	-0.122963	0.105586	-0.104591	-0.072719	0.045846	0.047052	0.242635	0.099743	-0.400690	0.118450	0.047556	-0.112631	0.106386	0.291485	0.113462	-0.001730	0.186727	-0.122542	-0.293769	-0.276457	0.421760	-0.070661	0.381153	-0.101938
0.124639	-0.149072	0.088272	0.270222	0.053579	0.072850	-0.227072	-0.043666	0.082841	-0.291938	0.051620	-0.183488	0.007341	0.281834	0.510305	0.225811	0.085915	-0.083427	0.022470	-0.190709	-0.173488	0.324880	-0.087316	0.316164	-0.077656
-0.384185	-0.241084	0.179807	-0.193932	0.020857	0.032152	-0.167149	0.017353	-0.165040	-0.033623	0.306655	-0.093511	0.095327	0.109763	0.155407	-0.105786	0.213986	-0.076723	-0.165795	0.210860	0.051503	0.614043	-0.040133	0.039398	0.022673
0.186391	-0.280831	-0.036894	-0.177701	-0.089407	-0.009117	-0.187902	0.019120	0.046362	-0.238393	0.093977	-0.262808	-0.001959	0.055497	0.272300	0.224640	-0.076420	-0.231675	-0.295126	-0.277638	-0.236950	0.048300	-0.299488	0.365415	-0.199335
0.100863	0.033613	0.074784	0.302787	0.059661	0.144720	-0.178585	-0.098850	-0.032673	-0.071627	0.415453	-0.022249	-0.075695	0.242818	-0.047236	0.073938	0.341609	0.062735	-0.146287	-0.166636	-0.132036	0.588265	0.120712	0.160310	-0.003854
0.089042	-0.334407	0.187216	0.078431	0.136252	0.124235	0.067215	0.165797	0.226657	-0.255038	0.314266	-0.114685	0.051598	-0.122557	0.357202	0.249456	0.177565	0.090751	-0.273431	-0.106102	0.160444	0.199965	-0.033307	0.364161	-0.109369
0.117588	-0.064877	-0.108846	-0.071640	-0.075500	0.048551	-0.364625	0.195744	-0.035997	-0.476442	-0.120043	-0.162071	-0.005554	0.327099	-0.073810	0.099891	0.125290	0.181134	-0.142465	0.249573	-0.002372	0.475956	-0.170745	0.080670	0.030782
-0.016349	-0.006031	-0.082208	-0.009254	-0.094086	0.116726	-0.077699	-0.272468	0.065723	-0.123151	0.132474	0.032308	-0.068690	0.299454	0.262274	0.231760	-0.025980	-0.278192	-0.173142	0.004090	-0.251226	0.552164	-0.010599	-0.035486	-0.397113
0.196058	-0.108028	0.197715	-0.217823	-0.058293	0.221860	-0.236571	-0.153623	0.245968	0.110165	0.266652	-0.169443	-0.152169	0.275163	0.271301	-0.007287	0.160278	0.019363	-0.297945	-0.040547	-0.017206	0.466188	-0.161482	0.082335	0.138662
0.198251	-0.116789	0.215688	-0.326290	0.127665	-0.038805	-0.017002	-0.085649	-0.271077	0.001322	0.259949	-0.188370	0.202586	0.272818	0.203197	0.004442	-0.067150	-0.144854	-0.353303	0.002003	-0.023887	0.469230	-0.026427	0.244491	0.061485
0.390575	-0.227401	0.173014	-0.190815	-0.052017	0.119832	-0.203487	-0.360742	0.233663	0.016389	0.212110	-0.076912	-0.053982	-0.036160	0.048100	0.093061	0.009187	-0.177476	-0.441715	-0.286697	-0.049697	0.218179	-0.096038	0.213733	-0.077157
0.234317	-0.148965	-0.223589	-0.124398	-0.126980	-0.377425	-0.227639	-0.278303	0.142034	-0.072371	-0.240045	0.270994	-0.063700	0.061874	-0.040615	0.089938	-0.001590	-0.229627	-0.302221	-0.028589	-0.004961	-0.194958	-0.114191	0.375356	0.242169
0.197044	-0.171423	-0.300152	0.111781	-0.226733	-0.063830	-0.103737	-0.105984	0.025483	-0.315402	-0.125856	0.130132	0.109993	0.222594	0.310589	-0.001053	0.154265	-0.099314	-0.054032	-0.425272	0.225040	0.421029	0.021310	0.082018	-0.090468
0.131826	-0.022235	-0.078906	-0.039309	-0.070032	-0.098396	0.087468	-0.259447	0.255231	-0.211440	0.108944	-0.085152	-0.207499	-0.001526	0.200453	-0.047396	0.413337	-0.107607	0.197584	-0.057273	-0.169258	0.091985	0.401222	0.476581	-0.142785
-0.124502	-0.060953	0.043634	-0.291943	-0.073237	-0.149494	0.106367	-0.118169	-0.076463	-0.052667	-0.164675	-0.414680	-0.053325	0.142924	0.051845	-0.084667	0.177397	0.027839	-0.349218	-0.058005	-0.114473	0.580579	-0.084132	0.227729	-0.182089
0.041508	-0.091137	-0.054765	0.006301	-0.114477	-0.215906	0.082759	-0.066834	0.111203	-0.417880	0.044931	-0.109489	-0.304863	0.101598	0.436895	0.058836	0.142535	0.238823	-0.283075	-0.031693	0.218002	0.355292	0.010346	-0.138402	0.256495
-0.019298	-0.104447	0.159633	-0.213648	0.160547	0.234451	-0.094758	0.184698	-0.123154	-0.346151	0.219045	-0.114059	-0.157636	0.306164	0.421645	-0.032175	0.071184	-0.009145	-0.349423	0.148885	-0.008519	0.322700	-0.154816	0.145443	0.040349
0.280222	-0.359960	0.116638	-0.095247	-0.329967	-0.075602	-0.229763	-0.305243	0.295875	-0.421263	-0.040624	-0.217811	-0.013391	0.075389	0.291729	0.159363	-0.054104	0.027392	-0.009061	-0.146699	-0.027458	0.071812	0.048134	0.126111	-0.169694
0.282585	0.069224	-0.203629	-0.032190	-0.032334	-0.023939	-0.167693	0.438035	0.010853	0.032666	0.001131	-0.187408	-0.219817	0.180913	-0.099843	0.027058	0.095947	0.147607	-0.340785	-0.127533	-0.079335	0.349772	0.303090	0.283608	-0.242602
0.256985	-0.409001	-0.009952	0.055488	-0.114805	-0.052528	-0.011362	-0.006774	0.103277	-0.292202	-0.082866	-0.134028	-0.118674	0.282361	0.422000	0.187770	0.145170	0.121037	0.066516	-0.003373	-0.113838	0.439582	-0.003171	0.196279	-0.185653
0.054521	-0.220692	0.014096	0.014136	0.041289	0.104067	-0.146418	-0.136140	0.438678	-0.314361	-0.016186	0.062716	-0.019557	0.372245	0.112310	-0.105816	0.074885	-0.191343	-0.171532	-0.135032	-0.250223	0.516222	-0.099415	-0.036569	-0.083705
-0.037159	-0.094784	-0.127113	-0.095423	-0.382894	0.089423	-0.123878	0.063292	0.267306	-0.164432	0.031149	-0.082646	-0.134412	0.325718	0.122690	-0.052110	0.059427	-0.033111	-0.166700	0.056139	0.278508	0.517652	0.163369	0.364822	0.036256
0.191122	0.146574	0.195628	0.002485	-0.004145	0.026439	0.022259	-0.076625	0.283443	-0.188448	-0.039174	-0.291392	-0.381327	0.169404	0.239404	-0.144098	0.073407	0.092016	-0.291204	0.287797	-0.057794	0.405376	0.155366	0.170328	-0.199608
0.223074	0.256384	0.174135	-0.032741	-0.001840	-0.040768	-0.186122	0.061186	-0.042721	-0.233482	-0.041717	0.009154	-0.328825	0.373686	0.118304	-0.123094	0.134589	-0.054068	-0.270513	-0.072924	0.275045	0.506850	-0.198431	-0.061828	0.052012
0.028786	-0.000996	-0.000253	0.066589	-0.231298	-0.257636	0.119203	-0.110893	0.097544	-0.364163	0.068453	0.092724	-0.227144	0.237561	0.176906	-0.247504	-0.004805	0.405164	-0.410286	-0.001594	0.329725	0.126925	-0.184750	-0.013328	-0.026470
-0.026252	-0.614465	-0.017968	-0.218279	-0.216870	-0.162480	-0.080718	-0.111040	0.189057	-0.339917	0.044285	-0.031081	-0.007566	0.387024	-0.064414	-0.086378	-0.035354	0.062699	-0.056990	0.110280	0.192908	0.209271	-0.073098	0.170391	-0.172783
0.424915	-0.350622	0.238201	-0.057646	-0.097591	0.063786	-0.067661	-0.017633	0.161572	-0.221348	0.115402	-0.069112	-0.164201	-0.054346	-0.072701	-0.141532	-0.239472	0.183272	-0.385209	-0.231113	0.263290	0.222800	0.095933	0.214126	0.052827
0.241682	-0.177447	0.027773	-0.065308	0.017227	0.007776	-0.029265	0.071205	0.033832	-0.440301	0.178345	0.254146	-0.316527	-0.090665	0.259911	-0.287390	-0.151963	-0.042611	-0.290821	-0.400283	-0.057624	0.246705	-0.039621	0.098751	0.060019
0.199483	-0.321263	0.203146	-0.020194	-0.031540	-0.017403	-0.416052	0.025356	-0.025035	-0.310573	0.120124	-0.224707	0.406324	0.339083	0.007528	0.058750	0.098490	0.032015	-0.069852	-0.119867	0.098488	0.052745	-0.024540	0.370128	0.120992
0.045199	-0.296217	-0.168053	-0.562650	0.002363	0.076133	-0.355805	0.220217	-0.118733	-0.014639	-0.161872	-0.052576	-0.045167	0.204488	0.150797	-0.098513	0.050568	0.108777	-0.221128	0.143588	0.008380	0.095723	-0.192250	0.326160	0.168654
0.289286	-0.048382	-0.267386	-0.262482	0.015628	-0.288738	0.025585	-0.075396	0.190701	-0.094289	0.429317	-0.287639	-0.315445	-0.136133	0.015410	0.188185	0.099671	-0.006246	-0.208158	-0.322061	-0.045762	0.097763	-0.153065	0.132999	0.088519
0.022997	-0.516918	0.014495	-0.014953	-0.075914	0.061031	0.024843	0.107758	-0.258574	0.227161	0.179899	0.192808	0.121689	0.081466	0.009139	0.124603	0.008745	-0.293267	-0.395537	-0.233871	-0.039456	-0.311957	0.109542	0.241561	0.136418
-0.370715	-0.225032	-0.099816	0.135498	-0.050779	0.175724	0.076149	-0.045672	0.063953	0.289228	0.011956	0.100071	-0.214136	0.069842	-0.085735	0.127585	0.405091	-0.213213	-0.160013	0.492131	-0.115731	0.151870	0.233754	0.026321	-0.029292
-0.098451	-0.078955	-0.037320	0.033290	0.115496	0.100254	-0.003269	-0.068687	0.100936	0.147646	-0.182783	-0.191289	-0.258962	0.149007	0.096151	0.101827	0.435395	-0.396492	-0.075589	0.341962	-0.446463	-0.015965	0.122326	0.241099	-0.022013
-0.106788	-0.447368	0.034226	-0.077823	-0.117012	-0.205901	-0.109905	0.165537	0.101059	0.312632	0.185978	0.101211	-0.254970	-0.019780	0.083686	-0.091864	0.149912	-0.179334	0.234487	0.385627	-0.094649	-0.001336	0.115782	0.413380	0.021446
0.027334	-0.039169	-0.177723	0.072254	0.254542	-0.020095	-0.069122	0.124835	0.016333	0.245007	-0.045834	0.066695	-0.087110	0.265861	-0.278267	0.266260	0.238538	-0.200738	-0.164044	0.356812	-0.317878	0.072947	0.308777	0.300934	0.195504
0.184505	-0.232992	0.174410	-0.309535	0.129442	0.144973	0.040837	0.273414	-0.373417	-0.087968	-0.032313	-0.185479	-0.182153	0.229404	-0.191026	-0.260559	0.166525	-0.024864	-0.361224	0.153326	0.215005	-0.165891	-0.061133	0.161587	0.111795
0.161448	-0.389913	0.001070	-0.270637	0.024713	0.048500	-0.144462	0.071718	-0.078613	-0.134261	-0.031229	-0.039185	0.054995	0.071883	0.159756	0.396592	-0.076238	-0.048011	-0.243497	0.101740	-0.171448	0.029593	-0.104102	0.463493	0.410211
0.161995	-0.004492	-0.050086	-0.183256	0.132511	-0.026021	0.073869	0.306350	-0.065571	0.146399	-0.045739	-0.251132	0.127131	0.165120	-0.006575	0.244599	0.213272	-0.397812	-0.473882	0.041136	0.100718	0.335411	0.155796	-0.219642	0.027518
-0.197776	-0.219907	-0.069766	-0.077867	-0.011598	0.044510	-0.090600	-0.044063	0.038688	0.092230	0.117409	-0.497055	-0.051520	0.239485	0.068362	-0.193486	0.266822	-0.058517	-0.280965	0.205334	-0.264323	0.391079	0.207985	0.228398	0.049051
-0.018853	-0.110088	-0.276382	-0.272843	-0.183237	-0.157589	0.220319	-0.058877	0.190483	-0.065426	-0.011427	-0.392460	-0.062998	0.275700	-0.057561	-0.114466	0.092600	0.205735	-0.291486	0.223827	0.022641	0.337343	-0.110980	-0.055130	0.345731
0.013283	-0.514559	-0.092751	0.112103	-0.153993	-0.010256	0.528749	-0.189962	0.047010	0.030648	-0.267486	0.059517	-0.038022	0.259691	0.023060	0.144700	0.231662	-0.201454	-0.152298	0.122556	-0.171942	0.133523	-0.156974	0.032336	-0.016221
0.068433	-0.337545	-0.251268	-0.071395	-0.237486	0.044633	-0.144857	0.038028	-0.155011	-0.193372	-0.187815	-0.028025	0.091488	0.058523	-0.460098	0.021639	-0.019405	-0.149882	-0.534846	-0.076065	0.202647	0.121855	0.060343	0.042808	-0.186588
-0.069130	-0.144417	-0.195384	-0.297600	-0.185557	0.026968	-0.281056	-0.089400	-0.036279	-0.093929	-0.071428	-0.047581	0.215034	0.211289	-0.446213	0.088092	0.308228	-0.033428	-0.510744	0.054479	0.072371	0.102337	0.089654	0.149874	0.063773
-0.098418	0.142951	-0.119596	-0.255236	-0.048103	0.021297	-0.079441	-0.065425	0.204448	-0.140582	0.201826	0.038191	-0.118528	0.106273	-0.025833	-0.302000	0.387774	-0.318725	-0.261647	0.483268	-0.222848	-0.129359	-0.151001	0.078111	0.082721
-0.150597	-0.168816	-0.198176	0.056235	-0.122122	0.012520	-0.013632	-0.338039	0.225205	0.290444	-0.190724	-0.008773	-0.138183	0.210526	-0.297600	0.014801	0.165195	-0.240505	-0.358707	0.101738	0.040963	0.294322	0.214802	0.001875	-0.307460
-0.035426	-0.084333	-0.144534	0.274130	-0.053726	-0.013582	0.025210	0.067364	0.163021	0.196320	-0.240828	-0.067998	-0.043607	-0.013598	-0.246088	0.106681	0.283419	-0.047264	-0.386865	-0.096496	0.046845	0.302691	0.076725	0.162191	-0.563951
0.094889	0.185476	-0.112769	0.090163	-0.056383	-0.037154	0.411851	0.133896	0.006395	-0.046881	0.031059	-0.139202	-0.176076	0.129510	0.193123	-0.150715	0.218165	-0.287496	-0.329484	-0.092908	-0.368498	0.298865	0.226391	-0.067222	-0.291458
-0.067484	0.174916	-0.300293	0.003828	-0.163028	0.085763	-0.127547	0.151111	0.082851	0.213787	0.213464	0.113469	-0.184827	0.157481	-0.119103	-0.078012	0.135978	-0.181502	-0.544128	0.083002	-0.181656	0.283167	0.170094	0.338273	-0.020954
-0.037457	-0.172003	0.007559	-0.084477	-0.163708	0.027999	0.198924	-0.383814	0.135163	0.430078	0.073696	0.130121	-0.031522	0.304642	0.265342	0.101785	0.291571	-0.046220	0.037492	-0.048749	-0.221402	0.253009	0.284681	0.248056	-0.025390
0.209409	0.051460	-0.092561	0.144285	-0.123133	-0.016167	0.254539	-0.264227	0.082652	0.068390	-0.287475	0.377008	0.056621	0.199615	-0.117366	0.149741	0.077444	-0.351329	-0.380793	-0.111501	-0.142189	0.184856	0.325633	-0.050888	-0.093112
-0.115171	-0.033472	-0.197547	0.208940	-0.200363	0.192443	0.069516	0.089712	-0.060866	-0.067808	-0.188799	-0.015164	-0.025876	0.259627	-0.240219	0.168511	0.486285	-0.016969	-0.262564	0.464852	-0.057235	0.096584	-0.025061	0.042382	-0.278754
0.056039	-0.013981	-0.293959	-0.025344	-0.161461	-0.016823	-0.404887	-0.124938	0.326849	-0.020057	-0.224806	-0.049111	-0.024905	0.149497	-0.390111	0.005150	0.058271	-0.264798	-0.406231	0.258525	0.039873	0.169043	-0.059088	0.111818	-0.129681
0.113928	-0.107298	-0.030704	-0.159016	-0.174078	0.031963	0.200530	0.001036	0.232627	-0.197263	-0.088485	0.150965	-0.155053	0.036209	0.091591	-0.059136	0.253895	-0.127480	-0.129577	0.605017	-0.474342	-0.048279	0.135799	0.085892	-0.012428
-0.243552	-0.398864	0.145553	0.072604	0.186125	-0.035303	0.192356	0.146646	0.120113	-0.011378	0.058828	-0.403460	-0.141784	-0.090156	0.147497	0.033719	0.120670	-0.377504	-0.308530	0.057993	-0.214099	0.122930	0.046307	0.170389	0.284721
0.190293	0.026532	-0.421403	-0.117468	-0.069859	-0.159761	0.042528	-0.336420	0.261888	0.048272	-0.168709	-0.063073	-0.044323	-0.000111	-0.369845	0.057183	0.273664	-0.090918	-0.462050	-0.040670	0.054847	0.022191	0.155350	0.231202	-0.039335
-0.104293	-0.240012	-0.130279	-0.040466	0.143731	-0.050465	0.280872	-0.189260	0.101819	0.018954	-0.240251	-0.214366	0.015057	0.072517	0.131801	0.417447	0.295763	0.034512	-0.139993	0.320656	-0.306897	0.148793	0.328388	0.149885	0.075889
0.146146	0.031543	-0.211911	0.133163	-0.061078	-0.128934	-0.278905	-0.017849	0.390744	0.131180	0.067900	-0.335144	-0.249555	0.096237	0.142883	-0.024447	0.039189	-0.126954	-0.326585	0.342775	-0.320554	-0.111445	0.109534	0.158172	0.207789
0.138183	-0.197698	-0.411025	-0.006262	-0.155016	-0.111220	-0.115305	0.165364	0.188472	-0.211448	-0.068651	-0.292959	-0.117484	-0.224068	0.043025	0.202743	0.157035	-0.150323	-0.224855	0.030484	-0.206782	0.074219	-0.181562	0.186399	0.450936
0.138764	0.062522	0.084459	0.190798	0.173035	-0.144981	-0.229343	0.305079	-0.077289	0.168392	0.302288	0.297542	-0.135036	0.066790	0.212581	0.034753	0.043540	-0.349293	-0.423232	0.004914	-0.136959	0.253305	0.187388	0.174829	0.041019
-0.106831	-0.114873	-0.153258	0.265624	0.017263	-0.156766	0.181774	-0.251425	0.096348	0.156985	-0.072334	0.311411	-0.259848	-0.070694	0.054830	-0.112909	0.437169	-0.313334	-0.141055	0.360288	-0.087692	0.020281	0.151396	-0.220243	0.131455
-0.219937	-0.058022	0.216647	0.458439	-0.065317	-0.072707	0.126008	0.121721	-0.015489	0.248572	0.120517	0.203474	-0.335709	0.155619	0.397426	-0.018634	0.284221	-0.140928	-0.206549	-0.061551	-0.026564	0.059507	0.112331	0.262208	0.070946
0.128810	-0.028461	0.144835	0.185381	0.123428	0.046839	-0.045292	0.204134	0.021214	0.149289	0.217966	0.322628	-0.144787	0.186833	0.354796	0.240013	0.069524	-0.242374	-0.425820	0.082451	-0.124314	0.115199	0.190496	0.196686	0.311470
0.000469	-0.150429	-0.038783	0.087024	0.008844	-0.095563	0.253815	0.215495	-0.270041	-0.024895	0.210703	0.392208	-0.105748	-0.025884	0.448723	0.089002	0.233505	-0.266333	-0.105037	0.350109	-0.207726	0.168314	0.084825	0.064400	-0.115939
-0.068363	-0.056631	-0.247451	-0.004329	-0.004783	-0.047302	0.450840	-0.116202	0.067389	0.028134	0.020676	0.052648	-0.128371	0.082497	0.093519	0.210779	0.459169	-0.022555	-0.414785	0.325105	0.007239	0.225520	0.269561	-0.034291	-0.114118
-0.080478	-0.283300	0.241997	0.354451	0.006634	-0.117814	0.144669	0.101018	0.060605	0.055734	0.190042	0.317360	-0.338584	0.105641	0.380821	0.155381	0.296847	-0.224384	-0.002577	0.154383	-0.065639	0.116558	0.078765	0.078355	-0.229966
0.062911	-0.025040	0.008798	0.378077	0.093116	-0.040702	0.005342	0.127672	0.172413	0.038747	0.369796	0.088906	-0.172422	0.000698	0.382187	0.175828	0.330131	-0.125758	-0.323451	0.230676	-0.202497	0.226961	0.219607	0.139551	-0.017160
-0.007608	0.090788	0.203852	0.305939	0.214464	-0.187751	0.069079	0.207223	0.007130	0.140586	-0.046585	0.101900	-0.355647	0.025607	0.101137	-0.041913	0.218278	-0.191083	-0.402551	0.487729	-0.086531	-0.018132	0.167992	-0.054788	0.181569
-0.126113	-0.005607	-0.074294	0.249063	0.032056	-0.111181	0.374539	0.052244	-0.065670	0.179920	-0.029657	0.399681	-0.242115	0.147068	0.159421	-0.094967	0.303390	-0.223900	-0.299130	0.392109	0.017268	0.075829	0.237569	-0.013210	0.007529
-0.118699	0.018214	-0.034630	0.352949	-0.008333	-0.018675	-0.030564	0.140398	-0.185553	0.226020	0.064729	0.316708	-0.521090	0.043713	0.077895	0.049151	0.195720	0.010824	-0.379332	0.285350	-0.050575	0.076040	-0.012712	0.182849	0.247244
-0.086964	-0.076839	0.242664	0.155697	0.041929	0.049925	-0.001393	0.144611	-0.161344	-0.085517	0.202532	0.166016	-0.264124	0.037965	0.438473	-0.045249	0.364720	-0.273763	-0.148239	0.259041	-0.181801	0.143180	0.166073	0.272608	0.241485
-0.088194	-0.154280	0.142702	0.281645	0.075382	-0.123390	0.225093	0.069548	-0.116535	0.180137	-0.128577	0.227273	-0.232225	0.170271	0.253009	-0.025253	0.340218	-0.261534	-0.149637	0.471507	-0.076829	-0.037545	0.237345	0.194373	0.015781
0.050595	-0.397947	0.224909	-0.063343	0.403252	-0.105138	0.015901	0.352172	0.054940	0.164271	0.050555	0.040521	-0.088030	0.092558	0.119407	0.080939	0.024499	-0.416916	-0.208186	0.238951	0.019262	0.318259	-0.130357	0.142346	-0.037920
-0.047378	-0.322911	0.111490	0.198435	0.132294	-0.013445	-0.117131	0.412613	-0.147884	-0.008787	0.139232	0.013239	-0.171220	0.013072	0.288482	0.007960	0.204665	-0.391801	-0.242798	0.065585	0.078822	-0.191954	0.288964	0.169559	0.267932
-0.041794	-0.187223	-0.054690	0.241417	0.000535	-0.020428	-0.048798	0.452345	-0.104426	0.283731	0.251945	0.103682	-0.290566	-0.191933	0.175139	-0.009869	0.078328	-0.107973	-0.470135	0.057948	-0.005134	0.076727	0.087006	0.243685	0.248589
-0.062954	-0.002982	0.180371	0.170973	0.057161	0.039654	0.027330	0.357504	-0.108208	0.183106	0.160840	0.241164	-0.370131	0.047470	0.249376	-0.113792	0.241983	-0.203855	-0.407716	0.280535	-0.168389	0.154739	0.137870	0.111681	0.168487
0.106190	-0.085819	-0.317064	-0.201369	-0.103547	-0.065104	-0.093579	0.092945	0.151164	0.124543	0.225517	-0.073740	0.046109	0.161378	0.371562	0.069297	0.320072	-0.025791	0.096839	-0.255267	-0.142641	0.367841	0.161099	0.416205	-0.098762
0.270967	0.158446	0.014216	-0.210159	0.042535	-0.097830	-0.146081	-0.173914	-0.003761	-0.144626	0.155817	-0.159670	0.098694	0.295571	0.329812	0.090373	0.036809	-0.006690	-0.385878	-0.059693	-0.007291	0.551131	-0.127853	0.129656	-0.136257
0.081701	-0.123407	0.188415	-0.035129	-0.094715	0.111604	-0.157865	-0.061759	0.202236	-0.269595	0.111981	-0.112359	0.102451	0.398867	0.410227	0.205192	-0.135987	0.068526	-0.181923	-0.107442	0.035536	0.381368	0.104832	0.320602	-0.210154
0.167212	-0.069023	0.175614	-0.182728	0.011172	0.034930	-0.170948	0.055654	0.176287	-0.020008	0.031740	-0.156606	-0.136753	0.346165	0.420431	0.036241	0.151350	0.074756	-0.110011	-0.127163	-0.320035	0.482786	-0.035933	0.179356	-0.264632
0.110028	0.133316	0.102957	-0.054339	-0.106949	-0.083030	-0.311966	-0.083320	0.240358	0.040894	0.185866	-0.250176	-0.045015	0.241432	0.204979	-0.224750	0.004295	0.029498	-0.285572	0.136268	0.020663	0.643860	0.057887	0.050064	-0.051956
0.092442	0.202336	0.308721	-0.094712	0.181810	-0.093678	-0.141363	-0.023458	0.007486	-0.020279	0.117141	-0.183694	-0.205615	0.289583	0.239252	-0.109004	0.159897	0.172743	-0.324400	-0.169111	0.144238	0.491136	0.063990	0.257003	-0.138829
-0.020355	0.127898	0.069397	0.197313	-0.090647	-0.061671	-0.026903	0.130453	0.235090	-0.263913	0.004027	-0.005164	-0.284283	0.368558	0.289477	-0.181056	0.031013	0.124579	-0.343819	0.016503	0.170861	0.371431	-0.233844	-0.110372	-0.287301
-0.050169	-0.009489	0.245759	-0.093393	-0.068157	0.071366	-0.313997	0.050259	0.112417	-0.166146	0.235407	-0.246052	-0.225971	0.083763	0.420911	-0.107322	0.021352	-0.021643	-0.202292	0.224062	-0.176592	0.392879	-0.023296	0.288425	-0.230502
0.219956	-0.051766	-0.207371	-0.069355	-0.209901	-0.308532	-0.241547	0.053163	-0.031008	-0.332890	-0.078294	-0.221602	-0.114242	0.141968	0.392627	-0.053111	-0.045111	0.155089	-0.284061	-0.215406	0.102449	0.281669	0.230899	0.209125	0.058727
0.202942	-0.089274	0.165205	0.031212	0.007701	0.055183	-0.130079	0.047540	-0.008013	-0.314564	0.188745	-0.254616	-0.049307	0.068621	0.445471	0.127421	0.148526	-0.059082	-0.048487	-0.145240	-0.052265	0.417172	0.137801	0.302013	-0.378209
-0.055151	-0.184842	0.315738	0.087055	0.011976	0.135170	-0.177746	0.077066	-0.008486	0.104125	0.018656	-0.232461	-0.027548	0.530725	0.165340	0.004564	0.173612	-0.065126	-0.131735	0.170194	-0.138956	0.444872	-0.040151	0.227699	-0.270386
0.203664	0.007511	0.253651	0.034668	0.139612	-0.027170	-0.341076	0.098349	0.178544	-0.054194	0.151691	-0.185501	-0.113253	0.383413	0.166680	0.036915	0.068423	-0.056015	-0.384164	0.078604	-0.034054	0.477624	-0.075668	0.172859	-0.197502
-0.086246	0.002432	0.179352	-0.029983	0.092148	0.037619	-0.189991	-0.016568	-0.019747	0.007230	0.129038	-0.185503	-0.153757	0.316994	0.385724	-0.058299	0.003086	0.001169	-0.254869	0.273774	-0.267559	0.592087	-0.015347	0.114926	-0.099398
0.471400	-0.135809	0.178033	-0.284541	-0.029272	-0.028655	-0.226328	0.067216	0.072620	-0.056929	0.146167	-0.106164	-0.035959	0.287771	0.393030	-0.073626	0.165723	0.061124	-0.000902	0.106212	0.123138	0.430312	-0.138253	0.112495	0.171835
-0.073267	-0.445572	0.069657	-0.104667	-0.292383	-0.091296	-0.334459	0.132917	-0.251028	-0.200778	-0.022381	0.022994	0.062160	0.198768	0.325639	0.113640	0.122848	0.126324	0.111543	-0.129806	0.148612	0.070537	-0.082650	0.426299	0.119544
0.337115	-0.340215	-0.364293	0.104118	-0.068777	-0.119168	0.095626	-0.180179	0.132393	0.254826	-0.179370	0.209463	0.098826	0.311781	-0.263995	-0.088685	0.004355	-0.105928	-0.181743	0.027688	-0.072686	0.304934	0.102139	0.174876	0.197872
-0.165360	-0.010245	-0.177404	0.022113	0.154433	0.007515	0.152678	-0.026190	0.141136	-0.023437	-0.130969	0.298534	-0.371120	0.193949	0.190065	0.127858	0.317142	-0.217988	0.185844	0.288188	-0.335309	0.295199	0.098559	0.248069	-0.040125
0.021543	-0.062727	-0.004463	-0.032492	0.143139	-0.227379	-0.030944	0.118173	0.398272	-0.325003	0.095073	-0.184363	-0.194232	0.104748	-0.035988	0.117018	0.432412	-0.175305	-0.244676	0.335325	-0.362562	0.015634	0.055756	0.035853	0.101683
-0.131438	0.031905	0.023326	0.149910	-0.178233	-0.002532	0.111768	-0.209441	0.165577	0.194152	-0.125563	0.277711	-0.320896	0.207959	0.186978	-0.167929	0.421138	-0.191176	0.045727	0.353611	-0.305603	-0.005585	0.189934	0.097161	-0.152314
0.156927	0.174951	0.038077	0.104129	0.040353	-0.119913	-0.282224	0.310658	0.053391	0.162936	-0.075970	-0.079021	-0.085384	0.261283	0.190199	0.053639	0.004133	-0.032100	-0.332616	0.068354	-0.224793	0.467188	0.303029	0.255070	-0.205531
-0.261741	-0.266410	0.007959	0.028118	0.126174	-0.017586	0.027459	0.072182	0.267634	-0.122712	0.054553	-0.108222	-0.139301	-0.101897	0.010495	0.193060	0.347939	-0.181621	-0.084049	0.490822	-0.383991	0.001546	0.251310	0.209092	0.112161
-0.167366	-0.123868	0.047902	0.060619	0.037356	0.001695	0.154361	0.137403	0.113204	0.201207	-0.164935	0.224766	-0.334043	0.127528	0.105590	0.223383	0.434274	-0.202915	-0.090117	0.543510	-0.106417	0.137011	0.149219	0.022350	0.022290
-0.132898	-0.230762	0.091579	0.106309	0.098984	0.111103	0.065120	-0.018457	0.115928	0.115636	-0.025183	0.082678	-0.293999	0.221226	-0.059246	0.049896	0.424556	-0.304059	0.025041	0.412624	-0.311655	0.013929	0.256414	0.204172	-0.242233
0.044345	-0.030583	0.081428	-0.167916	0.013726	-0.202761	-0.104572	0.063229	0.141435	0.179278	0.100402	-0.209261	-0.327045	0.150658	0.284759	0.073613	0.156902	-0.124370	-0.226783	0.414564	-0.184522	0.508472	0.063041	-0.078910	0.132995
-0.169390	0.061645	0.137817	0.298043	0.225312	-0.161313	-0.099169	0.144684	0.062126	0.176222	0.080646	0.293091	-0.279207	0.213264	0.185803	-0.048851	0.379259	-0.124328	-0.376488	0.340348	-0.009544	0.194403	0.086639	-0.027648	-0.037835
-0.197316	-0.306766	0.176647	0.041419	-0.047140	0.010882	-0.041571	-0.040026	0.019392	0.404142	-0.070640	0.219672	-0.428489	0.232978	0.131603	-0.062358	0.334849	-0.198007	-0.187927	0.261468	-0.134520	0.076021	-0.025857	0.144622	0.227720
-0.170990	-0.025531	-0.114516	0.083290	-0.106718	-0.063511	0.193392	-0.235735	0.022195	0.021065	-0.203766	0.091258	0.053713	0.133379	-0.078537	-0.015819	0.259768	-0.026521	-0.161603	0.677105	-0.097239	0.166663	0.158762	0.270036	0.275065
-0.106501	-0.149522	0.251506	0.143762	0.403401	0.097155	0.172381	-0.011713	0.164377	-0.072885	0.094988	-0.138154	-0.112125	0.097255	0.209932	0.019265	0.179337	-0.300669	-0.144320	-0.021201	-0.024356	0.454620	0.334667	0.294195	-0.061436
0.027204	-0.195227	0.181820	-0.069655	0.229460	-0.021450	-0.263942	0.288647	0.173291	-0.009868	0.010132	-0.048176	-0.352369	0.239250	-0.071120	-0.042105	0.016828	-0.182370	-0.427107	0.350829	-0.299908	-0.140940	-0.023898	0.215178	0.025094
0.138605	-0.261377	-0.085431	0.108776	-0.149723	-0.303493	0.165591	-0.273191	0.281413	0.134759	0.005146	0.232838	-0.180793	0.188273	0.079606	0.174203	0.165845	-0.331951	0.041243	0.338413	-0.125504	-0.044682	0.333110	-0.027205	0.192303
0.007399	-0.047494	0.043055	-0.055718	-0.138174	0.024556	-0.306371	0.045850	-0.023427	0.154966	0.125196	-0.151284	-0.005300	0.450606	0.100723	0.104972	0.278883	-0.222815	-0.056902	0.232818	-0.165868	0.312137	0.123797	0.484607	-0.172433
-0.001828	-0.326085	-0.073197	-0.023170	-0.102968	-0.026052	0.347665	-0.113512	0.364512	-0.181579	-0.011718	-0.141076	-0.041207	0.255971	0.160645	0.021626	0.231165	-0.274894	-0.016041	0.315723	-0.326194	-0.058755	0.341412	-0.088282	-0.014378
0.181612	-0.076409	-0.151605	-0.305258	0.041524	-0.231372	-0.176865	-0.026825	0.039163	0.076936	-0.286402	-0.108679	-0.272322	0.036645	-0.014436	0.145216	0.120275	-0.135845	-0.318143	0.353960	-0.326894	-0.021140	0.389351	-0.191676	0.067844
-0.094264	-0.257957	0.072031	0.130047	0.002121	0.021612	-0.013002	0.045321	0.134310	-0.014030	-0.035889	0.003815	-0.155714	0.235442	0.137970	0.245096	0.324731	-0.174925	0.049991	0.530666	-0.378733	0.236546	0.130290	0.264072	0.123265
-0.129595	-0.393246	0.015460	0.061768	-0.050098	0.022337	-0.054300	-0.011324	0.117184	0.164723	-0.035911	-0.000314	-0.290750	0.117796	-0.048953	0.020600	0.243583	-0.282031	0.000119	0.452532	-0.392791	0.077061	0.229954	0.343562	0.015478
-0.092871	-0.110688	0.095030	-0.058038	-0.237525	-0.032895	-0.011464	-0.227035	0.290055	0.326684	-0.185934	-0.024668	-0.047578	0.280437	-0.035562	0.114601	0.296248	-0.287232	-0.117768	0.234984	-0.313166	0.323935	0.216203	-0.098160	-0.193569
0.055969	0.024086	0.252709	-0.152458	0.113846	0.160341	-0.087152	0.160867	0.243836	0.022521	0.049041	-0.253960	-0.390893	0.102280	0.090290	0.003486	0.237482	-0.333403	-0.178954	0.332559	-0.304576	0.284854	0.134023	0.182758	0.057497
-0.082813	-0.244784	0.244024	-0.049002	-0.114047	0.058865	-0.268345	-0.423700	0.131772	0.093427	0.038093	-0.174365	-0.036319	0.038356	-0.076387	0.179602	0.088461	-0.244863	-0.453435	0.330927	-0.114205	-0.072655	-0.210758	0.240479	-0.031186
0.058784	-0.284585	-0.174061	0.138139	-0.263520	-0.114460	-0.278710	0.031853	0.291198	0.501705	-0.097787	0.199321	-0.221060	-0.003910	0.186637	0.019128	0.105862	-0.059715	0.021806	-0.001441	-0.166318	0.120494	0.190590	0.374005	0.037767
0.088511	0.010998	-0.178072	0.114396	-0.039147	-0.064984	-0.041054	0.074847	0.267314	0.488903	-0.007504	0.169779	-0.346372	0.350577	0.161641	-0.069425	0.296425	-0.292315	0.018583	-0.010648	-0.124819	0.069651	0.243534	0.240979	-0.097115
-0.075289	-0.087690	0.014484	-0.035300	0.222121	0.013477	-0.097807	0.017305	0.310829	0.295773	-0.075031	0.096186	-0.434267	0.370833	0.064584	-0.113822	0.299987	-0.177487	-0.045042	0.042849	-0.265496	-0.000974	0.250095	0.306653	-0.176524
-0.133204	-0.324320	-0.213509	0.060457	-0.235929	-0.045510	-0.451240	0.076285	0.014409	0.333774	0.048369	0.069515	-0.050419	0.344667	-0.045616	0.022674	0.108603	-0.074259	-0.170839	0.048163	0.042433	-0.034153	-0.034088	0.514521	0.016415
0.051270	-0.282788	0.257493	0.017792	-0.143962	-0.088490	-0.221504	-0.254233	-0.103552	0.104268	-0.172673	-0.060465	-0.239563	0.153008	0.002688	0.201856	0.154020	-0.222953	0.051572	0.438790	-0.151845	-0.236083	0.318683	0.257927	-0.128072
0.278066	-0.004096	0.170618	0.320150	0.008026	0.088251	0.043322	-0.227395	0.144024	0.107690	-0.316106	0.123892	-0.209238	0.320944	0.205299	0.083160	0.263013	-0.126177	-0.122273	0.257226	0.199307	-0.087339	0.269525	-0.156310	-0.274804
-0.142691	-0.233139	0.061214	0.050919	-0.053088	0.112901	-0.431865	-0.093369	0.016100	-0.056658	0.172487	-0.054358	-0.247807	0.143520	-0.045092	0.040946	0.373155	-0.045016	-0.097953	0.495087	-0.187551	-0.154375	0.339063	0.114931	0.055736
-0.015932	-0.241478	-0.202212	0.188989	-0.079532	-0.012522	0.185482	-0.262751	0.161497	-0.158066	-0.078777	-0.011728	-0.098575	-0.145797	0.011867	-0.018436	0.223958	0.020230	-0.153658	0.421672	-0.258074	-0.223095	0.516473	0.159325	-0.074529
-0.068192	-0.070973	-0.000970	0.169734	-0.151894	-0.231213	0.093871	-0.066463	0.049197	0.134092	-0.285944	0.147771	-0.226302	0.344409	-0.123824	-0.094865	0.338538	-0.119524	-0.125533	0.369104	-0.131246	-0.081277	0.292872	0.032707	-0.402509
-0.002021	-0.014912	-0.146772	0.175257	-0.262039	-0.254766	0.204310	0.028883	0.122856	0.181495	-0.256562	0.252934	-0.122572	0.414106	-0.170384	-0.027807	0.112182	-0.305493	-0.220332	0.255510	-0.059591	-0.116972	0.330533	0.035999	-0.172337
-0.147031	-0.339143	0.111621	0.259706	-0.077294	-0.014123	0.062257	-0.198534	0.052718	0.270995	-0.296463	-0.113889	-0.010412	0.311213	-0.170160	0.023029	0.327468	-0.301471	-0.115623	0.201124	-0.150789	0.017959	0.328323	0.132031	-0.173894
-0.024183	0.214877	-0.110223	0.188561	-0.060780	-0.241337	-0.140287	-0.155381	0.086416	0.132331	-0.112018	-0.024387	-0.189437	0.271950	-0.062406	0.030989	0.214279	-0.077640	-0.421122	0.285620	-0.151271	0.136822	0.214729	-0.037051	-0.496998
-0.101026	0.065041	-0.191394	0.013574	0.052525	-0.179431	0.055522	-0.115283	0.015628	0.113111	-0.266371	-0.082523	-0.086388	0.373829	-0.314686	0.046272	0.132203	-0.033865	-0.433277	0.308591	0.265058	0.058310	0.244529	-0.016880	-0.350602
0.000650	0.004663	-0.196268	0.102317	0.063672	-0.192436	0.007721	-0.178704	0.157580	0.103169	-0.255972	-0.153802	-0.051530	0.201884	-0.279928	-0.005225	0.323036	-0.145587	-0.420320	0.338692	-0.159264	0.115800	0.145746	0.065895	-0.387514
0.018567	0.202753	-0.122267	0.227664	-0.051610	-0.214095	0.020490	-0.116210	0.195833	0.208617	-0.275338	0.053231	-0.193676	0.252909	-0.173349	0.016145	0.201945	-0.158390	-0.480521	0.233329	-0.078418	0.068280	0.153613	0.100951	-0.375805
0.031278	0.051180	-0.224214	0.296948	0.016896	-0.192036	-0.111820	0.115142	0.064146	0.155841	-0.246652	-0.220079	0.086079	0.284133	-0.086525	0.070873	0.183416	-0.186889	-0.473301	0.157173	-0.067901	0.089191	0.277962	0.120220	-0.367610
0.007678	-0.011609	-0.131417	0.076218	0.204367	-0.159373	-0.023252	-0.109053	0.075899	0.350556	-0.247860	-0.094320	-0.212128	0.161584	-0.204750	-0.107664	0.318096	-0.243359	-0.420367	0.186419	-0.095826	0.062282	0.318109	0.021255	-0.294872
-0.051060	0.092715	-0.160094	0.147582	0.158912	-0.150661	-0.131484	-0.169540	0.094656	0.286219	-0.211248	0.042921	-0.212516	0.215984	-0.252270	-0.022114	0.205555	-0.060878	-0.514732	0.368385	-0.061947	0.119155	0.134271	-0.003090	-0.267254
-0.023966	-0.005164	-0.268999	-0.208236	-0.100526	0.071364	-0.120434	-0.141969	0.140452	0.055942	-0.057555	0.098009	-0.054147	0.244232	-0.516330	-0.133942	0.271148	-0.069354	-0.445392	0.210337	0.151255	0.155903	0.081051	0.188273	-0.201935
-0.307721	0.031771	-0.205519	0.251495	-0.043421	-0.172306	0.222005	0.209091	0.140932	0.135959	0.086996	-0.102011	-0.111116	0.263535	0.036099	-0.159706	0.310034	-0.254064	-0.210895	0.070367	-0.159279	0.143055	0.040975	0.330804	-0.377175
-0.118929	-0.176186	0.029170	0.228459	0.072889	-0.011945	0.184284	-0.212959	0.319484	0.156955	-0.084211	-0.004385	-0.201075	0.171418	0.281542	-0.104159	0.250907	-0.258589	-0.132205	0.069535	-0.393380	-0.014887	0.290759	0.358763	0.053859
-0.142208	0.204951	-0.071100	-0.116219	-0.098370	-0.128705	-0.134444	-0.023908	0.208346	0.093530	0.136274	-0.210726	-0.349497	0.068808	0.472718	-0.148029	0.232097	-0.078100	-0.283864	0.259537	-0.143096	0.257787	0.176516	0.244659	-0.032833
-0.165054	0.160388	-0.144214	0.291869	-0.151635	-0.212868	0.282844	-0.074903	0.200617	0.204281	-0.098976	-0.124944	-0.108690	0.210133	0.219818	-0.146378	0.310805	-0.283718	-0.343633	0.011084	-0.243191	-0.125874	0.160442	0.214811	0.108886
-0.159280	0.060377	-0.297187	-0.162477	-0.185434	0.046910	0.363959	-0.186334	0.117295	0.013177	-0.125611	-0.133187	-0.097544	0.164223	0.136939	-0.364273	0.242146	-0.177379	-0.380641	0.033736	0.049633	0.332424	0.136986	0.175089	-0.136381
0.109826	0.093710	-0.043064	0.024224	0.035295	-0.339894	0.139368	-0.064240	0.259156	0.006384	-0.042127	-0.095000	-0.236844	0.266177	0.377689	-0.110412	0.326690	-0.185026	-0.248873	0.252871	-0.259081	0.178927	0.314378	0.081603	-0.071632
0.173952	-0.190733	0.140184	-0.291159	-0.145523	0.010595	-0.413092	0.151788	0.120217	0.085708	0.106733	-0.213025	-0.058592	-0.047377	-0.021211	-0.223659	0.390159	-0.261847	-0.347989	0.031025	-0.269624	-0.039936	0.211804	0.114995	-0.063398
0.056092	-0.403773	-0.289120	-0.033357	-0.291599	0.249324	-0.149484	-0.263158	0.131242	0.344626	-0.173430	-0.047379	-0.020439	0.084950	-0.202857	0.094368	0.151735	-0.140779	-0.207627	0.312367	-0.010741	-0.024398	-0.030337	0.314469	-0.016681
-0.219000	-0.203884	-0.132251	-0.228544	-0.324814	0.028858	-0.125159	-0.078476	0.058284	0.234011	-0.298449	0.056998	-0.097601	0.188031	-0.354881	0.100232	0.190799	-0.048777	-0.323669	0.135452	-0.158986	-0.015910	-0.081491	0.424348	-0.084300
-0.090270	-0.047632	-0.124016	-0.144946	-0.002340	-0.118112	-0.196703	-0.113162	0.155054	0.296861	0.066492	-0.165471	-0.221899	0.323271	0.061371	0.104453	0.350098	-0.050819	-0.364242	0.449542	-0.018541	0.062739	0.059621	-0.081817	-0.317662
-0.103140	0.076107	-0.198185	0.080994	-0.016682	-0.085384	-0.067132	-0.194996	0.055684	0.399349	0.098403	0.208598	-0.191359	0.177434	-0.016397	0.223661	0.346669	-0.148101	-0.472202	0.245347	-0.019746	0.201900	0.244857	0.106698	-0.125249
0.273143	-0.087880	0.412336	0.284258	-0.113202	-0.053865	-0.002978	0.099321	0.104648	0.120645	-0.091721	0.211739	-0.277250	0.226554	0.064592	0.172247	0.105141	-0.204058	-0.185487	-0.018925	-0.325449	0.203335	0.230595	0.176462	-0.285371
0.246665	-0.437482	0.049683	0.031455	-0.038321	-0.114430	0.195398	-0.298364	0.290534	0.075175	-0.177904	0.114411	-0.095726	0.031420	0.127723	0.134987	0.195882	-0.146977	0.096602	0.174139	-0.142307	-0.228566	0.445268	0.156496	-0.167869
0.072954	-0.251721	0.158846	0.225042	-0.147798	0.088214	-0.075822	-0.242226	0.003771	0.368403	0.065121	0.166094	-0.027522	0.324429	-0.141603	-0.180779	-0.062066	-0.359863	-0.115340	0.168981	-0.014725	-0.107443	0.330761	0.164347	-0.334213
0.094388	-0.359245	-0.090307	-0.194369	0.191595	-0.049253	-0.285972	-0.038492	0.033218	0.243584	-0.059034	-0.313231	-0.326303	0.311713	-0.256037	-0.226659	0.130721	-0.255633	-0.258861	-0.006777	-0.150434	-0.075401	0.020356	-0.016674	0.180557
0.139420	0.067363	-0.347564	-0.220420	-0.275001	-0.275551	-0.037467	0.054485	0.080006	0.233125	-0.144999	-0.120769	-0.119486	0.296658	0.084659	0.016844	0.137702	0.058214	-0.278701	0.363655	0.053204	0.427209	-0.057902	0.018184	-0.152741
0.071042	0.175515	-0.123486	-0.195580	-0.421147	-0.156213	0.076862	-0.244914	0.230010	-0.107744	-0.312120	-0.205105	-0.213094	0.157511	-0.118524	-0.073565	0.072086	0.163844	-0.294184	0.440210	0.028856	0.063689	0.058152	0.160944	-0.052602
-0.094243	0.259378	-0.084715	-0.103850	-0.015627	-0.321371	-0.081238	0.051674	-0.024884	-0.038631	0.014453	-0.281993	-0.300391	0.327413	0.065662	-0.204243	0.118748	0.235453	-0.303599	0.244246	0.176527	0.315798	0.037492	0.016952	-0.337393
0.109003	-0.090004	0.011199	-0.120220	-0.081731	0.012937	-0.251768	0.163831	0.085704	0.246046	-0.063925	-0.076892	0.045502	0.188522	-0.031155	0.134626	0.254886	-0.371973	-0.378198	0.055924	-0.378303	0.313562	0.121441	0.019881	-0.357361
0.065454	-0.241565	-0.124977	-0.029910	-0.092873	0.131392	-0.347539	0.154304	-0.142884	0.080042	-0.188508	-0.052400	-0.084043	0.312042	-0.447805	0.027448	0.110097	-0.156238	-0.518912	0.029814	0.188280	0.036562	-0.078330	0.140675	0.100725
-0.092025	0.086272	-0.189159	-0.072423	0.170273	-0.061847	-0.178529	-0.084853	0.275865	-0.138947	0.027735	-0.171334	-0.261744	0.300698	0.141075	-0.064121	0.272994	-0.179732	-0.084301	0.350022	-0.407554	0.307366	0.145548	0.183252	-0.104432
0.296113	-0.104647	0.423328	-0.121248	0.049247	0.129617	-0.150964	-0.119499	0.134725	-0.241189	0.008947	0.026292	-0.246393	0.118829	0.254168	-0.268601	0.193440	-0.106058	-0.429999	0.082123	-0.287473	0.114822	-0.142259	0.069347	-0.036173
-0.075992	0.107608	-0.426208	0.163238	-0.105750	-0.192107	0.102822	0.235074	0.033538	-0.015547	-0.154737	0.181693	-0.029018	0.181746	0.355216	0.057516	0.104546	-0.133396	-0.216984	0.521715	-0.096675	0.137343	0.161295	0.119706	0.148979
0.285757	0.138971	-0.259890	0.032504	-0.264720	-0.184600	0.085732	-0.069353	0.126759	-0.341895	-0.110873	-0.109516	-0.146470	0.198481	0.210104	-0.154572	0.038720	0.024510	-0.238075	0.430131	-0.026229	0.427206	-0.028641	-0.013293	0.001761
0.154642	0.193498	0.000596	0.104943	-0.091505	-0.021350	-0.178787	-0.329933	0.022341	0.124595	-0.277223	0.119641	-0.220644	0.121290	0.239200	0.040494	0.350502	-0.147123	-0.340178	0.181939	-0.322677	0.115181	0.025460	0.336631	-0.154484
0.079032	-0.035829	0.029199	0.206234	0.142133	0.135393	-0.165728	0.148988	0.087612	0.257179	0.249598	0.252241	-0.164997	0.282626	0.375281	0.000847	0.169098	-0.379358	-0.253068	0.078540	0.098958	0.156358	0.286340	0.061171	0.224758
0.074371	-0.416351	-0.314422	0.049660	-0.095079	-0.284708	0.121350	-0.152268	0.287266	-0.025527	-0.179958	0.064354	0.089277	-0.047506	0.236277	0.225477	0.236314	0.085306	-0.019488	0.378802	-0.055442	-0.027745	0.243582	0.268340	0.114082
0.128386	-0.249174	0.150809	-0.109089	0.010386	-0.431535	0.115454	0.031719	0.059546	-0.284049	0.134039	0.066599	-0.208931	0.275898	0.452039	0.115668	0.277811	0.110959	-0.193188	0.148395	0.106757	-0.098738	0.267362	-0.003586	-0.022848
0.095695	-0.139142	-0.322308	-0.054653	-0.020203	-0.511894	0.362702	-0.104771	0.256158	-0.106348	0.020277	0.273526	-0.182609	0.024314	0.125424	-0.118692	0.172669	0.068571	-0.110748	-0.076326	-0.127440	0.207762	0.241410	0.247366	0.110662
0.112582	-0.004811	-0.418726	0.250947	-0.012813	-0.008947	-0.168993	0.079188	0.076750	-0.136231	0.107796	-0.191372	-0.082300	-0.121693	-0.139881	0.114422	0.005029	-0.048037	-0.339918	-0.032857	0.208309	-0.203329	0.297263	0.515512	0.170817
-0.150350	-0.254155	-0.039086	-0.010364	-0.045875	0.151587	-0.136445	0.065628	-0.044414	0.010846	-0.309387	-0.004715	0.007469	-0.028930	-0.105955	0.002202	0.088124	-0.049443	-0.372002	-0.353626	0.427552	0.368314	-0.240110	0.318216	0.046733
0.317138	-0.046849	-0.056415	0.033582	-0.066669	-0.022574	-0.154410	0.091812	-0.277496	-0.255416	-0.012718	0.061289	-0.141962	0.309043	0.117903	-0.061217	0.177234	0.323456	-0.366864	-0.396669	0.120983	0.229965	-0.180298	0.070471	-0.207984
0.249599	-0.319559	0.004743	-0.070784	0.167241	0.165467	0.022817	0.044801	-0.102890	-0.056653	0.004058	-0.182543	0.216294	0.255556	-0.112359	-0.442471	0.048409	0.002316	-0.157677	-0.183569	0.211603	0.107199	0.044526	0.346098	0.407553
0.168740	-0.085117	0.245555	-0.000944	-0.016418	0.010766	0.004075	0.012825	-0.158252	-0.108601	-0.188656	-0.160585	0.002377	0.112977	-0.040486	-0.040591	0.007521	0.109281	-0.447598	-0.096588	0.254727	0.545890	-0.299551	0.296925	0.163387
-0.211849	-0.178809	-0.132678	0.005591	-0.113448	-0.091676	-0.185255	0.036029	0.072637	-0.015002	-0.083855	-0.157267	-0.077567	0.100212	-0.562864	-0.041993	0.310711	-0.095890	-0.485772	0.121368	0.047047	0.056042	-0.085333	0.076036	-0.319152
0.112407	-0.088155	0.185979	-0.172443	0.338726	0.189776	0.118837	-0.349637	-0.221464	-0.329040	-0.101881	0.092712	-0.027692	0.175131	-0.035051	-0.272214	0.210422	0.337158	-0.251217	0.068121	0.154311	0.209579	-0.055180	-0.002304	0.220465
-0.036913	-0.439553	0.129111	0.015047	0.239367	0.035164	-0.139668	-0.205057	-0.088027	0.401289	-0.067425	-0.116140	0.138372	0.324938	-0.166933	-0.119797	0.193546	0.114521	-0.100629	-0.191286	0.071598	0.127270	0.185486	0.391134	-0.093132
-0.150691	-0.121944	-0.200609	-0.023729	0.075158	0.055004	-0.079998	-0.116461	0.121484	-0.074784	-0.141374	-0.084343	-0.063189	0.144095	-0.390465	0.001182	0.218183	-0.065348	-0.648910	0.283877	0.063781	0.162801	-0.209822	-0.025623	-0.198767
0.261740	-0.198433	-0.242076	-0.006076	-0.098998	-0.098279	-0.141152	-0.132279	0.013067	-0.007488	-0.305591	-0.040248	-0.213065	0.051354	-0.522747	-0.172862	0.299762	0.162999	-0.382559	0.069513	0.035194	0.107844	0.035249	-0.037786	-0.216881
-0.005682	-0.192769	-0.031869	-0.190989	0.012100	-0.110289	-0.076315	-0.349783	0.098621	0.005055	-0.208904	0.007211	-0.024044	0.380285	-0.460409	0.014595	0.379775	0.141836	-0.359459	0.025311	-0.103211	0.103738	-0.065114	0.139579	-0.186203
0.005340	-0.241285	0.302452	0.273734	0.281930	0.161276	-0.156942	-0.005057	-0.174918	0.090187	0.228708	0.180527	-0.222813	-0.006301	0.218890	-0.026304	0.251145	-0.208425	-0.342282	0.121730	0.117956	0.060717	-0.176412	-0.143334	0.339884
0.121070	-0.042924	0.308824	0.135051	0.000439	-0.199884	0.109053	-0.353638	-0.232291	-0.240016	-0.206309	0.141656	0.063296	0.202814	-0.032007	-0.197597	0.122074	0.262615	-0.220766	-0.203594	0.133895	0.241034	-0.050975	0.290669	0.310495
0.224736	-0.242241	0.333088	0.206509	0.312431	-0.222633	-0.197339	-0.102795	-0.146070	-0.333460	0.129155	0.050321	0.134286	0.370828	-0.243356	-0.186022	0.031390	0.045270	-0.227186	0.031431	0.264441	0.084231	-0.026482	-0.027590	-0.072744
-0.228712	-0.144591	0.026522	0.169194	-0.005535	-0.036383	-0.050621	-0.103784	-0.101883	-0.346439	0.240198	-0.287117	-0.086412	0.201640	0.090553	-0.277419	0.145032	0.024344	-0.201593	-0.205501	0.194181	0.234439	-0.230553	0.363369	0.310791
0.035918	-0.297986	0.300258	-0.234770	0.044306	0.264481	-0.192434	-0.389388	-0.051814	-0.236301	0.163622	-0.198511	0.085996	0.229964	0.161880	-0.259676	-0.052751	0.056286	0.007264	0.197812	0.159227	0.368317	0.099968	0.021983	0.094008
-0.370597	-0.195549	-0.033296	-0.094829	0.048128	-0.107756	-0.141092	0.151391	-0.031554	-0.190866	0.167854	-0.259683	-0.308430	0.328175	0.267715	0.267753	0.205743	0.185761	0.082843	0.010365	0.106884	0.157234	-0.133480	0.370079	-0.060064
0.175265	-0.023322	0.205501	-0.117760	-0.063519	-0.046562	-0.050870	0.235172	0.115939	-0.169572	0.018668	-0.286439	-0.109635	0.168018	-0.045766	-0.348987	-0.112439	0.131021	-0.438508	0.000918	0.288163	0.413397	-0.136376	-0.126871	0.221555
-0.213947	-0.456214	-0.111471	0.083410	-0.149499	0.057218	-0.228997	0.207130	0.122602	0.085324	0.203616	-0.232559	-0.147207	0.087284	-0.192416	0.052027	0.407601	-0.129331	-0.060266	0.057252	-0.201561	-0.252704	-0.023257	0.318273	0.150908
0.104684	-0.466218	0.003481	0.312928	0.090219	0.170966	-0.163719	0.091518	-0.131630	0.282176	0.343040	0.238767	-0.185244	0.189321	0.142466	0.048016	0.073175	-0.160169	0.073945	0.017390	0.365290	0.154475	0.088682	0.149492	0.111852
-0.172546	-0.211772	-0.144276	-0.079514	-0.144568	0.042634	-0.282834	-0.021803	0.024992	0.476806	0.013104	0.040928	-0.252779	0.324026	-0.020482	0.047037	0.305003	-0.226688	-0.134567	-0.118347	0.195958	-0.145773	-0.070686	0.356855	-0.158737
0.252038	-0.180349	0.092320	-0.105015	-0.037252	0.178564	-0.342316	0.155139	-0.068813	0.055681	0.357292	-0.094581	0.022578	0.255754	-0.041511	-0.079702	0.051563	-0.115462	-0.488485	-0.122661	0.134178	0.300546	-0.218176	0.201208	0.159293
-0.127607	-0.150299	-0.113646	-0.200891	-0.033055	-0.062177	-0.109714	-0.286643	0.037635	0.124524	-0.171510	-0.078800	-0.224186	0.291187	-0.425919	0.009205	0.131173	-0.105813	-0.531997	0.174310	0.108394	0.014638	-0.124983	0.105584	-0.243035
0.001294	-0.246934	0.271597	0.044596	0.117346	0.015144	-0.029483	0.213494	-0.326347	0.359768	0.156470	0.072181	0.151231	0.103575	0.203295	0.204591	0.302041	-0.067432	-0.288416	0.162233	0.275644	0.225753	0.219532	-0.033084	0.197217
-0.068741	-0.112497	0.163071	-0.051299	-0.276507	0.241527	-0.396774	0.066139	0.058349	-0.284280	0.106252	-0.150929	-0.043296	0.095771	0.061325	-0.017127	0.018262	-0.054685	-0.333394	-0.165180	0.346161	0.380766	-0.176229	0.284010	-0.071567
0.081300	-0.333853	0.152160	-0.033272	-0.225695	0.091687	-0.130454	0.053650	0.154854	0.181967	-0.357422	0.032442	0.116680	0.050055	0.078257	0.204534	0.484165	-0.293822	-0.127229	-0.026289	-0.122038	-0.261806	0.263577	0.162612	0.107155
-0.076308	-0.228328	-0.071833	0.045000	-0.066546	-0.097301	-0.063447	-0.017533	-0.178043	0.199490	-0.105854	-0.191688	-0.161931	0.308388	-0.522252	-0.116722	0.179878	-0.102814	-0.348908	0.226599	0.022708	0.120463	-0.103920	0.102392	-0.370361
-0.335374	-0.410349	-0.042455	0.122937	0.018939	0.235135	-0.092065	-0.053758	-0.145830	0.513701	-0.055670	0.047466	-0.261500	0.315909	-0.092874	-0.045072	0.154547	-0.062578	-0.094099	-0.032653	-0.070190	0.071759	0.008787	0.334690	0.077277
-0.046323	-0.562556	0.001557	0.147303	-0.108913	0.204620	0.029083	-0.107449	-0.055885	-0.021155	0.004232	0.066438	-0.168983	0.005856	-0.049786	0.021119	0.231540	-0.015587	0.138573	-0.006406	-0.035178	-0.175491	0.248878	0.414940	0.463463
0.077419	-0.231861	-0.276165	-0.087363	-0.124073	-0.117979	0.284840	-0.465032	0.271864	-0.069804	-0.128821	-0.112488	-0.002344	0.053567	-0.093993	-0.128626	0.052327	0.169589	-0.365953	0.110679	-0.176973	0.249919	0.342322	-0.053869	0.042724
-0.056145	-0.435466	-0.042115	0.073619	-0.211862	0.199218	-0.172936	0.108874	-0.053131	0.262966	0.020088	-0.060186	-0.122544	0.257120	-0.111171	0.050539	0.095637	0.009415	-0.156120	-0.056009	-0.189319	-0.038946	0.081811	0.610450	0.219551
-0.007805	-0.306448	0.171801	-0.076877	-0.264872	0.097592	-0.139957	-0.015157	0.163150	0.140355	0.041246	0.231552	0.066402	-0.052799	0.361045	0.405411	0.021625	-0.191903	-0.350966	0.230231	0.192057	-0.199175	-0.097496	0.224736	0.132339
0.112124	-0.131268	0.091699	0.040984	-0.075707	0.171671	-0.330126	-0.170946	0.002837	-0.437442	-0.066920	0.027294	0.036691	0.202115	-0.093856	-0.131361	0.059559	0.186816	-0.302765	-0.204088	0.242114	0.293854	-0.103976	0.238005	0.371023
0.179239	-0.141320	-0.101142	0.108621	-0.010224	0.056575	-0.139179	0.105197	0.036474	-0.553291	0.098509	0.023506	0.253256	0.312789	-0.153072	0.055188	-0.007394	-0.037962	-0.310959	-0.232254	0.360139	0.295790	-0.050600	0.118468	0.006355
-0.330846	-0.181188	-0.153731	0.018927	0.015605	0.056963	0.064664	-0.189466	0.032892	-0.224225	-0.063414	0.084707	-0.384487	0.166340	0.169336	-0.254411	0.219403	-0.000479	-0.375232	0.177068	0.162234	0.217337	-0.304468	0.268613	0.000568
0.079073	0.016200	-0.235751	-0.052355	-0.283847	-0.066487	-0.025340	-0.092497	0.091547	-0.294102	-0.079243	-0.000556	-0.106452	0.007929	-0.022849	-0.181212	0.089246	0.084310	-0.503375	0.481451	-0.008176	0.200864	0.098554	0.320372	0.205057
0.443674	-0.416577	-0.248309	-0.038650	-0.155206	-0.041491	-0.102969	-0.032010	0.046877	-0.197952	0.004232	0.030546	-0.170060	0.195479	0.109529	-0.016515	0.093810	-0.063864	-0.156466	0.283104	0.033143	0.470000	-0.214427	0.018291	-0.146537
0.262523	-0.407188	-0.128102	0.047687	0.054875	0.028844	-0.137189	-0.033491	0.293294	-0.276715	-0.193479	0.127499	0.034010	0.207078	0.147675	-0.050112	0.166065	-0.131999	-0.351816	0.161401	-0.007964	0.356797	-0.312280	-0.111253	-0.077979
0.084347	-0.253698	-0.242738	-0.142801	-0.242902	-0.004861	-0.051780	-0.054093	-0.128799	-0.104897	-0.239430	-0.091818	-0.031139	0.173236	-0.261083	0.020079	0.079613	-0.076244	-0.620653	0.164251	0.199038	0.186112	0.231358	0.087816	0.178459
0.185047	-0.105131	0.150427	-0.176627	0.048672	-0.169810	0.019503	0.137709	-0.121535	-0.199633	-0.208082	0.299271	-0.254963	-0.162288	0.159507	0.332454	0.114984	-0.116975	-0.407834	0.389211	0.198725	0.139771	0.083397	-0.126094	0.094514
0.183981	-0.095560	0.039038	-0.411782	-0.009881	-0.107923	-0.090348	0.086538	-0.031170	-0.030324	-0.184082	0.110545	-0.113299	-0.136136	-0.127843	0.373071	0.238439	-0.059719	-0.370201	0.259918	0.390653	0.292855	0.062570	-0.020581	0.126107
0.174978	-0.235959	0.091015	-0.267110	-0.010631	-0.112837	0.070333	-0.081170	-0.034752	-0.116476	-0.180522	0.222152	-0.132362	-0.195721	0.023105	0.498581	0.208893	0.008285	-0.322686	0.343961	0.331170	0.068016	0.013083	-0.010073	0.165298
-0.079873	-0.300178	-0.057043	-0.109319	-0.330854	-0.108870	-0.086708	0.041305	0.007391	0.105591	-0.279516	-0.006077	-0.126291	-0.096839	-0.067970	0.233151	0.287877	-0.214286	-0.372721	0.472576	0.051822	-0.155689	0.187770	0.055674	0.166640
-0.038020	-0.116689	0.179832	0.190547	0.076023	0.075232	-0.163121	0.233413	-0.177505	0.243472	0.033829	0.185561	-0.160168	0.195390	0.005746	-0.003719	0.294300	-0.185528	-0.301996	-0.067005	0.441740	0.195512	0.058611	-0.130889	0.403570
-0.083630	-0.068094	0.203608	0.284895	0.257375	-0.044938	-0.016958	0.297762	-0.236769	0.235101	0.115168	0.032865	-0.162963	0.305278	-0.035177	-0.094510	0.269119	-0.244455	-0.262637	0.100194	0.225955	0.034175	0.279577	-0.080771	0.323774
-0.012136	-0.213367	0.069840	-0.226086	-0.105251	0.136269	-0.190773	0.194858	-0.137498	-0.071858	0.232297	-0.050029	0.199367	0.164949	0.105642	-0.306661	0.245701	-0.154506	-0.388001	-0.367865	0.192571	0.203820	-0.177896	0.232067	0.085992
0.038781	-0.395401	0.025566	-0.177454	-0.045026	-0.134696	-0.101532	0.197793	-0.187953	0.203237	0.124678	-0.009967	0.200137	0.197728	0.234165	0.122827	0.229592	0.149854	-0.305152	-0.302709	0.254118	0.139195	-0.241594	0.227465	-0.212331
-0.148578	-0.466299	-0.245905	-0.130435	-0.326542	-0.103135	-0.307020	0.123331	0.091777	-0.021998	-0.080576	-0.082279	-0.177878	0.073540	0.217236	-0.049742	0.014936	0.066223	-0.275253	0.066538	0.040385	-0.049036	0.237327	0.412057	0.180096
0.324900	-0.309209	0.295924	-0.341525	0.236617	-0.144799	-0.018573	0.230212	0.206602	-0.237390	0.136059	-0.112973	-0.236551	-0.008361	-0.158731	0.288642	-0.104228	-0.300168	-0.042117	0.072002	-0.039835	-0.162081	0.057778	0.173159	0.019273
0.063710	-0.271335	-0.016535	-0.124546	0.002194	-0.167669	-0.166958	-0.091038	0.040133	-0.191620	0.056737	-0.376969	0.134035	0.452972	0.032289	-0.267995	0.094744	0.123056	-0.237209	-0.033359	0.192616	0.335826	-0.323449	0.148705	0.066881
0.112175	-0.089429	-0.133931	-0.017604	-0.061584	-0.066427	-0.056904	0.142145	-0.010742	-0.115821	-0.122987	-0.285239	0.073099	0.445459	-0.042554	-0.336679	0.107080	0.209184	-0.379182	-0.117425	0.118167	0.381977	-0.303893	0.188526	-0.003363
0.002734	-0.444653	0.140634	-0.044933	-0.104955	0.104100	-0.294069	0.156478	-0.115215	-0.209400	0.088459	-0.136654	0.149841	0.120719	0.226531	-0.160132	0.024621	0.053066	-0.294984	-0.042377	0.209020	0.108946	-0.127968	0.423191	0.326804
0.262215	-0.365034	0.018081	-0.055132	-0.133043	0.134495	-0.255424	0.075699	-0.155996	-0.218202	0.035268	-0.218643	0.133099	0.128548	0.101205	-0.022299	-0.025202	0.115309	-0.335275	-0.019092	0.183795	0.302331	-0.042623	0.196694	0.479057
0.027096	-0.150210	0.135330	-0.279570	-0.124916	-0.028354	-0.301461	0.207932	0.056453	-0.177495	0.175588	-0.254847	0.122080	0.180570	0.122535	-0.045019	-0.060573	0.130988	-0.319639	0.054217	0.102296	0.419258	-0.186997	0.361169	0.238952
0.036575	-0.249502	0.075601	0.001724	0.094538	0.180930	-0.435342	0.088870	-0.053262	-0.078537	-0.061155	-0.450207	0.085494	0.319656	0.026476	-0.009693	0.203818	-0.012356	-0.119568	0.115111	-0.259887	0.313191	0.190227	0.283646	0.119882
0.122505	-0.502506	0.064918	-0.225142	-0.253007	-0.015310	-0.216253	-0.442253	0.037949	-0.059176	0.156954	-0.113747	-0.138328	0.014768	0.016996	-0.108168	0.025659	0.123153	-0.135686	-0.194848	-0.129752	-0.014352	0.241847	0.325484	-0.208438
-0.140720	-0.602333	0.079518	0.179517	-0.040963	0.135436	-0.022626	-0.336112	-0.244650	-0.066056	-0.024929	0.019740	-0.001636	0.140623	-0.222229	-0.082092	0.207931	-0.101397	-0.264232	-0.010477	-0.049970	-0.046499	0.093053	0.397910	-0.095462
-0.079975	-0.181579	-0.403711	-0.005925	-0.263155	-0.102895	0.038121	-0.172376	0.115231	-0.014021	-0.310325	-0.158871	-0.029566	0.241404	-0.302967	0.050896	0.240978	-0.086192	-0.373903	0.302434	-0.028540	0.175847	-0.075655	0.008162	-0.252527
0.327900	-0.184107	-0.371513	0.228956	-0.097035	-0.138065	0.227945	-0.240266	-0.080075	0.034763	-0.237126	0.153823	0.067993	0.056664	-0.229327	0.113642	0.280238	-0.011860	-0.408043	0.056585	0.097536	0.148796	0.130609	0.268404	0.001288
-0.024285	-0.115121	-0.278970	0.004048	-0.039422	-0.111591	0.196425	-0.260969	0.411395	-0.174812	-0.053823	0.014639	-0.048787	0.012070	-0.419686	0.037655	0.179525	0.081624	-0.379861	0.347879	-0.094148	0.139392	0.233724	-0.019135	-0.130896
0.020108	-0.238215	0.281796	0.127693	0.204643	0.157104	-0.022913	0.431232	-0.265213	-0.022101	0.192927	0.116990	-0.230715	-0.059354	0.253913	-0.003343	0.196811	-0.281703	-0.426886	0.013154	0.163046	0.070000	0.080167	-0.020507	0.110869
-0.036227	-0.211132	0.126460	-0.141637	-0.004249	0.152565	-0.248261	0.247969	-0.101082	-0.139407	0.078060	-0.150743	0.188912	0.204987	0.311711	0.057395	0.036640	-0.181758	-0.390909	-0.133502	0.324424	0.291991	-0.218302	0.213534	0.215022
0.056887	-0.289980	0.014713	0.308448	-0.184308	-0.174400	0.162624	-0.214484	0.079729	-0.033148	0.079494	-0.225610	-0.044795	0.570090	0.144470	-0.030254	-0.288398	-0.030843	-0.084255	0.122313	0.063961	0.337459	-0.141592	-0.066719	0.135496
0.035102	-0.180644	0.112161	-0.082460	-0.012895	0.261311	-0.258328	-0.422215	0.000859	-0.432779	-0.002638	-0.123050	-0.189751	0.352962	0.110867	-0.013539	0.074702	0.038413	0.052003	0.177910	-0.174718	0.281790	-0.062547	0.301074	-0.109071
0.464108	-0.349693	0.126443	0.094937	-0.152999	0.138946	0.161431	0.117433	-0.080613	-0.241134	0.123907	0.056727	0.026762	0.217885	0.071288	-0.217294	-0.090801	0.065527	-0.347406	-0.335256	0.234103	0.214117	-0.114959	0.106064	0.017530
0.186415	-0.218532	0.039214	0.104162	-0.115211	0.131487	-0.313360	0.095873	-0.060899	-0.211077	-0.128689	-0.060771	-0.111434	0.222578	-0.274507	-0.081419	0.123394	0.186756	-0.430591	-0.080228	0.419548	0.287569	-0.216961	0.021597	0.080591
0.168884	-0.059107	0.018791	0.110515	0.010226	0.125335	-0.219850	0.187064	-0.124906	-0.228762	0.020612	-0.293398	-0.074198	-0.027948	0.126563	0.002110	0.063371	-0.008059	-0.339180	-0.177615	0.225152	0.522619	-0.148356	0.370143	0.214514
-0.064156	-0.419187	0.083582	-0.002843	-0.248097	0.100941	-0.509516	0.015063	0.121591	0.159335	0.064093	-0.295726	-0.108955	0.089817	-0.167915	-0.008752	0.133466	-0.204827	-0.199398	0.053618	-0.299061	-0.086807	-0.029069	0.291732	-0.127775
0.029838	-0.425844	0.101607	-0.193867	-0.023148	0.043637	-0.433693	-0.189341	0.065705	-0.116665	0.341232	-0.057781	-0.070846	0.274012	0.214286	0.067047	0.086907	0.011301	-0.228250	-0.138641	0.253434	0.298438	-0.204790	0.030966	0.008018
0.130746	-0.602055	0.198247	0.015755	-0.038086	-0.294385	0.043458	-0.069142	-0.000183	-0.130814	-0.113187	0.200449	0.086183	0.308271	-0.261888	-0.071280	0.080733	0.321378	-0.072086	-0.053257	0.329679	-0.060338	0.044459	0.083874	0.026466
0.119227	-0.325376	0.241927	-0.208668	0.026077	-0.181551	-0.097405	-0.086637	0.139833	-0.104112	0.110528	-0.143046	0.157715	0.396098	0.352858	0.390625	0.090872	0.030727	-0.085971	-0.260327	0.151587	0.167722	-0.086854	0.233162	-0.088846
0.004340	-0.081100	0.143858	0.039251	0.221424	-0.056339	-0.211335	0.284578	-0.160454	0.208550	0.349082	0.030846	-0.188473	0.113089	0.200975	0.314923	0.196039	-0.343096	-0.380575	0.138720	0.048739	0.283808	-0.023466	0.057018	0.080256
0.021712	-0.411805	0.083540	-0.182452	-0.054758	-0.091453	0.291636	-0.410770	-0.017012	-0.120692	-0.192824	0.182395	0.029888	0.012819	-0.381295	-0.067926	0.285975	-0.211598	-0.217341	-0.067095	0.131171	-0.049557	0.097199	0.230203	0.166650
0.273316	-0.166677	-0.301819	-0.028147	0.234077	-0.155030	0.043672	-0.113206	-0.117777	-0.117544	-0.133035	-0.059824	-0.456597	0.230064	-0.058407	-0.142589	0.148389	0.024916	-0.360937	0.148970	-0.234903	0.257163	0.279904	-0.009079	-0.055802
0.303312	-0.302892	0.030546	0.075439	0.091319	0.334466	-0.051564	-0.010872	-0.236575	0.109529	0.109199	0.159735	-0.009434	0.016507	0.011846	0.243907	0.190033	-0.050952	-0.537581	0.029847	0.152413	0.265955	-0.091077	0.004509	0.300638
-0.033764	-0.296806	0.084130	-0.082683	0.146308	0.050754	-0.042415	0.525103	-0.166526	0.007321	0.072625	0.254704	-0.256586	-0.078203	-0.025553	0.042136	0.080053	-0.243909	-0.449560	0.152355	0.268572	-0.107569	0.044092	0.152486	0.151360
0.174717	-0.247507	0.031738	-0.182337	0.010650	0.213949	0.072892	-0.306084	-0.067632	-0.376605	-0.144189	-0.108100	0.110180	0.267165	-0.233643	-0.159523	0.070385	0.205881	-0.220506	-0.001943	0.160420	0.452327	0.041918	-0.009884	0.241825
0.183203	-0.236257	0.014878	0.035253	-0.171140	0.052682	-0.100256	0.114421	0.060643	-0.373005	0.206210	-0.022124	0.125783	0.144382	0.018177	0.008128	0.213457	0.154764	-0.284437	-0.374935	-0.045139	0.435973	-0.096337	0.369407	0.047038
0.025274	-0.199148	0.138785	-0.123211	-0.027096	0.050926	-0.424740	0.191113	-0.120394	-0.173978	0.150755	-0.156088	0.087766	-0.001564	0.216200	-0.194738	0.149563	-0.022267	-0.389064	-0.361956	0.040571	0.265352	-0.051186	0.358107	0.112309
0.196799	-0.482334	0.042886	-0.082760	0.167797	-0.371034	-0.143823	0.209878	-0.039796	-0.334229	0.151365	0.006116	-0.275951	-0.034806	0.205695	0.035688	0.088773	-0.352062	0.016558	0.136925	-0.079444	-0.273267	0.016443	-0.004170	-0.008316
0.297641	-0.228046	0.091208	-0.131112	-0.114738	-0.035274	-0.301027	-0.131892	-0.010645	-0.116113	0.183002	-0.354085	0.073937	0.341197	0.019018	0.010905	-0.128109	0.029120	-0.348347	0.144627	-0.302064	0.173572	-0.239248	0.219275	-0.174456
0.014247	-0.176902	0.135717	-0.114539	0.063492	0.179291	-0.193699	0.078963	-0.100578	-0.309624	0.280480	0.083651	-0.027416	0.285234	0.102585	-0.064605	0.040505	-0.072617	-0.449560	-0.298276	0.183318	0.414099	-0.182299	0.175820	-0.036880
0.344685	-0.290170	0.013707	-0.173014	-0.022927	-0.086286	-0.211228	0.019394	0.157568	-0.507632	0.005326	-0.182714	-0.074111	0.234920	-0.114971	-0.361531	-0.014350	0.106057	-0.238235	-0.069509	0.158631	0.058801	-0.239333	-0.070751	-0.171539
-0.227345	-0.279371	0.174913	-0.025024	-0.068309	0.039907	-0.174503	0.162324	-0.143886	0.266548	-0.134746	-0.169275	-0.075375	0.142035	-0.004091	0.036423	0.268748	-0.336862	-0.142476	0.330157	-0.096619	0.066207	0.220396	0.479417	0.055566
-0.033524	-0.164051	0.335962	0.196404	0.111283	0.084621	-0.018386	0.281902	-0.258947	0.094341	0.052257	0.236502	0.043115	0.354749	0.092060	0.076531	0.035672	-0.293011	-0.483161	-0.121882	0.187130	0.057415	0.008468	0.263625	0.034646
0.042461	-0.214624	-0.053596	0.021568	-0.168576	-0.021800	-0.038519	-0.198606	0.112299	-0.213903	-0.097388	-0.313647	-0.121739	0.214907	-0.365233	-0.184025	0.148800	-0.133529	-0.395178	0.342229	0.052630	0.321273	0.086369	0.187893	-0.149924
0.197720	-0.126170	-0.148285	0.062501	0.185966	0.129243	-0.263345	-0.024953	-0.085215	0.053529	0.005842	0.060507	-0.050756	-0.130623	-0.230699	-0.163846	0.074449	-0.233782	-0.526726	-0.007548	-0.301983	0.045311	0.471218	0.176964	0.000608
-0.057880	-0.150861	-0.084674	0.058615	-0.175922	0.018423	-0.045073	-0.145513	0.164228	0.023072	-0.258050	0.007544	-0.019881	0.268385	-0.385263	-0.134009	0.227942	-0.109791	-0.546634	0.202727	0.218680	0.222906	-0.084795	-0.089930	-0.243158
-0.029433	-0.302872	0.089868	-0.104417	-0.103843	0.090732	-0.100876	-0.185316	-0.017890	-0.247363	0.199979	-0.032328	-0.089592	0.313848	0.305285	-0.143515	0.025975	0.061264	-0.234185	-0.084103	0.422713	0.421448	-0.260912	0.106125	-0.006000
-0.137557	-0.416554	0.110574	-0.262205	0.115448	-0.078233	-0.049846	-0.303439	-0.104367	-0.125315	0.107613	-0.016594	-0.344378	0.357509	-0.033044	-0.230195	0.237689	0.125646	0.123458	-0.207801	0.155634	0.203182	0.064255	0.253311	0.095528
0.146435	-0.046964	0.136307	-0.048896	-0.034279	0.086519	-0.129105	0.216803	-0.030884	-0.180023	0.325604	-0.345592	0.005385	0.360248	0.331379	-0.017126	0.086525	0.027103	-0.222280	0.081009	0.063101	0.469946	-0.020094	0.127839	0.280273
0.186295	-0.270105	-0.036190	-0.190726	0.045267	0.230767	-0.338205	0.073601	0.025412	-0.339146	0.017310	-0.011591	0.151423	0.147664	-0.361512	-0.022714	0.049484	-0.044645	-0.329438	-0.164407	0.053391	0.292769	0.160162	0.079247	0.356388
0.204507	-0.378128	0.345788	-0.090751	-0.058458	0.040172	-0.362610	0.226420	0.024022	-0.341271	0.020939	-0.106098	0.181376	0.187307	0.006231	-0.030332	0.049201	-0.048382	-0.312446	-0.240004	0.058185	-0.103310	-0.234368	0.263602	0.058922
-0.053909	-0.012278	0.347519	-0.225915	0.022564	0.041359	-0.192490	0.257926	-0.251720	-0.364904	-0.011127	0.071708	0.033579	0.280081	-0.018281	-0.079282	0.230844	0.278652	-0.321336	-0.222536	0.095768	0.180593	0.247924	0.181567	0.106903
0.026782	-0.439866	-0.028051	0.001027	-0.248165	0.104514	-0.075666	-0.129931	-0.010161	-0.162787	-0.097240	-0.095746	0.058763	0.315182	-0.501167	-0.188676	0.305228	-0.132070	0.169827	0.068852	0.006006	-0.173229	0.172529	0.262365	0.047716
0.058728	-0.196180	-0.020581	-0.134422	-0.167040	0.093560	-0.293257	0.152258	0.029705	-0.288227	0.185316	-0.151576	-0.171294	0.187383	0.144454	-0.268202	0.120650	0.078970	-0.348743	0.121395	0.279982	0.426560	-0.191353	-0.110515	0.169948
0.253719	-0.099600	-0.046018	-0.059698	0.166662	-0.144507	0.285482	-0.001857	0.286646	-0.147586	0.238416	-0.043144	0.016549	0.434351	0.135620	0.168401	0.271673	-0.168675	0.244204	-0.147878	0.155782	0.411839	-0.096110	-0.004416	0.068033
0.162803	-0.156067	0.058835	0.003331	-0.065848	-0.047576	-0.347687	0.126850	-0.072010	-0.507266	0.131778	-0.308189	0.035564	0.255528	0.162311	-0.036532	0.057568	0.082187	-0.255849	-0.105871	0.149210	0.317101	-0.232010	0.246492	-0.094132
0.482627	-0.239257	0.151068	-0.092525	-0.070082	0.092751	-0.042168	0.130277	-0.081128	-0.538745	-0.007249	0.039363	-0.005107	0.298402	0.050087	-0.196470	-0.059113	0.103792	-0.080388	0.150280	0.163564	0.255812	-0.197516	0.060280	0.198541
0.026001	-0.299667	0.153337	0.143809	-0.038034	-0.069065	-0.147243	-0.339750	0.052439	-0.276079	0.147044	-0.208396	-0.007849	0.235763	0.463945	-0.113048	0.135616	-0.133819	0.095778	-0.277733	0.130175	0.374060	-0.099552	0.027798	0.064450
0.045420	0.078075	-0.288631	0.135751	0.017670	-0.024687	0.169838	-0.360497	0.309883	-0.307192	0.146097	-0.112645	-0.246256	-0.152814	0.157326	-0.116502	-0.020219	0.157116	-0.291213	-0.207780	-0.134354	0.332362	0.123595	0.166602	0.242930
0.367694	-0.165578	0.149692	0.144298	-0.413409	0.181141	0.012140	-0.025639	0.002390	0.134030	-0.287376	-0.002898	-0.184260	0.142814	-0.240965	0.004469	0.378253	0.174331	-0.209231	0.103227	0.293659	-0.198911	0.097987	0.014252	-0.114585
0.045585	-0.153319	0.122642	0.238985	0.117237	0.150634	0.025876	0.151876	-0.166362	0.196483	0.113002	0.213827	-0.281011	0.009740	-0.137861	-0.114057	0.112270	-0.112688	-0.389657	0.129515	0.252387	0.123551	0.026925	0.028571	0.576042
-0.151345	-0.241026	0.228320	-0.208409	0.049083	-0.243589	-0.134561	0.132518	-0.067782	0.232873	0.139500	0.121647	-0.240744	0.301064	0.174828	0.193044	0.256631	0.163210	-0.350300	0.138789	0.391236	0.132560	-0.092831	0.048394	-0.021121
0.144442	-0.170553	0.025901	-0.402548	-0.195124	-0.359207	0.075275	0.105734	0.088936	-0.300581	0.041554	-0.272047	-0.198204	0.145719	0.115800	-0.323173	0.051474	0.141959	-0.262963	0.185462	0.137180	0.062619	0.246197	-0.202297	-0.019891
0.121558	-0.371083	0.191577	-0.197976	-0.139811	-0.232208	0.282748	-0.063792	0.040166	-0.511675	-0.214774	-0.057879	-0.255347	0.065890	0.006282	-0.294991	0.087440	0.100782	-0.087900	0.181787	0.146120	-0.168841	0.184496	-0.030468	0.035147
-0.040684	-0.330376	0.260962	0.057087	-0.098697	-0.267233	0.217424	-0.254560	0.021048	-0.199360	-0.012533	0.011663	-0.400364	0.241363	0.188154	-0.165780	0.077412	0.080186	-0.206066	0.046695	0.085762	-0.164821	0.441962	-0.045810	-0.116954
0.148453	-0.160615	-0.092205	-0.328052	-0.058927	-0.195975	-0.203582	0.148461	-0.166081	-0.212119	0.228226	0.084639	-0.227386	0.194056	0.163997	-0.300982	0.085349	0.016857	-0.474492	0.226704	0.205401	-0.139798	0.172719	0.080943	0.098901
-0.067676	-0.248310	0.027179	-0.048742	-0.244964	-0.220015	0.416082	-0.045007	0.077690	-0.164410	-0.266826	-0.010996	-0.281267	0.109354	-0.086550	-0.152111	0.295799	-0.059118	-0.060898	0.269974	0.089898	-0.257800	0.367739	-0.186773	-0.093579
0.177358	-0.428133	0.203228	-0.059825	-0.071289	-0.287281	0.316572	0.115803	-0.020140	-0.410057	-0.120287	0.022985	-0.249312	0.032078	0.006552	-0.217756	-0.029407	0.225255	-0.281623	-0.021132	0.257729	0.000709	0.177075	-0.125069	-0.012041
0.190911	-0.337806	0.194836	-0.221079	-0.209330	-0.233989	0.342217	-0.145293	0.189495	-0.407731	-0.060437	0.110799	-0.017704	0.115587	0.146946	-0.197278	-0.021149	-0.109757	-0.199224	-0.053448	0.287315	-0.095697	0.225187	-0.028133	-0.187868
0.030646	-0.451883	0.176759	-0.146428	0.014522	-0.240228	0.231289	0.319622	-0.021489	-0.500320	-0.163995	-0.046243	-0.234294	0.273049	0.209239	-0.151132	0.059872	-0.088468	0.021568	-0.063129	0.134887	-0.037587	0.025120	-0.064784	-0.111450
0.206191	-0.344397	-0.008433	-0.429200	-0.177055	-0.360510	0.116681	0.100983	0.179735	-0.234343	0.022872	0.017679	-0.239905	0.046617	0.097836	-0.206180	0.071953	-0.145061	-0.123057	0.093259	0.126982	-0.274742	0.322598	-0.021585	0.152952
0.192038	-0.292748	0.022476	-0.236114	-0.143004	-0.356877	0.022818	0.003689	0.104029	-0.281423	-0.101887	0.133355	-0.121341	0.271292	-0.085784	-0.238912	0.307177	0.151173	-0.202401	-0.279216	0.376849	-0.024880	0.124595	0.051207	-0.070381
0.052341	-0.274103	0.006998	-0.356965	0.105616	-0.344278	-0.047625	0.342402	0.124561	-0.454801	0.070989	-0.190290	-0.185753	-0.014108	0.017903	-0.024820	0.066498	-0.101863	-0.157404	0.270442	0.061612	-0.190564	-0.013795	-0.121339	0.280143
-0.047069	-0.366802	0.078661	-0.028427	-0.165576	-0.328290	0.251756	-0.008417	0.173314	-0.440490	-0.217230	0.109256	-0.216785	0.149237	0.044019	-0.199417	0.207943	0.104101	-0.223953	0.110716	0.280794	-0.138849	0.004650	-0.220849	0.005163
0.026845	-0.340922	0.246487	-0.197616	-0.063348	-0.230013	0.013373	0.295763	-0.012306	-0.433298	-0.001226	-0.060221	-0.321122	0.207007	0.129452	-0.321927	0.158316	0.084416	-0.211963	0.015004	0.305613	-0.018812	0.066665	-0.059334	0.041420
0.052626	-0.416500	0.101345	-0.009975	0.023624	-0.261142	0.463709	0.091071	-0.135125	-0.201889	-0.123123	0.226962	-0.284856	0.106783	0.269515	-0.213455	0.251612	-0.072465	-0.030245	0.126608	0.252434	-0.101317	0.010552	0.158958	-0.002570
0.014268	-0.360453	0.030265	0.088387	-0.145123	-0.365814	0.347100	-0.152490	0.044780	-0.330849	-0.067889	0.036195	-0.218939	0.226818	0.135322	-0.198226	0.014931	0.105554	-0.167634	-0.154016	0.274590	-0.236576	0.250723	0.113915	-0.133285
0.225660	-0.352424	0.058091	-0.102154	-0.254604	-0.228480	0.199089	0.092717	0.041429	-0.452793	-0.052494	0.089648	-0.326316	0.146798	0.311280	-0.207563	0.024199	0.096258	-0.184164	-0.122448	0.274416	-0.002960	0.094351	0.036840	-0.126225
0.125093	-0.397739	0.225693	-0.208212	-0.048464	-0.426537	0.164473	-0.020107	-0.036842	-0.341561	-0.101619	-0.014225	-0.223053	0.298682	0.049036	-0.177298	0.195582	0.084902	-0.119878	-0.078931	0.368690	0.028904	0.055830	0.000336	-0.113264
0.427005	-0.371344	0.242438	-0.192571	-0.214384	0.029917	0.153445	-0.009268	0.136445	-0.141917	-0.040469	-0.121852	-0.237379	0.148105	0.335083	0.087088	0.331350	0.190401	-0.076640	0.061181	0.020625	-0.181474	0.149993	0.210400	0.065153
0.000361	-0.359628	0.189475	-0.130535	-0.191825	-0.204278	-0.211667	0.307848	-0.025813	-0.364053	0.017985	0.053560	-0.117760	0.001962	-0.173123	-0.425853	0.146705	-0.010818	-0.163587	-0.053183	0.186241	-0.341355	0.173894	0.071579	0.015529
-0.025204	-0.300452	0.282598	-0.227687	-0.012901	-0.201118	-0.066717	0.262419	-0.004702	-0.431935	-0.003399	0.107410	-0.297743	0.104491	0.257604	-0.203833	0.185444	-0.012858	-0.217383	-0.071894	0.245985	-0.079543	0.230182	-0.062453	-0.217131
0.089396	-0.479269	0.119155	-0.093139	-0.161973	-0.346525	0.038578	-0.003173	-0.036738	-0.192800	-0.062314	0.007813	-0.205391	0.285743	0.163083	-0.283074	0.156382	0.144887	-0.154376	-0.158937	0.411527	-0.010557	0.140914	0.100262	-0.157102
0.172843	-0.332537	0.094056	-0.267757	-0.042916	-0.473273	0.050510	0.034706	0.047576	-0.049379	-0.028748	0.018575	-0.247175	0.249552	0.063141	-0.205057	0.275961	0.061657	-0.093058	-0.172817	0.433619	-0.086424	0.203626	0.071598	-0.116499
0.260947	-0.406538	0.195176	-0.246542	-0.005287	-0.389556	0.039345	-0.001710	0.041670	-0.460583	-0.028571	-0.037435	-0.273508	0.077323	0.166255	-0.200136	0.012982	0.171324	-0.144208	0.000211	0.175411	0.074875	0.216932	-0.097154	-0.081629
0.170446	-0.415526	0.242520	-0.086862	-0.053387	-0.348055	0.129680	0.040333	0.008823	-0.410591	-0.087330	-0.059427	-0.244241	0.225213	0.129834	-0.368959	0.158949	-0.023283	-0.192587	0.059134	0.219986	-0.115097	0.043347	-0.124994	-0.027726
-0.009823	-0.373466	0.305317	-0.009367	-0.098779	-0.284917	0.211430	0.081436	0.031939	-0.471702	-0.103031	-0.047448	-0.360432	0.203974	0.140617	-0.221788	0.115617	0.027449	-0.200793	0.124260	0.180751	-0.069181	0.179229	0.057532	-0.072205
-0.027234	-0.503808	0.146953	-0.121347	-0.151210	-0.416900	0.276162	0.086902	0.020752	-0.317235	-0.084134	0.098131	-0.244253	0.087291	0.073387	-0.062477	-0.020932	0.008041	-0.101864	-0.028853	0.444932	-0.047383	0.051851	-0.044741	-0.132931
-0.016309	-0.254156	0.055807	0.069230	-0.202096	-0.235350	0.322548	-0.089296	0.119505	-0.461465	-0.042057	0.016709	-0.353014	0.104789	0.076083	-0.240141	0.119146	0.150838	-0.254202	0.142236	0.149457	-0.232806	0.252640	0.161590	-0.048800
-0.002736	-0.284324	0.247803	0.102933	-0.051289	-0.273963	0.286605	-0.148646	0.093558	-0.394804	0.035302	0.012508	-0.326038	0.246039	0.136133	-0.218696	0.133133	-0.005807	-0.269067	0.037718	0.069666	-0.148438	0.357485	0.120917	-0.071572
-0.061393	-0.340363	0.060302	-0.153400	-0.018843	-0.177657	0.194737	0.337019	-0.155629	-0.418110	-0.086358	0.098808	-0.368997	0.175180	0.156663	-0.337472	0.029315	0.017838	-0.301943	0.004435	0.172151	-0.033306	0.138659	-0.054461	0.054369
0.003816	-0.436427	0.189386	-0.129601	-0.140521	-0.271340	0.204782	0.070317	0.123710	-0.507458	-0.082111	-0.052510	-0.313277	0.196079	0.056061	-0.261989	0.110962	-0.020426	-0.196568	0.026566	0.214975	-0.022982	0.051202	-0.081130	-0.133767
0.238572	-0.444842	0.296804	-0.190554	0.001131	-0.403558	-0.142842	0.307783	0.072861	-0.209362	-0.004009	0.083818	-0.212737	0.234771	0.257692	-0.150006	0.104180	-0.090390	0.041327	0.012315	0.216434	-0.116771	0.122799	-0.019373	0.022779
0.186248	-0.282503	0.073477	-0.293591	-0.264775	-0.274717	0.075188	0.253544	-0.082071	-0.298937	-0.265149	0.236225	-0.099841	0.087015	0.021454	-0.203206	-0.048218	0.118661	-0.324960	-0.095913	-0.054998	-0.016871	-0.031979	-0.098787	-0.389362
0.106689	-0.259493	0.102442	-0.143305	-0.117928	-0.456746	0.213457	0.131601	0.058205	-0.295330	-0.190964	0.143577	-0.375340	0.160361	0.222027	-0.129174	0.328283	0.028104	-0.125801	-0.063379	0.188838	-0.049537	0.213976	-0.079862	-0.076792
0.041698	-0.196086	0.220517	-0.176573	-0.173122	-0.453179	0.006897	-0.036397	0.222020	-0.445307	-0.089267	-0.055290	-0.343000	0.185678	0.005114	-0.128999	0.176201	0.004404	-0.192659	0.136295	0.141919	-0.213199	0.239074	-0.029328	-0.074226
-0.025083	-0.495298	0.121926	-0.302779	0.024616	-0.126201	-0.178223	0.236832	0.031970	-0.259526	0.056032	-0.204145	-0.279192	0.095060	0.449936	-0.082729	-0.045849	-0.082710	-0.046918	0.249084	-0.066811	-0.032490	0.183577	0.009603	0.145475
0.109737	-0.234536	0.115958	-0.158900	-0.134212	-0.409983	0.106387	0.167078	0.036728	-0.378757	-0.121451	-0.112308	-0.381300	0.035153	0.203127	-0.192120	-0.050605	-0.010234	-0.199194	0.089643	0.250711	-0.205455	0.338257	0.014013	-0.043544
0.025656	-0.388893	0.131381	0.018850	-0.004077	-0.245162	0.278143	-0.092496	0.001671	-0.543710	0.014596	-0.042277	-0.278308	0.084526	0.124254	-0.063353	0.209407	0.024215	-0.222258	0.034741	0.163883	-0.081742	0.377516	-0.067934	-0.083996
0.011533	-0.375419	0.112639	0.011465	-0.175645	-0.301818	0.257014	-0.249132	-0.043068	-0.370959	-0.128774	0.079630	-0.180077	0.193917	0.007353	-0.134391	-0.059646	0.012374	-0.334168	-0.045661	0.239490	-0.140609	0.140661	0.150861	-0.329195
0.043747	-0.447081	-0.042530	-0.151967	-0.044782	-0.264280	0.263187	0.052482	0.099179	-0.484987	-0.228258	0.135159	-0.201713	0.268095	-0.235726	-0.144486	0.122398	0.063842	-0.221920	-0.036884	0.080783	-0.070068	0.208729	-0.011051	0.014688
0.004268	-0.264882	0.225867	-0.062839	-0.014895	-0.251139	-0.051145	0.347651	0.068547	-0.482850	0.086312	0.020133	-0.275404	0.109665	0.144944	-0.277997	0.069419	-0.044492	-0.288515	0.028558	0.257234	-0.090693	0.209657	0.025209	-0.215362
0.058265	-0.264173	0.162770	-0.161860	-0.212303	-0.285019	0.212857	0.067109	0.043470	-0.389617	-0.231271	0.032440	-0.361784	0.038827	0.205079	-0.224871	0.314512	0.012342	-0.025084	-0.045944	0.184278	-0.261984	0.189421	0.006585	-0.156293
-0.006455	-0.393072	0.206116	-0.085632	-0.022582	-0.255291	0.272002	-0.122342	-0.035786	-0.384208	-0.149435	-0.019911	-0.428882	0.228367	0.060457	-0.265128	0.206041	0.153685	-0.170180	0.107922	0.151990	-0.019177	0.152040	-0.044338	-0.064076
-0.033730	-0.303581	0.198002	-0.163355	-0.032648	-0.315270	-0.059882	0.191391	0.092886	-0.435341	-0.063298	-0.108456	-0.306523	0.163418	0.160612	-0.299515	-0.026380	0.031793	-0.202609	0.046026	0.377581	-0.130381	0.210283	-0.031810	0.019383
0.143669	-0.260331	0.257103	-0.010257	-0.001527	-0.272532	-0.041998	0.169693	0.115389	-0.411557	-0.052682	0.066524	-0.510709	0.059431	0.067124	-0.108005	0.118496	0.026213	-0.189193	0.194374	0.152706	-0.213893	0.126299	-0.228504	-0.211149
0.230096	-0.431597	0.022636	-0.279246	-0.151853	-0.267654	0.081090	0.296638	0.027892	-0.353463	-0.163882	-0.185439	-0.290722	0.135940	0.203595	-0.097718	-0.058677	-0.167847	0.003799	0.139701	0.215872	0.061047	-0.041866	-0.099264	-0.197442
0.113229	-0.286930	0.047026	-0.189345	-0.096576	-0.410940	0.206645	0.182428	-0.060051	-0.264817	-0.140449	-0.126670	-0.272557	0.258286	0.201310	-0.218891	0.124598	0.081892	-0.228632	-0.120412	0.347124	0.091317	0.161939	-0.052189	-0.163947
0.160551	-0.298605	-0.056076	-0.006341	-0.171681	-0.406708	0.227275	-0.155394	-0.009512	-0.358748	0.103129	-0.090241	-0.318165	0.041156	0.193756	-0.238125	0.107346	0.004728	-0.204809	-0.140681	0.169765	0.165288	0.179347	0.114003	-0.303089
0.006182	-0.599833	0.049913	-0.035364	-0.051498	-0.123722	-0.063722	-0.021042	-0.009590	-0.234183	-0.143908	0.136385	-0.005238	0.269265	-0.000014	-0.036361	0.052680	-0.123367	-0.345110	-0.386248	0.145582	0.033666	0.173959	0.326284	-0.022963
0.089188	-0.258223	0.231301	-0.250561	0.021363	-0.328151	0.140678	0.150039	-0.022901	-0.389292	-0.169341	-0.116475	-0.362871	0.252685	0.103231	-0.149975	0.074379	0.089933	-0.209954	0.157889	0.195447	-0.172794	0.154346	-0.161018	-0.187664
0.066241	-0.439956	0.172339	-0.130937	-0.209244	-0.327570	0.257811	0.006896	0.077248	-0.397875	-0.187392	0.038995	-0.223995	0.121659	0.089700	-0.168819	0.153892	-0.106423	-0.212655	0.184577	0.192417	-0.201466	0.156418	-0.059732	-0.123414
0.249993	-0.436957	0.087042	-0.246037	-0.228317	-0.263530	0.010607	0.173767	0.014600	-0.481301	-0.091287	0.009248	-0.295657	0.178086	0.087327	-0.260055	0.084061	-0.022483	-0.084158	0.156411	0.155347	-0.030582	0.149971	-0.072138	-0.005569
0.079404	-0.395434	0.266031	-0.266069	0.105047	-0.283341	0.147918	0.278040	-0.121041	-0.431615	-0.003353	-0.003081	-0.384753	0.220134	0.063378	-0.225959	0.047022	0.004731	0.000448	0.009188	0.060837	-0.116483	0.119992	0.136362	-0.012111
0.109295	-0.429875	0.139862	-0.432400	-0.117003	-0.110273	0.133750	0.089755	-0.023515	-0.336928	0.159836	-0.233167	-0.169343	0.315373	-0.024229	-0.159524	-0.017059	-0.069977	-0.195380	-0.108559	0.307116	0.144618	0.082971	-0.032360	-0.135883
0.104428	-0.517294	0.237171	-0.001170	-0.051968	-0.174142	-0.049704	0.014832	0.234903	-0.530267	-0.029723	-0.072914	-0.169539	0.077696	-0.106727	-0.192269	0.005284	0.016204	-0.036403	-0.076386	-0.019122	-0.315648	0.297166	0.066388	0.060556
0.000603	-0.381050	0.226433	-0.173421	-0.062627	-0.189692	-0.061581	0.321798	-0.175466	-0.456914	-0.100727	-0.147787	-0.246821	0.117667	0.132188	-0.156624	0.048155	-0.050068	-0.018254	0.298053	0.149095	-0.209682	0.238661	0.110923	0.091832
0.075081	-0.484601	0.065184	-0.206730	-0.060786	-0.312881	0.258926	0.026106	0.062832	-0.460977	-0.208479	0.009553	-0.294872	0.261497	-0.065761	-0.225755	0.008715	-0.029899	-0.120830	-0.163618	0.046535	-0.051293	0.107797	-0.035021	-0.112332
-0.050695	-0.301301	0.020989	-0.167420	-0.012686	-0.291709	0.167222	0.167109	0.040255	-0.363228	-0.081970	0.139618	-0.435609	0.080267	0.309124	-0.256909	0.080713	0.019550	-0.083496	-0.221943	0.236155	-0.178574	0.168059	0.084073	-0.182791
-0.065630	-0.292960	0.062556	0.159947	0.062645	-0.134992	0.267741	-0.311572	-0.106950	-0.311489	-0.092582	-0.056894	-0.212640	-0.018921	0.132607	0.007855	0.171117	0.216909	-0.335839	0.077014	0.067128	-0.040067	0.503806	-0.013467	0.225402
-0.181351	-0.298414	0.326421	-0.087320	-0.166902	-0.179855	0.052204	0.269935	-0.089061	-0.307374	0.027401	-0.034144	-0.379139	0.032853	0.168780	-0.271689	0.150914	0.005967	-0.151458	0.235122	0.156722	-0.258381	0.244994	0.130905	0.084397
-0.096429	-0.353762	0.327489	0.016575	-0.015706	-0.434695	0.100888	0.101185	0.030937	-0.494147	0.138050	-0.167776	-0.275625	0.133988	0.185726	-0.172632	0.053730	-0.047519	-0.023628	0.019076	0.085693	-0.184983	0.089103	-0.177032	0.104576
0.010934	-0.483109	0.221616	-0.203429	-0.157986	-0.208318	-0.089788	0.396325	0.001817	-0.211246	0.040374	-0.321443	-0.237097	0.181092	0.055216	-0.198324	0.050078	0.004421	-0.140267	-0.167441	0.150187	-0.293114	-0.045413	-0.009108	0.025828
0.001253	-0.420641	0.099997	-0.134399	-0.120419	-0.257812	0.153979	0.132185	-0.078256	-0.462582	-0.117179	0.001835	-0.382011	0.139983	0.115237	-0.160209	0.135691	0.073334	-0.124115	0.072077	0.344420	-0.131741	0.170622	-0.122348	-0.100397
-0.098166	-0.387445	0.289153	-0.152890	-0.082264	-0.337825	0.120652	0.233939	-0.148827	-0.321684	-0.000596	0.021377	-0.237102	0.191587	0.124221	-0.301304	0.204341	0.062203	-0.244310	-0.028786	0.234058	-0.091476	0.166519	-0.037362	-0.139445
-0.067539	-0.438184	0.266678	-0.058287	-0.046120	-0.327072	0.115818	0.334875	0.049860	-0.421223	-0.094436	0.006603	-0.316715	0.181978	0.103978	-0.176541	-0.007180	-0.099177	0.095032	-0.026206	0.174912	-0.018454	0.271734	0.071268	-0.022865
-0.157631	-0.434056	0.271457	-0.059931	-0.116478	-0.247908	0.078121	0.256374	-0.068298	-0.460452	0.064296	-0.098936	-0.242415	0.251049	0.148074	-0.144084	0.018254	-0.149085	-0.025225	-0.072923	0.298643	-0.068442	-0.014871	0.112598	-0.179577
0.098912	-0.491641	0.395468	-0.238062	0.108686	-0.177330	-0.044577	0.152414	0.042722	-0.254589	0.046055	0.008583	-0.418331	0.039044	0.170523	-0.204650	0.141778	-0.086562	0.062038	-0.015974	0.285131	-0.139750	0.127111	0.002145	-0.044177
0.213547	-0.166647	0.285744	-0.260378	0.145563	-0.324495	-0.142716	0.142055	0.073269	-0.246452	-0.016271	-0.055918	-0.418014	0.095907	0.262932	-0.099237	0.162652	-0.020440	-0.129212	0.239147	0.229112	-0.174193	0.272939	-0.081281	-0.114169
0.119956	-0.329541	-0.098288	-0.186481	-0.265106	-0.345915	0.223941	-0.102993	0.206543	-0.361918	-0.173519	0.038061	-0.215454	0.199020	0.183053	-0.209752	0.026745	0.113665	-0.148985	-0.111212	0.000140	-0.287831	0.161627	0.061754	-0.228394
0.186049	-0.221498	0.049268	-0.388698	0.099634	-0.395450	0.096471	0.073738	0.229675	-0.146507	-0.057111	-0.090945	-0.311763	0.128107	0.146578	-0.182200	0.116217	-0.125336	-0.079940	0.069685	0.241043	-0.327736	0.289153	-0.010628	-0.195000
0.176015	-0.216341	0.285390	-0.030087	-0.138026	-0.324598	0.245486	0.061459	0.166244	-0.509811	-0.175076	0.029633	-0.102994	-0.038801	0.154725	0.004906	0.247582	-0.080790	-0.111515	0.051611	-0.069646	-0.298838	0.330021	0.086800	0.052247
0.153725	-0.452419	0.092502	-0.066426	-0.064685	-0.302154	0.510660	0.026049	0.129377	-0.191896	-0.267934	0.040462	-0.193528	-0.107513	-0.052645	-0.046378	-0.118923	-0.114350	-0.247942	-0.013338	0.147828	-0.158398	0.193414	0.000318	-0.218258
0.272181	-0.266914	0.303881	-0.216149	-0.051928	-0.472170	0.224223	0.021410	0.164251	-0.348859	0.082651	0.068450	-0.163905	0.010502	0.017706	-0.237070	0.003995	0.037719	-0.316956	0.088055	0.028161	-0.184830	0.152759	-0.058516	-0.155494
0.072299	-0.329155	0.031782	-0.060653	-0.258697	-0.332742	0.319405	-0.115019	0.311647	-0.116675	-0.114667	0.279801	-0.287419	0.068994	0.174724	-0.149709	0.124924	0.004917	-0.158898	0.073536	0.053826	-0.267688	0.327798	-0.058039	0.121266
-0.055352	-0.235985	-0.042759	-0.091937	-0.200331	-0.370482	0.217366	-0.086600	0.183018	-0.451613	-0.212781	0.122049	-0.365892	-0.158923	0.078429	0.055037	0.141983	0.072814	-0.217297	0.322183	0.093310	-0.164222	-0.070156	0.097139	-0.079879
0.109912	-0.362980	0.165192	-0.007109	-0.094708	-0.346813	0.479144	-0.111961	0.062216	-0.299954	-0.084864	0.086679	-0.180617	0.055079	0.144710	-0.159767	0.097491	-0.013658	-0.183599	-0.072609	0.106961	-0.300736	0.290692	-0.125212	-0.126674
0.025412	-0.437193	0.095473	-0.038975	-0.056851	-0.314930	0.286984	-0.083625	0.248374	-0.457690	-0.020215	-0.008402	-0.339804	0.176860	0.196547	-0.082726	-0.034305	0.074887	-0.016765	-0.029452	0.157932	-0.031930	0.254484	-0.026952	-0.206309
0.039303	-0.427806	0.301390	-0.161068	-0.169551	-0.110430	0.157775	-0.159571	0.084256	-0.458264	-0.054798	0.120974	-0.335921	0.156301	0.028662	-0.080928	0.177848	0.151709	-0.025629	0.097619	0.116671	-0.205486	0.104581	-0.025377	-0.309392
0.137048	-0.346056	0.001370	-0.105997	-0.246728	-0.393680	0.170841	0.062304	0.179724	-0.527344	0.018831	-0.015426	-0.286493	0.020897	0.132574	-0.160499	-0.075142	0.109969	-0.143629	0.048221	0.151085	-0.089747	0.191768	-0.162725	-0.172144
0.280951	-0.456520	0.320752	-0.174758	-0.123379	-0.382921	-0.052283	0.122845	0.002487	-0.456303	0.157603	-0.031922	-0.180766	0.133470	0.107352	-0.155481	0.069855	-0.058790	-0.097495	-0.030858	0.127267	0.035788	0.108871	-0.000273	-0.176549
0.093572	-0.420638	0.137819	-0.053322	-0.180673	-0.355308	0.187128	0.105144	0.061087	-0.450638	-0.091285	0.051164	-0.193224	0.246385	0.169639	-0.212857	0.051541	-0.013881	-0.089966	-0.229053	0.288929	-0.033411	0.178176	-0.120133	-0.058693
0.241074	-0.230714	0.125369	-0.235586	0.108833	-0.010171	0.178739	0.059228	-0.112033	-0.214461	-0.134176	0.104029	-0.560026	0.317188	0.070985	-0.228473	0.069420	-0.184415	-0.094444	-0.101936	-0.204434	-0.121337	0.150736	-0.247506	-0.112030
0.239593	-0.361021	0.153249	-0.145117	0.159177	-0.380017	0.334892	0.103296	0.154247	-0.425986	-0.128429	-0.098956	-0.270201	0.107756	0.284848	-0.088997	-0.008061	-0.081077	-0.047430	-0.070623	0.052002	-0.085953	0.186847	-0.031059	0.100388
0.288688	-0.284249	0.051020	-0.039420	-0.077505	-0.316301	0.329838	0.172289	0.261482	-0.243095	-0.236934	0.160009	-0.231364	-0.157066	0.319986	-0.003738	0.224652	-0.055754	-0.182759	0.011267	0.112061	-0.060191	0.271269	-0.020594	0.141654
0.082158	-0.234398	0.227688	-0.038259	-0.029752	-0.357060	0.274437	0.083586	0.040527	-0.468122	-0.043587	-0.056458	-0.394952	0.140634	0.198805	-0.110223	0.174561	0.087246	-0.251080	0.169871	0.110046	-0.181603	0.184024	-0.103169	-0.037938
0.013481	-0.420012	0.031834	0.025365	-0.069824	-0.335141	0.227221	0.117684	0.104877	-0.416154	-0.184171	0.019486	-0.253071	-0.117047	0.173668	-0.262159	0.140667	-0.067421	-0.186036	0.188247	0.149465	-0.219002	0.152461	-0.227739	-0.064596
0.308574	-0.358321	0.146731	-0.221421	-0.182448	-0.303989	0.232321	-0.023705	0.403639	-0.313228	0.070466	0.267194	0.014506	0.016000	0.224664	-0.023086	0.030190	-0.214239	-0.042134	0.017702	0.102750	-0.181404	0.064905	0.081658	-0.182997
0.010224	-0.333195	0.036490	-0.007660	-0.101007	-0.211461	0.446898	-0.070759	0.010073	-0.509055	-0.072477	0.024422	-0.315709	0.029005	0.275475	-0.155281	0.128845	-0.041990	-0.034588	-0.188809	0.067613	0.049087	0.010363	-0.089831	-0.303111
0.358114	-0.444801	0.170975	-0.131797	-0.128050	-0.356066	0.286594	0.068466	0.085802	-0.207725	-0.058179	0.017311	-0.191849	0.235442	0.341108	0.056377	-0.080450	-0.187349	0.093834	-0.135745	0.192412	0.090712	0.087697	-0.090163	-0.038197
0.141022	-0.027669	-0.214985	0.151644	-0.041396	-0.222348	0.437278	-0.025655	0.300975	-0.332513	-0.057364	0.149094	-0.205319	0.168175	0.324057	0.147044	-0.253225	-0.197726	-0.098685	0.073378	0.073495	0.210669	0.229163	-0.048309	-0.142800
-0.099577	-0.334398	0.081808	-0.092124	-0.090789	-0.364259	0.383327	0.139073	-0.014976	-0.168990	-0.084755	-0.197024	-0.071217	0.084995	0.501698	-0.099545	0.009574	-0.249859	0.112250	0.195937	0.085407	0.129902	0.204838	-0.023193	-0.164337
-0.006849	-0.202733	0.254666	-0.122453	-0.025287	-0.439465	0.340441	0.030328	0.222203	-0.358300	0.068174	-0.281399	-0.197748	-0.128253	0.230883	-0.307304	0.113743	0.090955	-0.140580	-0.049707	-0.067947	0.017340	0.166790	0.108396	-0.124913
0.168595	-0.384878	0.109959	0.031648	0.097095	-0.286732	0.460719	-0.032284	0.095056	-0.286826	-0.232400	0.147881	-0.247047	0.171677	0.154673	0.010619	0.170331	0.025450	0.128524	0.075149	0.054307	-0.063375	0.381556	-0.035922	-0.134213
0.065387	-0.247939	0.097933	-0.166546	-0.153821	-0.385237	0.347180	-0.020675	0.162000	-0.419004	-0.057141	-0.138413	-0.222083	0.139418	0.292629	-0.117936	0.144071	0.038533	0.017470	-0.000754	-0.000334	0.056157	0.226734	0.117496	-0.347055
0.207786	-0.158768	0.175935	0.019833	-0.049376	-0.343744	0.389431	-0.091354	0.084706	0.063289	-0.310786	0.133852	-0.299902	0.145148	0.251531	-0.177645	0.173184	-0.150069	-0.148004	-0.077801	0.150448	-0.168179	0.270268	0.008689	-0.289209
0.119856	-0.119770	0.093252	-0.212619	-0.242939	-0.498543	0.318444	0.043836	0.210736	-0.173783	-0.137926	0.075886	-0.341160	-0.072051	0.245952	0.021719	0.066190	-0.085243	-0.238191	0.323346	0.103659	-0.092062	0.059365	-0.083438	-0.148036
0.113695	-0.375400	-0.030940	-0.078552	-0.055301	-0.308032	0.357952	-0.051151	0.268465	-0.291374	-0.197213	-0.159402	-0.300463	0.113182	0.387035	-0.059957	-0.089219	-0.001602	-0.026945	0.163243	-0.097855	0.026593	0.181613	-0.195416	-0.125656
0.044646	-0.350090	0.070436	-0.043062	-0.035530	-0.377444	0.250748	0.118520	-0.064111	-0.142594	-0.211507	-0.197266	-0.227045	-0.034541	0.411271	-0.136614	-0.012859	-0.172713	0.001197	0.264923	-0.064844	0.120821	0.176784	-0.055587	-0.382114
-0.099479	-0.458551	0.303987	-0.097333	0.184284	-0.294852	0.190226	0.286717	0.102264	-0.219861	-0.007849	0.062811	-0.211729	-0.028574	0.149536	-0.099474	-0.061243	-0.208283	-0.054011	0.052559	0.324702	-0.114407	0.345880	-0.076257	-0.034303
0.180075	-0.451831	0.403598	-0.105905	-0.080896	-0.292616	0.203595	0.048443	0.079710	-0.350942	-0.042923	0.189476	-0.153734	0.079810	0.061598	-0.131673	0.112745	0.047694	-0.215041	-0.075758	0.317316	-0.161691	0.127645	-0.027796	-0.155206
-0.021850	-0.134871	0.159105	-0.173048	-0.282288	-0.270543	0.036623	0.136681	0.111920	-0.460789	-0.049436	0.034200	-0.320287	0.075280	0.092089	-0.398199	0.019616	-0.000573	-0.268187	-0.019320	0.139568	-0.309532	0.008392	0.246472	0.024859
0.110014	-0.415157	0.169086	-0.068776	-0.225681	-0.333917	0.184537	0.115465	0.067025	-0.366919	-0.052876	0.164238	-0.278530	0.120851	0.097793	-0.129974	0.088500	0.217051	-0.156330	-0.173636	0.340571	-0.171299	0.168896	0.038465	-0.000052
0.043306	-0.415478	0.253924	0.103115	-0.040843	-0.194277	0.201527	-0.171046	-0.115126	-0.208323	-0.173491	0.422051	-0.072276	0.228691	-0.077077	-0.137336	0.109682	-0.111908	-0.137200	-0.337012	0.108040	-0.256332	0.188492	0.042727	0.149063
0.020300	-0.232808	0.057987	-0.069244	-0.022884	-0.378993	0.380185	-0.111538	0.139318	-0.398463	-0.120932	0.033280	-0.428149	0.202063	0.198681	-0.220806	0.171549	0.094480	-0.157313	-0.007731	0.138005	0.014844	0.199100	-0.034492	-0.080910
0.150496	-0.252966	0.056355	-0.063298	-0.181624	-0.167510	-0.063008	0.261265	0.107620	-0.486562	-0.207714	-0.098863	-0.268041	0.276410	0.148388	-0.053795	0.275778	-0.199077	-0.085440	0.034925	0.327119	-0.090923	-0.003196	-0.209845	0.122356
0.242240	-0.424882	0.019585	-0.039729	-0.193017	-0.290884	-0.061492	0.248540	0.170672	-0.340649	-0.233242	-0.057027	-0.344262	0.128718	0.266952	-0.133796	0.117955	-0.111138	-0.007222	-0.095169	0.268774	-0.052609	0.092730	-0.157653	0.022406
0.085062	-0.284216	0.197092	-0.129051	0.016922	-0.303708	0.177520	0.214083	-0.076980	-0.458525	-0.059505	0.004689	-0.335700	0.221640	0.159483	-0.248765	0.054150	0.071146	-0.234489	0.000136	0.320067	0.077217	0.108247	-0.182983	-0.034064
0.229323	-0.340335	0.254900	-0.160182	0.114398	-0.336706	0.206074	0.097412	0.079247	-0.449970	-0.131493	0.019202	-0.282402	0.145318	-0.022075	-0.216475	0.150451	0.033756	-0.102111	0.122376	0.130240	-0.253582	0.225342	-0.003126	-0.081710
0.030702	-0.533850	0.246386	-0.035532	0.069578	-0.324306	0.223756	-0.067342	-0.026716	-0.422535	-0.051445	-0.059550	-0.213092	0.004304	0.119501	-0.123960	0.073294	0.054604	-0.052767	-0.041542	0.220461	-0.182569	0.358713	-0.013055	-0.057588
0.200101	-0.259341	0.173679	-0.104964	-0.148878	-0.350181	0.351797	0.032322	0.079597	-0.494714	-0.227387	-0.111454	-0.283102	0.108772	0.274419	-0.088433	0.030603	0.052569	-0.073387	0.154268	0.081660	-0.092765	0.154027	0.058789	-0.127577
0.192679	-0.414686	0.370594	-0.346636	-0.070982	-0.283835	0.183022	-0.111526	0.171505	-0.381477	0.041738	-0.140077	-0.223974	0.212390	0.091005	-0.068318	0.008278	0.021037	0.058715	0.080831	-0.011908	0.044570	0.205532	-0.100345	-0.180056
-0.108676	-0.370486	0.245551	0.046108	-0.105399	-0.414116	0.384647	0.045463	0.068534	-0.357581	-0.279428	0.016088	-0.259682	0.083621	0.083423	-0.067683	0.021686	-0.058837	-0.165184	0.089340	0.274427	-0.094001	0.095992	0.108716	-0.120997
0.112851	-0.259090	-0.176945	-0.074362	0.138340	-0.140816	0.138912	0.297753	-0.121660	-0.355536	-0.392451	0.245882	-0.164801	0.170054	-0.297581	0.038715	0.295144	-0.130886	-0.149869	0.008615	-0.052065	0.157535	0.234683	-0.034504	0.154897
0.023942	-0.352606	-0.044169	-0.173828	0.117867	-0.118541	0.076296	0.292208	0.044871	-0.562083	-0.336392	0.149498	-0.157174	0.220119	-0.130459	-0.020930	0.177280	-0.087604	-0.068733	0.032728	-0.190709	0.151683	0.174916	-0.017167	0.211040
0.112652	-0.365454	0.072476	-0.155992	0.108786	-0.111429	-0.221590	0.290194	0.110857	-0.521360	-0.247585	0.167195	-0.055334	0.087408	-0.154114	0.078215	0.132978	-0.130419	-0.045035	0.053703	-0.365941	-0.099860	0.109559	0.029916	0.237245
-0.015493	-0.201889	0.141908	0.384514	0.047648	-0.067774	0.465811	-0.040247	-0.182697	-0.052111	-0.139132	0.451659	-0.217589	0.035993	0.277170	-0.070366	0.348136	-0.104919	-0.051163	-0.015141	0.005590	-0.019851	0.182380	0.063397	-0.054087
-0.041278	-0.339712	0.064676	0.188848	0.136567	0.112272	0.280629	0.126880	-0.115049	0.089722	0.146355	0.290497	-0.340597	-0.017849	0.150921	-0.032860	0.204289	-0.423404	-0.170760	0.281105	-0.065042	-0.023706	-0.072204	0.038396	0.330148
0.001411	-0.319116	-0.211604	0.323493	0.090807	-0.130165	0.430681	-0.130738	0.090836	-0.137899	-0.031706	0.176754	-0.227013	0.099904	-0.089936	-0.113410	0.152967	-0.031960	-0.142502	0.116729	-0.128948	-0.023738	0.550480	-0.019791	0.005134
0.201315	-0.113080	0.044176	0.262510	-0.076597	0.110039	0.198928	0.157055	0.102883	-0.272269	0.038901	0.288834	0.005704	0.179577	0.372636	0.078319	0.028473	-0.259877	-0.465013	0.083576	-0.150439	0.161795	-0.257884	-0.119344	0.159866
0.176526	-0.352971	-0.230418	0.070938	-0.185439	-0.281081	0.363619	-0.319902	0.288691	-0.205795	-0.158741	0.266700	-0.048346	-0.094175	-0.006827	-0.013019	0.053915	-0.113441	-0.158640	0.145802	-0.143368	-0.008451	0.344926	-0.048618	-0.023798
0.066361	-0.163797	0.119585	0.362667	0.043559	0.034804	0.277673	-0.002245	-0.102781	-0.065334	0.170275	0.270442	-0.157792	-0.001784	0.592051	0.095140	0.263745	-0.156373	-0.244442	0.123431	0.013961	0.114138	0.223112	0.073933	-0.061743
0.058314	0.006048	0.084528	0.316429	0.106781	-0.114353	0.225862	-0.012533	-0.008451	0.031397	0.085424	0.217947	-0.438068	-0.127716	0.326144	-0.035065	0.186604	-0.318769	-0.292036	0.247128	-0.271240	-0.057954	-0.116349	0.037189	0.259479
-0.036072	-0.288635	-0.096687	0.412519	-0.008039	-0.021329	0.398431	-0.277229	0.171864	-0.145734	-0.016710	0.365778	-0.055029	-0.057816	0.076357	0.082245	0.046089	-0.170046	-0.217073	0.231727	-0.239775	0.096906	0.268405	0.049992	0.150504
0.107870	-0.121719	0.011671	-0.149063	0.089597	-0.362375	-0.248763	-0.052781	0.314309	-0.229220	-0.112773	-0.369007	0.200135	0.193526	-0.165973	0.160758	0.172150	-0.364973	-0.294598	0.088682	-0.181584	-0.121100	-0.027066	-0.028242	0.096985
-0.009288	-0.194921	-0.142407	0.165349	-0.059450	0.159199	-0.002537	-0.656397	0.117469	0.031617	-0.036289	0.217501	-0.048602	-0.081387	-0.037169	-0.031740	0.040099	-0.216315	-0.389320	-0.123605	-0.224790	-0.006424	-0.116575	0.313217	0.047393
-0.077368	-0.252197	-0.180030	0.326479	0.222663	-0.047009	0.408531	0.030745	0.026351	-0.079835	0.212379	0.357541	-0.146055	-0.100397	0.194959	0.124275	0.076571	-0.160983	-0.308490	0.206800	-0.145650	0.115793	0.289552	-0.043811	0.129667
0.064245	-0.172628	-0.192380	0.215629	0.216838	0.073837	0.066970	-0.107037	-0.035559	-0.008089	-0.026304	0.529252	-0.188095	0.058119	-0.004263	0.269244	0.242188	-0.085047	-0.252377	0.241994	-0.287049	0.078986	0.371441	-0.009753	-0.076901
0.255070	-0.170961	-0.047219	-0.041259	-0.172769	0.035966	0.240678	-0.341736	0.258226	-0.044467	-0.209022	0.194775	0.082203	0.210006	-0.325698	0.181139	0.310612	-0.022595	-0.344156	0.273392	0.010717	0.074033	0.237109	0.062234	-0.004941
0.132217	-0.153755	-0.099122	0.006197	0.078110	-0.304061	-0.272087	-0.240823	0.384256	-0.098381	0.125372	0.109077	-0.002133	-0.151392	0.050215	-0.013190	-0.024762	-0.212492	-0.332886	0.368033	-0.387651	-0.093600	-0.193018	-0.047745	0.131411
-0.184281	-0.084943	0.023161	0.336545	-0.066405	-0.046870	0.103935	0.100565	0.157561	0.061933	0.227961	-0.105940	-0.202595	0.143440	-0.041619	-0.009677	0.159603	0.042640	-0.389950	0.221242	-0.474252	-0.149085	-0.015239	0.171622	0.396332
0.156655	-0.030556	-0.008113	0.313346	0.100126	-0.241270	-0.105368	-0.247319	0.057293	0.080160	0.207300	0.265296	-0.357242	-0.141105	0.032818	-0.007356	0.256594	0.011979	-0.364381	0.151437	-0.141990	-0.240268	-0.178435	0.033521	0.362627
0.070592	-0.298225	-0.178872	0.023253	0.085819	0.053160	0.174716	0.207550	0.140116	-0.224004	0.003683	0.258503	-0.003914	-0.096131	-0.128553	0.326914	0.125116	-0.119441	-0.189240	0.223492	-0.450782	0.006461	0.110531	0.199870	0.386464
-0.194398	-0.185970	-0.060648	0.010937	-0.114371	-0.117433	-0.190579	-0.258119	0.185484	-0.016493	-0.000618	-0.079513	-0.231237	-0.054853	-0.153990	0.110398	0.065308	-0.049627	-0.272364	0.279780	-0.299805	-0.079333	-0.258138	0.271535	0.514685
-0.026605	-0.046592	-0.162575	-0.008149	-0.190571	-0.092799	-0.143316	0.206653	0.012839	-0.254758	0.150645	0.176694	-0.182644	-0.011740	0.004050	0.020430	0.016719	-0.092221	-0.457490	0.295757	-0.009814	0.119495	-0.181263	0.418735	0.425928
0.201760	-0.302143	-0.073257	-0.004272	0.001336	-0.081148	0.041069	0.189056	-0.092737	0.091515	0.269489	0.262458	-0.222621	-0.003006	0.174579	0.267712	0.272339	-0.387598	-0.311885	-0.119735	0.005881	0.206504	0.154446	0.214477	0.244663
0.199579	-0.083007	0.232549	0.124438	-0.002677	0.220288	-0.142317	0.124094	0.256013	-0.068783	-0.037734	0.210748	-0.085912	-0.022145	0.144452	-0.315782	-0.074900	-0.161293	-0.427694	-0.211450	0.118705	-0.058790	0.423551	0.095807	0.299296
0.126885	-0.341644	0.035153	0.173749	0.158856	0.366190	-0.208960	-0.315100	0.025518	-0.100728	-0.087923	0.076343	-0.127422	0.187658	0.218673	0.048199	0.031117	0.028865	-0.146185	0.109677	-0.201633	0.401391	-0.342541	-0.146336	-0.178337
0.328416	-0.225965	0.142275	0.068936	-0.131629	0.184696	-0.116594	-0.053063	-0.055819	-0.267039	0.130904	-0.139058	0.293929	0.243129	0.150979	-0.069299	-0.033635	-0.047412	-0.301600	-0.265753	0.025397	0.381176	-0.021232	0.376156	0.106710
0.142803	-0.050405	-0.068007	0.049317	-0.131063	0.264460	-0.299469	0.249773	0.355005	-0.065736	-0.010937	0.020741	0.085689	0.073150	-0.105204	-0.285234	-0.016440	-0.155594	-0.524703	-0.114352	-0.001230	-0.027924	0.285446	0.190918	0.251447
0.241480	-0.171928	0.200742	-0.009782	-0.005725	0.101515	-0.257125	0.138693	0.370022	-0.081689	-0.058281	-0.017796	-0.074341	0.106373	-0.007082	-0.284691	-0.091524	-0.235621	-0.318196	-0.255299	-0.014186	-0.179885	0.378676	0.156662	0.316205
0.315633	-0.415695	0.037875	0.137441	0.165860	-0.001330	0.009868	-0.132464	0.162056	-0.357348	0.005971	-0.013125	-0.106301	0.325330	-0.037017	0.101540	0.274280	-0.184879	-0.385690	-0.098985	-0.181376	-0.153371	0.026963	-0.227335	-0.048089
0.037199	-0.283078	-0.178950	0.185313	-0.118173	0.026925	0.061239	-0.457703	0.216172	-0.087706	0.095332	0.307719	0.317838	0.023622	-0.042050	0.236381	0.097088	-0.135208	-0.342935	-0.268315	-0.118986	0.099493	0.105907	0.082821	0.217541
0.329766	-0.170162	-0.142409	-0.133990	-0.102851	0.009761	-0.284380	-0.265133	0.078416	-0.147904	0.017043	0.064390	-0.187045	0.023993	0.160565	0.041724	-0.165902	0.145667	-0.189918	-0.203514	-0.156396	0.386599	0.172184	0.467371	0.135826
0.132029	-0.146761	0.257671	0.139706	-0.025471	0.180404	0.209202	-0.114763	0.004672	-0.049815	0.079599	0.221277	-0.064329	0.346420	0.250853	0.199393	0.004541	-0.069430	-0.107245	0.095206	0.196905	0.481414	-0.226836	0.168300	-0.353039
-0.012418	-0.266695	-0.318820	-0.358340	-0.102879	-0.035059	0.021263	-0.122884	0.388635	0.428957	-0.029862	-0.104108	-0.121406	0.245635	0.041481	0.121504	-0.069668	0.042784	-0.322189	0.261317	0.091255	-0.078367	0.151136	-0.121658	0.045613
-0.162634	-0.323548	0.178407	0.160454	-0.082705	0.234148	0.126481	-0.402503	0.066334	-0.133838	-0.072000	0.008530	-0.104800	0.026489	0.024220	-0.019698	0.135325	0.029169	-0.040294	0.170655	-0.341663	-0.098635	0.165581	0.528411	-0.219963
-0.010835	-0.260238	0.214068	-0.051185	-0.089639	-0.209389	-0.107249	-0.550831	0.329970	-0.185645	0.239233	0.123689	-0.160518	0.394905	-0.196400	0.080765	0.031948	-0.034651	-0.179227	-0.115557	-0.005452	0.113362	-0.084058	0.077853	-0.022933
0.265688	-0.527243	-0.023174	-0.200167	0.045618	0.191613	-0.223931	-0.243624	0.113205	-0.012940	-0.045883	0.013130	0.141375	0.180196	-0.294325	0.208371	0.025825	-0.113039	-0.057520	0.009522	0.058940	0.156299	0.374174	0.282097	0.020757
-0.088408	-0.334796	-0.262152	0.084378	-0.033501	-0.023559	0.172572	-0.311368	0.361989	-0.057294	0.064755	0.042487	0.044796	-0.022475	-0.122996	0.222032	-0.044673	-0.226030	-0.074228	0.181740	-0.261429	0.115406	0.480010	0.196015	0.162696
0.071981	-0.127436	-0.069950	0.239870	-0.438384	0.118144	0.000106	0.107453	0.160991	0.163100	-0.109851	-0.289195	-0.359260	0.142097	0.255481	0.110586	0.156686	-0.263181	-0.102142	0.367544	-0.131297	-0.124915	0.068467	0.126694	-0.174830
-0.053279	-0.274605	-0.108074	0.079722	-0.376011	0.013402	0.285957	0.244937	0.024424	0.085571	0.121636	-0.329132	-0.025146	0.323772	0.002509	-0.102059	0.146429	-0.218097	-0.115921	0.290932	-0.207355	-0.055928	-0.062486	0.330125	0.217637
0.160554	-0.193199	-0.208051	-0.068397	-0.073406	-0.038757	-0.078805	0.211939	0.220174	0.012122	0.042426	-0.121481	-0.030893	-0.021740	-0.046990	0.183309	0.281230	-0.114385	-0.168759	0.173537	-0.138799	-0.245608	0.119459	0.303685	0.625813
0.125769	-0.334674	-0.023471	-0.180070	0.067348	-0.028244	-0.405699	0.118001	0.022883	-0.327983	0.251723	-0.222648	0.037417	0.246948	-0.070307	0.221853	0.285378	-0.041280	-0.290639	0.020796	-0.121081	0.230149	-0.241521	0.150579	0.032977
0.070552	-0.149510	-0.257316	0.024456	-0.153762	-0.039824	-0.020236	-0.273521	0.042748	0.151127	-0.191786	-0.096265	0.102572	0.215560	-0.278476	0.206381	0.215126	-0.108043	-0.520850	0.083587	0.033367	0.206958	0.056761	0.001604	-0.417336
0.096249	-0.091608	-0.304805	0.112277	-0.037499	-0.000410	0.132820	-0.286548	0.079680	0.094355	-0.276985	0.032928	-0.107971	0.081611	-0.428544	0.072958	0.091488	-0.101743	-0.589585	0.149472	0.070801	0.085486	-0.090543	0.222479	-0.128985
0.095515	-0.327729	-0.132542	0.154371	0.114568	-0.046884	0.179613	-0.381814	-0.262949	0.175680	-0.197172	-0.008234	-0.037397	0.241823	-0.375696	-0.142612	0.171721	-0.036679	-0.376149	-0.050910	0.215439	0.216804	-0.014000	0.124057	-0.066895
0.178957	-0.080356	-0.237896	-0.173513	0.104172	-0.101253	-0.205986	0.121501	0.117655	-0.223555	0.098379	-0.144362	-0.071528	0.098073	0.415266	0.135761	0.275078	0.123495	-0.106054	-0.076736	-0.023374	0.609834	-0.122427	0.027231	0.018464
0.305034	-0.156310	-0.166659	0.147252	0.028643	-0.148619	-0.300919	-0.143174	0.222357	-0.283394	-0.071509	-0.208769	0.047661	0.055900	0.294135	0.099592	0.238738	0.008769	-0.046434	-0.271505	0.043858	0.460432	-0.135022	0.077585	0.218417
0.170233	-0.087625	0.156654	0.086815	-0.026043	-0.117045	-0.350612	0.119896	0.101608	-0.378087	0.063679	-0.113270	-0.119754	0.232039	0.262381	-0.073789	0.295835	0.017546	-0.129198	-0.223769	-0.090640	0.380554	-0.247291	-0.017535	0.312832
0.025376	-0.334623	0.219442	0.096465	-0.156616	0.206273	0.273688	0.055574	-0.034893	-0.193026	0.035664	0.431462	0.018042	0.015196	0.432569	-0.270593	0.132980	-0.308510	-0.117745	0.046444	-0.086969	-0.136497	0.161961	0.111247	0.066082
-0.166491	-0.148232	-0.200118	0.329218	-0.012669	0.068391	0.309072	-0.184144	-0.029752	0.034187	-0.017998	0.395284	-0.103052	0.089240	0.191210	0.151641	0.214176	-0.075145	-0.181559	0.266211	-0.121490	0.496157	-0.028285	-0.000849	0.117278
-0.013815	-0.158079	0.077779	-0.037141	0.147380	0.101747	0.206440	0.192768	-0.023723	-0.242507	0.343216	0.119204	0.128975	0.300304	0.009526	-0.181334	0.162229	-0.377922	-0.402596	0.175463	0.301725	0.228138	0.045138	-0.100101	-0.084940
0.252678	-0.168124	-0.048132	-0.187648	-0.130810	-0.127530	-0.102219	-0.251695	-0.037490	0.030213	0.016243	-0.013315	0.055188	-0.100038	-0.093903	0.162659	-0.085609	0.149107	-0.414633	-0.396635	0.083783	0.110190	0.362119	0.393348	0.219728
0.246323	-0.054062	0.014099	-0.191100	-0.035096	-0.068804	-0.040789	-0.211096	-0.140914	-0.176671	-0.126468	-0.220049	0.276100	0.150372	0.006953	0.250123	0.131016	0.316743	-0.382802	-0.124766	-0.072871	0.251683	0.220371	0.394135	0.135646
0.417416	-0.104579	0.030610	0.136380	-0.403058	-0.023481	-0.057716	0.042650	0.179245	-0.243584	0.366453	0.261614	0.012405	0.199970	0.050733	0.037054	0.034644	0.036252	-0.108109	-0.305864	-0.003579	0.352611	-0.113800	0.204877	0.042741
0.272639	0.032335	-0.187616	0.131677	0.139788	-0.180228	-0.094730	-0.085866	-0.056175	0.282490	0.257689	0.138849	-0.148212	0.154733	-0.149146	0.072097	0.188083	-0.165794	-0.416898	0.125634	-0.024680	0.025968	0.425485	-0.091579	0.344334
0.254951	-0.435757	-0.386532	0.212997	0.125795	-0.121984	-0.134177	-0.135786	-0.096809	0.279931	-0.026805	0.184135	-0.097894	0.073893	-0.117475	0.214271	0.092634	-0.161464	-0.185623	-0.139934	-0.221434	0.162641	0.140697	0.178797	0.264849
0.119261	-0.272039	0.050273	-0.025702	0.162580	-0.013936	0.248683	0.179110	-0.225997	0.087794	0.025467	0.134145	0.098893	-0.000321	-0.323389	0.205495	0.187224	-0.254639	-0.403990	-0.000696	-0.230984	0.182568	0.347302	-0.056023	0.283681
0.293944	-0.287396	-0.035161	-0.052495	-0.317349	0.202941	0.020561	-0.122575	0.199314	-0.017450	0.062623	0.046401	-0.026347	0.005054	0.104453	-0.264433	-0.027595	0.060498	-0.431589	-0.142902	-0.215269	0.089621	-0.202568	0.479906	0.071955
0.370624	-0.331991	0.012769	-0.146874	0.190209	0.084214	0.021046	-0.348855	0.167607	-0.481768	0.038356	0.092677	-0.160932	-0.076510	0.121521	-0.280344	0.112161	-0.028490	-0.290190	0.089459	-0.088442	0.123248	-0.198599	0.029910	0.030860
-0.034991	-0.217564	-0.301295	0.208345	-0.296183	-0.045495	0.187363	-0.111124	0.186889	-0.283745	-0.151184	0.239660	-0.134295	-0.068959	0.111343	-0.198719	-0.046429	0.053849	-0.257083	0.261303	0.024436	-0.062320	-0.250093	0.230402	0.387375
0.450052	-0.328953	0.162873	-0.169908	0.049636	-0.198196	-0.414356	-0.264200	-0.080354	0.011369	0.105574	-0.092070	-0.234014	0.097311	-0.208477	-0.039682	0.117170	-0.340585	-0.167647	-0.068432	0.166116	-0.086887	0.065651	-0.090187	0.070910
0.118504	-0.358155	0.171963	0.059641	-0.067792	-0.157356	-0.278489	-0.332824	0.177918	-0.297902	-0.028142	0.014273	-0.264180	0.081465	0.134922	-0.146210	0.267130	-0.191589	-0.397414	0.228973	-0.094394	0.075870	0.001311	-0.031725	-0.188037
-0.193917	-0.290565	0.135263	-0.255886	-0.089121	0.046212	-0.177252	-0.228496	0.162443	0.038755	-0.108875	-0.255919	-0.458804	0.106520	-0.111184	-0.062200	0.248259	-0.180368	-0.149990	0.108463	-0.346857	-0.072437	-0.164116	0.197572	-0.192925
0.245462	-0.422976	0.203881	-0.071311	-0.017774	-0.085438	-0.348552	-0.429425	0.153891	-0.254702	-0.003526	-0.188753	-0.253320	0.013962	-0.102920	-0.114396	0.100200	-0.367808	-0.024462	0.041720	-0.042736	-0.168268	0.050507	0.001548	-0.089893
0.091986	-0.221453	0.092922	0.184124	0.094518	0.284758	-0.275415	-0.424236	0.000022	-0.251028	0.108342	0.265331	-0.068424	0.156094	-0.047436	0.328363	0.135893	-0.166088	-0.103219	-0.135383	-0.089635	0.157809	0.101357	0.141327	-0.362792
-0.052425	0.055506	-0.073554	-0.126865	-0.198661	-0.111210	0.104617	0.019675	0.445597	-0.094890	0.164684	0.117425	-0.089800	0.371191	-0.022538	-0.079799	0.090034	-0.141303	-0.283655	-0.230485	-0.247869	-0.059027	-0.101670	0.075820	0.515404
-0.083571	-0.355451	-0.296650	0.034365	-0.212888	-0.060571	0.240996	0.288588	0.088096	0.143269	0.013770	-0.133588	-0.081656	0.267287	0.073045	0.269170	0.042514	-0.101866	-0.039182	0.289823	-0.116533	-0.132468	-0.134051	0.471725	0.124803
0.092070	-0.246922	-0.334471	-0.009362	-0.122952	-0.208442	0.186114	0.051698	0.222655	0.247765	-0.087143	-0.182888	-0.036018	0.245167	0.240197	0.117255	0.241314	-0.293472	0.184699	0.185813	-0.220531	-0.059272	0.206680	0.283989	0.222157
-0.010853	0.113745	-0.110504	-0.015462	-0.087476	-0.193676	0.093177	-0.108741	0.259966	-0.060119	-0.078157	-0.023118	-0.239143	0.071929	-0.118976	0.010743	0.509366	0.088592	-0.073212	0.418660	-0.351726	-0.246647	0.164686	0.220055	0.215225
-0.063825	-0.074177	-0.200660	0.061046	0.034067	-0.171446	-0.163637	0.083592	0.245024	-0.004230	-0.235459	-0.190191	0.091443	0.331741	-0.146010	-0.099023	0.433516	-0.023586	-0.006188	0.262573	-0.476976	-0.045578	0.179167	0.169147	0.182038
0.025241	-0.114354	-0.151145	0.134439	0.124195	-0.127605	0.288733	-0.394491	0.161333	-0.466804	0.064405	0.170739	0.017658	-0.067455	0.074963	-0.044090	0.102741	-0.067986	-0.164447	0.268592	-0.394339	0.180318	0.162500	-0.038455	0.233978
-0.063695	-0.131538	-0.105977	0.357394	-0.173982	-0.071707	0.259254	-0.309075	0.342822	-0.200437	0.120807	0.069094	-0.138850	-0.131852	0.352821	0.089355	0.094528	-0.148227	-0.334145	0.188730	-0.277459	-0.116423	0.075293	0.095667	0.108575
0.105827	0.181214	-0.054469	0.349044	0.073711	-0.095257	-0.216410	-0.095765	0.110295	-0.095211	0.137232	0.038871	-0.218109	0.142736	0.478115	-0.120429	0.174949	-0.407200	-0.220181	0.074978	0.087984	0.236189	-0.166406	0.024333	0.256334
-0.211441	0.029281	-0.049512	0.335984	0.207413	0.065340	0.191361	-0.282468	0.066239	0.241953	0.014411	0.257645	-0.429787	0.023199	-0.059337	-0.094696	0.350682	-0.216304	-0.306502	0.186082	-0.136628	-0.096923	0.035291	0.062578	0.128777
0.327145	-0.224379	-0.067376	-0.114911	0.046385	-0.087789	0.415301	-0.188843	-0.131571	0.083813	0.010723	-0.083864	-0.130986	0.148261	-0.023037	-0.044058	-0.042300	-0.172018	-0.077099	-0.066654	-0.161940	0.362279	0.419546	0.059409	0.393714
0.207486	-0.346176	-0.181194	0.220263	-0.069891	-0.140074	-0.019532	0.026974	0.368303	-0.031968	0.080421	-0.073702	-0.071822	0.061876	-0.210048	-0.036371	0.076672	-0.290037	-0.331679	-0.056670	-0.259156	-0.143422	-0.044597	0.135763	0.464517
0.196473	0.058180	0.003098	-0.025748	-0.263855	0.132070	0.033749	-0.361789	0.235760	-0.086035	-0.163288	0.028399	0.065105	0.268027	0.126169	-0.028026	0.418037	0.068198	-0.280360	-0.287452	-0.118023	0.382382	-0.032107	0.211598	0.091792
-0.012108	-0.006214	-0.310612	0.048210	-0.048596	-0.001618	0.068523	-0.414755	0.041778	0.088557	0.229498	0.102844	-0.063499	0.279530	0.129931	0.110171	0.284267	0.117321	-0.414453	0.156778	-0.351431	0.173657	0.045534	0.301736	-0.014319
-0.081913	-0.407104	-0.021738	-0.055360	-0.125856	-0.022998	0.240387	-0.418305	0.046763	-0.165341	-0.215121	0.158909	-0.188995	0.210512	-0.081462	-0.296206	0.336147	0.055681	0.060365	-0.044215	0.038193	0.080574	0.099954	0.140627	-0.374181
-0.105589	-0.283671	-0.294092	-0.110084	-0.451084	-0.039987	-0.234251	0.132470	-0.001181	0.034020	-0.089713	-0.028508	-0.066109	0.299084	0.034883	0.027564	0.206617	0.001531	-0.236254	-0.160826	0.227435	0.078114	-0.082731	0.474679	0.109955
-0.098024	-0.117009	-0.095437	0.199733	0.007408	-0.101559	0.026199	-0.027624	0.189236	0.375146	-0.096699	0.168159	-0.269517	0.356901	0.362686	0.039576	0.213292	-0.221653	0.027724	0.032552	0.047837	0.053584	0.192853	0.433461	-0.204670
0.042286	-0.142085	0.086235	0.006323	0.046761	-0.214342	-0.106442	-0.216862	0.196386	0.336738	-0.134189	0.144776	-0.368914	0.249596	0.259999	0.055504	0.154326	0.005222	0.055964	-0.109690	0.147096	0.271426	0.099522	0.393462	-0.324073
0.077848	-0.178533	0.060616	0.212227	-0.103191	0.085722	0.202084	-0.427318	0.054933	-0.176814	-0.088972	0.413322	-0.202579	-0.194723	0.092243	0.144528	0.061609	-0.244228	-0.402330	0.233436	-0.011699	-0.050530	0.250745	0.067308	-0.025153
-0.013103	-0.219726	-0.312318	0.218537	0.071099	-0.113277	0.391801	0.082461	0.013330	0.263373	-0.176159	0.276075	-0.036487	0.009460	0.193047	-0.100534	0.244465	-0.009935	-0.328006	-0.018795	0.004459	0.303487	0.331130	0.178345	0.032940
0.039847	-0.161921	0.079875	0.079857	-0.152405	-0.166490	0.244525	-0.406778	0.194624	0.116960	0.383173	-0.249599	-0.086977	-0.031469	0.121274	-0.087769	0.081808	-0.009527	-0.176599	-0.098020	-0.389239	0.204731	0.223635	0.154903	0.276725
0.216344	-0.332340	-0.230213	0.168654	0.041492	-0.114636	0.316399	-0.044297	0.161369	-0.277761	-0.088453	0.197628	0.062646	-0.059096	0.242672	0.175555	-0.111851	-0.117137	-0.193843	0.137664	-0.254350	0.085399	-0.106821	0.243466	0.414416
0.019913	-0.120340	0.247826	-0.060475	0.078333	0.028859	-0.041519	0.151849	-0.135481	-0.222258	0.277631	-0.134771	-0.033083	0.232973	0.412263	-0.077182	0.084265	-0.145528	-0.084812	0.366432	-0.214775	0.405702	0.164417	0.178338	0.233895
0.249963	-0.201199	0.240613	-0.227555	0.174597	0.092452	-0.170482	0.048594	-0.130225	-0.184517	0.276749	-0.284898	0.107659	0.073551	0.258660	-0.174964	0.185185	-0.115059	-0.347028	0.114433	-0.096189	0.071268	0.062891	0.414797	0.149083
0.341854	-0.118126	-0.003969	0.083596	0.029065	0.221624	-0.018321	-0.026586	0.205395	-0.274796	-0.175495	-0.239261	-0.030366	-0.062588	-0.242284	-0.021492	0.230478	-0.318982	-0.289150	0.324398	-0.108410	-0.355530	-0.032822	-0.078171	0.228851
0.132968	-0.152887	0.281867	-0.039065	-0.096909	-0.017799	-0.089844	-0.356866	0.038078	-0.075724	0.186924	0.117049	-0.101511	-0.153633	0.065914	-0.181155	-0.077455	-0.300282	-0.561167	0.211003	0.048184	-0.145792	0.146572	0.319604	-0.056002
0.059221	0.006974	-0.312025	0.177702	0.148045	-0.105876	0.158891	0.314222	-0.175280	0.057235	0.186747	0.005143	-0.029146	-0.006199	0.130188	0.367921	0.047337	-0.156172	-0.456541	0.358287	0.051058	0.092069	0.098836	0.165415	0.276860
0.290708	-0.401725	-0.209420	0.152392	-0.020352	0.100906	0.198958	-0.230188	0.047804	-0.112997	-0.073733	0.390321	-0.052626	-0.004331	0.059925	0.267192	0.002238	-0.236594	-0.120635	0.044830	-0.033855	-0.062154	-0.064184	0.193942	0.462558
0.155959	-0.048190	0.023850	-0.265031	-0.043050	-0.011214	0.214919	-0.320449	0.238025	-0.084019	0.200266	-0.205182	-0.326164	0.103944	0.252988	-0.048805	0.196174	0.380363	0.076950	-0.004564	-0.004075	0.404689	0.193719	-0.096564	0.149833
-0.078084	-0.368458	-0.256274	0.063772	-0.018900	-0.024010	0.318843	-0.185172	0.201284	-0.207732	-0.023159	0.252026	-0.014192	-0.091759	-0.192952	0.148609	0.024304	-0.027863	-0.183679	0.161886	-0.270977	0.227444	0.007824	0.439677	0.236663
0.066008	-0.146280	0.003847	-0.011587	0.234694	-0.103673	0.131409	0.063032	-0.147486	0.130050	0.081277	0.286690	-0.275367	0.187318	0.118825	-0.055413	0.293387	-0.210554	-0.079625	0.234972	0.153278	0.285754	0.158551	-0.195696	0.520492
0.045383	-0.268817	0.351532	0.134399	0.037290	-0.057915	0.164320	-0.237519	0.204404	0.177237	0.009433	0.168242	-0.256841	0.292196	-0.010866	0.066267	0.175382	-0.350948	0.162860	0.101747	-0.245647	0.027882	0.318276	0.214816	0.197660
-0.215623	0.042343	0.163985	-0.082775	-0.321479	0.184170	-0.268781	-0.072626	-0.055572	-0.027263	0.120354	0.029382	-0.078851	0.490030	0.323796	0.107249	0.155370	-0.078411	-0.105877	0.128741	-0.162358	-0.141090	0.285562	0.363723	-0.055980
0.210771	-0.333715	-0.130858	-0.140374	-0.338704	-0.429469	0.183014	-0.363048	0.160491	-0.024730	-0.082008	0.003142	-0.117925	0.158369	-0.159774	-0.161155	0.070708	0.032290	-0.147410	-0.310725	0.223489	0.124379	-0.042812	0.161427	-0.041215
0.349167	-0.177422	-0.050665	0.215115	-0.122677	0.077120	-0.215094	-0.003511	0.211895	0.079749	0.081138	0.318767	0.181925	0.050490	-0.033746	0.055034	0.360504	-0.180703	-0.263439	-0.459218	0.107667	0.084282	-0.025421	0.204237	0.165125
0.164675	-0.268640	0.134976	-0.107015	-0.304386	-0.057630	-0.010217	-0.144870	0.099803	-0.263122	-0.145264	0.220733	0.021302	0.378439	0.265030	-0.082561	-0.052134	0.065079	-0.301332	-0.273385	0.353382	0.156791	-0.150432	-0.172191	-0.099990
0.401091	-0.192552	0.081987	-0.034364	-0.058808	-0.192993	-0.069634	-0.190887	0.266932	0.230691	0.126606	-0.018929	-0.112569	0.024439	-0.209370	0.031537	0.000428	-0.270256	-0.181817	-0.145703	-0.224648	-0.278804	0.138397	0.444864	0.201535
-0.310548	-0.120180	0.073873	0.195921	0.207337	-0.195980	0.279200	0.019590	-0.015751	-0.182328	-0.020421	0.279200	-0.327464	0.064953	0.264599	-0.295187	0.138106	-0.168208	-0.177804	0.176751	-0.150792	0.116561	-0.358191	0.142026	-0.100300
0.127095	-0.373630	-0.066184	0.033314	-0.137769	-0.038577	0.052884	-0.144029	0.039383	-0.582021	0.041015	0.131064	-0.045123	0.064066	0.439793	0.284794	-0.091582	-0.096721	-0.139741	-0.112030	0.020404	0.223279	0.150102	0.053257	-0.171658
-0.260199	-0.119984	-0.023028	0.326789	0.107370	0.244742	0.041662	-0.003269	0.144648	-0.340385	0.138580	-0.099910	-0.427443	-0.240028	0.059010	-0.217206	-0.066851	-0.127326	-0.330439	-0.070319	-0.153505	0.199005	0.266632	0.106570	-0.004474
-0.047919	-0.127617	0.050459	-0.016923	-0.143914	0.018904	0.163316	-0.185383	0.317255	0.294252	-0.107227	0.202851	-0.157888	0.338111	-0.022570	-0.220225	0.050716	0.087106	-0.470755	0.018982	-0.332992	0.296796	0.013133	-0.110270	0.157817
0.054669	-0.556089	-0.328368	0.041090	-0.140462	-0.095458	0.015754	-0.143931	0.187884	0.055930	-0.000826	-0.216000	0.170797	0.094036	-0.097322	0.102030	0.100604	-0.149556	-0.143444	0.124420	-0.191234	0.380322	-0.154350	0.321803	-0.091290
0.110518	-0.205168	-0.228270	0.263204	-0.197477	-0.103762	-0.066584	-0.384536	0.263946	0.117452	0.124671	-0.055787	-0.217006	0.125605	0.204186	0.126497	0.251667	-0.020904	-0.125118	0.103138	-0.331595	-0.007500	-0.068218	0.271145	0.348301
0.084229	0.005754	-0.015112	-0.057800	-0.118169	-0.373557	-0.243556	-0.178105	0.100128	-0.021101	-0.025860	-0.452884	-0.178260	0.263371	0.080601	-0.227242	0.127044	0.157009	-0.255758	0.055018	0.214121	0.397076	-0.232368	0.012623	-0.048277
0.353239	-0.139525	0.041859	0.190468	-0.167018	-0.164818	-0.155732	-0.217122	0.005829	-0.074473	0.102818	-0.029231	0.051598	0.099998	0.250823	-0.143861	0.214548	-0.001495	-0.353853	-0.462308	0.207782	0.203602	-0.133488	0.282548	-0.103639
0.057018	-0.153238	-0.053663	-0.123080	-0.399712	-0.115682	-0.251772	-0.050579	0.297994	0.085599	-0.154029	-0.146778	-0.063764	0.214568	-0.346397	-0.166388	0.203948	-0.104753	-0.364086	0.144723	-0.016278	0.054331	0.248161	0.156957	-0.285403
0.404840	0.136168	-0.275150	-0.115880	-0.066068	-0.084941	-0.048280	-0.226940	0.350883	-0.392968	0.207129	0.053272	-0.215193	-0.111406	-0.045758	-0.036681	0.133725	0.254638	-0.300051	0.163318	-0.141868	-0.031188	0.083520	0.200642	0.099070
-0.017084	-0.150310	-0.075903	0.526181	-0.136187	-0.173205	0.064897	-0.087399	0.378700	-0.106681	0.266624	0.129047	0.070376	0.218114	0.154268	0.220597	0.051053	0.100503	-0.290849	-0.039716	-0.180219	0.086183	-0.126284	0.333561	0.023886
0.046860	-0.432236	-0.167684	0.070945	-0.004804	0.011865	0.353984	-0.239908	0.209652	-0.247844	-0.126608	0.049760	-0.061291	-0.102675	-0.203665	0.158247	0.161524	-0.124615	-0.103897	0.327582	-0.294288	0.039829	0.352673	0.051265	0.123177
-0.017554	-0.018723	-0.120537	0.203145	-0.099868	-0.029410	0.205919	-0.160919	0.191366	0.113228	-0.039438	0.303987	-0.327937	-0.082058	0.033053	-0.067549	0.471615	-0.017057	-0.119590	0.484061	-0.142844	-0.055415	0.250966	-0.056695	0.200174
0.035256	-0.138686	-0.161997	-0.001829	-0.207021	0.035589	0.129596	-0.396210	0.272041	-0.381177	0.204753	0.178192	-0.087805	-0.126961	0.165747	-0.010045	0.027067	0.205335	-0.050144	-0.027539	-0.180428	0.366758	0.262340	0.208799	0.255620
0.252079	-0.159277	0.064478	-0.057841	-0.293016	0.069003	-0.045599	-0.177430	0.145883	-0.204030	0.082644	-0.271058	-0.059432	0.208144	-0.021193	-0.129313	0.209836	0.177335	-0.268378	-0.124252	0.053648	0.524929	-0.282179	0.092879	-0.206252
0.040995	0.014349	0.114242	-0.286788	-0.194043	0.128869	0.080417	-0.211349	0.241904	-0.264819	-0.041150	-0.289340	-0.390999	0.466708	0.082287	-0.052960	0.260513	0.062324	-0.031878	-0.059407	-0.279919	0.136560	0.013154	0.122834	0.120534
0.206294	-0.165154	-0.205001	0.275932	-0.284715	-0.304800	0.258213	-0.399433	0.094142	-0.169863	0.028504	0.300239	0.136849	-0.158568	-0.060800	-0.046739	0.124865	0.058615	-0.385289	-0.136542	-0.125273	0.084284	0.009792	0.088038	0.128957
-0.087022	-0.253420	0.175822	0.268699	-0.009675	-0.014360	0.059021	-0.070783	-0.005213	0.029317	0.266144	0.226284	-0.124631	-0.086197	0.514011	0.134025	0.229662	-0.246382	-0.234057	-0.047609	-0.034679	0.088747	0.271887	0.314745	0.188891
0.480456	-0.228430	0.122766	-0.248683	-0.169322	-0.030690	-0.106012	0.085886	0.122276	-0.298048	0.024541	-0.185641	-0.029072	0.203369	-0.060901	-0.193880	-0.093906	0.157403	-0.283810	-0.009415	0.345865	0.354041	0.062561	0.075048	0.027295
0.005103	-0.130393	-0.199962	-0.108453	-0.063376	0.144757	-0.054445	-0.435669	0.112499	-0.116054	0.220092	0.093329	-0.016453	0.180363	-0.021413	0.196292	0.209551	-0.174768	-0.309219	-0.110644	0.088081	0.390165	0.244824	0.350559	0.182440
0.013158	-0.264630	0.046792	0.155851	0.109249	-0.044792	0.015047	0.107830	-0.185840	0.073793	0.275318	0.197346	-0.122313	0.016764	0.124324	0.143783	0.237021	-0.241658	-0.520602	0.153592	0.126493	-0.012844	0.010190	-0.063026	0.491924
0.379744	-0.265689	-0.169562	-0.349523	-0.028978	0.005524	-0.212223	-0.164618	-0.122344	-0.186038	0.248505	0.211785	-0.046687	0.041784	-0.230884	0.102976	0.260063	0.110410	-0.205201	-0.050917	0.049996	0.003605	0.312091	0.303034	0.144877
0.111422	-0.094584	0.052920	-0.026569	-0.336470	0.002714	0.106233	-0.163581	0.111167	0.137215	0.205959	-0.247153	0.139479	0.024134	0.464185	0.103541	0.187809	-0.022994	-0.187359	-0.028676	-0.101159	0.526068	0.148952	0.157467	0.193038
-0.024533	-0.618215	-0.020571	-0.106976	0.412984	0.008263	0.165331	-0.113847	0.256710	-0.046801	0.037713	0.133846	-0.033884	0.052080	0.097269	0.169506	-0.015468	-0.297675	-0.116442	0.101724	0.066749	0.119002	-0.149333	0.323806	-0.080108
-0.151149	0.071540	0.296284	0.216856	0.092604	-0.001354	0.151919	0.367533	-0.183907	-0.088008	0.323242	0.234975	-0.212969	0.099967	0.210394	-0.122662	0.209201	-0.250823	-0.286605	0.218004	0.113168	0.031783	0.115581	0.154116	0.259400
0.172160	-0.414276	-0.225793	0.244771	-0.065580	-0.094458	0.371561	-0.284336	0.127678	-0.197329	-0.171874	0.296382	-0.018360	-0.032655	0.043715	-0.125869	0.143109	-0.124242	-0.115000	0.094298	0.013890	-0.063638	0.401267	-0.159937	0.122727
0.182963	-0.439099	0.042812	0.072542	0.117058	-0.147273	0.250016	-0.167124	0.161953	0.033868	-0.150537	0.371922	-0.121436	0.021678	0.036334	0.051517	0.063275	-0.275224	-0.189942	-0.380664	-0.041713	-0.089350	0.289341	0.000033	0.281178
0.217360	-0.178558	-0.292799	0.041945	-0.054607	-0.035074	0.087516	-0.257862	0.024040	-0.066111	0.073816	-0.057107	0.232338	-0.005716	-0.038306	0.163468	0.021771	0.126606	-0.446140	-0.200016	-0.219421	0.146696	0.295924	0.379707	0.319674
-0.285787	-0.417977	0.283483	0.028767	-0.028995	-0.101373	-0.204634	-0.049181	-0.112418	0.016179	0.035441	-0.150360	-0.176687	0.370577	-0.057205	-0.015393	0.279471	-0.181847	-0.049595	0.338559	-0.158208	0.000959	0.042843	0.378202	0.006637
0.100361	0.068745	-0.202734	-0.061829	-0.253104	-0.091667	-0.194469	0.093226	0.119225	-0.098306	0.098047	0.023814	-0.268764	0.019353	0.173375	-0.032668	0.279677	-0.089134	-0.497157	0.198212	-0.085618	-0.291563	0.014781	0.365735	0.290815
0.251063	-0.178000	-0.362595	0.029162	0.044413	-0.144111	-0.187276	0.422153	0.081821	0.080043	-0.141001	-0.052533	-0.096709	0.032033	-0.006135	0.187456	0.148316	-0.322774	-0.154718	0.132821	-0.477887	0.171138	0.034112	0.139950	0.097261
0.307498	-0.440808	-0.094939	0.320578	-0.110503	-0.009201	0.136188	-0.460751	0.090508	-0.103939	-0.014635	0.345474	0.048541	0.056512	-0.081517	0.056558	0.002644	-0.006844	-0.341772	-0.097107	0.000837	-0.020296	0.061844	0.262354	-0.053877
0.198406	-0.245614	-0.213076	0.122702	0.075580	-0.245653	0.286310	-0.168699	0.285550	-0.149983	-0.289202	0.099365	0.011494	-0.229771	-0.188664	0.187503	0.094231	0.079712	-0.340345	0.068591	-0.209948	-0.012967	0.213853	0.197429	0.278222
0.241529	-0.051883	-0.120106	-0.301162	0.040210	0.022035	-0.184555	0.236497	0.245485	-0.128719	0.285901	-0.083175	-0.237981	0.185283	0.136237	0.177321	0.373057	-0.082261	-0.246516	-0.011992	0.115487	0.402579	-0.220899	0.034000	0.055543
0.154505	-0.320454	0.032761	0.056721	-0.304854	0.003022	0.217531	-0.239940	0.231081	0.205992	-0.075863	0.055850	0.008383	0.184956	-0.295274	-0.185454	0.268088	-0.241526	-0.320747	0.075584	-0.080350	-0.215790	0.117024	0.186085	-0.265717
0.043699	-0.305660	-0.180390	-0.132404	-0.032805	0.132720	-0.010104	0.045461	0.251466	0.033462	0.236845	-0.392538	-0.172364	0.165057	0.269723	-0.175086	0.212731	0.262427	-0.018452	-0.064385	-0.081111	-0.261907	-0.014405	0.446951	-0.071273
-0.111589	-0.164641	-0.369221	-0.048883	0.055446	-0.003728	0.227624	0.052199	0.212299	-0.084073	-0.152558	-0.229263	-0.261861	0.149067	0.093594	-0.079433	0.247491	0.268410	-0.121764	-0.320145	0.058605	-0.106924	0.247873	0.399466	0.209211
0.156230	-0.395106	-0.132287	0.232266	-0.071729	-0.266282	0.112253	-0.070932	-0.062111	-0.091360	-0.076898	0.168829	-0.040786	0.053575	0.068969	0.284889	-0.103615	-0.034251	-0.383031	0.229889	-0.158011	-0.034172	-0.125339	0.472982	0.200629
0.133194	-0.380227	0.127168	-0.298218	-0.006517	-0.173204	-0.218239	0.162438	0.281010	0.240128	-0.013463	-0.089395	0.062089	-0.059110	0.259098	0.248989	0.158054	-0.387343	-0.201671	0.246926	0.007727	0.135613	0.068570	0.184240	0.116147
-0.019054	-0.351337	0.039594	0.220640	-0.171943	-0.075177	-0.155456	0.058384	0.308020	-0.203144	-0.048011	-0.122751	-0.199003	-0.100227	-0.092368	0.010175	0.110401	-0.319518	-0.423193	0.155867	-0.304759	-0.228682	-0.081573	0.214332	0.189543
0.161837	-0.490958	0.160684	0.074892	0.053658	0.014537	0.205795	-0.431168	0.089601	-0.369849	-0.121168	0.076082	0.072889	0.102913	-0.045994	-0.149312	0.206487	0.144128	-0.174518	-0.232298	-0.026676	-0.086039	0.089978	0.295397	0.114429
-0.117648	-0.216367	-0.225215	-0.224583	-0.004860	-0.111242	0.263654	-0.268173	0.356318	-0.036838	-0.195637	-0.153753	-0.093506	-0.026079	0.106319	-0.009436	0.016155	-0.045839	-0.058816	0.351164	-0.165468	0.014504	0.531462	0.177561	-0.050978
-0.015570	-0.205544	0.071013	-0.043352	-0.112743	0.141067	0.037670	0.328773	-0.253790	0.087049	0.045880	0.223569	-0.200949	0.203318	0.239657	-0.037067	0.182950	-0.165577	-0.266066	-0.033805	0.164409	0.207779	0.419517	0.048721	0.403077
-0.033096	-0.076000	0.054292	-0.319346	0.009607	0.089105	-0.260658	0.255846	0.029477	-0.182757	0.174428	-0.241594	-0.131622	0.260393	0.135484	0.106053	0.120741	-0.410684	-0.300682	0.413166	-0.169162	0.092331	0.040592	-0.158687	0.025449
-0.058878	-0.459386	0.081845	0.228365	-0.220490	0.081612	-0.151651	0.024096	-0.032855	0.251410	-0.035775	0.044694	-0.161543	0.115694	0.071852	0.015647	0.313166	-0.128600	-0.260792	-0.158873	-0.164823	-0.057791	-0.010808	0.538219	0.084701
0.058042	-0.268473	-0.036867	-0.071666	-0.019646	-0.083366	0.133443	-0.235644	-0.004191	0.066805	-0.323275	-0.099982	-0.090277	0.340077	-0.318281	-0.098464	0.245932	-0.077647	-0.407430	-0.037317	0.224151	0.064201	-0.018239	-0.032220	-0.440413
0.183177	-0.444513	-0.130893	0.007296	-0.361814	-0.140602	0.010003	0.148218	-0.004792	-0.249738	-0.077708	0.033430	-0.288244	-0.064850	0.258042	-0.190057	-0.192566	-0.016473	-0.366811	-0.243499	0.188811	-0.116677	-0.049361	0.189127	0.026707
0.297149	0.004494	0.012524	-0.100425	-0.136810	-0.054434	-0.535603	-0.400617	0.136628	-0.055917	0.172556	0.112939	-0.033021	0.111353	-0.014748	-0.212211	0.126180	-0.251849	-0.426899	0.059554	-0.015131	-0.137792	0.024126	0.070950	-0.139139
0.222095	-0.148327	-0.042504	0.110760	0.024435	0.048520	0.087541	-0.110945	0.144337	-0.073734	0.027370	0.321614	0.005969	0.100066	-0.034592	0.147159	0.422874	-0.204542	-0.405984	-0.192967	0.152336	0.325837	0.196123	0.366630	0.057816
0.240806	-0.238402	0.221904	-0.089587	0.002122	0.177443	0.009591	-0.069646	-0.074485	0.006213	0.260098	-0.158080	-0.024508	0.291632	0.397545	0.241189	0.215203	-0.158956	0.060126	-0.042531	-0.165832	0.456053	-0.044600	0.164772	-0.223066
-0.120317	-0.000472	0.143685	-0.112683	-0.041983	0.193125	-0.128835	0.000073	-0.100869	-0.280222	0.138552	-0.079739	-0.007582	-0.055047	0.117489	-0.068502	0.102450	-0.019600	-0.268066	0.415490	0.085278	0.671847	-0.035651	0.201811	0.068295
-0.005054	-0.379780	-0.145323	0.064157	0.192001	-0.062755	0.227325	0.012025	0.381154	-0.336804	-0.058118	0.042532	-0.027161	-0.029058	0.108831	0.177072	0.286940	-0.260047	-0.156714	0.130694	-0.276819	-0.017302	0.278863	0.106964	0.267333
-0.130278	-0.199891	0.077328	0.123212	0.178818	0.038200	-0.191928	0.156734	-0.237353	0.092367	0.109391	0.005389	-0.344810	0.130077	-0.002820	-0.163869	0.240215	0.073432	-0.424265	0.255286	0.199172	0.120588	-0.131137	0.102612	0.444218
0.049493	-0.326694	0.140223	-0.348511	0.119416	0.082384	-0.127667	0.090150	0.081728	-0.259098	-0.043220	0.008119	0.014632	-0.023366	-0.188387	-0.191544	0.228105	-0.240167	-0.327051	0.463029	-0.175472	-0.246629	0.112424	0.098647	0.102394
0.120024	-0.439162	0.033793	-0.326668	0.099186	0.230025	-0.249924	0.048936	-0.090477	-0.172393	0.213007	-0.149154	-0.218553	0.090633	0.104047	-0.230248	0.021673	-0.050188	-0.160600	-0.093331	0.105859	-0.027082	0.140936	0.453487	0.238709
0.144736	-0.244106	0.147706	-0.043913	0.044386	0.040452	0.074450	-0.051639	-0.113235	-0.447756	0.058667	-0.181641	-0.010487	0.247161	0.385414	-0.127019	0.100830	0.184946	-0.277327	0.010090	0.241930	0.379423	0.106673	0.021332	0.269395
-0.059276	-0.297857	-0.072550	-0.407707	-0.142809	-0.322398	-0.046662	-0.147264	0.071831	-0.001005	0.313533	-0.000342	0.017886	0.211830	0.075956	-0.087604	0.145911	0.214624	-0.174152	0.015090	0.131133	-0.238254	0.404850	0.293777	0.062458
0.243897	-0.306605	-0.001664	-0.049571	-0.107850	-0.062505	-0.197685	-0.193000	0.226694	-0.305573	0.206610	0.054193	0.038784	0.000591	0.014349	-0.180597	0.093446	0.126973	-0.520886	-0.306877	0.017273	0.223424	-0.013415	0.290053	0.050865
-0.141931	-0.190663	0.006051	-0.168980	0.007179	-0.207411	-0.229823	0.313712	-0.172359	-0.190830	0.228522	-0.135455	-0.235496	-0.028578	0.086216	-0.313277	0.298800	-0.142753	-0.501967	-0.028192	0.039773	-0.166200	0.166741	-0.013167	-0.049572
0.085141	0.060222	-0.188659	-0.006114	-0.155267	0.006548	-0.039468	-0.073388	0.155342	-0.178823	-0.108461	0.083434	0.071766	0.160816	-0.220833	0.024301	0.098173	0.066303	-0.299530	0.559805	-0.230528	0.075544	-0.080173	0.275971	0.456756
-0.006011	-0.154004	0.243991	-0.174904	0.106339	0.059057	-0.096513	0.054465	0.113189	-0.139503	0.017588	-0.258084	-0.131760	0.121565	0.104973	0.043207	0.153585	-0.409128	-0.339037	0.244463	-0.290704	0.064344	0.257397	0.346349	0.272562
0.205287	-0.323274	-0.228392	-0.064658	0.096596	-0.003448	0.009841	-0.171378	-0.009377	0.163879	-0.039076	-0.193363	0.219124	0.120556	-0.297735	0.277664	0.080254	-0.189295	-0.329387	0.202356	-0.068048	0.055218	0.382035	0.302056	0.165710
0.142473	-0.115819	-0.167416	0.099960	-0.010660	0.037880	-0.137138	-0.106770	-0.029844	-0.199148	0.187147	0.039818	0.017588	0.006257	0.185184	0.027534	-0.103970	0.022097	-0.454335	-0.122608	0.244858	0.533407	-0.060491	0.135746	0.429694
0.171999	-0.498542	0.044594	0.258078	0.030527	0.139344	-0.008953	-0.247012	0.183649	-0.084300	0.361932	-0.090940	-0.048887	-0.070355	0.244179	0.108094	-0.086087	-0.078111	-0.116761	-0.099016	0.032377	0.081864	0.183013	0.481911	-0.051566
-0.191454	-0.227552	-0.182782	0.260290	-0.200053	-0.139243	-0.029290	-0.083576	0.276342	-0.351931	0.125316	0.066910	0.106609	0.004893	0.110728	-0.235495	-0.133590	0.165209	-0.430243	0.383596	-0.022619	0.196631	-0.105518	0.052357	0.114880
0.181094	-0.142560	0.133956	0.148987	-0.099098	0.292983	0.074295	0.093834	0.372607	-0.041432	-0.142376	0.076232	-0.076221	0.104451	0.009029	-0.230788	0.061145	-0.101817	-0.404938	-0.249143	-0.190432	0.042714	0.202057	0.485547	0.072333
0.092282	-0.243682	-0.104887	-0.120110	-0.148501	0.136242	-0.280167	0.215610	0.055301	0.042427	0.190249	-0.070023	-0.074263	-0.043937	0.248047	-0.080902	0.006326	-0.263455	-0.341584	-0.169808	-0.136869	-0.000784	0.205943	0.517754	0.274640
0.047239	-0.142156	0.109873	-0.106076	0.195861	-0.260937	-0.115135	0.092962	0.342928	-0.239894	0.100064	-0.082666	-0.437281	-0.171883	0.165374	0.194462	0.135396	-0.076422	-0.291502	0.350854	-0.212057	-0.143113	0.145682	0.021681	0.169067
0.247364	-0.371912	-0.244464	-0.194735	-0.055989	-0.148552	-0.289169	-0.083211	0.155927	0.153443	0.291725	0.062548	-0.154744	0.229219	-0.086014	0.113069	0.243751	-0.113502	-0.202374	-0.012887	0.061646	0.068275	0.224646	0.418206	0.079228
0.074142	-0.224313	0.046694	-0.075791	-0.056388	-0.154843	0.043472	0.060487	0.086464	-0.198413	-0.124541	-0.039464	0.112868	0.407092	-0.424051	-0.273373	-0.114203	-0.253536	-0.431309	-0.068108	0.205994	-0.102881	-0.005082	-0.255864	0.141890
-0.022835	-0.638490	-0.143035	0.135139	0.139318	-0.154262	0.355023	-0.205276	0.357844	-0.116988	-0.071875	0.181775	-0.084810	-0.070319	0.099827	0.188698	-0.006888	-0.117140	-0.137813	-0.010549	-0.129339	0.027166	0.185720	0.138608	-0.001161
0.080203	-0.356102	-0.051907	-0.188402	-0.226180	-0.113153	0.013339	0.076159	0.217215	0.047368	-0.138949	-0.071457	-0.415572	-0.163410	0.138970	0.002169	0.125651	-0.280691	-0.222907	0.433601	-0.246519	-0.207790	0.032348	0.056082	0.160181
0.332124	-0.481605	-0.187745	-0.132947	-0.309966	-0.075157	-0.032025	-0.197693	0.191477	-0.429310	-0.008953	-0.019817	-0.151268	0.131032	0.050197	-0.030915	0.192100	0.100002	-0.004606	0.238526	0.185129	-0.141422	0.129131	0.109647	-0.105980
0.224009	-0.085375	-0.214951	0.044461	0.124261	-0.245268	0.150486	-0.317613	-0.010753	-0.386226	-0.137776	-0.355932	-0.080227	0.191180	-0.223203	-0.015519	0.065520	-0.190867	-0.320342	0.177169	-0.080582	0.335830	0.113871	-0.009380	0.012857
-0.250063	0.092481	-0.123956	0.212445	0.063401	-0.119549	0.090801	0.086998	0.206777	-0.178773	-0.221452	-0.170974	-0.300562	0.169657	-0.215559	-0.128032	0.434013	0.031190	-0.328765	-0.007236	-0.008721	0.169537	-0.358041	0.112127	-0.179610
-0.058845	-0.616619	0.045686	-0.240870	-0.178788	-0.008677	-0.007095	-0.078870	0.250621	-0.379876	-0.135585	0.276722	-0.004564	0.041343	-0.178820	0.157682	0.130931	-0.066979	0.045594	0.232174	0.228210	-0.080933	0.131463	-0.043286	-0.043103
0.107481	-0.527886	-0.050282	0.021021	0.426281	-0.028631	0.110418	0.092028	0.127989	-0.121282	0.196244	-0.104779	-0.036222	-0.031542	-0.194167	0.205094	0.082244	-0.252958	-0.402419	0.134244	-0.011947	-0.099994	-0.017745	0.126069	0.252787
-0.282566	-0.158029	0.256399	0.369401	0.029289	0.039567	-0.039416	-0.149250	0.253245	-0.148566	0.106948	-0.158487	-0.458983	-0.138707	-0.000332	-0.116803	0.271120	-0.103327	-0.210276	-0.038738	-0.326480	0.089744	0.156860	0.173249	-0.035502
-0.157594	-0.419773	0.293537	0.033413	0.297528	0.056611	0.046887	-0.039661	0.099220	0.343255	0.153521	0.221828	-0.328720	0.101309	0.059719	0.165015	0.312758	-0.164005	-0.258255	-0.032903	0.174186	0.096170	0.058949	0.106536	0.140378
0.049563	-0.193696	-0.385819	-0.061653	-0.377593	-0.077604	0.248456	-0.303091	0.079243	-0.229985	-0.091283	0.206711	-0.067126	-0.058337	-0.030741	-0.084382	0.228223	0.083444	-0.502109	-0.075063	-0.118173	-0.003930	0.096533	-0.002829	0.197136
0.042113	-0.255725	-0.087804	-0.357171	0.003613	-0.087144	-0.133677	-0.283448	0.115693	-0.049366	0.502515	-0.214712	-0.119421	0.112084	0.215182	-0.081786	0.184930	-0.094829	-0.150333	-0.074917	0.180318	0.399929	0.158286	-0.065212	0.065584
0.352899	-0.234344	0.029136	0.244118	0.031398	-0.128690	0.098978	-0.151649	0.328387	-0.105867	-0.254450	0.263859	-0.011105	0.285224	0.053181	-0.064862	0.088833	-0.005580	-0.225774	-0.025825	0.093393	0.434990	-0.270812	-0.171654	-0.086782
0.189301	-0.210646	0.051187	0.019156	-0.039876	-0.003528	-0.465957	0.116220	-0.098620	-0.242630	0.160926	0.013526	-0.276042	0.053588	0.164184	-0.199171	0.060815	0.133704	-0.510824	-0.207066	0.237694	0.008279	-0.007825	0.167605	0.184654
0.130319	-0.319485	-0.013192	0.253350	-0.017719	-0.169708	0.326267	-0.293437	0.138853	0.004275	0.052186	0.221136	-0.172882	0.013333	-0.032824	-0.169791	0.027542	-0.158394	-0.526557	0.131801	0.021429	-0.038059	0.222819	-0.132191	0.272964
-0.033319	-0.049813	-0.012609	-0.049650	0.121407	-0.261651	-0.047211	0.063777	0.425253	-0.210634	0.112973	-0.233184	-0.109601	0.098765	-0.123051	0.175025	0.438353	-0.225304	-0.336740	0.226115	-0.322532	0.013877	0.092839	0.053338	0.145878
0.201373	-0.072939	-0.239519	0.070913	-0.069057	0.070090	0.169329	-0.148688	-0.013454	-0.218688	-0.090031	0.265163	0.199689	-0.025856	-0.135378	0.122839	0.125025	-0.010297	-0.707531	0.035256	0.139134	0.100330	-0.007515	0.097384	0.272654
-0.221924	-0.032478	-0.062951	0.308525	0.107030	0.024326	0.054367	-0.214431	0.235869	-0.154885	0.005054	0.156550	-0.157802	0.039576	0.070856	-0.141946	0.039524	-0.007962	-0.460760	0.219200	-0.453635	0.159946	-0.205343	0.002923	0.313450
0.203365	-0.420297	-0.121958	-0.019465	-0.220858	0.086698	-0.181880	0.183083	0.102157	0.188723	0.178767	0.032180	-0.030652	0.097091	0.084913	0.013644	0.045758	-0.171949	-0.318982	-0.121912	-0.127849	-0.042965	0.379126	0.393970	0.285701
0.088012	-0.275743	0.277926	-0.213489	0.053485	-0.049250	-0.303675	0.073853	0.205434	-0.192476	0.172182	-0.153958	-0.221977	-0.022756	0.044282	0.064624	0.153824	-0.405242	-0.276610	0.370432	-0.266532	-0.091238	-0.087863	0.111638	-0.027379
-0.228831	-0.419107	0.145599	0.332318	0.106730	-0.043126	-0.068148	-0.019683	-0.165602	-0.390143	0.092316	0.085493	0.097976	0.272880	0.063722	-0.016218	0.206020	0.011141	-0.185370	0.331161	0.023886	-0.321906	0.105291	0.185646	0.043294
-0.407571	-0.188227	0.007172	0.059093	0.055310	0.207776	-0.054134	-0.057343	0.026015	-0.312433	0.113139	-0.046399	-0.346322	0.250166	-0.160786	-0.183436	0.185345	0.073533	-0.281455	-0.011004	0.257920	0.220688	-0.296872	0.018492	-0.253768
0.165119	-0.161719	0.085263	-0.310034	-0.038590	-0.164079	0.481978	0.032758	0.165234	-0.257891	-0.152796	0.087593	-0.101122	0.073290	0.153427	-0.107306	0.276717	0.026118	-0.389611	-0.047288	0.087984	0.182682	0.264571	0.222118	0.119112
-0.332580	-0.199585	-0.228779	-0.037570	0.216854	-0.002914	0.205165	-0.377531	0.161728	-0.303606	-0.094229	0.217072	-0.221543	-0.046254	-0.098844	-0.095196	0.072188	0.090891	-0.168050	0.298591	-0.129423	-0.020279	-0.102471	0.380512	0.128226
-0.026551	-0.530592	-0.261163	0.028706	0.021318	-0.028352	-0.163931	0.083985	0.233066	0.045266	0.095294	0.098392	0.126238	0.055495	-0.002393	-0.008198	0.017493	-0.343863	-0.318643	-0.154863	-0.179786	-0.070745	0.194262	0.263437	0.361668
