0.640180	-0.099574	0.552182	-0.044104	0.243158	-0.023276	0.094600	-0.007844	-0.047461	0.032073	-0.040132	-0.036305	-0.023023	0.074899	0.004843	0.016921	0.030088	-0.002042	-0.126589	0.086553	0.122556	-0.035504	0.013904	-0.004938	-0.027404	-0.029612	0.004487	0.000849	-0.025082	-0.059968	0.083480	0.069866	0.092349	-0.084202	-0.016981	0.031673	-0.020238	0.016292	-0.024498	-0.150404	-0.103265	-0.007733	-0.086738	0.080901	0.034907	0.065266	-0.045245	-0.169475	-0.010011	0.177406
0.499500	0.207387	-0.154952	-0.196744	0.132951	0.199618	0.211547	-0.074290	0.049123	0.072045	0.053775	-0.085647	0.316877	-0.064644	0.058760	0.094504	0.041229	-0.019498	0.007103	-0.115355	0.017357	-0.048029	0.181193	-0.001575	-0.117102	-0.074879	0.136340	-0.049776	0.054021	-0.031150	-0.187069	-0.024481	0.220178	-0.029299	0.386012	-0.042377	0.083473	-0.069680	0.040876	0.024412	-0.114005	-0.007086	0.035878	0.013344	0.097561	-0.011249	-0.001521	-0.044063	-0.141217	-0.105618
0.617524	0.283519	-0.067426	-0.194250	0.243409	-0.139769	0.053492	-0.066409	-0.135543	-0.200563	-0.101337	0.022717	0.134467	0.086124	0.056519	0.089491	-0.008822	0.005978	-0.021303	-0.021802	-0.101702	-0.018402	-0.177126	0.065044	-0.098896	-0.020739	-0.178205	0.050070	0.027088	-0.119441	-0.019431	-0.191917	0.069329	-0.020854	-0.089304	0.003935	0.033609	0.042413	-0.189943	0.006091	0.110904	0.019676	0.141140	0.084769	0.125015	-0.141817	0.153524	0.023874	0.046360	-0.075840
0.797158	-0.128318	-0.107449	-0.269488	-0.040804	0.019376	0.073419	0.056299	-0.108857	-0.023841	-0.094200	-0.173368	-0.074193	0.236527	-0.104505	-0.131236	-0.017366	-0.114115	0.010559	-0.017190	0.012278	0.022040	-0.123575	-0.011509	0.069173	0.063071	0.013905	-0.036377	0.023786	0.037635	0.127251	-0.003802	0.040031	-0.022469	0.018982	-0.083931	-0.014914	0.001478	0.090097	0.023075	-0.047021	0.079158	0.082965	0.006201	-0.070974	-0.002269	0.014329	-0.088708	-0.032665	-0.078444
0.754382	-0.039675	-0.173967	-0.384338	0.093924	0.019985	0.149089	0.120179	0.004283	-0.085261	-0.122916	-0.069935	0.011389	0.068017	-0.037937	-0.051440	0.013929	-0.065287	-0.038398	0.031881	-0.010385	-0.066649	0.007190	-0.021878	-0.147442	0.156759	0.019121	-0.065899	0.101678	-0.072767	-0.059488	-0.152914	-0.054870	0.020976	0.061035	0.055047	0.049319	-0.030262	-0.043252	0.037404	0.085744	-0.078645	0.118416	-0.019139	-0.009463	-0.070783	0.017774	0.038606	0.008564	-0.109552
0.796124	-0.059320	-0.159388	0.179957	-0.019534	-0.127407	0.016678	-0.114704	0.063251	-0.071692	-0.015348	-0.112108	-0.069239	0.112420	-0.053759	-0.078780	-0.015033	-0.058023	-0.132087	-0.076993	0.067055	0.033114	0.058602	-0.134369	-0.074038	0.038345	0.101669	0.131402	-0.009740	-0.113753	0.042287	0.041448	-0.033393	0.077172	-0.081204	0.032016	-0.010831	0.051946	0.052530	0.020723	0.010421	0.007908	0.216594	0.017231	-0.101863	-0.106412	0.073255	-0.076579	-0.102712	-0.098267
0.708204	-0.156537	-0.250436	-0.088121	-0.209155	-0.103372	0.245170	0.142425	0.063127	-0.159483	0.009119	0.144378	-0.005145	0.151178	0.086516	-0.109515	0.008344	0.094711	-0.146490	0.099971	0.069215	-0.003274	0.052441	-0.165027	-0.082036	0.004537	0.002530	-0.029105	-0.011869	0.012791	0.085579	-0.058710	0.059805	0.050090	-0.037256	0.030830	-0.008029	0.046572	-0.014980	0.164020	0.036029	0.008160	0.132586	0.002873	-0.100609	0.039260	0.024926	0.061281	-0.094700	0.014987
0.739473	-0.118451	-0.147018	-0.177513	-0.098225	-0.007548	0.099796	0.190956	-0.035459	-0.032814	-0.175860	-0.033428	-0.014398	-0.010394	0.222115	-0.090462	0.069908	-0.095373	-0.107028	0.089210	-0.066942	-0.022496	-0.055019	-0.072810	-0.058479	-0.090994	-0.071794	-0.073234	0.150886	0.118063	0.150272	0.028950	0.175600	0.106037	0.012924	0.041185	0.052170	0.040285	-0.136760	-0.067289	0.032833	-0.072401	-0.072530	-0.044502	0.082944	0.000945	0.038972	0.041896	-0.097775	-0.061925
0.766984	-0.151294	-0.182611	-0.315713	0.002861	0.057896	0.208811	0.051334	0.024312	-0.158831	-0.053023	0.089375	0.066308	0.198763	-0.025210	0.073226	0.029821	-0.138905	-0.079070	-0.014971	0.041091	-0.081446	0.042488	0.103040	-0.046942	0.073248	-0.015484	-0.021782	-0.012555	0.056104	-0.024270	-0.048795	-0.037980	-0.057148	-0.092846	0.041389	-0.033249	-0.064916	0.033192	-0.031663	0.093007	-0.058485	0.091651	0.036078	0.032018	0.043770	-0.067585	-0.049672	-0.056803	-0.017472
0.785791	-0.170022	-0.066848	-0.300742	-0.105981	0.049758	0.092888	0.105636	-0.082274	-0.011562	-0.168228	-0.053876	0.035294	0.065515	-0.000978	0.119414	0.004581	-0.077068	-0.074063	-0.007502	-0.118720	0.099058	-0.140028	0.025916	-0.088812	0.162267	0.057596	-0.019297	-0.019724	-0.065266	-0.075586	-0.077769	-0.073032	0.025498	0.079619	0.019005	-0.057408	-0.054372	-0.001477	0.051945	0.105997	0.069923	0.046112	-0.012586	-0.014441	-0.081357	-0.080593	0.026368	-0.025445	-0.050934
0.789819	-0.230859	-0.143323	-0.056747	-0.048468	-0.168743	0.138917	-0.027214	0.046460	-0.042805	-0.009648	-0.111414	0.010649	0.272769	0.034201	0.153605	0.085375	0.026289	-0.093478	-0.019355	-0.099145	-0.028157	-0.049670	-0.016725	-0.101780	0.058814	0.011667	0.045153	0.015173	-0.050303	-0.161403	-0.021996	-0.042595	0.022597	-0.001445	0.022297	-0.055131	0.116794	0.015704	-0.006941	-0.005177	0.076727	0.003166	-0.054187	0.131683	-0.042133	0.040590	-0.080639	-0.000173	-0.028512
0.658634	-0.089631	0.561339	0.072855	0.281194	0.019305	0.239952	-0.016490	0.042879	-0.023309	-0.056250	-0.045428	-0.040424	0.145988	-0.003299	-0.073515	-0.004749	0.017995	-0.017814	0.049004	0.023411	-0.029043	-0.058037	-0.043892	-0.013331	-0.115772	-0.011504	0.061052	-0.055779	-0.055828	0.001578	-0.018778	0.043415	0.031521	0.011057	-0.011977	-0.011120	0.016670	0.006606	-0.022568	0.086499	-0.053207	0.010214	-0.025158	0.042598	-0.019106	0.015521	0.086951	-0.002501	-0.074725
0.711415	0.047900	0.153027	0.135811	0.091673	0.077667	0.206192	-0.231151	-0.073475	0.019021	-0.131876	-0.146735	-0.105163	0.109442	0.101511	0.066749	-0.220111	0.028241	0.044248	0.068758	0.073452	-0.055806	-0.242169	0.049211	-0.087743	-0.129086	0.006748	0.083649	-0.015563	0.022613	-0.010657	0.057294	0.055688	-0.042617	-0.056125	0.014082	-0.069868	0.024511	0.084997	0.155004	0.090304	-0.059673	0.100550	0.019260	0.036974	0.053160	-0.041024	0.034995	-0.129356	0.069127
0.769175	-0.027726	0.190301	0.012316	0.270442	0.152311	0.281095	-0.282382	0.050896	-0.107190	-0.086138	-0.075849	0.057922	-0.066274	0.040294	0.013318	0.026036	0.055333	0.077282	-0.050998	-0.045482	0.034932	0.101945	-0.028517	-0.067427	-0.098387	0.008772	0.075874	0.042341	0.056900	-0.002470	-0.002796	0.039431	0.030370	0.056970	0.056532	0.045226	-0.014629	0.014506	-0.026325	0.022154	-0.034081	0.021287	-0.044669	-0.010789	-0.030598	-0.049835	0.008201	0.087096	0.007618
0.728664	0.073390	-0.077029	-0.027863	0.201599	0.046950	0.172425	-0.168661	0.018734	-0.064124	-0.024053	-0.149281	-0.080169	-0.065084	-0.014861	-0.150999	-0.012105	0.070667	0.077247	0.007786	-0.145534	-0.078028	0.163520	0.135929	0.119026	-0.066199	-0.159528	0.030195	0.034594	0.074448	0.022681	0.067898	0.042649	-0.068093	-0.063932	0.107609	-0.074211	0.062175	0.107439	0.068583	0.023726	-0.038760	0.214766	0.115866	-0.010345	0.003305	-0.023893	-0.034507	0.205987	-0.028732
0.610087	-0.197900	-0.276893	-0.342656	0.249743	0.062662	0.316810	-0.137691	-0.101848	-0.029378	-0.232480	-0.138012	0.176656	-0.128182	-0.010640	-0.056431	0.127125	-0.051331	-0.063515	0.019868	-0.026003	-0.009388	-0.054632	0.033554	-0.005423	-0.020677	0.042670	0.049380	-0.011201	0.030637	0.107100	-0.059086	-0.090338	0.015456	-0.042658	0.054822	-0.052520	0.030344	0.031215	-0.009205	0.002751	-0.015492	-0.032554	0.052039	-0.008998	-0.032494	-0.000481	0.039831	0.000628	-0.010529
0.567376	0.368835	-0.056249	-0.375758	-0.141422	0.079512	0.075958	0.139001	0.054681	0.171545	0.101833	-0.032992	0.178515	0.247847	0.148847	-0.008284	0.024836	0.007852	-0.063814	0.038107	0.046695	-0.096562	0.054485	-0.171794	0.096417	0.123453	-0.011176	0.082327	0.108817	-0.074306	-0.011269	-0.035307	-0.058613	-0.011300	-0.081100	0.095299	0.009486	0.142557	0.060385	0.041458	-0.000553	0.100305	-0.018088	-0.029931	0.054978	0.128742	-0.040906	-0.037751	-0.069299	0.052260
0.749675	-0.079429	-0.058301	0.077584	-0.092152	0.043841	0.134196	0.159320	-0.112065	0.065857	-0.065474	-0.078736	-0.095910	0.157914	-0.082175	-0.181299	-0.012752	0.015365	0.113186	-0.024591	-0.075796	-0.149185	0.069144	0.015912	-0.018237	0.014376	-0.038711	0.157594	-0.035967	0.023365	-0.102194	0.044537	-0.032406	-0.193735	-0.016325	-0.027106	-0.022839	0.027437	0.185669	0.051527	0.072459	-0.049619	0.063535	-0.113594	-0.160842	-0.047479	0.070616	-0.066600	-0.011603	0.197495
0.521032	0.028954	0.261903	-0.047308	0.211797	-0.114350	0.086410	-0.102300	0.346478	-0.045675	-0.248180	0.035954	0.001389	-0.112985	-0.184219	-0.110184	0.272425	0.173244	0.003182	-0.017026	0.167182	0.021455	-0.046136	0.069260	0.005323	-0.036164	-0.090568	0.014818	0.048799	-0.071730	0.029466	0.053906	0.146066	-0.004013	-0.086095	0.129170	0.082015	0.007343	-0.077528	-0.044659	-0.062127	0.252862	-0.070550	-0.140767	-0.057957	0.063133	-0.055238	0.100631	-0.042823	0.031957
0.582124	0.127979	-0.083150	0.075313	0.044214	-0.084985	0.050156	0.021004	0.193239	-0.104055	-0.182839	-0.034132	0.054588	-0.002135	-0.026469	0.076746	-0.259114	-0.005954	-0.005744	-0.002909	0.004290	0.088349	0.326946	0.129760	-0.077888	-0.087087	-0.049540	-0.012037	-0.081436	-0.213429	0.383129	0.101506	0.040934	-0.021924	-0.111854	0.050812	-0.073108	-0.043996	-0.078407	0.018668	0.106618	-0.056513	0.076735	-0.007923	-0.020081	-0.079891	-0.126829	-0.000584	0.029653	-0.167654
0.649725	0.061860	0.169601	-0.203126	0.143360	0.102424	0.410993	-0.030461	0.156321	-0.011393	0.019778	0.203252	0.081100	0.140427	-0.018721	-0.124982	0.109435	-0.205761	-0.110768	0.088224	0.085758	0.082354	-0.074211	-0.119915	-0.013684	0.095239	0.053244	-0.013633	-0.087359	-0.043765	-0.009276	-0.134720	-0.027901	0.090528	0.047615	-0.082358	0.006650	0.040858	0.012386	0.013527	-0.007823	0.078137	-0.019271	0.062193	-0.023720	0.032782	-0.080031	-0.062830	0.046327	-0.038942
0.793427	0.161510	-0.013219	0.076862	0.004759	0.100661	0.073230	-0.028089	-0.159455	-0.086950	-0.027509	-0.054462	-0.131685	-0.053319	-0.110389	0.095172	0.112833	-0.064605	-0.066925	0.084242	0.159411	0.023163	0.023033	0.011494	-0.014729	0.082556	-0.081923	-0.025877	-0.099464	0.028755	0.090656	-0.071184	0.102604	0.004285	0.050695	-0.141944	0.051930	0.188394	0.182050	0.002204	0.024257	0.008081	0.049327	0.066611	-0.025332	-0.075836	-0.084872	0.048302	-0.125450	-0.081001
0.818679	0.136604	-0.069923	-0.003958	-0.057430	0.152054	0.154450	-0.159534	0.097655	0.213972	-0.157253	0.005547	0.005072	0.008500	0.030802	-0.043431	0.149501	-0.028006	0.091465	-0.007849	0.085593	-0.044289	-0.036349	0.023200	-0.016988	-0.068390	-0.039507	-0.038729	0.173433	-0.044546	-0.008006	-0.031656	0.054108	-0.050830	0.119655	0.064850	0.005214	-0.002200	-0.048003	0.032377	-0.086147	0.117985	0.014945	0.027700	-0.046777	0.016215	-0.005252	-0.059788	0.086092	-0.019493
0.775369	0.027065	0.059614	-0.015559	-0.309504	0.179302	-0.146183	-0.042678	-0.108345	0.246009	0.061122	-0.159489	-0.027269	-0.042195	0.006016	-0.087103	0.113861	0.083036	-0.188291	-0.062370	0.084834	-0.102078	0.034671	0.038593	0.015389	0.078747	0.007572	0.045116	0.072068	-0.036247	0.065045	0.022429	0.007466	-0.028782	-0.020829	0.057314	-0.064916	-0.044826	0.014152	-0.041772	-0.046610	-0.000310	-0.029376	0.006370	0.010287	0.011922	-0.093124	-0.046670	-0.073026	-0.000837
0.813334	-0.028860	0.045132	0.075450	-0.229779	0.035488	-0.115020	0.088000	-0.118836	0.237655	0.026516	-0.234946	0.084371	-0.041832	-0.086699	-0.020236	0.030117	0.047739	-0.048949	-0.016953	0.075526	-0.113244	-0.062601	-0.005265	-0.070762	0.032412	-0.052433	0.022090	0.053630	-0.076531	-0.008557	-0.026545	-0.041345	0.013067	0.033248	0.141791	-0.030720	-0.103093	0.047746	-0.056571	-0.076703	-0.019325	0.017560	-0.006363	0.022273	-0.040243	-0.064934	-0.102588	-0.017049	0.023455
0.640602	-0.027152	0.369103	-0.268291	-0.017738	0.203445	-0.062156	0.131549	-0.050046	0.027926	-0.052487	-0.157530	0.082462	-0.120261	0.078437	0.103955	-0.080825	-0.012606	0.003107	0.060164	-0.127253	0.045932	-0.227861	0.047514	-0.068624	-0.082916	0.016419	-0.002762	-0.021888	-0.130024	-0.016901	-0.087699	0.163295	-0.052849	-0.086114	0.092743	-0.048985	-0.181799	-0.030278	0.050218	0.098870	-0.119915	0.070904	-0.034184	0.046000	0.073705	-0.002106	0.035518	-0.029755	0.065455
0.829080	-0.043387	0.316373	-0.023237	-0.016862	0.027811	-0.047383	0.133492	-0.019510	-0.003930	-0.038110	-0.109853	-0.107650	0.140539	0.025827	0.007300	0.038361	-0.064348	0.036241	0.107222	-0.094645	-0.110849	-0.011511	0.054035	0.002970	-0.047310	0.047025	0.037605	0.002088	-0.017690	-0.107915	0.072860	0.008305	-0.031053	-0.140983	-0.122480	0.055385	-0.019849	0.049892	-0.029835	-0.024659	-0.028011	-0.029558	0.017478	-0.086142	0.021376	0.089409	0.040257	-0.050149	-0.108709
0.743039	-0.077673	-0.311692	0.019337	0.193740	-0.021432	0.184727	-0.221251	0.031083	-0.041654	-0.035928	-0.089665	-0.023757	-0.026269	0.124077	-0.157184	0.093249	-0.081781	-0.016158	0.105412	-0.076079	-0.085405	0.150025	0.044709	0.100182	-0.004124	-0.028469	-0.016072	-0.034924	0.060577	0.032269	-0.129580	-0.010272	-0.118436	-0.089387	0.095131	0.098682	-0.048492	0.055472	-0.042848	0.082775	-0.017322	0.055393	0.064282	-0.011080	-0.014051	-0.033257	-0.062702	-0.012655	0.060347
0.514459	-0.144271	-0.031307	-0.349470	-0.104209	0.002130	-0.146441	0.059313	0.007485	-0.068881	0.087624	0.162703	0.026603	0.169266	-0.101244	-0.029849	0.099726	-0.125528	0.039073	-0.150604	-0.035331	-0.129234	-0.015001	0.026961	0.051519	0.021763	0.019529	0.143513	-0.122601	0.015840	-0.247396	-0.118872	0.123127	-0.275795	-0.188957	-0.066586	0.018170	-0.102522	0.104115	0.175400	0.050313	0.125668	0.033540	-0.062450	0.002843	-0.090309	-0.025541	0.060293	-0.058349	0.263788
0.867807	-0.069081	-0.061842	-0.270056	0.004223	-0.108271	-0.165745	0.132191	-0.118825	0.005650	-0.038830	-0.012699	-0.010917	0.022774	0.037365	0.022947	0.124359	-0.090855	-0.059777	-0.029717	-0.066860	0.010685	-0.079031	0.055883	-0.062093	0.070144	0.010762	-0.002805	-0.057671	-0.032396	0.019888	0.014730	0.103554	-0.062976	-0.026166	0.000957	-0.014195	-0.048290	0.014214	0.026421	0.051057	0.042755	-0.007154	-0.070898	-0.039027	0.041345	0.004955	0.051534	-0.008024	-0.001555
0.810708	-0.219548	0.350329	-0.035194	0.107429	-0.068229	-0.097416	-0.102913	0.065570	0.002511	0.152896	-0.068483	-0.093700	0.023408	-0.022220	-0.080036	-0.077503	-0.081855	0.100158	0.029099	0.064252	0.045723	0.004020	-0.029391	0.071809	-0.051931	0.044289	0.001463	-0.043789	-0.139202	0.066354	0.013117	0.035970	-0.036139	0.090625	0.021443	0.036002	0.008977	0.011175	0.019032	0.045452	-0.040098	0.030657	-0.010314	0.023517	0.013939	0.018263	0.000654	-0.019484	-0.004263
0.757475	-0.220827	-0.266739	0.216444	-0.141208	-0.164017	0.099317	-0.046435	0.022082	-0.037607	0.155477	0.088146	-0.092956	0.051725	0.141414	-0.165476	0.024632	0.025944	0.022491	0.128938	0.007614	0.058085	-0.031325	0.000712	-0.066666	-0.032621	0.000337	-0.015610	0.058829	-0.056089	-0.037138	-0.066263	-0.036375	-0.106247	0.029027	0.078757	0.013614	-0.075049	0.106128	-0.079287	-0.048998	0.011087	-0.088853	0.008553	0.108552	-0.008688	-0.019908	0.021300	-0.005298	-0.029337
0.823959	-0.215745	-0.166730	0.028405	-0.189302	-0.169213	0.059490	0.020308	0.090879	-0.138480	0.114810	0.130009	-0.022697	-0.084758	-0.012002	-0.065317	0.032477	0.124288	0.036103	-0.056390	0.036617	0.062982	0.118062	-0.002125	-0.042102	-0.041699	-0.023795	0.036901	0.048024	-0.129799	0.056551	-0.066534	-0.019947	-0.002167	-0.049123	0.043743	0.029670	0.085080	0.038342	0.051123	-0.056851	-0.030425	0.020652	-0.076377	-0.001939	-0.056394	0.038511	-0.057298	0.011619	0.001573
0.616383	0.510282	-0.045108	-0.126902	0.172494	-0.087070	-0.052877	-0.063179	-0.239072	-0.100390	0.072559	-0.058582	-0.240075	0.015397	-0.001072	0.002535	0.015740	-0.002515	-0.085436	-0.030847	0.148924	0.040759	-0.018308	0.116938	-0.122788	-0.015998	-0.135845	-0.009281	0.002619	0.006795	0.031709	-0.033437	0.007789	-0.068914	0.003995	-0.043311	0.026217	-0.069467	-0.036428	0.042320	0.170208	-0.026837	-0.039635	0.080000	0.077891	-0.047592	-0.120068	0.004650	-0.073244	-0.008907
0.677992	0.048485	0.018587	0.239427	-0.154897	0.087940	-0.022921	-0.050474	-0.214673	-0.076296	0.007228	-0.106094	-0.035985	-0.106357	-0.161994	0.085700	0.107208	0.019443	-0.182295	0.227916	0.333940	0.086892	0.171458	0.024361	0.056168	0.022178	-0.051374	0.021132	-0.034022	0.092283	-0.039676	-0.119426	0.083349	0.087002	-0.049189	-0.029585	0.012837	-0.013654	0.042755	0.032787	0.106612	0.109133	-0.002948	0.024443	-0.002692	-0.008032	0.090296	0.031191	-0.058543	0.013282
0.813428	-0.181294	0.455384	-0.087641	0.089178	0.008095	-0.031489	-0.027650	0.050556	-0.000327	0.096317	-0.027007	-0.030672	0.065033	-0.022600	-0.084688	-0.023278	0.031066	-0.040995	0.019790	-0.039351	0.081019	0.070598	-0.030626	-0.008418	0.026371	-0.066018	-0.045739	-0.000112	-0.034185	-0.052568	0.019380	0.028167	0.009713	0.059974	0.010585	0.028600	0.012802	0.032283	0.073678	-0.001797	-0.074041	-0.025798	0.009904	-0.058526	0.001122	-0.007505	0.011200	0.025544	-0.059376
0.684610	0.315312	-0.141547	0.155745	0.059480	-0.227129	-0.097830	-0.027763	0.404521	-0.013266	-0.177685	-0.094577	-0.028286	-0.045230	-0.105240	0.008691	-0.025943	-0.052383	-0.038124	0.038874	0.023381	0.028636	0.003353	-0.100630	-0.026990	0.014102	0.023935	-0.047112	-0.064662	0.052320	-0.020633	0.000822	-0.101763	0.066693	0.059915	-0.025021	-0.059735	-0.022951	0.113479	-0.029974	0.084017	-0.067869	0.008804	-0.139176	0.000405	0.013721	-0.026488	0.044008	-0.048406	0.040973
0.626223	0.339515	-0.052126	0.019283	0.005402	-0.249700	-0.140244	0.055252	0.324882	0.011683	-0.112092	-0.041168	0.004606	-0.127180	-0.139037	-0.099550	0.032594	0.063125	0.000912	0.049751	0.009723	0.006440	-0.109651	-0.041018	0.004223	0.091492	0.181409	0.051311	-0.235166	0.165281	0.011403	-0.077911	0.016127	0.015805	0.002576	-0.037907	-0.100324	-0.081506	0.200448	-0.016536	0.015216	-0.060940	0.053762	-0.064831	0.060137	-0.031353	0.014863	-0.058105	0.055274	-0.059006
0.600924	0.496023	-0.086941	-0.096533	0.086972	-0.232214	-0.140496	0.101206	0.300628	0.026944	-0.023892	0.000256	-0.110859	-0.053081	-0.112068	-0.130952	0.049451	0.054762	-0.052785	0.142087	-0.070848	0.017350	-0.024304	0.072721	-0.105978	0.019278	0.127576	-0.031411	-0.109992	0.106005	-0.085089	-0.015166	0.050654	0.047132	0.022052	0.036446	0.009661	-0.059293	0.026898	-0.008855	0.013577	-0.013401	0.038686	-0.029954	-0.064733	0.066650	0.052857	-0.141219	0.049486	0.033730
0.755698	0.060985	0.044763	-0.041601	-0.167672	0.012367	0.113293	0.219265	-0.003230	-0.054080	-0.064579	-0.209336	0.042473	0.069463	-0.093933	-0.040494	-0.107766	0.099455	0.113488	-0.021802	-0.065855	0.034388	-0.063705	-0.031990	0.123916	-0.147037	-0.037869	-0.005717	0.191062	0.035507	-0.093534	0.149423	0.082247	-0.059664	-0.010874	0.030464	-0.012989	0.120469	0.137047	0.119199	0.016320	-0.007057	-0.062372	-0.094431	-0.036496	-0.036293	0.018972	0.140323	0.004880	0.128972
0.622231	0.260714	0.024900	0.076865	-0.241608	0.073846	0.056460	0.154420	-0.051000	0.256062	0.104536	-0.184484	0.132867	-0.009601	-0.118027	-0.230378	-0.070813	0.134482	0.103652	-0.181213	-0.055238	0.145864	0.165334	-0.096872	0.004439	-0.082679	0.001564	0.073558	0.041153	-0.076123	-0.024919	0.108290	-0.091288	0.025252	-0.132337	-0.026570	0.092403	0.027742	-0.042892	-0.046527	0.157302	-0.027872	-0.004947	0.061429	-0.065174	-0.070972	-0.046982	-0.089553	-0.019604	-0.006013
0.603471	-0.029171	0.057222	-0.127985	-0.102650	0.143238	-0.180946	0.008818	-0.085217	-0.058215	-0.127308	-0.149389	-0.175707	0.116423	-0.058607	-0.001690	-0.001006	-0.020780	0.034770	-0.030500	-0.090317	0.028201	-0.017492	-0.012944	0.104859	-0.053934	0.161549	0.022695	-0.105384	-0.170201	-0.003426	-0.127765	-0.009399	0.092770	0.029795	0.101392	0.380837	-0.062887	-0.037425	0.082757	0.099012	0.099341	0.239347	-0.037491	0.034587	0.084807	-0.122618	0.024731	0.255395	0.027368
0.704407	0.012133	0.045110	-0.065327	-0.089055	0.299385	-0.113247	0.112165	-0.038272	0.004844	-0.086537	-0.131548	-0.025019	0.053403	-0.002727	0.057862	0.107618	-0.110317	0.094380	-0.025266	-0.107051	-0.069422	-0.157760	0.081278	-0.086783	0.013677	0.027893	-0.125160	0.043838	0.013849	-0.018397	0.011810	-0.136393	-0.100224	0.142791	-0.057859	-0.111340	-0.213180	-0.111009	-0.226238	-0.006696	-0.098549	-0.085367	0.115307	-0.055322	-0.023697	0.128491	0.038982	-0.087105	-0.011894
0.774946	-0.074666	0.390082	0.042024	0.238326	0.007983	0.076510	-0.160138	-0.040958	-0.076329	0.004479	-0.084471	0.043328	0.134760	-0.031881	-0.001872	0.063190	0.049881	0.102041	0.079799	0.022485	0.034555	-0.038382	-0.038783	-0.003783	-0.032313	-0.146130	-0.017944	0.052168	0.077554	0.077538	0.078620	-0.041154	-0.085488	0.047900	-0.014682	-0.049304	-0.037385	0.065303	0.060630	0.024912	-0.067981	-0.017922	-0.078773	0.035660	-0.026375	-0.062214	-0.036014	-0.030480	-0.034079
0.752833	-0.101293	0.320888	-0.033355	0.309370	-0.039156	0.167189	-0.134925	0.084550	0.014542	-0.070119	-0.111749	0.080015	0.126351	-0.154190	0.017014	0.035288	-0.087728	0.026223	-0.054755	0.052222	0.005086	-0.017415	0.034083	-0.068148	0.018156	-0.138711	0.026776	-0.008555	0.039233	0.058812	0.050227	0.015554	0.000399	-0.023413	-0.015657	-0.014503	0.047575	0.120568	-0.025090	-0.039081	0.037183	-0.000764	-0.035288	0.009624	-0.170289	0.024457	0.028993	0.009508	-0.038524
0.749425	0.386354	-0.132664	0.024886	0.250352	-0.153549	-0.002524	-0.099372	-0.141941	-0.145492	0.006155	-0.078354	-0.084039	0.113679	0.037317	0.042762	0.131374	0.094868	0.023089	-0.027545	-0.058984	-0.070788	0.013085	-0.012027	-0.067472	0.070887	-0.007858	-0.018325	0.039782	-0.066171	0.088478	-0.073259	-0.036688	0.027457	0.054758	0.006880	-0.045848	-0.069758	0.022266	-0.084320	0.016611	-0.050431	0.046399	-0.069708	0.042258	-0.062055	0.006608	-0.019400	0.035218	-0.041286
0.600278	0.478939	-0.162957	-0.228544	0.354728	-0.083083	0.074243	-0.022210	-0.234702	-0.039782	0.005060	-0.074420	-0.064684	-0.002288	-0.112606	-0.068226	0.134554	-0.010349	0.037409	-0.092924	0.041741	0.064496	-0.025476	0.104094	-0.025246	0.057260	-0.071231	-0.003819	-0.009567	0.006197	0.061697	-0.009315	-0.009503	-0.018523	-0.027722	0.042335	-0.018456	0.043088	0.093346	0.034091	0.047570	-0.102543	0.065769	-0.053268	0.057307	0.044211	0.019430	0.025106	-0.094714	-0.010689
0.672322	-0.023532	0.031249	-0.009024	-0.019591	-0.007766	-0.379405	-0.199086	-0.134948	-0.246841	-0.096759	0.142319	0.250502	0.238625	-0.125298	-0.047718	0.078682	-0.006674	0.050934	0.017481	-0.091466	-0.068670	0.027107	0.028045	-0.032164	-0.042301	-0.014468	-0.052944	0.110933	0.003101	-0.032785	-0.035248	-0.050345	0.026165	0.017958	0.067838	-0.087607	0.021609	0.099055	0.021936	0.095862	-0.106710	0.005952	-0.077736	-0.085447	-0.055596	-0.047383	0.014383	0.026530	-0.070190
0.671201	-0.156742	-0.020888	-0.006487	0.116456	-0.095063	-0.209431	-0.268930	-0.066439	-0.114496	0.018005	-0.122222	0.078247	0.121846	-0.114576	0.027981	0.181555	0.057298	0.028346	-0.090919	-0.127539	0.016974	0.051740	-0.013136	-0.047558	0.010132	0.108782	0.086979	0.153177	-0.016782	-0.048177	-0.039718	-0.106971	-0.029600	0.010767	0.083067	-0.050704	0.033049	0.104392	0.071156	0.068781	-0.071731	0.003798	-0.162854	-0.204393	-0.198604	-0.056995	-0.088653	0.084532	-0.170362
0.693149	-0.051883	0.027142	0.069606	-0.059616	-0.005601	-0.182514	-0.161479	-0.136049	0.096062	0.004355	-0.053449	0.007560	-0.064998	-0.017306	0.005051	0.118240	0.125985	-0.010743	0.055118	0.089051	-0.107022	0.044739	-0.002409	-0.103263	-0.085173	0.118568	0.061316	0.194165	-0.070163	0.046695	-0.095659	0.050153	0.071745	-0.095273	0.026450	-0.023677	-0.234689	-0.106236	0.091215	-0.026487	0.021196	-0.075059	-0.061237	-0.309615	-0.224734	-0.087171	0.054847	0.003090	-0.093746
0.839915	-0.295552	-0.155359	-0.091550	-0.036851	-0.186427	-0.019770	-0.076015	0.079264	-0.094457	0.201048	-0.009614	-0.028763	0.059747	-0.002872	-0.045979	-0.036538	-0.021763	0.101665	0.000056	0.024379	0.025815	-0.008196	0.061304	0.066137	-0.041164	0.049104	-0.090349	0.082984	-0.021103	0.045861	0.013479	0.073559	0.004403	0.006208	-0.048533	-0.019322	-0.013996	0.018718	-0.009988	-0.006986	-0.021472	0.014154	0.030185	-0.043567	-0.014056	0.076336	-0.003349	0.083616	0.035706
0.839117	-0.234777	-0.208921	0.017820	-0.062908	-0.192490	0.018335	-0.032463	0.148267	-0.044106	0.129063	0.034239	0.012435	0.001144	0.050059	0.033235	0.111391	0.030661	-0.056735	0.011874	0.021463	0.033500	-0.135273	0.086226	0.041876	-0.027552	0.066594	-0.004147	0.112677	0.020099	0.056556	0.011919	0.035742	-0.013853	-0.002597	0.025872	-0.002545	0.016788	0.142526	-0.077758	-0.018965	-0.072688	-0.028600	0.042328	-0.013517	-0.011090	-0.008850	-0.039975	0.026259	-0.041532
0.795554	-0.243509	-0.054654	-0.330758	-0.081770	-0.074354	-0.075874	0.008932	0.039270	-0.102607	0.049968	0.050650	0.002136	0.074300	-0.000313	0.018225	0.000926	0.052284	0.059919	-0.077929	-0.072107	0.058730	0.075791	0.050782	0.058684	-0.029600	0.031492	0.054192	0.154922	-0.087914	0.023365	-0.065703	0.090553	-0.040399	-0.121670	-0.093047	-0.052606	0.038622	-0.041267	0.042404	-0.051913	0.043309	0.078951	-0.045143	0.015551	-0.014174	0.107937	-0.019792	0.108780	0.044102
0.861282	-0.231001	-0.142918	-0.058686	-0.104944	-0.117219	-0.031039	-0.024486	0.083763	-0.077901	0.141560	0.029027	-0.028925	0.010132	0.026466	0.049649	0.055353	-0.016884	0.056504	-0.047936	-0.029289	0.046466	0.040843	0.142060	0.109504	0.011249	0.057053	-0.058832	-0.015391	0.048800	-0.020218	0.029299	-0.018200	-0.023811	0.014652	0.004051	-0.018350	0.031561	0.075271	-0.067771	-0.050295	-0.057164	-0.053345	0.035729	-0.004363	0.050289	0.074752	0.055406	0.055453	-0.152407
0.772908	-0.237607	-0.174196	0.082524	-0.110008	-0.162028	0.041952	0.268663	-0.012904	-0.016810	0.119960	0.008689	0.101623	-0.142733	0.007163	-0.054600	0.071625	-0.087154	-0.060610	0.072852	-0.007954	-0.071812	-0.086204	0.017214	-0.077369	-0.072881	0.016276	-0.088685	0.011131	0.076263	-0.014860	-0.025266	0.039577	0.030955	0.003982	0.135075	0.027287	0.117036	0.127547	-0.071933	-0.010188	-0.094051	-0.083003	-0.023274	0.007215	-0.005806	-0.028837	-0.033485	-0.037231	0.103460
0.812354	-0.197948	-0.186807	0.170015	-0.008185	-0.173426	0.007607	-0.003252	0.035603	-0.119338	0.159521	-0.031819	-0.007487	0.044297	0.052556	-0.050648	0.078826	0.090652	0.083344	0.018513	-0.009496	0.041370	-0.026195	0.096539	0.077111	-0.018171	0.075109	-0.174102	0.037876	0.007414	0.073898	-0.008570	0.088302	0.025934	0.014218	0.083458	-0.003639	0.032552	0.094908	-0.036599	-0.048356	-0.022371	-0.077165	0.056724	-0.096194	-0.047678	0.123088	-0.060162	0.063356	-0.037546
0.717101	-0.257586	-0.065783	-0.251850	-0.047641	-0.159348	-0.155667	-0.025822	0.012798	0.007089	0.042032	-0.054329	0.194987	0.027637	0.017506	0.122214	-0.054111	0.022055	-0.104346	0.058601	0.101155	0.101635	-0.171993	0.113244	0.034275	-0.097414	0.078593	0.025479	0.109421	0.013465	0.034497	0.072653	-0.073463	0.049123	-0.027943	-0.021284	0.036524	-0.060162	0.095688	0.039608	-0.124485	-0.143457	-0.145476	0.097369	-0.062174	0.039436	-0.136645	0.062677	0.019631	-0.058932
0.787367	-0.141003	0.221026	0.202195	0.082689	-0.153450	-0.072594	0.218561	-0.072112	0.049489	-0.033848	-0.087761	0.042663	-0.071572	0.199043	-0.041563	0.073319	0.005181	0.067909	0.139030	0.005259	-0.047969	0.054558	0.065599	-0.041852	0.008081	-0.038137	0.035980	-0.013421	-0.003623	-0.032260	0.078770	-0.054005	-0.154872	-0.071890	0.102572	0.022306	-0.009509	0.008490	-0.064033	-0.025557	0.005850	-0.003481	-0.039014	-0.035033	-0.065678	0.014279	-0.050688	-0.028417	0.112144
0.800376	-0.177369	0.117738	0.237035	0.057683	-0.180358	-0.064488	-0.141163	0.069961	0.026918	0.154928	-0.074249	-0.073875	0.072109	0.099026	-0.030986	0.070745	-0.089069	-0.067339	0.040592	0.039708	-0.100969	0.021643	-0.033759	-0.009560	0.002529	-0.060606	-0.039562	-0.078986	0.081210	-0.020472	0.050720	0.115878	-0.052228	0.071977	0.040591	0.042564	-0.002804	-0.052410	-0.145308	0.000231	0.011716	-0.075499	0.043120	-0.128493	0.059185	0.082204	0.016293	0.034546	-0.056012
0.721887	-0.050405	0.276527	0.126441	0.048248	-0.089082	0.055449	0.176837	-0.054108	-0.066056	-0.117464	-0.140900	0.091637	-0.008529	0.191493	0.170217	-0.128323	0.043007	0.043687	0.062112	-0.146811	-0.055806	-0.053309	-0.096241	-0.047175	0.009044	-0.160129	0.038480	-0.121923	0.008302	-0.086524	0.047600	-0.055226	-0.115194	0.032392	0.107103	0.005544	0.078076	-0.041398	-0.097277	0.035337	-0.040633	0.031036	-0.034897	-0.126360	-0.044217	0.162751	-0.090446	-0.073719	-0.000847
0.832786	-0.109591	-0.131775	0.114288	-0.165832	-0.143192	0.144005	0.172794	-0.036575	0.025672	-0.027113	0.069147	0.056440	0.029054	0.070678	0.121243	0.013090	0.149933	0.106629	0.081015	0.013372	0.035355	-0.025102	0.109305	-0.101191	0.067224	0.069638	-0.068059	0.019784	-0.036037	0.020259	-0.011105	-0.063156	-0.017306	-0.030932	0.046406	0.083751	0.038253	0.002281	-0.008396	-0.068071	-0.086223	-0.058813	-0.012672	-0.027030	-0.044114	-0.081883	0.026094	-0.057196	-0.090367
0.867334	-0.103440	-0.090029	0.095942	-0.070810	-0.123963	-0.062904	-0.083377	0.035171	-0.216109	0.029388	0.078936	0.023408	0.042014	0.114625	0.068371	-0.002867	0.073409	0.042489	-0.032679	-0.053734	0.010302	0.066002	0.087140	0.000846	0.141868	-0.047857	0.087505	0.003628	-0.018451	0.067726	-0.057210	0.080113	-0.014746	-0.059586	0.014424	0.034216	-0.000205	-0.079826	-0.041860	-0.070004	-0.090701	0.042802	0.060053	-0.055372	0.010424	-0.037327	-0.059673	-0.037965	0.062801
0.686079	-0.325310	-0.075713	-0.351814	-0.095614	-0.188961	-0.158041	-0.028657	0.134871	-0.109542	0.249350	0.086477	-0.028264	-0.084235	0.122985	-0.001974	-0.075497	-0.030344	0.066824	-0.011071	0.077337	0.018717	0.011005	0.050413	0.028191	-0.024979	-0.040265	-0.046690	-0.040457	-0.113658	0.035972	-0.020848	0.118846	-0.030001	-0.049465	0.075593	0.063775	-0.075586	0.038571	0.064827	0.070717	0.016899	0.019112	-0.039518	0.042939	-0.033117	0.033173	0.067670	-0.058860	0.028108
0.776900	0.178622	-0.112529	0.226811	0.047543	-0.133981	-0.112927	0.001108	0.397446	-0.111907	-0.174616	-0.049037	-0.058111	-0.003567	-0.025937	0.080747	0.107754	0.028834	0.032335	-0.002866	-0.025558	-0.025045	0.045744	0.043728	-0.018352	-0.031676	-0.032967	-0.111673	0.022441	-0.025450	-0.078650	-0.002201	-0.045980	0.000168	0.026766	0.020459	0.000177	0.015436	0.037779	-0.007230	0.040079	0.006304	0.024464	0.003928	-0.013381	0.035198	-0.020706	-0.023848	-0.032592	0.041959
0.600445	-0.080654	-0.001332	0.321789	0.075868	-0.149619	-0.147905	0.170483	-0.007193	0.095325	-0.072137	-0.118661	0.099984	-0.146598	0.371798	-0.099566	0.049883	-0.301821	0.020655	0.108631	-0.074229	0.040326	-0.062808	0.052819	-0.049589	0.081288	-0.112035	0.012423	0.057484	0.080207	0.027129	0.026791	0.017973	-0.079024	-0.027301	0.036135	0.113832	0.046686	0.059127	-0.127983	-0.116230	0.073672	0.054211	0.081912	0.047154	-0.031048	-0.070047	-0.012914	-0.021652	-0.093155
0.576711	-0.017951	-0.035849	0.290016	0.021739	-0.165099	-0.195673	0.222140	-0.021172	-0.024722	-0.151601	-0.065543	0.124265	-0.071113	0.403658	-0.081981	0.133645	-0.203841	0.118796	0.219743	-0.065774	0.054282	0.048676	0.015931	0.009382	-0.055443	-0.042220	0.032222	0.004245	0.169601	0.006832	-0.032355	-0.097791	-0.135201	-0.084160	-0.028528	0.094056	-0.114453	0.080907	0.003251	-0.069924	-0.002766	0.009968	0.000820	0.023562	0.008538	-0.077524	-0.054546	-0.036085	-0.010248
0.725121	-0.088831	0.064336	0.355691	-0.071290	-0.134614	-0.049731	0.226548	-0.028345	0.038342	0.061482	0.012154	0.103745	-0.108604	-0.051427	-0.009627	-0.077201	-0.199474	0.058122	-0.072118	-0.100632	-0.051380	-0.029334	0.057813	-0.069732	0.023269	-0.178606	-0.021841	0.161292	0.019418	0.004764	0.009528	0.044094	-0.051476	-0.014656	0.099452	0.093930	0.020562	0.081692	0.009291	0.070904	-0.007499	0.049643	0.087648	-0.006477	0.138300	-0.098821	-0.093820	-0.013902	-0.087780
0.653069	-0.125585	0.065043	0.167418	-0.096027	-0.134520	-0.102816	0.178465	-0.007914	0.042684	0.060593	-0.129230	0.140191	-0.176643	-0.259766	0.162264	-0.104498	-0.137266	-0.049904	-0.114451	0.039978	-0.107835	0.056255	-0.097439	-0.155330	-0.189804	-0.233240	0.030199	0.104981	0.036190	0.029218	-0.053475	-0.016569	0.012237	0.035715	0.143686	-0.023248	-0.026026	0.067815	-0.132976	0.033996	-0.078282	0.012930	0.024108	-0.082412	-0.055405	-0.023128	-0.032762	0.105678	0.097720
0.779694	-0.106020	0.070422	0.220446	0.036425	-0.180632	-0.158892	-0.065319	0.051144	-0.024565	-0.003282	-0.025689	0.068466	-0.032507	0.274128	0.034280	0.097213	-0.139888	0.132142	0.081261	0.062326	-0.024059	-0.007604	-0.011135	0.079744	-0.140405	-0.068630	0.075922	0.079822	-0.067637	0.086775	0.002433	-0.097033	-0.067951	0.059827	-0.080673	0.031202	-0.031842	0.052700	-0.044245	-0.099528	-0.023326	0.056363	0.094554	-0.029864	-0.051755	0.043571	-0.075718	-0.015905	-0.015327
0.783780	-0.070688	0.201876	0.149315	-0.109187	-0.015548	-0.011800	0.169337	-0.038959	-0.025777	0.082084	0.036175	0.057927	0.066720	-0.066970	0.133614	0.042198	-0.192289	0.100707	-0.081551	-0.177372	-0.054734	-0.116210	-0.013220	0.057075	-0.135239	-0.035631	0.008147	0.148556	0.066878	-0.028544	0.029570	-0.008152	-0.048872	0.019004	0.001993	0.009783	-0.150205	0.076964	-0.035307	0.052743	0.071288	0.043041	0.034842	-0.080896	-0.060941	-0.031376	-0.065127	0.078276	-0.127691
0.855676	-0.061550	0.093651	0.263123	-0.058269	-0.053711	-0.064754	0.022686	-0.031903	-0.026086	0.024587	-0.034683	0.041656	-0.119288	0.068492	-0.072481	0.004215	0.051453	0.072057	-0.034890	0.013454	0.024324	0.094691	-0.074451	-0.010008	-0.001372	-0.053297	-0.018035	-0.044464	-0.214817	0.000628	-0.048458	-0.043026	0.033174	0.071986	0.103413	0.009602	0.002142	-0.062807	0.001645	-0.017469	-0.119184	0.048130	-0.009666	-0.017370	0.003656	0.063903	-0.046672	-0.127121	-0.070690
0.775776	-0.040435	0.165947	0.304755	0.029584	-0.074998	-0.002569	-0.083970	0.187752	-0.031230	-0.008112	-0.013970	-0.019062	0.061960	-0.075288	0.062760	-0.094013	-0.154707	-0.085439	-0.155947	0.027131	-0.036220	0.104258	-0.082177	-0.065748	0.067523	-0.098834	0.036276	-0.006293	-0.123970	0.028238	-0.036167	0.007892	-0.125144	0.073014	0.008127	0.159655	-0.002299	0.010721	-0.030336	0.134740	-0.131636	-0.031844	0.049304	-0.013051	0.003419	-0.039574	-0.042093	-0.012390	-0.021780
0.747096	-0.053785	0.279754	0.027156	-0.056451	-0.024491	-0.125803	0.193552	-0.001332	-0.022256	-0.103970	0.031062	0.142851	-0.124006	0.165642	0.036157	0.076922	-0.172545	-0.055310	0.058194	-0.040145	0.105866	-0.041641	0.002080	0.110792	0.007638	-0.119497	0.055405	0.132866	0.178009	0.119697	0.013520	0.036385	-0.069207	0.088659	-0.059768	0.025493	-0.004208	-0.114562	-0.062830	0.033722	-0.115556	0.087113	-0.121512	0.025079	0.040683	-0.020275	-0.015298	0.004436	-0.027841
0.676088	-0.212806	0.347430	-0.042897	0.017685	-0.122415	0.014986	0.223815	-0.114437	0.080839	0.094228	-0.021857	0.062579	-0.088019	-0.126871	-0.110256	-0.075937	-0.093382	0.162865	-0.023285	0.093260	0.110485	-0.062453	-0.014787	0.009749	-0.111541	0.095909	-0.022596	-0.014653	-0.073093	-0.108548	0.039071	0.057763	0.050661	0.056466	-0.064338	-0.097255	0.129140	0.087043	0.000082	0.134427	-0.035299	0.006172	-0.126329	0.051796	-0.129306	0.146161	0.012691	-0.027009	-0.094599
0.573849	-0.162201	0.498962	-0.223292	0.161724	0.041608	-0.010842	0.017175	0.042697	0.078562	0.045514	-0.169060	0.124509	0.067727	-0.006731	-0.136561	-0.020258	-0.025790	0.070118	-0.095805	0.185454	0.047522	-0.150019	-0.004524	0.036686	-0.115126	0.083301	0.110791	-0.092963	-0.046838	0.067232	-0.050648	-0.067002	-0.003656	0.054433	0.022684	-0.126655	0.023929	-0.086081	-0.154533	0.077862	-0.000621	0.044296	-0.098014	0.093335	0.026469	-0.086334	0.120958	-0.091272	0.020209
0.786444	-0.143744	0.368812	-0.144562	0.108274	0.028486	-0.006595	-0.159877	-0.016354	-0.038954	-0.014152	-0.048210	-0.143038	-0.113885	-0.001474	0.011696	-0.129081	0.108489	0.010408	0.004365	0.003752	-0.033739	-0.018413	0.004778	-0.020211	0.002398	-0.023191	-0.000661	-0.027269	0.025648	0.077051	0.085224	-0.028266	0.024149	0.035845	-0.011358	-0.012414	0.035295	0.079546	-0.103611	-0.196899	-0.061234	-0.002448	-0.058514	-0.078604	0.030956	0.060930	0.006988	0.062087	0.017842
0.704157	-0.032830	0.339498	0.175012	0.003509	-0.012486	0.190042	0.251462	-0.071468	-0.033374	-0.047798	0.014048	0.084984	-0.064699	0.027884	-0.069181	-0.142310	0.013838	0.056534	-0.004123	0.061089	0.000495	-0.122303	-0.012991	0.051075	-0.065473	-0.027180	-0.028852	0.001372	0.048218	0.064282	0.012079	-0.041625	-0.018258	0.117873	0.069516	0.002534	-0.175473	-0.070525	-0.190277	-0.042160	-0.080304	0.098750	0.023331	0.075507	0.196170	-0.043554	-0.073994	0.064717	0.085918
0.350660	-0.248237	0.142423	-0.332593	0.094821	-0.042627	-0.105456	0.044761	0.005720	0.099509	-0.104277	-0.099568	0.132532	-0.019054	0.086879	0.144060	-0.051424	0.197605	-0.295665	0.047816	-0.302801	0.276135	-0.084416	-0.106123	0.014786	0.111872	-0.094438	-0.084739	0.002165	0.152910	0.079962	0.001454	-0.047970	0.084646	0.344173	0.103425	0.004620	0.068254	0.006085	0.107896	-0.019431	0.102155	-0.099146	0.032736	0.077648	-0.124954	-0.038728	-0.037954	0.022610	-0.074198
0.773300	-0.108386	0.416510	-0.009704	0.068909	0.036091	-0.060540	0.040319	0.046903	-0.086097	0.081856	0.049088	-0.031489	0.044337	0.079815	-0.142943	0.175131	-0.023576	-0.041023	-0.069845	0.066621	-0.117041	0.042832	-0.013084	0.084850	-0.024080	0.042692	-0.028321	-0.027675	-0.084143	-0.004728	-0.124581	-0.039386	-0.031986	0.023832	0.006013	-0.068108	-0.068336	0.055927	-0.013006	0.038821	-0.022274	-0.018470	0.035121	0.103570	0.008369	-0.124015	0.007996	0.033724	0.135635
0.627999	-0.257926	-0.202200	-0.069430	-0.155750	-0.191317	0.116145	0.002820	0.101904	-0.035278	0.192049	0.085464	0.055488	-0.045885	0.014002	-0.019782	0.077143	0.158346	-0.136785	-0.004881	0.016845	0.058824	-0.034567	0.083432	-0.052069	-0.095580	0.057644	-0.094098	0.114864	0.000238	-0.009246	-0.035692	0.052471	0.100605	-0.103580	-0.081288	0.004228	0.116332	0.059339	-0.171197	-0.048596	-0.212952	-0.174491	0.108084	0.140797	0.225850	0.076462	-0.025901	-0.091239	-0.071413
0.767400	-0.343201	-0.023644	-0.282721	-0.147107	-0.115498	-0.137606	0.115826	-0.037703	-0.046528	0.128211	-0.064081	-0.022014	0.055389	-0.032976	0.027176	0.000629	-0.089046	0.007456	0.016846	0.014792	-0.123695	-0.007668	-0.016488	0.044718	-0.069363	-0.043645	-0.038196	-0.032974	-0.011449	-0.111387	0.012784	-0.064791	-0.060251	0.134609	0.022932	-0.084019	0.074932	0.096446	0.053389	0.041791	-0.036851	0.001627	0.035268	-0.022363	0.012752	-0.028301	0.037583	0.072156	0.064517
0.587586	-0.225265	-0.145115	-0.288391	-0.054924	-0.141266	0.013210	-0.167482	-0.045088	-0.009601	-0.143107	-0.072681	0.082361	-0.130181	0.136553	0.160644	0.010390	-0.005782	-0.133872	-0.148229	0.126106	0.011505	0.005708	0.040251	0.001128	-0.131424	0.199841	0.097039	-0.182836	0.021653	0.114037	-0.080816	-0.224669	0.086157	0.101765	-0.110961	-0.128192	0.159112	-0.088516	0.131079	0.081717	0.018739	0.015729	0.062042	-0.059089	0.022649	-0.049864	-0.009142	0.052582	0.083191
0.844052	-0.074323	-0.070239	0.198609	-0.047473	-0.088933	0.070432	-0.128455	0.009697	-0.062161	-0.028823	-0.050421	-0.077925	0.085479	0.015964	-0.051874	-0.101931	-0.077997	0.044738	-0.201332	0.023709	0.116542	0.004268	0.008838	0.076102	-0.022866	0.077106	-0.035768	-0.022924	0.067697	-0.015954	-0.030289	0.101264	-0.002733	-0.010377	0.006186	-0.162097	-0.061368	0.056541	-0.044579	0.030519	0.012373	0.038014	0.038275	-0.039180	0.019739	0.060216	-0.121644	0.052237	0.128912
0.869143	-0.221300	-0.158674	-0.118996	-0.023680	-0.131459	0.210276	0.101765	-0.009508	0.007998	-0.079651	-0.045376	0.149046	0.030643	-0.086777	0.010073	-0.029316	0.051003	-0.027279	-0.023304	0.034348	0.033960	0.026263	-0.030151	-0.050633	0.023378	0.007557	0.041029	-0.022729	0.031016	0.025948	-0.074623	-0.044540	-0.045760	0.061583	-0.054037	-0.013495	0.026420	0.005483	0.018501	-0.004226	-0.063298	-0.029706	-0.051436	0.006907	-0.053787	-0.010399	0.017235	-0.007151	0.016694
0.717893	0.279399	-0.158160	0.142505	0.070276	-0.196722	-0.074161	-0.023778	0.450091	-0.074740	-0.178195	-0.004729	0.024112	-0.076369	-0.091617	0.018002	0.001360	-0.030402	0.037678	-0.033808	0.066230	0.061657	0.038154	-0.007401	0.016789	0.019256	-0.050989	-0.046167	0.046091	-0.049389	-0.032044	-0.025805	-0.022751	0.059557	0.029567	-0.007803	-0.044860	0.003304	0.081920	0.016016	0.075368	-0.040615	0.029251	-0.061962	0.014849	0.012616	-0.052089	0.026702	0.006616	0.042094
0.717878	0.257737	-0.072335	-0.005883	0.115348	-0.134726	0.015460	0.046763	0.227786	0.011826	-0.160014	-0.143870	-0.112309	0.079961	-0.221518	-0.170866	-0.012112	0.122183	-0.024569	0.054842	-0.061695	-0.029465	-0.138002	0.110987	0.010132	-0.005656	-0.010529	-0.005666	0.080030	0.045634	-0.149704	0.110467	0.104104	-0.040889	0.012602	-0.020813	-0.040529	-0.077686	-0.047170	0.079824	0.112950	0.046879	0.060671	0.080491	-0.161253	0.032189	0.003455	-0.012016	0.011081	-0.059659
0.542235	0.151532	-0.079130	0.028802	-0.020134	-0.168495	-0.167772	0.042756	0.500047	-0.052478	-0.203757	-0.010677	0.112231	-0.140840	-0.157593	0.141062	-0.005169	-0.060142	0.032870	-0.018422	-0.057134	0.159778	0.089116	-0.139391	-0.025212	-0.064457	-0.070558	-0.033968	-0.059434	-0.200937	0.109788	-0.105951	-0.091925	0.077358	0.042002	-0.164105	-0.074225	-0.042565	0.077334	0.078639	0.008989	-0.141907	0.043161	-0.010817	0.055253	0.113993	0.021383	0.012746	-0.063490	0.026666
0.638549	0.379393	-0.145799	-0.048644	0.153843	-0.201287	-0.116677	0.096470	0.303948	0.000762	-0.200235	-0.003646	0.089408	-0.234949	-0.044866	0.071424	-0.008177	0.097397	-0.010031	0.075122	0.031498	0.083970	-0.018537	-0.114278	0.106744	-0.008988	0.017055	0.076048	0.027808	-0.158006	-0.022153	-0.046369	-0.050907	-0.007122	-0.051422	0.080357	0.062003	-0.062684	0.117598	-0.003853	0.026384	-0.025487	-0.049293	-0.032789	-0.006485	-0.019993	-0.026120	0.063725	-0.065129	0.066898
0.740008	0.260228	0.095295	-0.053847	-0.152323	0.291543	-0.004522	-0.044434	-0.055179	-0.129597	-0.092990	-0.144533	-0.208101	0.047223	0.067750	-0.004221	0.031995	-0.068360	-0.077683	0.062501	-0.111716	-0.088327	-0.133599	-0.020918	-0.049036	-0.111688	-0.029330	0.017074	0.065300	-0.105559	0.129980	0.070103	-0.016293	-0.043817	0.121546	-0.042935	0.047199	0.015863	-0.028710	-0.081858	0.033255	-0.083787	0.038759	0.059549	-0.026706	0.038372	-0.018880	0.040479	0.096605	0.005124
0.702265	0.208077	0.030497	-0.026774	-0.216966	0.400902	-0.033700	-0.004046	0.110864	-0.141555	-0.063474	-0.101222	-0.084237	0.071298	0.067373	-0.019256	-0.029200	-0.006545	0.125340	-0.044894	-0.003229	-0.027854	-0.024688	-0.016141	-0.029550	0.017907	0.017098	0.017796	-0.120197	-0.071416	0.075002	-0.093916	0.057815	-0.073305	0.094402	-0.017240	0.154528	0.078174	-0.006395	-0.073006	-0.046192	-0.102423	0.069451	0.058598	-0.080498	0.039318	-0.124884	0.125292	0.052946	0.129907
0.758133	-0.225396	0.016792	-0.280082	0.039352	0.146767	-0.240731	-0.029036	0.010837	0.072218	0.144749	-0.044789	-0.035292	-0.136279	-0.107029	-0.010119	0.081701	-0.171573	0.148741	-0.065528	-0.125696	-0.075236	-0.056879	-0.014846	0.029265	0.005707	-0.116410	-0.008137	0.004803	0.015353	0.084481	-0.048537	0.058254	-0.059893	0.020543	-0.007246	0.071245	0.039205	-0.114266	-0.030040	0.003645	-0.064371	0.023349	-0.056488	-0.014785	-0.003404	0.048474	-0.055122	0.015409	-0.025951
0.683973	0.093999	-0.046122	0.166367	0.033191	-0.098859	-0.354715	-0.241329	-0.138456	-0.207123	-0.181487	0.174161	0.281731	0.154231	-0.027128	-0.128127	0.053144	-0.040708	-0.010671	0.033514	-0.067755	-0.036134	0.014320	-0.011826	-0.008428	-0.021954	-0.069796	-0.026786	0.058568	0.019132	0.040697	-0.027927	0.005775	-0.029190	0.054497	0.035235	-0.041232	0.022055	0.023635	0.055500	0.046476	-0.045123	0.022585	-0.063891	-0.028661	-0.007953	-0.080862	-0.016396	-0.034712	0.003128
0.675806	0.211048	0.299206	-0.063645	0.167390	0.156779	0.258626	-0.009533	-0.012110	0.050757	0.091577	0.284629	-0.018688	-0.118309	-0.098830	-0.087795	0.007084	-0.148169	0.113049	-0.002087	-0.095585	0.099686	-0.006004	0.020944	0.076363	0.076822	0.101896	-0.057947	0.055255	0.032578	-0.067972	-0.024161	-0.069954	-0.029226	0.012943	-0.008510	0.013982	0.069049	-0.120877	-0.083168	0.039283	-0.130365	0.024763	0.017070	0.001423	-0.104026	0.065983	0.067608	-0.009136	0.027694
0.676815	-0.149466	0.362791	-0.212883	-0.062828	0.024413	-0.132108	-0.062439	-0.003022	0.123238	0.019589	-0.011641	-0.093088	-0.155636	-0.024139	-0.173987	0.077356	-0.024484	-0.106755	-0.118599	0.030521	-0.040020	-0.020143	-0.031553	0.105518	-0.129541	0.039052	0.036973	-0.189863	-0.067364	0.132157	-0.080447	-0.113332	0.055358	0.098297	-0.050753	-0.091587	0.043313	0.018369	-0.005567	-0.014332	-0.090648	-0.087891	0.059478	0.065766	0.003302	-0.064742	-0.180948	0.051253	-0.060175
0.791014	-0.010200	0.034959	0.377856	-0.144957	-0.039027	0.020233	0.132755	-0.009495	-0.085112	0.097688	0.017610	0.060906	-0.210853	-0.028642	0.113958	0.069613	-0.078043	-0.034511	-0.060244	-0.037457	-0.031602	-0.032231	0.028195	0.022476	0.014973	0.002764	-0.046993	0.068202	-0.073978	-0.042848	-0.081234	-0.017552	-0.097482	-0.088396	0.045210	0.023290	0.049978	-0.026269	0.047320	0.053087	0.069351	-0.012684	0.089100	0.029868	0.008452	-0.116521	-0.097601	0.046936	-0.036486
0.772023	0.053941	0.270477	0.218724	-0.039234	0.145798	0.106766	-0.041796	0.010938	-0.121095	0.099815	0.115071	-0.095662	0.151205	-0.038551	0.112035	0.087236	-0.103992	0.003857	0.015387	-0.089757	-0.047149	0.014000	0.043264	0.086216	0.003866	0.070368	-0.067583	-0.043006	-0.060638	0.041363	0.124703	-0.067945	-0.110237	0.050416	0.049201	-0.087283	0.028270	0.151250	-0.061214	-0.026746	-0.022775	0.028399	0.003789	-0.008917	0.014505	-0.078783	-0.112737	0.060470	-0.087304
0.362504	-0.056901	0.248558	-0.165149	-0.088567	0.147055	-0.194307	0.158284	-0.076073	-0.013792	-0.040067	-0.029688	-0.106671	-0.072674	-0.015674	-0.224514	0.099999	0.024158	-0.073190	0.065490	-0.217259	0.016524	0.003701	-0.150025	-0.101707	-0.215530	0.073461	-0.066052	0.276936	-0.242613	0.096614	-0.124971	0.028871	0.296746	0.179792	0.139992	-0.034779	-0.038216	-0.161757	0.082297	0.149864	-0.116719	0.041008	-0.042056	-0.010922	0.014257	-0.008535	0.093767	-0.183856	-0.178908
0.331131	0.057000	0.220330	-0.022723	-0.183569	0.174588	-0.041300	0.062253	-0.009692	-0.019469	0.134541	0.157180	0.053417	-0.183114	-0.054370	0.016452	0.199874	-0.099403	-0.141898	-0.026793	0.050327	-0.167386	-0.176404	0.126796	-0.008977	0.091551	0.164572	0.067054	0.164849	-0.016003	0.274572	0.226737	-0.253544	0.051950	-0.052751	-0.003208	0.199344	-0.131774	0.138825	0.311105	0.075734	-0.000174	-0.039553	0.017946	0.046544	-0.044837	0.212532	0.034358	0.009578	0.203737
0.578830	-0.029684	0.169163	0.123413	0.048475	0.224611	0.044055	0.060807	-0.040173	-0.017502	-0.093069	-0.022384	-0.275424	-0.006038	0.173686	-0.223112	0.124756	-0.092344	-0.087622	0.087690	-0.120364	-0.314269	0.046602	-0.057142	0.029835	0.007635	-0.028617	-0.147931	-0.029812	-0.029941	0.054145	-0.110183	-0.105258	0.021527	0.080879	0.012819	-0.046506	0.001881	0.213873	-0.003495	0.032886	-0.079934	-0.140680	-0.136674	0.215692	0.057413	-0.069750	0.025929	0.168200	-0.021248
0.668611	-0.018095	-0.077263	-0.007821	-0.259900	-0.002267	0.141430	0.224832	0.200236	-0.196474	-0.143798	0.014639	-0.061276	-0.111965	-0.012048	-0.011727	0.129132	0.166968	-0.007930	0.177158	-0.025548	-0.113922	-0.227661	-0.018254	-0.014416	-0.070404	-0.038948	-0.030741	0.089238	-0.154029	0.084184	0.089030	0.156857	-0.101168	0.005524	-0.008111	-0.004423	0.036186	-0.171360	-0.062618	0.091100	-0.043481	0.015210	-0.078836	-0.022885	0.055811	0.034720	-0.048712	-0.005985	-0.052651
0.750639	-0.053498	-0.027248	-0.134303	-0.193854	0.030732	0.137549	0.055268	0.200544	-0.095256	-0.194615	-0.110741	0.005831	-0.066073	-0.154023	-0.028488	0.050892	0.178530	0.034873	0.085307	-0.013948	0.106551	-0.272242	-0.001693	0.005104	-0.015402	-0.008754	-0.024143	0.050302	0.015458	0.099695	0.115371	0.059371	-0.092624	0.076060	0.037262	-0.017686	-0.018298	-0.167207	-0.001337	0.060048	0.060702	0.017478	-0.080669	-0.063068	0.048626	-0.027808	-0.035821	-0.004317	0.008171
0.798545	-0.184600	-0.070163	-0.224077	-0.240880	0.047813	-0.025096	0.001458	0.022805	-0.056980	0.113287	0.027526	-0.068244	0.024907	0.115868	0.028740	0.020469	-0.084470	-0.120275	0.006332	-0.073158	0.016498	-0.090738	-0.014105	0.025402	0.011736	0.041495	-0.159780	0.015822	0.008629	0.060349	0.124662	0.140219	0.076850	0.103082	-0.105255	-0.088235	0.028712	0.001854	0.048879	0.119310	0.010934	0.020000	-0.001659	-0.017515	0.064772	-0.041730	0.065763	0.022813	-0.086650
0.815447	-0.105688	-0.176448	0.126626	-0.253355	-0.045297	0.173957	-0.011885	0.059644	-0.115636	0.192500	0.129063	-0.057606	-0.114451	0.036894	-0.039026	0.041818	0.010288	0.028688	-0.008796	-0.016356	0.063642	-0.098482	0.072808	0.043630	-0.010260	0.081812	-0.117741	-0.009273	0.037189	-0.102508	0.025176	0.042507	-0.060556	-0.059217	0.051068	-0.012055	-0.055504	0.052343	0.010377	0.008989	0.033329	-0.056731	0.000426	0.011561	0.060215	-0.005127	-0.005195	0.056638	0.061489
0.794803	-0.096546	-0.085570	-0.189421	-0.173023	0.035030	-0.085312	0.052776	-0.133673	0.060611	-0.170048	0.077384	0.042297	-0.136214	0.015611	-0.075886	-0.020547	-0.190675	-0.030296	-0.112539	-0.055474	-0.034211	0.019485	-0.041977	0.008586	0.053053	-0.106310	-0.044051	-0.092859	-0.139675	-0.121560	-0.082612	-0.104375	-0.028196	0.052342	0.029762	-0.027272	-0.010591	0.105427	-0.019334	-0.019959	0.078510	-0.116537	0.010372	-0.008861	0.100545	0.029057	0.014152	-0.081249	-0.058191
0.658500	0.321081	0.006206	0.046929	-0.115258	-0.011489	0.036146	-0.098230	0.007847	0.226515	0.180528	0.095063	0.006773	-0.034530	-0.013231	0.080312	0.040535	-0.063860	-0.041502	0.190379	-0.069280	-0.006952	-0.240853	0.194205	-0.014755	0.021925	0.102246	0.088592	-0.079427	0.011816	-0.048938	-0.065911	0.073616	0.102385	0.013248	0.004090	0.001933	0.004409	-0.001435	0.036128	-0.123742	-0.141251	0.157749	-0.036367	-0.181660	-0.152124	-0.009484	-0.066985	-0.136346	-0.033983
0.573476	0.144491	0.079735	-0.064023	-0.208064	0.248257	-0.147803	0.032570	-0.015898	0.014241	0.047489	-0.056405	-0.067239	0.007465	0.160171	-0.135138	0.136198	-0.142753	-0.013613	0.087649	-0.039348	0.190706	0.104651	-0.009446	-0.240241	0.011325	0.030926	0.078853	-0.131250	-0.017907	-0.017727	0.336314	-0.026034	0.004616	-0.130137	0.152646	0.027959	0.225264	0.045626	0.005225	0.040825	0.057752	0.082416	0.112805	-0.023406	-0.120077	0.040285	-0.009140	0.173411	-0.001330
0.515950	0.251459	0.153273	-0.167748	-0.282619	0.394710	0.084347	0.016500	0.218185	-0.141553	-0.017520	-0.071629	0.023719	-0.080411	0.000956	-0.048896	0.152830	0.096951	-0.029874	0.174572	0.052842	0.062528	-0.064869	-0.002276	-0.119778	0.088088	0.010190	0.008661	-0.076591	-0.173641	0.137141	0.148338	0.058457	-0.115576	-0.176427	-0.064652	0.000722	0.143417	0.030239	0.007080	0.041262	-0.033900	-0.101211	-0.084930	-0.024252	-0.085050	-0.050338	-0.107067	0.051424	-0.028904
0.643140	0.302246	-0.035638	-0.233387	0.207756	-0.013161	0.286459	-0.072255	0.072010	0.047992	0.163391	0.235068	0.023590	-0.094377	-0.092194	-0.093259	0.224033	-0.187491	-0.130081	0.071098	-0.092800	0.014868	-0.096738	0.057098	-0.043922	0.033069	-0.035761	0.018613	-0.086720	-0.019730	-0.003610	-0.081352	0.023935	-0.005227	-0.001779	0.005050	-0.030411	0.091338	-0.069094	-0.036626	-0.051710	0.006428	0.110348	-0.021231	-0.034957	0.050379	0.063242	-0.060036	-0.037024	0.022623
0.706924	0.292835	0.073392	-0.204279	0.016305	0.020549	0.305272	-0.032156	0.071793	0.114192	0.164328	0.293635	0.017305	0.009196	0.043398	-0.006258	-0.042818	-0.091434	-0.097158	0.096353	-0.004546	0.055545	-0.027761	-0.060320	0.135565	-0.092843	0.025150	-0.070365	-0.008090	-0.082953	-0.039994	-0.043434	-0.021298	0.048791	-0.025206	-0.005428	0.048953	0.038670	0.088964	0.071971	-0.034845	-0.034394	-0.066246	0.063231	0.043408	0.090860	0.003277	0.109174	0.047722	0.060728
0.628358	0.312794	-0.055748	-0.004175	-0.002882	-0.078909	0.004430	0.006831	0.062174	0.005027	0.082725	0.008121	-0.004228	0.052616	-0.059998	0.082109	-0.177870	-0.072473	-0.093620	0.187030	-0.165677	-0.060729	0.230101	0.232519	0.081491	-0.052369	0.079450	-0.009568	-0.167088	-0.076039	0.262136	0.077573	-0.019368	-0.059876	-0.043127	0.056403	-0.083577	-0.034187	0.032640	-0.052761	-0.021909	0.120097	-0.008816	-0.175502	0.078295	-0.184221	-0.004912	-0.069992	-0.137441	-0.017320
0.536105	0.206071	-0.041971	-0.116009	-0.138415	0.223711	0.026152	0.004328	0.104749	-0.084976	0.061312	0.049837	-0.056318	0.009504	0.040385	0.064096	-0.098101	-0.121219	-0.067947	0.086051	-0.071225	0.024700	0.195096	0.220632	0.120514	-0.142755	0.051001	-0.297819	-0.188949	-0.098148	0.250704	0.245122	0.019214	-0.008154	-0.004840	0.158192	-0.033778	-0.039427	-0.006842	0.118461	0.052878	0.002222	-0.065537	-0.164003	0.056445	-0.063172	-0.155653	0.093778	-0.099155	-0.045192
0.528863	0.457628	-0.051770	-0.209217	0.139680	-0.128561	-0.030985	0.007284	-0.226095	-0.127605	0.102838	0.125186	-0.195019	-0.071381	0.062814	0.001004	0.159445	0.035212	-0.005230	-0.162207	0.125984	0.167814	-0.004323	0.199380	-0.156019	-0.031490	-0.182800	-0.154767	-0.064084	-0.049688	0.023240	-0.001058	0.107158	0.001934	0.005344	0.043519	-0.011430	0.010486	-0.036487	0.019748	-0.128365	0.058547	-0.019573	-0.085968	-0.060781	-0.065840	0.071904	0.012441	0.013681	0.058632
0.657564	0.060902	0.027182	0.212452	-0.066860	0.011630	-0.255648	-0.289826	-0.231385	-0.232381	-0.139281	0.185924	0.335148	0.139382	-0.119218	-0.133569	-0.060148	0.039914	-0.026284	0.044474	-0.011620	-0.068350	-0.014889	-0.043503	0.016483	0.004748	-0.023917	-0.067483	0.037187	-0.004646	-0.003614	0.041598	0.026507	-0.028754	0.059244	0.002286	0.006598	-0.020557	0.010730	0.037000	-0.018005	-0.033874	-0.043853	0.024351	-0.028466	0.039379	-0.020556	-0.015019	-0.003111	-0.037197
0.716928	0.058940	0.134012	-0.204200	-0.247784	0.164204	-0.120985	0.035135	0.002580	0.052478	-0.227891	-0.109365	-0.184671	-0.017236	-0.036421	0.042659	0.130827	0.043112	-0.013299	-0.090220	-0.090983	-0.073180	-0.133357	0.076436	-0.010165	0.018927	0.012791	-0.046930	-0.033275	-0.078777	-0.008361	0.016348	-0.036810	-0.096213	0.099864	-0.088075	-0.066801	-0.047207	-0.025716	-0.139786	-0.015514	-0.053470	-0.034626	0.192385	-0.034608	0.008092	0.064246	-0.064833	-0.171598	-0.061939
0.698670	0.123872	0.027610	0.250461	-0.243990	0.159286	-0.056494	-0.174598	-0.016758	-0.073501	0.167030	-0.035507	0.238566	-0.094333	0.039384	-0.021104	0.183281	-0.005225	-0.117249	0.067975	-0.060502	0.056919	-0.087384	-0.056640	0.029088	0.006579	0.087263	-0.053434	-0.134466	-0.088664	0.016800	0.087579	-0.016740	-0.090020	-0.074443	-0.011416	-0.092846	-0.125727	0.000813	0.087764	-0.062945	-0.043311	-0.007502	-0.054330	-0.149678	0.001546	0.009752	0.130179	-0.003683	0.048079
0.697474	0.438326	-0.142938	0.026128	0.131547	-0.309949	-0.079448	0.070496	-0.130763	0.035312	0.156812	0.082291	-0.101232	0.011329	0.078253	-0.077792	0.019501	-0.018911	-0.044188	0.025574	-0.056812	0.080217	-0.009432	0.149145	-0.071115	0.046016	-0.023043	-0.063377	0.036767	0.027497	0.006674	0.002486	0.116293	-0.060827	0.039418	-0.019572	0.009198	0.016175	-0.056597	-0.009351	0.100717	-0.029147	0.039445	-0.042335	0.076894	-0.014572	0.019956	-0.016466	0.101055	0.002473
0.586633	0.537830	-0.119354	-0.090886	0.227294	-0.305113	-0.084197	0.040337	-0.168836	-0.028024	0.150729	0.052758	-0.110353	0.083690	0.064513	-0.060357	0.047908	0.038146	-0.015205	0.013698	-0.032584	0.073817	-0.040398	0.145862	-0.088919	0.035661	-0.095362	-0.043612	0.007662	-0.009857	-0.013531	-0.015825	0.043169	-0.062382	0.080765	-0.042094	0.046596	-0.025698	-0.098055	-0.012188	0.079656	-0.055557	0.021533	-0.027937	0.070410	-0.025604	-0.003409	-0.039681	0.098291	0.017587
0.574077	0.559989	-0.105796	-0.181437	0.221322	-0.258695	-0.082230	0.062129	-0.239020	-0.070921	0.108776	0.037049	-0.141878	-0.065348	0.087223	-0.023590	0.053823	0.094975	-0.008881	-0.041910	0.039388	0.082738	-0.016375	-0.031782	-0.090677	0.078533	0.020557	-0.082436	-0.053280	-0.023083	-0.016233	0.012459	0.049720	-0.019860	-0.003284	-0.002172	0.017546	-0.041066	-0.011369	0.000355	0.093580	-0.020293	-0.050932	-0.045539	0.075208	-0.009469	-0.047805	-0.002685	0.031137	-0.040026
0.652438	0.506702	-0.153029	-0.059779	0.177744	-0.320652	-0.037402	0.111805	-0.135974	0.079824	0.141523	0.063093	-0.018187	0.081853	-0.002892	-0.055080	-0.065541	-0.010696	-0.044196	0.034361	0.011866	0.094505	-0.044170	0.092624	-0.036096	0.038622	0.104604	-0.048180	0.027951	-0.017412	0.062252	0.008210	0.072789	0.006191	0.094385	-0.010621	0.029170	0.042369	-0.035617	-0.044006	0.055055	-0.036226	0.019311	-0.019320	0.047314	-0.030137	0.009465	-0.028180	0.073987	-0.017288
0.651490	0.517872	-0.024597	-0.147078	0.029851	-0.091444	-0.031276	0.083380	-0.147373	0.173561	0.012294	-0.013770	-0.139323	0.118255	0.006179	-0.062477	-0.091751	-0.019939	0.016774	-0.028012	0.028255	-0.049268	0.062715	-0.148852	0.151932	0.013145	-0.037441	0.062768	0.092779	-0.020038	-0.101524	0.032401	-0.127881	0.032226	0.084887	0.051844	0.083269	0.115700	0.094149	-0.028228	-0.076855	-0.073200	0.026391	0.073326	0.008206	-0.024187	-0.003435	0.110099	0.047461	-0.024986
0.859546	-0.167445	-0.140050	0.138904	-0.060300	-0.093815	-0.037134	-0.117364	0.010023	-0.127736	0.072712	-0.092488	-0.157769	0.041500	0.093963	-0.077760	-0.007052	0.087596	-0.005534	-0.002551	0.006689	-0.038113	0.084399	0.010344	0.067643	0.035552	0.101539	-0.011604	0.012456	-0.061233	-0.076180	0.045826	-0.047881	-0.052904	0.007817	0.063985	0.011566	-0.002534	0.028678	0.039506	-0.076497	-0.081540	0.058005	0.092877	0.036999	-0.050629	0.033836	0.078806	0.052500	-0.003358
0.878284	0.239863	-0.022312	0.043385	-0.080433	0.051959	0.054149	-0.026304	-0.028797	0.034164	-0.041036	-0.061230	0.126999	0.055705	0.013808	-0.004885	-0.004564	0.035173	0.136714	-0.093958	0.105123	-0.032405	-0.003670	-0.022728	0.159007	-0.014944	0.036033	-0.019611	0.056125	0.075697	0.022461	0.065418	0.000906	-0.053253	-0.052249	0.039389	0.011451	-0.051988	-0.028179	-0.012045	0.025942	0.123453	-0.057007	0.044343	-0.026287	-0.045014	0.064943	0.082051	0.031827	0.008452
0.756669	-0.002553	0.033115	0.159412	-0.090098	-0.003306	-0.273177	-0.299333	-0.202061	-0.189602	-0.059448	0.030381	0.208972	0.140555	-0.111877	-0.122463	-0.063530	0.009673	-0.004821	0.056375	0.034837	-0.051088	0.001588	-0.057466	0.105858	0.020617	-0.011525	-0.015222	0.015108	0.019931	0.020573	0.016539	0.032926	-0.057672	0.024494	-0.003002	0.001222	-0.075391	0.011156	0.022913	0.010188	-0.016171	0.006116	-0.003735	-0.021378	0.013957	-0.033758	-0.110606	-0.040875	-0.034142
0.566061	0.094269	0.007049	0.177923	-0.063862	-0.065405	-0.328578	-0.252877	-0.222499	-0.157138	-0.215207	0.225884	0.351916	0.186107	-0.076126	-0.234469	-0.044767	-0.018308	-0.033569	0.113075	-0.072381	-0.094769	-0.060949	-0.025424	0.040478	0.016899	-0.002138	-0.000592	-0.039563	0.075393	-0.028045	-0.031390	0.049128	-0.042896	-0.007922	-0.009357	0.025011	0.057207	0.018900	-0.025620	0.014874	-0.047776	-0.005221	0.002756	0.075158	-0.011541	0.025960	-0.029439	-0.054354	-0.003715
0.783315	-0.036130	-0.051078	0.177836	-0.029369	0.036297	0.036181	0.145717	-0.098066	-0.013183	-0.074572	0.060530	0.007100	0.023854	-0.157683	0.019884	-0.110233	0.069396	0.140599	-0.196734	0.051249	0.068226	-0.059252	0.064811	0.120914	0.027301	-0.025442	0.033736	0.077634	0.134034	0.025205	-0.067613	-0.056460	-0.224100	-0.043284	0.074146	-0.004867	-0.063944	0.045585	0.205109	0.000401	-0.010519	-0.123324	-0.030969	0.011488	-0.094853	0.007131	-0.003090	-0.041854	-0.090662
0.513699	0.074413	-0.102023	0.103046	-0.036371	-0.167969	-0.060660	0.037685	-0.026261	0.302824	-0.089153	0.116692	0.093890	0.015460	0.167636	0.185528	0.060467	0.060581	0.070334	0.063238	0.041001	-0.066520	0.224973	0.036771	-0.035596	0.047816	0.096107	0.098385	-0.043910	0.024390	0.112583	0.080365	0.035751	-0.198151	0.072218	-0.092867	-0.188511	0.080653	-0.073223	0.232085	0.060014	-0.019930	0.003719	-0.063664	0.047217	0.179190	0.094864	0.179799	0.352910	0.083574
0.875839	-0.098407	0.204626	0.155852	0.035551	-0.118184	0.020132	0.191217	-0.043020	-0.009035	-0.095117	-0.098361	0.058969	-0.019657	-0.001646	0.029283	-0.010567	0.047908	0.056929	0.030938	-0.083217	0.006498	-0.001185	-0.006331	-0.069300	-0.025294	-0.019346	-0.044348	0.034365	0.089076	-0.001333	0.058854	-0.048523	0.017086	-0.024469	0.057543	0.043403	0.000826	0.023588	-0.116301	-0.083628	0.085312	0.005726	0.033897	0.033696	-0.064568	0.013720	0.027161	-0.025765	0.025159
0.766288	-0.052460	0.240562	0.290488	0.011674	-0.051874	0.096836	0.223060	-0.029719	0.055685	0.039971	-0.003289	0.053125	-0.068020	-0.137378	-0.020364	-0.119331	-0.016604	-0.046379	-0.037253	-0.067144	-0.000094	0.039052	-0.020841	-0.047784	-0.089092	-0.063296	-0.024964	-0.004247	-0.067203	0.040050	0.119563	0.141276	0.006029	-0.055404	0.111579	0.014809	0.147061	0.049189	0.079131	-0.019813	-0.079953	0.136360	0.130307	0.010558	0.039336	0.003692	-0.017427	0.040225	-0.041306
0.850534	-0.132833	0.002862	-0.210929	-0.095166	-0.048618	-0.162683	0.056900	0.001816	0.011071	-0.038776	-0.109455	-0.103469	0.097184	0.050714	-0.132293	-0.013494	0.055529	0.092313	-0.001625	-0.026040	-0.014008	0.105131	0.014145	-0.000024	-0.012658	0.042485	0.010918	-0.035946	-0.052595	-0.044243	-0.012937	0.044846	0.092917	-0.146875	-0.020625	0.129401	-0.001520	0.013688	-0.017595	-0.017534	0.035752	-0.000707	0.075545	-0.067560	0.051086	0.096119	-0.066002	-0.096734	0.000601
0.811689	-0.229608	-0.133340	-0.014643	0.030249	-0.171293	-0.101404	0.126733	0.038418	-0.037507	-0.044354	-0.037569	0.055424	-0.071897	0.157685	-0.066828	0.030462	-0.023869	-0.068128	0.106921	-0.092372	0.079029	0.175287	0.006966	-0.103626	-0.026094	-0.018720	-0.089036	0.116962	0.000620	-0.034912	0.082921	-0.024303	0.071097	-0.033116	0.200377	0.022416	0.032220	0.059146	0.055956	-0.035761	-0.037259	0.013192	-0.010247	-0.017242	0.066679	-0.035392	0.033471	-0.000184	0.017106
0.800152	-0.260938	-0.089781	-0.274724	-0.107812	-0.137333	-0.058792	0.022122	0.122100	-0.020268	0.024902	-0.012705	0.039901	0.126998	0.062222	-0.017387	-0.113892	-0.062004	-0.009999	0.030519	0.039482	0.080038	-0.025300	-0.013813	-0.075858	-0.003989	-0.032336	-0.005115	0.085635	-0.085459	0.060265	-0.036243	0.071606	0.145347	-0.041415	-0.058646	0.103258	-0.083409	0.037104	0.000049	-0.005940	-0.043080	0.042371	0.038256	-0.092708	0.017499	0.052316	-0.015975	-0.123085	0.006657
0.876557	-0.119336	-0.070133	-0.010386	-0.069900	-0.013376	0.029489	0.052496	0.022851	-0.091950	-0.120074	-0.083538	-0.120040	0.166819	-0.003135	-0.066767	-0.128000	0.013901	-0.043102	-0.047271	-0.110247	-0.019002	0.082212	-0.029491	0.066552	-0.012410	-0.066961	-0.085282	0.063268	-0.014657	0.017075	0.081803	0.078817	0.088683	0.000510	-0.097890	0.024537	-0.031873	0.023306	0.107340	0.032082	-0.007283	0.065765	0.046296	0.016631	0.057898	0.041535	-0.017525	-0.071216	-0.051284
0.817611	-0.192265	-0.111870	-0.053163	-0.136142	-0.163739	-0.015332	-0.033100	0.058030	-0.068453	0.055534	0.080574	-0.063207	0.095965	0.019973	-0.067509	0.017048	0.128233	0.058447	-0.097081	0.087015	0.037914	0.093813	0.165003	-0.010800	-0.089293	0.022135	0.052770	-0.027653	0.094873	-0.060495	-0.037314	-0.005826	0.057554	-0.081842	-0.001988	0.146207	0.052585	-0.048868	-0.051713	0.100522	-0.154058	0.010107	-0.001321	0.082799	0.015524	-0.076600	-0.004544	-0.087520	0.045897
0.708106	-0.093863	-0.124640	-0.028728	0.192406	0.093150	-0.022450	-0.186418	-0.050157	-0.045809	-0.202524	-0.231161	0.078194	-0.093659	-0.009847	0.014749	0.002323	-0.104000	0.022367	-0.091312	0.093321	-0.018076	0.131378	0.030234	-0.069878	-0.005934	0.245952	-0.110049	0.181704	0.015972	-0.072005	0.093150	0.103121	-0.013240	0.232503	0.079220	0.111708	-0.054777	-0.013483	-0.013232	-0.059543	-0.043730	0.017561	0.021806	0.065112	-0.074066	-0.041701	-0.012455	-0.015453	-0.039918
0.695990	0.091039	-0.166052	-0.105512	0.264467	0.043909	0.095729	-0.091832	-0.033028	-0.040243	-0.148801	-0.131629	0.128417	-0.110911	0.058407	0.073122	-0.077543	-0.088553	0.009037	-0.129127	0.086458	-0.100568	0.193350	-0.066838	-0.039719	-0.143222	0.190575	0.034830	0.133521	-0.053298	-0.185883	0.033289	0.128602	-0.034008	0.188624	-0.048067	0.135557	-0.028414	0.002892	-0.020723	-0.068233	0.038288	-0.051815	-0.022262	0.020661	0.031770	0.017568	-0.062641	-0.055800	0.010701
0.726595	0.286800	0.099881	-0.024397	-0.138348	0.220605	0.044779	0.032281	0.137085	0.013220	0.138018	-0.230389	0.235877	0.123122	0.001016	-0.078388	0.057086	0.099018	-0.030460	0.004192	-0.045334	0.102134	0.006040	0.091395	-0.001450	0.009958	-0.037846	0.010656	0.016120	-0.052994	0.139771	0.016740	0.018936	-0.083626	-0.023080	-0.104005	-0.058653	0.065519	-0.025516	-0.048678	-0.115081	-0.066923	0.016196	0.082376	-0.078185	-0.039810	-0.000697	-0.090662	0.074002	0.072846
0.507918	0.251594	-0.247853	-0.144701	0.283968	0.280557	0.153168	-0.101857	0.000020	0.048730	-0.029685	-0.141902	0.274268	-0.236682	-0.042045	-0.098200	0.090470	-0.014827	0.036897	-0.009963	-0.072248	-0.043011	0.255964	0.055005	0.160647	0.022193	-0.071510	-0.145283	-0.009062	-0.060721	0.069020	-0.114950	-0.051545	0.006649	-0.060393	0.111576	0.110797	-0.014097	0.011543	0.029492	-0.079203	-0.106797	-0.011702	0.042710	-0.090073	0.048289	0.019384	0.032949	0.095958	0.065928
0.665214	-0.110776	0.065694	-0.244602	-0.072133	-0.066416	-0.196769	0.110080	-0.128110	0.179272	-0.228808	-0.195465	0.026102	0.025696	-0.036538	0.109360	0.007135	-0.025361	0.034191	-0.047156	0.051477	0.050910	0.009238	0.036883	0.094308	-0.009355	0.074577	-0.056472	-0.090243	-0.140771	0.023556	-0.026155	0.055975	0.100838	0.041369	-0.025248	0.334557	0.041888	-0.042913	-0.008125	0.061684	0.123055	0.105843	-0.072803	-0.052611	0.007322	-0.102893	0.032530	0.167370	0.000116
0.851693	0.338884	0.006429	-0.161728	0.110158	-0.038492	-0.021689	0.020589	0.049609	0.009716	-0.076171	-0.029460	0.049117	0.004343	-0.017713	0.004387	-0.123065	0.020328	-0.040656	0.004634	-0.005599	-0.014058	0.038936	-0.040216	-0.057086	-0.029479	0.053576	-0.035574	0.045714	-0.082754	0.032583	-0.104102	0.014523	0.105672	0.078849	0.010949	-0.017045	-0.059471	0.010719	-0.023812	0.034301	-0.078369	-0.013468	0.033492	0.037715	-0.075963	-0.032740	0.015380	0.075826	0.110851
0.824715	-0.047206	0.114752	0.188998	-0.100109	-0.045218	-0.095816	0.178973	-0.052118	-0.017684	-0.032357	0.095011	0.043055	-0.214119	0.069324	0.046705	0.066745	-0.036653	0.085575	-0.018526	-0.095117	0.089860	-0.002502	0.009525	-0.042918	-0.071008	0.149283	-0.073449	-0.016048	-0.120244	0.075852	-0.124928	-0.027680	-0.031597	-0.059006	0.011952	0.039250	0.036155	0.007385	-0.023031	0.032620	-0.029899	-0.015605	-0.029003	0.009324	-0.045957	-0.056750	0.020952	-0.152171	0.073861
0.888353	-0.066542	0.064824	0.304688	-0.033869	-0.066474	0.033466	0.118002	-0.011636	-0.035005	0.045688	-0.091907	0.038806	-0.019248	-0.054037	-0.005221	-0.002274	-0.039105	0.046590	-0.071694	-0.021165	0.005721	0.010230	-0.027068	-0.002159	0.014928	0.007476	-0.042680	-0.013824	-0.059191	-0.031264	0.082712	-0.064011	-0.054340	0.031741	0.096480	-0.028859	-0.000466	0.029751	-0.085273	0.013268	-0.015499	0.025386	0.079725	0.093047	-0.052216	-0.035727	-0.031618	0.003656	0.028410
0.799681	-0.000579	0.094868	0.084168	0.119186	0.109697	0.186368	-0.123231	0.007368	-0.086065	-0.200802	-0.135813	-0.063940	0.088039	0.092364	0.070418	-0.191898	0.052422	0.093933	0.107698	0.092495	0.003052	-0.115928	0.080179	-0.093656	-0.080731	0.093964	0.029767	0.002520	-0.026282	-0.009186	0.022657	0.078695	-0.061710	-0.072294	0.067010	0.003915	0.051488	0.041060	0.104978	0.032657	-0.070482	0.075102	0.011298	0.049709	0.012467	-0.070332	0.077102	-0.037476	0.012980
0.820811	-0.043674	0.284931	0.231937	0.015742	-0.090101	0.067515	0.119076	0.008738	0.072488	-0.054356	0.062539	0.047299	0.005208	0.046768	-0.022018	0.155195	0.077130	0.062606	0.015808	-0.005315	-0.018268	0.016397	0.089185	-0.033956	-0.023230	0.112270	-0.077490	0.068348	-0.133438	0.025281	-0.094478	-0.043333	0.083080	-0.062293	0.028383	0.022146	-0.061910	0.008652	-0.105765	0.012425	0.045004	0.027098	0.074823	0.050288	-0.042641	-0.017764	-0.015446	-0.065655	-0.056894
0.850296	-0.078575	0.019886	0.287855	0.044544	-0.095979	0.017907	0.087752	-0.095772	-0.048009	-0.022504	-0.153717	0.001700	-0.027474	0.024891	-0.054961	-0.044517	-0.101716	0.008055	-0.024033	0.149135	-0.027963	-0.108092	0.060751	0.025957	0.003879	0.051267	-0.022930	0.006758	-0.025311	0.065820	-0.028790	0.022186	0.013113	-0.074264	0.046623	0.028467	-0.028899	-0.048336	-0.006438	-0.014004	0.088166	0.047252	0.121307	0.052642	-0.009929	-0.016683	-0.117921	-0.008139	0.113431
0.674270	-0.051196	-0.022878	0.332759	-0.121239	-0.120965	0.125221	0.284672	-0.170598	0.043929	0.049115	-0.090856	0.039279	-0.075151	-0.215000	0.018082	-0.013247	0.056879	0.064660	-0.006920	-0.060453	-0.097219	-0.040865	0.074008	-0.120587	-0.053214	-0.010011	-0.028296	-0.045428	-0.130737	-0.101086	-0.051438	-0.205018	-0.056734	0.039879	0.030692	-0.038637	-0.137684	0.020954	-0.071127	-0.023835	0.075208	-0.050051	0.088309	0.048709	0.106545	-0.052360	-0.119952	-0.006660	0.103197
0.753756	-0.041173	-0.022753	0.415125	-0.073560	-0.094206	0.000407	0.077199	-0.076621	-0.004837	0.055617	-0.042109	0.006169	-0.012975	-0.185737	0.026384	0.012479	-0.113095	-0.088987	-0.071716	0.049810	-0.148368	-0.021442	0.010312	-0.171132	0.060987	0.032305	-0.075329	0.058936	-0.051599	0.073187	-0.025426	-0.042082	0.013690	-0.002084	0.043034	0.128473	0.075423	-0.074720	-0.018869	0.031053	0.046214	-0.168678	0.035375	-0.032268	-0.055008	-0.090535	0.063711	-0.076076	0.033347
0.685614	-0.166479	0.389658	-0.044042	-0.033033	-0.083507	0.019638	0.071016	-0.049285	0.236365	-0.023566	0.046243	-0.008233	-0.124103	-0.095941	-0.194266	-0.016120	0.147297	-0.055377	-0.124380	-0.064172	0.081361	0.070446	0.063835	0.077072	0.089358	0.020711	0.054097	-0.021393	0.040051	0.003255	0.051923	-0.003633	-0.086318	-0.011813	-0.156004	0.102022	0.029276	-0.020746	-0.095616	0.039154	-0.060187	0.135744	-0.026935	0.052794	-0.033528	-0.169315	-0.032111	-0.135143	-0.016436
0.706537	-0.009305	0.114583	0.270731	-0.139384	-0.145747	0.029818	0.198045	-0.088257	0.271699	-0.087114	0.097866	0.111491	-0.175950	-0.025320	0.030468	-0.046505	0.002770	0.086701	-0.075887	-0.038875	0.009549	0.087185	-0.129927	-0.051702	-0.032486	-0.068710	-0.052464	0.046583	-0.006186	-0.043823	-0.011683	-0.053674	-0.034631	0.067312	-0.073788	-0.075418	0.023436	-0.031048	0.088317	0.090908	-0.089540	0.029502	-0.083638	-0.118911	-0.136748	-0.028040	-0.174781	-0.031302	-0.120095
0.726770	-0.088906	-0.033356	0.424081	-0.035929	-0.076217	-0.012548	0.200292	-0.122007	-0.067897	0.063563	-0.089623	0.007505	0.018564	-0.048529	0.051999	0.063692	-0.046298	-0.009058	0.021963	0.055150	-0.247942	-0.124216	-0.019333	-0.005688	0.082116	-0.079901	0.084692	0.042503	0.019110	-0.124845	0.054204	-0.087773	-0.046700	0.096577	0.043335	0.063104	0.031268	-0.080426	0.073693	-0.069804	0.022856	-0.130823	-0.039912	0.040689	0.014714	0.005265	0.039813	0.028679	-0.063797
0.702462	-0.207665	0.293031	-0.062412	0.027195	-0.133230	0.012191	-0.010069	-0.006495	0.144200	-0.032083	-0.121491	-0.055311	0.125846	0.011245	-0.057531	0.028090	0.071359	-0.201704	-0.075418	-0.082887	-0.025871	-0.040147	-0.037065	0.151713	0.062878	0.063477	-0.001176	0.060576	0.233873	0.084789	0.109818	0.108521	-0.004542	0.058472	-0.155114	0.040245	0.028891	-0.033738	-0.019470	0.080064	0.065972	0.059002	-0.031686	0.005297	-0.059484	-0.129775	0.052223	-0.090330	0.186481
0.763580	0.470000	-0.069120	-0.006809	0.101578	-0.114959	0.027206	0.053031	0.141908	-0.042738	0.108197	-0.034908	0.026843	0.046539	-0.050793	0.044424	-0.111043	-0.013989	0.054324	-0.010176	-0.088976	0.080361	0.005684	0.070543	-0.051127	0.030368	0.094201	-0.030436	-0.038384	0.105044	-0.066501	-0.103785	-0.100573	0.067794	0.043797	0.029288	-0.034717	0.031645	-0.047235	0.020490	-0.051572	-0.052110	0.029126	0.052495	0.025815	0.038259	0.040975	-0.101459	-0.015231	-0.012096
0.673608	0.280591	0.016803	0.120002	-0.257565	0.226965	0.047061	-0.029290	0.067370	0.078847	0.211006	-0.182192	0.203279	-0.044771	0.049702	-0.142091	-0.011941	0.140887	-0.033854	-0.162771	-0.032580	-0.069068	-0.084587	0.049531	0.185376	0.096396	-0.013426	-0.022027	-0.047918	0.075544	0.059303	-0.048389	0.112140	0.008458	-0.021836	-0.078189	-0.014239	-0.015121	0.025634	0.115346	-0.034876	0.033383	-0.007094	-0.057163	0.016183	0.042347	0.044380	0.074193	0.071379	-0.047897
0.643250	0.333433	-0.000905	-0.014566	0.048196	0.080266	0.107769	0.078017	-0.013315	0.015081	0.115278	-0.154374	0.139720	-0.078515	0.239150	0.011747	-0.213645	0.067983	0.130281	-0.015309	-0.048409	-0.101456	0.031590	-0.089723	0.299659	-0.015099	0.012703	0.009818	0.122164	0.034963	-0.057702	0.023400	-0.077020	-0.013557	-0.057229	0.121152	0.066102	0.095331	0.073854	-0.085775	0.058092	0.048972	-0.088514	0.062616	0.049785	0.074128	-0.058591	0.201355	0.091362	0.014269
0.661181	0.052895	-0.083088	0.234944	-0.114605	-0.067301	0.040045	-0.035980	-0.055565	0.046593	-0.002226	-0.080495	-0.083625	-0.011452	-0.070671	0.012699	-0.024693	0.020554	-0.081434	0.015186	0.067865	0.005621	-0.068407	0.047746	-0.012355	0.146297	-0.053457	0.003860	-0.064524	0.116937	-0.000374	-0.080832	0.010983	0.101906	0.094291	-0.229191	0.226332	0.137235	0.165480	0.046950	0.058416	0.036615	-0.133807	0.130698	-0.115157	-0.030091	-0.189169	0.242319	-0.170792	-0.189507
0.782778	0.104946	-0.124267	0.172757	-0.032691	-0.193198	0.023515	0.260496	-0.034693	0.007036	0.069122	-0.039924	0.064956	-0.002020	-0.140331	-0.005689	0.040180	0.055497	0.006022	-0.000266	-0.099808	0.008120	-0.008951	0.098999	-0.098038	0.017236	0.136888	0.026835	-0.061981	0.131271	0.076001	-0.091134	-0.005582	0.014974	0.045585	-0.166717	0.041586	0.022091	0.058724	-0.008634	-0.006303	0.049355	-0.023098	0.066892	-0.098263	-0.086159	-0.059895	0.125693	-0.113340	-0.103704
0.755100	0.049754	-0.060418	0.203952	-0.086102	-0.066530	0.115092	0.065965	-0.074500	-0.031980	0.068725	-0.162220	0.009569	0.097198	-0.029250	-0.028881	-0.008892	0.100074	0.040004	-0.046345	-0.029087	0.125005	-0.076379	0.116993	-0.029134	0.074459	-0.027712	-0.011374	-0.010421	0.090092	-0.109731	-0.027853	-0.059865	-0.036980	0.203827	-0.195091	0.080234	0.203296	0.061103	-0.046057	-0.046222	0.070222	0.009985	0.014286	-0.001091	-0.087860	-0.181997	0.053997	-0.187326	-0.035430
0.671168	0.457250	-0.001812	-0.102450	0.137109	-0.060996	-0.065592	0.023614	-0.226069	-0.177186	0.045329	0.080450	-0.161864	-0.032020	0.010824	0.025800	0.036746	0.038553	-0.072537	-0.029508	0.008345	0.044677	-0.003376	0.107558	-0.049066	-0.078943	-0.096637	-0.148089	0.076888	-0.032500	0.043579	-0.101288	0.033324	0.095076	0.108297	-0.117761	-0.028440	-0.076379	-0.078188	0.011008	0.120790	-0.083066	0.002730	0.061136	0.025640	0.020553	-0.065054	0.118776	0.069977	-0.060958
0.705198	0.396321	-0.069331	-0.013583	-0.084611	-0.145874	-0.006903	0.055613	-0.059858	0.244634	0.014540	0.102467	-0.122967	-0.003163	0.047069	0.023313	-0.033681	0.073356	0.010325	0.055395	0.023264	-0.106101	0.054388	-0.034907	0.107620	-0.004043	0.005207	-0.018215	-0.042777	-0.110144	0.024910	-0.091908	-0.071809	-0.055513	0.146781	0.053270	-0.083614	0.016010	0.072773	0.001878	-0.162794	-0.007417	-0.087280	0.130397	0.054977	-0.039890	0.187092	-0.005145	0.119170	-0.078629
0.793634	0.158128	0.003055	0.216175	-0.081929	0.022803	-0.053614	-0.114765	0.092896	-0.045538	0.024782	0.001728	-0.004965	0.098847	-0.178362	0.312069	-0.023418	-0.153005	-0.081836	-0.004606	0.000840	-0.034249	0.117365	0.095809	-0.066464	0.029124	-0.035034	-0.038491	-0.029605	0.078115	0.128678	0.001468	-0.038383	0.040383	-0.000348	0.013755	0.066439	-0.007159	0.040152	0.055882	-0.063619	-0.028703	0.000387	0.031816	0.064365	0.086806	-0.000596	-0.042639	-0.039553	0.071052
0.785926	0.062548	-0.043097	0.313179	-0.117713	0.074332	0.040222	-0.101157	-0.001615	-0.136029	0.098241	-0.043096	-0.109365	-0.000906	0.001072	0.165669	-0.021413	-0.070131	-0.056841	-0.010864	0.020517	-0.115519	0.019877	0.084441	-0.072231	-0.078863	0.007741	-0.132950	0.000357	0.167978	0.011246	-0.067716	-0.094341	0.078904	0.044664	0.065667	0.126132	-0.022192	-0.084647	0.058447	-0.072095	0.058970	0.041002	0.052652	0.009840	-0.043551	-0.086941	0.067764	-0.015230	0.098868
0.686166	0.391631	-0.083809	0.067091	0.125173	-0.198824	0.060287	-0.055400	0.029400	0.095026	0.087943	-0.016786	-0.114246	0.059827	-0.014673	-0.160960	-0.155714	-0.141630	-0.118077	0.110511	-0.110517	-0.023136	0.086213	0.233670	0.005815	-0.028382	0.000047	0.020557	-0.125750	-0.086980	0.075344	-0.012377	-0.031827	-0.030088	0.131021	-0.021140	-0.094578	-0.068431	-0.028071	-0.037416	-0.012792	0.117111	0.018053	-0.051150	0.022481	-0.066135	-0.023648	-0.060725	-0.040338	0.055426
0.865668	-0.008449	-0.059338	0.231714	-0.063303	0.025209	0.075852	-0.203066	-0.024726	0.025731	-0.065771	-0.153959	-0.193508	0.013204	0.054173	-0.064884	-0.128632	0.059045	0.036155	-0.074166	-0.023622	0.009083	-0.009572	0.002858	0.007800	-0.053403	0.035335	-0.024067	-0.065823	0.016353	-0.006383	-0.000423	-0.063087	0.014434	-0.034795	-0.083030	0.025161	0.004327	-0.000656	-0.041166	0.030097	-0.005847	-0.062511	-0.053383	-0.031499	-0.041111	0.040169	-0.037240	0.050417	-0.010597
0.827791	-0.148246	-0.083461	0.127149	-0.023603	-0.175852	-0.107857	-0.208845	-0.039402	0.160483	0.104676	-0.174411	-0.036225	-0.129465	-0.012405	-0.010370	-0.072266	-0.065602	-0.073998	-0.100954	0.058006	0.035126	0.017644	-0.029086	0.029580	-0.006350	-0.040549	0.044123	0.034827	-0.026090	-0.014820	0.076581	0.001101	-0.002912	0.058538	-0.057657	-0.052195	0.073494	-0.073590	0.009441	0.063686	0.079050	-0.050978	-0.015254	-0.063702	-0.011053	-0.092950	-0.058791	-0.020683	-0.047313
0.828630	0.039415	-0.091344	0.374366	-0.114465	-0.092183	0.012050	-0.206450	-0.075618	0.074244	-0.064147	0.004071	0.023512	0.064026	-0.108648	0.016004	-0.054728	-0.027687	-0.106437	-0.077290	-0.040153	-0.035877	-0.013710	-0.021687	0.024390	0.003031	-0.012431	0.013588	-0.056318	-0.068731	0.075687	-0.034842	0.029046	-0.012388	-0.017304	-0.059048	0.022835	-0.026938	0.032227	-0.028985	0.028768	0.062238	0.015605	0.048777	0.032221	0.015990	-0.005808	0.092973	-0.012957	-0.033296
0.643612	0.185235	-0.074309	-0.225738	-0.108308	-0.219868	-0.091091	-0.032598	0.251307	0.302382	-0.152579	0.110140	-0.013288	-0.030739	-0.072977	0.089583	-0.014537	0.157321	0.021338	0.128125	0.186113	-0.108815	-0.052986	-0.008840	0.033074	-0.074297	-0.099848	-0.040065	0.100752	-0.190630	-0.008239	-0.005936	0.024163	0.033227	0.114137	0.128449	-0.071085	-0.044463	-0.023858	0.011106	-0.013229	-0.036451	0.089912	0.063479	-0.006469	0.017862	-0.031642	0.085312	0.061481	-0.010567
0.684979	0.389751	-0.107208	-0.005111	0.057255	-0.247514	-0.100818	0.080861	0.416259	-0.011096	-0.165688	-0.046364	-0.039006	-0.086786	-0.169489	-0.012365	0.011874	0.092842	-0.044269	0.052815	-0.021927	-0.047503	0.001908	-0.101220	-0.019157	0.046733	0.025926	-0.007207	0.006629	0.017649	0.023873	0.019819	0.035637	0.022316	-0.025687	0.004919	-0.046822	-0.008284	0.033695	0.008601	0.034275	-0.029602	0.032765	0.006280	-0.011995	-0.010005	0.005055	0.008465	0.067797	0.009516
0.723407	0.154699	-0.023104	-0.045573	-0.131352	-0.095808	-0.269125	0.060774	0.196202	-0.016564	-0.315099	0.070099	0.146414	-0.097551	0.023038	-0.115283	0.003117	0.007343	0.048542	0.073311	0.103300	-0.043374	-0.080130	-0.044623	0.024592	0.124866	0.023474	-0.008014	-0.009817	-0.035425	0.099948	0.130836	0.133605	-0.120877	-0.105823	-0.026365	0.034243	0.037410	0.100439	-0.061756	0.016866	0.056990	-0.011216	0.003306	0.066923	0.073100	-0.019604	0.033684	0.095433	0.029397
0.751377	0.295760	-0.114555	0.147338	0.041451	-0.234983	-0.123442	0.040724	0.361966	-0.020780	-0.156194	-0.036970	-0.023320	-0.080738	0.023090	-0.014896	0.026735	0.042927	0.007818	0.093449	-0.007810	0.018554	0.000934	-0.084515	0.111615	0.039810	0.031245	0.026569	0.041488	-0.004840	-0.010657	0.080003	0.004062	0.006168	-0.032566	0.016293	0.001814	0.026623	0.089247	-0.051610	-0.019792	0.007749	0.064772	-0.028659	-0.020684	0.009036	-0.015774	0.103827	0.016431	-0.037155
0.782610	-0.066737	-0.031419	-0.112643	-0.079218	-0.100588	-0.048984	0.074783	0.337139	-0.106680	-0.217988	-0.019913	-0.042699	0.062160	-0.030690	-0.023580	0.013672	0.039055	-0.062921	-0.012483	0.096707	-0.096463	0.020541	-0.034679	0.008103	0.065839	-0.092954	0.035997	0.061136	0.072579	-0.027018	0.201533	0.131532	-0.076003	0.041309	-0.011442	0.069129	0.043470	0.022663	-0.049062	0.017601	0.119523	-0.026200	-0.063850	0.003038	-0.019671	-0.038715	0.117990	-0.054940	-0.037017
0.664877	-0.206454	0.057720	-0.269919	-0.110750	-0.068777	-0.160508	-0.175494	0.130423	0.013096	0.008641	-0.165929	-0.184092	0.004116	-0.109502	-0.079200	-0.097186	-0.023754	0.105900	-0.012713	0.032014	-0.095645	-0.075072	-0.111059	0.144795	-0.106486	-0.074222	0.085875	-0.096058	-0.100496	0.111058	-0.101652	-0.027381	-0.048735	0.101196	0.015841	-0.037154	0.012392	0.003861	0.111159	0.008881	0.277699	0.024734	-0.013005	-0.022926	0.070333	-0.034952	-0.131617	0.046605	-0.014648
0.669980	0.311639	-0.029451	-0.199068	-0.083780	-0.076672	-0.021212	-0.031045	0.270837	0.018585	-0.166230	0.052602	-0.079596	-0.139546	-0.096905	0.020172	-0.080529	0.174227	0.086762	0.125642	0.057727	-0.102602	-0.125741	-0.024975	0.179698	0.041074	-0.002167	-0.039658	0.089802	-0.073909	-0.058338	0.243630	0.083077	-0.009519	-0.002143	0.038234	0.071322	0.020152	-0.003207	-0.032216	0.036451	0.111412	-0.045028	0.067616	-0.047387	0.063728	-0.098053	0.067540	0.017423	0.032859
0.298792	0.481578	-0.006473	-0.245089	0.008930	-0.117680	-0.179366	0.074849	0.317282	0.030092	-0.124768	-0.006655	-0.222730	-0.097307	-0.177799	-0.334033	0.051895	0.146799	-0.092089	0.157501	-0.044094	-0.104717	-0.066048	0.168828	-0.095013	0.018860	-0.033795	0.062148	-0.002717	0.078062	-0.126653	-0.005884	0.052075	-0.083722	0.102496	0.056137	-0.011146	0.137250	-0.053980	0.046406	-0.062069	0.048615	0.124220	0.064935	-0.142289	-0.035223	-0.052663	-0.064976	0.024359	0.072975
0.880029	-0.115429	-0.086237	0.016566	-0.068548	-0.091779	0.086985	0.095508	-0.019819	-0.048148	-0.137779	-0.118689	-0.065775	-0.039761	0.146136	-0.080070	-0.112728	-0.028752	-0.036176	0.008237	0.065047	0.002475	-0.119770	-0.042555	0.037758	0.038607	-0.028075	-0.044981	0.004910	0.135634	0.068143	-0.023211	0.063343	0.070156	-0.018523	-0.018336	0.031652	0.003758	0.028139	0.017146	0.028048	-0.016422	0.036890	-0.052019	-0.095988	-0.052431	0.044449	0.027645	0.013992	-0.094221
0.817457	-0.276342	-0.110153	-0.127182	-0.090889	-0.135762	-0.051693	-0.089863	0.123591	-0.081500	0.177456	0.037003	-0.120178	0.044262	0.113894	-0.135893	-0.053366	-0.045011	0.060183	-0.014602	0.121190	-0.007454	0.034675	-0.052873	-0.006434	-0.031757	-0.062313	0.031792	0.041171	-0.135855	0.000047	-0.050765	0.050019	-0.050231	-0.024443	-0.007909	0.056705	-0.072545	0.010361	0.042750	0.068952	0.007770	-0.019195	-0.045709	-0.059655	-0.025997	-0.012101	0.034188	-0.001518	-0.044578
0.719493	-0.297543	-0.105466	-0.239285	0.103223	-0.202194	-0.111712	-0.036361	-0.039663	0.026007	0.000059	-0.202566	0.002809	0.008796	0.148276	0.053342	0.024076	0.061991	-0.040380	0.082699	0.040734	-0.026634	-0.033775	0.018144	0.099753	0.043932	0.057931	-0.156150	-0.072774	0.018986	0.000650	0.143247	0.105732	0.132731	-0.043338	-0.012887	0.029862	-0.093843	-0.055246	-0.150688	0.017538	0.040605	-0.099192	0.029355	-0.128731	-0.020307	0.093504	0.040000	-0.047699	0.028192
0.781868	-0.241591	-0.112330	-0.111400	-0.027580	-0.074446	-0.021806	0.014027	-0.027079	0.063606	-0.012061	-0.108280	-0.086087	0.038280	0.005516	-0.176793	-0.084012	-0.067549	0.080248	-0.042134	0.081267	-0.029295	-0.052900	0.025269	0.178592	0.145622	-0.106250	-0.065068	0.029663	0.038388	-0.052643	0.057533	-0.028716	0.138858	0.020704	-0.133370	0.082773	-0.078747	0.098327	-0.094639	0.070166	0.067823	0.116273	0.034085	-0.095923	-0.044467	0.057442	0.060517	-0.097793	-0.108624
0.654896	-0.134847	-0.173489	-0.333256	0.059982	-0.027557	0.162740	-0.160058	-0.128496	-0.064277	-0.184350	-0.069516	0.043949	-0.188323	0.112670	0.065708	0.103175	-0.006416	-0.178093	-0.124979	0.192414	-0.088916	-0.057666	-0.083125	0.023292	-0.045141	0.060274	0.118653	-0.115035	-0.000416	0.078772	0.033223	-0.068927	0.091376	0.000512	0.064075	-0.065209	0.088885	-0.141955	-0.029181	0.060351	0.127573	0.001899	0.027768	-0.086263	0.031146	0.063964	0.004344	0.060070	-0.015328
0.787646	-0.130032	-0.067241	-0.198489	-0.201764	-0.002325	0.121421	0.114164	-0.052885	-0.013608	-0.106194	0.021236	-0.104427	0.099414	0.040771	-0.133181	-0.110526	0.036461	-0.047225	-0.121049	0.062103	-0.016534	-0.035160	-0.094724	0.046373	0.094728	-0.046224	0.037085	0.183824	0.026002	0.117558	-0.024722	0.027850	0.024307	0.026879	-0.089660	0.038849	0.050264	0.005539	-0.063724	-0.036801	0.048154	0.185836	-0.051205	-0.084675	0.027257	-0.024293	0.065161	-0.066915	-0.103843
0.808097	0.042903	-0.045621	0.228258	-0.067145	-0.041387	0.063447	-0.105893	-0.046634	0.122672	-0.048909	0.000487	-0.061698	0.084159	-0.023099	0.097570	0.033258	-0.081892	-0.010926	-0.117907	-0.099592	-0.066522	-0.050850	-0.063720	0.101161	-0.047641	-0.006922	-0.004920	-0.120836	-0.054045	-0.015607	0.107942	0.089909	-0.014044	-0.042180	-0.158227	-0.070249	-0.028079	-0.075844	-0.096718	-0.104611	-0.034240	-0.058535	0.072296	-0.041935	0.118638	0.161379	-0.149473	0.030292	0.047852
0.675689	0.534054	-0.091010	-0.071493	0.181769	-0.272329	-0.085251	0.112589	-0.077795	-0.007003	0.083535	-0.080517	-0.078856	0.034430	0.113370	-0.017446	-0.009535	0.004176	-0.022493	0.098514	-0.046994	-0.014336	-0.044334	-0.084457	0.104717	0.024965	0.071609	0.018976	0.042506	0.068188	-0.000081	-0.035626	-0.029110	-0.016319	0.057856	-0.035186	0.050109	-0.080137	0.017626	-0.017833	-0.002547	-0.049194	0.002219	0.006119	-0.004123	0.024173	-0.049252	-0.056217	0.082821	-0.012508
0.696542	0.464557	-0.058044	-0.044682	0.130373	-0.212142	-0.079799	0.114828	-0.042269	-0.036351	0.001207	-0.005761	-0.033510	-0.136473	0.080554	0.122343	-0.005378	0.013130	-0.045275	0.005790	-0.006333	-0.039910	-0.071322	-0.278699	0.130931	0.033074	0.110413	0.043561	-0.009414	0.039407	0.046856	-0.016512	-0.043002	0.045280	-0.081298	-0.003370	0.025051	-0.024559	0.060121	-0.013211	0.039980	-0.096017	0.044606	-0.011764	-0.059463	0.011615	-0.044071	0.033931	0.041173	-0.087694
0.669303	0.450691	-0.109990	-0.085967	0.144681	-0.254054	-0.007583	0.067911	-0.165596	0.013082	0.090509	-0.013398	-0.139330	0.037243	-0.006931	-0.079536	-0.033903	0.014603	-0.083433	-0.022756	-0.029910	0.054217	-0.100583	0.141276	0.054171	0.014074	-0.075966	0.022297	0.049873	-0.018613	0.053118	-0.011475	0.110153	-0.027523	0.018470	-0.091884	0.057672	-0.079628	-0.082230	0.023140	-0.057246	-0.040901	0.155156	0.079601	0.053645	-0.077943	-0.023422	0.061757	0.083914	-0.154417
0.576718	0.592980	-0.096026	-0.128816	0.136951	-0.256134	-0.086441	0.023500	-0.184406	0.102762	0.074582	0.010215	-0.027558	-0.016195	-0.048422	-0.106501	-0.054513	0.036858	-0.131213	0.043636	-0.006356	-0.083908	-0.114195	-0.025004	0.053075	-0.009406	-0.021037	0.078179	0.048403	0.009295	-0.000065	-0.082765	-0.048409	0.031221	0.114566	-0.036823	0.005503	-0.081880	-0.037243	0.030562	0.036438	-0.068453	-0.047304	-0.010616	-0.072903	0.013408	-0.026716	-0.065267	0.049927	-0.146679
0.703255	0.500080	-0.043634	-0.219065	0.132215	-0.093418	-0.064897	0.068832	-0.086906	0.008402	0.099897	0.043027	-0.076511	-0.081020	0.025244	0.002793	-0.086899	0.091213	-0.036804	-0.005202	-0.005882	-0.091777	-0.125175	-0.086744	0.073727	0.102842	-0.073523	0.027199	0.011371	-0.062513	0.040767	0.039570	0.082082	0.065441	-0.000402	0.016406	0.044033	-0.103157	0.018784	0.010728	-0.048684	-0.049445	0.119545	-0.001886	-0.048498	-0.022902	-0.071136	-0.048100	0.073099	0.020431
0.692170	0.317382	0.091719	-0.028797	-0.264892	0.147932	-0.064874	-0.080278	0.017325	0.064800	0.022013	0.158656	-0.132427	-0.104105	-0.033503	0.129877	-0.046922	-0.050198	-0.023712	0.031763	0.011062	0.010066	-0.008125	-0.036605	-0.024362	0.052327	0.079132	0.055919	-0.015139	0.030145	0.079295	0.107503	-0.047650	-0.026642	-0.095188	0.086408	0.139711	0.174635	-0.003660	0.079407	-0.170786	-0.149675	0.161852	0.037140	-0.064863	-0.066014	0.142369	-0.020591	-0.080414	-0.036931
0.812757	0.286502	0.053924	-0.025324	-0.077359	0.085416	-0.068072	0.090756	0.002903	-0.019255	-0.122237	-0.112306	0.075029	-0.002600	0.170686	0.110571	-0.039400	-0.031832	0.096283	0.049089	0.050903	-0.036071	-0.049299	-0.123466	0.076135	-0.032714	0.009651	-0.020237	0.145172	-0.054476	0.057296	0.001483	-0.103890	-0.008806	-0.070037	-0.051275	0.105850	0.078552	0.055222	-0.139253	0.023481	0.013602	-0.066930	-0.007817	0.038384	0.061966	0.000905	0.092296	-0.052348	-0.046189
0.607492	-0.113081	0.055632	-0.267226	0.041475	-0.078290	-0.204534	-0.019406	0.004380	0.123995	-0.028388	-0.085858	0.014759	-0.152203	-0.024142	0.099369	0.067992	-0.023473	-0.119599	-0.155425	-0.164912	0.103540	0.064974	-0.061095	-0.049317	0.056031	-0.118318	0.134832	0.227061	-0.059029	-0.109275	-0.006435	-0.008797	-0.168138	-0.066936	0.119929	0.045490	0.065864	-0.156483	-0.097228	-0.167421	-0.077301	0.186908	-0.059301	0.088415	-0.015307	-0.001430	0.186340	-0.134639	0.144880
0.773748	0.099730	0.220662	0.078421	0.132534	0.101233	0.077134	-0.128304	0.029984	-0.061716	-0.049170	0.014463	-0.006656	0.053152	0.011991	0.125263	-0.211675	-0.034761	0.113793	0.005682	0.047821	-0.030740	-0.010046	0.099818	-0.143262	-0.164837	-0.001359	0.065268	-0.070178	-0.054219	-0.062904	-0.100139	-0.061763	0.040025	-0.173633	0.045003	-0.046571	0.046639	0.025100	0.165219	0.040436	-0.049852	-0.131099	0.036529	0.035966	0.045031	-0.019476	-0.012983	0.125682	-0.044664
0.650000	-0.061322	0.481382	-0.219341	0.013567	0.098047	-0.136632	0.046013	-0.055980	0.130750	-0.087438	0.059459	-0.154448	-0.016504	-0.059994	-0.288533	-0.045388	-0.107973	-0.010719	-0.036452	0.189629	0.017716	0.116353	-0.025855	-0.036163	0.108691	0.000346	-0.037188	0.063957	-0.100253	0.019646	-0.009321	0.012488	-0.027980	-0.024458	0.010856	0.045140	-0.081895	-0.004671	-0.024028	-0.022656	-0.019054	0.037046	0.032313	-0.047396	-0.039955	-0.009810	-0.007271	-0.085920	0.022474
0.704524	-0.065898	-0.034931	0.189686	-0.070171	0.013958	-0.065492	0.115320	-0.033845	-0.047094	-0.068974	-0.068275	-0.042930	-0.024836	0.139628	0.010726	0.040334	-0.139558	0.216380	0.086703	-0.068581	0.133402	-0.027902	-0.002430	0.055767	0.150388	-0.040263	0.348363	-0.091384	0.125657	0.045022	0.003538	0.073551	0.183497	0.148355	0.095114	-0.101606	-0.067973	0.114126	-0.066891	0.006227	-0.016743	-0.076144	0.031831	-0.044317	-0.037608	-0.065438	0.094174	-0.023229	0.064445
0.724291	0.086914	-0.087539	0.178953	-0.142478	-0.133448	-0.057905	-0.130576	-0.090452	0.231822	-0.087795	-0.023582	0.025446	-0.021577	-0.109179	-0.025552	0.026595	0.003377	-0.117100	-0.029975	-0.116717	-0.071132	0.090229	-0.148539	-0.190575	-0.146231	0.031295	0.080454	0.007573	-0.009196	-0.048499	-0.143405	-0.124241	0.063722	-0.037986	0.043399	-0.089523	-0.114759	-0.065294	0.012529	-0.002290	-0.006356	-0.175686	0.043186	-0.062174	0.034612	0.025016	0.151827	0.149573	0.032096
0.672732	-0.331527	0.219474	-0.167152	0.099314	-0.109179	-0.235802	-0.168872	0.096738	0.015161	0.251390	-0.196421	-0.054156	0.016785	-0.096290	0.011297	-0.034661	-0.075408	0.241824	0.058320	0.045470	0.032125	0.088977	-0.032860	0.003276	0.013812	0.001580	-0.002947	-0.013899	-0.052504	0.004018	-0.059005	0.031055	-0.074737	0.030867	-0.007120	0.020107	0.108834	-0.065179	0.008223	0.072895	0.039399	-0.039984	-0.042887	-0.049765	-0.023444	0.045649	-0.009473	0.040955	-0.052013
0.867117	-0.043807	0.334409	0.086658	0.045594	0.007007	-0.064183	0.087744	0.074336	-0.104646	-0.028124	0.043778	0.061758	0.078644	0.068851	0.105127	0.095694	-0.142172	0.037986	-0.019053	-0.016728	-0.039315	-0.026250	-0.018405	0.017923	-0.035517	0.005531	-0.013170	0.029935	0.046987	0.075727	-0.044403	-0.046278	-0.044168	-0.047147	-0.028176	-0.013567	-0.015640	0.028950	0.018200	-0.020289	-0.057380	0.011009	0.011610	-0.058340	-0.027341	-0.002255	-0.049927	0.029083	-0.033763
0.766609	0.082826	0.180815	0.173129	0.089480	0.027118	0.137650	-0.138675	-0.005635	-0.076841	0.034706	-0.082852	-0.148199	-0.075538	0.090481	-0.001485	-0.199501	-0.001796	-0.090188	0.016209	-0.019203	-0.105397	-0.175537	0.054665	-0.031587	-0.197595	-0.075841	0.089421	-0.038070	0.123748	-0.087664	-0.090487	0.069803	-0.075678	-0.074512	0.008829	-0.049442	0.055236	0.062738	0.137348	0.048325	-0.085138	-0.031795	0.064571	0.044746	-0.053604	-0.019109	0.011762	0.000808	0.037746
0.817503	-0.065545	0.223428	0.294504	-0.022440	-0.161239	0.053201	0.219686	-0.035736	0.110711	0.025094	0.093108	0.037065	-0.106588	0.089681	-0.012785	0.079536	-0.074495	0.056029	0.018905	-0.009672	-0.092672	-0.006070	-0.047314	0.076529	-0.016631	-0.037167	-0.073953	0.049125	0.010464	-0.019976	-0.045851	0.031776	0.000280	0.015029	0.000682	0.016891	0.012539	0.033266	-0.019370	0.010625	0.012821	-0.080848	-0.032187	-0.026905	-0.052494	-0.027001	-0.029217	-0.080420	0.049962
0.825005	-0.038095	0.072181	0.293723	-0.051289	-0.062289	0.064814	0.171692	-0.092349	0.008799	-0.072293	-0.159591	-0.011957	-0.082182	-0.001953	-0.022775	-0.116610	-0.097497	-0.023669	0.002351	-0.144522	-0.049181	-0.104236	-0.085640	-0.050381	-0.021447	-0.033318	-0.068679	-0.005177	-0.028592	0.023867	-0.060701	-0.007294	0.017185	0.006598	0.049077	-0.004694	0.009582	0.133036	0.114811	-0.034292	0.089734	0.035662	0.084237	0.044642	-0.057208	-0.037699	0.001964	-0.021735	-0.043241
0.575140	-0.162267	0.348136	-0.328534	0.083504	0.018475	-0.193110	0.036719	-0.040022	0.019151	-0.012186	-0.039876	0.009165	-0.022331	-0.041312	0.124352	-0.108823	0.032829	0.180125	0.023152	-0.112751	-0.009951	-0.035597	0.055164	0.006797	0.157910	-0.000347	0.067599	-0.038832	-0.133647	-0.142153	-0.052590	-0.063273	0.022764	-0.142926	0.031090	0.007308	0.137716	0.197996	0.140791	-0.160311	0.070784	-0.026758	-0.005788	-0.084883	-0.098106	0.154956	-0.039765	0.047391	-0.177005
0.601353	-0.123163	0.467840	-0.112633	0.135735	0.071209	-0.113339	0.052062	0.052683	-0.022637	0.057918	0.107435	-0.117879	-0.053799	0.052161	-0.089597	0.067864	0.122992	0.036165	0.065299	-0.040550	-0.065721	0.235452	-0.004934	0.075945	-0.096728	0.048375	-0.021350	-0.067865	-0.042793	0.037005	-0.127441	0.088881	0.006945	-0.212825	-0.087361	-0.217129	0.048841	0.138270	-0.035721	-0.099493	-0.078755	0.084674	0.033361	-0.009303	0.024407	0.014609	0.133733	0.056739	-0.031484
0.720619	-0.042512	0.234240	0.096860	0.051893	-0.036658	0.153491	0.191007	-0.034419	-0.093737	-0.059650	0.136184	0.114335	0.033325	-0.005765	-0.098203	0.060868	0.152033	0.028094	-0.004021	-0.087458	0.032999	0.097638	-0.038866	0.057731	-0.124791	-0.067117	-0.101130	0.008402	0.056185	0.259930	0.010920	0.011907	0.127085	-0.026331	-0.138879	0.107278	-0.001525	-0.070690	-0.097146	-0.146539	0.017188	-0.042033	0.020028	-0.098671	0.001559	0.182062	0.049591	0.035253	-0.099698
0.774617	-0.195099	0.418320	-0.072887	0.119742	0.011376	-0.034124	-0.064024	0.020991	-0.038628	-0.005813	-0.039192	-0.064339	-0.015865	-0.008122	0.058611	-0.095222	0.093656	0.035445	-0.008494	0.004005	-0.041361	0.089095	-0.064151	0.045026	0.151056	0.029815	-0.012521	0.006158	-0.038068	-0.081526	0.003006	0.014884	-0.087830	0.040121	0.039217	0.061199	0.038188	-0.088517	0.027354	0.024915	-0.134181	0.118301	0.057107	-0.009953	0.032699	-0.044060	-0.076489	0.082697	-0.083322
0.690330	-0.040787	0.370190	0.166119	-0.012220	-0.103005	0.082368	0.149058	-0.055796	0.165775	-0.049427	0.140716	0.061497	-0.123255	-0.012816	0.064189	0.154763	0.019616	-0.037057	-0.050354	-0.111315	-0.149545	-0.046569	-0.035117	0.046635	-0.086645	0.044263	-0.015213	0.079566	-0.004513	0.221366	-0.053035	0.089954	-0.021434	-0.065334	-0.124666	0.073953	0.084281	0.077790	-0.024073	0.096570	0.021565	0.029800	0.022977	0.020744	-0.106041	-0.175913	0.025626	-0.027438	-0.045210
0.860586	-0.278331	-0.179376	-0.219761	-0.080953	-0.085997	0.037206	-0.083771	0.075088	-0.076996	-0.020742	-0.011113	-0.037092	-0.011618	0.040247	-0.050264	0.037538	0.026225	-0.137025	-0.063601	0.023723	-0.024193	0.002999	-0.020601	0.072486	0.020883	0.012845	0.006064	0.063988	0.021780	0.068666	-0.014877	-0.032880	-0.024665	0.044665	0.004479	-0.055937	0.022988	-0.031782	-0.028552	-0.039673	-0.022451	-0.001310	0.004460	0.057356	-0.023164	-0.062395	0.001083	0.020421	0.001949
0.787192	-0.085527	-0.167094	0.146671	-0.179631	-0.121378	0.247664	0.206046	-0.022992	-0.068125	0.063324	0.027940	0.015984	-0.000790	-0.093462	-0.152128	-0.018755	-0.010495	0.027316	0.012875	0.018284	-0.003778	-0.057232	-0.014181	-0.036783	-0.114087	-0.102051	0.113411	-0.021716	0.119893	-0.057057	-0.022781	-0.089273	-0.071129	0.019571	0.023312	0.073984	-0.124789	-0.090818	-0.023356	0.001954	0.023104	0.066532	-0.054890	-0.019972	-0.048255	0.014230	0.086686	-0.062344	0.055914
0.770296	-0.282772	-0.029993	-0.048542	0.029841	-0.146373	-0.195023	-0.124085	0.039544	-0.028952	0.246281	-0.152946	-0.103330	0.098167	-0.078615	-0.034448	-0.093407	-0.008767	0.197524	-0.002759	0.071232	0.044631	0.054348	-0.018676	0.048429	-0.087220	0.012915	-0.009070	0.027361	-0.119380	0.105783	-0.078301	-0.039056	-0.055083	0.036007	0.047546	0.031923	0.062832	0.045168	0.015171	-0.021294	-0.020540	-0.002719	0.055780	0.005248	0.020983	-0.001994	0.038112	0.031731	-0.102741
0.699089	0.111859	-0.238558	-0.131017	0.062468	-0.049788	0.206668	0.163456	-0.048839	0.102379	-0.007423	0.116296	0.048241	0.013622	-0.103266	-0.188708	-0.136635	-0.087718	0.104930	0.028006	0.040904	0.159610	-0.043748	0.355838	-0.038838	0.087873	0.065622	0.010582	0.058936	0.105499	0.007875	-0.050359	-0.046653	-0.097429	-0.006343	-0.071008	0.003629	0.015426	-0.029355	0.012227	0.005899	-0.058121	0.052557	-0.075733	-0.048954	0.093460	-0.057249	-0.010882	0.065326	-0.015261
0.781198	-0.140893	-0.278444	0.185920	-0.099365	-0.005367	0.223158	-0.043337	0.018618	-0.042230	0.061552	0.188622	-0.044120	-0.053321	-0.010643	-0.122064	0.025973	-0.074042	0.001281	-0.045888	-0.043540	-0.008443	0.034081	-0.047684	-0.024977	0.007887	-0.056598	-0.047999	0.093972	0.051613	0.061601	-0.136640	0.008255	-0.073286	-0.025669	0.022113	-0.019593	-0.027383	0.034832	-0.071728	0.007749	0.048761	0.099674	-0.072250	0.056608	-0.098302	0.054914	-0.046774	0.166160	0.061086
0.830252	-0.200910	-0.185424	-0.134322	-0.030641	-0.132972	0.071625	0.011266	-0.013912	0.059594	-0.145535	-0.088152	0.060832	-0.023540	0.020616	-0.035046	-0.001360	-0.067274	-0.094092	-0.048586	0.016035	-0.050306	-0.075282	-0.001601	0.042788	-0.005414	0.059702	-0.064315	-0.093742	0.110435	0.024977	0.055166	-0.020647	0.023459	-0.004573	-0.051904	0.046153	0.063999	-0.059668	-0.074733	0.147627	-0.068118	-0.136713	0.068705	-0.016788	0.041932	-0.081934	-0.124495	0.061251	-0.009368
0.885852	-0.165077	-0.091427	0.077327	-0.180757	-0.096832	-0.036777	0.084242	-0.090859	-0.083958	0.051145	0.016627	-0.048873	-0.044167	-0.080696	-0.017862	0.041996	-0.020403	-0.061099	0.005073	-0.061639	-0.100790	-0.028319	0.075750	-0.035553	0.033825	0.061105	-0.104674	0.000595	0.014350	-0.002389	0.005070	-0.000593	0.035853	-0.005998	0.058579	0.006951	0.102082	0.111016	0.032465	-0.031197	-0.019204	-0.093534	-0.014128	0.044134	-0.067423	0.015318	0.003898	0.045960	0.047874
0.703501	-0.137425	-0.156812	-0.329267	-0.017270	-0.071691	0.098666	-0.009326	-0.199547	0.045280	-0.136546	0.008703	0.085928	-0.237613	0.046447	-0.067920	-0.058671	-0.023815	-0.071159	-0.068273	0.171048	-0.101267	0.044061	0.015535	-0.055771	0.031259	0.104278	0.041618	-0.039561	-0.054044	0.215508	-0.037979	0.047626	-0.065094	-0.140505	-0.055432	-0.039685	0.036762	-0.096762	0.058319	0.049016	0.081938	-0.068120	0.004216	-0.139256	-0.012221	-0.025005	0.034770	0.015761	0.042739
0.851917	-0.140563	-0.158666	-0.021006	-0.157286	-0.037580	0.176169	0.114846	-0.056834	-0.035384	-0.061206	0.051288	0.016696	0.051018	0.036144	-0.054769	-0.092145	0.043933	-0.019022	0.078000	-0.014667	0.127265	-0.004382	-0.010510	0.019457	0.151553	0.019692	-0.044543	0.119729	-0.018155	-0.015454	-0.012224	0.010836	-0.154344	0.036184	0.039761	0.039740	-0.086751	-0.047752	0.041848	-0.045192	-0.025192	-0.049303	-0.115075	0.008657	0.006206	-0.017120	0.058344	0.062806	-0.013800
0.878581	-0.193911	-0.107621	0.009585	-0.192100	-0.121796	0.140519	0.151436	-0.007764	-0.071829	-0.038798	0.004014	-0.025455	0.093205	0.032843	-0.064234	-0.107675	0.060808	0.008909	-0.034282	-0.009019	0.006932	-0.007300	-0.055522	0.011222	0.100220	-0.026693	-0.063246	0.050753	0.013304	0.051383	-0.059766	0.017422	-0.050926	0.031273	-0.018033	0.061068	0.011905	-0.033876	0.042806	0.004593	0.006781	-0.024306	-0.051142	0.010702	0.008297	0.014245	-0.056544	0.035208	0.017828
0.804010	-0.095165	-0.129076	0.114076	-0.072697	-0.050881	0.175061	0.036690	0.001492	-0.116106	-0.044398	-0.012232	0.010043	0.348183	-0.090674	0.057052	0.040501	0.014042	0.087835	-0.049593	-0.008203	-0.071068	-0.019262	-0.008487	-0.050502	0.083333	0.024435	0.114006	-0.045571	0.086610	-0.071007	-0.012002	-0.105552	-0.070310	0.002650	0.034112	0.056337	-0.063145	-0.052712	-0.015904	0.054425	-0.020584	-0.004374	-0.132656	-0.035667	0.050684	-0.054062	-0.074557	-0.066521	-0.077034
0.764318	-0.176105	-0.135390	0.124764	-0.126853	0.063308	0.099082	0.165065	-0.080942	-0.119602	0.107735	0.023587	-0.021497	-0.082241	-0.123939	0.049139	-0.007127	0.144726	-0.047340	0.139460	0.017602	-0.034822	0.057562	0.088175	0.010783	-0.087095	-0.003206	-0.060637	-0.066387	0.175866	0.075988	0.031556	-0.005722	-0.002812	0.033912	0.024741	0.062279	-0.056963	-0.050758	-0.192727	0.010166	-0.039955	0.043246	-0.034007	-0.040938	0.174614	-0.042519	0.186079	0.070031	0.007569
0.721484	-0.108222	0.056496	-0.055318	-0.127648	0.011365	-0.092147	-0.010863	-0.024115	-0.033014	-0.033077	-0.112541	-0.177184	0.133646	-0.035669	-0.048462	0.010640	0.022063	0.185210	-0.078115	-0.237883	0.041846	0.081156	0.002099	0.011103	0.060058	-0.067498	0.341961	0.041652	0.038458	0.032506	0.022737	0.153470	0.190534	0.137696	0.036103	0.016286	-0.058545	0.060311	0.021161	0.032612	-0.045723	-0.160641	0.046611	-0.055076	0.000436	-0.036268	0.009954	-0.050531	0.078619
0.866816	-0.025430	-0.054136	0.196874	-0.128341	-0.057628	0.007669	0.051530	0.001319	-0.063431	-0.000256	-0.060077	-0.097515	-0.041286	-0.067484	0.040697	-0.070870	0.045327	0.133132	-0.065976	-0.144924	0.009828	0.032046	-0.030353	-0.014859	-0.062119	0.001856	0.117453	0.039664	-0.067341	0.023310	-0.014913	0.036189	0.097304	0.069091	0.004023	-0.056443	-0.013412	0.097479	0.009931	-0.051295	-0.038120	-0.090246	-0.025057	-0.023262	-0.030442	-0.044936	0.044575	-0.008579	0.186644
0.488312	-0.105256	0.021690	0.212717	-0.134845	-0.047462	0.031045	0.508077	-0.110236	0.017066	0.032342	0.083519	0.020252	-0.211374	-0.078059	-0.079161	0.013819	0.146208	0.107945	-0.001430	-0.181453	0.057648	0.049955	0.038557	-0.038178	-0.221952	-0.067327	-0.087898	-0.045496	-0.023077	0.031032	-0.029427	0.216037	-0.068398	0.136781	0.131840	0.033050	0.137390	0.057436	0.182412	-0.021456	-0.099128	-0.145040	-0.019594	-0.100267	-0.009046	0.005058	0.009915	-0.041737	0.136912
0.672220	-0.073265	0.021810	0.248481	-0.115029	-0.041938	0.087458	0.163147	-0.119393	-0.017115	0.049409	-0.055463	-0.168156	-0.011280	-0.108916	-0.135129	-0.074582	0.241862	0.147397	-0.107507	-0.225578	0.102861	0.145191	-0.011236	0.055515	-0.135617	-0.054864	-0.004771	0.112983	0.021394	-0.060042	0.051510	0.111151	0.057304	0.060084	-0.031817	0.026734	0.207899	0.029155	0.183237	0.082147	-0.039504	0.013278	-0.070736	-0.072324	-0.016955	0.048729	-0.019645	-0.083396	0.036572
0.664709	0.287821	0.036395	0.025605	-0.311342	0.244631	-0.044237	-0.006714	0.120225	0.129192	0.113760	-0.207046	0.123392	-0.021884	0.037045	-0.137789	0.073037	0.064009	0.004039	-0.080161	0.009683	0.014061	0.085075	-0.080860	-0.093947	0.005070	-0.008144	-0.007808	-0.064023	0.013923	0.076701	0.091381	0.052893	-0.088115	-0.168127	-0.105451	0.000614	-0.016031	-0.016227	0.008150	0.096804	-0.126075	-0.098760	0.043123	0.048544	-0.082827	-0.157649	-0.095983	0.055579	0.017653
0.576545	0.078711	0.068197	-0.149421	-0.297982	0.128107	-0.218751	-0.019998	-0.021446	0.462953	-0.022355	-0.072412	0.063544	0.016174	0.144041	-0.116579	0.123626	0.117219	-0.117756	-0.066244	0.081368	-0.202560	0.028252	-0.038693	0.023883	0.041313	-0.135770	0.111367	0.059149	0.005796	0.113146	-0.047418	0.032273	-0.050514	-0.032455	0.113678	-0.095665	-0.055725	-0.011794	0.074539	-0.033803	-0.050973	0.071481	-0.031967	0.032769	-0.043622	-0.057500	-0.142713	-0.027018	0.010258
0.547129	0.541694	0.079176	-0.274349	-0.208937	0.096847	-0.093327	0.021350	-0.025334	0.382396	-0.015678	0.077887	0.034336	0.003034	0.089293	-0.109570	-0.064138	0.046832	0.051849	0.095870	0.019923	-0.137678	-0.027024	0.037784	0.037258	-0.053604	-0.071853	0.076416	-0.009453	-0.001291	-0.023205	-0.075105	-0.020679	-0.002816	0.056360	0.045635	0.019423	0.072547	-0.013585	-0.015691	-0.062237	-0.012801	-0.043450	0.015287	-0.015460	-0.046932	0.020496	-0.081519	-0.018101	0.011996
0.770625	-0.008812	-0.113596	-0.122122	-0.159853	-0.053975	-0.019581	0.078173	0.045854	0.060465	-0.023989	0.212721	-0.086013	0.030679	-0.067576	-0.063864	0.021857	0.161499	0.131513	0.022453	0.099488	0.079651	0.065006	0.133947	0.047513	-0.031032	-0.084326	0.141826	0.057262	-0.076588	0.085393	-0.121804	0.080736	-0.077074	0.046646	0.099957	-0.071329	-0.011851	0.062351	0.096576	0.002859	-0.048565	-0.155298	0.091254	0.121365	-0.028504	0.115911	-0.121090	0.058383	-0.072768
0.831506	0.326271	-0.015808	0.012461	-0.080926	0.057672	-0.027739	-0.030745	-0.016129	-0.036744	0.038510	-0.106134	-0.068574	0.093584	0.109908	0.126238	0.021787	0.004287	0.038970	0.103345	0.002764	0.112961	-0.082890	-0.029079	-0.011285	-0.100903	0.134125	-0.035315	0.060234	0.001107	0.096630	-0.036900	-0.035640	0.062932	-0.024699	-0.001009	0.056441	0.015060	-0.028497	-0.084492	0.007592	-0.100771	0.115839	-0.043484	0.071477	0.021104	0.065612	-0.027549	-0.026815	-0.056585
0.632029	0.103999	0.084403	-0.213428	-0.065130	-0.014868	-0.268743	-0.122835	-0.238448	0.155789	-0.191753	0.185561	0.185547	0.140506	-0.073039	-0.010293	-0.124820	0.072087	0.170316	0.079939	0.086087	-0.031020	-0.013521	0.115181	0.047129	0.012608	0.021088	-0.053330	0.027774	-0.116740	0.086193	-0.016436	0.148446	-0.022487	-0.138345	0.043623	0.083676	0.147195	0.034156	0.009486	0.059381	-0.018190	-0.023869	0.098659	0.123621	-0.121057	0.009954	-0.082136	-0.042812	0.035833
0.741312	-0.032969	0.086379	-0.150244	-0.198563	0.063240	-0.219065	-0.019582	0.048420	0.087865	-0.160466	-0.069116	-0.197387	-0.014648	-0.021249	0.055453	0.132359	0.094549	0.133465	0.006454	0.018322	-0.072573	-0.054421	0.086796	0.012188	0.023499	0.097832	-0.030267	-0.035079	-0.012056	-0.080013	0.025433	-0.043553	-0.037479	0.015873	-0.079874	-0.053889	-0.058927	-0.083909	-0.206205	0.012778	-0.079030	-0.056839	0.190669	-0.059312	0.020244	0.099925	-0.013920	-0.150556	-0.124816
0.763172	0.261452	-0.083545	0.073090	0.101012	-0.168191	-0.226196	0.055279	0.314739	-0.080187	-0.307609	-0.055725	0.045933	-0.013956	-0.009907	-0.013223	0.065390	0.005602	0.064019	0.001786	0.061975	0.009213	0.016096	-0.007606	-0.004112	0.004278	-0.004587	-0.037906	0.056047	-0.031704	0.036505	0.005515	-0.002788	-0.018667	-0.020883	0.027876	0.017299	-0.033199	0.046106	-0.025670	0.048284	0.061982	-0.023602	0.032217	0.014048	-0.006321	-0.017548	0.063160	0.012392	0.022711
0.792314	-0.012149	0.017009	0.334991	-0.099247	-0.068395	0.064174	0.100746	-0.074766	0.099467	-0.014539	0.055301	-0.007539	-0.125506	-0.052460	0.030270	-0.036626	0.027069	0.088449	-0.141177	0.024822	0.015282	-0.082682	0.006942	0.103290	0.029943	0.011053	-0.035259	0.147263	-0.057632	-0.030361	-0.156122	0.014539	-0.160842	-0.036311	0.070118	-0.010333	0.013680	-0.017196	0.041684	0.020445	0.104143	-0.079676	0.082920	0.000869	-0.055182	-0.103438	-0.044941	0.039683	-0.123650
0.761287	0.047547	-0.137182	-0.032848	0.210933	0.064289	0.217128	-0.258036	-0.035819	0.021917	-0.035623	-0.080388	-0.004870	-0.235692	-0.050003	0.042624	-0.037319	0.035348	-0.004984	-0.011597	-0.203125	0.038373	-0.028721	0.105266	0.020280	-0.014054	-0.020262	0.006784	-0.052254	0.088028	-0.110789	0.050527	-0.031786	0.002312	-0.098072	0.086899	-0.106205	0.096919	0.015155	0.003085	0.102170	-0.033405	0.117805	0.058734	-0.019057	0.046195	0.076409	-0.039079	-0.042408	0.055615
0.762434	-0.023238	-0.086102	0.068768	0.164722	-0.015416	0.165084	-0.099342	-0.147367	0.014867	0.015619	-0.123176	-0.082808	-0.094039	-0.169409	-0.081787	0.055879	0.054726	0.130043	0.022078	-0.154195	-0.077190	0.091011	0.078251	0.121260	-0.031427	-0.027189	0.095461	-0.068876	0.020062	-0.008457	0.047709	-0.040182	-0.145459	-0.058199	0.054603	-0.072254	0.067208	0.037067	0.030884	0.109721	-0.044983	0.273095	0.006097	-0.009856	0.054731	0.104839	-0.024233	0.083657	-0.028713
0.645333	0.019934	0.045695	0.198601	-0.269831	0.083007	0.011634	0.048109	-0.207537	-0.031624	0.006216	-0.117201	0.037412	-0.133011	-0.224931	0.015207	0.019770	0.011360	-0.129906	0.280267	0.280551	0.169092	0.158370	0.018232	0.099386	0.050541	-0.076624	0.051483	0.030840	0.111600	-0.052080	-0.163705	0.092173	-0.012279	-0.001483	-0.035127	-0.026546	0.046411	0.042451	-0.046572	-0.004115	0.039887	-0.027031	-0.016667	0.109018	-0.002564	0.055021	-0.025254	-0.063117	-0.017483
0.464203	0.228664	-0.036767	-0.024537	0.052202	-0.138634	-0.180967	0.073504	-0.091775	-0.000298	-0.135088	-0.042853	0.021945	-0.149707	0.483094	0.025309	0.033301	-0.342737	-0.013439	0.057606	0.103533	0.037725	-0.007242	0.029142	-0.031650	-0.104682	-0.126130	0.096108	-0.065058	0.128197	0.017251	-0.062444	-0.172074	0.020343	-0.081896	-0.017126	0.174014	-0.095236	-0.129919	0.108178	-0.097949	0.136789	0.035970	0.201901	-0.013598	0.004384	-0.053524	0.038013	-0.065596	-0.059412
0.686232	0.199670	-0.049401	0.033906	-0.076322	0.169559	-0.051229	-0.042720	-0.052929	-0.081872	0.015373	0.025606	-0.033908	0.024621	-0.052432	0.230726	0.032273	-0.142260	-0.008980	-0.014006	-0.146671	-0.196862	0.003355	-0.125872	0.106099	-0.078551	0.099036	-0.010569	0.066512	-0.034529	0.186749	-0.062600	-0.091528	0.007888	-0.004533	-0.015172	0.307683	0.080234	-0.143847	-0.090391	0.100807	0.047932	0.055917	-0.067178	-0.007687	-0.046344	0.030451	0.036262	0.202338	0.069876
0.775239	0.282474	-0.040376	-0.282341	0.111194	0.109056	0.089499	-0.047158	-0.096952	-0.003811	-0.075738	-0.075913	0.098876	-0.043023	-0.101285	0.007960	-0.062192	-0.071710	0.050302	-0.026847	0.034667	-0.035916	-0.020316	0.054150	-0.135954	-0.131411	0.064847	0.065191	0.006215	-0.072394	-0.117654	0.052500	0.104464	-0.051538	0.007917	0.018477	0.167899	-0.016228	0.095484	0.035901	-0.076671	-0.008372	-0.086202	0.054279	0.016528	-0.065429	0.022977	-0.040713	-0.013847	-0.015471
0.574325	-0.085918	0.030731	0.017189	-0.180761	-0.016134	-0.112851	0.076346	-0.144364	0.087771	-0.170396	-0.185789	-0.195601	-0.151640	0.114457	-0.110884	0.047287	0.029529	-0.147928	-0.042423	-0.304511	-0.153472	0.058928	-0.049769	0.062736	0.193392	-0.014340	-0.044829	-0.039798	-0.030966	-0.000406	-0.230293	0.044534	-0.082743	-0.022184	-0.169105	0.060195	0.126080	0.131717	0.079976	0.054443	0.046141	-0.139250	-0.154785	0.034787	-0.008566	0.194547	-0.055794	-0.095631	-0.046019
0.715359	-0.096030	0.002683	0.132397	0.003678	-0.130425	-0.272403	0.033841	-0.045889	-0.002303	0.015179	-0.094398	-0.041484	-0.031411	0.240840	-0.040962	0.070861	-0.215087	0.146992	0.033514	-0.026018	-0.064812	-0.037152	-0.035445	0.014414	0.089156	-0.024205	0.003094	-0.124309	-0.056902	-0.074491	-0.113645	-0.041938	-0.087650	-0.063202	-0.039718	-0.049785	0.007098	0.221302	0.034921	0.057197	0.176658	0.132366	-0.051220	0.051789	0.005158	0.129647	-0.135089	-0.020447	0.086654
0.892680	-0.100365	0.209480	0.214577	0.014799	-0.062412	0.052572	-0.032946	0.023800	0.025243	0.068078	0.063255	-0.065998	-0.012658	-0.012764	0.006488	0.023952	-0.041089	-0.002280	-0.121883	0.026960	-0.012727	-0.032067	0.011650	0.071077	0.060675	0.020070	-0.054505	0.006034	-0.056614	-0.001756	-0.011658	-0.002329	-0.076228	0.036812	0.031750	0.029752	0.067692	-0.026029	-0.049916	0.029249	0.032597	-0.034520	0.104432	0.016636	-0.013368	-0.093315	-0.060289	-0.046758	0.011041
0.825803	-0.054517	0.266907	0.249500	0.083817	-0.090890	0.064334	0.203719	-0.020306	-0.003238	-0.017980	-0.017532	0.101987	0.065394	-0.041684	0.049230	0.043902	-0.079240	-0.052880	-0.031159	-0.025700	0.007914	-0.059584	0.046773	-0.063904	-0.008177	0.069957	-0.000456	0.059304	-0.000668	0.104036	0.075733	-0.073104	-0.022769	0.029352	0.070871	0.069253	0.009709	-0.022245	0.113298	0.059972	-0.050447	0.003349	0.092628	-0.024787	0.010645	0.048044	-0.066739	-0.026856	-0.017358
0.814699	-0.085161	0.266397	0.243531	0.090894	-0.047494	0.089193	-0.057796	0.077080	-0.097665	0.106535	0.067610	-0.024992	0.064790	-0.047103	0.085656	0.063057	0.001657	-0.002564	-0.046716	0.055259	-0.045786	0.014221	0.076219	-0.004395	0.010441	0.097352	-0.003023	0.022095	0.002281	0.130225	0.058111	-0.075808	0.071559	0.059848	0.019582	0.110783	0.000670	-0.005208	0.178738	0.011180	-0.060852	-0.013241	-0.012540	-0.045274	-0.005832	0.126109	-0.003842	-0.040453	0.022229
0.825581	0.057673	0.218059	0.117162	0.032562	0.128920	0.115723	-0.183370	0.006029	-0.121947	-0.086767	-0.089080	-0.003337	-0.017403	0.113466	0.012624	-0.172062	0.087885	0.006064	0.029398	0.038109	-0.105786	-0.159429	0.001861	-0.082428	-0.077389	-0.047691	0.069586	-0.007609	-0.028693	0.051736	-0.047311	0.033987	-0.030470	-0.136807	0.058752	-0.045122	0.012960	0.008644	0.023463	0.068212	0.048146	0.004381	-0.017982	0.065468	0.038249	0.011813	-0.031487	0.021420	0.040916
0.783042	-0.042796	0.349810	0.329550	0.090943	0.010110	0.129870	0.034611	-0.014598	-0.053442	0.079608	0.020787	0.092006	-0.008874	0.045003	-0.080419	0.050896	0.034820	-0.077013	-0.048017	0.034107	-0.094352	-0.068058	-0.022288	0.048079	0.117062	0.032819	-0.005734	-0.015849	-0.077381	0.056207	-0.049286	0.054442	-0.089004	0.036422	0.084622	0.003992	0.033324	-0.025009	-0.043781	-0.117307	0.014070	-0.005086	0.073061	0.001201	-0.011282	-0.011649	0.015262	0.038643	0.013786
0.780697	-0.102659	0.289970	0.068875	0.053399	-0.059660	-0.009515	-0.209515	0.078923	-0.070281	0.122468	0.059080	-0.032613	-0.135701	-0.026022	0.010825	-0.017021	-0.081034	-0.077069	-0.089330	0.203059	0.064045	-0.122996	0.040212	0.038517	-0.052583	0.066163	0.070656	-0.083356	0.126345	0.036462	0.004768	-0.004885	-0.001883	0.020047	0.046586	-0.029302	0.144577	-0.006647	-0.044965	-0.100277	-0.108144	0.083717	-0.092957	-0.042333	-0.048012	-0.022609	-0.001094	-0.013895	0.038106
0.826103	-0.004828	0.058438	0.312655	-0.012132	-0.043527	-0.019867	-0.062204	0.031919	-0.060729	-0.074606	-0.014892	-0.018329	0.054145	0.039937	0.074825	-0.052885	-0.111817	-0.081553	-0.145356	0.114254	-0.115727	0.030321	-0.011171	-0.042822	0.103238	-0.007445	0.070359	-0.080748	-0.037138	0.038361	0.001646	-0.021721	-0.060923	-0.026621	0.155630	0.029731	0.185837	-0.103319	-0.047144	-0.033812	-0.034125	0.016039	-0.006273	0.040613	-0.014919	-0.000689	0.003651	-0.039599	0.090397
0.886552	0.033993	0.070410	0.125556	-0.052194	0.036483	-0.086495	0.025369	-0.052667	-0.061688	-0.083179	-0.050583	-0.091294	-0.000930	0.016413	0.016969	-0.103562	-0.131923	0.021066	-0.044281	0.123911	-0.016269	0.015554	0.143262	-0.051187	0.048620	0.000245	-0.013092	0.015629	0.026256	-0.028307	-0.027316	0.091909	-0.079580	-0.093196	0.053727	-0.049657	-0.090759	-0.034145	0.070595	0.031907	-0.043991	-0.061978	-0.012247	-0.114762	0.009823	0.112998	-0.046517	0.007793	-0.045327
0.737552	-0.184454	0.272249	0.004825	0.027826	-0.100092	-0.066867	-0.053114	-0.013396	0.160275	0.143641	-0.039663	-0.054444	-0.156077	-0.070956	-0.126276	-0.168846	-0.040363	0.036031	-0.035592	-0.077581	0.238219	0.003779	0.028499	-0.062610	0.002866	0.022539	0.041201	0.027358	-0.003326	-0.090828	0.032706	0.080501	-0.058482	-0.050303	-0.091923	-0.055433	0.094836	-0.049686	0.051243	0.145032	0.008325	0.042039	0.054828	-0.048030	0.101804	-0.108211	-0.071775	0.060393	-0.154203
0.687308	-0.099826	0.477767	-0.001302	0.217924	-0.064275	0.102924	0.209213	0.028131	0.022897	-0.112005	-0.024264	0.137021	0.062783	-0.055980	0.034905	-0.088179	-0.008932	-0.047131	-0.029855	0.004178	0.004124	-0.005800	0.008662	-0.156244	0.125846	-0.016141	-0.051458	0.041584	0.116817	-0.061940	-0.013334	-0.013488	0.073296	0.015037	0.112127	-0.001793	-0.059273	-0.006906	-0.130092	0.019601	-0.003707	-0.052273	-0.094637	0.096914	0.009828	-0.030128	-0.003913	0.075752	0.033746
0.666534	-0.055216	0.518595	0.115117	0.127968	-0.023440	0.156771	0.169371	-0.017342	0.046088	0.000251	0.022201	0.019683	0.092162	-0.124538	-0.008527	0.047721	-0.118021	-0.115400	-0.016535	-0.119388	-0.081935	-0.017688	-0.104413	-0.103341	-0.055195	0.011080	0.062955	0.148051	-0.018327	0.019514	0.128691	0.019967	-0.063731	-0.083748	-0.033302	0.022219	0.055150	0.033981	-0.036485	0.073743	0.006622	0.001788	0.031349	0.041940	-0.026438	-0.001771	0.056078	0.141306	-0.057337
0.637897	0.123720	0.153689	-0.182174	0.211250	-0.083458	0.463815	-0.021273	0.123215	0.050411	0.102818	0.249768	0.079298	0.140310	0.004416	-0.158536	0.058171	-0.050562	-0.060054	0.140220	0.031887	0.006875	0.010373	-0.100757	0.008094	0.004836	0.121871	0.038043	0.004563	-0.008056	-0.054017	-0.064027	-0.052900	0.036960	-0.043070	-0.016719	0.060627	0.093038	-0.001266	-0.109789	0.016786	0.034000	0.012816	0.018488	0.013481	0.110823	-0.033997	0.004506	-0.026947	0.031275
0.810814	0.033499	0.397240	0.070132	0.049500	0.075060	0.130649	0.197260	0.043134	-0.031351	-0.016179	0.089563	-0.055780	0.083813	-0.133823	0.003016	0.083372	-0.014574	0.060365	0.026376	0.033809	-0.044468	-0.048140	0.086363	-0.007878	-0.070161	0.003563	-0.077608	-0.079445	0.011308	-0.048147	-0.008040	-0.041596	0.004052	-0.006951	-0.000796	-0.045977	0.019117	0.079471	-0.061035	0.009965	0.001009	-0.018738	-0.030380	-0.039829	0.094999	0.029695	-0.004253	-0.015335	-0.061778
0.819483	-0.109838	0.364447	-0.036359	0.118395	-0.069889	0.041592	-0.097436	0.007209	0.079472	-0.025378	-0.068981	0.098060	-0.064222	0.009292	0.070537	-0.059908	0.066100	-0.113748	0.008919	0.009455	0.097629	-0.031675	0.008760	0.037410	0.060813	-0.069257	-0.048654	-0.089702	0.054743	-0.064043	0.092172	0.071731	0.007883	-0.034864	0.033382	0.039513	-0.086141	-0.049572	0.022448	-0.057296	0.096699	0.015139	-0.046873	-0.059688	0.052389	0.076086	0.049482	0.018359	0.067383
0.668583	-0.092924	0.448677	-0.082161	0.021302	0.040997	-0.115463	0.003935	0.013132	0.004010	0.061608	0.228210	-0.063904	-0.078769	0.042743	-0.159734	0.076180	-0.140553	0.014192	-0.079058	0.250330	-0.110650	-0.002689	0.059769	0.084645	0.056702	0.032024	0.018281	-0.160607	0.053571	-0.016151	-0.024653	0.049070	-0.037198	-0.037626	0.048305	-0.017583	0.063140	-0.018300	-0.097648	-0.025429	-0.037468	0.094730	-0.087233	-0.029803	-0.065408	-0.127233	0.080884	-0.051204	0.067045
0.707784	-0.066389	0.277775	-0.035410	-0.006678	-0.021748	-0.039566	0.255880	0.039287	-0.039455	-0.008408	0.067998	-0.057387	0.269676	-0.187094	-0.004925	0.128341	-0.074204	0.022684	-0.137072	-0.047615	-0.194239	0.035019	0.148995	0.049748	-0.139467	-0.060514	-0.000204	0.032447	0.063447	-0.149141	0.069371	0.051184	-0.002030	-0.128978	0.022292	-0.031013	-0.070743	0.002516	-0.093097	-0.008277	0.081604	-0.031126	0.085154	0.096120	0.009410	0.066157	-0.044006	0.007378	0.048574
0.697286	-0.081764	0.458889	0.057653	0.142210	0.012793	0.116162	-0.115226	0.021723	-0.033871	0.091097	-0.006309	-0.016399	-0.108893	0.023255	0.136040	-0.169915	0.057980	-0.113579	0.028923	-0.113297	-0.017512	-0.128046	0.026400	-0.067870	-0.085036	-0.097489	0.082528	0.067535	0.051561	-0.050100	0.044329	0.057275	-0.117238	0.001659	-0.033725	-0.070243	0.073870	0.086068	0.132528	-0.043298	-0.041178	-0.075716	-0.108591	0.034556	-0.016077	-0.088408	0.008333	0.048501	0.050492
0.703842	-0.190563	0.423702	-0.195546	0.067376	-0.083353	-0.103803	-0.006070	0.024343	0.132369	0.003237	0.073800	-0.013375	0.020516	0.017296	-0.019124	-0.067237	0.065490	0.067095	-0.026392	0.022349	0.029633	0.126347	0.074077	0.111370	0.111499	0.041170	-0.086461	-0.041752	0.015748	0.034212	-0.058940	-0.034367	-0.020511	0.002493	-0.003973	0.020156	0.080004	0.026700	0.010509	-0.138295	0.073063	-0.219939	-0.007707	-0.011527	0.059604	0.074470	0.064880	0.027830	0.171906
0.736420	-0.155332	0.469319	-0.053989	0.121115	0.019098	0.023599	-0.035679	0.002754	0.058109	-0.053223	-0.076379	-0.039827	-0.057679	0.049657	0.087622	-0.204669	0.036499	-0.044949	0.064554	-0.044526	-0.081295	-0.053072	-0.061948	0.018165	0.063280	-0.080666	-0.044653	0.074921	0.041942	-0.137707	0.008565	0.040624	-0.094257	0.044564	0.013564	-0.015530	-0.022619	0.061495	0.023260	0.037477	-0.102309	0.059518	-0.042182	0.053108	0.023167	-0.074661	0.020923	0.058846	0.121274
0.695435	0.019569	0.301471	0.090278	0.022091	0.087262	0.097262	-0.202107	-0.056628	-0.087459	0.156554	-0.017342	0.002916	-0.006128	0.051230	0.080797	0.159592	0.076979	0.012009	0.001472	0.088810	0.119804	-0.027513	-0.091334	-0.051792	-0.122657	-0.220814	0.073209	-0.054031	0.020030	-0.042818	0.041976	-0.062656	0.031042	0.035687	-0.143564	-0.041971	-0.074705	-0.002306	-0.030679	0.246789	0.019640	-0.052546	0.033076	0.124600	-0.005670	-0.173719	-0.096440	0.005472	0.129468
0.677303	-0.170283	0.250855	-0.136164	0.253456	0.127656	-0.055515	-0.173052	0.058326	-0.019157	0.024213	-0.124764	-0.064458	-0.038126	0.093610	0.095458	-0.154039	0.083139	-0.115158	-0.016615	-0.139888	0.004231	-0.000759	-0.001401	-0.024885	0.056697	0.054602	-0.037455	0.133438	0.019061	-0.131353	-0.143649	0.131840	-0.055494	-0.062553	0.089787	-0.100889	-0.133274	0.026931	0.029087	0.059351	-0.109723	-0.034179	0.000192	0.081126	-0.107567	-0.087418	0.190856	-0.059588	0.036541
0.676586	-0.124037	0.284103	-0.028895	0.096491	-0.046879	-0.046683	-0.116366	0.043263	0.029213	0.165290	0.183240	-0.050800	-0.102908	-0.003007	-0.063575	0.166844	-0.263136	-0.069006	-0.130657	0.105396	-0.047086	-0.149619	0.059551	0.103611	0.033458	0.037595	0.043872	0.165192	-0.041724	0.087332	-0.077870	0.204036	-0.005770	-0.110537	0.067757	-0.050557	0.012742	-0.014882	-0.033141	-0.116630	0.120784	0.012769	-0.018784	-0.147805	-0.041090	-0.076307	0.006029	0.013952	-0.018296
0.656713	-0.124532	0.432696	0.106917	0.169888	-0.040100	-0.001052	0.046499	-0.028518	0.040140	0.022905	0.161457	-0.009966	0.029558	-0.051073	-0.078041	-0.013690	-0.177173	-0.115699	-0.138996	0.156303	-0.096157	-0.099148	0.077583	0.149130	0.189148	0.070035	0.016426	0.015213	-0.123531	-0.002718	-0.071289	0.160693	-0.148301	-0.006081	-0.005822	0.027351	0.105068	0.000836	-0.011165	0.012908	-0.009271	0.046300	0.067049	0.053163	-0.028637	-0.054744	-0.080429	0.003506	0.076445
0.592075	-0.126086	0.534885	-0.145369	0.249359	0.048431	0.068514	-0.025340	0.059607	-0.033122	0.014856	0.138038	-0.013134	0.048266	-0.023121	-0.064094	0.007833	0.062279	0.138117	-0.041382	-0.047768	-0.014512	0.043582	0.095843	0.007284	-0.113285	-0.034878	-0.054183	0.115703	-0.017665	0.095255	-0.135192	0.034518	0.202468	-0.128628	-0.033053	-0.062686	0.009543	0.005134	0.001050	0.088153	0.148084	0.102885	0.079900	0.066479	-0.040758	0.032010	0.034978	-0.010168	-0.100083
0.735634	-0.160382	0.309185	0.043903	0.289200	-0.001726	0.124819	-0.186943	0.032892	-0.049439	0.177257	-0.011267	-0.084988	0.065545	-0.046686	-0.057229	0.068106	-0.117227	0.122956	0.025954	0.144434	-0.097326	-0.011847	-0.010840	0.010211	-0.019467	-0.044898	0.002056	0.020668	0.009511	0.022374	0.019874	0.018063	-0.073871	-0.000518	0.075613	0.065737	0.107993	-0.057643	-0.042855	-0.123306	0.066685	-0.068061	-0.104630	-0.036455	0.051232	0.036183	0.072868	-0.045113	-0.014819
0.788054	0.070365	0.149960	0.206229	-0.003365	-0.079656	0.059299	-0.016518	0.218590	0.013280	-0.132761	0.062543	-0.031161	0.064647	-0.040640	0.169312	0.186556	0.061042	0.012030	0.009564	-0.066127	-0.061961	-0.037722	0.087099	-0.011293	-0.011923	0.027965	0.008527	0.064235	-0.041540	0.144289	0.125950	-0.107488	0.111650	0.120921	-0.025881	0.058851	-0.036814	0.056849	0.141460	0.103244	0.034040	0.007868	0.035034	-0.063667	0.017246	0.063934	-0.025489	0.003068	0.068337
0.760731	-0.086932	0.454728	0.140335	0.201211	-0.102863	0.181873	0.058588	0.052395	0.108722	-0.076668	0.014477	0.045411	0.091561	0.032838	0.041922	0.023622	0.044798	-0.099061	0.069728	-0.088483	-0.002407	-0.003592	-0.041022	0.010492	0.033929	0.017589	-0.096410	-0.005563	0.019060	0.018441	-0.021561	0.064929	0.039000	0.014226	0.026217	-0.025450	-0.028961	-0.030295	0.000350	0.017364	0.046157	0.008477	0.078898	0.061766	0.001790	-0.040611	0.038340	0.005456	0.046761
0.599858	-0.109753	0.370967	0.004012	0.206771	-0.008997	0.135079	-0.179637	0.009274	-0.066293	0.062179	-0.039015	-0.054962	0.081036	-0.011474	0.052385	-0.033623	0.012844	0.056993	0.110982	-0.128792	-0.019784	-0.022119	-0.040686	-0.006510	0.009968	-0.017696	-0.042805	-0.046006	-0.044998	-0.000185	-0.077309	-0.050366	-0.201575	0.014328	-0.044932	-0.099702	-0.185655	-0.185549	0.058943	0.094729	0.060262	0.091437	-0.020147	0.291347	0.016982	0.065741	0.205558	-0.207092	-0.052050
0.875658	-0.077468	0.189763	0.266253	0.117669	-0.125961	0.052633	-0.096307	-0.034314	-0.005796	0.049176	-0.023819	-0.061191	-0.041918	-0.000737	-0.044405	-0.107528	-0.042672	-0.052831	0.044405	-0.026766	0.002671	-0.093620	0.023979	-0.007519	-0.013127	-0.032586	-0.068369	0.040045	-0.076556	-0.023622	0.049566	0.074975	0.016013	0.024640	0.012086	-0.029592	-0.018783	0.044223	-0.020303	0.007789	-0.012346	0.007382	0.045450	0.001702	-0.031116	-0.040425	-0.001686	0.055314	0.063340
0.856456	-0.256288	-0.139924	-0.161432	-0.152449	-0.128252	0.022649	-0.056507	0.025404	-0.103353	0.018695	0.079130	0.008081	0.004036	0.014569	-0.028339	-0.021208	0.027691	-0.124411	-0.093099	0.056266	-0.006894	-0.050831	-0.031378	0.047129	-0.048363	-0.024269	0.074384	-0.097477	0.083709	-0.045548	-0.016378	0.022565	0.015688	0.014646	0.030764	0.006546	-0.012661	-0.050536	0.015481	0.035128	-0.053202	0.066362	-0.046393	0.090579	-0.061489	-0.030395	0.035081	0.024934	0.027502
0.899605	-0.073447	-0.100547	0.214109	-0.161487	-0.091036	0.035631	-0.013471	-0.011036	-0.081023	-0.011518	0.073226	0.014314	0.031438	-0.064400	0.005669	-0.071163	-0.008491	-0.009272	-0.080859	0.028505	0.051280	0.037453	-0.051178	-0.092914	0.057634	0.018279	-0.018257	-0.040220	-0.042419	0.025476	0.003607	-0.019150	0.019418	0.012661	0.111754	0.023895	0.040724	-0.035671	-0.035485	-0.042895	-0.024609	0.018829	0.011735	0.094871	-0.033027	-0.083204	-0.038526	0.016871	-0.013874
0.866779	-0.246787	-0.205203	-0.139793	-0.086068	-0.118981	0.154627	-0.106019	0.081832	-0.008754	0.029071	0.014554	0.026445	-0.091870	0.022022	-0.032225	0.025031	0.052499	0.030145	0.063719	-0.002905	-0.020426	-0.039305	0.028284	0.024690	-0.016487	-0.073712	0.011044	0.007123	-0.032740	0.008790	0.054013	-0.064678	-0.063469	0.022422	0.028339	0.035791	0.013075	0.014783	-0.020594	-0.007940	-0.043033	0.058235	0.011350	0.051222	0.000779	-0.013759	-0.072829	0.018868	-0.061122
0.824641	0.183434	-0.133096	0.030856	-0.045943	-0.054920	-0.077640	0.008902	0.044356	0.096760	-0.073674	0.081014	-0.073441	-0.002247	0.119935	-0.063865	-0.101345	0.099607	0.004381	0.102121	0.063656	0.070254	-0.002615	-0.110060	-0.029830	0.085457	0.155233	0.036396	0.067931	0.132203	-0.005022	-0.166848	-0.048699	-0.027369	-0.037563	0.164765	-0.008055	-0.023167	-0.049666	-0.011076	-0.059964	0.039000	-0.054053	-0.009097	0.118193	-0.046888	-0.021013	-0.044393	-0.108540	-0.023755
0.796882	-0.146415	-0.178233	0.193532	-0.223739	-0.091248	0.271560	0.067073	0.014368	-0.152330	0.112274	0.127076	0.005437	0.100289	-0.037493	0.022295	0.046280	0.010696	0.050705	0.001868	-0.025903	-0.036298	-0.050355	-0.012563	0.012124	0.013002	-0.040537	-0.009090	-0.027020	0.056346	-0.050228	0.026415	0.016405	0.004404	0.076798	0.046406	-0.025628	-0.030439	-0.089850	0.054934	-0.041329	0.077627	0.066393	-0.081047	0.032495	-0.087641	-0.058528	-0.047030	0.020330	-0.018578
0.785839	-0.200034	-0.158220	-0.189862	0.084310	-0.023721	0.209856	-0.247185	0.028593	-0.001785	-0.153902	-0.084526	0.040084	-0.192518	-0.041491	-0.047371	0.032055	-0.035461	-0.009107	-0.041280	0.091285	0.037370	-0.048703	-0.037736	0.145356	-0.111781	-0.012072	0.037334	-0.084706	0.044358	-0.018037	0.103721	-0.016679	0.023176	0.009762	-0.025698	-0.030003	0.013787	-0.069234	-0.014196	0.052251	0.019995	0.018155	-0.026501	0.027958	-0.089188	-0.004193	0.017296	0.020189	-0.000467
0.837656	-0.179936	-0.282370	-0.099608	-0.082997	-0.008449	0.225697	0.094161	0.014175	-0.091980	-0.033304	0.105998	0.019325	-0.049194	0.004656	0.025820	-0.003944	-0.099933	-0.063018	0.036331	0.016363	-0.022008	0.037494	-0.069055	0.004241	0.062173	-0.091672	-0.086030	-0.077795	0.006693	-0.054366	0.046281	-0.033683	-0.026252	0.020534	0.063607	-0.067562	-0.009464	0.010430	-0.053520	0.022134	0.011917	0.010590	0.056284	0.089976	-0.006815	-0.025459	0.040299	0.057356	-0.020254
0.632575	-0.249264	-0.146331	-0.472160	-0.141040	-0.048286	0.101917	0.036110	0.043349	-0.009182	0.007800	0.025312	0.001859	0.183801	0.066470	0.003910	0.087498	-0.041086	-0.258161	0.011083	-0.049111	-0.054631	-0.015845	-0.068195	-0.109403	0.014260	-0.007503	0.039430	0.110959	0.008481	0.035828	0.048886	0.117740	-0.029957	-0.011228	-0.006992	0.038861	0.097358	-0.076544	-0.003132	0.056770	0.051999	-0.047231	-0.076162	0.003982	0.191669	-0.093536	-0.032152	0.075729	0.065535
0.800562	0.138319	-0.120585	0.271176	-0.129278	-0.190292	-0.003014	-0.013874	0.020644	0.066248	-0.010630	0.009990	0.037952	-0.065929	-0.013644	0.043409	-0.053144	-0.117796	-0.169301	-0.034784	0.036950	-0.063212	0.029405	0.000113	0.010051	0.000109	-0.145602	-0.014729	-0.082041	0.141726	0.058161	0.020663	0.074166	0.060347	0.030714	-0.030048	0.005935	0.052639	-0.104043	0.030784	0.076743	0.065851	0.089158	0.134437	-0.022213	-0.018187	-0.008076	-0.110071	-0.005308	-0.078033
0.806784	-0.093299	-0.164299	0.176029	-0.126202	-0.077849	0.159581	-0.064540	-0.012610	-0.071234	-0.027204	0.004113	-0.075597	0.074160	0.004561	-0.133414	-0.029234	-0.041984	-0.134288	-0.063267	-0.045646	-0.043786	-0.014267	-0.133480	0.030337	0.098154	-0.007788	0.047569	0.054563	0.063107	-0.031877	0.074367	0.112440	0.018239	-0.013688	0.022302	-0.029944	0.020657	-0.078003	-0.011206	0.010896	0.032472	0.262370	0.109853	0.021164	-0.123963	-0.006649	-0.028583	0.030167	-0.043041
0.721216	-0.268916	-0.248409	-0.264440	0.194366	0.069992	0.194826	-0.177246	-0.034291	-0.045216	-0.025620	-0.163784	0.000490	0.038296	-0.066664	-0.061115	0.125656	-0.065388	0.021282	0.049356	-0.091690	-0.114658	0.055399	-0.073873	-0.044387	0.023516	0.010536	0.046627	0.050162	-0.019769	-0.065251	-0.048284	-0.106586	-0.026782	-0.088509	0.039180	-0.049352	0.018300	-0.017820	-0.130478	0.052420	-0.034071	0.044865	0.030862	0.034391	0.043263	0.030556	-0.013167	-0.004773	-0.059520
0.650453	-0.268226	-0.134070	-0.408697	0.130302	-0.021480	0.148033	-0.150298	-0.048116	0.002645	-0.189827	-0.156161	0.087855	-0.109029	0.086534	0.007750	-0.126800	0.110665	-0.084371	-0.033127	0.032439	-0.036752	-0.005683	-0.022807	-0.131476	0.018243	-0.011000	0.052324	0.021227	0.059468	-0.019150	-0.113462	-0.095260	0.004563	-0.036866	0.023464	-0.074970	0.024919	-0.023931	-0.064276	0.073446	-0.066609	0.059265	0.003692	0.131842	-0.036508	0.134953	0.080768	-0.051379	0.097563
0.596563	-0.208669	-0.277453	-0.391154	0.169019	0.075500	0.263076	-0.112974	-0.117173	0.090271	-0.198949	-0.058931	0.168506	-0.097775	-0.055591	-0.017509	0.142145	-0.065104	-0.093114	-0.040064	-0.027977	-0.001105	0.022808	0.036533	0.067918	0.072700	0.005331	0.008122	0.011573	-0.052535	0.110053	-0.027532	-0.099146	0.078127	0.005802	-0.009252	-0.045972	0.102179	0.035136	-0.007498	-0.015945	0.095657	-0.002267	0.104116	-0.024240	0.074501	-0.063092	-0.147533	0.040919	0.035274
0.687124	-0.239329	-0.103058	-0.326794	-0.011487	-0.107036	0.087671	-0.148534	-0.093002	0.111748	-0.169342	-0.090437	0.050181	-0.082483	0.112122	0.103970	-0.029078	0.072642	-0.136452	-0.092357	0.090418	-0.009927	-0.055205	-0.005854	0.097950	-0.056506	-0.006298	0.034071	-0.111794	0.055754	0.013992	0.002891	-0.027180	0.072757	0.141325	0.078843	-0.126869	0.051757	-0.122467	0.051103	0.150210	-0.042989	0.077075	0.118862	0.026262	-0.115367	0.058083	0.053493	0.094573	-0.066674
0.636777	-0.209676	-0.248433	0.015651	0.089772	-0.031803	0.014420	-0.082982	-0.025429	-0.202763	-0.005134	-0.027235	0.107043	-0.079455	-0.023521	0.070038	0.170452	0.125118	-0.120651	0.107810	0.047640	-0.162605	0.056944	-0.033203	0.045710	-0.089441	0.174747	0.029811	0.059143	-0.097504	0.063173	-0.210421	0.060071	0.087195	-0.055880	-0.043618	0.010348	0.155516	-0.131867	0.126386	0.107726	-0.095480	-0.042038	-0.009778	-0.124975	-0.227081	0.015679	-0.042192	0.092574	0.160247
0.719182	-0.237079	-0.098733	-0.196298	-0.033477	-0.198112	-0.093617	0.117924	0.012770	-0.093667	-0.001849	-0.106093	0.039782	-0.040849	0.233181	-0.094433	0.048830	-0.006600	0.109852	0.040962	0.123173	0.064133	-0.005912	-0.019954	-0.014602	-0.224244	0.034046	0.169804	-0.072814	0.064155	0.032700	-0.098883	-0.126830	0.019495	-0.038838	-0.030181	-0.010659	0.007553	0.104823	0.025612	-0.107413	-0.027788	0.051843	-0.003902	-0.073685	-0.067704	-0.136861	0.046021	-0.116178	-0.042346
0.780083	-0.162878	-0.169853	0.043019	-0.103042	0.037569	0.088700	-0.037786	0.010415	-0.054674	0.080214	0.089351	0.051882	-0.042758	-0.033921	0.049469	-0.036540	-0.103762	-0.034906	0.096114	-0.021348	0.104845	-0.113001	-0.036131	-0.138796	0.159496	0.039895	-0.144201	-0.029954	0.110153	-0.097227	-0.016748	-0.001141	-0.015230	-0.023677	0.207866	0.159266	0.096935	-0.104136	-0.041727	0.043238	-0.096156	-0.146900	-0.101788	0.043187	0.010017	-0.018057	-0.009160	-0.091195	-0.065201
0.640409	-0.212350	-0.229111	-0.249143	0.042200	0.044545	0.124317	-0.156353	0.234438	-0.080609	-0.048950	0.010496	-0.096324	-0.125371	-0.129244	-0.137068	0.146788	0.013315	0.137867	0.146799	-0.085222	-0.073592	-0.041280	0.003732	0.012104	0.076496	-0.192407	-0.092762	0.009024	-0.027174	-0.082452	0.153725	-0.003682	-0.040044	0.000130	0.146899	0.031441	0.071148	-0.035706	-0.010673	0.145139	0.080243	-0.010469	0.010847	0.048842	0.029550	0.114183	-0.005477	0.067958	-0.152438
0.701843	-0.240190	-0.218602	0.076783	-0.032241	-0.093520	0.124763	-0.043344	-0.103151	0.003043	0.051995	-0.007695	0.035769	-0.194096	-0.090588	-0.151972	-0.000749	-0.062826	-0.028279	-0.044227	-0.056372	0.003218	-0.070183	-0.001096	0.151453	-0.026493	-0.108867	-0.140585	-0.055761	0.080433	0.010065	0.072416	0.005589	0.067611	0.210770	0.056711	-0.032490	0.157282	-0.019736	-0.080187	0.024725	0.077634	0.104904	0.012777	0.219681	-0.181136	-0.019548	-0.121422	-0.004547	0.035632
0.730632	-0.080634	-0.145604	0.138080	-0.084308	-0.099566	0.127689	0.123343	0.020516	-0.083386	-0.042159	0.001813	0.098082	0.058799	0.067743	0.072613	0.104688	-0.166055	-0.019048	-0.054411	0.053341	-0.094814	-0.003337	-0.017215	0.079899	-0.079050	-0.079401	0.003602	-0.038334	0.233765	-0.039349	0.241246	0.200080	0.059882	0.104475	-0.059840	0.053491	0.002112	-0.066177	-0.041413	0.014744	0.121824	0.134760	-0.023122	0.036331	-0.142110	0.034574	-0.096201	0.046287	-0.122584
0.756060	-0.171455	-0.175525	-0.182204	-0.056636	-0.074541	0.212362	-0.069607	0.064952	-0.074151	-0.163775	0.043689	0.046300	-0.164498	-0.092401	0.029670	0.045186	0.053935	-0.074852	-0.058835	0.002737	-0.034932	0.013036	-0.038015	0.133477	0.026389	-0.114540	0.022931	-0.152162	0.036171	0.004808	0.078314	0.044161	0.112802	0.032541	-0.042082	-0.021386	0.063048	-0.078928	0.145222	0.112062	0.015463	0.099161	0.030314	-0.005615	-0.066005	-0.010370	-0.075965	0.108976	-0.156885
0.859601	-0.228496	-0.166091	-0.171287	0.023984	-0.139613	0.134506	-0.002575	0.075774	-0.054040	-0.023004	-0.078486	0.072071	0.029293	-0.092909	0.077909	0.084624	0.027076	-0.030461	0.011744	-0.059395	-0.059039	-0.044184	0.013326	0.047074	0.052182	-0.027251	0.040304	-0.046493	0.056681	-0.065841	0.038779	-0.038385	-0.060109	-0.015006	0.062979	0.010669	0.031933	0.065304	0.002847	0.034937	0.000392	-0.065946	-0.017425	0.086520	-0.005536	-0.021263	-0.035467	0.046889	-0.095259
0.648796	-0.152513	-0.060465	-0.183763	0.066337	0.001093	0.177653	-0.094253	0.007984	-0.134247	-0.155841	-0.094377	0.028877	-0.008011	0.065997	0.111752	-0.053588	0.176743	0.015469	0.107473	-0.300395	0.087578	0.026246	0.003545	0.003063	0.056629	-0.032385	-0.058815	-0.032843	-0.009323	0.040881	-0.078894	-0.187511	-0.165432	0.003915	0.001730	-0.046744	-0.109409	-0.186017	0.009294	0.061248	0.073284	0.121703	-0.061322	0.246216	-0.081370	0.111107	0.099869	-0.115954	-0.033559
0.911548	-0.093368	-0.110640	-0.141145	-0.085146	-0.035495	-0.004228	-0.025510	-0.066158	0.051049	-0.129151	0.024159	-0.036928	-0.062301	0.058738	-0.105466	-0.005058	-0.078049	-0.093330	-0.030242	0.027010	0.004861	0.010493	0.029895	-0.034820	0.051224	0.035966	0.025172	-0.140683	-0.003799	0.033100	-0.025888	-0.025074	-0.023417	0.009035	-0.066763	-0.079304	-0.025546	0.051772	-0.000962	0.067012	-0.066628	-0.001796	-0.021458	-0.016125	-0.017164	0.058777	-0.013188	0.012497	-0.032408
0.879312	0.264780	0.103292	-0.009908	-0.138173	0.118919	-0.017216	-0.042566	0.069748	-0.023626	0.059598	0.063434	-0.080244	-0.018095	-0.042572	0.124728	-0.041090	-0.049454	0.000744	0.044502	0.025713	-0.017493	-0.011411	0.063141	-0.002169	-0.021045	0.017710	-0.026945	-0.099061	-0.077441	-0.022527	-0.042493	-0.022568	0.049533	-0.042458	0.024404	0.116794	0.055059	0.002970	-0.007241	0.021794	-0.090934	0.021559	0.029360	0.007463	-0.041525	-0.067123	0.016381	-0.049326	-0.038689
0.760340	0.044268	-0.013855	0.292800	-0.159052	0.033056	0.084351	-0.189536	-0.041795	-0.007214	0.095034	0.001536	-0.013993	0.028621	-0.022386	0.067162	-0.150435	-0.104761	-0.059933	-0.045435	-0.000752	-0.153598	-0.082438	-0.033274	-0.155171	-0.135350	-0.055461	-0.025936	-0.116730	0.206164	-0.038274	0.052544	-0.054159	0.012510	-0.028424	-0.024451	0.062935	-0.085289	-0.029238	-0.118174	0.022292	0.091595	-0.068945	0.062226	-0.053620	0.027307	-0.050213	0.022956	-0.040701	0.118589
0.726413	0.078213	-0.012541	0.250380	-0.180199	0.115885	-0.008924	-0.121828	-0.050008	-0.048475	0.088384	-0.182089	-0.150051	-0.038351	-0.028579	0.003552	0.019542	-0.050498	-0.138933	-0.012579	0.149067	0.041136	0.078463	0.119552	-0.089352	0.008389	-0.077579	0.116826	-0.003672	0.120668	-0.027417	-0.082844	-0.064769	-0.057024	-0.085411	-0.044834	0.079739	0.084906	-0.011679	0.088445	0.234745	0.057050	-0.027176	0.123416	0.123810	-0.034987	-0.120725	-0.059203	-0.055053	-0.070467
0.833465	0.027124	0.095747	0.049489	0.034918	0.069264	0.094997	-0.208454	-0.055682	0.044163	-0.119232	0.153633	-0.009890	-0.098784	0.105062	-0.014369	-0.065947	0.001365	-0.057603	-0.077527	0.119200	-0.051448	0.024438	-0.002763	0.086777	-0.091339	0.066925	0.013671	-0.034702	0.077996	0.035117	-0.063919	-0.034035	0.067262	-0.101369	0.098985	0.107854	0.129556	-0.065502	-0.010422	0.061298	-0.029160	0.048182	0.063064	-0.023294	0.137990	-0.128882	0.009899	0.013318	0.016874
0.671965	0.481052	-0.136752	-0.100377	0.272264	-0.164593	0.006751	-0.054689	-0.237885	-0.074424	0.042151	-0.005182	-0.042847	-0.040919	-0.000580	0.087642	0.060685	0.037702	-0.009989	-0.121927	-0.033638	-0.007308	0.064916	-0.198301	0.037545	0.038543	-0.035073	-0.048031	-0.070378	-0.054654	0.058765	0.016155	0.011578	-0.004326	-0.030765	-0.022071	0.022561	0.012241	0.043904	-0.063696	0.010499	-0.061346	-0.072769	-0.024090	-0.012126	0.035929	0.014331	-0.067764	0.040932	-0.011330
0.658502	0.050740	0.100292	0.099132	-0.147257	0.161028	0.036992	0.137677	-0.017816	0.058648	0.146183	-0.354321	0.268864	0.009267	-0.037274	-0.152783	-0.015408	0.066176	0.012274	-0.228224	0.090193	0.032351	-0.140211	0.137277	0.025050	0.049781	0.029747	-0.017436	0.096931	0.108123	0.103890	0.070759	0.094342	-0.008846	-0.072632	0.002012	0.033771	0.066748	0.005562	-0.101344	-0.011090	-0.038243	0.081982	0.032802	-0.049472	-0.041770	0.152277	0.069311	-0.039258	0.096010
0.647547	0.219210	-0.170731	-0.088857	0.180284	-0.129586	0.128292	-0.055398	0.103855	-0.055887	-0.038531	-0.024586	-0.029365	0.025079	0.015131	-0.005795	-0.167507	-0.011160	-0.156872	0.022843	-0.116206	-0.062526	0.304786	0.252492	-0.019256	-0.057953	0.029317	-0.010791	-0.110756	-0.009046	0.275895	-0.026627	0.013508	-0.027498	-0.062874	0.061471	-0.080243	0.014213	-0.115936	-0.064201	-0.041041	0.089014	0.044251	-0.069429	-0.032390	-0.118286	0.003786	-0.139405	-0.054538	0.032120
0.660725	0.002410	0.027821	0.179283	0.005066	-0.066474	-0.274854	-0.313610	-0.135976	-0.223034	0.014586	0.114614	0.355922	0.107713	-0.019796	-0.126071	0.030777	0.058988	-0.041993	0.048929	-0.000398	-0.030177	-0.092650	-0.001952	0.012080	0.141656	0.120072	-0.030296	-0.059885	0.034932	-0.065356	0.001357	0.013826	0.005422	-0.028778	0.124741	-0.001085	0.045286	-0.052700	-0.076404	0.060834	-0.105955	0.071961	-0.022066	0.034110	0.017223	0.019644	-0.025201	-0.054403	0.003077
0.758939	0.219658	0.065802	-0.109446	-0.116930	0.167203	0.033309	0.140324	0.011797	-0.087416	-0.078889	-0.183752	0.012572	0.033048	-0.013264	0.118336	-0.016954	0.098467	0.111346	0.205661	-0.056327	-0.013805	-0.043265	0.014461	0.046779	0.112090	0.048678	0.216274	0.090997	-0.007967	0.148089	-0.113879	0.141538	-0.001451	-0.032516	-0.001445	0.067839	-0.035956	-0.011125	-0.061303	0.036573	-0.084726	-0.011715	0.001829	0.095401	0.052399	0.049320	0.038544	0.025844	-0.024593
0.883486	-0.034201	0.154846	0.249606	0.002517	0.004635	-0.024865	-0.051155	0.040859	-0.033991	-0.020671	-0.065485	0.004491	-0.031741	-0.044181	-0.079062	-0.018333	-0.006207	-0.051298	-0.047612	0.121932	-0.051415	0.129154	-0.045555	0.025784	0.012413	-0.078464	0.026918	-0.090413	-0.038219	0.043619	-0.009157	0.089058	-0.008336	-0.017721	0.071788	0.059176	-0.087238	0.028635	0.005003	-0.035985	-0.057212	0.108904	-0.015811	-0.048497	-0.029108	-0.000268	0.056708	0.049662	-0.011054
0.872626	-0.095769	0.348239	-0.019290	-0.011952	0.017996	0.004412	0.008136	0.000595	-0.011482	-0.013833	0.047336	0.047796	-0.078431	-0.015296	0.023670	-0.076415	-0.016413	0.048443	-0.055869	-0.022245	0.159808	0.029663	-0.014833	0.071507	0.079949	-0.006238	-0.034868	-0.019065	0.034252	-0.022518	0.035604	0.033730	-0.082367	0.004078	-0.047920	-0.014805	-0.014651	-0.027183	0.066895	0.023860	-0.080393	0.021968	-0.021500	-0.077715	-0.058507	-0.051619	-0.032762	0.059056	-0.005734
0.841683	-0.091603	0.253477	0.010231	0.050417	-0.016797	-0.044414	-0.095084	-0.016418	0.052312	-0.036125	-0.040987	0.037145	0.074538	-0.050984	-0.125878	-0.032911	0.067631	0.032555	0.022665	0.109549	0.041391	-0.039769	0.022264	0.041036	0.079732	0.050432	-0.001304	-0.071724	-0.111707	-0.040699	-0.054544	-0.068478	-0.013223	0.141237	0.049708	0.077408	-0.114079	-0.003594	-0.192709	-0.049189	-0.084275	0.002619	0.074723	0.060704	-0.005448	0.030612	0.069817	-0.088295	0.043348
0.752118	-0.188755	0.331770	-0.201329	-0.077043	-0.053391	-0.138149	-0.015568	-0.034132	0.110786	-0.029768	0.014382	-0.036095	-0.189056	-0.011145	-0.025605	0.068316	0.140742	-0.097063	-0.031760	-0.103505	0.096514	0.012473	0.002563	0.114989	0.074595	0.036208	0.043632	-0.041267	0.091641	-0.052302	-0.005154	-0.005324	-0.035418	-0.024546	-0.140544	0.065656	0.044146	-0.058090	0.042641	-0.059053	-0.068173	-0.064459	-0.094741	0.049710	-0.076407	-0.093235	-0.060672	-0.043745	0.026489
0.872077	-0.017748	0.155766	0.264474	-0.058279	-0.073504	-0.011281	-0.062227	0.011333	0.147536	-0.017890	0.048357	0.045340	0.006729	-0.026170	0.004472	0.033994	-0.011803	-0.058996	-0.008565	0.048791	-0.057484	-0.013421	0.015724	0.114817	0.063169	0.001691	0.026807	-0.067416	-0.103910	0.070982	0.027586	-0.041331	-0.006268	0.045607	-0.045110	0.010206	-0.131790	0.003015	0.005729	-0.100177	-0.041573	0.014789	0.070880	0.013966	0.083062	0.068540	0.033852	-0.030877	-0.022940
0.785827	-0.126760	0.336885	0.262025	0.141804	-0.151833	0.080027	0.056033	0.008503	0.006646	-0.012079	0.004619	0.088602	-0.142607	0.117373	-0.076394	0.051421	-0.060710	-0.045303	0.089922	0.059218	0.029945	-0.040932	-0.039808	0.002067	-0.025462	-0.019777	0.048785	-0.021305	0.004412	-0.109486	-0.030380	-0.052376	-0.030838	0.026505	0.004116	0.049465	-0.056921	-0.012307	-0.048073	0.058919	-0.011664	-0.077670	0.040623	0.056513	-0.047106	-0.101565	0.020671	0.023977	0.044140
0.801681	-0.126402	0.212469	0.277598	0.061046	-0.179273	-0.078680	0.033771	-0.027420	0.004346	0.033351	-0.035810	0.157871	-0.227005	0.079842	0.019412	-0.067757	-0.065007	-0.041654	0.029744	-0.020293	0.034313	-0.007568	-0.074014	-0.009201	-0.011950	0.010772	-0.034384	0.060757	0.024749	-0.081086	0.026885	0.070980	0.000335	-0.034310	0.027253	-0.019756	0.064415	0.015615	-0.028457	0.023108	-0.082969	0.025657	0.030559	-0.094343	-0.100556	0.021035	-0.110986	0.022921	0.063318
0.762423	0.028676	0.193575	0.178015	-0.101276	-0.032696	0.131755	0.341702	-0.101236	-0.020432	-0.010936	-0.051798	0.040372	0.005407	-0.187029	0.076700	0.023281	0.000563	0.071197	0.058331	-0.001190	-0.095786	0.000838	-0.064892	-0.072253	-0.073682	0.018259	-0.027295	-0.008278	0.060753	-0.006565	0.053360	-0.050285	-0.048669	0.133057	0.073678	-0.058895	0.086065	0.100263	0.047222	-0.099093	-0.058314	-0.030365	-0.108902	0.072053	-0.041709	-0.109732	-0.086412	0.038811	0.037111
0.692314	-0.122558	0.264701	-0.044273	0.112919	-0.017743	-0.007961	0.003973	-0.101228	0.008197	0.007188	-0.195792	-0.044484	-0.022195	0.011385	-0.064326	-0.163514	-0.112519	0.241777	0.059580	0.036707	0.060471	-0.154431	-0.049883	-0.090567	-0.065149	0.034137	-0.029662	-0.005629	-0.079987	0.022290	0.019054	0.086565	-0.022806	-0.062263	0.094251	-0.167515	0.076555	-0.038649	0.014649	0.133907	0.037813	-0.037285	-0.069076	-0.080757	-0.045411	0.269730	0.077842	-0.203026	0.000075
0.689278	-0.117290	0.404168	-0.176018	0.145926	-0.037595	-0.077130	-0.087382	0.000306	0.038616	-0.033980	0.002108	0.033017	-0.186289	0.138771	-0.000293	-0.004742	0.005136	-0.157481	0.132288	-0.049883	0.127664	-0.101144	-0.116579	0.127376	-0.035599	0.035400	0.047559	-0.059180	-0.110921	-0.049160	0.069815	-0.055204	0.015307	-0.084752	-0.132216	0.049187	-0.058055	0.018502	0.042876	-0.169754	-0.025361	-0.074681	0.013303	0.078156	0.017409	-0.033490	-0.057701	-0.102324	0.035881
0.734016	-0.229991	0.379224	-0.077690	0.121668	-0.086137	-0.065286	0.005219	-0.055021	0.037544	0.010003	-0.054557	-0.017564	-0.023461	-0.116765	-0.019328	0.026976	0.077686	-0.092521	0.005282	-0.066034	0.082793	0.156779	-0.056474	0.006532	0.133394	0.023162	0.033252	-0.009860	0.077493	-0.199401	0.168524	0.005508	0.056384	-0.049841	0.035384	-0.011013	0.074400	-0.115431	-0.067351	0.026599	0.065320	0.050091	0.015755	0.046878	-0.073807	0.104280	-0.000079	0.047941	-0.049962
0.697851	-0.034018	0.511136	-0.098753	-0.016281	0.078572	0.049990	0.014740	-0.010690	0.047072	0.031114	0.074782	-0.079380	-0.107334	-0.085222	-0.023201	0.082051	-0.023483	-0.189481	0.030546	-0.118391	0.101101	0.011668	0.007032	0.015836	0.029587	0.013210	-0.035357	-0.055417	0.076687	-0.104987	0.083818	-0.057971	-0.104135	0.072275	-0.054061	-0.088957	-0.043383	-0.142049	-0.073835	-0.038972	-0.035278	-0.040597	-0.028742	0.159466	0.036823	-0.050642	-0.034407	-0.074094	-0.006010
0.737727	-0.015236	-0.016733	0.353488	-0.060758	-0.081763	-0.056239	-0.016243	-0.124541	-0.085264	0.063420	-0.139556	0.076912	-0.071694	-0.082771	-0.032461	0.181523	0.044292	-0.103603	0.082170	0.184080	0.100293	0.122208	-0.027081	0.060297	-0.005652	-0.047398	0.045808	-0.021460	-0.087167	-0.012656	-0.062035	-0.050934	0.051924	0.070566	-0.075817	-0.106181	-0.218909	-0.071642	-0.078105	-0.030941	0.016287	-0.005864	-0.061835	-0.085300	0.097479	-0.029096	0.082268	0.000757	-0.056927
0.638352	0.256117	0.004486	0.107978	0.074556	-0.083996	-0.063825	-0.084161	-0.318235	-0.199688	0.018044	0.066049	0.210467	-0.108097	-0.194568	0.042951	0.141373	0.037779	-0.148159	0.195197	0.116686	0.029125	-0.103154	-0.117026	0.010457	-0.073658	0.034639	0.034183	-0.072598	-0.049913	0.049603	0.021195	-0.005419	0.023939	0.079940	-0.023760	-0.099495	-0.129132	-0.144965	0.024636	-0.031171	-0.036295	-0.093493	-0.120319	-0.051349	0.082260	-0.027301	0.076786	-0.115119	-0.023297
0.737547	0.145380	0.192095	0.211930	0.140437	-0.184857	0.091392	-0.017127	-0.076466	0.136788	-0.023061	-0.038239	-0.139707	0.120780	0.192772	-0.033565	0.066582	0.046074	0.039203	0.069717	0.072558	-0.019733	0.025267	0.071762	-0.076899	-0.096381	-0.108947	0.058655	-0.061256	0.001363	-0.034315	0.085994	-0.035017	-0.221299	0.073595	-0.025056	-0.043675	-0.080266	-0.103292	0.045059	0.057262	-0.059705	0.064453	0.025522	0.084257	-0.048659	0.072493	-0.007315	0.139112	0.035823
0.893776	-0.169145	-0.084625	-0.055292	-0.109220	-0.173957	-0.080642	0.073109	-0.047037	-0.053760	-0.005098	-0.036491	-0.008523	-0.056620	0.161427	-0.069291	-0.060815	0.065420	-0.034636	0.031787	0.025135	0.066474	0.000067	-0.002952	0.034112	0.001334	0.002223	-0.057714	-0.052870	-0.062492	0.030226	0.047836	0.021584	0.045055	0.089212	0.108081	0.022736	-0.030644	0.005521	0.060060	-0.061842	-0.062320	-0.001967	0.022075	0.019607	0.010884	0.027243	-0.025951	0.001441	-0.026435
0.850155	-0.247341	-0.164701	0.059826	-0.216344	-0.165568	0.109043	0.135459	-0.029357	-0.098360	0.092285	0.017538	-0.038642	-0.003958	0.029165	-0.048891	0.002913	0.049974	-0.034234	0.016681	-0.000027	-0.062928	-0.066650	-0.059559	0.005873	-0.013878	-0.082865	-0.010089	0.000535	0.057513	-0.038260	0.043436	-0.053721	-0.012474	0.054243	0.053416	0.036041	-0.012206	0.008387	-0.002218	-0.070483	-0.031769	-0.019530	-0.020330	0.060282	-0.067294	-0.001572	0.018949	0.035960	-0.008833
0.760746	-0.146061	-0.133466	0.141826	-0.211126	-0.160531	0.058058	-0.138554	-0.125495	0.347035	-0.019229	0.115484	0.010304	-0.052128	-0.044638	-0.040484	-0.085712	0.103398	0.056561	0.054337	0.063416	0.009148	-0.022940	0.054274	-0.094600	0.034779	0.029567	-0.071874	0.033731	-0.057293	-0.002206	0.007940	-0.014646	-0.036676	0.033121	0.062780	0.029716	0.011785	-0.016304	-0.167939	-0.022151	-0.041969	-0.011733	0.014149	0.082503	-0.097527	-0.060951	0.021654	-0.033368	-0.000008
0.837461	-0.203912	-0.188625	0.110617	-0.090361	-0.114513	0.039020	-0.142887	0.100910	-0.094376	0.102625	0.018015	-0.074145	0.063758	0.141235	-0.058032	-0.084530	-0.004630	-0.000106	0.079752	0.060060	0.092403	-0.011334	-0.048168	-0.085166	0.016073	0.011170	-0.041119	-0.013482	0.031625	-0.036057	-0.038559	-0.065365	-0.065902	-0.009514	0.138343	0.079298	-0.057978	0.037595	-0.054103	-0.073162	0.007322	-0.070344	-0.039075	0.061920	-0.044186	0.033494	0.024603	-0.009877	0.021827
0.851709	-0.151954	-0.067977	-0.228850	-0.126935	-0.058507	0.005845	0.191151	-0.055481	-0.084442	-0.088340	-0.005198	-0.014943	0.102775	0.101341	0.023336	0.041339	-0.057627	-0.006551	0.016064	-0.039690	-0.046055	0.009112	0.018882	0.040612	0.123462	-0.038202	0.055244	-0.043353	-0.044942	-0.022722	0.073080	0.018307	-0.050811	-0.119794	0.002937	0.025112	0.010440	-0.034190	0.021487	0.014006	-0.019838	0.011034	0.068797	0.033558	0.068473	0.041331	0.022682	-0.089683	-0.130238
0.880752	-0.107389	-0.072190	-0.100992	-0.144128	-0.084838	0.084178	0.144284	-0.048620	-0.056788	-0.124105	-0.064138	-0.019561	-0.050117	0.105580	0.032187	-0.043627	0.051324	-0.102365	-0.043246	0.097423	-0.102414	-0.074819	-0.027158	-0.041145	-0.021136	-0.019197	0.079654	0.020358	-0.009892	0.018779	0.047953	-0.017101	-0.003449	-0.039714	0.061155	0.050482	0.085536	-0.071453	-0.100412	-0.017876	-0.006993	0.026395	0.028212	0.009300	0.056075	0.036096	-0.084882	-0.041265	-0.008981
0.896057	-0.182756	-0.107758	-0.052351	-0.142953	-0.075211	-0.023758	0.065396	0.038374	-0.119501	0.029347	0.020624	-0.066582	0.010519	0.063335	0.068916	0.005529	-0.006120	-0.108573	-0.032809	0.029680	-0.050856	-0.002843	0.046418	-0.038728	0.013768	0.000617	-0.083806	-0.106403	0.087396	-0.074977	0.000718	-0.023874	-0.001594	-0.031393	0.109388	0.052060	-0.020411	0.019938	-0.025344	-0.018852	-0.036594	-0.049736	0.016136	0.040554	-0.064492	0.007578	0.040936	-0.000382	0.080861
0.763935	-0.053932	-0.064917	0.188943	-0.129561	-0.067390	0.071997	0.119254	-0.125506	-0.002344	-0.044754	-0.070343	0.117524	0.012989	-0.075504	0.020071	-0.093423	0.041811	-0.131671	-0.072713	0.092020	-0.033277	-0.063236	-0.039094	0.091125	0.042779	-0.053971	0.035404	-0.066200	-0.040585	0.079874	-0.009749	-0.020871	0.011838	0.175915	0.092448	-0.018885	-0.027056	-0.069956	-0.178898	-0.222845	-0.140405	0.072598	0.110783	0.009439	0.176589	-0.080002	-0.040681	-0.044010	0.093868
0.849104	-0.102320	-0.192443	0.078950	-0.152189	-0.053954	0.194326	0.135776	-0.038086	0.050180	-0.134756	0.020856	-0.087192	0.126132	-0.001731	-0.140292	-0.083598	-0.024172	0.019876	-0.008912	0.090835	-0.068387	0.009068	0.018466	0.088694	0.064413	-0.065874	-0.050570	-0.041620	0.057107	-0.013554	0.024039	-0.031198	-0.047385	0.042398	-0.013498	0.013690	-0.086481	0.005473	0.071618	-0.012249	-0.041398	0.048461	-0.022683	0.056522	0.008653	0.024095	0.050056	0.045621	0.001394
0.748346	-0.092422	-0.119870	0.025976	-0.020687	0.022381	0.305721	0.139154	-0.104105	0.024577	-0.085295	0.024922	0.015480	0.156837	-0.218471	-0.263543	-0.021976	0.032936	0.055771	-0.078721	0.086232	0.101765	0.012930	-0.022168	0.074417	0.030588	-0.124733	-0.024931	-0.027523	0.021025	0.092881	0.037150	0.012633	-0.085050	0.012000	-0.098761	0.136140	-0.089285	-0.043188	0.087686	-0.063547	-0.095807	-0.008543	-0.054998	-0.058793	-0.003704	0.054989	-0.013100	-0.040617	-0.010390
0.724687	-0.001096	-0.162758	0.321626	-0.032434	-0.022850	0.117734	-0.195963	-0.062520	0.273182	-0.054200	0.033492	-0.157180	0.031442	0.036099	0.055281	0.081407	0.110792	0.122874	0.082915	-0.073352	-0.076624	0.006416	0.084234	-0.011597	0.130105	0.088910	-0.097233	0.041737	-0.029207	-0.078788	0.114370	0.037669	-0.055216	-0.026347	-0.091850	0.004585	0.061905	0.045184	0.010169	0.046623	-0.022240	0.085567	-0.081316	0.047396	0.085718	0.059606	0.070117	0.044888	0.081013
0.761009	-0.059315	-0.187622	0.305286	-0.120168	-0.111814	0.145895	0.013448	-0.133764	0.139053	-0.030559	0.020406	-0.077241	-0.110770	0.163497	-0.036391	0.091137	0.082914	0.084822	0.071868	-0.093431	-0.015686	0.072856	0.053298	-0.077717	0.015322	0.071544	-0.143560	0.057921	-0.024400	-0.034729	0.006913	-0.026175	-0.078590	-0.015977	0.020403	-0.114348	0.145830	0.027626	-0.047961	0.088478	0.005064	0.044961	0.039429	-0.018940	0.090119	0.021363	-0.023242	0.060726	-0.065279
0.766398	-0.041859	-0.237961	0.030085	0.034041	-0.046670	0.102318	-0.026565	0.097903	-0.024668	0.209163	0.262741	-0.104977	0.015376	0.046448	-0.112579	0.007881	0.119880	-0.122946	0.058155	-0.123685	0.150016	0.046565	0.094808	-0.142118	0.039875	0.044815	0.016956	-0.010263	0.092968	-0.004577	-0.050789	0.021559	-0.081930	0.060306	0.039264	0.006777	-0.050824	0.009712	-0.061142	-0.058433	0.097637	-0.072090	-0.070153	0.026680	0.052009	0.076958	0.138654	0.042906	-0.012831
0.712838	-0.082929	-0.084530	-0.043689	-0.223232	0.060984	0.143622	0.348405	-0.160263	-0.173132	-0.075471	0.096901	0.059952	-0.235348	-0.070429	-0.007978	0.011091	0.148196	0.019669	-0.041060	0.003912	-0.041310	-0.031424	-0.031827	-0.014333	-0.064227	0.014294	-0.022345	0.042334	-0.004782	0.040806	-0.044107	-0.030820	0.011834	-0.005558	-0.011547	-0.107523	0.135031	-0.162139	-0.001555	-0.001782	-0.022264	0.133139	-0.083046	-0.009879	-0.096526	0.008473	0.057961	-0.008604	0.109051
0.692509	-0.284880	-0.130981	-0.164623	-0.126134	-0.193629	-0.135788	-0.188176	0.022928	-0.064182	0.232782	0.018610	-0.013269	0.143791	0.008502	-0.121020	-0.007718	0.020731	0.078308	0.172312	0.005021	0.094289	0.000391	-0.034483	-0.040450	-0.096425	0.026833	0.018398	0.052015	-0.088173	-0.028431	-0.009320	0.059383	-0.091063	-0.009591	-0.033753	0.112750	-0.004615	0.092030	-0.018042	-0.076898	-0.011821	-0.073842	-0.084150	0.013964	-0.010652	0.121424	0.101234	0.206141	-0.047671
0.714725	-0.209487	-0.000959	-0.388161	-0.105610	0.023654	-0.187558	0.049654	-0.047412	-0.010604	-0.030319	0.051268	0.034960	-0.123024	0.031989	0.079226	0.003750	0.099105	0.022271	-0.062329	-0.004191	0.103777	0.138481	0.101020	-0.078088	-0.022224	0.059988	0.006397	-0.128364	0.031244	0.060526	0.038714	-0.115688	-0.068584	0.020794	-0.064506	-0.070402	0.058430	0.150734	-0.104001	-0.183892	0.028068	-0.037921	0.111695	0.001544	0.053487	-0.025491	0.018235	0.077742	0.073922
0.766916	-0.300064	-0.081136	-0.412523	-0.023461	-0.094898	-0.132630	-0.022492	0.017438	0.030746	-0.085027	-0.078567	-0.008551	0.085640	0.064793	0.024304	0.014310	-0.010656	0.002472	-0.036807	-0.015851	0.049671	0.103818	0.008105	-0.035360	0.030704	-0.005711	0.000030	-0.068293	-0.020224	0.035889	-0.050487	-0.108916	-0.026150	0.061070	-0.032380	-0.095135	0.111291	0.006508	0.081369	-0.053176	0.034565	-0.007058	0.005446	0.001064	-0.033726	-0.026948	0.065230	0.088303	-0.026882
0.641550	0.123120	-0.088533	0.146814	-0.103811	0.013661	0.037858	-0.118399	0.089068	0.005725	-0.067000	0.051208	-0.062297	0.000923	0.027648	0.034072	-0.246535	-0.180789	-0.048439	0.054488	-0.077566	-0.034944	0.258912	0.102736	0.099961	-0.055255	-0.041266	-0.067535	-0.209286	-0.140134	0.281050	0.130601	-0.084170	-0.084988	-0.015459	0.120653	-0.034246	-0.021849	0.009159	0.002917	-0.028166	0.062590	-0.045534	-0.175255	0.122079	-0.127597	-0.115189	0.042673	-0.133258	-0.042267
0.620776	0.373894	-0.106445	-0.144944	0.074876	-0.047780	0.127900	0.002110	0.036850	-0.092183	0.055247	0.083918	0.020175	-0.050818	-0.037152	0.074300	-0.213630	-0.114398	0.015338	0.042854	-0.102606	-0.087517	0.216207	0.156311	0.304571	-0.101105	-0.098719	0.024976	-0.010641	-0.086816	0.109351	0.121113	-0.047052	-0.026858	-0.064578	0.142361	0.020757	0.036050	-0.063739	-0.011104	0.054930	0.135481	-0.099329	-0.041460	0.039988	-0.051441	-0.058882	0.041630	-0.110931	-0.051158
0.510410	0.303124	-0.162764	-0.164407	0.180689	-0.144544	0.077597	-0.034727	0.040896	-0.031864	0.126734	0.025180	-0.025859	0.006671	-0.080594	0.012219	-0.164423	-0.120160	-0.119030	0.172701	-0.189828	-0.157936	0.264756	0.271232	0.165901	-0.100259	-0.001028	0.034874	-0.170084	-0.092849	0.152829	0.073745	-0.112680	-0.106947	0.027513	0.115367	-0.070922	-0.073183	-0.105427	0.018553	0.012742	0.052976	-0.047755	-0.117568	0.013428	-0.085719	-0.090704	-0.032915	-0.115932	-0.043872
0.575569	0.353295	-0.067010	-0.065808	0.050008	-0.077100	-0.000240	0.015960	0.019786	-0.020617	0.131737	0.022613	-0.097223	0.088875	-0.074706	0.060758	-0.217206	-0.191268	-0.148878	0.105398	-0.199640	-0.123901	0.195282	0.196161	0.174532	-0.110090	0.124573	-0.069314	-0.111659	-0.028009	0.140687	0.179735	-0.073847	-0.026969	0.018094	0.094212	-0.123550	-0.061183	-0.061944	-0.025720	0.055453	0.086520	-0.066506	-0.100919	-0.004278	-0.064425	-0.112285	0.005250	-0.151642	-0.010361
0.556159	0.356265	-0.056288	-0.152853	0.050207	-0.025166	0.103816	0.099697	-0.002747	-0.019808	0.121560	0.039754	-0.000750	0.052496	0.052025	0.076631	-0.278221	-0.136584	-0.035462	0.147847	-0.110456	-0.061548	0.022853	-0.063809	0.301529	-0.124476	0.170607	-0.005461	0.169754	0.047018	-0.068438	0.096660	-0.062117	-0.072937	-0.071761	0.006101	-0.110479	0.037916	-0.122347	-0.085823	0.181289	-0.002445	-0.187436	-0.086379	-0.130045	-0.066292	0.003136	-0.015863	-0.114760	0.065993
0.803332	0.033723	-0.100420	0.271252	-0.126979	-0.122697	-0.000079	0.136228	-0.041027	-0.004321	0.020564	0.040036	-0.020003	-0.027327	0.212873	-0.025453	0.054181	-0.045679	0.152418	-0.005243	-0.083929	0.110952	-0.046229	0.007887	0.093970	-0.041083	0.014739	-0.035084	-0.033246	0.112383	-0.166613	0.108207	-0.009423	0.007512	-0.005451	-0.068333	-0.032836	-0.015037	-0.069768	0.094140	0.050916	0.097199	-0.019498	-0.080325	0.042662	-0.077625	-0.014517	-0.010813	-0.022184	-0.082854
0.681610	0.160242	0.095292	0.035040	-0.247698	0.227692	0.081968	-0.023562	0.091539	0.119604	0.073743	-0.048466	0.207720	0.094311	0.148919	-0.046001	0.152909	0.069145	0.120058	0.008534	0.009163	0.149994	-0.097845	-0.088940	0.066544	0.048928	0.044199	-0.191947	0.065840	-0.048657	0.024675	0.067525	-0.148650	0.035938	0.124451	-0.003783	-0.201525	-0.028777	-0.045252	0.019105	0.152821	0.100784	0.041267	-0.023446	-0.010055	0.002812	-0.108215	-0.026912	0.029769	0.000423
0.779654	-0.028862	-0.025976	0.385632	-0.042439	-0.015108	0.035193	-0.025441	-0.061529	-0.101735	0.013863	-0.018493	-0.098189	0.103472	0.163055	0.027199	0.204232	-0.021265	0.093961	0.012667	-0.103981	-0.033896	-0.047906	-0.082747	0.064590	0.050416	0.047195	-0.048582	0.033500	-0.009115	-0.030780	0.023207	0.006824	0.025898	0.083464	0.033316	-0.171072	0.026690	0.033342	-0.090378	0.048863	0.084800	-0.056918	-0.067280	-0.075894	-0.056452	-0.021321	-0.096373	0.020920	0.069933
0.735542	0.280220	-0.127606	-0.195934	-0.095513	0.068871	0.065795	0.177587	0.077678	0.072296	0.078700	0.056243	0.254865	0.055692	0.154778	-0.022002	-0.114410	0.027369	0.010473	0.002807	0.100949	-0.028006	0.032127	-0.147669	0.097107	0.137424	0.003564	-0.045630	-0.019217	-0.022634	0.054041	-0.031349	0.038751	0.038708	0.008669	0.150658	0.046348	0.010743	-0.032788	0.014451	-0.096508	-0.007105	-0.013896	-0.132271	0.070683	0.059319	-0.091170	0.001694	-0.077923	0.026358
0.719708	0.037508	-0.118730	0.097810	-0.194519	0.016366	0.064766	-0.245785	0.059874	0.359166	0.135520	0.064434	0.092711	0.165522	0.149608	0.116947	-0.014890	0.039853	0.022133	0.062441	0.126086	-0.137626	0.030416	-0.027673	-0.040254	-0.038414	-0.196224	-0.006874	0.046039	-0.007169	0.039014	0.023381	0.077493	-0.009604	0.024864	0.075858	0.021251	-0.054876	0.015309	-0.033797	0.002986	0.054101	0.017010	-0.030705	0.092179	0.002200	0.062166	0.015866	0.064434	-0.014908
0.650035	0.491479	-0.069768	-0.161031	0.094755	-0.240480	-0.025885	0.044342	-0.089674	0.066562	0.074398	-0.011256	-0.040980	0.063138	-0.106362	0.097777	-0.035516	0.044377	-0.085220	-0.071095	0.032815	-0.136242	-0.046667	-0.197957	0.010601	0.064131	0.101259	0.178067	-0.003965	0.012930	-0.015413	0.031132	0.003335	-0.003718	-0.007947	0.020723	0.006878	0.052940	0.067456	-0.080776	-0.171463	0.083447	-0.016194	-0.046451	0.036443	-0.071668	-0.058083	0.055886	0.012338	-0.022817
0.570812	0.567621	-0.107475	-0.204244	0.240180	-0.231714	-0.018484	0.051149	-0.190014	-0.006861	0.124248	-0.027235	-0.043412	-0.011899	-0.043635	0.072702	0.007507	0.072327	-0.034986	-0.026537	0.064554	-0.062974	0.017273	-0.164290	0.135358	0.114406	0.119405	0.049229	0.038589	-0.000543	0.029211	0.088862	0.014305	0.030250	-0.055252	0.046762	0.043828	0.003650	-0.006702	-0.033084	0.020606	-0.036916	0.002210	-0.073731	0.055532	-0.021652	-0.011816	-0.021285	0.021989	0.023891
0.767860	0.269239	-0.177120	0.188818	0.235928	-0.127934	0.016837	-0.187643	-0.106165	-0.135912	0.013400	-0.087535	-0.134906	0.012543	0.084522	0.019017	0.122145	0.078185	-0.023794	-0.003536	-0.019888	0.005597	0.033126	-0.040115	0.054189	-0.023977	-0.021497	-0.030336	0.028434	0.068860	-0.030056	-0.042791	0.036926	-0.022809	-0.018002	-0.025081	-0.073070	-0.113579	-0.067195	0.127029	-0.005275	-0.044794	-0.027673	0.031539	-0.099782	0.004558	-0.068756	-0.008941	0.013991	0.038505
0.471307	0.067823	-0.239048	-0.193318	0.242046	0.054960	0.260991	-0.113634	-0.067026	-0.069292	-0.068886	-0.071704	0.139991	-0.159339	-0.011678	-0.037837	0.073293	-0.039487	0.053374	-0.034333	0.065007	-0.142293	0.189430	-0.092921	-0.142443	-0.151694	0.305189	0.074501	0.036748	0.080183	-0.027498	0.090363	0.244273	-0.112390	0.267749	-0.052732	0.062654	-0.009681	0.120051	0.053670	-0.067588	0.071799	0.083390	-0.072964	0.032483	0.094739	-0.002209	-0.099022	-0.105413	-0.103459
0.484045	-0.029527	-0.106200	-0.110819	0.171438	0.011923	0.030122	-0.135885	-0.156161	-0.064895	-0.181331	-0.111036	0.128393	-0.087672	0.098052	0.057011	0.112803	0.003216	-0.038239	-0.186572	0.147260	-0.070702	0.199968	0.058278	-0.154034	-0.197667	0.378218	0.076844	0.014839	0.049889	-0.067013	0.091107	0.170685	-0.090521	0.308706	-0.093943	0.008323	-0.037088	0.074839	0.034503	-0.026449	0.135328	0.030713	-0.143764	0.074131	0.045828	0.020464	-0.092451	-0.167917	0.011131
0.432703	0.008839	-0.241184	-0.214962	0.081811	0.169114	0.305287	-0.055867	-0.035846	-0.074219	0.004872	0.158315	0.050449	-0.107327	-0.033465	-0.027934	0.087945	-0.152787	0.254131	0.085730	-0.174500	0.050419	0.042388	-0.059204	0.096700	0.164648	-0.031985	0.395254	-0.039820	0.009590	0.053086	0.062694	0.161270	0.191294	0.041704	0.110328	-0.060701	-0.107046	0.074923	-0.102054	0.125152	-0.032405	-0.116543	0.087128	-0.055149	0.048120	-0.094708	0.031857	-0.010797	0.156152
0.620009	0.015133	-0.035200	0.125971	-0.127410	0.023408	0.096832	0.102548	-0.009966	-0.106548	-0.020034	0.068075	-0.067114	-0.069616	-0.004895	0.069759	0.001726	0.052468	0.218644	-0.090604	-0.205530	0.002852	0.069668	0.002421	0.038900	0.200540	-0.079089	0.435837	-0.007305	-0.018807	0.096764	0.035426	0.178224	0.209228	0.125256	0.087002	-0.024097	-0.010959	-0.011978	-0.020372	0.049418	-0.089838	-0.206295	0.093445	0.030910	0.038279	-0.055921	0.001870	-0.025336	0.089170
0.800874	0.265589	-0.003425	0.141259	-0.055290	-0.041338	-0.116093	-0.188538	-0.020148	-0.130120	-0.044540	0.087927	0.042852	0.047189	-0.020599	0.067359	-0.009682	-0.065031	-0.118756	-0.046321	-0.061625	-0.079578	0.059890	-0.048392	0.043019	0.025913	0.055795	0.159013	0.050280	-0.050669	-0.085280	0.065872	-0.058717	-0.064772	-0.119614	0.023282	-0.048619	-0.052837	-0.101121	0.039757	-0.076254	-0.053146	0.097661	0.015586	-0.015375	0.015122	0.037842	-0.138744	-0.121921	0.009287
0.589400	-0.131814	0.024444	-0.015619	0.073648	-0.161125	-0.414681	-0.283612	-0.211184	-0.243583	0.038541	-0.004450	0.164341	0.092616	0.044030	-0.052209	0.160584	0.108498	0.122800	0.083773	-0.119817	0.000012	-0.063380	-0.041589	0.029884	-0.034731	-0.118973	0.056927	0.060012	-0.069151	0.093572	-0.042204	-0.044676	-0.083138	0.104940	-0.036570	-0.010429	0.002364	-0.037332	0.105245	-0.021861	-0.017834	0.051696	-0.056524	-0.075746	0.027357	-0.179296	-0.045304	-0.064638	-0.037150
0.599789	0.020693	0.025635	0.252969	-0.208864	0.133421	-0.010591	0.127515	-0.225068	-0.167978	0.072601	-0.100912	-0.082711	-0.149018	-0.217326	0.161068	0.114872	0.061627	-0.142802	0.310235	0.184280	0.031753	0.161481	0.116144	0.019875	0.036042	-0.057162	0.014149	0.081278	0.035724	0.018828	-0.218793	0.050961	0.034400	0.021455	-0.017553	0.013467	0.041171	0.010338	-0.006290	0.042439	0.017145	-0.088015	0.014692	0.056847	-0.005365	0.028762	0.065721	-0.077857	0.017285
0.655350	0.017286	0.061333	0.012721	-0.200201	0.170615	-0.079693	-0.013679	-0.086886	-0.084266	0.003872	-0.168635	-0.137400	0.017746	-0.173030	0.124383	0.011180	-0.092561	-0.204070	0.273498	0.222316	0.137305	0.205271	0.027831	0.056362	0.022594	-0.121211	0.068747	0.171690	0.114088	0.071331	-0.029372	0.020371	-0.070064	-0.021950	-0.071428	-0.058098	0.049826	0.118407	-0.011850	0.036562	-0.040021	0.013332	0.008587	0.113010	-0.047800	0.056050	-0.141023	-0.051957	0.009106
0.757650	0.186040	0.215840	-0.009048	-0.194527	0.304299	-0.004373	-0.051089	0.063492	-0.056065	0.072858	-0.070836	0.125248	0.140877	0.065739	-0.004936	0.125039	0.020919	0.009146	0.037021	0.100929	-0.016206	0.125841	-0.084122	-0.004549	0.065512	-0.068892	0.017596	-0.056283	-0.083581	-0.024569	0.089529	-0.100452	-0.079229	-0.036793	0.011639	-0.021646	0.184842	0.075928	-0.050187	-0.008916	-0.016350	0.002921	-0.098860	0.017948	-0.021336	0.043919	0.024221	-0.011031	0.029852
0.669386	0.322177	0.056271	0.015364	-0.079393	0.060003	0.009421	0.078350	0.083008	-0.119776	0.187332	0.028244	0.063851	-0.117677	0.019878	0.186054	-0.052536	-0.007999	-0.075362	0.004852	-0.116008	0.021554	-0.120646	0.126425	-0.099418	-0.042742	0.117285	0.083881	0.006712	0.023194	0.073157	-0.123958	0.027881	0.047895	0.000348	0.153609	0.126663	0.213153	-0.119737	0.008037	-0.156361	-0.139267	0.171195	0.073446	-0.009383	0.078544	0.079461	-0.110730	-0.076223	-0.000928
0.737790	0.124460	-0.027221	0.003404	-0.145108	0.245260	-0.094126	-0.043008	-0.049373	-0.103986	-0.053937	0.002152	-0.267500	0.013426	0.108900	0.021457	-0.029096	-0.102464	-0.047498	0.033673	-0.139979	-0.092733	-0.064586	-0.017131	0.127514	0.054085	0.064947	-0.139389	-0.092791	0.010191	0.004763	-0.163384	0.033257	-0.114776	0.069608	0.036011	0.034525	0.085821	0.068294	0.056233	-0.182413	-0.044463	0.019546	-0.055406	-0.133145	0.117440	-0.071228	-0.013736	0.060839	0.075061
0.778579	-0.006688	-0.098057	0.337390	0.077712	0.050792	0.015860	-0.137066	0.034700	0.053983	-0.044119	-0.036023	-0.141465	0.021110	0.155524	0.032349	-0.083522	-0.031906	-0.126267	-0.066021	-0.044044	0.011607	-0.042473	-0.053989	0.001038	0.013542	0.065139	0.070347	0.014996	0.030782	-0.013323	-0.127180	0.027688	-0.059749	-0.116149	-0.027802	-0.030413	-0.042260	0.041193	-0.004520	0.105285	0.033000	-0.174270	0.163733	0.062562	-0.017150	-0.066670	0.113729	-0.066572	-0.096021
0.803785	-0.120606	0.378705	0.230692	0.178551	-0.148440	0.087612	0.055407	-0.029341	-0.024385	0.014701	0.020313	0.102112	-0.027439	-0.017202	-0.061939	0.005034	0.005867	-0.093219	0.000124	0.057899	-0.000033	-0.008001	-0.057587	0.006531	0.046777	0.036913	-0.003164	-0.030348	-0.037030	0.018133	0.057779	0.044200	-0.034047	0.016563	0.008308	-0.003832	-0.026855	-0.085252	-0.045655	0.021396	-0.047217	-0.024517	0.076971	-0.032331	0.010022	-0.103391	-0.014213	0.017005	0.023709
0.811587	-0.105523	0.138277	0.216109	-0.116711	-0.119431	0.059839	0.036126	-0.107762	0.276981	-0.015082	0.072814	-0.087914	-0.097136	-0.076982	-0.216723	-0.010776	0.060002	0.029561	-0.031891	0.071635	0.000629	0.066536	0.014759	0.026787	0.103557	0.025792	-0.040383	0.095650	-0.064639	0.004903	0.074532	0.022415	-0.079131	-0.006856	0.002332	0.005485	0.046503	-0.014175	0.021795	0.026180	-0.022098	0.068170	-0.003501	0.036067	-0.007275	-0.011435	0.008557	-0.019226	-0.046952
0.716026	-0.271215	0.400545	-0.217642	0.047667	-0.100487	-0.184868	0.008407	0.066611	0.121554	0.137480	-0.076196	0.058094	-0.091970	-0.126411	-0.037041	-0.079796	0.018813	0.027835	0.015747	-0.007301	0.015090	0.051423	-0.043544	0.065272	0.045065	-0.112710	-0.025309	-0.026759	-0.082867	-0.039915	0.018691	0.034866	-0.055052	0.126385	-0.094833	-0.017424	-0.064157	0.006851	-0.005916	0.004160	-0.029259	-0.038189	-0.044121	0.044866	0.021143	-0.028432	0.040957	-0.037845	0.011293
0.786190	-0.029326	0.484966	-0.145837	0.098653	0.108191	-0.027546	0.044948	-0.002493	-0.005665	-0.037763	0.112243	-0.066828	-0.028090	0.098909	0.063252	-0.004679	0.048570	0.002814	0.020544	-0.131407	-0.063352	0.010206	0.064689	-0.059777	0.036091	0.012039	-0.054551	0.018803	-0.030170	-0.036802	-0.026859	0.031546	0.003756	-0.037809	0.008186	-0.032849	-0.077237	0.006272	-0.017752	0.029874	0.063744	-0.015698	-0.048239	0.083993	0.007937	0.032286	-0.006672	-0.013330	0.041627
0.747704	0.098535	0.211409	-0.059706	0.172579	0.078749	0.115035	-0.079251	-0.010693	-0.081812	-0.042268	-0.086012	-0.015585	0.047189	0.054192	-0.023084	-0.183238	-0.043524	-0.047080	0.037503	0.137651	-0.002593	-0.215316	0.170552	-0.139198	-0.103960	-0.013593	0.067701	-0.057273	-0.114909	-0.041776	-0.117198	0.084004	-0.026348	-0.110294	0.082014	-0.074308	0.042456	-0.039987	0.117074	0.026153	0.054164	0.080199	0.031388	0.053295	0.093836	-0.044739	0.055555	-0.058652	0.156994
0.642994	-0.125535	0.316492	-0.163585	0.116524	-0.072522	0.005234	0.118489	-0.017227	0.046654	-0.196118	-0.085096	0.142466	0.125195	-0.072554	0.063331	0.054778	-0.056370	-0.029396	-0.174059	0.141397	0.125700	-0.054533	0.043668	0.126233	0.003177	0.065385	0.067823	0.068785	0.153057	0.030448	-0.047478	-0.185664	0.090155	0.088446	0.004344	-0.142256	0.082208	-0.066682	-0.148741	-0.100527	0.007276	-0.012897	-0.151998	0.035891	-0.134816	-0.066408	0.132184	0.067686	-0.003322
0.836492	-0.036235	0.086709	0.263830	0.005029	-0.147292	0.055093	0.200495	-0.065924	0.015421	-0.043450	-0.087611	0.079270	0.075031	-0.119390	-0.086704	-0.040858	-0.037995	0.086453	-0.075219	0.052969	0.019818	-0.057067	-0.000699	0.003338	0.047016	0.067568	-0.042993	0.053623	-0.024732	-0.064225	-0.025967	-0.051242	-0.049616	-0.016383	0.009664	-0.062075	-0.135544	-0.023092	-0.027054	0.131922	-0.025281	0.023756	-0.048743	-0.011152	-0.041338	0.036522	0.011325	-0.072922	0.104400
0.766460	-0.182855	0.382573	0.007256	0.175969	-0.093489	0.000449	-0.056464	0.111632	0.020628	0.022182	-0.057339	0.028666	0.133809	0.015030	0.174909	0.030539	0.019545	-0.084028	-0.046283	-0.228606	0.030234	0.068607	-0.025254	-0.016842	0.146681	-0.058522	-0.019521	-0.008442	-0.004794	-0.043864	-0.060655	0.036881	-0.063899	-0.015606	-0.039761	0.035015	0.025320	-0.030732	-0.038802	-0.000097	0.003160	-0.038195	-0.052963	-0.063005	-0.022290	0.041507	0.009203	-0.031697	0.010262
0.730529	-0.189854	0.402140	-0.066610	0.119274	-0.087226	-0.094541	0.008352	0.063899	0.066634	0.096303	-0.095257	-0.013418	0.002456	0.165795	-0.071751	-0.015204	-0.197989	0.022463	0.080485	0.002049	-0.025123	-0.054589	-0.081374	0.104723	-0.004247	-0.037626	-0.079447	0.016372	0.048451	-0.077376	0.030226	0.149187	-0.015487	0.027219	-0.045002	0.003689	-0.079623	0.034067	-0.048195	0.128891	-0.016042	0.075627	-0.085695	-0.028792	-0.015901	0.138354	-0.020023	-0.055293	0.000092
0.756555	-0.079173	0.392401	-0.097109	0.126543	-0.004728	-0.076716	0.091212	0.131801	-0.049663	-0.072852	0.031907	0.061140	0.145120	0.062078	0.109389	0.148573	-0.203545	-0.084630	-0.065025	-0.013185	-0.007195	0.042707	-0.033446	0.028450	0.071269	0.014229	-0.051790	-0.111122	-0.050693	-0.032235	-0.054790	-0.062493	0.092201	0.053199	-0.002961	0.012715	-0.013321	0.052913	-0.062062	0.011286	-0.037347	-0.089270	-0.063758	0.008819	0.093336	-0.007230	0.050194	-0.017204	-0.087645
0.770385	-0.218078	0.395511	0.027121	0.231695	-0.069340	0.091392	-0.101758	0.026738	0.059423	0.058769	-0.060614	-0.005689	-0.037988	0.064799	0.023711	-0.052130	0.018590	-0.121439	0.056783	-0.080815	0.020863	-0.049267	-0.044480	-0.073712	0.064387	0.086168	-0.015835	-0.029303	-0.107209	-0.075286	0.002397	0.026196	0.024677	0.007925	0.087264	-0.031550	-0.002073	-0.010094	-0.007505	0.107325	-0.022106	0.030181	0.062805	0.053089	-0.030554	-0.030962	0.045300	-0.071917	-0.018968
0.713003	-0.078783	0.241611	0.175614	0.083772	-0.102804	0.113631	-0.080778	0.068814	0.228405	-0.053891	-0.020859	0.048081	0.208065	-0.040122	0.110187	0.075338	0.089180	-0.037090	-0.065482	0.063343	-0.056836	0.067690	-0.010376	0.073008	0.108681	-0.104983	0.136037	-0.050830	-0.092429	0.038994	-0.042616	-0.008850	-0.047104	0.110939	-0.021859	0.086262	0.110662	-0.123266	-0.013164	-0.165930	-0.136476	-0.059263	-0.033329	0.089671	0.128180	-0.067806	-0.026085	-0.122342	-0.039873
0.597930	-0.168432	0.490107	-0.130411	0.219182	0.015423	0.101415	0.009150	0.080129	-0.025347	0.000578	-0.054652	0.052019	0.219883	0.021899	0.144893	0.045556	0.022616	-0.074245	0.133331	-0.122432	0.079188	0.017502	-0.067794	0.084437	0.116591	-0.005014	-0.109560	-0.038647	-0.052447	-0.012086	-0.066581	-0.050469	0.102194	0.125128	0.007711	-0.050912	0.077513	0.156546	-0.002167	-0.040234	0.045695	0.023463	0.105230	-0.034493	-0.034056	-0.021183	-0.075917	0.125626	-0.143413
0.682909	-0.032122	0.439825	0.239186	0.109237	0.029576	0.253941	0.025939	0.037608	-0.054691	-0.014421	0.030107	0.017714	0.042240	0.001001	0.060274	-0.010044	0.109769	0.049936	0.087257	-0.019868	-0.013257	0.035410	-0.033095	-0.050823	0.005455	0.081385	-0.000749	0.108990	-0.004908	0.026495	-0.105454	-0.080172	0.008843	-0.032937	-0.066312	-0.163459	-0.182950	0.000828	0.001684	0.095716	-0.046357	0.030479	0.042478	-0.104066	-0.094137	-0.050159	0.095834	0.063462	-0.113780
0.719988	-0.102996	0.105675	0.151369	-0.025640	-0.137873	-0.159014	0.141946	0.030220	0.052349	0.096970	-0.077379	0.064703	-0.002993	0.007972	0.017941	-0.122065	-0.237859	0.043515	-0.097134	0.120769	-0.015067	0.028218	0.083493	0.060596	0.010810	0.048442	0.005624	0.169793	0.012810	0.088841	0.133418	0.011471	-0.016504	-0.039863	0.020537	-0.000759	0.066942	0.026157	-0.117800	0.116470	-0.184517	0.136037	-0.023961	-0.082635	0.094709	-0.078315	-0.141160	-0.159092	-0.163243
0.787404	-0.029139	0.353662	0.068935	0.032438	0.037975	0.009490	0.222197	0.028294	0.014419	-0.017472	0.048064	0.126296	0.111703	-0.071831	0.135731	0.132424	-0.184241	-0.048537	-0.032292	-0.006218	-0.015376	-0.009809	-0.035859	-0.021656	-0.066727	0.034476	-0.090855	-0.082076	0.032653	-0.059448	-0.016956	0.074848	0.036676	-0.065312	-0.056607	-0.025589	-0.059059	0.032332	-0.050512	0.036143	-0.000347	-0.009626	-0.093311	-0.082379	0.088769	0.065848	-0.021627	0.018071	0.084508
0.739457	-0.060757	0.237278	-0.012889	0.062855	-0.077674	-0.099700	0.155689	-0.065247	0.016002	-0.059105	-0.109232	0.005417	0.147642	-0.031093	-0.002517	0.026650	-0.099611	-0.087441	-0.038703	0.102542	-0.054600	-0.000532	-0.006650	0.006928	-0.085047	0.144269	0.001912	-0.018999	-0.151411	0.061916	0.142463	0.219712	0.031395	-0.101793	-0.094615	0.018617	-0.096757	-0.030148	-0.084617	0.185841	-0.125033	0.042802	0.088884	-0.079894	0.037266	0.185943	-0.044891	-0.047572	-0.066596
0.685006	0.014094	0.162704	0.097254	0.133138	-0.062460	0.079050	-0.053641	0.047325	0.017732	-0.150707	0.025982	0.066086	0.210391	-0.069642	0.126423	0.026162	0.092712	0.062398	-0.104766	0.038893	-0.037882	0.162088	0.001210	0.089985	-0.176785	-0.084229	0.035562	0.041447	0.191862	0.245347	0.090446	-0.051873	-0.009868	0.128915	-0.173111	-0.114536	-0.011917	0.001176	0.221499	0.017662	-0.112216	0.008578	0.000322	-0.029706	-0.040403	0.083882	0.113983	0.022123	-0.113068
0.665519	-0.065048	-0.103802	0.207503	0.058879	-0.113139	-0.126968	0.228520	-0.045651	0.194195	-0.138695	-0.054334	0.173115	-0.163236	0.049323	0.052345	0.038372	-0.260458	-0.062467	-0.059218	-0.074467	-0.054273	0.148638	-0.057724	-0.097162	-0.049121	-0.117475	-0.176550	0.092459	-0.141440	0.006384	0.019984	0.007362	0.130812	-0.012318	-0.009733	0.077958	0.113152	0.030467	0.002127	0.066162	0.023953	-0.092760	-0.021917	-0.107472	-0.064012	-0.061886	-0.019453	-0.133577	0.072287
0.721244	-0.095125	0.303081	-0.090600	0.118112	0.037610	0.070786	0.007385	-0.001542	-0.035344	-0.080083	-0.105053	-0.021582	0.204405	0.000270	0.011773	-0.051741	0.090881	-0.077442	0.059840	-0.109516	0.085233	0.001415	-0.077523	0.077321	-0.081981	0.008785	-0.128149	-0.031919	0.150337	0.111541	0.117839	-0.068424	0.120281	0.118893	0.092599	-0.045610	0.033658	0.069926	-0.012035	-0.186034	0.080842	-0.010968	0.091090	0.136714	-0.008444	-0.104374	-0.128732	-0.097753	0.093764
0.570533	-0.176569	0.419676	-0.048531	0.265006	-0.090247	-0.061154	-0.077496	0.080426	0.082480	0.048945	-0.211655	0.020311	-0.030960	0.047567	0.031271	-0.215703	0.000135	-0.060825	0.187359	-0.142148	0.048374	0.037204	-0.176095	-0.003560	0.065671	-0.114903	-0.072297	0.020242	0.176151	-0.081926	-0.047183	0.105607	0.038488	0.049050	0.072316	-0.024842	-0.102013	0.068306	-0.034959	-0.010626	0.022357	-0.020564	-0.156676	-0.160309	-0.015387	0.118092	0.038996	0.035557	0.052957
0.773558	-0.117102	0.298200	0.020025	0.169574	-0.008141	0.049976	-0.025681	-0.035414	-0.027229	-0.092966	-0.147869	-0.042271	0.067346	0.047002	0.065324	-0.096036	0.040955	-0.117810	0.057632	-0.049069	0.020312	-0.075940	0.023154	-0.031083	0.122329	-0.121237	-0.042824	0.004475	0.043282	0.019200	0.009602	0.116528	0.176189	-0.091525	-0.047889	0.074715	-0.089075	0.087209	-0.020827	-0.131051	0.110958	-0.064038	0.016137	-0.125567	-0.004185	-0.025500	-0.142404	0.033853	-0.026333
0.615721	-0.133620	0.373989	-0.106835	0.123668	0.036912	-0.076454	0.153965	0.002448	-0.051548	0.066704	0.093574	0.076758	0.083074	-0.109318	0.081813	0.007136	-0.114152	-0.043575	-0.006760	0.017590	-0.086443	0.056175	-0.008608	0.001145	-0.221736	-0.008572	-0.151209	-0.025689	0.121403	-0.081179	0.037561	0.145908	0.178541	-0.085219	0.187429	-0.022978	-0.111269	0.144364	0.096160	0.098713	-0.082164	0.095070	0.009930	-0.041219	0.139697	-0.152611	0.057548	0.155219	0.024512
0.480616	-0.024279	0.385308	-0.390478	0.023719	0.193127	-0.188587	0.107437	-0.122846	0.023602	-0.094132	0.071316	-0.057934	-0.041408	-0.064434	-0.065296	0.054285	-0.078289	0.004020	0.056996	0.057685	0.148077	0.060898	0.037813	-0.079111	0.059451	0.096104	-0.009701	-0.158494	-0.212790	-0.082239	0.018271	0.117606	-0.086403	-0.100599	0.188138	0.079443	-0.071508	0.024630	0.053549	-0.114409	0.074801	0.124995	0.078910	-0.146109	0.108098	-0.057003	0.086813	-0.145918	0.112798
0.787316	-0.052825	0.413967	0.080526	0.169013	-0.043889	0.055508	0.158277	0.026248	0.002166	-0.021491	0.038832	0.009491	0.152325	0.055985	0.006777	0.179175	0.015024	-0.045411	0.064205	-0.041022	-0.125139	0.083890	-0.015997	0.011331	-0.078726	0.062605	0.069085	-0.044961	0.034545	-0.045430	-0.018856	-0.074082	0.037011	-0.005518	-0.010804	-0.002256	-0.038139	-0.028611	-0.061641	-0.010392	0.000695	-0.045410	0.019922	0.071143	0.006946	-0.052447	-0.041692	0.042932	0.028898
0.709778	-0.017573	0.380955	0.049313	0.260996	0.115320	0.175214	-0.212287	0.061964	-0.065944	-0.074745	-0.165135	-0.039509	0.053955	0.089370	-0.022755	-0.063775	0.099616	-0.001214	0.012141	0.054064	0.018962	-0.122306	0.019512	-0.180236	-0.073039	-0.065523	0.003200	0.055537	0.077280	0.002191	0.018686	0.028727	0.047387	-0.022759	0.070123	-0.066927	0.024757	0.064647	-0.006052	-0.009930	0.054827	-0.012188	-0.136649	0.031406	0.004030	-0.020586	0.085673	-0.003217	0.065814
0.568944	-0.116720	0.160356	0.018495	0.029033	-0.102040	0.054260	0.072600	-0.053891	0.222975	-0.002745	0.138603	0.119521	0.023940	0.093690	0.019190	0.184843	-0.054081	0.122804	0.058124	0.154488	0.043495	0.106522	0.137985	-0.053276	0.006938	0.121521	0.110775	0.013035	0.181190	0.201293	0.141094	-0.125159	-0.109017	0.091741	-0.025899	-0.082162	0.034728	-0.222241	0.238348	0.049075	0.034206	-0.076103	0.128463	0.036807	0.080976	0.240595	0.179753	0.106289	-0.013721
0.646245	-0.210402	0.501666	-0.022757	0.162121	-0.038086	0.035893	0.037380	-0.004810	0.020143	0.215046	0.039772	0.013029	-0.036750	-0.125330	-0.066527	0.002133	0.032905	0.102069	0.121244	0.037011	-0.029967	-0.103941	-0.067739	-0.006680	-0.114373	-0.018182	-0.050895	-0.016540	-0.015986	-0.060388	0.000549	0.043540	-0.031720	0.144624	-0.000832	-0.075955	0.066100	-0.104366	0.151152	0.049971	-0.038382	-0.119848	-0.041008	0.051173	0.072534	-0.091334	0.038964	-0.058501	-0.112338
0.838103	-0.171628	-0.187370	-0.112654	-0.064330	-0.129696	0.102607	-0.103110	0.138718	0.015032	0.123309	0.060436	0.008074	-0.060327	-0.037335	0.009629	-0.016108	0.005001	0.088354	0.144763	-0.021586	0.125015	-0.013619	0.030630	-0.069593	0.013041	-0.047972	-0.036168	0.019227	-0.141629	-0.064481	0.010598	-0.060186	-0.150537	0.043234	-0.030169	-0.041633	-0.040001	0.070995	-0.016274	0.010308	-0.004224	0.003644	-0.022867	0.006231	0.001980	0.015337	0.084820	0.067067	0.069082
0.873780	-0.165929	-0.165140	0.059768	-0.088048	-0.152640	0.122325	-0.065191	0.036884	0.061560	-0.002394	0.114564	-0.022402	0.068520	0.004644	-0.063558	-0.031271	-0.035897	0.004530	-0.003147	0.085823	0.072135	0.051655	-0.061488	0.004851	0.033953	0.003129	-0.019794	0.037293	-0.153837	0.035146	0.028968	0.013482	-0.029917	0.077308	-0.058920	-0.100066	0.008943	0.004203	0.037941	-0.018951	0.101595	0.031025	-0.019863	0.042158	-0.044481	0.040120	0.002863	0.103988	-0.002253
0.833992	-0.088489	-0.193481	-0.075715	-0.168129	-0.140945	0.065985	-0.078671	-0.057826	-0.050315	0.135574	0.074179	-0.064323	-0.121334	-0.003855	-0.138164	-0.029734	0.017507	-0.004008	0.023429	0.093440	0.113655	-0.024034	-0.066073	0.010812	-0.053835	0.138403	0.016415	-0.008028	-0.095375	-0.116299	0.062714	-0.126942	-0.015468	0.041482	0.035989	-0.071485	0.029302	0.048238	0.008746	-0.066499	0.034582	-0.046446	-0.078079	-0.005302	0.041903	0.020854	0.011535	0.027429	0.070273
0.800740	-0.234824	-0.194441	0.122415	-0.225179	-0.230434	0.138366	0.046280	0.015819	-0.032349	0.172486	0.028316	-0.083649	-0.000010	0.019006	-0.088977	-0.050393	0.064974	0.046699	0.029783	0.062446	0.026104	-0.018836	-0.054462	-0.068981	0.036985	0.010629	-0.062539	0.093694	0.032499	-0.086634	-0.015664	-0.009588	-0.054120	0.005566	-0.013371	0.005428	-0.025670	0.062161	-0.056667	0.004934	-0.022032	-0.072442	0.032194	0.057864	-0.042327	-0.035435	-0.000178	-0.094553	-0.008482
0.799452	-0.134148	-0.127147	-0.182833	-0.161547	-0.103516	0.021287	0.014618	0.020582	0.077188	-0.038619	0.164926	0.008403	0.070368	0.072399	0.144321	0.040049	-0.043849	0.007282	-0.090088	0.186108	-0.069891	0.025078	-0.068581	0.088135	-0.082562	-0.088908	-0.006823	-0.114519	-0.049592	-0.084599	0.034309	0.082460	0.004161	-0.022597	-0.011471	-0.112230	0.003505	-0.124100	0.016621	-0.002840	0.018169	-0.068471	0.006636	0.046940	-0.117643	0.137685	0.030891	0.064384	0.075722
0.800197	-0.088508	-0.095962	0.224428	-0.147206	-0.074326	0.175232	0.221470	-0.147619	0.053541	-0.051053	-0.040346	-0.022884	0.019601	-0.180348	-0.163190	0.001981	0.083134	0.125758	-0.106535	-0.051319	0.066133	0.019200	0.083186	0.067090	-0.078698	0.021077	-0.031364	0.017770	0.054604	-0.006675	0.007686	0.016661	-0.031645	-0.065797	-0.048639	0.015979	-0.036832	0.011689	0.108451	0.015267	0.004042	0.039247	-0.008954	-0.019795	-0.013670	0.074222	0.044644	-0.029808	0.012121
0.738833	-0.213610	-0.065666	-0.358130	-0.110746	-0.067741	0.011670	0.006157	0.017596	-0.158894	0.031109	0.024459	-0.050959	0.171678	0.054622	0.028789	0.025047	-0.028767	-0.162633	-0.069778	0.033063	-0.052375	-0.080255	-0.038951	-0.019391	-0.235328	0.025200	-0.034253	0.024197	0.046198	-0.000045	0.109469	0.113141	0.053172	-0.091534	-0.059754	-0.041345	-0.096263	0.036233	-0.054971	0.038329	-0.017710	0.014795	0.062600	0.009505	0.116429	-0.010991	-0.046801	-0.111794	0.042387
0.708068	-0.166068	-0.109926	-0.168656	-0.101007	-0.137061	-0.056709	0.090920	-0.057449	0.010753	-0.173399	-0.059060	0.001413	-0.149743	0.146368	0.087899	0.188658	0.069569	-0.068657	-0.057271	-0.004298	-0.238685	-0.032239	0.090545	0.121757	0.026666	0.010636	0.116476	-0.144631	0.112467	-0.016783	0.071304	-0.091832	-0.065783	0.011570	0.000992	-0.012619	0.061966	-0.151198	0.034259	0.152537	-0.012099	-0.070911	0.054991	0.082114	-0.118228	-0.016251	0.052360	0.143759	-0.043899
0.663143	-0.058298	-0.035681	0.076195	-0.043058	0.100209	0.192186	0.212476	-0.193720	-0.003599	-0.124874	0.136848	0.102393	-0.275502	-0.039711	-0.202078	-0.018908	0.090650	0.146298	-0.000873	-0.084388	-0.032726	-0.010172	0.061232	0.039921	-0.061506	0.072687	-0.143507	0.064057	0.111862	0.163184	-0.163054	0.082407	0.075233	-0.080095	-0.092200	0.087516	0.045264	0.001959	0.049755	0.059814	-0.100734	-0.090434	-0.086707	-0.078869	-0.021117	0.036590	-0.072443	0.142224	0.097776
0.556159	0.356265	-0.056288	-0.152853	0.050207	-0.025166	0.103816	0.099697	-0.002747	-0.019808	0.121560	0.039754	-0.000750	0.052496	0.052025	0.076631	-0.278221	-0.136584	-0.035462	0.147847	-0.110456	-0.061548	0.022853	-0.063809	0.301529	-0.124476	0.170607	-0.005461	0.169754	0.047018	-0.068438	0.096660	-0.062117	-0.072937	-0.071761	0.006101	-0.110479	0.037916	-0.122347	-0.085823	0.181289	-0.002445	-0.187436	-0.086379	-0.130045	-0.066292	0.003136	-0.015863	-0.114760	0.065993
0.642968	-0.133054	-0.015541	-0.376440	-0.137651	-0.020038	-0.161983	0.053705	0.055811	-0.068280	0.133289	-0.007226	-0.063214	0.176613	0.025284	0.107163	0.080000	-0.106881	-0.170155	-0.014082	0.018274	-0.117265	-0.013798	0.015351	-0.054435	-0.072993	0.070681	0.099248	0.028930	-0.052474	-0.036439	-0.040950	-0.006818	-0.209416	-0.055826	-0.002211	0.013325	0.190539	0.045401	-0.097185	-0.046738	-0.080989	-0.065416	-0.111509	-0.055253	0.167262	-0.028712	-0.094218	-0.002400	0.230515
0.716531	-0.195826	-0.067973	-0.248548	-0.016547	-0.136001	-0.040041	0.066629	0.033288	-0.014444	-0.038043	-0.103260	0.088455	0.169074	-0.066880	-0.023692	-0.165219	-0.032161	-0.060064	-0.035915	0.147404	0.057902	-0.058673	0.026682	-0.015689	0.240699	0.125027	0.056687	0.088899	0.042738	0.068136	0.007733	-0.128560	0.080328	-0.055154	-0.047835	-0.100617	0.032357	0.140895	-0.158982	0.007482	0.062667	0.052019	0.017944	-0.127477	0.038299	-0.089665	-0.172179	0.010732	0.033106
0.780586	-0.164949	-0.233531	-0.013975	-0.048015	-0.085659	0.171390	-0.133377	-0.002271	0.031355	0.058881	-0.087809	0.015264	-0.055633	0.030803	-0.082024	0.121602	0.177452	0.023801	0.132726	-0.009166	-0.114809	0.030397	-0.011125	-0.004184	-0.031732	-0.009900	-0.047651	-0.045678	0.001131	0.005259	0.013438	0.026610	0.049068	-0.115722	-0.058470	0.110386	-0.158883	0.002638	-0.158355	0.018535	-0.002078	-0.107087	0.085736	-0.135615	-0.073265	0.090927	-0.021706	0.100238	0.012493
0.890414	0.279846	0.009900	0.076529	-0.111989	0.065192	-0.003911	-0.003386	0.022951	-0.056247	-0.112292	-0.035553	-0.062006	0.057756	0.053445	0.016556	-0.029089	0.065667	0.110459	-0.009787	0.010137	-0.014445	-0.082851	-0.044524	0.098980	0.017027	0.073069	-0.018959	0.036437	0.014387	-0.040030	0.026591	-0.051048	-0.092751	0.012394	0.037232	0.067285	0.084594	0.000105	-0.053757	-0.041681	0.015283	-0.011506	0.013416	-0.004700	-0.024092	0.018647	0.005400	0.006151	-0.036566
0.814497	0.118452	0.049475	0.047305	-0.319340	0.159488	0.027935	-0.003001	-0.002311	-0.035654	-0.084195	0.057263	-0.065892	0.013286	-0.097701	0.137183	0.045176	0.073826	0.166653	-0.036601	0.025971	0.065180	-0.022040	0.002347	0.169630	0.010314	-0.036007	0.025751	-0.031435	0.114633	0.033285	0.042242	0.029790	-0.054687	0.020025	0.015646	-0.057162	0.063847	-0.082537	-0.025716	0.046971	-0.079229	-0.065324	-0.004632	-0.001229	-0.055632	0.037815	0.037649	0.004432	-0.131114
0.890254	0.047731	-0.006755	0.099645	-0.000877	0.111424	0.075225	-0.164304	-0.057593	-0.113666	-0.153099	-0.035388	-0.078862	-0.067796	0.052232	0.134557	0.010133	-0.000007	0.077570	-0.088425	0.065226	0.072533	-0.015325	-0.038852	-0.000746	0.005078	0.038103	-0.090735	-0.044679	0.074640	0.021260	0.058374	0.042616	0.014688	-0.002310	0.080768	0.006406	0.049261	-0.059159	-0.063349	-0.001943	-0.020487	-0.010980	0.046153	-0.054245	0.040464	0.019060	0.056132	-0.029031	-0.032523
0.903497	-0.045486	-0.019172	0.215077	-0.023050	-0.081905	0.102071	0.032880	-0.080725	0.077088	-0.011947	-0.062652	0.024397	-0.055098	-0.101131	-0.022666	-0.014272	-0.019703	0.061468	-0.148608	-0.029666	-0.012283	-0.046859	0.023130	0.075518	-0.069415	0.051898	-0.011166	0.009828	0.016605	0.055045	0.019480	-0.022934	0.083818	-0.027183	0.005443	0.019294	-0.011817	0.014450	-0.099414	0.012108	0.071956	0.007934	0.053698	-0.019167	-0.019734	-0.051005	-0.051770	-0.038135	0.057753
0.858305	0.078919	-0.080074	0.259457	-0.045971	-0.009330	-0.007454	-0.111804	-0.054494	-0.080719	-0.102333	0.009735	-0.102148	-0.020064	0.086931	-0.080813	0.002989	0.074812	-0.036586	0.049220	0.098540	0.031912	0.035413	-0.075192	-0.023191	0.155536	0.050374	0.031604	-0.014838	-0.060941	0.019708	0.037211	0.022737	0.056748	0.001191	0.035365	-0.043381	-0.061294	-0.052138	0.054571	-0.140556	0.024225	-0.040956	0.007843	-0.083099	-0.005112	0.010072	0.125432	-0.019020	-0.033337
0.683877	0.281646	0.090967	-0.047965	-0.297636	0.390249	0.055116	-0.133278	0.050804	-0.016018	-0.007460	0.028762	-0.140426	0.028528	0.044019	0.055452	0.160238	-0.074908	0.142594	0.039502	0.047418	0.078516	-0.076026	0.045246	0.033832	-0.000522	-0.001353	-0.096955	-0.047552	-0.013896	-0.023854	0.014030	-0.019161	-0.077604	0.071463	-0.036746	0.019478	0.145925	0.064620	-0.066217	0.071008	0.090654	0.026316	-0.013135	-0.018341	-0.045987	-0.063998	0.038036	-0.025166	0.049424
0.801858	0.052626	-0.020925	0.310058	-0.120295	0.085232	-0.046606	-0.049423	-0.069959	-0.049682	0.040351	0.050939	0.040094	-0.023772	-0.024182	0.010063	-0.028444	-0.099044	-0.075813	-0.063794	0.055730	0.120138	-0.146385	0.029961	0.071339	0.159850	0.157353	-0.036933	-0.015591	-0.064722	0.000245	-0.019116	0.003157	-0.071195	-0.012717	0.061040	0.001085	-0.002510	-0.110373	0.152418	0.012911	-0.127245	-0.061023	-0.029421	-0.053037	0.071979	-0.056304	-0.041889	-0.070450	-0.108655
0.804935	0.005439	-0.046868	0.296476	-0.128688	-0.073266	-0.019506	0.138867	-0.034901	-0.007818	-0.044743	-0.072125	-0.014367	-0.051828	-0.014024	0.003888	0.079082	0.092090	-0.016312	-0.002793	-0.028405	0.084771	0.173578	0.028371	0.085671	-0.054178	-0.016491	-0.064724	0.219750	-0.012390	0.072443	-0.108044	0.049441	-0.023503	-0.063643	-0.013467	-0.077370	0.008802	0.063480	0.031973	0.040936	0.176677	-0.011418	0.008714	0.039581	0.071604	0.006018	-0.111816	-0.009133	0.063093
0.639569	0.245744	0.127002	0.012119	-0.220380	0.190999	0.085105	0.044049	-0.149515	0.017303	0.051941	-0.117770	0.032874	0.035913	-0.058680	0.108507	0.027109	0.099752	0.002722	0.129357	0.255627	0.129292	0.117222	-0.137192	0.264057	0.110637	-0.105180	0.038255	0.022607	0.092942	0.071411	-0.072771	0.016375	-0.023887	-0.004514	-0.045485	0.074472	0.128422	0.076266	0.032870	0.030085	-0.022616	0.048212	-0.116059	0.132811	0.017480	-0.001888	-0.159987	0.072713	0.096189
0.777747	0.025205	0.119491	-0.040307	-0.218206	0.230016	-0.066078	0.161595	-0.162709	-0.023532	-0.149348	-0.028745	-0.079617	-0.039849	-0.003437	0.035725	-0.160131	-0.113735	0.013166	0.038205	-0.017108	0.159427	-0.019992	-0.004486	0.082425	-0.124807	0.057173	-0.106364	-0.021148	0.074294	-0.064533	-0.026121	0.018243	0.151873	-0.011843	0.023700	-0.049215	-0.162670	-0.001620	-0.011715	-0.034717	0.050921	-0.000737	-0.063324	0.038768	0.031564	0.040341	-0.062086	0.071700	0.006080
0.740883	0.126897	0.064855	-0.143456	0.132830	0.342581	0.195448	-0.099806	-0.090603	-0.153713	-0.110879	0.025414	0.029909	-0.121824	0.023647	-0.082469	0.140065	-0.021959	0.120932	-0.029905	0.027852	-0.005786	0.170618	0.041940	-0.092419	-0.115336	-0.007804	-0.074774	-0.038780	-0.008381	0.063188	0.071436	0.037209	-0.044518	0.050634	0.044182	0.122835	-0.015137	0.056046	-0.069103	-0.105408	0.068536	-0.025886	0.033088	-0.020801	-0.054750	-0.017424	0.001000	-0.035672	0.002210
0.741411	0.147624	-0.068234	0.176541	-0.073251	-0.123382	-0.080617	-0.077741	0.395655	0.019914	-0.240423	0.018910	0.042209	-0.005308	-0.127613	0.172077	0.020405	-0.049852	0.058873	-0.145877	0.070278	0.107367	0.038842	-0.067027	-0.010175	-0.047870	-0.083487	-0.056167	0.002682	-0.065537	0.013300	0.028352	0.030509	0.032889	-0.025634	0.013405	-0.098346	0.075814	0.021572	0.038571	0.048816	-0.030021	-0.029772	0.002716	-0.001441	0.053153	0.039382	-0.001798	0.007047	0.002684
0.779814	0.282973	-0.058782	0.008558	-0.056617	-0.077048	-0.171150	-0.015544	0.292175	0.020110	-0.224290	0.025245	-0.085968	-0.069126	-0.148231	-0.051560	0.074526	0.023606	0.042119	-0.032382	0.012533	0.150096	-0.023797	-0.032153	0.030394	-0.017836	0.037160	0.036548	0.068027	-0.002054	0.013139	0.048089	-0.012540	-0.065121	-0.026686	-0.004861	-0.118454	0.006920	0.025923	0.034873	-0.130096	0.075394	-0.002247	-0.047589	0.032375	-0.054871	0.034056	0.015061	-0.019195	0.002948
0.702781	0.348936	-0.121718	0.092611	0.051001	-0.238456	-0.131491	0.054064	0.381611	-0.005860	-0.147081	-0.040295	-0.068292	-0.054001	-0.090500	-0.058589	0.141064	0.110743	-0.003330	0.100744	-0.032072	-0.028007	-0.095413	0.043615	0.045012	-0.038155	0.028063	0.012558	0.023119	-0.002154	-0.068174	0.027298	0.030772	-0.052350	0.054457	-0.029148	-0.049484	-0.008345	0.038793	0.054120	0.003011	0.090407	-0.013567	-0.013333	-0.007788	0.030645	-0.015405	0.029474	0.043259	0.026042
0.528884	0.455436	-0.102479	-0.056143	0.087243	-0.165434	-0.215041	0.077798	0.430736	0.015116	-0.167776	0.003234	-0.004122	-0.057156	-0.193024	-0.041951	-0.048098	-0.053498	-0.037392	0.059654	0.063167	0.072764	-0.035301	0.035184	-0.156055	0.037010	-0.003783	-0.051709	-0.022142	-0.116268	-0.057326	-0.053565	-0.072062	0.074210	0.094857	0.029293	-0.112393	0.006897	-0.033202	-0.058525	0.028402	0.049115	-0.019697	-0.114482	-0.003338	-0.081952	0.003105	-0.059658	0.009579	0.142717
0.685927	0.150716	-0.059009	0.067624	0.080498	-0.234263	-0.179733	-0.012991	0.212592	0.044280	-0.337851	-0.049500	0.069859	0.022976	-0.035609	-0.063852	0.124620	0.085856	0.096393	0.077561	0.209000	0.021904	-0.127738	0.064717	-0.017270	0.078074	0.167645	-0.038100	-0.037956	0.022342	-0.015997	0.158452	0.071471	-0.009994	-0.041260	0.017712	-0.075743	0.053472	0.013331	0.009524	0.116438	0.122418	-0.076202	-0.018824	-0.004902	-0.026127	-0.093249	0.004441	-0.043490	0.046523
0.576668	0.481608	-0.067321	-0.120767	0.077311	-0.212930	-0.155323	0.104960	0.380121	-0.068447	-0.042622	0.108947	-0.012267	-0.102281	-0.172800	0.088838	0.094458	0.034010	-0.004888	0.032264	-0.042009	-0.093729	-0.051988	0.052074	0.016494	0.049215	0.104933	-0.029870	-0.062773	0.116856	-0.066602	-0.100844	0.120870	0.014874	0.004438	-0.031780	-0.075303	-0.006601	0.006860	0.075610	0.072404	0.012908	0.049415	0.035049	0.011569	-0.034016	-0.008145	-0.071559	0.015570	0.040748
0.664148	0.308404	-0.095036	0.082173	-0.009468	-0.182590	-0.134006	-0.047530	0.458692	-0.063301	-0.215407	0.048713	-0.013093	-0.105166	-0.127629	0.050672	0.029354	0.040199	0.003822	0.009854	0.071416	0.000163	-0.078070	0.050782	0.051630	0.011626	-0.143863	-0.064560	-0.070619	-0.077517	-0.106647	-0.013809	0.046968	-0.026375	0.074595	-0.041504	-0.012951	0.029471	-0.043672	0.068877	0.021254	0.026816	-0.090753	0.017009	0.034205	0.065011	0.005995	0.015518	0.007978	0.034639
0.781123	0.305116	-0.113873	0.097148	0.021230	-0.159475	-0.171394	0.011783	0.331459	-0.028023	-0.111193	-0.033016	0.016505	0.058907	0.040911	0.102632	0.081783	-0.173284	-0.067968	0.002330	-0.022420	0.026583	0.038227	-0.000451	0.034153	0.024866	-0.023315	-0.021193	0.040805	0.018345	-0.077900	-0.051447	-0.036149	-0.001007	0.050487	-0.000707	-0.004179	-0.043814	-0.016248	0.017155	-0.009952	-0.038721	-0.001366	-0.084066	-0.059399	0.003471	-0.002300	0.040931	-0.026917	0.020574
0.713787	0.236611	0.043084	0.064393	0.050362	-0.106365	-0.022739	-0.081853	0.447119	0.011772	-0.188136	0.098585	-0.027955	-0.123366	-0.148512	0.034599	0.172434	0.007974	0.073250	0.040261	0.021525	0.037499	-0.084144	-0.014895	0.021810	0.007857	-0.059495	-0.074231	0.057598	0.004718	-0.036578	0.031902	-0.127564	0.018388	0.054939	-0.006623	0.016661	0.066060	0.022666	-0.001253	0.045916	-0.035064	0.059417	-0.046640	0.052140	0.063748	0.005886	0.059807	-0.065889	0.114834
0.783752	0.233400	-0.121269	0.158882	-0.039250	-0.152550	-0.125986	-0.112461	-0.045853	0.098269	-0.085440	0.065461	0.115129	0.118368	-0.098411	-0.121839	-0.043905	-0.124889	-0.033173	0.015193	-0.030871	0.032535	-0.043056	0.033429	0.033381	-0.192433	0.015224	0.069105	-0.011849	0.084109	-0.127898	-0.015141	-0.013207	0.067781	0.086089	-0.037914	-0.093201	-0.012670	-0.048883	0.017697	0.029003	0.020990	0.066626	0.138979	0.002316	-0.060333	0.108450	0.063419	0.045090	0.019458
0.651852	0.472859	-0.093759	-0.011872	0.001736	0.065601	-0.062884	-0.053821	0.117815	0.074732	0.225786	-0.103981	0.179562	-0.084498	0.111118	-0.084952	-0.005305	0.106029	-0.103764	-0.056626	-0.017968	0.059231	-0.036831	-0.017677	-0.024222	0.046996	0.246352	0.031588	-0.094857	0.106369	0.017606	-0.060723	0.079170	-0.047221	-0.044387	-0.052059	-0.158857	-0.093003	0.030840	0.058436	0.038108	0.036624	-0.027538	0.003780	-0.036368	0.044196	0.039094	0.045131	0.095890	-0.025170
0.615546	0.411161	-0.110211	0.114739	-0.013551	0.037930	-0.050245	-0.082700	0.285010	-0.028712	0.297349	-0.171516	0.156931	0.003550	0.086373	-0.096207	0.127258	0.111771	-0.115650	-0.063857	-0.013635	0.007683	-0.059826	0.205283	-0.005374	0.080130	0.065947	-0.068785	-0.095895	0.090304	0.010937	-0.111224	0.115707	0.048437	0.017721	0.066223	-0.023239	-0.027633	0.006129	0.048721	0.004631	0.036911	0.065823	-0.032171	-0.035524	0.032450	0.039843	-0.017201	0.038217	-0.021718
0.610201	0.444133	0.013433	-0.151564	-0.095973	0.105821	-0.027046	0.115228	0.113171	0.127993	0.109025	-0.080009	0.254561	0.010581	-0.039314	-0.010766	0.042989	0.148603	0.062087	-0.059964	-0.043448	-0.092621	0.028861	-0.084912	0.158143	0.113385	0.148036	-0.045478	0.006649	0.171258	0.206191	-0.048127	0.066631	0.167357	-0.078890	-0.027082	-0.060671	-0.004685	0.046808	0.006197	-0.043843	-0.035282	0.066704	-0.055713	-0.011839	-0.090145	0.007380	0.033222	0.025987	-0.081709
0.704769	0.300217	-0.010638	0.013194	-0.072675	0.112381	0.010847	0.112649	0.030772	0.084681	0.112875	-0.305969	0.216109	0.231533	0.032849	-0.146461	-0.025052	0.045362	0.000520	-0.169309	0.040876	-0.032226	-0.016893	0.062426	0.151518	0.025637	-0.067387	0.000458	-0.071448	-0.079362	0.007602	-0.027996	-0.052374	0.051611	0.097545	-0.043810	0.024075	0.053823	0.100070	0.031429	-0.058726	0.045225	-0.016255	0.069341	0.026340	0.073277	0.088052	0.062993	-0.024792	0.076940
0.736771	0.345244	-0.041529	0.031346	0.037564	-0.017380	0.034160	0.036193	0.084752	-0.013164	0.172041	-0.128340	0.129331	0.085064	0.022111	0.055685	-0.127926	0.014026	-0.153718	-0.014020	-0.064366	-0.001020	-0.006386	0.049858	0.077986	-0.149922	-0.090387	0.044643	0.025899	0.041050	-0.013447	0.003058	0.083218	0.185040	0.087296	-0.036506	0.117742	0.062705	-0.115795	0.064907	-0.120439	0.011025	0.009595	0.158561	-0.132199	0.055355	0.033349	0.060902	-0.075952	0.072451
0.391709	0.468146	0.050822	-0.113778	-0.088161	0.154411	-0.030849	0.070529	0.196771	0.171649	0.306399	-0.293685	0.408399	0.054579	-0.018392	-0.095897	-0.053458	-0.014063	-0.050401	-0.133338	-0.014186	0.055885	0.077239	-0.108206	-0.049973	-0.041107	-0.044734	0.053131	-0.028366	-0.089450	-0.011314	-0.013669	0.001343	0.131650	-0.057011	0.039990	-0.008365	0.059585	-0.009778	-0.071814	0.091853	-0.106709	-0.059030	0.083038	0.030777	-0.004963	0.107976	0.003303	0.099344	-0.021029
0.566329	0.323821	0.016006	0.075657	-0.060631	0.137217	-0.020226	-0.014916	0.274016	-0.001729	0.190966	-0.179342	0.308878	0.107079	0.089188	0.174893	-0.053541	0.035644	0.038943	-0.143579	-0.002078	0.021435	0.106506	0.059980	-0.197886	0.055029	-0.051548	-0.018193	-0.088492	0.097887	0.060778	-0.053385	-0.076141	0.088393	-0.031112	-0.029652	-0.096288	0.071611	-0.015658	-0.133268	-0.091559	-0.149116	-0.047073	0.020442	0.009222	0.238233	0.005527	-0.050975	0.046599	-0.051008
0.517405	0.386144	-0.032398	0.029738	-0.089467	0.103751	0.011255	-0.160572	0.126922	0.101972	0.339706	-0.177500	0.241119	0.146355	0.017525	-0.087746	0.130417	0.150047	-0.083712	-0.053625	0.003804	-0.005109	-0.028152	0.160031	-0.037749	-0.004923	-0.141543	-0.018251	-0.108498	0.141333	-0.005723	-0.005061	0.031307	-0.028071	0.075170	-0.067738	-0.051533	-0.074862	0.003985	0.227106	0.128996	0.050460	0.075346	-0.001528	0.029285	-0.070327	-0.159365	0.098167	-0.089002	0.025271
0.419195	0.453393	0.100828	-0.347941	-0.147918	0.127811	-0.120458	0.101111	0.053557	0.224758	0.049313	-0.090877	-0.047923	0.021443	0.017370	-0.088547	0.015741	0.209967	-0.100981	0.068763	-0.144704	-0.081972	-0.028653	-0.131576	0.043805	0.064823	0.076272	-0.064898	0.076128	0.121992	0.103134	-0.039972	0.082986	0.019235	0.041725	0.042487	-0.051403	0.020910	-0.039597	0.054380	-0.145839	0.028650	0.227557	-0.017673	-0.004243	-0.109067	-0.129230	-0.009961	-0.107161	0.250314
0.466069	0.343986	-0.071677	-0.198039	0.056531	0.274311	0.156333	-0.086307	0.023775	0.091293	0.213636	-0.285190	0.364211	-0.051287	0.019072	-0.140157	0.097793	0.037037	-0.011741	-0.071305	-0.019753	0.057631	-0.064512	0.241994	0.008763	0.008887	-0.111241	-0.048857	-0.052206	-0.125924	-0.029563	-0.047949	0.006477	0.120746	-0.004101	0.062662	-0.027089	-0.120458	-0.045520	0.124625	-0.047234	0.160600	-0.002776	0.032349	-0.011006	0.101323	0.032300	0.061006	-0.038938	-0.046710
0.490097	0.110363	-0.125670	-0.030026	0.216778	0.344709	0.264006	-0.182735	-0.002825	0.055565	0.012563	-0.266866	0.213976	-0.075910	0.014689	-0.188030	0.084464	-0.059717	0.138094	-0.041132	-0.080147	0.031961	-0.141672	0.150538	0.033897	-0.032701	-0.076483	-0.124132	0.014110	0.110120	0.023938	-0.064644	0.010969	0.066174	-0.073913	0.105133	-0.152263	0.036881	0.167878	-0.061939	0.156913	-0.029752	0.122787	-0.029599	0.053015	0.105814	0.197455	-0.010977	-0.077051	0.012097
0.618403	0.523736	-0.060850	-0.151604	0.169945	-0.310745	-0.071578	0.103616	-0.179597	0.035165	0.119330	0.040430	0.006701	0.030162	-0.025533	0.103949	0.000001	0.061332	-0.039782	-0.059572	-0.017200	-0.007339	-0.005461	-0.127424	-0.004164	-0.013312	-0.032643	-0.007650	0.089633	-0.081301	0.081611	0.056222	0.012679	0.014308	-0.069437	-0.106944	0.003228	0.003534	0.078431	-0.046537	-0.046998	-0.011885	-0.057834	0.020835	0.019384	0.049418	-0.037449	0.017461	-0.075949	0.144331
0.607031	0.575744	-0.064429	-0.170719	0.208173	-0.244671	-0.035544	0.177637	-0.129800	0.065910	0.072263	-0.093376	0.008295	0.070115	0.021712	0.002925	-0.145160	-0.035165	-0.036265	0.010929	0.032476	-0.019750	-0.041789	-0.081953	0.143222	-0.064730	0.003260	0.096009	0.082715	-0.024444	-0.001763	-0.002253	-0.015130	0.007199	0.034596	0.006385	0.019359	0.008814	-0.009216	-0.025246	0.012715	0.014212	-0.058184	0.030619	-0.016206	-0.039029	0.052882	0.054449	-0.002341	0.012652
0.508662	0.452663	-0.045909	-0.211889	0.176785	-0.234360	-0.071135	0.042987	-0.229858	0.035542	0.034738	0.014507	-0.021978	0.096709	-0.060222	0.195005	0.164330	0.143646	0.072176	-0.057725	0.074329	-0.085255	-0.103463	-0.192336	-0.080033	0.129510	0.141378	0.040937	-0.110651	-0.029682	0.038237	-0.048203	0.079699	0.013899	-0.035191	-0.003140	-0.019967	-0.053040	0.048114	0.044310	0.060545	-0.032040	0.006967	-0.019464	0.023761	-0.178247	-0.163485	0.007422	-0.157917	-0.079884
0.598316	0.346781	0.012344	-0.025310	0.045237	-0.055984	-0.003764	-0.139842	-0.234824	-0.142678	0.025168	0.046443	-0.132742	-0.107775	-0.063809	0.110748	0.175326	0.066778	0.014831	-0.109666	0.069627	0.191080	0.017827	-0.341424	-0.021907	0.060858	-0.060124	-0.090193	-0.110858	-0.031434	0.040170	0.207547	-0.052889	-0.090826	-0.123246	-0.025413	-0.127500	-0.090659	0.035435	-0.000631	-0.137663	-0.034781	0.023859	0.012817	0.079045	0.084396	0.003634	-0.018565	-0.064151	-0.037555
0.602083	0.254654	-0.002833	0.099163	0.040817	-0.055805	0.063598	-0.127273	-0.290037	-0.203760	0.044546	-0.000811	-0.154426	-0.090453	-0.002885	0.090885	0.106047	0.134115	0.120933	-0.174306	0.007113	0.148736	-0.049755	-0.241116	0.030157	-0.058789	-0.227276	-0.162487	-0.060004	0.181582	0.129711	0.114593	-0.043550	-0.090864	-0.081451	-0.017417	-0.115191	-0.029204	0.011357	0.031474	-0.106594	-0.033653	-0.069894	-0.052631	0.002788	0.053094	-0.014120	0.043470	-0.068622	-0.042156
0.631435	0.241170	-0.131960	0.079078	0.182128	-0.192676	-0.111605	0.020167	-0.277748	0.012519	-0.068996	-0.089573	-0.077159	-0.110647	0.359507	-0.082048	0.171989	-0.147004	0.019065	0.044302	-0.015988	0.167109	-0.066598	-0.033360	-0.077024	-0.023809	-0.174337	-0.050574	-0.022644	0.038667	0.049078	0.038143	-0.036642	-0.040092	-0.045894	-0.007516	0.094759	0.004790	0.059784	0.044539	-0.055836	0.017011	0.079139	0.036001	0.095803	0.013364	-0.077795	0.079767	-0.072934	-0.041801
0.607494	-0.126461	0.099606	-0.252162	0.037468	-0.096526	-0.318855	-0.074816	-0.082606	-0.147038	-0.129129	0.048184	0.226582	-0.014330	-0.012708	0.050718	0.014844	0.173820	0.030045	-0.184717	0.073596	0.008393	0.128942	0.185797	0.001774	-0.146997	0.091333	0.103212	0.067446	0.031445	0.042921	-0.071639	-0.159878	-0.017173	-0.013102	-0.045600	-0.154574	0.000053	0.035645	-0.038409	-0.033960	-0.066297	0.054948	-0.063394	-0.061076	-0.220364	-0.056450	-0.024013	0.018956	0.150971
0.465831	0.054115	-0.010149	0.209993	-0.039299	-0.063862	-0.300653	-0.267161	-0.256208	-0.225198	-0.242816	0.210374	0.405618	0.193295	-0.054588	-0.243745	-0.099331	0.047702	-0.017997	0.075674	-0.066341	-0.083365	-0.079037	-0.009408	0.000165	0.040670	-0.046756	-0.037128	0.025301	0.049812	0.024054	0.017399	0.069111	0.013588	0.009541	0.027802	0.019399	0.074051	-0.070339	-0.090051	0.051382	0.015495	-0.036228	0.022668	0.046570	0.039175	0.050150	-0.053161	-0.018943	-0.026017
0.630740	-0.176563	0.039478	0.149844	-0.070261	-0.022290	-0.148732	-0.118347	-0.068527	-0.137677	0.225690	-0.235691	0.041028	-0.045186	-0.272484	0.174651	0.053315	0.035294	-0.045171	0.297288	0.204935	0.034644	0.145836	0.016422	0.046668	-0.023324	-0.119292	0.060661	0.024519	0.054931	-0.029423	-0.191547	0.042264	0.063766	0.049112	-0.063025	0.039755	-0.021479	0.011532	0.002128	0.120945	0.066798	0.027439	-0.074547	0.023599	0.043972	-0.012598	0.004002	0.054820	0.016430
0.437840	0.030801	0.080119	0.046214	-0.181373	0.179147	-0.049412	0.038638	-0.171155	-0.094374	-0.006596	-0.165307	-0.070853	0.008803	-0.294183	0.194301	0.048139	0.012755	-0.164110	0.401906	0.226967	0.157969	0.235308	0.004429	0.154023	-0.048749	-0.160692	0.095954	0.087948	0.168818	-0.014488	-0.143575	0.062876	0.096071	-0.050412	-0.092164	0.044510	-0.061238	0.066747	0.017917	0.035503	0.094558	0.006654	0.013654	0.192839	0.023164	0.048367	-0.084047	0.037254	0.015670
0.810826	-0.095363	-0.104010	0.138884	-0.050318	-0.064822	-0.091349	-0.186828	0.101740	-0.134527	0.085469	-0.035684	-0.209979	-0.123829	0.027657	0.015498	0.059887	0.093896	0.044938	-0.046106	-0.055508	0.050060	-0.048780	0.108541	0.065894	0.008277	0.108679	-0.033132	0.018335	0.055038	-0.064166	-0.091551	-0.027962	0.062738	0.002669	0.047324	0.013611	0.001905	0.161492	0.059069	-0.087957	-0.041411	-0.057112	0.039885	-0.001877	-0.012758	0.005095	0.153098	0.011888	-0.107900
0.714364	-0.139586	-0.073203	0.107487	0.064859	-0.205846	-0.192965	-0.121498	0.123179	-0.091529	0.056910	-0.171905	-0.070651	0.104978	0.123361	0.002382	0.205599	0.123724	-0.021069	-0.052947	-0.066349	-0.004390	-0.008765	0.164171	0.116164	0.017887	0.089427	0.187655	0.064669	0.094929	-0.020651	0.001738	-0.060807	-0.053965	-0.061892	-0.017079	0.123804	0.068100	0.091687	0.023038	-0.079437	0.060445	0.056997	-0.082991	0.114083	-0.029877	-0.063267	-0.023216	-0.137196	0.084879
0.787103	0.053587	-0.116684	0.281431	-0.148707	0.068115	-0.076546	-0.101439	0.104886	0.080485	0.061678	-0.042923	0.053002	0.042774	0.110956	-0.090714	0.132316	-0.024948	-0.078300	-0.111280	0.012127	0.019107	-0.028312	0.044408	0.087038	0.100832	-0.052232	-0.065413	-0.049243	0.075027	0.030438	-0.113633	0.063148	0.031128	-0.085414	0.099918	0.018171	-0.065908	0.107126	0.020321	-0.131605	0.095681	0.027009	-0.158122	-0.006388	0.100927	0.037449	0.062210	-0.009226	0.020228
0.743979	0.158500	0.101649	-0.104585	0.116012	-0.112261	0.188955	0.145108	0.114842	0.031095	0.014092	0.107583	0.030460	0.319553	-0.004767	-0.030166	-0.026794	-0.069126	-0.013316	0.076152	0.173728	0.067553	-0.008747	-0.163541	0.026114	-0.009596	0.098890	-0.033894	-0.005188	0.113372	-0.017551	-0.018260	-0.022774	0.140258	0.051051	0.012170	-0.069631	0.071081	-0.008619	-0.054741	-0.116920	-0.000526	-0.009950	-0.077795	0.084399	-0.081836	-0.007705	-0.075431	0.012782	0.116803
0.761448	0.287694	-0.063562	0.048038	-0.015609	-0.173910	-0.104436	0.146274	0.242771	-0.093095	-0.161770	-0.038286	0.022965	-0.152716	-0.082270	0.039999	0.096665	0.024796	0.003640	0.006683	0.037684	-0.002593	-0.047334	-0.037049	-0.047721	0.012635	0.013914	-0.003580	-0.056244	-0.022622	-0.077589	0.005693	0.039992	0.148797	-0.020097	-0.097855	0.055211	0.009676	-0.081079	-0.112131	0.016865	0.021860	0.032922	0.154420	-0.042455	-0.066699	-0.002591	0.080132	-0.065498	-0.121388
0.764302	-0.165054	0.455603	-0.162536	0.052139	0.008741	-0.050899	0.033063	0.048999	-0.046288	-0.013303	0.123814	0.054702	-0.089198	-0.006602	0.160564	-0.065870	0.071699	-0.028968	-0.086958	-0.091518	0.046697	0.078887	0.035463	0.091753	0.098130	-0.048140	-0.093952	-0.017318	0.003129	-0.037766	-0.002096	0.003986	0.001096	0.005672	0.037023	0.046023	0.013068	-0.047280	0.002764	-0.007254	-0.070903	-0.045096	-0.004319	-0.016575	0.011857	0.034316	-0.077573	0.052788	-0.031210
0.764655	-0.219301	0.279850	-0.004905	0.142989	-0.137260	-0.175514	-0.010228	0.087427	0.042725	0.094544	-0.140481	0.042173	-0.020856	0.262151	-0.069124	0.103793	-0.103357	-0.008767	0.097393	-0.083754	0.084635	0.051887	0.021711	0.066254	0.008977	0.003472	0.048230	0.007939	0.082669	0.022996	0.059264	0.068413	-0.099444	-0.032114	-0.054600	0.062294	0.062601	-0.024755	-0.008300	-0.059483	0.018674	0.026743	-0.040490	-0.057415	0.000876	0.029470	-0.029319	0.017998	-0.007562
0.745545	-0.057795	0.100681	0.262751	-0.048650	-0.145145	-0.118073	0.209879	-0.029350	-0.049044	0.057436	-0.024653	0.180602	-0.238479	0.184440	-0.060784	0.195726	0.011987	0.127704	0.082855	0.007910	0.074137	0.043533	0.015769	0.080684	-0.065012	-0.045973	0.039085	0.011600	-0.021138	-0.035283	0.000364	0.045811	-0.124201	-0.081679	-0.018106	0.002231	-0.033887	-0.025643	-0.007253	-0.039752	0.068765	0.016022	0.042639	-0.075721	-0.044941	0.044244	-0.104813	-0.030576	-0.062558
0.783134	-0.106050	0.363992	-0.021357	0.098136	-0.023808	-0.077150	0.141566	-0.031068	-0.111864	-0.037004	0.020528	0.060574	-0.079748	0.239371	-0.083828	0.110918	0.067285	0.015211	0.104117	-0.028024	-0.043261	0.071610	-0.022165	-0.066058	-0.079942	-0.035245	0.025948	0.080498	0.033095	0.059075	0.073448	-0.042087	-0.081573	0.086002	-0.026116	-0.045077	-0.010276	-0.018263	-0.072598	-0.116744	0.034383	0.039854	-0.024062	0.033947	0.008802	-0.018017	0.021152	-0.090323	0.001509
0.719708	-0.127114	0.328547	-0.178796	0.027305	-0.076006	-0.118887	0.057597	0.068351	-0.036068	0.070932	0.045264	0.078286	-0.042911	-0.018755	0.146140	-0.008705	0.240416	0.032328	-0.084113	-0.185888	0.003426	0.095256	0.090840	0.118411	0.138158	-0.082531	0.005272	0.050169	-0.000861	0.028028	0.032283	-0.021151	-0.037297	-0.119864	-0.125157	0.013907	-0.073306	0.011380	0.052060	-0.059790	0.063803	0.104291	-0.029529	0.117773	0.070794	0.062960	-0.073330	0.027722	0.091658
0.808964	-0.109248	0.144790	0.181179	0.024654	-0.094906	-0.019698	-0.002545	0.030334	-0.095590	-0.004517	0.070697	-0.001995	-0.047520	0.040071	-0.080045	0.105577	0.113216	0.044957	-0.157554	0.035476	0.063514	0.139072	0.116169	0.082819	-0.085685	0.068945	0.048953	0.032522	0.218461	-0.033895	-0.018749	-0.047364	-0.033248	-0.122298	0.015412	0.109830	-0.072909	-0.088718	-0.052285	-0.072612	0.007147	0.024575	0.055037	-0.003129	0.014846	-0.118846	-0.087838	0.037725	0.070320
0.550499	-0.102547	0.113718	0.151494	0.051128	-0.079960	-0.043475	-0.109821	0.094017	0.012750	0.104404	0.010452	-0.006257	0.040612	-0.043672	0.089996	0.091489	-0.097453	-0.132066	-0.079256	0.021364	-0.096893	-0.042347	0.079533	-0.056660	0.161650	0.084260	0.127324	0.128999	-0.000765	0.168768	0.224080	-0.291180	0.090665	0.150223	0.023019	0.239397	-0.034656	0.040002	0.276680	0.112073	-0.061986	-0.039755	-0.013726	0.094404	-0.022390	0.295789	0.022629	-0.066783	0.124629
0.568662	-0.056450	0.223044	0.127184	0.053860	-0.025739	-0.002254	0.007718	0.079830	0.015306	0.076798	0.107222	0.019644	-0.052962	0.057735	-0.021506	0.163677	-0.073894	-0.072700	-0.021133	0.013973	-0.067395	-0.044545	0.140487	-0.062722	0.098874	0.115086	0.087335	0.123097	0.013017	0.207384	0.140639	-0.235382	0.166667	0.093816	0.010827	0.263476	-0.085183	0.054043	0.305631	0.112429	-0.046544	0.007955	0.033564	0.139365	0.007131	0.243902	0.047860	-0.105798	0.149044
0.723285	-0.014063	0.120287	0.229552	-0.145895	-0.088386	-0.002244	-0.039363	-0.120158	0.206398	0.001798	0.030669	-0.052195	-0.040147	-0.127051	-0.009541	-0.055747	-0.023417	-0.026364	-0.042830	0.069551	-0.178738	-0.062561	-0.013189	-0.088175	0.034628	0.049710	-0.019712	0.113379	-0.041768	0.121600	0.139000	-0.048320	0.101806	0.042819	-0.057143	0.145316	-0.205527	0.142720	-0.002689	0.043362	0.030448	0.091282	0.152487	-0.094163	-0.058161	0.121327	-0.064566	-0.095670	0.128375
0.719126	-0.027529	0.381659	0.008319	0.090586	-0.021728	0.082780	0.261746	-0.046209	-0.133096	-0.000294	0.124303	0.132906	-0.116391	-0.000697	-0.001451	-0.035353	0.141926	0.095383	0.058192	-0.045346	0.017886	-0.004650	0.073926	0.008042	-0.033627	0.088232	-0.000230	0.046334	-0.018987	0.069500	0.000955	0.016123	0.069074	-0.076804	0.011752	-0.144939	-0.111710	-0.020465	0.084082	0.032563	-0.031395	0.198262	0.064297	0.091309	0.114840	-0.067110	-0.043979	-0.043281	-0.019611
0.800292	-0.083563	0.282302	0.185176	0.182104	-0.028049	0.052692	-0.180602	0.071931	-0.033107	0.052685	-0.132582	-0.059641	-0.005080	0.187349	-0.028154	-0.051969	0.137260	-0.028560	0.027415	0.007382	-0.068634	-0.039508	-0.004201	-0.002076	-0.017284	-0.001477	0.020697	-0.012267	0.052249	-0.056408	0.068464	0.024733	0.005199	-0.070729	0.066490	-0.058024	0.001455	-0.001331	-0.036671	0.025788	0.008549	0.133537	0.059706	-0.003838	0.083638	0.023402	0.015081	-0.043862	0.124771
0.709687	-0.066753	0.188879	0.191656	0.057731	-0.097399	-0.165096	0.198469	-0.029771	0.038061	-0.039625	0.009112	0.033953	-0.176390	0.320585	-0.146867	0.109859	-0.111351	0.038923	0.117140	-0.031103	-0.032981	0.043477	0.028629	-0.084347	0.018040	-0.098536	0.002914	0.032882	0.164868	0.031805	0.077013	0.034368	-0.143644	-0.061534	0.007246	0.050771	-0.088847	0.032398	-0.028487	-0.008588	0.076290	0.103618	0.097478	-0.084755	0.069038	-0.001332	-0.004379	-0.072833	0.034483
0.788126	-0.161665	0.321459	-0.029684	0.073971	-0.034662	-0.144385	0.124654	0.052196	-0.001008	0.112536	0.006286	-0.023951	0.117584	0.070221	0.071204	0.189275	0.019725	0.070457	0.022844	-0.013383	-0.053294	0.136419	0.067415	0.035156	0.014032	-0.049068	0.033262	0.030556	-0.023750	-0.046697	0.007699	0.019502	-0.083169	-0.017737	0.108463	-0.033493	-0.024074	-0.035812	-0.088097	0.002837	0.040085	0.102962	0.013025	0.103122	0.099647	0.100046	-0.025900	0.060406	-0.107970
0.705221	-0.058862	0.422183	0.119515	0.083879	-0.019184	0.128939	0.133049	0.070610	0.026448	0.081812	0.080658	-0.022091	0.021056	0.004045	-0.099741	0.185480	-0.077611	-0.204276	-0.014011	0.008911	0.000506	0.086229	-0.115517	0.078707	-0.082201	0.071180	-0.045975	0.020193	0.079269	-0.001824	0.073449	0.202440	0.077573	-0.061991	0.030603	-0.034470	0.090871	-0.058322	-0.082964	0.052147	0.031863	0.028536	-0.019266	-0.069403	-0.008965	0.089793	-0.018341	-0.037355	0.092805
0.865808	-0.057486	0.384265	0.009907	0.091169	-0.060298	-0.021795	0.005097	0.000262	0.040982	0.009795	-0.059499	-0.050064	0.017552	-0.040004	-0.018495	-0.070435	0.060217	-0.020466	0.035835	-0.049399	-0.034662	0.018352	-0.021289	-0.019285	0.049340	-0.009475	0.081388	-0.009694	0.057607	-0.017395	0.024082	0.038518	-0.051623	-0.046949	0.034000	0.040175	0.025749	0.045419	0.065336	-0.057455	-0.055564	0.088270	-0.008786	-0.040379	-0.013177	0.006748	-0.119386	-0.006049	-0.041745
0.862401	-0.156746	0.384621	-0.018061	0.163181	-0.046236	0.042630	-0.052723	0.033317	0.010061	0.014259	-0.017231	-0.039754	0.069292	-0.007790	-0.004684	0.032544	0.021923	-0.077473	-0.004760	-0.007469	0.014268	0.054517	0.005660	0.008029	0.004000	0.019805	-0.035379	-0.042674	0.042563	-0.077220	0.002392	0.068807	0.002873	0.011695	0.024735	0.028237	-0.005121	-0.013926	-0.017766	-0.019368	-0.071396	-0.046603	-0.014371	0.026471	-0.040746	0.002400	0.045265	0.024669	0.006565
0.850452	-0.261315	-0.174907	-0.161090	-0.091022	-0.071035	0.047807	-0.127059	0.131297	-0.144432	0.091067	0.018157	-0.080837	0.029697	0.057524	0.010532	0.013193	0.024697	-0.014309	0.049095	-0.023571	0.058518	0.019915	0.040076	-0.046038	0.024227	0.032083	-0.031516	0.037053	-0.009097	-0.064130	0.037924	0.001520	-0.034330	0.014058	0.031865	0.057114	-0.031852	-0.002588	-0.026372	0.000691	-0.089025	-0.009171	0.015143	0.064150	0.062381	-0.073598	0.101555	0.039503	-0.023632
0.859091	-0.216074	-0.033245	-0.028841	-0.151552	-0.189597	0.009066	0.009557	0.010038	-0.079494	0.209284	0.037442	-0.067990	0.001123	-0.012285	0.012587	0.029755	0.107681	0.009082	-0.039507	0.007970	-0.013395	-0.006094	0.075028	0.000381	-0.088662	0.051470	0.020568	-0.012200	-0.019156	-0.059573	0.062075	0.028997	-0.001797	-0.126692	-0.041525	0.072112	-0.024780	-0.026350	-0.068605	-0.088861	-0.058824	-0.074561	-0.005405	0.000961	0.098196	-0.014110	0.004188	-0.023207	0.040389
0.795688	-0.083606	-0.011826	-0.247141	-0.255816	0.068606	-0.087241	0.178783	0.022014	-0.114720	-0.094674	0.121019	-0.123471	0.001403	0.034539	-0.027465	0.057281	-0.082737	-0.092097	-0.091327	0.107784	-0.119678	0.038426	-0.044652	0.019695	0.102578	-0.064365	-0.076350	0.022616	0.099259	-0.045565	0.144456	-0.002994	0.006219	-0.030006	0.053462	-0.041833	0.020052	-0.063154	-0.033514	-0.031544	-0.011105	-0.057287	-0.040266	0.043929	-0.027223	0.015539	0.015292	0.027842	-0.054218
0.845906	-0.247427	-0.184280	0.015485	-0.128425	-0.155206	0.086700	-0.002429	0.046003	-0.100009	0.183318	0.069603	-0.091604	0.000171	0.098613	-0.063786	-0.014382	0.075513	0.036776	0.029807	-0.029831	0.051703	0.081392	0.019867	-0.050061	-0.003901	0.015307	-0.068610	0.067953	-0.058286	0.031140	0.026434	0.035629	-0.027156	-0.008808	0.041226	-0.000557	0.014298	0.073312	-0.059850	-0.043489	-0.002075	0.012955	0.004616	0.093445	-0.034196	0.022810	0.066954	0.034431	0.034178
0.844922	-0.176669	0.087326	-0.207781	-0.113300	-0.074332	0.056443	-0.045253	-0.005431	-0.013816	0.018350	-0.066910	0.086243	-0.000239	-0.115258	0.116048	-0.127337	0.067717	-0.008643	-0.018475	0.072819	0.149481	-0.083827	-0.011961	-0.013326	0.037446	-0.030566	0.042911	-0.047614	0.061991	0.005528	0.040598	-0.076936	0.028767	0.030354	-0.024955	0.015777	-0.132904	-0.051667	-0.137687	-0.074443	0.041941	0.092296	-0.006353	0.010106	-0.022431	-0.023431	0.082670	-0.032686	0.018787
0.841944	-0.161044	-0.035399	-0.212027	-0.216985	-0.082340	-0.015991	0.075660	-0.036833	-0.054043	0.114350	0.121593	-0.015677	0.006837	-0.066334	0.140784	-0.005952	0.042699	0.026036	-0.118840	0.052578	-0.052096	0.014037	0.005832	0.039362	-0.064892	0.057344	0.072439	-0.048614	0.050435	-0.015397	-0.006487	0.037226	-0.000450	-0.119381	-0.026806	0.069287	-0.016937	-0.054722	0.064261	0.029123	-0.020115	-0.036850	-0.050318	-0.002372	0.085810	-0.099788	0.011206	-0.012208	-0.096593
0.808407	-0.195424	-0.224266	-0.211276	-0.045416	0.044985	0.209027	0.043090	-0.049279	-0.051439	-0.009609	0.044797	-0.017522	-0.045135	-0.039388	-0.154206	-0.066395	0.047687	0.075051	0.066876	-0.018818	-0.008824	-0.072862	-0.077598	0.065049	0.142937	-0.003780	-0.007021	0.013928	-0.033889	0.060623	-0.053982	-0.108081	-0.094516	0.032314	-0.044193	-0.078482	-0.057779	0.012899	0.000736	0.007316	-0.058531	0.111749	-0.024001	0.053509	-0.013329	0.094746	-0.027352	-0.041430	0.057978
0.829496	-0.132317	-0.116878	-0.081643	-0.153732	-0.114031	0.042027	0.161437	-0.013840	-0.007688	-0.042641	-0.082958	0.114015	0.075534	0.017260	-0.030682	0.112808	-0.039442	-0.118506	-0.043700	0.025013	0.011642	0.024366	-0.009864	-0.082298	0.083615	0.032582	0.112436	0.005370	0.030625	-0.077429	0.063006	-0.091442	-0.136497	-0.140365	0.000058	-0.011296	-0.056548	-0.029177	-0.148508	0.046451	-0.014954	0.087220	0.081048	-0.038844	0.015615	0.065890	-0.117663	-0.007823	-0.034246
0.788337	-0.119104	-0.082684	-0.166044	-0.206418	-0.027790	0.006346	0.026376	0.153185	-0.103050	-0.022519	0.106974	-0.087182	0.018256	0.054607	-0.029026	-0.113177	-0.003807	-0.068242	-0.136160	0.012963	0.033143	0.089348	-0.073186	-0.058748	-0.104229	-0.092021	-0.149421	0.029029	-0.019698	-0.002304	-0.052471	0.126173	0.103221	-0.034184	-0.053673	0.097094	-0.160640	-0.031087	0.041777	-0.031826	-0.050325	0.032321	-0.050747	0.077730	0.093732	0.099301	0.083080	-0.074280	0.124318
0.761039	-0.280334	-0.124326	-0.169896	-0.067948	-0.113447	-0.047073	-0.104238	0.052453	-0.094713	0.104915	-0.048536	-0.161797	0.088219	0.139857	-0.091016	-0.057567	0.111548	0.101054	0.073411	0.074446	0.002248	0.020009	0.063171	0.063106	0.086126	0.029853	-0.161047	0.059184	-0.062004	0.013344	0.079335	0.078464	-0.001045	0.055496	-0.086836	0.027363	-0.053669	0.003250	-0.016176	0.029309	0.017034	-0.029295	-0.031551	0.082217	0.010272	0.178869	0.003928	0.078260	0.135751
0.827007	-0.116029	-0.139876	0.047131	-0.106151	-0.187571	0.073615	-0.042862	0.014152	0.032645	0.064718	0.057511	0.019374	0.126779	-0.009555	0.029153	0.079715	-0.102637	-0.198130	-0.102633	0.009967	-0.057293	-0.075130	0.011172	-0.010920	0.020325	-0.023131	0.115944	0.009268	-0.090998	0.045515	0.005767	0.049966	-0.078386	-0.039022	-0.124159	-0.084014	-0.150777	-0.010993	0.010244	0.034844	0.046419	0.007850	0.064921	0.086854	0.132378	0.035487	-0.101410	-0.005447	0.016078
0.783824	0.120359	-0.162343	0.023573	-0.169838	0.015903	0.170505	-0.017880	0.052188	0.055845	-0.047416	0.146476	-0.044032	-0.077259	-0.056391	-0.022792	-0.098127	-0.010597	0.076922	-0.118803	-0.023342	0.076734	0.100116	-0.065114	-0.035006	-0.102485	0.052764	0.017891	-0.119874	0.040505	-0.064536	-0.229188	-0.019807	-0.117501	-0.023063	-0.087693	-0.015903	-0.090354	-0.000233	0.095144	0.040173	-0.073785	0.006134	-0.086706	-0.016613	0.003584	-0.025129	-0.071420	-0.123293	0.175643
0.773231	-0.155174	-0.164621	0.043481	-0.111546	-0.101209	0.055094	0.225613	-0.029940	-0.074561	0.074996	0.050195	0.087094	-0.164202	0.006270	0.021094	-0.066772	0.038424	-0.082107	0.022931	0.114996	0.065034	-0.069101	-0.065165	0.034720	-0.058927	0.129183	-0.123364	-0.016607	0.101563	-0.028306	0.057197	0.050334	0.136505	0.049046	0.042197	-0.058700	0.133876	-0.035481	0.027625	0.022503	-0.211236	-0.129648	0.048425	-0.055782	0.113169	-0.009163	-0.027642	0.015786	0.042705
0.773851	-0.222523	-0.142202	0.081098	-0.197661	-0.106427	0.089237	-0.111465	0.042351	-0.094307	0.209567	0.018985	0.008855	0.040048	-0.008787	0.002777	-0.026073	-0.076079	0.028029	0.175214	0.075599	0.092313	-0.097675	-0.106236	-0.041676	0.004204	-0.050815	0.007103	-0.002777	0.061604	-0.150885	0.033154	-0.083569	-0.076979	0.038386	-0.011093	0.022121	-0.175888	0.036044	0.058864	-0.141808	-0.006831	-0.030959	-0.089929	-0.030958	0.077689	0.017448	0.049678	-0.047661	-0.017750
0.756009	-0.283295	-0.080550	-0.197424	-0.102033	-0.133958	-0.094934	-0.168261	0.094574	-0.071731	0.270424	0.051533	-0.080069	0.054168	0.003967	0.108646	0.045691	0.026309	0.095782	0.016419	-0.008279	0.051676	0.049090	0.088215	0.105173	-0.055604	-0.006174	-0.054696	0.047146	0.079831	-0.076953	0.023874	0.063539	-0.016871	-0.014393	0.005078	0.059847	-0.078254	-0.067403	0.020213	0.012965	0.007993	0.009598	-0.101163	-0.083545	0.090014	0.135541	-0.036768	0.061498	0.015146
0.791419	-0.063831	-0.152036	0.250359	-0.052351	-0.053162	0.134675	0.008091	-0.015159	-0.110993	-0.003607	0.093435	-0.050591	-0.003011	0.108514	0.104192	-0.021804	0.264835	0.052416	-0.088742	-0.007599	0.081975	0.087810	0.086152	0.011730	0.044304	0.035082	-0.069838	-0.087388	0.027674	0.007525	0.084668	-0.031044	0.009458	-0.040328	0.070389	-0.028746	0.014494	-0.147426	0.079970	-0.114901	0.037819	-0.000625	0.101873	-0.028132	0.112189	-0.042854	-0.007070	-0.078772	-0.057124
0.783997	-0.149418	-0.130277	-0.146888	-0.141923	-0.013147	0.050935	-0.049553	0.096475	-0.214842	0.033896	0.087613	-0.181302	0.149107	0.169871	-0.067816	-0.015300	-0.033907	-0.002817	-0.040365	0.054981	0.008071	0.039540	-0.027035	0.061215	0.002248	-0.001962	-0.107761	0.032428	0.025439	-0.055183	0.047516	0.152216	0.045077	-0.073459	-0.104678	0.037307	-0.102260	0.034719	0.081181	0.024669	0.110562	0.052037	0.004049	-0.038323	-0.005312	0.020097	-0.129402	0.023840	0.139706
0.730041	-0.091748	-0.125654	-0.109736	-0.114190	-0.051460	0.156781	0.172165	0.076818	-0.046642	-0.067531	0.089866	0.142240	0.096445	0.071179	0.090174	-0.101356	-0.146242	-0.027183	-0.018658	-0.015428	0.161961	-0.023882	-0.014081	-0.162738	0.199239	-0.014450	0.035882	0.028931	0.009086	0.077502	0.052464	0.001784	-0.075651	-0.093809	-0.183995	-0.048237	-0.085726	-0.063547	0.131452	0.147117	0.001858	0.063067	-0.000443	-0.051759	0.151976	-0.034733	0.048907	-0.057743	-0.149642
0.681527	-0.244628	0.012065	-0.299533	-0.033983	-0.107056	-0.145617	-0.041369	0.041517	-0.106615	0.117884	0.036149	-0.023795	-0.018591	0.106488	-0.000932	-0.162329	0.096428	0.260442	-0.051770	0.120663	0.006435	0.086582	-0.020035	0.191388	0.046694	0.027652	-0.037598	-0.001955	-0.172918	0.055502	0.005607	-0.030330	0.008328	0.043302	-0.055363	-0.097940	-0.060204	0.050867	0.130475	0.006146	-0.024979	0.186367	0.098691	0.030920	-0.010663	0.097020	0.030769	0.001374	0.108393
0.715770	-0.268861	-0.037912	-0.146019	-0.065408	-0.096646	-0.171399	-0.036647	0.124691	-0.063023	0.270658	0.019122	-0.010780	-0.018158	-0.021538	0.101045	-0.129700	0.028056	0.054375	0.025504	0.028489	-0.019817	0.036188	-0.086250	0.038359	-0.091892	-0.041081	-0.019817	-0.020084	-0.079760	0.003993	0.032419	-0.035747	-0.056164	0.098067	0.047021	0.066578	-0.009133	0.084924	-0.059288	0.001275	-0.201698	-0.000141	0.005701	-0.120445	0.139242	0.070261	-0.185376	-0.079053	-0.203384
0.785591	-0.171856	-0.205042	-0.167806	-0.052581	0.126256	0.182830	0.031812	-0.072448	-0.134004	-0.099905	-0.048251	-0.020971	0.038209	0.079418	-0.020147	0.016984	0.110041	-0.088305	0.058155	0.052290	-0.097858	-0.054999	-0.109278	0.000853	-0.110688	0.171949	0.097366	-0.004015	0.049676	-0.025903	0.064465	-0.051988	-0.116069	0.037665	-0.079443	-0.043900	-0.089689	0.057724	-0.007780	0.082436	-0.088864	0.018789	-0.122951	0.048544	-0.043566	-0.042570	-0.002714	0.004427	-0.053389
0.637596	-0.023420	-0.057695	-0.195664	-0.252014	0.122331	0.243933	0.106094	-0.066513	0.017324	-0.026048	0.237004	0.146651	0.044792	-0.014823	0.046312	-0.131749	-0.029253	0.161324	0.074855	0.087000	0.247755	-0.198567	-0.041653	-0.104468	0.091589	0.124418	-0.067119	0.036133	0.015228	-0.004943	0.094860	-0.057872	0.018782	-0.021089	-0.073303	-0.121149	-0.041285	0.009827	0.111459	0.006571	-0.006338	0.147650	0.062189	-0.042377	-0.030765	-0.123715	-0.060329	-0.129551	-0.046638
0.822545	-0.120728	-0.066146	0.149660	-0.033208	-0.009104	0.030522	0.056740	-0.063290	-0.116281	0.019731	0.002172	0.053161	-0.044128	-0.016749	0.055469	-0.024212	0.176706	0.071517	-0.031479	-0.014894	-0.036937	-0.007036	0.064076	0.009815	0.063151	0.036700	0.097724	0.142191	-0.069914	0.001974	-0.083323	-0.148303	-0.129354	0.036214	0.014220	-0.092358	-0.162278	-0.110669	-0.026358	-0.107681	-0.012903	0.105118	0.000917	-0.010230	0.085851	-0.084600	-0.059459	-0.031319	0.173159
0.725433	-0.224088	-0.176347	-0.407618	0.090158	0.052122	0.179044	-0.214920	0.006519	-0.051037	-0.112104	-0.069775	0.012859	-0.187544	-0.005976	-0.016291	-0.039369	0.015721	-0.012996	0.044902	0.071396	0.009715	-0.070062	0.026422	0.041117	-0.032166	-0.008868	0.016224	-0.029282	-0.056605	0.031469	0.052009	-0.137526	0.015343	0.008977	0.048923	-0.021874	-0.044311	-0.004671	0.068714	0.065261	0.004745	-0.015591	0.045534	0.000794	0.092715	-0.089207	-0.036704	-0.050522	0.000972
0.680262	-0.239763	-0.140387	-0.380185	0.178273	0.059884	0.058655	-0.129970	-0.083196	0.028223	-0.085876	-0.110908	0.041893	-0.172513	-0.092191	0.039588	-0.018335	-0.063504	-0.120184	-0.044961	-0.081104	-0.083839	-0.124687	0.045503	0.093144	0.117381	-0.126157	0.009809	-0.085790	-0.109790	-0.017182	0.082978	0.015234	0.051886	-0.000784	0.073155	0.142690	-0.038970	-0.051802	0.067298	-0.059867	-0.006045	-0.168858	-0.005704	-0.001466	-0.007290	-0.037284	0.031957	-0.034575	-0.022743
0.741762	0.005914	-0.205413	0.076413	0.180093	0.084321	0.204816	0.090621	-0.154508	0.006177	-0.108811	-0.105915	0.001659	0.043244	-0.192299	-0.149162	0.023661	0.015130	0.154707	-0.005567	0.002060	-0.018114	0.123530	0.293421	-0.012791	0.023988	0.043802	0.020670	0.054982	0.009576	-0.062400	-0.049934	-0.096137	-0.037498	-0.102947	0.016386	0.023562	-0.114376	-0.000874	-0.016828	-0.057241	-0.050865	0.103167	0.070877	0.004127	0.038674	-0.006109	-0.078255	0.004966	-0.015840
0.471724	-0.264796	-0.284374	-0.300537	0.178384	0.036128	0.208448	-0.184193	-0.007763	0.066507	0.078204	-0.053246	0.083689	-0.230812	-0.169548	-0.106530	0.092490	-0.113765	-0.064623	0.141587	-0.182607	-0.070681	0.007312	0.075379	0.200650	0.105352	-0.155741	-0.078941	-0.035837	-0.036002	-0.081294	0.105249	0.126261	0.004592	-0.072213	0.053443	0.105116	-0.116501	0.079297	0.106639	0.086475	-0.043546	0.022782	0.079752	-0.099914	-0.002188	0.074261	0.110312	0.081058	0.056010
0.918906	-0.185224	-0.186122	-0.080733	-0.060994	0.002201	0.128863	0.041522	-0.050825	-0.048404	-0.014326	0.001464	-0.001613	-0.037959	-0.045277	0.021181	0.048278	-0.044681	-0.017131	0.003024	0.005583	-0.030408	-0.036152	0.031736	0.031955	0.028546	0.054369	0.006819	-0.086046	0.012548	-0.040770	0.022308	-0.025608	-0.018956	-0.046869	0.055784	-0.026209	-0.046200	-0.030718	-0.028027	0.013019	-0.037884	-0.031847	0.047338	-0.038111	0.047558	0.004569	0.017885	0.041558	-0.070992
0.899854	-0.186598	-0.060862	-0.135872	-0.021571	-0.075086	-0.050756	0.155212	-0.043845	-0.009919	-0.065945	-0.103507	0.037681	0.155081	-0.004952	0.057548	-0.026394	-0.013698	0.110067	-0.036710	0.010881	0.104701	-0.002168	0.009122	-0.043632	0.013643	0.062125	-0.041279	-0.079768	-0.022052	-0.017335	-0.025049	-0.041372	0.043508	-0.047152	0.037956	0.005756	-0.032639	-0.024765	-0.033224	-0.021783	0.041421	0.001214	0.011550	0.001698	-0.028659	0.015877	0.011237	-0.007559	0.002168
0.807419	-0.094251	-0.066675	-0.176806	-0.161224	0.033489	-0.070867	0.054741	0.051699	-0.077450	-0.027546	0.103934	-0.139912	0.098857	0.122070	-0.030964	0.033340	-0.183770	-0.101851	-0.076872	0.037165	0.010067	-0.017228	-0.027270	-0.012517	-0.032841	-0.041975	-0.143200	0.017714	0.070349	-0.018668	0.015228	0.187613	0.135747	-0.077502	-0.016871	-0.052525	-0.095955	0.102476	0.044546	0.097648	0.041309	0.088586	0.044858	0.010435	0.021997	0.061301	0.046655	-0.086543	0.019737
0.907478	-0.092178	-0.128523	-0.086723	-0.231865	0.020828	0.059849	0.057150	-0.042761	-0.031921	-0.032209	0.104562	-0.043105	0.016604	0.028987	-0.012637	0.056980	-0.025169	-0.060477	0.037516	-0.004255	-0.002607	0.004311	-0.049055	-0.056895	0.017575	0.065665	0.040807	-0.072176	-0.027541	-0.071350	0.028788	0.029712	-0.027709	-0.077633	0.022818	-0.042042	0.026136	-0.019478	0.110295	-0.007445	-0.010439	0.009598	-0.025235	0.035725	0.046581	0.035938	0.054095	-0.001073	-0.019914
0.883678	-0.044935	0.183958	0.026910	-0.008579	-0.049898	-0.160919	0.044084	0.098504	-0.020285	-0.120837	0.006065	0.002598	0.002672	-0.039118	-0.055105	0.132674	0.017487	0.012652	0.029918	0.025403	-0.053142	0.049077	0.036954	0.031236	-0.151510	0.057818	0.029724	-0.048310	-0.013175	0.073752	-0.009940	0.050667	-0.039307	-0.019524	0.072127	0.070012	-0.017031	-0.046118	-0.015408	-0.016441	-0.088476	0.094705	-0.011251	0.034837	0.076399	-0.062605	0.046316	0.083168	-0.076855
0.894581	0.152114	0.104370	0.078646	-0.081728	0.071420	0.004098	0.043353	-0.096046	-0.045084	-0.074571	-0.053904	-0.064910	0.075139	0.103338	0.072142	0.021621	0.061089	0.119085	-0.023339	0.120565	0.002707	0.013180	0.110406	0.044513	0.052232	0.052535	-0.074364	-0.042190	-0.002157	0.049798	-0.076182	-0.007284	-0.053594	0.031704	0.004587	0.064720	0.039779	0.032469	-0.012814	0.007453	0.066449	-0.014150	0.082044	-0.028950	-0.010072	0.082818	-0.034421	-0.010436	-0.005413
0.796308	0.300476	0.152949	-0.125884	-0.150901	0.200972	-0.024344	-0.042017	0.014898	-0.095456	0.069202	0.067501	-0.085672	-0.006630	-0.045447	0.118581	0.042201	-0.009359	0.089490	0.095841	0.042927	0.075731	-0.089240	0.161976	-0.026906	-0.051230	0.045564	0.015695	-0.009668	0.038685	-0.106315	0.010956	0.004226	-0.049053	0.041829	-0.010266	0.024110	0.067860	-0.029638	-0.069999	-0.034873	-0.019097	0.053786	0.041548	0.019470	-0.078772	0.049114	0.025998	-0.117867	-0.064234
0.803571	0.335387	0.115322	-0.047661	-0.141352	0.152530	-0.025592	-0.035159	0.060813	0.122901	0.094268	-0.009747	0.059550	0.118161	-0.041961	-0.033684	0.035057	-0.044484	-0.014997	-0.072657	0.021383	-0.040354	0.037195	-0.027722	-0.069931	-0.090250	-0.104778	0.039582	-0.104268	-0.025952	-0.095392	-0.034980	-0.055244	0.026699	0.054433	0.049298	0.119172	-0.025800	-0.138920	0.022554	0.020042	-0.112841	-0.053036	0.048152	0.019468	0.037188	-0.042898	-0.054386	0.053926	0.030468
0.805107	0.224385	0.187135	-0.081831	-0.149364	0.138286	0.072379	-0.049611	-0.013616	0.094030	-0.127683	0.037050	-0.079896	-0.041038	0.024822	0.028745	-0.124511	-0.003671	0.074046	0.020661	0.017142	-0.068268	-0.232891	0.057512	0.002820	-0.077159	-0.000763	0.076550	0.103741	-0.005915	0.113685	-0.041197	0.015278	-0.072465	-0.051749	-0.034099	0.029878	0.075335	0.018267	-0.033526	-0.056017	-0.037920	0.023862	0.038018	-0.016468	-0.101514	0.091528	0.038980	-0.091104	-0.022605
0.681268	-0.047359	0.055806	-0.114044	-0.091570	0.104675	-0.165216	0.005192	-0.084679	0.028112	-0.080375	-0.067295	-0.113536	0.125689	0.035876	0.112612	-0.034333	-0.086726	0.186303	-0.019779	-0.113972	0.183163	-0.060577	0.044490	0.133250	-0.071684	0.276378	0.006326	-0.053423	-0.119088	-0.003023	-0.118653	-0.071834	0.006363	0.017754	0.004716	0.182216	-0.158057	-0.071816	0.004012	0.197715	0.121427	0.071046	-0.051645	-0.024296	0.104350	-0.018136	-0.044817	0.177959	0.082926
0.546237	0.040336	0.046196	-0.104844	-0.209004	0.160687	-0.075998	0.046255	-0.105056	-0.007791	-0.223461	-0.123990	-0.089709	0.058318	-0.092748	0.015113	-0.005183	-0.063239	0.054249	-0.118044	-0.052147	0.097394	-0.034058	-0.084901	0.126692	-0.097797	0.207711	0.008188	-0.124095	0.031444	0.053504	-0.089924	-0.120681	-0.001179	0.105817	-0.060188	0.320285	-0.009361	-0.104684	-0.070832	0.085298	0.092802	0.184601	-0.135715	-0.023723	-0.018413	-0.075833	0.094338	0.373036	0.063287
0.590515	-0.051729	0.074721	-0.083484	-0.125694	0.042165	-0.045494	0.183223	-0.210486	0.025757	-0.108882	-0.153343	0.038986	0.125383	-0.073238	0.240376	0.100821	0.042998	0.082452	0.105830	-0.076553	0.034477	-0.032818	-0.098962	0.074572	-0.121264	0.111748	0.042873	-0.230272	-0.110830	0.040500	-0.166651	0.051884	-0.087440	0.117258	0.092396	0.180975	0.086829	-0.200531	0.137973	-0.056758	0.122447	0.139153	-0.151365	-0.134742	0.036041	0.028448	0.110189	0.114577	-0.081803
0.680487	-0.093910	0.006804	-0.071574	-0.071933	0.087197	-0.074697	0.053448	-0.130364	-0.016530	-0.038873	-0.192588	-0.033983	0.214279	-0.128718	0.089163	0.016051	-0.052461	0.019169	0.166638	-0.059851	0.219388	-0.004186	-0.056997	0.053406	0.019994	0.266721	-0.025232	-0.111747	-0.110656	-0.085739	-0.020352	0.002502	0.014465	-0.012004	0.106056	0.126921	-0.140424	-0.102293	0.148364	0.005697	0.130369	0.102636	-0.050051	0.000886	0.005543	0.022752	-0.120287	0.206152	0.114587
0.655385	-0.063196	-0.216678	0.021454	-0.094452	0.103389	0.166331	-0.009294	-0.110483	-0.068443	-0.101088	-0.048102	-0.004968	0.057308	0.040109	-0.007664	0.028678	-0.081505	-0.005223	0.136785	-0.060848	0.117288	-0.055535	-0.164529	0.089274	-0.112099	0.253897	-0.144280	-0.158921	-0.053843	0.130471	-0.026051	0.023971	0.031710	0.079357	0.046969	0.289628	-0.016008	-0.118928	-0.003285	0.046817	0.114887	0.157478	-0.017719	-0.030857	0.066276	-0.004928	0.064424	0.208650	0.099392
0.581154	-0.072188	-0.002383	0.091578	-0.076222	-0.019630	-0.160434	-0.090465	-0.064624	-0.086736	0.118615	-0.111750	-0.012298	-0.032190	-0.023080	0.151248	0.188709	-0.089264	0.028950	0.080384	0.005734	-0.001927	-0.169091	-0.045851	0.112072	-0.160411	0.214351	0.073511	-0.075038	-0.018178	-0.013568	-0.091307	-0.004962	-0.049918	-0.055852	-0.021680	0.333602	-0.069113	-0.156892	-0.086205	0.102380	0.099798	0.134954	-0.172418	-0.093224	0.011889	-0.081571	-0.151027	0.298264	0.100478
0.704675	0.214850	0.119262	-0.227025	0.082369	-0.032179	0.205702	-0.008766	0.078048	0.072265	0.035481	0.381402	0.125730	0.052931	-0.138149	-0.159327	0.017330	-0.060746	-0.112523	0.072366	0.013181	0.045403	-0.015815	-0.179594	-0.050432	-0.013482	0.091015	0.118949	-0.052562	0.050305	-0.009805	-0.098182	0.014143	0.015015	-0.054484	-0.041199	0.004964	-0.046399	0.042535	-0.009941	-0.023636	0.076169	0.007744	0.040482	-0.004511	-0.027662	0.025125	0.028956	-0.020845	-0.058632
0.702748	0.106709	0.156358	-0.279940	0.064037	0.013853	0.361238	0.026111	0.053951	-0.004623	0.042848	0.366863	0.084275	0.008993	0.022431	-0.065584	0.106948	-0.040678	0.069571	0.027871	0.069551	0.080160	0.077187	-0.083125	0.036013	-0.086603	-0.016653	-0.014747	0.034547	-0.040631	-0.067801	-0.087334	-0.050030	0.045607	0.030724	0.008519	0.047093	0.035115	-0.060810	-0.027103	-0.022105	0.118166	-0.025114	0.003963	0.000795	0.062058	-0.030727	0.013462	-0.065549	0.008802
0.615366	-0.016519	0.012225	0.012288	-0.099462	0.046780	-0.287852	-0.122025	-0.103310	-0.156955	-0.145292	0.182251	0.152098	0.113654	-0.014167	-0.118727	-0.127866	-0.008162	0.015744	0.001350	-0.153364	-0.055992	-0.111779	0.047274	-0.022777	-0.075494	-0.038785	0.042043	-0.085034	-0.027630	-0.066149	-0.096007	0.149315	0.053897	-0.148817	0.010563	0.250043	0.167923	0.012922	-0.001846	0.026961	-0.023038	-0.014420	0.205791	0.237639	-0.074567	0.090064	0.109053	0.115717	-0.064979
0.842128	0.356776	-0.073438	0.105372	0.006355	-0.082323	0.035296	-0.069752	-0.002623	-0.059087	0.078313	-0.005501	-0.064362	0.124121	0.042186	0.071989	0.074954	0.063916	0.075246	-0.048237	-0.043276	0.080392	-0.019377	0.123966	-0.009560	0.037829	0.074023	-0.011923	-0.036901	-0.009487	-0.076795	-0.083443	-0.050616	-0.044316	0.067635	-0.033740	-0.004563	0.005657	-0.070145	-0.011852	-0.061113	0.033931	0.023678	0.021047	0.006430	-0.005387	0.055335	-0.087469	-0.027933	-0.043615
0.661205	0.493993	-0.057026	-0.102415	0.187190	-0.192681	0.004043	0.083424	-0.088197	0.023414	0.047322	-0.024144	0.039492	0.023288	0.050512	0.055494	-0.156167	0.049505	0.023327	0.086919	0.043567	-0.035835	0.003535	-0.120522	0.034227	0.114488	0.284524	0.060142	0.028820	0.114118	0.009507	-0.004713	-0.009345	-0.012912	-0.034760	-0.035128	-0.007374	0.010806	-0.062190	-0.023134	0.029907	-0.078133	-0.081105	0.029368	0.017819	0.053337	0.011192	0.050752	0.117686	-0.010777
0.596033	-0.160007	0.050200	-0.048794	-0.024947	-0.132897	-0.465567	-0.267659	-0.119360	-0.128934	-0.040785	0.098219	0.292201	0.053859	0.017336	-0.105063	0.027656	0.001949	0.072723	0.014570	0.018278	0.006835	-0.035442	-0.025384	0.120498	-0.100244	-0.028331	0.058400	0.111500	0.124209	-0.017005	0.019297	-0.132156	-0.049199	0.094120	0.010444	-0.141195	0.152197	-0.011432	0.041594	-0.012202	0.000608	-0.061755	-0.006225	0.031688	0.039222	-0.132209	-0.015373	-0.027546	-0.032792
0.767047	0.145931	-0.002653	0.142743	-0.063644	-0.090205	-0.189548	-0.081761	-0.072860	-0.176635	-0.112760	0.170375	0.199597	0.095207	-0.059250	-0.052045	-0.069119	0.100646	0.111885	-0.024378	0.025867	0.072392	0.027247	-0.013232	0.169015	-0.005278	0.001228	0.067837	0.000728	0.045952	-0.065351	0.064843	-0.115638	0.019997	0.017648	-0.026935	0.004540	0.017045	0.065345	0.138346	-0.075464	-0.096058	0.114741	-0.012322	0.127055	0.093838	0.070034	-0.024073	-0.061813	-0.046165
0.727826	0.131042	-0.048649	0.176222	-0.091859	-0.198152	-0.121647	0.008424	0.402801	-0.052102	-0.262743	0.037284	0.058256	-0.036837	-0.114871	0.053688	0.105381	-0.062450	0.039914	-0.058226	0.060410	0.080924	-0.043677	-0.049154	0.053248	-0.065712	-0.109395	-0.070540	0.003008	0.011154	-0.047624	0.041286	-0.002999	-0.026727	-0.022384	-0.058475	0.030529	-0.089079	-0.037626	-0.007519	-0.042673	-0.033042	-0.049180	0.022641	0.069867	0.051852	-0.035799	0.050721	-0.071687	-0.028038
0.753480	0.438822	-0.015697	0.006711	-0.043394	-0.018189	-0.015609	0.022043	0.169433	0.056413	0.126341	-0.172472	0.212164	-0.072590	0.082647	-0.062535	-0.128940	0.027776	0.037465	-0.055284	0.040630	-0.022320	0.028203	-0.061561	-0.064560	0.048937	0.023714	-0.027168	-0.074239	0.102994	0.006072	-0.005901	-0.052896	0.130838	-0.024678	0.031755	0.019243	-0.022288	0.014871	-0.083617	-0.012350	-0.000585	0.015468	0.002575	-0.015886	-0.048231	0.097663	-0.023368	0.045768	0.020748
0.779121	0.290301	-0.086113	-0.164708	-0.139756	0.134895	0.230418	0.071890	0.094353	0.002988	0.174869	-0.020433	0.242955	0.022225	0.031825	0.016786	-0.092206	-0.009659	0.053895	0.023380	-0.029586	0.022626	-0.047412	0.014077	0.077405	-0.067187	-0.042608	-0.012994	0.064168	0.059590	-0.016979	0.031093	-0.022829	0.040560	-0.041189	0.026816	-0.032265	0.042436	0.027202	-0.070273	-0.060945	-0.030135	-0.054262	-0.052604	0.012329	0.109816	0.034132	-0.057201	0.005620	0.005420
0.665758	0.336510	-0.180293	-0.158779	0.093256	0.009307	0.226784	-0.080451	-0.001745	-0.011289	0.118683	0.086126	-0.022368	0.070577	0.005317	0.083746	-0.064208	0.037107	0.065781	0.127623	-0.077780	-0.093014	-0.001256	0.048103	0.044244	0.123232	-0.065290	0.083731	-0.003724	-0.032497	-0.101062	-0.126496	-0.122562	-0.002172	0.089119	-0.214222	0.077405	0.139942	-0.010518	-0.073986	0.036160	0.021101	0.073047	0.066480	-0.080591	-0.113279	-0.083642	0.153123	-0.119817	-0.102379
0.664323	0.225737	-0.019680	0.067440	-0.078998	0.175775	-0.113921	0.050294	0.159061	-0.084226	0.192614	0.137543	-0.003717	-0.088527	-0.139219	0.174304	-0.058151	-0.129925	-0.107458	-0.180879	-0.006198	0.024113	-0.027373	0.015369	0.086434	-0.033233	0.133904	-0.093213	0.117448	0.171770	0.060410	-0.084283	0.108105	-0.047844	-0.073194	0.221538	0.038309	0.070789	0.140653	0.093419	-0.044885	-0.117042	0.044123	0.085086	0.005001	0.015480	-0.128269	0.060883	-0.000754	0.002352
0.625020	0.022595	0.044310	0.150269	-0.163205	0.169764	-0.096301	0.078051	-0.205219	-0.139687	-0.007934	-0.142372	-0.083631	-0.055088	-0.153029	0.162625	0.078633	-0.041798	-0.149783	0.340030	0.242185	0.066240	0.160526	0.061313	0.146975	0.034049	0.032738	0.040171	0.041375	0.075398	-0.046173	-0.219491	0.071488	0.006713	-0.058542	0.014961	-0.058679	0.035926	0.054377	0.100127	0.061112	-0.003718	-0.017868	0.019425	0.108894	0.057343	0.012169	-0.034950	-0.040998	0.027369
0.626987	0.324349	-0.247656	-0.010784	0.102126	-0.080286	0.134539	-0.113597	0.091237	-0.075779	0.226268	0.185248	-0.030511	0.076967	-0.022193	-0.104098	-0.005865	-0.108074	-0.059081	0.146375	-0.121659	0.003916	-0.034116	0.240565	-0.131050	-0.002219	-0.060765	-0.048526	0.053261	0.064858	-0.091520	-0.153602	-0.065124	0.043676	0.152614	-0.070554	-0.033888	-0.025949	-0.158649	-0.030567	-0.037817	-0.068458	0.079703	-0.000815	-0.136301	-0.016995	0.041781	-0.062293	0.050433	-0.004398
0.378525	0.001192	0.027842	0.091759	-0.122985	0.016504	0.006007	0.075847	-0.009477	-0.103324	0.044699	0.194655	-0.029043	-0.099483	0.053432	0.047549	-0.010621	-0.017407	0.292896	-0.032628	-0.113417	0.137949	0.028030	0.118067	0.033391	0.171920	-0.033818	0.400763	-0.007092	0.033632	0.171556	0.080638	0.325475	0.401118	0.173858	0.160848	-0.080859	-0.062516	-0.023991	-0.050558	0.014390	-0.056542	-0.189832	0.051385	-0.026913	-0.029781	-0.004231	0.110062	-0.024219	0.058994
0.506936	0.220165	0.019117	-0.182031	-0.122499	0.320441	-0.137245	-0.008398	0.028075	0.015035	-0.042147	0.122419	-0.146435	-0.168207	-0.142028	-0.083285	0.082193	-0.111336	0.092099	-0.084490	-0.143514	-0.002054	-0.014263	-0.141905	-0.085975	0.088852	0.123525	-0.144573	0.029574	0.056826	-0.131416	-0.097737	-0.080712	0.114889	0.038578	0.036177	-0.072157	-0.168101	-0.166527	-0.180614	0.045175	-0.199499	0.022469	0.135039	0.055031	0.119565	0.164443	0.039114	-0.206277	-0.079903
0.839533	0.022971	-0.021051	0.121745	-0.216498	0.063169	-0.155462	-0.030639	-0.048471	-0.041666	-0.163242	0.096508	-0.101120	-0.103755	0.086440	-0.122606	0.028549	-0.021434	0.035339	-0.085891	-0.112828	-0.033918	0.022261	0.004997	0.021970	-0.052412	0.020033	-0.052885	-0.107529	0.042211	-0.004110	-0.112026	0.066004	0.005861	-0.062915	-0.071241	0.067492	0.041881	0.048967	-0.000668	0.042159	0.000552	-0.127080	-0.030697	0.073017	-0.023177	0.122895	0.011496	0.032903	-0.007297
0.785607	-0.016976	0.465655	-0.137673	0.031933	0.023990	-0.009944	0.066184	-0.000967	0.070626	-0.097450	0.155584	-0.055246	-0.026338	-0.017531	-0.048902	0.034905	-0.001729	-0.070853	-0.145486	0.048994	-0.045217	0.102967	0.065061	0.007914	0.018969	-0.001710	-0.008912	0.023177	0.038879	-0.036699	-0.023125	0.030917	-0.055998	-0.091522	-0.056176	0.005047	-0.114042	-0.038420	-0.017968	0.041406	-0.062316	-0.040729	0.029047	0.027411	-0.053793	0.016568	-0.006137	0.024261	-0.036214
0.780111	0.071893	0.272766	0.061452	0.096780	0.090943	0.130649	-0.135392	-0.016070	-0.084839	-0.138743	-0.009511	-0.011083	-0.085072	0.158347	0.029436	-0.264597	0.075121	0.078667	0.062748	0.022465	0.017423	-0.112104	-0.008838	-0.051949	-0.107705	-0.044332	0.060635	-0.020148	0.062232	-0.025180	-0.099464	-0.073393	-0.018361	-0.117766	0.021542	0.030578	0.026639	0.037175	0.128249	0.000023	-0.031944	-0.022289	0.038502	0.109582	0.063270	0.041107	-0.024697	0.004976	0.009992
0.782481	-0.121703	0.338763	0.011587	0.114070	-0.128507	-0.136635	0.035080	0.083020	-0.050137	0.093040	0.091561	0.066130	-0.262154	0.198135	-0.061042	0.007098	0.082596	-0.000540	0.015245	-0.031655	0.067583	0.102664	0.017077	0.011571	-0.007282	0.025196	-0.015184	-0.002051	0.067631	-0.017389	0.034996	-0.081119	-0.014487	-0.038153	-0.055118	-0.011426	0.035081	0.022501	0.016837	-0.007572	-0.051702	0.023082	0.056120	-0.070063	-0.041350	-0.057185	-0.063452	0.040450	0.000614
0.766814	-0.005245	0.435159	0.006691	-0.049331	0.010589	0.029918	0.227346	-0.106256	0.037069	-0.030127	0.079768	-0.008016	-0.095823	-0.131626	-0.079017	0.035935	-0.020241	-0.127271	0.020969	-0.043569	-0.126635	0.000042	-0.019120	0.027229	0.104313	0.040347	0.046807	-0.080004	0.016772	-0.024038	0.046047	0.039328	-0.047759	-0.039958	-0.045678	0.067052	-0.022960	0.014961	0.001419	-0.076712	-0.015581	-0.028872	-0.058742	-0.138542	0.031830	0.033373	0.011528	0.003442	-0.092655
0.605063	-0.097958	0.305309	0.069807	0.089595	-0.063788	-0.031084	-0.075521	0.126742	-0.083436	0.154393	0.134160	0.027016	0.000784	-0.000129	0.058171	0.183189	-0.065927	-0.090751	-0.059772	0.064576	-0.095361	-0.072454	0.106671	0.010470	0.104814	0.138514	0.058839	0.171681	-0.015763	0.144504	0.091237	-0.210308	0.118412	0.126483	-0.000299	0.182310	-0.113700	0.063264	0.252507	0.086963	-0.066115	-0.034334	-0.021505	0.089929	-0.009293	0.211017	0.053988	-0.046367	0.081737
0.755845	-0.047228	0.176108	0.318369	-0.027930	-0.068413	0.193400	-0.100663	0.046516	-0.021208	0.066352	0.169908	-0.068219	0.095825	-0.038790	-0.025398	0.133880	0.021121	-0.042108	-0.069135	0.070910	-0.005309	0.019702	0.009590	0.016937	0.126026	0.060144	-0.034212	0.065740	0.046667	0.059400	0.130999	-0.080075	0.131233	-0.008783	0.020010	0.102931	0.042187	-0.061524	0.041270	0.019741	-0.056974	0.040023	-0.059296	-0.025416	0.067805	0.178875	0.063029	-0.135133	-0.020498
0.846646	-0.021502	0.309694	0.172023	0.113461	-0.079346	0.113788	-0.038624	0.038196	-0.008072	0.054968	0.068409	0.033221	0.005206	-0.012060	0.125396	-0.036468	-0.026133	-0.018599	-0.004508	0.011575	-0.147080	0.018398	0.035725	-0.009162	0.000328	-0.062523	0.029578	-0.054790	0.010983	-0.069274	0.067274	-0.037078	0.011124	-0.012631	-0.015943	0.042367	-0.000047	0.047532	-0.081333	-0.058907	0.065681	0.047938	-0.018410	-0.138084	0.029369	-0.004246	-0.089069	0.056116	0.016812
0.788670	-0.134269	0.335357	0.026107	0.044205	-0.093245	-0.019917	-0.008202	-0.004169	-0.093808	0.169297	0.070636	-0.001796	-0.077366	0.020675	-0.008392	-0.026897	0.141763	0.032667	0.083991	-0.030260	-0.141270	0.022883	-0.000703	0.123385	0.033757	-0.056557	0.005236	0.053737	-0.075425	-0.010438	0.022099	-0.044077	-0.033181	0.067257	-0.130318	-0.012475	-0.124571	-0.054463	-0.125215	-0.065485	-0.032537	0.078793	0.090107	-0.140870	0.078464	-0.023959	0.042552	0.002025	0.026882
0.781877	0.073751	0.256918	0.156338	0.033141	0.017728	-0.023192	0.080706	-0.069896	-0.142421	-0.079282	0.048629	0.017013	-0.071095	-0.039334	-0.069948	-0.112972	0.153643	0.068805	-0.066110	0.131418	-0.130861	-0.028411	0.085112	-0.092229	0.088013	-0.066152	0.069051	0.069407	-0.001400	-0.052988	0.055061	-0.117018	-0.076671	0.078091	0.022841	-0.094293	-0.104517	0.028939	-0.039180	-0.074413	0.022266	0.101178	-0.031532	-0.004090	0.013450	-0.094581	0.045530	0.126093	0.148251
0.707573	-0.048565	0.311243	0.218270	0.012887	0.056753	0.133080	0.075260	-0.034016	-0.196147	-0.009042	0.115967	0.124167	-0.095825	-0.028434	-0.003963	0.002401	0.077416	0.143157	0.136003	0.110312	0.039856	0.045595	-0.076845	-0.040414	-0.019510	-0.113754	0.076055	-0.089591	0.070791	-0.069193	0.040701	-0.088035	0.047148	0.071431	0.031709	-0.055565	-0.150854	-0.134298	-0.014072	-0.041906	-0.123043	0.078563	0.064159	-0.178921	0.018589	-0.101823	-0.005955	0.084066	-0.054752
0.684253	-0.084853	0.460309	-0.040574	0.239295	-0.017830	0.132828	-0.112789	0.015870	0.008435	-0.014790	-0.019398	-0.037382	-0.142851	0.091600	-0.098153	-0.214069	0.029707	-0.079853	0.012453	0.085142	-0.091697	-0.009938	0.041518	-0.167589	-0.026375	-0.085867	0.120685	-0.039854	-0.001906	-0.044149	0.060292	0.008385	-0.040265	-0.007483	-0.044126	0.020475	0.069780	0.063205	-0.015294	0.096651	0.045434	-0.011314	-0.070678	-0.081339	-0.007124	0.028791	-0.015965	0.127142	-0.010217
0.628062	0.050386	0.384671	-0.089779	-0.087338	0.135584	-0.038057	0.099274	0.075230	-0.137125	0.228026	0.140704	0.152325	-0.260896	-0.002466	0.044907	-0.003091	0.143816	-0.030261	-0.148919	-0.108228	-0.103583	0.073237	0.106873	-0.113242	0.165013	-0.113552	-0.072582	0.050683	0.067170	0.012166	-0.031936	0.013390	0.062045	0.020673	-0.071057	0.040902	0.140229	-0.029475	0.040071	-0.068000	0.059340	0.040021	-0.021446	-0.098524	-0.078713	0.000631	0.090219	0.054856	-0.007125
0.463606	-0.058990	0.253621	-0.000105	0.074271	-0.055341	-0.026521	-0.110631	0.056156	-0.018780	0.127115	0.131304	0.011079	-0.166834	0.085814	-0.031613	0.045589	-0.016307	0.033084	0.005366	0.150342	-0.017799	-0.103479	0.231711	-0.072784	0.016558	0.181904	0.106718	0.184749	0.010206	0.162597	0.168966	-0.388993	0.144080	0.065825	-0.126873	0.215472	-0.024647	0.146702	0.208982	0.142180	-0.055043	-0.035764	0.053164	0.074410	0.011084	0.181478	-0.036483	-0.046256	0.135325
0.541132	0.018452	0.477526	-0.188792	0.097138	0.113203	0.116453	0.007176	-0.060595	-0.122696	-0.174684	-0.005406	0.009660	-0.212456	0.108818	0.142229	-0.166537	0.298337	-0.096531	0.047014	-0.144562	0.024004	0.032853	0.108560	-0.103226	0.039909	-0.078678	-0.015265	0.109942	0.072354	0.014712	-0.060678	0.003579	0.074679	0.029128	-0.096606	-0.032333	0.005333	-0.036312	-0.010859	-0.093315	0.128773	0.012165	-0.060555	-0.067070	-0.012703	0.116596	-0.047690	0.099457	0.020533
0.782022	-0.083202	0.438722	-0.112658	-0.010087	0.069485	-0.070790	0.166519	-0.075590	-0.021448	-0.046420	0.019005	-0.032014	0.017885	-0.090798	0.010166	0.081495	-0.017455	-0.020644	0.082345	-0.021176	0.035574	0.148941	-0.055559	0.113118	0.036989	-0.054990	0.006863	-0.048457	-0.071063	-0.102391	-0.033465	0.012662	-0.052478	-0.031436	0.018483	-0.045789	-0.010947	0.074173	0.067879	-0.029558	0.000982	0.042161	0.094667	0.013362	0.010369	0.082955	0.021951	0.083858	0.007666
0.850030	-0.038899	0.327942	-0.024346	0.106917	-0.025851	0.003207	0.046684	-0.052519	0.023031	-0.047334	-0.077341	0.007114	0.117202	-0.056140	0.051389	-0.153928	-0.042107	0.165044	-0.016727	0.008064	0.027757	0.050159	0.013651	-0.028610	-0.015648	0.020175	0.037125	-0.069154	0.036590	-0.066489	-0.016700	-0.032566	-0.071850	-0.024965	0.065804	-0.069636	0.029423	-0.005558	0.088109	0.087791	-0.052716	-0.014925	-0.014953	0.027787	0.008811	0.017517	0.114271	0.015643	-0.046348
0.628992	-0.083244	0.425191	-0.062746	0.104517	0.126730	0.081187	-0.182225	-0.009980	-0.022940	-0.123690	-0.092976	-0.195172	-0.066131	0.113538	-0.002210	-0.231692	0.076978	-0.090848	0.037097	-0.020339	-0.089048	-0.075932	0.023056	-0.099216	0.091995	-0.119253	0.012284	-0.010619	0.136618	-0.044561	-0.043559	-0.003433	-0.004450	0.089557	0.013204	-0.023924	-0.035013	0.058053	0.109237	-0.124980	-0.037087	-0.122821	-0.206421	-0.010418	0.041927	0.053553	-0.005550	0.147690	0.013854
0.894837	-0.129980	-0.137447	0.021374	-0.147470	-0.111480	0.055879	-0.011505	0.050413	-0.004677	-0.054919	0.086161	0.038121	-0.029031	0.145856	-0.017404	-0.070382	-0.039227	-0.000905	-0.050424	0.063246	0.160256	0.044687	-0.001955	-0.076973	-0.000264	-0.000621	-0.006747	-0.004762	0.047021	-0.010008	-0.020400	-0.037468	-0.032344	0.043431	0.051310	-0.011552	-0.026930	-0.032837	-0.019259	0.026073	0.024600	0.024650	-0.088878	0.091169	-0.037914	-0.013568	-0.009972	0.090189	0.045204
0.781667	-0.223188	-0.024633	-0.319740	-0.196727	-0.095244	-0.083678	-0.022966	0.055686	-0.084958	0.096517	0.061538	-0.065119	-0.067804	0.087779	0.064009	-0.123064	0.020663	0.070883	-0.115981	0.081317	0.040915	0.023956	0.061365	0.066463	0.024353	-0.064913	-0.117703	-0.012891	-0.059675	-0.109983	0.040378	-0.002170	0.012554	-0.004548	-0.076479	0.004796	-0.030303	-0.024564	-0.024559	0.036322	-0.026504	-0.073429	-0.011694	0.054515	-0.044164	0.133895	-0.055041	0.087800	0.021347
0.802530	-0.188968	-0.090648	-0.159724	-0.207645	-0.088714	0.083066	0.139759	-0.057243	-0.118411	0.046621	0.077014	-0.001667	0.034627	-0.040719	-0.125560	-0.080645	0.146520	-0.073590	-0.081526	0.103556	-0.101389	0.038374	0.039808	0.006426	0.056624	-0.068836	0.083639	-0.139181	0.109449	-0.066934	0.103182	-0.053030	-0.042681	0.036816	-0.010864	0.050017	0.016817	-0.073767	-0.030097	-0.058228	-0.095022	0.060951	0.042332	0.032961	0.052879	0.017661	0.009728	0.019903	0.040701
0.858423	-0.225099	-0.122795	-0.182770	-0.104168	-0.053920	0.055353	-0.024621	0.062258	-0.096651	0.008711	0.009783	-0.042888	-0.022581	0.037204	-0.042273	-0.062352	0.023577	-0.172735	-0.043953	0.045912	-0.117287	0.046590	0.025846	-0.031935	0.014997	-0.120268	-0.019190	0.014649	0.088977	-0.072782	-0.037311	0.038870	0.067097	0.049889	-0.059874	0.071262	-0.038117	0.036288	-0.008792	0.000919	-0.086121	-0.060126	-0.010303	0.042008	0.056321	0.045107	0.044543	0.037200	0.017753
0.716122	-0.190918	-0.059071	-0.311535	-0.107337	-0.065287	0.044692	-0.182043	-0.029101	0.169990	-0.048089	0.023856	0.048227	-0.061978	0.062806	0.170578	-0.041718	0.075986	-0.125014	-0.032191	-0.089726	-0.041492	-0.017706	0.040848	-0.028534	0.130661	-0.103469	0.037495	-0.112526	0.107603	-0.205629	0.098539	-0.107944	-0.038527	-0.036196	-0.168984	0.035489	-0.030328	0.009495	-0.094482	0.060993	-0.041737	0.020564	-0.033808	-0.005175	-0.084377	-0.017455	-0.064016	-0.083648	0.074056
0.746199	-0.088773	-0.110288	-0.098253	-0.134562	-0.051242	0.150372	0.071669	-0.017201	-0.063414	-0.021240	0.082772	0.000931	-0.110091	0.245341	0.021929	-0.188044	0.073309	0.037557	0.063844	0.075109	-0.202693	0.150912	0.043652	-0.193391	0.033814	-0.110960	-0.042764	0.133806	-0.045966	-0.085609	0.002060	0.054826	-0.003736	0.122396	-0.148799	0.076069	-0.021586	0.002010	-0.015585	0.008341	0.095168	0.084160	0.007422	0.118423	-0.028628	-0.054251	0.047194	-0.003288	0.001554
0.746703	-0.086670	-0.060016	-0.411913	0.057235	0.084918	-0.004919	-0.001634	-0.091160	-0.103550	-0.160667	-0.030488	-0.002221	-0.134046	0.099685	0.055016	-0.024274	-0.020951	-0.045174	-0.008202	0.100592	-0.095238	-0.004450	0.175020	-0.102670	0.109149	0.032880	0.060333	0.006927	-0.095461	-0.010690	0.020559	-0.048609	0.098469	-0.096194	0.096830	-0.043138	-0.026890	-0.054328	-0.126726	0.042413	0.034542	-0.001576	-0.012077	-0.081882	-0.046616	0.104367	0.048128	0.077751	-0.031880
0.800193	-0.075663	-0.032338	-0.240963	-0.150091	0.030682	-0.076673	0.045421	0.022499	-0.082663	-0.086740	0.036885	-0.147999	0.107547	0.177449	-0.040911	0.015417	0.091566	-0.048882	0.000735	0.052552	-0.180277	0.187245	0.091495	-0.067961	0.021558	0.006198	0.097723	-0.078750	0.017786	-0.125472	-0.007038	-0.029396	0.038308	-0.035562	-0.024783	-0.010315	-0.061961	0.010406	-0.018682	0.057973	0.030565	0.045289	-0.020994	0.035968	0.095144	0.120080	0.053350	0.062022	-0.083935
0.619797	-0.015717	-0.133295	-0.155875	-0.139921	0.017410	0.155362	0.249195	-0.051561	0.036943	-0.098063	0.203075	0.115507	-0.076600	-0.022494	-0.048509	-0.159596	-0.127372	0.059156	0.034766	0.011931	-0.048016	0.058461	-0.032584	-0.183341	0.118525	-0.145005	-0.067391	0.016338	0.003258	0.016749	0.093755	-0.221669	-0.048133	-0.109928	-0.170231	-0.064691	-0.053414	0.208306	-0.077836	0.118562	0.122832	0.095084	-0.022309	-0.194260	0.006034	0.031587	-0.112394	-0.108242	0.061326
0.724200	-0.081708	-0.051910	-0.255541	-0.255689	0.090448	-0.014933	0.158607	-0.008725	-0.147033	-0.025365	0.099542	-0.106012	0.085711	0.029291	-0.001109	-0.039415	-0.140480	-0.026101	-0.085712	0.173274	-0.189826	0.019885	0.044544	-0.029289	0.134306	-0.019606	-0.027311	0.053731	-0.010792	-0.038478	0.074174	-0.154870	0.021569	0.056642	-0.046894	-0.160017	-0.043767	0.114323	-0.014653	0.128654	0.052153	0.072969	0.092975	-0.014529	-0.032852	-0.074327	-0.081601	0.071252	0.004022
0.723107	-0.136518	0.018742	-0.383624	-0.162577	0.008304	-0.101097	-0.026437	-0.020085	-0.094266	0.108846	-0.018556	0.003646	-0.105687	0.054363	-0.026918	-0.153046	0.016963	-0.122640	0.021212	0.176867	-0.106590	-0.059602	0.034233	0.023638	-0.021831	-0.071163	0.057705	-0.043495	-0.128949	-0.122922	0.095717	-0.081877	-0.014421	0.103489	0.008433	-0.050367	-0.194230	0.042726	0.020522	-0.028504	-0.021166	0.147278	-0.003433	0.006452	-0.060226	0.015701	-0.021383	-0.104125	0.005255
0.563056	-0.136061	-0.000731	-0.536017	-0.066665	0.031453	0.016674	-0.020604	-0.122346	0.027375	-0.102703	-0.020843	0.057918	-0.165077	-0.005206	0.140144	-0.156380	0.053309	-0.053241	0.111709	-0.026721	-0.065861	-0.029915	0.040346	-0.031213	0.214338	-0.144362	0.032851	-0.135857	-0.217021	-0.124691	0.107829	-0.110236	-0.007728	0.030742	-0.014159	-0.052241	-0.151250	0.037229	0.098060	-0.090604	0.063403	0.034173	0.016136	0.024018	-0.091539	0.079828	0.054005	-0.007395	-0.018992
0.719531	-0.046944	0.137366	-0.380161	-0.213403	0.137165	-0.002430	0.095325	0.020205	-0.176581	0.034498	0.188651	0.028001	0.016408	0.004938	0.187096	-0.104041	-0.054323	-0.037774	0.030165	0.029619	-0.090191	-0.059112	-0.019785	0.032900	-0.041789	-0.093884	-0.086915	-0.063421	0.032498	-0.160004	0.066271	0.017578	-0.074988	0.049817	0.002761	-0.068517	-0.124212	-0.022328	0.074182	-0.013705	-0.071403	-0.004220	-0.050692	0.009386	0.016905	0.094777	-0.041957	-0.020592	0.039256
0.825592	-0.171160	-0.087863	-0.165559	-0.026961	-0.052478	0.007982	-0.015094	0.048403	0.060740	-0.023253	-0.096951	-0.071160	0.132551	-0.046035	0.038468	-0.067206	0.047643	0.051946	0.083121	0.034604	-0.056991	-0.004990	0.039069	-0.107972	0.192654	0.046986	-0.117253	-0.072239	0.093495	-0.109786	-0.055484	0.001952	0.064935	0.032490	0.105016	0.064042	-0.082376	-0.055008	0.100708	0.030743	-0.046694	-0.071819	-0.092862	-0.132507	-0.114922	-0.042184	0.016933	0.039875	-0.009827
0.902725	-0.197874	-0.105250	-0.177166	-0.113806	-0.084298	0.001927	0.099203	-0.058002	0.079964	-0.066857	-0.066261	-0.052617	0.104715	-0.037953	-0.077309	-0.025147	-0.024774	-0.002953	-0.006767	-0.016171	-0.009439	0.018956	-0.042495	0.007468	-0.053547	-0.028460	-0.032910	-0.019303	0.017826	-0.050698	0.016586	0.028364	0.041583	0.032594	-0.033067	0.002574	-0.024543	0.038459	0.049462	0.033173	-0.031562	0.072883	0.025930	0.011123	-0.016119	0.030129	0.036958	-0.039614	0.009802
0.832203	0.092670	-0.127501	0.200235	-0.075050	-0.090068	0.039612	-0.128324	0.092079	0.134073	0.046024	0.024549	0.058130	-0.082170	0.113095	0.008720	-0.107509	-0.040656	0.004850	-0.048409	-0.017205	0.055392	0.127683	-0.028963	-0.147650	0.059773	-0.029589	0.025208	0.051425	-0.023115	-0.005398	0.045825	-0.023767	-0.061578	-0.042068	-0.050233	-0.037445	-0.043167	0.014636	-0.089009	0.039698	0.076592	0.182622	0.011757	0.072077	-0.050137	0.060117	-0.020878	0.131831	0.012154
0.851101	0.153815	0.044531	0.090426	-0.201537	0.189953	-0.016391	0.091606	0.072474	-0.042519	-0.088220	-0.044668	-0.120529	0.021029	0.186499	-0.050493	0.003788	-0.029708	0.010974	0.053701	0.013360	-0.064154	-0.064835	-0.030728	-0.009947	-0.002697	0.089051	-0.061852	0.117665	-0.050979	0.080387	-0.025299	-0.044668	-0.055078	-0.014305	0.040610	-0.006160	-0.013770	0.075630	-0.087470	0.020273	-0.055770	-0.000065	-0.007856	0.040252	-0.010123	-0.039217	0.083041	0.010479	-0.065024
0.768219	0.145140	0.081939	0.045505	-0.246518	0.313003	0.032771	-0.112531	0.017349	-0.177764	-0.090566	0.025614	-0.204774	0.000968	0.053031	0.005867	0.006912	-0.065086	0.050782	0.000969	0.025580	-0.028156	-0.085885	0.004568	-0.001759	0.012395	0.010735	-0.049009	-0.058129	0.046353	0.029144	-0.068255	0.068550	-0.156391	-0.009697	-0.035833	0.102098	0.089834	-0.050167	-0.066433	-0.126658	-0.053385	0.004863	-0.046324	-0.074031	-0.003412	0.020392	-0.047474	-0.041671	0.075063
0.864900	0.190578	0.020889	0.077479	-0.082728	0.049085	0.018758	-0.002850	0.090707	-0.059005	-0.065763	-0.035538	0.043985	-0.045669	0.119144	0.081063	0.002891	0.113426	0.047347	-0.043357	0.036995	-0.054172	-0.078870	0.016922	0.142790	0.081612	0.065300	0.079934	-0.032729	-0.131801	-0.042872	0.005068	-0.095977	-0.023619	-0.031695	-0.072109	0.125962	0.087988	-0.036266	-0.053691	0.011553	-0.045795	-0.006741	0.020373	-0.018291	0.042326	0.001490	0.116011	-0.078540	-0.058742
0.667223	0.036911	0.050290	-0.462811	-0.053948	0.029144	-0.118373	0.082401	-0.094191	-0.140270	0.034391	-0.008535	0.009638	-0.138647	0.057634	0.060219	-0.217397	0.001368	0.030236	0.066034	0.083650	-0.115589	0.089332	-0.026213	0.187902	0.025146	0.038568	0.056588	0.098882	-0.034572	0.021491	0.017439	-0.231936	-0.062300	0.031001	-0.017423	-0.155104	0.082606	-0.061064	-0.040576	0.114240	-0.039652	-0.029396	-0.006703	-0.021057	-0.033007	0.041775	-0.012746	-0.088959	0.009200
0.731224	0.076207	0.063502	0.127967	-0.206243	0.213454	0.005684	0.054434	-0.109239	-0.132454	-0.046438	-0.219492	-0.035816	-0.041110	-0.161349	0.074955	-0.026366	-0.023685	-0.093644	0.163381	0.279360	0.011702	0.089330	-0.013607	0.133985	0.023199	-0.151980	0.057339	0.006997	0.082831	-0.057934	-0.047238	0.007566	0.026058	-0.026807	-0.070208	-0.003558	-0.005093	-0.002832	-0.054134	0.159744	-0.068078	0.045354	0.013067	0.035849	0.000636	0.037611	-0.091827	0.003782	0.015564
0.766756	0.237311	0.249168	0.092185	-0.013264	0.223677	0.148053	-0.100095	0.117097	-0.098396	-0.039068	-0.036669	0.098793	-0.122697	0.117680	-0.058158	-0.127004	-0.039347	0.053449	-0.006378	0.147799	0.050076	-0.039651	-0.144148	-0.078607	-0.044388	0.043781	0.010164	-0.051872	-0.018968	-0.058637	0.003305	-0.053224	0.009015	0.077290	-0.115386	0.115941	0.040948	0.001382	0.001086	0.019542	-0.021635	0.076319	-0.039773	-0.013192	0.004328	0.054926	0.014802	0.040940	0.009816
0.704121	0.292915	0.150041	-0.046664	-0.296113	0.358024	-0.008468	-0.055214	0.066691	-0.078011	0.079324	-0.071660	0.007517	-0.098717	-0.005373	-0.016632	0.088753	0.021361	0.001605	0.036599	0.051973	-0.003407	0.021824	0.005305	0.011508	0.018716	0.026357	-0.016610	-0.131321	-0.081031	-0.126154	0.073771	0.001110	-0.100944	0.071809	-0.192743	0.090989	-0.011301	0.039954	-0.008411	0.040285	-0.053657	0.066157	0.062718	-0.022505	-0.021812	0.029476	0.005793	0.054233	-0.054308
0.615353	0.178474	0.150241	-0.157923	-0.219283	0.290077	-0.097549	-0.046336	-0.102766	-0.222330	-0.074701	0.040050	0.024816	0.052084	0.078069	0.076831	0.135149	0.028069	0.172001	0.102874	-0.044378	0.053167	-0.089077	-0.195043	0.064524	-0.075681	-0.096998	-0.082459	-0.020350	0.098681	0.077602	0.138047	-0.103266	-0.182945	0.107210	-0.134765	-0.081320	-0.041787	0.016524	0.078448	0.026733	0.041185	0.008669	-0.003828	0.012216	0.021435	-0.019783	-0.129512	-0.039952	0.183883
0.807097	0.078064	0.202948	0.049729	0.073797	0.087971	0.142712	-0.184491	0.007858	-0.087780	-0.062512	0.031523	-0.012424	-0.105688	0.112480	-0.068057	-0.039759	0.045444	-0.023842	-0.028189	0.100487	-0.147335	-0.055679	-0.030752	0.035895	-0.047455	0.066876	0.046110	-0.169052	0.033975	-0.024451	0.026646	-0.069466	0.000838	-0.000340	-0.041908	-0.152882	0.001694	0.158883	0.093532	-0.000376	-0.021611	0.099230	-0.007705	-0.082620	0.129747	-0.033137	-0.009568	0.018924	0.091669
0.749955	0.219813	0.126035	0.117002	0.136147	0.023582	0.008232	-0.127844	0.079796	-0.043958	-0.090717	-0.022808	-0.114149	-0.059335	0.198710	-0.091661	-0.148382	-0.068225	-0.092810	0.012324	0.005285	-0.113673	-0.047794	0.116292	-0.092512	-0.000336	-0.094228	-0.012937	-0.087796	0.217669	-0.051313	-0.121654	-0.061660	0.073453	-0.057879	-0.067600	0.024741	0.029621	0.131411	0.038966	-0.001873	0.044965	-0.014609	-0.004712	-0.151270	-0.007373	0.080114	-0.129926	0.049710	0.000570
0.644709	0.179273	0.138186	0.114489	-0.139275	0.222813	0.073704	-0.199754	-0.093216	-0.077884	0.008412	0.099984	-0.095866	0.067139	0.125776	0.009193	0.205821	0.052746	0.125862	0.029256	0.005681	0.131289	-0.095473	-0.192256	-0.004607	-0.042649	-0.006576	-0.153103	0.006493	-0.041399	0.004584	0.100196	-0.140703	0.060906	0.033332	-0.124770	-0.071190	0.099443	0.082652	0.003214	0.165587	0.096683	-0.043397	-0.069843	-0.048969	-0.107237	-0.206006	-0.087966	0.022673	0.137032
0.585248	0.093556	0.052923	0.072851	-0.229543	0.132095	-0.043449	0.206752	-0.186759	-0.202704	0.010775	-0.031900	-0.039337	-0.161463	-0.184942	0.182073	0.088115	-0.013874	-0.159400	0.164164	0.252634	-0.101914	0.131345	0.040265	0.136960	0.049650	-0.076429	-0.034760	0.101619	0.086884	-0.136008	-0.116365	0.034381	0.088983	0.010318	-0.114167	-0.130748	0.086343	0.035927	-0.037818	0.203890	0.078071	0.000388	0.053651	-0.086030	-0.092319	0.069983	-0.003325	0.009288	-0.034887
0.595877	0.010836	0.112750	-0.144571	-0.171338	0.150271	-0.180372	0.027530	-0.038406	-0.077284	-0.055679	-0.061451	-0.193365	-0.209961	-0.002043	-0.037886	0.053748	0.072764	-0.024223	-0.050405	0.038456	-0.174434	-0.013244	0.151963	-0.111832	-0.094584	0.013481	-0.082785	0.031901	-0.006982	-0.155881	-0.095059	-0.061615	0.119984	0.050941	-0.201364	-0.111003	-0.097021	0.038730	-0.222368	0.011087	-0.165393	-0.023687	0.171588	-0.010756	0.015887	0.225924	0.047876	-0.193118	-0.129855
0.681533	0.141142	-0.076819	-0.030621	-0.094985	0.183353	0.063186	-0.003118	-0.006395	-0.100882	0.025125	0.077014	-0.070268	0.028935	0.082732	0.026427	-0.139400	-0.031790	-0.103654	-0.014713	0.068796	-0.093194	-0.047687	-0.154502	0.122524	0.032250	0.077634	0.084911	0.380107	-0.064526	-0.096754	-0.001563	0.022919	-0.186879	-0.195975	0.033980	-0.059585	-0.027352	-0.010827	0.114684	-0.098571	0.092184	-0.107532	0.091755	-0.015184	-0.118441	-0.113777	-0.000826	0.085898	0.091601
0.565652	0.355907	-0.004813	-0.283209	-0.111905	0.153956	0.005889	0.148568	0.070811	-0.164083	0.021352	0.187894	-0.125526	-0.079468	0.102727	0.011661	-0.187216	-0.036947	-0.029373	0.080847	-0.140927	-0.186939	0.200872	-0.028314	0.103737	-0.101770	0.043886	-0.151697	0.007342	0.024930	0.127893	0.106490	-0.073656	0.057267	-0.009718	-0.001269	-0.087559	0.007865	-0.034524	-0.066600	0.045755	0.051678	-0.106885	-0.156766	-0.056403	-0.006620	0.085403	-0.104975	-0.082681	-0.094082
0.531758	0.033735	-0.067577	0.208709	-0.064483	0.117292	0.122307	-0.246862	0.091037	0.210312	-0.005460	0.099969	-0.127269	-0.027653	0.042274	-0.105452	0.151488	-0.045331	-0.033336	-0.140714	0.192897	0.003300	-0.083199	-0.079305	0.041860	-0.031381	-0.004067	0.123981	0.191623	0.067022	0.020665	-0.012217	-0.063255	-0.075305	-0.092948	0.274010	-0.138175	-0.052900	-0.142774	0.127622	-0.158158	0.045414	-0.129071	-0.112005	0.049263	-0.068805	0.239774	-0.109434	0.059356	-0.192604
0.639650	0.087058	-0.013635	0.180897	-0.211544	0.151282	0.058386	-0.306832	-0.056408	0.262153	-0.093914	0.058857	-0.297082	0.042361	0.058130	-0.098687	0.088256	0.059070	0.040892	-0.025850	0.005759	-0.086616	0.060921	-0.021730	0.042723	-0.118423	0.115871	-0.033414	0.125591	0.156646	-0.066695	-0.069254	-0.083313	0.070049	-0.059668	0.078590	-0.094731	-0.094277	-0.103986	0.027549	-0.039207	0.042518	-0.044448	0.060569	-0.106529	-0.044191	0.006090	-0.001749	0.038057	-0.133130
0.622448	0.258165	0.063105	-0.013889	-0.157191	0.368352	0.098028	-0.157704	0.115019	-0.136628	0.022681	-0.079860	-0.098806	-0.033956	-0.000705	-0.115124	0.049841	-0.012951	-0.007070	0.063712	0.011633	0.013599	0.054351	-0.000554	-0.065261	-0.065058	-0.175955	-0.141633	-0.092420	-0.104681	0.052741	0.296424	-0.078916	-0.086318	-0.103365	-0.082203	0.010785	-0.003824	-0.007045	-0.029398	0.038666	-0.031404	-0.177600	-0.045061	0.020599	-0.102792	-0.133096	-0.054521	0.050712	-0.041716
0.545144	0.314004	0.159564	-0.127862	-0.393766	0.473515	-0.030109	-0.045778	0.024851	0.014519	0.163454	-0.115509	-0.041392	-0.122605	0.059425	-0.105990	0.014126	-0.044387	-0.099130	0.110672	-0.058455	0.131200	-0.072283	0.049365	0.008467	-0.034101	-0.029202	-0.028892	-0.037266	0.060635	0.059100	0.098770	-0.001583	-0.029731	0.000255	-0.038137	-0.058782	-0.024495	-0.063820	-0.028770	-0.001961	-0.108100	0.048039	-0.030622	0.015969	-0.017429	0.043555	-0.063003	0.011215	-0.034433
0.683658	0.298359	0.054890	0.033851	-0.037708	0.025721	-0.013223	-0.065771	0.045132	-0.136118	0.120735	0.134523	-0.050806	-0.088785	0.043149	0.251875	-0.113335	-0.059175	-0.018324	-0.084190	0.030357	-0.180259	-0.000683	0.180899	-0.118259	0.121851	0.024816	-0.016325	-0.096000	0.154675	0.024606	0.128658	-0.053228	0.092428	-0.070176	0.125988	0.019203	0.139216	0.046123	0.028366	-0.085179	0.027635	0.066719	0.044168	-0.172188	0.020769	0.052489	-0.148336	0.045376	-0.088014
0.614719	0.050658	0.159262	-0.268280	-0.188929	0.276301	-0.246953	0.100025	-0.068909	-0.047171	-0.035628	0.077479	-0.182745	-0.098953	0.064440	0.063162	-0.048680	-0.069810	-0.158711	-0.148055	-0.178004	-0.117090	-0.156601	0.059772	0.003461	0.054335	0.004285	-0.018767	-0.063837	0.019168	-0.016120	-0.068030	0.012785	-0.129791	0.123428	-0.102623	-0.098502	0.039543	0.010840	-0.037445	0.010790	0.007206	0.112013	-0.014078	-0.093314	0.040014	0.018064	-0.102576	-0.108773	0.177876
0.820358	-0.171183	-0.039685	0.009932	-0.106129	-0.025469	-0.144393	-0.208649	0.001246	0.000225	-0.010998	-0.072706	-0.182342	0.038740	-0.002408	-0.189064	-0.038270	-0.052775	0.098102	-0.092669	0.036833	0.113257	0.012009	-0.081473	0.083760	0.024910	0.066618	0.036277	-0.095567	0.026438	0.004478	-0.043730	-0.098886	0.017256	0.035975	-0.083135	0.043696	0.009123	0.007163	0.074682	-0.044779	0.127597	-0.017482	-0.095657	-0.019886	-0.023052	0.069182	-0.086994	-0.054175	0.073396
0.701163	0.426634	-0.040593	-0.041428	-0.025274	-0.136710	-0.111435	0.091924	0.397510	-0.036629	-0.164785	0.016743	-0.058530	-0.124725	-0.114713	-0.037790	-0.002185	0.077198	0.044174	0.056957	0.004974	-0.043720	-0.040028	-0.089824	0.039287	0.047294	0.059532	-0.027720	-0.021515	0.026436	-0.075965	0.046491	0.043818	-0.056104	-0.021527	0.027128	-0.013735	-0.038465	0.026909	-0.045697	0.047857	0.002573	0.049857	0.043327	0.029904	0.043388	-0.019803	-0.025615	0.030446	-0.017913
0.711319	0.394618	-0.009247	-0.042857	0.012632	-0.014214	-0.113141	0.029100	0.337203	-0.114773	-0.215377	-0.062022	-0.129006	-0.083231	-0.143229	-0.027778	-0.025679	0.143743	-0.005291	0.034385	0.037023	-0.160340	-0.013301	-0.062542	-0.037093	0.053044	-0.007069	0.004455	0.041948	-0.003504	0.011959	0.009792	-0.055115	-0.044984	0.037988	0.052586	0.000936	0.035201	0.095117	-0.006785	-0.029177	0.066578	-0.016442	0.046626	-0.000807	0.091787	0.046395	-0.023628	-0.016019	-0.041309
0.656657	0.463891	-0.059200	-0.061056	0.000575	-0.139230	-0.126926	0.055796	0.279028	-0.035939	-0.126532	-0.022032	-0.153605	-0.035246	-0.142688	-0.111075	-0.012166	0.110458	0.004172	0.091977	0.016130	-0.140854	-0.079697	0.117115	-0.050291	0.091010	0.068108	-0.031003	-0.070258	0.018909	-0.070883	0.056745	-0.045440	0.050869	0.114853	-0.051651	-0.108960	-0.021746	0.012530	-0.005428	-0.046988	0.080089	0.059949	0.046617	0.002386	-0.026706	0.034514	-0.023580	-0.031835	-0.112833
0.634948	0.510606	-0.038068	-0.238426	0.113271	-0.079139	0.018400	0.058845	0.160378	0.132958	-0.097194	-0.099806	-0.046272	-0.054495	-0.188249	-0.205822	-0.003840	0.069973	0.057486	0.122228	-0.010755	-0.114484	-0.085059	0.092537	0.056204	-0.054876	-0.025535	0.036296	0.052695	-0.018832	-0.101016	0.033344	0.030197	-0.048089	0.020166	0.058339	0.021888	0.089131	0.016419	0.018556	0.003329	0.097399	-0.034937	0.058585	0.013836	0.054154	0.029264	-0.000658	-0.012816	0.009153
0.670825	0.267891	0.044040	0.036977	-0.297840	0.275077	-0.064914	0.019495	0.126983	0.056404	0.259186	-0.145988	0.260658	-0.077498	0.016798	-0.106239	0.046259	0.016955	-0.017985	-0.147546	0.036227	0.018522	0.063361	-0.068617	-0.011903	0.037751	-0.071822	-0.033120	-0.062080	-0.067391	-0.040522	0.067996	-0.032002	-0.046869	-0.064946	-0.022908	-0.014344	-0.101303	-0.012976	0.060465	0.003603	0.000566	-0.078453	-0.016424	0.047847	-0.047511	-0.045899	0.054230	0.116011	0.059244
0.633602	0.426324	0.035399	0.016460	-0.143375	0.114943	0.068360	0.023642	0.074158	0.132655	0.347669	-0.160345	0.257806	-0.021785	0.048646	-0.044520	-0.077694	0.150912	0.017089	-0.041407	-0.028064	-0.098435	0.038240	-0.082064	0.028656	0.055666	0.005427	0.019906	0.062271	0.076661	-0.129570	0.096284	-0.063160	0.088462	-0.039896	-0.000451	0.002304	0.033114	0.001280	-0.014795	0.021617	0.076299	0.046411	-0.054667	-0.032419	-0.012612	0.006339	0.114735	-0.022105	0.067758
0.594971	0.278873	0.213433	-0.132061	-0.262146	0.372623	-0.097833	0.043605	0.105636	-0.076697	0.182760	-0.012772	0.168433	-0.144454	0.087779	-0.070092	0.073843	0.092600	0.000270	-0.167385	0.023963	-0.133938	0.099105	0.034718	-0.074909	0.110768	0.074835	-0.074506	-0.106327	-0.063548	-0.058229	-0.058833	-0.031153	0.005970	0.026590	-0.004423	-0.046908	-0.110778	0.053140	0.009014	0.032693	-0.035784	-0.011806	0.010626	0.007453	-0.042807	-0.035023	0.027913	0.094893	-0.127753
0.745078	0.166763	0.009255	0.211209	-0.223859	0.198065	-0.021464	0.053594	-0.103919	-0.012118	0.149586	-0.180692	0.185125	-0.100137	0.052915	-0.078574	0.053442	0.075175	-0.055085	0.080500	0.113031	-0.043974	0.085343	-0.022759	0.047642	0.034339	0.024332	0.037595	-0.020365	0.046902	-0.102135	0.053288	-0.051535	0.053727	-0.007665	0.009942	-0.080957	-0.157019	-0.012483	-0.061456	-0.013344	0.124107	-0.007354	-0.023272	-0.108496	-0.096909	0.039800	0.086371	0.104867	0.018400
0.565502	0.452209	0.047926	-0.131746	-0.135556	0.317300	0.024496	0.013770	0.086790	-0.012937	0.281407	-0.137400	0.285283	-0.086773	0.109870	-0.047793	0.017417	0.056469	0.018889	-0.148619	-0.031430	-0.019314	-0.042066	0.110741	0.092324	0.098217	0.090162	-0.021739	-0.011865	0.063595	-0.028660	-0.058707	0.100724	-0.020592	0.012793	-0.041790	-0.024494	-0.008646	-0.008482	0.017601	-0.006852	0.021937	0.055569	-0.054278	0.039712	0.016022	0.013657	0.115908	0.004723	-0.122659
0.568670	0.387810	0.063737	-0.114875	-0.159252	0.326672	0.011348	-0.018700	0.095186	0.024194	0.222064	-0.179090	0.321021	-0.081791	0.200031	0.013424	0.016014	0.094487	0.050344	-0.130976	-0.047122	-0.077853	0.021033	-0.111134	0.101173	0.038137	0.120044	0.034123	0.025006	-0.018573	-0.071333	-0.031110	-0.001735	-0.035977	-0.021967	0.021568	-0.005470	-0.048931	0.083566	-0.008009	0.047345	0.059473	0.003566	-0.067683	0.030507	0.076510	0.047431	0.130771	-0.039875	-0.037185
0.731440	0.254332	0.038426	0.015439	-0.142389	0.278684	0.031706	-0.047855	0.064536	0.023524	0.122487	-0.304705	0.281840	0.131530	0.059740	-0.020560	0.137695	0.040914	-0.012243	-0.034881	-0.016259	0.088267	0.029942	0.016397	0.032050	-0.001834	0.015953	-0.010167	-0.013293	0.009630	0.102609	-0.005012	-0.017628	0.000027	0.030648	0.028801	-0.085248	-0.005742	-0.045874	-0.045400	-0.062909	-0.008446	-0.068460	-0.040808	0.047022	0.060653	0.028641	0.087903	0.044781	-0.016367
0.707626	0.467551	0.002615	-0.160124	0.159190	-0.126042	-0.069461	0.067722	-0.164045	-0.026652	-0.011903	0.026428	-0.045204	0.002508	0.027594	0.089644	-0.084152	0.101869	0.014527	-0.089320	0.074976	-0.182181	0.076150	-0.171419	0.023929	0.133917	0.059017	0.010362	0.023335	-0.052056	0.030860	0.056273	-0.047429	0.056735	-0.014507	0.040847	-0.002906	-0.012589	0.047770	-0.071809	0.073036	-0.040476	-0.025989	-0.041141	-0.008456	-0.031648	-0.080220	0.035372	0.053727	0.003976
0.589685	0.581907	-0.083746	-0.136936	0.218339	-0.221970	-0.016038	0.100866	-0.164580	-0.029196	0.126287	0.011642	-0.047169	-0.067086	0.059570	-0.040433	-0.133029	0.133012	0.076583	0.048767	-0.024402	-0.042955	0.015441	-0.071498	0.035490	0.115370	0.039362	-0.021170	0.062223	0.022987	-0.024773	-0.000895	-0.076547	-0.038642	0.023059	-0.030507	0.016634	-0.010297	0.033651	-0.085456	0.044670	-0.043420	-0.021791	-0.047563	0.067131	0.019409	-0.002492	0.025381	0.147490	-0.006432
0.652178	0.498654	-0.065217	-0.146924	0.195446	-0.195617	-0.083843	0.005526	-0.212824	-0.129661	0.028795	-0.001445	-0.062074	-0.133202	0.011502	0.016479	0.054056	0.128444	-0.017764	-0.062296	0.077018	-0.030048	-0.018523	-0.021492	-0.057146	0.093950	0.096376	0.049244	-0.043766	-0.037204	0.039620	-0.046526	0.054351	0.001172	-0.085005	-0.033481	-0.023737	-0.191133	0.002002	0.014653	0.056802	-0.051171	0.076776	-0.037955	-0.021225	-0.046389	-0.027882	-0.035975	0.055525	0.007548
0.596231	0.543501	-0.059902	-0.146676	0.187196	-0.160869	0.024934	0.071360	-0.190351	0.004403	0.127633	0.022309	-0.022791	-0.140259	0.093516	0.050030	-0.155233	-0.045267	-0.001139	-0.071137	0.021334	-0.004882	-0.090313	-0.043270	0.104857	0.032303	-0.106335	0.057414	0.123233	-0.101891	-0.109715	0.060797	-0.027218	0.013829	-0.083350	-0.063128	0.048341	0.076358	0.038020	-0.041202	0.023324	0.091340	-0.072383	-0.014873	-0.089303	0.031880	0.066530	0.104496	-0.013265	0.034661
0.656268	0.530214	-0.015515	-0.130887	0.080799	-0.073244	-0.093513	-0.069733	-0.285004	-0.169496	0.013382	0.080904	-0.069972	-0.086904	0.017351	-0.014292	-0.017369	0.116295	0.004119	-0.023207	0.012484	-0.000166	0.029917	-0.128350	0.026689	0.095339	0.078402	0.038051	0.028073	0.000013	-0.038245	0.167203	-0.057874	-0.040399	-0.131767	-0.061167	0.028579	-0.001868	-0.007877	0.003547	0.052112	0.008184	0.038799	0.044057	0.029474	-0.016204	0.021905	0.020420	0.017967	-0.024637
0.639986	0.398089	-0.012311	-0.067822	0.106637	-0.025267	-0.034010	-0.109940	-0.280933	-0.201477	0.073942	0.078814	-0.122151	-0.145482	0.024446	0.137319	0.056851	0.105835	-0.019852	-0.129993	0.135133	0.086305	0.113175	-0.183277	-0.052290	0.049835	-0.038820	-0.017042	0.034711	0.033959	-0.086197	0.124973	-0.058253	0.104916	-0.103980	0.101059	-0.062017	0.042586	0.044351	-0.014092	-0.042547	0.076465	0.085862	-0.059350	-0.059232	0.017249	0.027626	0.065656	0.081523	-0.040234
0.614357	0.412562	0.019555	-0.144474	0.110229	-0.029529	0.025183	-0.101090	-0.262824	-0.052016	0.018591	0.019339	-0.102505	-0.125857	0.072026	0.082377	-0.074333	0.120874	-0.005716	-0.119396	0.028059	0.055427	0.089587	-0.256410	-0.059298	0.105440	-0.117686	0.075874	0.071868	-0.025311	-0.104849	0.197912	-0.078965	0.031181	-0.140986	0.074392	0.079966	0.118953	0.042972	0.048538	-0.079637	0.041465	0.113038	-0.017522	-0.045115	0.079129	0.058952	0.056071	-0.026705	-0.000289
0.664234	0.502502	-0.097674	-0.209540	0.175976	-0.074591	-0.000280	0.016589	-0.161637	-0.049767	0.041190	0.045072	-0.086968	0.025168	-0.022848	0.048238	0.090132	-0.130113	0.099929	-0.176480	0.100271	0.065546	0.009625	-0.048281	0.054561	-0.018756	-0.150253	-0.115579	0.064146	0.017335	-0.106521	0.003502	-0.018383	0.037183	0.011211	0.006345	0.042068	0.008140	0.036097	-0.026682	0.008821	-0.032030	-0.118677	0.004195	0.049845	0.078872	0.008438	0.033407	0.038695	0.048229
0.643934	0.123319	0.013268	0.174088	-0.088195	0.050910	-0.224533	-0.276434	-0.177053	-0.328082	-0.128257	0.272858	0.268946	0.146705	-0.043073	-0.043052	-0.035813	0.059923	0.002620	0.006680	-0.099147	-0.115214	0.018572	-0.017037	0.022464	-0.015635	-0.053149	-0.040360	-0.089793	0.065214	-0.098622	0.007785	0.023370	-0.018243	-0.005862	0.009027	-0.041944	0.025537	-0.014390	-0.024655	0.070157	-0.006529	-0.015175	0.053897	-0.041922	0.021569	0.064065	-0.019018	-0.001123	0.005176
0.754734	0.045234	-0.002443	0.208865	-0.036385	-0.013283	-0.135495	-0.289595	-0.149114	-0.199510	-0.029764	0.024107	0.103388	0.098869	-0.041175	0.002793	-0.134989	0.062518	-0.079188	-0.022685	0.028026	-0.149770	0.109197	-0.018805	-0.085960	0.027132	-0.146558	0.012653	0.038521	0.020597	-0.031635	0.134480	-0.058793	0.004629	0.049616	-0.065202	-0.029430	-0.133786	-0.021793	-0.108596	-0.039765	0.049077	-0.054192	0.038346	-0.146145	0.036641	-0.059136	-0.046790	-0.013518	0.044072
0.522595	0.075455	0.108728	0.006080	-0.058451	0.073854	-0.376088	-0.205223	-0.223424	-0.293840	-0.112763	0.369331	0.321467	0.054924	-0.131567	-0.176634	-0.008590	0.060924	0.018647	-0.007339	0.022986	-0.129970	0.068224	0.080478	-0.006849	0.048465	-0.024060	-0.016276	0.032582	0.030885	-0.117018	0.012488	-0.052486	0.056250	-0.001547	0.054851	-0.033335	0.048594	-0.015076	0.010967	0.026942	0.020379	0.021465	0.006660	-0.031258	-0.001485	-0.055123	0.049304	0.034407	-0.052848
0.442838	0.151136	0.060813	0.068960	-0.016886	-0.016797	-0.308936	-0.298549	-0.234711	-0.234959	-0.201649	0.303767	0.409392	0.095853	-0.117626	-0.186669	-0.112188	0.051578	-0.120783	0.099542	-0.090740	-0.077615	-0.035605	-0.058662	-0.063916	-0.022706	-0.045093	-0.042527	0.040434	0.003018	-0.055180	-0.018478	0.006314	0.107476	0.042988	-0.019778	-0.095973	0.021624	-0.047005	0.027690	0.081451	0.038478	-0.037605	-0.022988	-0.063521	0.036295	0.062362	0.017170	-0.000648	0.022247
0.677683	-0.017934	-0.028805	0.078550	-0.057471	-0.031783	-0.347686	-0.183225	-0.128140	-0.328750	-0.050455	0.145139	0.231569	0.075335	0.026825	-0.100693	-0.028485	0.054344	-0.041436	0.117889	0.186527	-0.063458	0.115705	0.059895	0.021186	0.069467	-0.113601	0.059966	0.011208	-0.045738	-0.060129	-0.021313	-0.043730	0.009237	0.086217	0.004264	-0.043146	0.030309	0.046998	0.040516	0.018961	-0.067722	-0.046799	-0.014972	-0.134729	0.025018	0.083258	0.005828	-0.056567	-0.027725
0.493807	0.167193	0.074980	0.062057	-0.134067	0.082882	-0.222353	-0.189305	-0.167888	-0.343889	-0.057738	0.384897	0.351520	-0.009340	-0.102799	-0.001014	-0.134755	0.148310	0.057879	0.015252	-0.084019	-0.101920	0.025762	0.090913	-0.036101	0.080486	-0.080394	-0.038865	0.033575	0.011536	-0.115670	0.011004	-0.123536	0.020700	0.010919	-0.076317	-0.029799	-0.052689	0.056782	0.041203	-0.026343	0.025562	-0.024172	0.041150	-0.087297	-0.009930	0.054047	0.080815	0.136914	-0.077901
0.669075	-0.005781	0.044816	-0.027802	-0.106797	0.095547	-0.315049	-0.193344	-0.192489	-0.219014	-0.155689	-0.021745	0.095383	0.269050	-0.042728	-0.145891	0.036720	0.018113	-0.029359	0.090120	-0.116199	-0.061186	-0.071307	-0.009252	0.031691	0.009047	0.056096	-0.099306	0.217156	0.053371	0.055785	-0.006026	-0.022286	-0.027825	0.083877	-0.010140	-0.080223	-0.022878	0.009023	-0.004013	-0.067686	-0.042443	-0.018001	-0.050095	-0.172660	0.000353	-0.110824	0.048710	-0.084278	0.038069
0.722945	0.412444	-0.075672	-0.153408	-0.130826	0.108463	0.092986	0.070086	0.148937	0.001399	0.299108	-0.054712	0.124013	0.157383	0.062339	-0.058756	-0.016889	0.031330	-0.111592	0.014669	-0.088219	-0.032301	0.010047	-0.059453	0.031767	0.003231	0.003874	-0.008599	0.037996	0.043813	-0.028817	-0.094761	0.072055	0.054539	-0.010038	-0.019740	0.001545	-0.057864	0.026270	0.024839	0.067514	0.053481	0.059496	-0.064185	0.007475	0.024951	0.034044	-0.031894	-0.037934	-0.006957
0.739329	0.383761	-0.143534	-0.090317	-0.128653	-0.006547	0.133275	-0.001995	0.159670	-0.005538	0.255467	0.018601	0.106800	0.134451	0.103191	-0.065338	-0.013539	0.084018	-0.068834	-0.014483	0.015182	-0.025683	0.091202	0.011221	-0.047037	0.066151	-0.041608	0.017576	-0.004574	-0.015235	0.008592	-0.137435	0.064513	0.077391	0.016894	-0.017336	-0.039386	-0.036751	0.000754	0.004317	0.043352	0.105374	0.031895	-0.039405	0.086745	-0.061047	0.045231	-0.086087	0.067889	-0.059735
0.634477	0.394910	0.024731	-0.312089	-0.179916	0.243529	0.067210	0.103699	0.045809	-0.005409	0.084599	0.063798	0.098378	0.000770	0.162153	0.020468	-0.143840	0.120657	-0.010244	-0.021865	0.076706	-0.189674	0.086962	0.069745	0.071097	0.091812	0.018330	0.069500	0.033086	-0.055902	-0.003562	-0.092020	0.025028	0.013395	-0.076981	0.031316	-0.114452	-0.004366	-0.078419	0.005995	0.048903	-0.024041	0.107522	0.009185	-0.005016	0.039460	0.053433	-0.029130	0.007532	-0.135419
0.741287	0.234656	-0.037210	-0.103325	-0.245054	0.270007	0.141424	-0.000915	0.090620	0.001921	0.054718	0.118718	0.148970	-0.054549	0.217227	-0.069442	-0.118215	0.064372	0.138008	-0.052544	0.070325	-0.023490	0.009140	-0.024433	0.001567	0.058084	0.000379	-0.051949	0.090599	0.071711	0.014918	-0.045765	0.020546	0.048575	-0.088508	-0.041277	-0.038536	0.018513	0.049843	0.015472	0.036917	-0.027057	-0.038423	-0.085176	-0.025989	0.023116	-0.058700	-0.157708	-0.037753	-0.037887
0.735067	0.107805	0.055216	-0.015058	-0.315836	0.127607	-0.024329	-0.133775	-0.076831	0.395632	-0.019363	-0.090186	0.016425	-0.047442	0.049836	-0.038783	0.003276	0.166790	-0.000130	-0.023136	0.081858	-0.051628	0.004728	0.109545	0.036408	0.142910	-0.027708	0.021089	-0.008181	-0.009668	-0.075974	0.064562	-0.045773	0.050282	-0.060551	0.023791	0.010869	-0.077156	-0.091744	-0.050493	-0.050204	0.025812	0.071396	-0.052817	-0.001038	0.029230	-0.020387	-0.008394	-0.108064	0.002766
0.748783	0.089452	-0.082766	0.307211	-0.154581	0.078253	-0.067341	-0.072539	0.023912	0.091978	0.180606	-0.169384	0.144546	-0.077825	0.172188	-0.043284	0.005505	-0.097512	-0.162084	-0.036290	0.131798	-0.080471	-0.036839	0.057819	0.039355	0.106886	-0.102579	-0.012729	-0.045294	0.050294	0.033688	-0.008676	0.047125	-0.003673	0.006496	0.043984	-0.060919	-0.058461	-0.033566	0.117791	0.072480	0.131508	0.000466	0.066297	-0.013882	0.009873	-0.069786	0.057580	0.056081	-0.037894
0.773123	0.027275	0.062399	0.068697	-0.212714	0.117497	-0.047296	-0.062786	-0.051301	0.226179	0.117256	-0.084843	0.118852	-0.000741	0.174197	-0.023827	0.029193	0.198220	-0.012616	-0.074482	0.011449	-0.087228	-0.008209	0.081200	0.004926	0.200870	-0.035880	-0.077653	0.005167	-0.126029	-0.020059	0.057274	-0.074103	0.034926	0.029859	-0.023200	-0.111746	0.011151	0.083868	-0.005999	-0.044450	0.134382	0.048052	-0.085605	0.028888	0.125606	-0.040032	-0.044520	0.002304	0.051849
0.447741	0.013831	0.007746	-0.055354	-0.218037	0.016703	-0.099402	-0.052113	0.018605	0.490279	-0.021724	-0.017020	0.023879	0.097684	0.211570	0.139105	0.242771	0.088293	-0.054639	0.071890	0.068200	-0.225689	0.065373	-0.027072	0.030014	-0.094441	-0.182580	0.089551	0.066402	-0.044393	-0.080318	-0.101808	-0.052939	-0.011889	0.119103	0.148940	-0.258707	-0.149698	-0.100889	0.071479	0.023936	-0.071814	-0.016596	-0.031752	0.047460	0.096983	0.088588	-0.159466	0.117746	-0.022079
0.596635	0.114732	-0.074947	-0.124007	0.072977	0.050593	0.049134	-0.014386	0.039002	-0.139233	-0.109518	0.073553	0.180818	-0.177202	0.032530	0.156073	-0.097219	-0.087670	0.039135	-0.182044	0.052545	-0.093440	0.281014	-0.095990	-0.064069	-0.090133	0.139643	-0.004581	0.187794	0.017206	-0.164997	0.055273	0.178355	-0.090502	0.312071	-0.110265	0.077905	-0.165870	0.038578	0.083747	0.007740	0.035956	0.066114	-0.010367	0.101318	-0.037047	0.002903	-0.087552	-0.026077	-0.070759
0.514351	0.277746	-0.077146	-0.242594	0.078991	0.074083	0.112974	0.056285	-0.007470	-0.088963	-0.025643	0.083106	0.198069	-0.219818	0.039512	0.094105	-0.092224	-0.065367	0.080075	-0.072194	0.019992	-0.117013	0.232335	-0.149962	-0.141611	-0.135065	0.225836	0.071599	0.157558	-0.016162	-0.179176	0.097218	0.165305	-0.090147	0.200611	-0.099842	0.106538	-0.057776	0.133363	-0.025515	-0.044700	0.138513	-0.012667	-0.030469	0.037258	0.088478	0.038126	-0.073862	-0.087569	-0.107001
0.655666	0.004034	-0.042664	-0.192334	0.088580	0.111659	0.097751	-0.017924	-0.091542	-0.130311	-0.069446	0.012313	0.087707	-0.152061	0.070881	0.088148	-0.129702	-0.000292	0.196946	-0.133824	0.043268	-0.034693	0.201803	0.063934	-0.110146	-0.085875	0.220978	-0.049106	0.085303	0.060832	-0.144383	0.101189	0.230197	-0.093541	0.203342	-0.128728	0.058271	-0.050035	0.069034	0.073141	-0.044234	0.142398	-0.019411	-0.044205	0.060683	0.000880	0.080764	-0.123197	-0.038549	-0.076226
0.764770	0.300402	0.139464	-0.253248	0.023232	0.028693	0.183211	0.088542	0.153118	-0.016062	-0.002908	0.171931	0.049465	-0.001087	0.051471	-0.116080	-0.025038	0.025227	-0.016845	0.087182	0.067258	-0.046725	0.067000	-0.142978	0.001818	0.144187	0.035538	-0.028245	0.015391	-0.054525	0.052114	-0.001438	-0.123472	0.058810	0.035261	-0.112113	0.027269	0.025497	-0.040624	-0.029917	-0.044029	0.020662	0.019992	0.080567	0.076071	0.011504	-0.000862	0.039246	-0.062640	-0.004998
0.748032	0.165899	0.176885	-0.241276	0.062928	0.014483	0.299669	0.099429	0.057702	-0.001899	0.010965	0.252583	-0.023596	0.125238	-0.028275	-0.180714	0.030945	-0.074638	-0.048128	-0.020935	0.063173	0.074375	0.015904	-0.068264	0.084038	0.043502	0.017082	0.035838	-0.006316	-0.037142	-0.027978	-0.128649	-0.054596	0.049977	-0.033620	-0.058857	-0.009887	0.049316	0.038668	0.035331	-0.056492	0.102125	-0.003319	0.080568	-0.034998	-0.064488	0.078163	-0.017193	-0.026659	-0.040557
0.658120	0.101576	0.050236	-0.044273	-0.065131	0.162240	-0.176970	-0.037667	-0.148053	-0.136673	-0.176126	0.147612	0.212396	-0.024152	0.027642	0.035893	-0.247147	-0.015574	0.021943	0.060153	-0.181890	0.038402	-0.267877	0.151024	-0.010129	0.027021	0.013044	-0.095923	-0.005746	-0.114162	-0.103811	-0.074387	0.083448	0.005448	-0.047640	-0.005268	0.050475	0.106326	-0.039076	0.063737	0.002344	-0.016867	0.019498	0.124247	0.238326	-0.008443	0.096444	0.035031	-0.005390	-0.034938
0.680073	-0.002001	0.086227	-0.137236	-0.142859	0.060580	-0.228835	-0.019235	0.052897	-0.037694	-0.107375	0.132663	0.112759	0.057243	0.044100	0.189138	-0.055006	0.113019	0.001145	-0.030652	-0.131036	0.000174	-0.216318	0.000216	0.216101	-0.142870	-0.058844	-0.033817	0.062080	0.028559	0.115545	-0.017760	0.083178	0.031504	-0.060045	-0.059213	0.027092	0.233695	0.082222	0.039290	-0.091155	0.035980	0.166365	0.132875	0.089618	0.005968	0.023828	0.141074	-0.049528	0.109535
0.722037	0.094788	0.029091	-0.037338	-0.190819	0.129877	0.055750	0.148343	-0.051130	-0.116609	-0.002912	0.074890	-0.078467	-0.014896	0.015318	0.055891	-0.028235	-0.070227	0.187471	0.015793	-0.109199	-0.023789	-0.010602	0.041955	0.044940	0.123588	-0.035277	0.412038	-0.034564	0.026957	0.068665	0.069481	0.125549	0.073005	0.135658	0.041946	-0.039723	-0.003741	0.100467	0.015919	0.043894	-0.042671	-0.062611	0.058683	-0.114657	0.040549	-0.094479	0.059504	0.022350	0.100754
0.798640	-0.210970	-0.167830	-0.222565	-0.053264	-0.075867	0.064439	-0.139729	0.006724	-0.060735	0.241344	0.025302	-0.028011	-0.048300	-0.066353	-0.037367	-0.022970	-0.062091	0.091440	0.078837	-0.075979	-0.045056	0.011627	0.018379	0.132048	0.098710	-0.126766	0.096274	0.112778	-0.070604	-0.048249	0.000506	0.022313	-0.062398	0.095705	-0.022147	0.064990	-0.015978	-0.019176	-0.021280	0.018724	0.025889	0.020119	-0.063705	-0.068097	0.015502	0.000863	-0.045080	0.010071	0.067332
0.671160	0.134863	-0.002525	-0.167090	-0.045973	-0.093665	-0.032645	-0.138260	0.029311	0.021072	0.248602	0.116009	-0.025266	-0.047091	0.008732	0.135042	-0.023352	-0.008621	-0.049264	0.041187	-0.007215	0.032114	-0.045599	0.243119	0.000312	0.084386	-0.052907	0.078596	-0.027342	0.021021	-0.128668	-0.114351	0.014310	0.012059	0.183339	-0.295714	0.107647	0.168264	0.042415	-0.069391	-0.041197	0.041774	0.104188	0.038755	-0.164369	-0.092024	-0.139216	0.132708	-0.018011	-0.064584
0.625224	-0.063882	0.045822	-0.069951	-0.133903	-0.075963	-0.082123	0.007005	-0.113228	0.200387	0.045950	-0.009341	-0.002450	-0.092803	-0.078922	0.121257	-0.099530	0.061364	-0.018252	0.027852	-0.005956	-0.012824	-0.019179	0.247064	-0.036406	0.183591	-0.036558	-0.028124	-0.000773	-0.039612	-0.059953	0.032889	0.110649	0.050328	0.053203	-0.289317	0.192850	0.091887	0.166408	0.019096	0.005683	0.088426	0.024388	0.065017	-0.097232	-0.169114	-0.259999	0.241388	-0.093307	-0.052024
0.766213	0.075045	-0.034854	0.253556	-0.175627	0.116685	0.025839	0.028788	-0.116163	0.022032	0.050030	0.039479	-0.125358	-0.121890	-0.090160	0.143323	-0.002645	0.034028	0.042222	-0.000457	-0.010500	-0.104159	-0.038599	0.086515	-0.062273	-0.016323	-0.031112	-0.017672	0.138674	-0.008018	-0.014817	-0.091286	-0.123363	-0.057755	-0.017690	-0.006808	-0.014308	-0.117750	0.047600	0.077804	0.038619	0.119359	-0.108711	0.072692	-0.113956	-0.087604	-0.166069	0.121866	0.022951	-0.156931
0.575132	0.001400	0.026510	0.125716	-0.098300	0.131844	0.000378	0.182803	-0.056371	-0.057261	0.052808	0.017212	-0.064493	-0.014006	-0.136088	0.237486	0.179926	-0.164248	0.037482	-0.143652	-0.143420	-0.119468	-0.203013	0.132109	0.211271	-0.024823	0.043786	0.004365	0.115422	0.140537	-0.047036	-0.187505	0.054467	-0.132800	0.048995	0.011578	-0.126022	0.098692	0.133060	0.019675	-0.032923	-0.030900	0.069065	-0.104271	0.082112	0.037867	-0.036406	0.336076	0.058788	-0.021583
0.788276	0.090876	-0.140293	0.321788	-0.035922	-0.025068	0.000521	-0.125630	0.149178	0.004291	-0.052349	0.019237	-0.041426	0.015631	-0.005948	0.113529	-0.054702	-0.142275	0.053129	-0.108840	-0.079080	0.100533	0.069330	-0.129934	0.028212	-0.020988	-0.022709	-0.046238	-0.119069	-0.011618	-0.026871	-0.142107	-0.091069	-0.045434	0.000504	-0.017076	-0.040747	-0.072427	0.125560	-0.017389	-0.031236	0.054296	0.001167	-0.124355	0.071068	-0.010027	0.102529	-0.012964	-0.043247	0.058115
0.845717	0.113477	-0.113514	0.038127	-0.147741	-0.005528	0.092124	-0.073280	0.030400	0.072990	-0.041360	0.128140	-0.132822	0.038679	0.016470	-0.229943	0.071926	0.016818	0.022758	0.023953	-0.097648	0.054682	0.042290	-0.005015	-0.018467	-0.033742	0.028015	0.067031	0.016074	0.138037	-0.035798	-0.131663	-0.081291	-0.037695	-0.071012	-0.077719	0.069308	0.027435	-0.048145	0.041242	-0.029270	-0.100867	-0.049254	-0.101094	-0.003420	0.031459	0.021694	-0.045129	-0.060939	-0.002652
0.909270	-0.147097	-0.098630	-0.160983	-0.043650	-0.078302	-0.005862	0.031039	-0.119652	0.149738	-0.095799	-0.022089	0.061140	-0.009194	0.001543	0.046475	0.075977	-0.002850	0.013551	-0.018577	0.012328	0.030316	0.022563	0.021248	0.031768	-0.002828	0.057037	-0.027619	-0.037848	0.048121	0.057511	-0.012146	0.021853	-0.074608	-0.038278	0.006606	-0.083828	-0.001215	-0.004523	0.008492	-0.049233	-0.059384	0.000489	0.002217	-0.005979	-0.068810	-0.009557	0.078204	0.048359	0.001337
0.902950	-0.161768	-0.178060	-0.054284	0.019253	0.004082	0.119382	0.109603	-0.081732	0.058430	-0.115859	-0.070588	0.040435	0.005707	-0.084743	-0.022833	0.038493	-0.018748	0.029308	-0.037326	-0.041623	0.000389	0.063178	0.025214	0.015523	-0.047131	-0.088984	-0.047355	-0.059340	0.044721	-0.007589	-0.011789	-0.012663	-0.053516	-0.048245	-0.040598	0.041307	-0.008510	0.008945	0.076959	-0.040568	-0.056217	0.024692	0.061766	-0.026538	-0.013974	-0.006300	0.065637	0.035870	-0.002447
0.893005	-0.163325	-0.159588	-0.161702	-0.080419	-0.023020	0.119693	-0.010154	0.055992	-0.043757	-0.037854	0.040428	0.074705	0.072705	0.022277	0.056470	-0.014221	-0.081535	-0.000012	0.044884	0.002632	0.147565	0.032581	-0.056493	-0.072777	0.046198	-0.004152	-0.083665	0.020944	-0.028463	0.007870	0.024688	-0.029473	0.059549	-0.032079	0.042900	-0.032392	-0.005570	0.049067	0.003473	-0.035657	-0.025689	0.003956	0.013574	-0.099272	-0.062930	0.041054	-0.008421	-0.018119	0.008471
0.889720	-0.189122	-0.166582	-0.148723	0.028152	-0.043350	0.105668	-0.021427	-0.124241	0.004735	-0.119289	-0.065265	0.072124	-0.077629	-0.019087	0.043068	0.068801	0.052581	0.072316	-0.009283	-0.010689	0.049952	0.045906	0.008288	0.022537	-0.064569	0.028158	-0.059883	-0.059173	0.001289	0.028649	-0.013557	-0.030599	-0.028108	0.004846	0.021439	-0.017139	-0.011526	-0.075245	0.008884	0.036242	-0.030700	0.055330	-0.044893	-0.035424	0.012745	-0.010594	0.013139	0.050021	0.099969
0.715356	0.449798	-0.046189	-0.187827	0.177066	-0.138502	-0.112973	0.061333	-0.264546	-0.035593	0.041312	0.036487	-0.058043	0.116686	0.017690	0.093647	0.129712	-0.014000	0.017642	-0.115696	0.030979	0.068509	-0.054132	-0.010600	-0.018107	-0.056543	-0.080235	-0.031632	0.013517	-0.062835	-0.021685	0.037249	0.019123	-0.037370	-0.027182	-0.002410	-0.067533	-0.004540	0.033351	0.069968	0.015981	-0.033026	-0.027209	-0.003092	0.026756	-0.026499	-0.001157	0.058943	0.040005	0.055384
0.884853	-0.221989	-0.171583	-0.117815	-0.043199	-0.098073	0.079731	-0.034798	0.052118	-0.002725	-0.004586	0.014832	0.069887	0.064392	0.076363	0.108816	0.064890	-0.032040	-0.080097	0.042453	-0.034787	0.052912	-0.014341	-0.020793	-0.121818	0.042509	0.047329	0.013267	0.099532	-0.033804	0.009654	-0.045459	-0.009445	-0.033413	-0.019086	-0.009533	-0.060025	0.043495	0.011215	-0.026220	-0.011988	-0.073596	-0.035927	0.023683	-0.007866	-0.033191	-0.027091	0.075633	0.037176	-0.030981
0.833486	0.329325	-0.123067	0.104805	0.084597	-0.156404	0.002452	-0.036930	0.259903	-0.039513	-0.066134	0.010931	-0.034754	-0.005610	-0.028969	0.027880	0.006707	0.071854	0.000125	0.026437	-0.008034	0.087005	0.034974	-0.032044	0.039991	-0.040710	0.070214	-0.030874	0.034475	-0.051505	-0.054980	-0.046853	-0.044919	0.063035	0.019125	0.043188	-0.031471	0.048703	0.023243	0.021438	-0.024426	-0.024886	0.025328	0.037055	0.004382	-0.011701	-0.027193	0.093615	0.018722	0.038121
0.607143	0.466037	-0.087220	-0.211727	0.262009	-0.131932	-0.029302	0.038039	-0.311292	-0.079321	0.053984	0.014502	-0.114762	0.036499	-0.005674	0.073127	0.166917	0.044554	0.015722	-0.163616	0.075644	0.081596	0.027909	-0.071747	-0.054656	0.058869	-0.143480	-0.051259	0.043280	-0.107683	0.014308	0.061664	0.012149	0.012891	-0.065116	0.055884	0.007819	0.030781	0.059589	0.044490	-0.022452	0.014973	-0.040925	-0.031709	0.001822	0.027496	-0.018988	0.074573	0.014744	-0.018810
0.641058	0.465331	-0.083055	-0.148412	0.178918	-0.132160	-0.039591	-0.028940	-0.278956	-0.031421	0.122570	0.055302	-0.155760	0.031781	0.012342	0.066797	0.135662	0.010139	0.047739	-0.121190	-0.005126	0.137719	-0.057153	-0.052545	-0.051158	-0.056512	-0.135413	-0.128396	0.068551	-0.067810	0.074327	0.072946	0.028029	0.013698	-0.042635	-0.082875	-0.006869	-0.021833	0.079683	0.007263	0.016355	-0.142224	-0.002089	-0.058294	-0.001206	0.028329	-0.041672	0.021757	-0.012927	0.000206
0.606517	0.411931	-0.112549	-0.093401	0.180711	-0.151358	0.097581	-0.106274	-0.182973	0.043946	0.069788	0.026465	-0.151791	0.099220	-0.042557	0.097173	0.241124	-0.022017	0.014027	-0.113813	0.044724	0.074804	-0.081066	0.013608	-0.122028	-0.099838	-0.172423	0.055450	0.068967	0.017413	0.147380	0.070608	0.119408	0.055212	0.007166	-0.057408	-0.132320	0.085049	0.005001	-0.053682	-0.074587	-0.091544	0.091772	-0.089017	-0.086367	0.052799	0.042908	0.025289	-0.103063	0.045363
0.663234	-0.205270	0.465609	-0.234723	0.144055	0.015631	-0.056072	-0.068225	0.018906	0.026830	0.028512	-0.091166	-0.100992	0.052623	0.003241	-0.056705	-0.027156	-0.065979	-0.046526	0.032649	-0.050539	0.117396	-0.032978	-0.160633	-0.013072	0.077232	-0.031080	-0.058843	0.029527	-0.024201	0.027972	0.002413	0.068176	0.131669	0.068631	-0.060592	-0.094465	-0.011504	-0.045240	0.124336	0.043482	0.161648	0.082277	0.107585	0.072172	0.060396	0.012031	-0.087493	-0.060172	-0.054579
0.875043	-0.219210	-0.131625	-0.071066	-0.012086	-0.102304	0.078798	-0.042789	0.077443	-0.012036	0.015666	-0.049314	0.054474	-0.025139	0.006063	0.057944	-0.022246	-0.056973	-0.116792	0.072754	-0.028079	0.158809	-0.001307	-0.002571	-0.043930	-0.003992	-0.033478	-0.042920	0.071844	-0.012420	0.058003	0.017993	0.011680	0.052212	-0.026808	-0.068664	-0.037542	-0.029345	0.018678	0.091232	-0.081295	-0.111962	0.012493	0.057887	-0.054814	-0.050596	-0.039938	0.130467	0.008615	-0.025631
0.896020	-0.209968	-0.112593	-0.169702	0.024036	-0.064289	0.050349	-0.002812	-0.052409	0.031977	-0.085117	-0.155556	-0.005160	0.077704	-0.039860	0.064844	0.009548	-0.017397	-0.024014	-0.058885	0.009010	-0.002342	-0.049211	-0.031718	0.021270	-0.009950	0.030570	-0.052585	-0.058849	0.005008	0.029955	0.063622	-0.020420	0.035098	0.005752	-0.026404	-0.060582	0.002879	0.026785	0.048644	0.020584	-0.032441	-0.004835	0.142329	-0.046563	-0.032379	-0.017479	-0.004573	-0.021266	-0.041622
0.818410	-0.286001	-0.214263	-0.149121	-0.071689	-0.084849	0.127010	-0.103215	0.065575	-0.001124	0.093931	0.030839	0.027979	0.090678	0.017152	-0.009206	0.029254	-0.124486	0.043030	0.078318	0.057693	0.051545	-0.001259	-0.026396	-0.062414	-0.025094	0.040176	0.117402	0.054526	0.030666	0.008681	-0.050995	-0.032780	-0.008116	-0.035695	0.050796	-0.043334	-0.022588	-0.003784	0.010680	-0.057754	-0.082888	0.085651	-0.109232	-0.004622	-0.060609	-0.066694	0.081573	-0.018460	0.089571
0.768229	-0.212804	-0.087822	-0.228332	-0.124521	-0.059985	0.020744	-0.042858	0.125877	-0.085197	0.209505	0.014811	0.115198	0.132953	-0.010742	0.194974	0.054133	-0.012842	-0.052046	0.021484	-0.014759	0.155329	-0.187177	0.021890	0.064076	-0.032910	0.081564	-0.007774	0.020593	0.038177	-0.060000	0.033051	-0.044247	0.056100	-0.035590	-0.063369	-0.059623	-0.037444	0.066491	0.030420	-0.010493	-0.039485	-0.085212	0.078352	-0.034842	0.030938	-0.024323	-0.138129	-0.009540	-0.068802
0.806467	-0.084772	-0.077540	-0.036269	-0.179429	-0.011702	0.191301	0.226253	0.070230	-0.136704	-0.049845	0.105290	0.025941	0.187855	0.046204	0.068818	-0.056982	-0.039527	0.087520	-0.096529	0.051415	0.026825	-0.028525	-0.066536	-0.021817	-0.011832	-0.120029	-0.042872	0.016278	0.051363	-0.000913	0.028751	0.044604	0.132358	-0.113076	-0.070952	-0.003528	-0.022727	0.009820	0.016214	0.093986	0.065269	0.046954	0.033632	-0.074241	-0.006568	-0.003454	-0.098725	0.073315	-0.092948
0.691564	-0.268122	-0.243754	-0.335782	0.192180	0.054313	0.202449	-0.206763	-0.104488	0.112350	-0.094802	-0.095622	0.067202	-0.173316	-0.075470	-0.085343	0.112709	-0.029748	0.032822	-0.003351	-0.047708	-0.015095	-0.054790	0.067713	0.008365	-0.005203	0.018053	0.018499	-0.054029	0.042017	0.025742	-0.050615	-0.018794	0.003600	-0.053418	-0.009544	0.032604	0.062635	0.087627	-0.027662	0.009081	-0.069645	-0.055880	-0.050218	-0.028589	0.020828	-0.015578	0.001496	-0.051011	-0.000923
0.654070	0.369779	0.115830	-0.155888	-0.207717	0.279911	-0.115778	0.045637	0.037886	-0.021244	-0.003075	-0.101002	-0.148277	0.029334	-0.056442	-0.215742	0.099412	-0.005444	-0.088897	-0.021777	-0.044785	0.155428	0.096673	0.000412	-0.163999	-0.090793	-0.077692	-0.045306	0.001005	-0.099142	-0.029321	0.084832	-0.024440	0.023028	-0.015824	0.001685	0.035616	0.059318	-0.106492	0.035190	0.054196	-0.082594	-0.023449	0.105370	0.033638	-0.090133	-0.080777	-0.062027	0.022124	0.029870
0.870148	-0.093269	0.353677	0.010458	0.025511	-0.031922	0.036718	0.115580	-0.014968	0.117867	0.028028	-0.074660	0.041750	0.085220	-0.009744	0.006980	0.085348	0.079884	0.030029	-0.006043	-0.010277	-0.011054	0.023120	0.010583	-0.003656	-0.113978	-0.038551	-0.014795	-0.010356	-0.023614	0.032682	0.000876	0.088333	-0.031270	-0.026631	-0.050012	-0.061893	-0.005067	-0.039646	-0.021756	0.034178	-0.073073	-0.013299	-0.035201	-0.045188	-0.035736	0.019283	0.038125	-0.003842	-0.006963
0.737229	0.419049	-0.082602	-0.041803	0.047989	-0.180578	-0.099801	0.053927	0.286869	-0.041438	-0.179016	-0.026181	-0.054658	-0.095168	-0.142167	-0.022931	0.039091	-0.002492	0.010921	0.003893	0.080830	0.079534	-0.084611	0.067457	-0.003539	-0.078236	0.002554	-0.030486	-0.032320	0.044866	-0.084563	-0.031073	0.014958	0.017536	0.018488	-0.000070	-0.006658	-0.001225	-0.075426	-0.048379	-0.025143	0.092966	-0.062994	0.016347	-0.040097	-0.039396	0.038085	0.050178	0.002645	0.030683
0.808336	-0.252311	-0.034689	-0.399255	-0.078004	-0.043988	-0.078915	0.011073	-0.046821	0.022520	-0.061108	-0.079144	0.006233	-0.006228	-0.018191	0.057496	0.027005	0.010322	-0.061323	-0.034275	-0.136350	0.010183	-0.030775	-0.055497	0.068329	-0.048205	-0.098780	0.048723	-0.059227	-0.001386	0.007340	-0.065773	0.019903	-0.001969	0.035394	0.006390	-0.030530	0.029923	-0.011070	0.141172	-0.079766	0.037212	0.010054	-0.022062	0.050107	0.008648	0.032962	-0.003235	-0.012869	0.016733
0.684720	0.462975	-0.058507	-0.219284	0.177928	-0.148528	-0.039083	0.046885	-0.231659	-0.015947	0.039982	0.028508	-0.061900	0.076275	0.003650	0.149591	0.191148	0.002103	0.029446	-0.085990	0.028188	0.123308	-0.013667	-0.031719	-0.085298	-0.053291	-0.105789	-0.066793	-0.040408	-0.050600	0.040605	0.009399	0.000954	-0.025501	-0.049567	0.001303	-0.009900	-0.042682	-0.011400	0.036768	-0.054117	-0.010234	-0.037135	0.039905	0.027821	0.026091	0.037155	-0.064295	0.012009	0.078514
0.823281	-0.055643	0.462998	-0.013427	0.129460	-0.029909	0.067027	0.145588	0.020675	0.001794	-0.012537	0.004969	0.067730	0.096156	-0.004077	0.033401	0.005735	0.075533	0.060896	-0.037592	-0.036047	0.038955	0.053091	0.019504	-0.022659	-0.032791	-0.010170	-0.035430	-0.031056	0.016750	-0.002634	-0.036334	0.021354	-0.008374	-0.063265	-0.009035	0.020305	0.001993	-0.012685	-0.049128	0.001937	-0.034801	-0.062973	0.012329	0.000724	0.010011	0.075627	-0.008606	0.018416	-0.063894
0.818316	-0.233687	-0.061338	-0.299738	-0.076066	-0.125132	-0.070547	0.162140	-0.047865	0.024881	-0.010718	-0.063389	0.029981	0.163454	-0.094603	-0.003745	-0.023775	0.015916	-0.007698	-0.063393	0.035188	0.030784	0.012152	0.056558	-0.014305	-0.060104	-0.029494	-0.031762	-0.080035	0.100672	-0.040388	0.030939	0.014590	0.051297	-0.063542	0.079335	0.016370	-0.030120	0.060052	-0.021908	-0.043119	-0.106545	-0.019983	0.036659	0.062974	-0.043336	-0.037731	0.078055	0.059298	0.016984
0.852703	0.227147	0.012394	0.122370	-0.172253	0.102917	-0.015411	-0.052369	0.092398	0.025939	0.055173	-0.125710	0.098016	0.105675	0.031425	0.135654	0.060470	0.001248	0.000726	-0.016168	-0.012858	0.093429	0.052891	-0.049237	-0.021616	0.000901	0.044486	-0.005290	-0.063173	0.045442	-0.009229	0.018310	-0.035000	0.023635	-0.022187	-0.009005	0.080109	0.101664	-0.095243	0.006921	-0.106093	-0.079504	-0.040065	0.065685	-0.030854	0.017216	0.057652	0.095790	-0.013583	-0.045429
0.705506	0.406518	-0.006084	-0.321861	0.205552	-0.118997	-0.128906	0.137816	-0.178636	0.018351	-0.027391	-0.045767	0.034698	-0.018389	0.005747	0.060319	0.045956	0.029840	0.020593	-0.107777	0.094609	0.036950	0.006320	0.024259	-0.097608	-0.088362	-0.010088	0.025804	-0.021191	-0.013270	0.039868	-0.002230	0.124357	-0.002738	0.070787	0.035696	0.056156	0.002552	0.029538	0.061333	-0.071629	0.001515	-0.069659	0.022877	0.051720	-0.051229	-0.002589	-0.091290	0.016457	-0.027644
0.813361	0.426520	0.079207	-0.144284	-0.026238	0.069370	-0.002986	0.100908	-0.018258	0.067225	-0.005660	-0.090037	0.075210	0.115608	-0.050500	-0.025534	-0.015098	-0.015016	0.089239	0.070973	0.031412	0.101503	-0.040060	0.025643	-0.070889	-0.121855	-0.013674	0.043389	0.062362	-0.016728	-0.041683	0.001835	-0.068144	0.028631	-0.041670	0.057703	0.005267	0.045115	0.009727	0.014067	0.038399	-0.017456	-0.034704	-0.001912	0.033949	0.034211	0.024774	-0.052125	-0.024450	0.039276
0.681499	0.122441	-0.017026	0.228281	-0.146190	0.166017	0.089465	-0.221476	0.117670	0.001465	0.071755	-0.111850	0.060670	-0.015166	-0.008641	0.063077	-0.127119	-0.032053	-0.029176	-0.159750	-0.120822	0.138805	-0.032329	-0.130018	-0.153341	-0.118630	-0.090870	-0.005204	-0.124010	-0.019128	-0.134683	0.009679	-0.002941	0.008942	-0.102099	-0.143264	-0.076090	-0.082672	0.025083	-0.015379	0.132375	0.053484	-0.055441	0.030959	0.006217	0.104553	0.175295	0.180363	0.017026	0.063416
0.703066	-0.022472	-0.099160	0.413870	-0.040262	-0.109828	0.032950	0.015754	0.003882	-0.065362	-0.028584	-0.058751	0.020669	-0.183452	0.161195	0.014478	-0.061711	0.033189	-0.021201	-0.064123	-0.037763	-0.051956	0.007383	0.034191	-0.067768	-0.146270	-0.027554	-0.094748	-0.107019	0.033705	0.049326	-0.124930	0.059082	0.183693	-0.140909	-0.131377	-0.005240	0.080190	0.013554	-0.010282	0.115819	0.095764	-0.048475	0.185161	-0.105808	-0.062162	-0.025969	-0.009212	-0.051433	0.016456
0.565381	0.505812	0.026367	-0.156394	-0.027770	0.039586	-0.077128	0.064978	-0.015878	0.041976	0.144747	0.074149	-0.136727	0.090857	-0.080385	-0.076754	-0.135835	-0.112918	-0.012808	0.013463	-0.149624	-0.079453	0.055292	0.093174	-0.087212	-0.151589	-0.039467	0.161435	-0.052377	0.005042	-0.232194	-0.036649	-0.176664	0.004558	0.047539	-0.023823	0.102148	0.147918	-0.003268	-0.022432	-0.069278	0.082680	-0.126385	0.099069	-0.058384	0.031446	0.116355	-0.010577	0.077785	-0.049454
0.827690	0.080913	0.028374	0.103541	-0.086953	0.073180	0.089097	0.082696	-0.023422	0.067484	-0.110725	-0.117753	0.008042	0.173937	-0.169076	0.028099	-0.037400	-0.008183	0.115509	-0.154256	-0.073416	0.101173	0.041448	-0.024876	0.060857	-0.133378	-0.046202	0.031021	0.026123	0.056786	0.054483	0.020822	0.015139	-0.048108	-0.002404	-0.084031	0.151168	0.092848	-0.081379	-0.004051	-0.082063	-0.001189	-0.087898	-0.120793	0.015474	-0.036094	0.094114	-0.045467	-0.009462	-0.021060
0.867889	-0.151855	-0.190677	-0.145148	0.021674	-0.028028	0.125296	0.090316	-0.053701	0.034722	-0.109875	-0.071817	0.031339	0.036415	-0.071143	-0.059706	0.066604	-0.042657	-0.011967	-0.045360	0.034964	-0.016193	-0.037367	0.064729	0.022633	-0.007843	0.027538	0.047189	-0.033054	0.178963	0.024571	-0.048287	-0.031805	-0.000959	-0.025221	-0.042230	-0.047202	-0.021556	0.051781	-0.043937	-0.029397	-0.091549	0.015164	-0.007343	-0.001704	-0.116872	-0.088682	0.073568	0.037918	-0.071648
0.788572	-0.298960	-0.166242	-0.207355	0.028968	-0.165854	-0.033623	0.014282	-0.104715	0.059837	-0.058255	-0.136076	0.063390	-0.156418	0.056162	-0.052907	0.083703	-0.006184	-0.081532	-0.022925	-0.011870	-0.034437	-0.059176	0.012686	0.033123	-0.072538	0.059069	-0.043151	-0.172304	0.066622	-0.015256	0.008252	0.056830	0.061744	0.038020	0.011712	-0.058700	0.044159	0.043949	-0.054224	0.070617	-0.004915	-0.075923	0.061857	0.038778	-0.080814	0.031781	0.093537	0.006272	0.029947
0.778764	0.070314	-0.077509	-0.104732	0.151470	-0.038453	-0.027630	-0.053702	-0.116900	0.018517	-0.169627	-0.115131	0.055605	0.005501	0.073639	0.167491	0.114658	-0.117329	-0.127726	0.019054	0.123790	0.080329	0.064544	0.110130	-0.089696	0.008683	0.079484	0.039838	-0.001084	-0.042721	-0.106800	0.056455	0.077156	-0.044513	-0.029683	0.093081	-0.074828	0.046832	-0.115619	-0.004852	-0.110889	-0.003410	-0.021300	-0.040520	-0.183302	-0.121372	0.104744	-0.088029	0.121821	0.042861
0.597672	0.415686	-0.081864	-0.179934	0.213947	-0.000565	-0.003744	-0.117359	-0.200349	-0.179717	0.002609	0.071333	-0.006885	-0.090759	0.007200	0.019696	0.248596	0.138383	0.170431	-0.013120	-0.108610	0.118415	0.032694	0.088218	-0.080308	-0.073135	-0.199128	-0.110712	0.035262	-0.019961	0.119623	0.045212	-0.055587	-0.033225	-0.092614	-0.085304	0.055194	-0.086155	0.001735	-0.039071	0.034984	0.101282	0.004147	0.011418	-0.073986	-0.030728	-0.061390	-0.064965	-0.021037	-0.005504
0.591648	-0.283272	-0.131514	-0.347621	0.187213	-0.046311	0.030579	-0.122904	0.017481	0.050372	0.002369	-0.222939	0.062486	-0.151454	-0.179066	0.050338	0.011806	-0.031131	0.131548	0.053393	-0.180630	-0.084694	0.031833	0.104844	-0.110789	0.245253	-0.111459	-0.148588	0.090993	0.067853	0.014333	-0.013864	0.014770	-0.071077	0.036174	0.065160	0.129538	-0.057922	0.003508	-0.020493	0.111362	0.038357	-0.091964	-0.010875	0.000789	-0.095573	-0.016564	-0.064782	0.032415	0.050735
0.568890	-0.360382	-0.084068	-0.417359	-0.019907	-0.176785	-0.039506	-0.036121	0.061910	-0.067317	0.252921	-0.022446	0.048858	0.008648	-0.093230	0.068234	0.121782	0.067070	0.082176	0.076689	-0.036457	-0.168553	0.053144	0.032892	-0.152003	-0.151286	-0.088329	0.113857	0.041484	-0.070922	0.019184	-0.051631	-0.074230	-0.041944	-0.182485	-0.014559	0.111494	0.018193	0.000206	-0.029844	0.032705	0.059506	-0.046413	-0.063393	0.046969	0.014287	0.035082	-0.160806	-0.062967	-0.035181
0.621905	0.124991	0.137028	-0.213159	0.236861	0.015777	0.475321	-0.024431	0.020565	0.041071	0.027804	0.228249	0.124659	0.118230	0.007442	-0.053444	0.057168	-0.134290	-0.045322	0.173072	0.002150	0.061600	-0.065566	-0.050903	0.005852	-0.014666	0.001886	0.087163	-0.035722	-0.165261	-0.065348	-0.105190	-0.034473	0.013714	-0.056858	-0.116074	0.033296	0.051438	-0.015310	-0.023648	-0.006062	0.082538	-0.038446	0.060723	-0.054724	0.018326	0.068263	-0.004137	-0.068167	0.006081
0.682867	-0.085054	0.308177	0.207577	0.077907	0.047310	0.110847	-0.097133	-0.022946	0.039904	0.013981	-0.013800	-0.169211	0.047690	-0.029826	-0.147618	-0.013148	-0.005537	-0.024215	0.039607	-0.098027	-0.151033	0.079827	-0.128065	-0.174803	-0.155941	-0.058237	-0.007626	0.071648	0.086427	-0.002090	-0.048671	-0.119415	0.154076	-0.088043	0.107913	0.073824	-0.046006	0.058749	0.058793	0.081352	0.097048	-0.135020	-0.075278	-0.051443	0.069972	-0.071051	0.000663	0.124127	-0.177822
0.847788	0.045541	0.113561	-0.144826	-0.081574	-0.010182	0.161253	0.150657	0.035701	-0.080802	-0.052725	0.213830	-0.014497	0.044759	0.063965	-0.070681	0.000554	-0.033721	-0.077412	-0.002037	0.020004	0.034292	0.108040	-0.056070	-0.002091	0.006559	-0.014434	0.005226	0.023991	-0.041108	0.068087	-0.064494	-0.033481	0.037432	-0.119723	0.003110	0.019888	0.014542	0.002532	0.032945	-0.060951	0.182791	-0.068486	0.024937	-0.088883	0.029574	0.045321	-0.057568	0.037481	-0.104033
0.796311	-0.002651	-0.066728	0.399814	-0.075869	-0.047374	0.030319	0.035492	-0.023705	0.003347	0.083643	-0.222092	0.059206	0.027539	-0.020244	-0.043872	0.059580	0.032630	-0.001328	-0.001658	-0.035701	-0.112248	-0.005315	0.007502	-0.167370	-0.016845	-0.063689	0.047528	0.017691	0.013406	-0.036994	-0.062727	-0.099494	0.025512	-0.005127	0.096588	0.037699	-0.040943	0.013703	0.076732	0.046977	0.132285	-0.058302	-0.078275	-0.075877	0.005586	-0.052808	0.015295	0.017089	-0.038802
0.684492	0.195143	-0.067994	0.081873	0.003956	0.124111	0.057417	-0.041734	-0.183339	0.041014	0.104607	-0.127656	-0.078855	0.005794	0.033451	-0.041896	0.116265	0.043054	-0.007720	-0.031972	-0.043738	-0.172324	0.090176	-0.195163	-0.115038	0.075890	-0.130880	-0.057292	0.156131	0.040308	0.079491	0.007337	-0.161236	0.173262	-0.083840	0.111051	0.181270	-0.010649	0.083866	0.025118	0.067006	0.069813	-0.159196	-0.181329	-0.064175	0.065242	-0.042550	0.022191	0.083057	-0.150685
0.760758	-0.173754	0.459430	0.037528	0.249135	-0.087828	0.045309	-0.001472	0.053229	0.108218	-0.032507	0.030451	0.006237	0.026864	0.057588	-0.099082	0.084307	0.014296	-0.057726	0.008446	-0.049788	0.061927	0.021987	-0.037234	0.025550	0.010699	0.007681	-0.055199	0.014922	-0.017183	0.057080	-0.054267	0.017280	0.097414	-0.014473	-0.012172	0.030747	-0.034323	-0.000737	-0.021990	0.020925	0.066490	-0.051790	-0.021298	0.017604	-0.135440	-0.077754	0.030716	-0.019732	0.006331
0.697513	-0.141754	0.567186	-0.032631	0.202125	-0.050210	0.119468	-0.026263	0.052620	0.134800	0.007016	0.071663	-0.004925	0.072739	0.001800	0.012489	0.101348	0.104222	-0.024295	0.019712	-0.031846	-0.034257	-0.037367	-0.037803	0.024906	0.032148	0.069660	0.001154	-0.067339	-0.060539	0.001251	-0.130130	-0.000544	0.033709	-0.007528	-0.027555	0.011295	-0.015288	0.011382	0.030263	0.020418	-0.054521	0.001959	-0.001934	0.026717	-0.032717	-0.071052	-0.036454	-0.051306	-0.066045
0.852920	-0.211244	-0.070998	-0.297342	-0.111056	-0.045363	-0.040505	0.121424	-0.070800	0.116876	-0.118618	-0.048398	0.026018	0.053338	-0.054213	-0.013146	-0.008071	-0.045487	-0.090049	-0.055879	-0.055100	0.013406	-0.047739	-0.023253	-0.046789	-0.009395	-0.004292	-0.080282	-0.055885	0.045625	-0.013183	-0.023572	0.041239	0.037360	-0.007881	0.013503	0.001550	-0.057146	0.034735	0.002368	-0.049763	-0.027925	-0.015399	0.026087	0.034294	0.001337	-0.010926	0.069437	-0.033733	0.092890
0.873615	-0.089031	-0.060574	-0.130283	-0.052167	-0.042628	-0.052175	0.101974	-0.051406	0.050097	-0.046526	-0.023774	0.068430	0.158389	-0.058915	0.150756	0.097357	-0.052832	0.071789	-0.059130	0.017010	-0.003927	0.031616	0.041187	-0.075708	-0.092374	0.118758	-0.023547	-0.010148	-0.006330	0.001775	0.058090	0.082496	-0.071138	-0.018383	-0.008413	-0.108456	-0.002108	-0.023367	0.098350	0.001120	0.014495	-0.071025	0.057126	0.019357	-0.010860	-0.014722	0.070128	0.147678	0.011774
0.715807	0.322417	0.015456	-0.090570	-0.146403	0.131463	-0.165662	0.031075	0.017166	0.087104	0.005946	-0.108558	-0.067109	0.116187	-0.118253	-0.241170	-0.014277	-0.138035	-0.112925	-0.039503	-0.043130	0.161353	0.112477	-0.007256	-0.170505	-0.029966	-0.031348	0.006941	-0.024764	-0.017069	-0.124728	0.092699	-0.082480	-0.000377	-0.032374	0.022857	-0.001770	0.041164	-0.054512	0.089760	0.009753	-0.054470	-0.099906	0.041619	-0.112875	-0.054370	-0.093507	-0.062979	0.004841	0.060986
0.745552	-0.013772	-0.025246	-0.210350	-0.028151	0.269119	-0.235797	-0.007731	-0.063727	0.311881	-0.082551	0.163860	-0.109103	-0.119288	-0.032771	0.008849	0.036563	-0.073797	0.040257	0.015113	-0.047483	-0.124183	0.057115	-0.025948	-0.008688	0.060909	-0.104860	-0.001511	-0.009021	-0.024107	0.077611	-0.029583	-0.063920	-0.087309	0.090299	0.051842	-0.006988	-0.035825	0.022617	0.001393	0.004549	-0.041197	0.046331	-0.048751	-0.093793	0.054018	0.098411	0.039795	0.036001	0.020366
0.806346	-0.143937	0.459480	-0.145464	0.112228	0.029789	-0.061027	0.000880	-0.016390	0.021739	0.018300	-0.016194	-0.094250	0.032538	-0.019970	-0.071775	0.030302	-0.008739	-0.026482	-0.046693	0.045877	-0.045221	0.073305	0.006787	-0.002481	0.013382	0.017471	-0.025258	-0.052967	0.007359	-0.119519	-0.039510	0.083033	-0.003757	-0.046312	0.090837	0.011107	-0.006919	0.002206	-0.030740	0.040717	0.028276	-0.050783	0.019427	-0.040097	-0.020798	0.017700	0.034080	-0.042640	0.017766
0.813302	-0.222880	-0.111134	-0.379746	-0.114889	0.024171	-0.003149	0.063890	-0.068061	0.010182	-0.078588	-0.042366	-0.014344	0.076130	-0.037306	0.003525	0.062928	-0.019523	-0.119206	0.031979	-0.073027	-0.007954	0.052713	-0.046293	-0.082573	0.039876	0.012951	-0.031574	0.009342	-0.033166	-0.080779	0.014600	-0.030591	0.033702	-0.021762	0.122520	-0.023241	0.043447	0.061516	0.104069	-0.009611	-0.008159	0.025163	0.040986	0.007973	0.016964	-0.009300	-0.071475	0.006427	0.065342
0.802570	-0.263438	-0.138782	-0.238617	-0.131229	-0.131554	0.113988	0.158151	0.010170	-0.017959	0.100588	0.041769	0.082222	0.047074	-0.087477	-0.000657	-0.033536	0.032583	-0.039306	0.021911	-0.080938	-0.055605	-0.027784	0.021059	-0.097600	-0.107379	-0.052740	0.070979	-0.035074	0.030378	-0.092034	0.029753	-0.070511	-0.044077	-0.029734	-0.033156	0.028721	0.011904	0.077215	0.077395	-0.078769	0.039572	-0.079060	-0.036872	-0.034373	-0.035303	-0.053445	0.013592	-0.028422	0.099531
0.866211	-0.045871	-0.123918	-0.012910	-0.075310	-0.027235	0.139000	0.029711	0.096323	-0.109768	-0.130341	-0.007827	0.005944	0.115483	-0.032687	0.060423	-0.084556	0.091817	0.010835	0.026177	-0.027589	0.056960	-0.011559	-0.022258	-0.086793	0.128172	-0.048104	0.029525	-0.008899	-0.074978	0.045053	-0.001119	-0.062308	-0.038446	-0.121755	-0.148081	-0.022970	-0.038727	0.007461	0.028525	-0.140693	0.045276	-0.077760	0.001596	-0.052956	-0.005033	0.073835	0.010163	0.012277	0.107855
0.745576	-0.309394	-0.102635	-0.290207	0.108360	-0.002119	-0.020491	-0.162898	-0.054043	0.078377	0.070944	-0.151250	0.059848	-0.144222	-0.180642	0.031092	-0.023161	-0.056468	0.101888	-0.000030	-0.064185	0.075982	-0.109576	0.032376	0.156729	-0.023648	0.033272	-0.028736	-0.023974	0.027788	-0.044787	0.065156	-0.035630	0.047633	-0.001093	-0.081182	-0.011416	-0.020869	-0.070703	-0.060630	0.007548	-0.056315	-0.094365	0.023703	-0.032758	-0.057717	0.069054	-0.071209	0.025265	-0.036426
0.771330	-0.163416	-0.161938	-0.279749	0.081610	0.099693	0.107721	-0.157246	-0.028620	0.103753	-0.089179	0.050404	0.088954	-0.126796	0.013502	0.113764	0.094550	-0.101535	0.069441	0.001061	-0.061240	0.011572	0.028531	-0.011629	-0.061667	-0.029974	-0.036129	-0.024028	-0.026852	0.113498	0.074599	0.008113	0.009445	0.013289	-0.037752	-0.027818	-0.187721	0.138069	0.033429	0.048524	-0.001322	0.011696	0.052274	-0.050565	-0.129980	0.010459	0.130761	0.079741	0.029659	0.003192
0.860141	-0.173945	-0.168102	-0.237475	-0.054129	-0.099737	0.099219	0.086432	-0.091449	0.012888	-0.031913	-0.083388	0.012721	0.081181	-0.097172	-0.092641	0.073811	0.030192	-0.045315	0.009829	-0.030400	-0.024215	0.019539	-0.058536	0.007200	-0.077004	-0.001606	0.057142	-0.027741	0.037614	-0.020902	0.035953	-0.023609	0.002773	-0.095712	0.032199	0.010406	0.059669	0.073418	0.059717	-0.076843	-0.055614	-0.030831	0.033326	0.070164	-0.015477	-0.013913	0.055701	-0.005993	-0.062012
0.590159	0.338639	0.072186	-0.250115	-0.216813	0.165893	-0.127725	0.092930	0.048737	0.127818	0.016975	-0.122672	-0.060868	0.046252	-0.094447	-0.261395	-0.005602	-0.063206	-0.115034	-0.024965	-0.069568	0.069858	0.056700	0.038461	-0.184365	-0.073323	-0.086281	0.043340	-0.116375	-0.053080	-0.021366	0.130825	-0.027636	-0.015974	-0.066985	-0.043771	0.086888	0.004123	-0.022292	0.045972	-0.016257	-0.158189	-0.115740	0.057535	0.030141	-0.224071	-0.148026	-0.068070	0.012705	0.017727
0.849437	-0.091981	-0.083244	-0.142331	-0.092943	-0.085260	-0.025537	0.028804	-0.090103	0.086299	-0.019380	-0.049670	-0.002862	0.113520	0.076339	0.112097	0.020813	-0.022557	-0.019267	-0.036189	0.064642	0.059557	0.016672	-0.016073	-0.014618	-0.082498	0.133313	-0.028817	-0.013149	0.022279	0.000667	0.099206	0.005082	0.043369	-0.015489	0.070885	-0.062715	0.030378	-0.134203	0.025094	0.041284	0.023191	-0.028581	0.243899	-0.054221	-0.084512	0.096088	0.016965	0.112786	0.056275
0.885023	-0.033160	-0.189046	0.148191	0.039519	-0.077689	0.106705	0.101262	-0.034983	0.048492	-0.048274	-0.087767	0.062012	0.071169	-0.022011	-0.004632	0.029792	0.025260	-0.022638	-0.007788	0.007431	0.034502	-0.000545	-0.054500	-0.035475	-0.045576	0.057177	0.032743	-0.086261	-0.039582	-0.008731	-0.126839	-0.097516	0.013820	0.066240	0.038133	-0.110246	0.108326	0.033274	0.105552	0.044616	-0.009484	-0.046379	-0.030514	-0.065685	0.029428	-0.011461	0.051712	-0.010932	-0.039521
0.814994	-0.190376	-0.113044	-0.198202	-0.103887	-0.183866	-0.103847	0.095583	0.017205	0.010859	0.025657	0.011802	-0.051852	0.112568	0.021402	-0.130727	-0.010787	-0.003645	-0.028778	-0.102839	0.116825	-0.004244	0.038587	0.147150	-0.134198	-0.040020	0.079977	0.022580	-0.032874	0.019822	0.018373	-0.020565	0.115974	-0.048533	-0.143443	-0.013323	-0.020455	-0.024517	0.041983	-0.025904	0.047363	0.019848	-0.046604	-0.026477	-0.025904	0.069549	0.034070	0.064344	-0.017112	0.122973
0.740211	-0.112140	0.535667	-0.118892	0.147818	0.005762	-0.006481	0.125506	0.010532	0.020119	0.017682	0.058400	-0.089219	0.137831	-0.078119	-0.139491	0.071009	-0.007563	0.013288	-0.054476	0.028777	-0.028478	0.112913	0.004205	0.002184	-0.045616	0.052028	0.018639	-0.046507	-0.031830	-0.014570	-0.018569	-0.046517	0.011197	-0.009836	0.034915	0.011740	-0.020426	0.015465	-0.014640	0.017267	0.031574	-0.028210	0.033559	0.028887	-0.005471	0.032113	-0.009042	0.026617	-0.044327
0.819374	0.020941	-0.135148	0.391070	0.016098	-0.033843	0.130724	-0.152216	0.024378	-0.039775	-0.022325	-0.095606	-0.086121	-0.010922	0.042238	-0.067069	-0.057720	0.040193	-0.063122	-0.101077	-0.006278	0.036592	0.132725	-0.061637	0.000632	-0.034571	0.033864	-0.026564	-0.025088	-0.012873	0.037061	-0.084333	0.003125	-0.003972	-0.055368	-0.005045	0.014128	0.009177	-0.066481	0.034949	0.022923	-0.021393	-0.028778	0.082056	-0.077844	0.019076	-0.011596	0.094952	-0.002963	0.047459
0.415802	0.445523	-0.052887	-0.168307	0.119934	-0.220904	-0.088107	0.073442	-0.082311	0.046595	0.009960	-0.053755	-0.173043	-0.029826	-0.066057	-0.109343	0.038563	0.069565	-0.045158	0.016889	-0.010716	-0.008185	-0.107195	-0.181424	-0.141601	0.055243	0.156704	-0.007985	-0.301008	0.176153	0.097968	-0.078460	0.074716	0.026645	-0.050611	-0.095637	0.017382	-0.106961	0.158134	0.107118	-0.070972	-0.186461	-0.074586	-0.129888	-0.108044	-0.006796	0.001434	-0.270723	0.097010	0.028798
0.816393	-0.054695	0.293710	-0.070821	0.130961	-0.133136	0.052458	0.080857	0.023449	0.104169	-0.088515	-0.044655	0.098189	0.164172	0.075918	0.060594	0.004138	0.060758	0.068384	-0.054889	0.000630	0.033172	-0.012467	0.080918	0.034013	-0.031383	0.066176	0.025445	-0.002118	0.021708	0.072158	-0.064085	0.123829	-0.060811	-0.097494	-0.113178	0.011240	-0.070762	-0.058261	0.008227	-0.014235	0.015263	-0.006947	0.062792	0.018041	-0.152317	0.070518	0.074535	0.042597	-0.037551
0.816430	-0.097887	0.315942	-0.076575	0.043457	0.019995	-0.036722	0.074901	-0.033567	0.090860	-0.102401	0.002299	-0.074469	0.103186	0.024328	-0.070994	0.024569	-0.046408	0.057107	0.035670	0.016515	0.045993	0.044243	0.012431	0.026998	-0.060942	0.009191	-0.015977	-0.240871	-0.010944	-0.026933	0.054864	-0.055688	0.108085	0.016783	0.047459	0.001640	-0.082636	0.126347	0.056600	-0.099051	0.027960	-0.074310	0.083455	-0.021885	0.031773	0.008734	-0.002029	-0.040522	-0.138487
0.604416	-0.199940	-0.328372	-0.238841	0.017069	-0.057831	0.320848	-0.070667	0.188572	-0.006109	-0.120639	0.037459	0.095308	-0.102253	-0.104394	-0.104286	0.147117	0.171443	0.008803	0.194126	-0.014168	-0.066930	-0.060804	0.031254	-0.005566	0.018116	-0.059864	0.054628	0.169006	-0.053715	0.138341	0.133753	-0.027310	-0.066402	-0.038067	-0.007572	-0.004248	0.085109	-0.068347	-0.081543	0.015388	0.018062	0.017346	0.098555	0.008193	0.086034	-0.045620	-0.048783	0.062985	-0.010849
0.767991	-0.262600	-0.179510	-0.081822	-0.076003	-0.221943	0.067908	-0.009082	0.038966	0.015438	0.124590	-0.004928	0.025952	-0.009891	-0.055617	0.030321	-0.053416	-0.078335	-0.047592	-0.041201	-0.038357	0.025819	0.042363	0.052714	-0.070280	-0.133491	0.052294	0.059225	0.001056	-0.024989	0.043096	0.022915	-0.105786	-0.139412	0.023262	-0.125805	-0.038334	0.114610	0.015573	-0.197863	-0.033254	0.033091	-0.145903	-0.028546	0.092514	0.031389	-0.119376	0.132080	0.021465	0.042740
0.737954	-0.204256	-0.080823	-0.191096	-0.100551	0.021388	0.020832	0.133836	-0.179849	0.094107	-0.058676	0.023344	0.030836	0.020024	-0.156029	0.061221	-0.000772	-0.128944	0.088840	-0.051676	-0.039787	-0.131959	-0.085177	0.048432	-0.172058	-0.006068	0.032872	-0.067755	-0.072243	0.092560	-0.186259	-0.035157	-0.018750	-0.041745	-0.064298	0.013169	-0.032288	-0.040608	0.035474	0.125405	-0.045584	0.038180	-0.010506	-0.096054	0.058137	-0.098947	-0.074506	0.176367	0.078420	0.177097
0.723021	-0.054960	0.004090	-0.059933	-0.158984	0.140329	-0.142084	0.012591	-0.038836	0.152747	0.017540	0.013662	-0.125640	-0.224957	-0.160668	-0.128699	0.093886	0.008339	0.083474	-0.070043	-0.167515	-0.140904	0.000523	-0.067910	-0.026520	-0.162740	0.008503	0.043628	0.094035	-0.106967	0.154434	-0.048674	-0.022311	0.097164	-0.039563	-0.068032	0.082311	-0.075677	0.005861	-0.210549	-0.040974	-0.054038	0.115300	-0.046573	-0.034452	-0.053666	0.036280	0.051778	-0.073073	0.125600
0.725556	-0.192202	-0.040419	-0.320156	-0.146616	-0.033658	-0.093941	-0.092148	-0.102542	0.088145	0.065578	-0.051324	-0.141925	0.009727	-0.002730	-0.104053	-0.158681	-0.015284	0.093530	0.087289	0.133660	-0.084698	-0.080927	-0.101674	-0.005299	-0.019267	0.060674	0.044703	-0.115527	-0.185995	0.050072	-0.043426	0.017660	0.001167	0.036262	-0.067053	0.018157	-0.017794	0.126742	0.038792	-0.087743	-0.015208	0.065201	-0.011972	-0.114833	0.084727	-0.022153	0.028617	-0.188181	-0.019684
0.725563	-0.181560	-0.020722	-0.350132	-0.189048	0.008055	-0.039650	0.086818	-0.039380	-0.147931	-0.096494	0.068655	-0.107255	-0.010872	0.111670	-0.006297	0.039593	0.035727	-0.068524	-0.135259	0.073495	-0.185851	0.070422	0.026078	-0.075876	-0.014943	-0.062014	0.077435	-0.122934	0.052527	0.023260	-0.041350	-0.114161	0.086787	-0.047875	-0.067779	-0.028358	0.091669	0.039806	-0.065008	0.045141	0.036617	-0.015167	0.028074	-0.005894	0.052542	-0.096214	-0.150138	0.089452	-0.119359
0.725722	-0.271697	-0.188338	-0.281885	0.171046	0.013363	0.052116	-0.225600	-0.053105	0.035882	0.090499	-0.131952	0.007091	-0.141724	-0.124826	-0.026120	-0.001637	-0.091075	0.134697	0.042120	-0.039215	0.006535	0.054224	-0.058632	0.060519	0.084934	-0.004437	-0.103179	0.037079	-0.029129	0.020335	-0.022953	0.039392	0.056072	-0.095952	0.081329	0.034624	0.074303	-0.104514	-0.026391	-0.008808	0.056741	-0.066751	0.093623	-0.121125	-0.032197	0.039192	0.001856	0.016864	-0.040470
0.607864	0.492308	0.034532	-0.298487	-0.054798	0.176646	-0.031831	0.120860	0.002911	0.017922	0.123912	-0.095300	-0.002741	0.150753	0.003007	-0.137908	-0.078424	-0.035420	-0.124932	0.000268	-0.038692	-0.007847	-0.045168	-0.002197	-0.052269	-0.049954	-0.137360	0.022136	-0.062524	-0.127648	-0.016079	-0.009654	-0.033829	0.032476	0.162205	0.003425	0.020418	0.149674	0.047374	0.034094	-0.099325	-0.002484	0.049945	0.148547	0.015701	0.000595	-0.115673	-0.074149	0.037382	0.005800
0.820823	-0.080172	0.282563	-0.026056	-0.075820	-0.038141	-0.027270	0.095187	0.004550	0.082656	0.028285	0.027326	-0.000370	0.033287	-0.077208	0.128571	-0.015558	-0.058903	0.143180	-0.016838	-0.023982	0.116041	0.044201	-0.024746	0.093278	0.047297	-0.009810	-0.044022	-0.122908	0.011966	-0.078303	0.006930	-0.005356	0.073093	-0.030188	-0.045605	-0.094931	-0.148386	0.116983	-0.130490	0.051133	0.017194	0.125475	-0.005907	-0.071962	0.056572	0.112332	0.012657	-0.050744	-0.047576
0.464947	0.252397	-0.259154	-0.169001	0.425550	0.007612	0.225409	-0.130238	-0.324197	0.042293	-0.030969	-0.126048	0.001253	-0.053789	-0.098708	-0.037392	0.269336	-0.074450	0.171302	-0.055526	0.044562	-0.011243	-0.009141	0.029142	0.076758	0.093417	-0.083649	-0.085185	0.047350	-0.004046	0.067729	0.054538	-0.050123	-0.021480	-0.078433	0.067736	0.071841	-0.017358	0.140718	-0.144813	0.093184	-0.074066	-0.036331	-0.022492	0.052417	0.042664	0.030628	0.037032	-0.051029	0.005152
0.530262	0.392124	-0.020164	-0.103678	-0.066222	-0.079988	-0.011419	0.117311	-0.169722	0.197851	0.094679	0.024621	-0.018610	0.019094	-0.032652	-0.003705	0.002061	-0.080847	-0.076189	0.095949	0.025631	0.041874	-0.034004	0.073683	0.060058	-0.210889	-0.119421	0.063476	-0.004584	-0.052083	-0.148662	-0.140804	-0.056011	0.120601	0.319073	0.128751	-0.091204	0.101798	-0.146474	-0.126864	-0.100322	0.061408	-0.084725	0.211166	-0.027429	0.058733	0.199852	-0.078679	0.008833	0.005174
0.640027	0.432617	-0.146509	-0.141728	0.383028	-0.118774	0.059165	0.007110	-0.215475	-0.077545	0.060914	-0.103886	-0.047226	0.002519	0.033425	0.005643	0.125915	-0.086006	0.012123	-0.070455	0.013363	0.013420	-0.127285	0.087163	-0.031046	-0.047656	-0.178481	-0.042087	-0.004132	0.032423	-0.026533	-0.028351	-0.007738	0.030687	0.011593	0.060578	-0.042329	0.044989	0.044306	0.006321	0.065363	0.004103	0.028127	0.076221	0.030307	0.090952	0.035442	0.019385	-0.043203	0.028190
0.713905	-0.240355	-0.045370	-0.300036	-0.069056	-0.140283	-0.147745	0.016773	0.048964	0.009935	0.064125	-0.093927	0.049546	0.061803	0.003427	0.024428	-0.020792	-0.052915	0.038372	0.011082	-0.001139	0.031386	-0.124294	0.045803	0.195969	-0.106059	0.057108	0.059106	0.106720	0.018862	0.102040	-0.007775	-0.020718	0.189665	0.042946	-0.076676	-0.097697	0.022183	0.150529	0.011194	-0.031378	-0.003745	0.067455	0.107931	0.049180	0.013421	-0.094527	-0.080643	0.193098	-0.141999
0.808043	-0.192427	-0.136931	-0.053152	-0.062293	-0.100865	0.008729	-0.136579	0.153205	-0.100423	0.077746	-0.052901	-0.042665	0.056057	-0.070136	-0.066394	-0.055429	0.063129	0.072849	0.035908	0.119239	0.052724	-0.131757	0.104761	-0.048990	0.009513	0.163401	-0.044232	0.130793	0.090207	0.049326	0.042793	-0.029360	0.131292	0.011885	0.014727	0.047195	0.010826	0.045015	-0.086189	-0.019791	0.004093	-0.009714	0.042000	-0.111996	0.027421	-0.087900	-0.031077	0.126651	-0.093788
0.739448	-0.286784	0.013718	-0.418030	-0.015654	-0.111738	-0.174556	0.047556	0.005072	-0.029086	0.016235	-0.188342	0.018243	0.147528	0.073924	0.119756	-0.005891	0.042002	-0.014113	0.058465	-0.055726	-0.068698	0.008899	-0.044550	-0.053006	0.002623	-0.042503	-0.007954	-0.037467	0.003675	-0.036713	-0.050983	-0.009928	0.023775	-0.050308	0.058015	0.057644	0.063081	-0.130472	-0.050357	0.023058	0.024173	-0.064756	-0.046744	0.051215	-0.027725	-0.032813	-0.031064	-0.017550	0.006968
0.689935	-0.105478	-0.151202	-0.256207	-0.082536	0.084608	0.006430	-0.091458	-0.172420	0.267927	-0.074738	0.185217	0.133332	0.078278	-0.079152	0.086779	-0.039640	0.011810	0.015421	0.126607	-0.120005	0.026465	-0.006046	0.019673	-0.032235	0.146852	0.106417	-0.061006	-0.045934	-0.141520	-0.019373	-0.153457	0.003268	-0.121216	-0.002996	0.004223	0.106581	-0.110693	0.006252	0.022147	0.067987	0.096658	-0.075089	0.004121	0.085808	-0.121362	-0.116571	-0.036338	-0.050750	0.087132
0.830269	-0.232658	-0.163871	-0.356532	0.011489	0.011708	0.049582	0.030682	-0.013310	-0.012861	-0.072025	-0.088604	-0.013736	0.042126	-0.026761	-0.023541	0.049051	-0.022828	-0.094295	0.035259	-0.098686	-0.079611	0.003941	-0.085883	-0.071921	0.023244	-0.013718	-0.010450	0.008651	0.057360	0.075262	-0.038010	-0.001483	0.012285	-0.030207	0.003321	-0.006088	-0.035360	-0.006601	0.006772	-0.058729	0.008783	-0.067699	0.066644	-0.025211	0.039956	-0.067972	0.042316	0.060595	-0.044026
0.833591	-0.218862	-0.156681	-0.308400	-0.032371	-0.000268	0.074823	0.056867	-0.064729	-0.026040	-0.025513	-0.030080	0.037367	0.012709	-0.088356	-0.003820	-0.002835	0.023935	0.060666	0.019444	0.102402	-0.031765	0.011060	0.036267	-0.102551	-0.111520	0.069121	-0.068095	0.070180	-0.017273	0.030139	-0.045123	-0.052555	0.025919	-0.076441	0.074274	0.040924	-0.014658	0.008354	-0.051749	-0.035866	-0.084276	-0.077729	0.068835	-0.004302	-0.076724	-0.041203	0.061365	0.061423	0.005688
0.674267	0.208249	-0.187279	0.009835	0.100230	0.039002	0.146304	-0.210468	0.152449	0.066858	-0.129690	-0.077621	0.126894	-0.038296	-0.218400	-0.018930	0.189660	-0.047261	0.136883	0.109226	0.002564	-0.067587	-0.166324	-0.014843	0.157119	0.060263	-0.086836	-0.027462	0.072802	-0.037690	-0.075167	0.218462	-0.005138	-0.043611	-0.074927	0.052184	0.072422	0.013364	0.069190	-0.012216	0.029863	0.113916	-0.154065	-0.011319	0.033821	0.075194	-0.017325	0.098072	0.007466	0.014361
0.703097	-0.235569	-0.148793	-0.345761	0.078655	0.049730	0.118620	0.049680	0.015832	-0.038110	-0.031872	0.029880	0.135978	0.071769	-0.050143	0.082238	-0.009077	-0.112742	0.082961	0.025575	-0.063354	0.082731	0.077291	-0.085569	-0.121834	0.271664	0.004180	0.019667	0.051281	-0.041209	-0.050216	-0.029824	-0.032279	-0.097918	-0.023413	0.059107	0.077823	-0.064967	0.038300	0.171824	0.000949	-0.009710	0.026223	0.065087	-0.067167	0.019797	-0.074093	-0.098894	0.004634	-0.155944
0.887701	-0.194940	-0.159153	-0.032346	-0.158486	-0.152979	0.092016	0.025376	0.067910	-0.035221	0.027893	0.039352	-0.053403	0.029706	0.025980	-0.001311	-0.020919	0.120151	-0.029438	-0.020112	-0.018355	0.044011	-0.021389	0.014880	-0.017177	-0.019355	0.028590	0.034501	0.007724	-0.030512	0.025430	0.025950	-0.023239	0.024537	-0.036127	-0.018996	0.058813	-0.051328	0.081876	-0.025724	-0.005131	0.007211	-0.092446	0.089655	0.099561	0.024244	-0.048830	-0.049057	0.045778	-0.054637
0.851260	-0.252502	-0.148604	-0.283069	-0.094470	-0.004655	0.063452	-0.007751	0.006603	-0.037677	0.061156	0.014318	-0.038815	0.003179	-0.078162	-0.066318	0.056479	0.013005	0.009423	-0.055073	0.003782	-0.118484	0.021568	0.049425	-0.100213	-0.061696	-0.047275	0.019666	0.056574	0.034046	0.015373	-0.054814	-0.008597	-0.008094	-0.093986	0.049040	-0.001766	-0.013276	0.041447	-0.006968	-0.011349	-0.092233	0.042590	-0.001744	-0.005071	0.000777	-0.008504	0.034942	-0.077551	0.017315
0.732425	-0.303872	-0.061480	-0.321314	-0.009720	-0.093491	-0.136263	0.038964	0.024248	-0.023781	0.102234	-0.102428	0.051637	0.177521	-0.028280	0.037357	0.006707	-0.079004	0.087217	0.139042	0.162967	0.002596	-0.024641	0.037426	-0.196086	0.082242	0.047546	-0.003120	0.009933	-0.013620	0.061849	-0.001219	-0.035093	-0.033940	-0.005717	0.135372	0.067798	-0.014133	-0.044596	0.010345	-0.042205	-0.044445	-0.051362	-0.095938	-0.065670	0.029646	-0.078813	0.035155	-0.041481	-0.076253
0.796579	-0.235137	-0.092009	-0.243455	-0.088445	-0.136128	0.087871	0.060933	-0.069795	-0.070563	-0.002605	-0.157613	0.068909	0.100096	-0.097215	0.011184	-0.006082	-0.013888	0.019164	0.071387	-0.001681	-0.032325	-0.108314	-0.096189	-0.107010	-0.023335	0.056042	0.107699	-0.003616	0.041676	0.062183	-0.015106	-0.149377	0.025012	0.044008	0.069782	0.042322	0.059641	0.010149	0.021309	-0.068630	0.126785	0.005408	-0.080017	0.106281	-0.047605	-0.029516	-0.043094	-0.052676	-0.058042
0.798650	-0.042221	-0.187397	0.054272	-0.135087	-0.059534	0.037418	-0.202717	-0.066098	0.327901	-0.043080	0.209107	-0.016933	0.034812	0.028210	-0.035648	-0.059951	0.092743	0.047033	0.038998	0.079762	-0.099161	-0.017178	-0.009266	0.009131	-0.024530	0.013837	-0.033160	0.025154	0.032685	0.093537	-0.111568	0.022177	-0.034537	0.064011	0.101603	-0.042554	-0.022408	0.042194	-0.013700	0.014924	-0.033588	0.021069	0.055884	-0.001281	-0.045904	0.039381	-0.064930	0.061483	-0.051505
0.851823	0.083402	0.008467	0.042056	-0.015186	0.001375	-0.114471	-0.086354	-0.068299	0.052768	0.124966	-0.196247	0.203085	0.008418	-0.089810	-0.052923	-0.042149	0.020826	0.135000	0.007572	0.080911	-0.039957	0.077882	-0.054959	-0.086190	-0.061789	0.060174	0.040125	-0.005830	-0.000815	0.015923	0.080474	0.080109	-0.029229	-0.040153	-0.019034	-0.041390	0.044672	-0.127331	-0.003398	-0.035447	0.071831	-0.054524	0.055983	-0.073428	-0.089440	0.051325	0.087097	0.004707	-0.068910
0.843141	-0.075830	0.330290	0.129273	0.158742	-0.059022	0.125351	0.014584	-0.039349	0.108782	-0.106104	-0.117389	-0.017401	0.104466	0.057043	-0.003658	-0.022588	0.062606	-0.052497	0.088445	-0.013152	0.056215	0.012305	0.009630	-0.046238	0.008564	-0.038448	-0.036984	0.075919	0.055721	-0.019979	0.031804	-0.001902	0.062641	-0.022895	-0.019763	0.033389	-0.046004	0.032002	-0.034271	-0.015772	0.050595	-0.002670	0.019629	-0.028343	-0.002487	-0.031581	0.055196	-0.067773	-0.056626
0.856178	-0.095706	0.261176	0.122538	0.155612	-0.096659	0.134507	0.168477	-0.022976	0.002807	-0.112175	-0.042723	0.037515	0.120443	-0.048466	-0.071828	0.023484	-0.004256	0.082359	-0.089935	0.034978	-0.001071	0.013890	0.068372	0.002536	0.049926	0.021569	-0.037888	-0.021991	0.020447	-0.010538	-0.010552	-0.002555	0.012453	0.004151	-0.029882	0.005073	0.044539	0.049344	-0.039976	0.005501	0.098479	-0.021607	-0.020664	-0.033214	-0.062299	0.046828	-0.039631	0.035737	-0.036774
0.830049	-0.215121	-0.161976	-0.183782	0.097427	-0.050437	-0.075933	0.060238	0.006559	0.031284	-0.007632	-0.038351	0.043677	0.025509	0.129443	0.053740	-0.032361	-0.037334	0.028040	0.009996	-0.017513	0.206512	0.047052	-0.020474	-0.029214	-0.020070	-0.011314	-0.069393	0.000114	0.019176	0.002934	0.013213	0.035341	0.047456	-0.003725	0.144173	-0.152831	0.075200	0.043506	0.023024	0.043885	0.128447	-0.007252	0.004469	-0.058567	-0.124445	0.049048	0.070319	-0.042139	0.024597
0.834204	-0.198576	-0.134028	-0.126853	0.124877	-0.139210	-0.137183	0.040565	-0.037293	0.115472	-0.068284	-0.168346	0.038764	0.099088	0.105545	-0.023726	0.007200	-0.039238	0.144137	-0.013235	0.066249	0.083485	0.026916	0.055980	0.060303	0.025297	0.002344	0.047705	0.152939	-0.013981	-0.016782	-0.028983	-0.051408	0.006080	-0.017828	0.001436	-0.078456	0.027201	0.069048	-0.042797	0.027051	-0.002388	0.046056	-0.021207	-0.050715	-0.078537	0.025332	0.033481	-0.061157	0.036843
0.804110	-0.196183	-0.073273	-0.120552	-0.126558	-0.033818	0.058085	0.207443	-0.095306	-0.018469	0.056198	0.020613	0.097175	-0.012560	-0.180823	0.086005	0.010423	-0.016595	0.059071	-0.034955	-0.119133	0.063352	0.004407	0.018544	-0.097481	0.041356	-0.006673	0.024404	0.037631	-0.026033	0.058324	-0.067400	-0.130396	-0.074393	0.000251	-0.042988	-0.158698	0.036256	0.116567	-0.008464	-0.097003	0.103681	0.082930	0.003190	0.042724	-0.083988	-0.008043	0.085280	0.117203	0.040608
0.813544	-0.248171	-0.188251	-0.147853	0.009444	-0.058721	0.104027	0.029647	-0.008899	-0.079054	0.104301	-0.084439	0.044141	0.109662	-0.022947	0.002595	0.042544	-0.013726	0.115881	0.103124	-0.068609	-0.071026	0.038186	-0.047688	-0.052216	0.040173	-0.078840	-0.022172	-0.013573	-0.132691	0.075636	-0.086834	-0.090929	-0.065823	0.057069	-0.038319	-0.078164	0.076181	0.114450	-0.014133	-0.008790	0.056409	0.119492	0.060648	-0.095566	-0.060987	0.062331	0.003792	-0.053643	0.012134
0.765875	-0.174626	-0.035961	-0.214321	-0.043879	-0.013730	-0.041836	-0.112316	0.005960	0.024231	-0.112485	-0.107992	-0.042261	0.113602	0.038455	0.231497	0.033432	0.110564	-0.083052	-0.084568	-0.214181	-0.050648	0.099713	-0.016211	0.012967	0.016152	-0.062260	-0.126918	-0.003317	0.142158	-0.052182	0.009604	-0.053026	0.088836	0.017226	-0.013049	0.018247	0.049093	-0.026687	0.065354	-0.109821	0.090058	-0.114556	0.061597	-0.028332	0.022444	0.014232	-0.144410	0.021534	0.127438
0.794500	-0.052550	-0.032276	-0.369159	-0.149435	0.073495	-0.035734	0.010933	0.090821	-0.143351	-0.044551	0.036732	-0.078113	0.053064	-0.005212	0.131675	-0.087473	-0.015880	0.080635	0.002547	0.041595	0.000371	-0.099197	0.022037	-0.100396	0.019123	0.042328	-0.062626	-0.006430	-0.176648	-0.008450	-0.138531	0.075323	-0.001089	-0.063387	-0.064192	0.096594	0.010702	0.036935	-0.041118	-0.042342	0.077992	0.011942	0.084741	-0.044876	-0.013501	-0.063287	0.009080	0.014581	0.000594
0.441911	0.059640	-0.094120	0.083805	-0.010956	-0.151393	-0.107591	0.011056	0.024280	0.127537	-0.029971	0.020525	0.093962	0.063146	0.136548	0.039122	0.065714	-0.200410	-0.146618	0.042311	0.004869	0.018720	0.114343	0.171477	-0.185513	-0.031618	0.119075	0.131169	-0.018016	0.094268	0.059974	0.082617	0.039345	-0.244093	0.176543	-0.224615	-0.154975	0.166394	-0.052475	-0.048543	0.081686	0.020096	-0.118768	0.029522	-0.097530	0.394554	-0.014172	0.236070	0.230334	0.080810
0.438735	-0.070049	0.080933	0.214488	0.047819	-0.137569	-0.094816	0.137867	-0.134279	0.110400	0.043493	0.169954	0.148863	-0.057131	0.120278	-0.009538	0.191203	0.058728	-0.166971	0.117794	-0.021140	-0.001648	0.126904	0.036223	-0.105771	0.030112	0.113163	0.060088	-0.130337	-0.085892	0.072956	0.102825	0.057183	-0.145366	0.165261	-0.136934	-0.234548	0.143679	-0.031299	0.009829	0.016303	0.039224	-0.139261	0.031042	-0.056085	0.283336	0.120906	0.286671	0.283612	-0.038021
0.592843	0.549655	-0.125692	-0.227278	0.246577	-0.120180	0.089073	-0.097122	-0.108334	-0.084935	0.144383	0.027233	-0.089847	-0.165743	-0.081774	0.060374	0.086063	0.030240	-0.010199	-0.009379	-0.093641	-0.056186	-0.028201	0.012874	-0.047936	0.058262	-0.016810	0.014067	-0.126604	0.054649	-0.022784	-0.049975	0.023510	-0.027181	-0.050303	0.065125	0.088854	-0.089369	-0.041051	-0.008422	0.036187	0.058431	-0.016548	-0.093353	-0.002687	0.083491	-0.004874	-0.058520	0.014823	-0.016604
0.568625	0.011599	0.080457	0.150427	0.004907	-0.143666	0.015486	-0.004205	-0.236784	0.059825	0.031864	0.033147	0.177748	0.008801	-0.242455	0.062188	-0.020744	-0.076040	-0.095155	0.030257	-0.115976	-0.157262	-0.124607	0.011520	-0.016486	-0.206435	0.047640	0.121872	-0.146434	-0.074456	0.072356	0.154800	0.017625	-0.012729	-0.241093	-0.051504	0.017554	-0.218613	0.178073	-0.185974	0.150730	0.189787	0.158722	0.080858	-0.037092	0.088290	-0.081542	0.023307	0.040358	-0.009911
0.734469	0.251642	-0.140215	-0.090631	-0.005212	0.071005	0.168628	-0.019763	0.142220	0.077336	0.214333	-0.030995	0.201970	0.204532	0.068911	0.003100	-0.069960	-0.021203	-0.056518	-0.089592	0.021669	0.036176	-0.004682	-0.032127	-0.108219	0.054677	-0.021327	0.050516	0.054156	0.014023	-0.009436	-0.230176	0.070697	-0.049118	-0.114796	0.070941	-0.060614	-0.093150	-0.036021	0.031034	0.065985	0.055949	0.027957	-0.030872	0.089083	0.054939	-0.077327	0.024785	-0.058932	0.105805
0.792355	-0.180330	-0.253398	0.021677	0.168850	0.176754	0.044738	0.080113	-0.074359	-0.007221	-0.033090	0.031907	0.039293	-0.057913	-0.094846	-0.005156	0.018094	0.133551	-0.098108	0.038733	-0.095967	0.052382	-0.027089	-0.025030	0.054788	-0.079529	-0.046052	-0.004862	-0.023135	-0.027803	0.037410	-0.013955	-0.005060	-0.156694	-0.020641	0.030751	0.079348	-0.057700	0.055742	0.075222	0.058919	-0.117916	-0.119688	0.096393	0.035695	0.001013	-0.091736	-0.148460	-0.033929	-0.099979
0.751463	-0.233331	-0.214309	0.047496	0.308969	0.174079	-0.176915	0.070655	0.064113	0.070397	0.032318	-0.028243	0.008000	0.074398	0.114765	0.087115	-0.070726	0.107245	-0.057562	-0.000001	-0.028745	0.101497	-0.119380	0.027605	0.006822	0.090229	0.010512	-0.069873	-0.060870	0.009904	0.026369	-0.025453	-0.002562	0.040807	0.051472	0.096529	-0.052133	-0.012449	0.024649	-0.106992	-0.043541	0.152901	-0.043810	-0.006641	-0.004128	0.005941	0.065563	0.068925	-0.050794	-0.039753
0.595214	-0.088140	-0.084746	0.284429	0.096164	0.053298	-0.067012	0.306475	-0.159200	0.056699	0.005106	-0.015136	0.111202	-0.164393	0.011266	0.045929	0.005451	-0.106157	-0.001510	0.313901	0.020807	-0.051443	-0.162698	0.061286	0.034833	-0.077490	0.027115	0.061125	-0.071866	-0.087873	-0.106151	0.045842	0.066099	0.174364	-0.177069	-0.066570	-0.137928	-0.082592	0.034455	0.181260	-0.158582	0.048216	-0.044079	-0.096889	0.081737	-0.038074	0.039884	-0.060497	0.045536	-0.055967
0.539681	-0.024020	-0.021338	-0.329617	-0.064014	0.366413	-0.209350	0.053523	-0.010335	0.018256	0.016169	0.147879	-0.112522	-0.021669	-0.113389	0.003006	-0.052691	-0.199874	-0.064070	-0.055240	-0.108138	0.032068	0.051667	-0.064766	0.064769	-0.019550	-0.072320	-0.280880	-0.034448	0.092703	-0.062003	-0.021018	-0.067554	0.178387	0.161796	0.024862	-0.050317	-0.091245	0.097709	0.081996	-0.105498	0.151775	-0.033912	0.189222	-0.025450	0.042868	-0.048269	0.105501	0.104835	0.069618
0.607118	-0.056566	-0.132794	0.238230	0.248391	0.223560	-0.041435	0.043176	0.050090	-0.075273	0.040172	0.146737	-0.029559	0.002400	0.083237	0.096598	-0.067526	0.164536	-0.029956	0.029247	0.114792	-0.048515	-0.062332	-0.045383	-0.114867	-0.213189	-0.029631	0.227269	-0.060918	-0.036764	-0.045347	0.056122	0.121494	0.162540	-0.076440	-0.216893	-0.005478	0.097929	-0.220758	0.019319	0.032244	0.140986	0.044050	0.029971	0.071917	-0.129825	-0.022209	0.030030	-0.023958	0.115131
0.728215	-0.168496	-0.319896	0.172402	0.298446	0.258209	0.021827	0.206524	-0.013880	0.071017	-0.036055	0.033858	0.012393	0.023188	0.058714	-0.021871	-0.052509	-0.000375	-0.000067	0.100196	0.040434	0.020159	0.007599	0.032859	-0.029234	0.011928	0.052553	-0.025762	-0.009823	-0.018374	-0.037067	-0.002045	0.027639	0.008506	-0.040883	0.004537	-0.094613	0.049696	0.040311	-0.001628	-0.035981	-0.065171	-0.005103	-0.054970	0.033186	0.120560	-0.109805	-0.038964	-0.057207	-0.138656
0.780999	-0.047378	-0.186112	0.291745	0.125935	0.144127	0.025199	0.128875	-0.037051	-0.047380	0.147860	-0.052095	0.000956	0.053939	0.024659	0.079157	0.067064	-0.011145	-0.046057	-0.103047	0.075097	-0.128155	-0.050978	-0.055831	0.034815	0.070954	0.003336	-0.126919	0.045335	-0.079717	-0.068070	0.022144	0.162226	0.089193	0.065460	0.050318	-0.066595	0.026069	0.073882	0.028667	0.033775	-0.099015	-0.016461	-0.004340	0.086592	0.019455	-0.025538	-0.149479	-0.014178	0.018856
0.720166	-0.185851	-0.199610	-0.164820	0.229336	0.301253	-0.157737	0.075558	-0.007411	0.086515	0.027075	0.103520	-0.022833	-0.094702	-0.050386	0.046559	-0.030247	-0.097179	-0.039553	-0.069437	-0.120565	0.097729	-0.000547	-0.060039	-0.091769	0.175998	-0.018145	-0.119496	0.134209	0.040242	-0.038938	-0.016856	0.114511	-0.080785	0.078565	0.009984	0.000031	0.083422	0.009761	0.042207	0.069192	0.006205	0.032826	-0.074993	0.015541	0.031305	0.064601	0.006388	0.033003	-0.003622
0.795717	-0.068595	-0.116560	0.199699	0.062015	0.132094	-0.146742	0.067549	0.006500	-0.023122	0.070220	0.088649	-0.051016	0.181436	-0.019397	0.040207	-0.065460	-0.047662	-0.107018	-0.148993	0.098908	-0.075044	0.048334	0.057777	-0.088327	0.002235	0.049983	-0.038091	0.004939	0.017184	-0.040668	0.057440	0.002437	0.083301	0.013807	0.062304	-0.006438	-0.080866	-0.085030	-0.039145	0.062379	0.112881	-0.054826	0.098629	-0.005166	-0.072123	0.028578	0.092430	0.012191	0.248195
0.781631	-0.027798	-0.201225	0.329740	0.213043	0.086164	0.012251	-0.069003	0.088366	-0.074252	-0.095508	-0.052728	0.008563	0.088523	0.172104	0.072219	-0.006899	-0.010556	-0.024709	-0.017183	-0.123387	0.005241	0.126431	-0.054471	0.009396	0.020241	-0.109803	-0.048168	0.045125	-0.056322	-0.013967	-0.070977	-0.073134	0.050816	-0.059144	-0.022205	-0.061712	-0.060036	0.059249	0.027080	-0.023493	-0.026547	0.069638	0.084009	-0.079526	0.022348	0.012244	0.045475	0.031869	-0.077359
0.714522	-0.107406	-0.237476	-0.125901	0.345714	0.240106	-0.019320	0.063387	-0.001908	0.045876	-0.024153	0.045785	0.010271	0.080060	-0.069868	-0.078124	-0.060141	0.033577	0.091779	-0.011119	0.102493	0.042269	-0.028236	0.199160	0.006228	0.037044	0.013130	0.065806	0.067793	0.094105	0.033263	-0.084952	-0.121261	-0.008189	0.015130	0.027004	0.073185	-0.054244	-0.172556	-0.125804	0.042221	-0.030575	0.030197	-0.101432	-0.052805	-0.016061	-0.080036	0.022765	0.027737	0.117504
0.724192	-0.105390	-0.308598	0.193932	0.372489	0.268149	-0.022902	0.026504	0.001098	0.055745	-0.052407	0.042992	-0.050983	0.103232	0.009845	-0.022541	-0.003623	-0.061440	-0.013076	-0.071005	-0.001235	-0.090044	-0.023610	0.065637	0.025387	0.113430	-0.003553	-0.024867	0.054171	-0.038174	0.019343	-0.075238	0.038262	0.012187	-0.112691	-0.058211	-0.064755	-0.028511	0.000322	-0.056044	0.059211	0.039277	0.108776	-0.045171	-0.027611	0.031260	0.041365	-0.013388	0.005141	0.056431
0.686157	-0.079291	-0.275018	0.099887	0.346503	0.270130	-0.139863	0.102339	0.160547	0.055163	-0.050919	0.064925	-0.044604	0.116865	0.025171	-0.048183	-0.090720	-0.113300	-0.063084	-0.009241	0.049082	-0.006919	0.013255	-0.077991	-0.057464	-0.052337	-0.043405	0.006835	0.139396	-0.024347	0.000301	0.019569	0.033704	0.142031	-0.008462	-0.108880	-0.087755	0.016438	-0.062526	-0.005485	-0.038646	-0.070756	0.105081	-0.134908	0.051677	-0.063659	-0.002894	0.030098	0.068002	0.067938
0.761981	-0.099850	-0.173969	0.462776	0.052691	-0.014272	0.056042	0.079224	-0.077797	0.006201	0.044669	-0.066879	-0.065301	-0.094682	0.000599	-0.053829	-0.031477	-0.005005	-0.025182	-0.025788	-0.052085	-0.138757	-0.025814	-0.071448	0.003221	0.029919	-0.064367	-0.151558	0.019565	-0.083725	-0.094972	-0.043177	0.000946	0.061078	0.035329	-0.044248	-0.044176	0.051683	0.011389	0.021955	0.036586	0.060468	-0.007956	-0.022100	-0.059681	0.103906	0.002510	-0.079221	0.000176	0.095908
0.797198	-0.088789	-0.124249	0.380860	0.038509	-0.062420	0.066240	0.211612	-0.039135	-0.070540	-0.038975	-0.062923	0.023111	0.022577	0.011354	0.008324	-0.085050	0.084461	0.080357	-0.088240	0.037688	-0.036875	0.004923	0.041097	-0.037103	0.046442	0.015287	0.008214	0.072661	0.025209	-0.015096	-0.081895	-0.020598	-0.014683	-0.117877	-0.126660	-0.055718	0.024027	-0.027022	0.153855	0.054962	0.054323	-0.019847	0.016451	-0.039762	-0.025770	-0.083508	-0.055389	0.030863	0.000809
0.702785	-0.172205	-0.336319	0.215299	0.302134	0.183253	0.059992	-0.007016	0.014793	0.054686	-0.016658	-0.000647	-0.035416	0.028212	0.033164	-0.079844	0.074838	-0.028963	0.005096	0.068699	-0.074562	-0.046740	0.059113	0.018650	0.129282	0.063037	0.019124	-0.085112	0.047321	0.051813	-0.044340	0.031940	-0.019661	0.104670	-0.058708	-0.118819	-0.048297	0.014858	-0.015991	0.017382	-0.171531	-0.125898	0.058861	-0.038363	0.131726	0.012620	-0.049030	-0.063141	0.101667	0.001696
0.740498	-0.131806	-0.298274	0.213768	0.316901	0.183026	0.036531	-0.102125	0.070831	0.026014	-0.056580	-0.063616	-0.057584	0.068669	0.077398	-0.009207	-0.002635	-0.034342	0.035740	0.072487	0.001221	0.045794	-0.017422	-0.003384	0.025197	0.184813	0.033159	-0.042841	0.061545	0.076045	-0.018476	-0.000892	-0.087018	0.019740	-0.065710	-0.044262	-0.033487	-0.081112	0.021312	-0.072720	-0.090467	-0.134968	-0.061774	0.055777	-0.014147	-0.023226	0.012638	-0.027680	-0.057873	-0.055626
0.372519	-0.204232	-0.008060	-0.071115	0.090992	-0.049643	-0.259757	-0.081565	0.061186	0.057180	0.297598	-0.112324	-0.029864	-0.089082	-0.227901	-0.008130	-0.035694	-0.217425	0.323565	0.109622	0.008158	-0.265463	-0.025852	-0.196114	-0.099440	0.008704	-0.058420	-0.100471	-0.044067	0.197142	0.219260	-0.060406	0.065096	0.014406	-0.050555	-0.130705	-0.028597	0.080405	-0.192903	0.142438	-0.057335	0.151394	0.002555	0.198152	0.030641	0.052104	-0.033003	0.080417	0.028288	-0.056707
0.749756	0.006435	-0.205481	0.161629	0.165029	0.185852	0.008968	0.060131	-0.033811	-0.044382	0.096033	0.069162	-0.147470	0.118909	-0.088817	-0.093692	0.064902	-0.029351	-0.046136	-0.103352	0.032022	-0.129288	-0.126470	-0.000434	-0.055011	-0.026291	-0.095997	-0.006443	-0.120980	0.020259	-0.070129	-0.098651	-0.039827	0.156865	0.178717	-0.037874	-0.052123	0.074483	-0.069777	0.024352	-0.089276	-0.084439	0.099829	-0.120581	0.022497	-0.036923	0.064651	0.093255	-0.009150	0.110975
0.723218	-0.220706	-0.114763	0.027790	0.263830	0.098952	-0.248118	0.075884	0.003931	0.012707	0.058048	-0.036265	-0.050455	0.001633	0.142151	-0.073001	0.010912	-0.125182	0.194769	0.008807	0.073013	-0.095226	-0.035521	0.128002	0.055773	0.019991	-0.123509	0.053849	0.045292	0.046062	0.014983	0.033278	-0.114815	0.188819	-0.042675	-0.079319	-0.041256	-0.009033	-0.015923	-0.127527	-0.066639	0.025519	0.088716	-0.136351	0.066910	-0.018968	-0.019953	-0.009488	0.097037	-0.008803
0.630483	-0.017112	-0.192634	0.062330	0.165586	0.204712	-0.147900	0.135876	0.055432	0.044334	-0.158211	0.200827	0.084492	-0.102364	0.103084	0.003985	-0.135141	-0.058121	-0.022573	-0.111636	0.107539	0.108996	0.197161	-0.108344	-0.116063	-0.030904	0.062457	-0.044836	0.159036	-0.035247	0.059121	-0.179410	0.004363	-0.086202	-0.041163	-0.117153	-0.032991	-0.193913	0.123324	0.008027	0.042538	-0.084470	-0.058464	-0.019853	-0.081634	-0.231879	-0.006918	0.101947	-0.006975	0.033888
0.622088	-0.030199	-0.159251	0.142600	0.113157	0.004625	-0.194354	-0.100484	0.229648	0.063309	-0.036869	-0.003752	0.102155	-0.083647	-0.017894	0.173622	0.046718	-0.324421	0.035307	-0.055958	-0.084495	0.019121	0.080165	-0.120952	0.051025	0.014250	-0.163601	0.044162	0.102585	-0.057412	-0.048636	-0.118368	-0.129456	0.014852	-0.100581	-0.228838	0.058773	-0.094911	-0.038191	0.003945	-0.077134	-0.204214	0.026905	-0.156388	-0.093487	-0.092174	-0.102608	0.003319	0.040284	0.044331
0.754104	-0.141621	-0.255033	-0.052170	0.222967	0.223687	0.032695	0.001553	0.037286	-0.047193	0.047410	0.094528	-0.053071	0.008889	-0.089163	-0.089545	-0.038641	-0.087609	0.163737	-0.011957	0.080326	-0.117972	0.145468	0.031422	0.018798	-0.012732	-0.092371	-0.057936	0.034628	-0.141445	-0.049362	0.033647	-0.049622	0.114132	-0.027455	0.008953	-0.050661	0.001249	-0.041572	0.022437	-0.107947	-0.128142	0.015450	0.027133	0.046452	0.081936	-0.086230	0.122968	0.025154	0.104751
0.627085	-0.223902	-0.297525	-0.060746	0.360153	0.219362	-0.081948	0.061994	0.102374	0.136436	0.044354	0.061677	0.067855	-0.040902	-0.063503	-0.086782	-0.146380	-0.035201	0.048226	0.017588	0.168991	0.048310	-0.016936	-0.127023	-0.107830	0.057589	-0.102850	0.070938	0.086231	-0.065347	0.072721	-0.081363	0.017119	-0.131848	-0.040115	0.011681	0.154229	-0.095248	-0.089371	-0.063317	0.019671	-0.096877	-0.062915	-0.057730	-0.089289	-0.008797	-0.029474	-0.059516	0.022700	0.047165
0.611081	-0.148958	-0.212779	0.180136	0.365018	0.257230	-0.039429	0.108834	0.022135	0.083615	0.007785	-0.008581	0.065224	0.018056	0.026527	0.031344	-0.086537	0.080813	-0.068662	-0.052853	0.076531	-0.036224	-0.093546	-0.081787	-0.151144	-0.074873	0.105914	0.060356	0.001063	0.054502	-0.063253	0.130220	0.212391	-0.011107	0.170226	-0.061221	0.053008	0.022675	0.117452	-0.001018	0.015076	0.016688	-0.093779	0.007524	0.107644	-0.045744	0.003873	-0.191631	-0.122038	-0.137321
0.624616	-0.112718	-0.152151	0.165199	0.218043	0.140358	-0.095374	0.120083	0.072284	0.056099	-0.045929	0.022591	0.019461	0.177772	-0.060847	0.124252	-0.142399	0.172880	-0.000345	-0.119464	0.031371	0.127207	0.095215	0.092378	-0.133834	0.194588	0.040617	0.074816	0.045537	-0.028176	0.044232	0.003976	-0.163158	-0.006900	-0.094741	-0.227885	0.056452	0.055768	-0.197699	0.060458	0.134283	0.086866	-0.067119	-0.141619	-0.060614	0.166254	-0.045819	-0.059258	0.032528	-0.045119
0.542142	-0.127516	-0.275640	0.177862	0.262079	0.336631	-0.042104	0.151636	-0.016781	0.033994	0.071589	0.169628	0.011176	0.012153	-0.054698	0.042628	-0.069765	0.083939	-0.050096	0.121915	0.067608	-0.015051	-0.142678	-0.023399	-0.001556	-0.025573	0.116539	0.023967	-0.069648	-0.173349	-0.136644	0.195763	0.054226	0.209251	0.018671	-0.157593	-0.024507	-0.165548	-0.177519	0.084272	-0.127793	0.018886	-0.006476	-0.100908	0.040664	-0.003701	-0.051428	0.029129	-0.028405	-0.043737
0.543879	-0.078882	-0.172250	0.262311	0.179386	0.197348	-0.002135	0.070972	-0.077587	0.050743	0.052486	-0.014737	-0.014729	-0.011825	-0.122253	0.012180	-0.008144	-0.020036	0.008792	0.163737	0.026378	-0.131194	-0.196760	0.011493	-0.027237	0.051451	0.032516	0.040896	-0.031431	-0.196890	-0.136312	0.203343	0.082190	0.237072	-0.134404	-0.241835	-0.046101	-0.088639	-0.172678	0.095282	-0.166885	-0.024864	-0.177838	-0.116202	0.105694	-0.099527	-0.029843	-0.032430	0.107437	-0.099274
0.734275	-0.108271	-0.076325	0.016890	0.131624	0.261201	-0.227077	0.094677	0.028695	0.023132	0.081341	0.098024	-0.082149	0.054975	-0.128431	0.083938	0.014547	0.039830	-0.014259	-0.058869	-0.172587	0.009278	-0.040722	-0.040010	-0.049522	0.010986	0.036272	0.148158	0.097901	0.008366	-0.011473	0.076957	-0.170424	0.087340	-0.105726	-0.050802	-0.062315	0.051979	0.028991	-0.001356	0.034025	0.019187	0.198169	-0.094436	0.057989	0.025998	0.004892	-0.096689	0.012279	-0.211543
0.571374	-0.181922	-0.333948	0.034398	0.369461	0.275373	-0.096321	0.259182	-0.019874	0.080963	-0.018746	0.157002	0.028645	-0.064438	-0.037513	0.009654	-0.029974	0.013793	-0.116355	-0.003472	0.099933	-0.106087	-0.065999	0.055716	0.088164	0.026054	-0.040117	0.006342	-0.014726	-0.091372	-0.005314	-0.000122	0.091254	0.102262	-0.160518	-0.074760	-0.040026	0.061574	-0.153821	0.001333	-0.025326	0.015257	0.030632	-0.020176	0.116379	0.055406	-0.071545	-0.019886	0.089101	0.164329
0.678793	-0.201469	-0.094441	-0.109125	0.197830	0.186349	-0.224635	-0.025226	0.109816	0.087115	0.000638	-0.058006	-0.022283	-0.052445	-0.096317	0.176298	-0.027846	0.013833	-0.209301	-0.111524	-0.214556	0.007486	-0.058815	-0.058051	-0.064463	0.118263	-0.099692	-0.061252	0.111558	0.081726	-0.002140	-0.061436	0.003166	-0.045382	0.073822	0.033167	0.133497	0.034363	-0.084725	-0.129624	0.079116	-0.034472	-0.028841	-0.171166	-0.025466	-0.048664	0.001485	0.043957	-0.008733	0.164840
0.698486	-0.088592	-0.211421	0.135366	0.162549	0.123461	-0.147151	0.227424	-0.054832	0.119044	-0.086076	0.105390	0.154188	-0.127113	0.163187	-0.073018	-0.001706	-0.226425	0.155448	0.181299	0.013527	0.054527	-0.070331	0.106786	-0.015435	-0.038419	-0.046394	-0.060379	0.016711	-0.058645	0.072801	-0.060318	-0.035758	0.107028	0.013716	0.036101	-0.061566	0.021541	0.043085	0.003840	0.132100	-0.063259	0.100906	-0.005773	-0.039851	0.106035	0.036673	-0.055582	0.033568	0.015116
0.722664	-0.039991	-0.255419	0.150481	0.292330	0.223362	-0.026217	-0.043336	0.179347	0.009996	-0.040900	-0.034630	0.098254	0.129028	-0.008908	0.120837	0.117436	-0.088808	0.077609	-0.051764	-0.041604	-0.043201	0.016200	0.022493	0.034473	0.039822	0.002535	0.087849	0.109733	-0.121548	-0.136895	-0.126552	0.010555	-0.108992	0.072205	-0.087138	-0.043521	0.045468	-0.020848	0.078128	0.005673	0.010052	0.037523	-0.021140	0.099022	-0.056845	-0.051994	0.032772	-0.097053	-0.062508
0.709136	-0.097453	-0.335861	0.218984	0.234986	0.218820	0.166950	0.071435	0.034344	-0.002965	-0.089051	-0.052701	0.115938	0.003518	-0.089720	-0.021415	-0.023115	0.071671	0.120506	-0.013758	-0.016175	-0.092795	0.071456	0.057629	0.018801	0.045114	0.118865	-0.059610	0.011478	-0.025147	-0.003955	-0.047399	0.018968	0.004908	-0.001843	-0.225899	0.054444	-0.049657	0.023743	-0.035458	-0.019054	-0.044880	0.028980	0.052274	0.082316	-0.031854	-0.074413	-0.126062	-0.007846	0.047542
0.625879	-0.150113	-0.045618	-0.048118	0.201888	0.280460	-0.286225	0.263870	0.015075	0.012556	0.043340	0.066493	-0.076528	0.128364	-0.106796	0.136416	-0.006487	0.201337	-0.081300	-0.086230	-0.113652	-0.075878	-0.070382	0.012769	-0.073079	-0.076946	-0.132001	0.068674	-0.045076	-0.019403	0.044855	-0.039858	-0.109202	0.094410	0.068650	0.110681	0.036103	-0.058584	0.174286	-0.112784	0.019800	0.155614	0.050001	-0.041120	0.009901	0.058047	0.095515	-0.060661	0.013191	-0.051405
0.738665	-0.070082	-0.232791	0.252832	0.249546	0.258103	-0.071009	-0.074982	0.011291	-0.030757	-0.008544	-0.016317	-0.149830	0.107385	0.025965	-0.038937	0.046743	-0.052158	0.067446	0.045838	0.025935	-0.081007	0.092841	0.042814	0.016247	0.022320	0.155898	-0.063758	0.037654	0.041468	-0.078632	0.067227	-0.102672	0.092063	-0.090614	-0.076823	-0.086179	-0.039645	-0.017735	-0.078349	-0.056275	-0.066140	0.023529	-0.081553	0.092766	-0.087618	0.000096	0.008737	0.030349	0.037246
0.557805	-0.124503	-0.264422	0.272076	0.295008	0.234479	-0.021423	0.039585	-0.044949	0.038289	0.003168	-0.038599	-0.059762	0.128990	-0.018883	-0.086085	-0.066915	0.076866	-0.021111	0.186305	0.148616	-0.064380	-0.072839	0.040921	0.005328	0.130161	0.123143	0.036529	-0.001295	-0.121002	-0.089980	0.150789	0.016782	0.216459	-0.128032	-0.124219	-0.026861	-0.059657	-0.188625	-0.014182	-0.202005	-0.082073	-0.125701	-0.054502	0.034539	-0.070572	-0.006002	-0.052772	0.019584	0.000161
0.591916	-0.108811	-0.306161	0.218602	0.257768	0.156505	0.027398	0.145666	-0.096217	0.105962	-0.074891	-0.040216	0.071926	-0.138698	0.009933	-0.078905	0.014668	-0.048800	-0.039958	0.167688	-0.003076	0.044991	-0.021290	0.027125	0.079821	0.068397	0.169566	-0.011999	-0.080700	-0.155452	-0.090514	0.152178	0.085668	0.085697	-0.196457	-0.163782	0.046278	0.033079	0.003170	0.237480	-0.089669	-0.087171	-0.085410	0.050087	0.027754	0.065405	-0.042633	-0.006099	-0.044600	-0.115454
0.717561	-0.091498	-0.203433	0.199691	0.171814	0.075450	-0.130322	-0.104037	0.106970	0.072627	0.062560	0.022271	-0.058123	0.024274	-0.075563	0.042387	-0.036958	0.101644	-0.142719	-0.074755	-0.032959	0.070263	0.022800	-0.110543	0.071726	-0.065371	0.182090	0.101748	0.105591	-0.047235	-0.025399	0.031067	0.063965	0.090834	-0.257992	-0.038408	-0.070858	0.068936	0.122624	-0.006551	-0.005126	-0.084727	0.111987	0.133511	-0.060608	0.119374	0.043764	-0.050205	-0.092432	-0.042568
0.523562	-0.171882	-0.162621	-0.022933	0.314922	0.340353	-0.253500	0.184233	-0.038682	0.030521	0.119485	0.190786	-0.070181	-0.064764	-0.134288	-0.026961	-0.031154	0.096113	0.020366	-0.092569	0.188624	-0.087686	-0.013642	-0.051727	-0.035613	0.031868	-0.128286	-0.008129	-0.166216	0.012565	0.038002	0.077912	-0.107012	0.131115	0.079941	0.084444	0.017741	0.101191	-0.084640	-0.120441	0.145948	-0.000269	0.158212	-0.101475	0.030719	0.084342	-0.013173	0.116215	-0.038650	0.038548
0.702695	-0.098094	-0.178383	0.108660	0.171829	0.184995	-0.333930	-0.030436	0.095714	-0.039849	0.064043	0.117789	-0.038265	-0.058524	0.044439	0.053695	0.163874	0.099880	-0.040528	-0.028664	-0.049799	0.094779	-0.014719	-0.096697	0.092816	-0.114499	0.043973	-0.063757	-0.099642	0.023157	-0.043624	-0.091638	-0.046765	0.088621	0.024525	0.015005	-0.129732	0.036052	0.098150	-0.023493	0.005024	0.180060	0.031593	-0.050453	-0.114659	-0.080538	0.043469	-0.038132	-0.159959	0.075915
0.653694	-0.089508	-0.210095	0.232436	0.229524	0.306075	-0.020841	0.176272	-0.066209	0.012229	0.058810	0.097436	-0.044995	-0.070103	-0.088196	0.012127	-0.061104	-0.120649	0.047788	0.004107	0.046219	-0.145864	-0.068753	0.099000	0.044142	-0.017944	-0.104534	-0.035906	0.017521	0.035340	-0.042089	0.066134	0.071968	0.176491	0.000112	-0.059936	-0.097914	0.067866	-0.000494	0.078397	-0.229611	-0.041733	0.047537	-0.062717	0.062656	0.093138	-0.102843	0.007468	0.176592	0.015270
0.626328	-0.161434	-0.220959	0.058132	0.350932	0.290646	-0.112871	0.244555	0.005516	0.060509	-0.021452	0.091504	-0.011657	0.100407	0.005672	0.037943	-0.054777	0.167812	0.009801	0.001096	-0.037905	0.029461	-0.058060	0.051850	0.056788	0.073112	-0.076918	-0.055082	-0.094308	0.032228	0.095856	0.100654	-0.142465	0.185318	0.047826	-0.014672	0.076832	0.045064	0.134607	-0.052952	0.062024	0.179401	0.082701	0.002794	0.005482	0.036122	0.005969	-0.082951	0.039177	0.001124
0.694073	-0.088155	-0.077115	-0.038394	0.271397	0.387617	-0.089082	0.015558	-0.054560	-0.002393	-0.049020	-0.031197	-0.047050	0.049990	0.000720	-0.001613	-0.191800	-0.008025	0.103705	0.050185	0.127468	-0.020087	-0.019097	0.082271	-0.056757	-0.036562	0.132717	-0.137100	0.034004	0.055307	-0.069811	0.180762	0.009856	0.043289	-0.018483	0.049166	-0.003889	-0.088784	0.101848	-0.124408	-0.050346	-0.023959	-0.011983	0.127297	0.064433	0.053563	0.068182	-0.147475	-0.051968	0.096020
0.646925	-0.216569	-0.177351	0.001814	0.289434	0.234330	-0.159596	0.164131	-0.019061	0.092158	-0.003646	0.015437	-0.055034	0.136102	0.010326	-0.036084	-0.275367	0.134113	-0.070174	0.019753	0.107412	0.120212	-0.035215	0.040964	-0.033660	0.077655	-0.066701	-0.062750	0.034975	0.024617	0.031829	0.071374	-0.071320	-0.051503	0.135733	0.150683	0.077776	-0.035231	0.097093	-0.070371	0.050885	0.159043	-0.068769	0.075613	-0.115513	0.048561	-0.032149	0.048241	0.020853	-0.009005
0.693356	-0.075958	-0.311848	0.086329	0.330364	0.230406	0.023350	-0.029563	0.050638	0.017258	-0.181858	0.079043	0.100014	0.057659	0.067309	0.042186	-0.011736	-0.121674	-0.000577	-0.004892	0.014293	-0.120987	0.156142	-0.058439	-0.017852	-0.009566	0.054389	-0.026634	0.096615	-0.024752	0.015480	-0.051237	0.135796	-0.170598	-0.020885	-0.113090	0.074565	-0.025353	0.064859	0.021195	-0.110738	-0.058600	-0.023821	0.063248	0.056729	-0.110577	-0.033247	-0.008252	-0.006573	0.016450
0.633751	-0.203605	-0.181302	0.229935	0.003099	-0.120535	0.058755	0.334472	-0.075768	0.022690	0.157343	-0.005836	0.119866	-0.160385	-0.046544	-0.033059	0.089951	-0.137260	0.039632	0.156498	-0.097823	-0.148918	0.017903	-0.120465	-0.052523	-0.014105	-0.102177	-0.071664	-0.121385	-0.183098	0.027810	0.020364	-0.037552	0.116530	0.144774	0.029804	-0.124736	0.111264	0.066895	-0.042287	-0.007744	0.052265	0.054812	-0.066993	-0.010860	-0.067025	0.096454	0.056299	0.002872	0.030618
0.727830	-0.072683	-0.069105	0.158222	-0.017615	-0.009286	-0.067468	-0.082790	-0.012825	-0.073245	-0.025425	-0.148311	-0.055204	0.267290	0.053815	0.175442	0.125924	0.064019	-0.105835	0.011240	-0.178785	-0.046818	0.077514	0.110650	-0.107053	0.172950	0.106544	-0.060390	-0.006696	-0.000850	-0.096986	0.062488	0.003637	-0.014867	-0.054455	-0.001375	0.010881	0.018777	-0.094115	-0.143511	-0.027813	-0.046121	-0.088478	0.030320	0.026958	0.289474	0.005269	0.056850	0.027388	-0.017509
0.631357	-0.035402	-0.108296	0.082051	0.191236	0.263984	-0.272753	0.055630	0.044632	-0.017146	-0.044522	0.101772	-0.117322	0.128731	0.100499	0.094745	0.068948	0.044005	-0.076277	-0.167464	-0.005447	-0.058421	-0.013203	0.128408	-0.009963	0.019340	0.147421	0.087623	-0.032393	-0.043734	-0.155277	-0.089106	-0.033641	-0.001745	-0.113626	0.002854	-0.216381	0.089317	0.116685	-0.028673	-0.141889	0.196057	-0.128856	0.005897	0.189903	0.059354	-0.051685	0.047838	-0.032443	-0.065079
0.568460	-0.202194	-0.250219	0.071255	0.368108	0.171307	-0.195796	0.061427	0.082657	0.103771	0.017193	0.055152	-0.010449	0.028077	0.098719	0.073478	-0.136249	0.270269	-0.184824	-0.071060	0.094317	0.136137	-0.029022	-0.014419	0.027413	-0.047567	0.044426	0.027698	-0.029600	-0.024789	0.101052	-0.036212	0.009683	-0.069525	-0.076057	-0.057057	0.003904	0.028116	0.085267	-0.001181	0.129134	0.044422	-0.174828	0.181284	0.033376	0.029470	0.029635	-0.099957	-0.132220	0.108724
0.581858	-0.161777	-0.345442	-0.030697	0.374240	0.377977	0.002702	-0.023339	0.054250	0.049630	0.074545	0.141322	-0.035002	-0.028780	-0.107629	-0.013710	0.015295	0.063179	-0.011030	0.057918	-0.015120	-0.055048	0.002524	0.000377	0.107975	-0.090710	0.008576	-0.011286	-0.054040	0.070497	0.037725	-0.004744	0.049331	-0.066439	-0.100372	-0.013373	0.052797	-0.048528	0.097840	0.074916	-0.163215	-0.120661	0.042620	0.204781	0.108232	0.093274	-0.043228	0.037721	-0.016852	0.001772
0.554317	-0.144976	-0.135924	-0.008300	0.211908	0.165181	-0.295844	0.296453	0.028167	0.063645	-0.062391	0.152240	-0.042377	-0.018101	0.102755	0.013651	0.002717	0.191757	-0.061278	-0.148730	0.043773	0.006095	0.082068	0.203544	0.016197	-0.048478	0.064098	0.134695	-0.091402	0.107720	0.136934	0.091082	0.005718	-0.130798	-0.141086	-0.102546	-0.030601	0.021187	0.158332	-0.065203	0.025007	0.116151	-0.005395	0.001167	0.048878	0.235652	-0.113659	0.067623	0.071617	-0.056512
0.652210	-0.180736	-0.143443	-0.049519	0.102369	0.016634	-0.091481	-0.010842	0.096069	0.052872	0.020788	0.043802	-0.056526	0.077765	0.017518	-0.036867	-0.152633	0.318805	0.014424	-0.045746	0.000463	0.136146	0.201476	0.006658	0.131981	-0.129776	0.033907	0.034895	0.003718	-0.064706	0.106147	-0.045765	-0.060398	0.275911	-0.074468	-0.245224	0.179132	0.059445	-0.073621	0.055631	0.090855	0.096406	0.088328	-0.030411	0.002050	0.049742	0.067678	-0.032309	0.002053	0.099146
0.731362	-0.182914	-0.155306	0.321178	0.110405	0.026169	-0.097455	0.136746	-0.064102	0.050766	0.046551	-0.039649	-0.001619	-0.061609	0.007777	-0.145506	0.046179	-0.074128	-0.065398	0.031417	0.058694	-0.078679	0.083023	-0.058220	-0.137888	-0.079962	-0.057474	0.019816	0.069744	0.029501	-0.055043	0.064076	-0.028072	0.045543	0.017453	0.039299	-0.165946	0.024294	0.039391	-0.052193	0.026188	0.146981	0.201728	-0.060238	-0.119440	-0.022026	-0.036562	0.102132	0.127679	0.080748
0.552654	-0.107627	-0.149471	-0.089381	0.183997	0.280887	-0.100149	-0.026444	-0.023023	0.082956	0.016206	0.148732	0.048591	-0.053257	-0.109869	0.105118	0.150363	0.146437	-0.056028	-0.125873	-0.208412	0.088637	-0.049744	0.059489	-0.021668	-0.207364	0.066519	0.072167	-0.106362	0.242795	-0.049061	-0.068345	-0.159653	-0.123065	-0.065606	0.033776	-0.080493	-0.017499	0.318183	-0.115485	0.004812	0.068592	0.045101	-0.026045	0.084390	-0.025580	0.055952	-0.034607	-0.140985	0.115829
0.579442	-0.171034	-0.257631	-0.011412	0.272198	0.219144	-0.099328	-0.008347	-0.020658	0.139901	-0.006746	0.042236	0.032701	0.109245	0.086293	-0.194280	-0.159551	-0.042259	0.072612	0.152619	0.138590	0.187816	-0.034014	-0.025879	-0.138625	0.256438	0.039679	-0.035993	0.055824	0.034381	0.086136	0.106385	0.022575	-0.014680	0.005655	-0.076311	0.062326	0.101544	-0.084268	-0.282527	0.036048	-0.027334	-0.008276	-0.033630	-0.108954	-0.013890	0.083242	0.004808	-0.008352	0.058184
0.537406	-0.190245	-0.094099	0.126735	0.145238	0.065747	-0.372825	0.306852	-0.016617	0.123381	0.185545	0.045156	0.011180	-0.116719	0.055962	0.029845	0.111984	-0.096781	0.050009	0.051133	0.060151	-0.040020	-0.164851	-0.032043	-0.175744	-0.025198	0.108133	0.140307	0.002179	0.020854	0.011804	0.019998	-0.118660	-0.052510	0.018210	0.010399	-0.055168	0.226873	0.130629	0.012868	0.086431	0.066417	-0.008197	-0.252652	0.027634	0.087901	0.038067	-0.017783	-0.020747	-0.148199
0.391575	0.014703	-0.061680	0.034383	0.037590	0.081270	-0.047145	-0.056521	-0.101605	0.077104	-0.036078	-0.000726	0.134664	0.126792	-0.132754	0.092630	0.035313	-0.114568	-0.010731	0.152459	-0.237185	0.003264	-0.138946	-0.043208	0.104010	0.006377	0.089149	0.224380	0.032161	-0.113488	-0.181689	0.273542	-0.009893	-0.063702	-0.223430	-0.221786	-0.153294	0.057180	0.087258	0.249934	-0.274078	0.145393	-0.085568	0.015841	0.110925	-0.142568	0.066412	-0.092034	0.271151	-0.144883
0.410944	-0.175979	-0.156829	0.036811	0.283543	0.323236	-0.264776	-0.060238	0.086084	0.122091	0.244435	0.177263	-0.091351	-0.063208	-0.084939	-0.000613	0.003052	0.156472	0.016769	-0.009049	0.000780	0.174115	-0.109564	-0.151620	-0.140396	-0.199247	-0.003797	0.142744	0.027496	0.163981	0.036033	0.076458	-0.151657	-0.095179	-0.025726	0.055142	-0.106498	0.046908	0.045845	-0.042699	0.150601	0.188166	0.022613	0.036791	-0.013834	-0.208036	0.097147	0.067836	-0.084054	-0.006209
0.526204	-0.168720	-0.208475	0.051202	0.216787	0.284382	-0.071733	0.295772	0.044920	0.068918	0.007268	0.176010	0.046904	0.028273	-0.059536	0.041810	-0.112241	0.232266	-0.095500	0.031312	0.029946	0.076596	-0.054364	-0.015753	-0.147169	-0.061099	-0.020791	0.071956	0.072962	-0.052071	0.135912	0.062220	0.013475	-0.008609	0.048879	-0.311627	-0.132104	0.120744	-0.123364	-0.092095	-0.155674	0.056097	0.026180	-0.095364	0.059727	-0.009584	-0.073160	0.169828	0.056240	0.017721
0.784379	-0.141766	-0.177518	-0.067057	0.156042	0.353815	-0.185783	0.117540	0.044202	0.038614	0.077738	0.156214	-0.001537	0.015693	-0.020013	0.022404	0.006208	0.125603	-0.014035	-0.082517	-0.012498	0.136379	-0.048381	-0.033912	0.018635	-0.101230	0.068266	0.043087	0.032959	0.085147	0.070076	0.069641	-0.005113	-0.000229	0.017379	-0.042613	-0.016191	-0.022206	-0.039653	-0.047610	-0.050851	0.009529	0.011390	0.013852	0.051123	-0.042098	-0.029811	0.011137	-0.001095	-0.017981
0.771743	-0.155774	-0.295599	0.121627	0.315608	0.266910	-0.115680	0.051354	0.032723	0.050280	0.044779	0.093706	-0.059530	0.026596	-0.010245	-0.010322	-0.074606	0.055612	-0.051503	-0.021697	0.076198	0.035712	-0.028487	0.001866	0.050570	-0.110364	-0.004534	-0.030490	-0.054285	0.041175	-0.017642	0.033678	-0.022584	0.019702	0.006491	0.034941	0.027299	-0.009127	0.043043	-0.035277	-0.036112	-0.061727	-0.038182	0.104518	-0.006785	-0.051739	-0.060137	0.018559	0.023210	-0.000049
0.761066	-0.151767	-0.300122	-0.005733	0.306616	0.339944	-0.057732	0.064304	0.047349	0.021561	0.028618	0.142378	-0.027988	0.076419	-0.054195	0.013093	0.031977	-0.038826	-0.021320	-0.044173	0.023715	-0.016701	0.065511	-0.016106	0.017845	-0.076951	0.032042	-0.034059	0.032818	0.021163	-0.064201	-0.015263	0.066388	0.037702	0.014287	-0.055431	-0.016885	-0.009638	0.003492	0.021902	-0.082310	-0.046845	0.051047	-0.012296	0.023204	-0.051729	-0.056944	0.031537	0.008954	0.056553
0.743728	-0.226884	-0.233248	0.051858	0.350297	0.241311	-0.264820	0.033284	0.086884	0.080662	0.110520	0.000249	-0.007299	-0.019542	-0.004333	0.005052	-0.023459	0.027919	0.028476	0.053972	0.078929	0.056243	-0.032214	-0.042845	0.016725	-0.038271	-0.016020	0.026423	-0.048438	-0.100581	0.017325	0.048445	0.017639	0.025039	-0.001557	0.010007	0.011588	-0.004467	-0.111986	-0.008986	0.016025	-0.050980	0.007893	-0.003278	-0.057394	-0.017545	-0.013218	0.016985	-0.012940	-0.057146
0.807447	-0.153410	-0.216353	0.001837	0.313117	0.261894	-0.203421	0.015734	0.115100	0.032004	-0.026074	0.026294	-0.070239	0.018343	-0.010389	0.046969	0.017366	0.134052	-0.036075	-0.047005	0.005612	-0.015757	0.020012	-0.014780	0.025157	-0.048630	0.002900	-0.006634	-0.007952	0.005962	-0.005657	-0.017130	-0.013229	0.039056	-0.047682	-0.001244	0.057531	-0.028789	0.003726	-0.051149	0.010161	-0.004862	-0.001179	0.012146	0.045575	-0.069922	-0.003208	0.038977	-0.017441	0.014895
0.763797	-0.234684	-0.159957	0.002456	0.348851	0.229536	-0.242735	0.089846	0.066029	0.112890	0.024956	0.048890	-0.033344	0.072066	0.000229	-0.000854	-0.036657	0.067773	-0.109182	-0.010616	0.031183	0.053812	-0.041899	-0.059003	-0.017510	-0.006802	-0.009420	0.032026	0.052313	-0.038986	-0.005078	0.013139	-0.054981	0.023385	0.004064	-0.008773	0.023620	-0.016764	-0.101885	-0.059674	-0.009430	0.015866	-0.012698	0.079103	0.014833	-0.057378	-0.024340	0.031742	0.020835	0.066329
0.788827	-0.162833	-0.151189	0.002865	0.315251	0.300149	-0.092711	0.040357	0.022458	0.099880	-0.003374	0.090343	-0.048470	-0.040303	-0.069681	0.051130	0.048945	0.044934	0.013042	0.076218	0.027389	-0.006385	0.073010	-0.003535	0.065320	-0.132716	-0.028339	0.039415	0.032647	0.001936	-0.003840	-0.046661	0.023648	-0.038085	-0.033328	-0.069359	-0.009488	-0.068550	-0.014876	-0.001713	-0.034798	-0.149426	0.044125	0.036885	0.089798	0.008676	-0.027126	-0.035225	0.063602	-0.024490
0.826128	-0.057310	-0.202987	0.359083	0.126402	0.070735	0.041157	-0.006869	-0.003990	-0.046858	-0.018425	-0.020697	-0.095056	-0.075915	-0.043598	-0.015050	-0.033731	0.064689	0.055885	-0.064015	-0.062886	-0.018555	0.098190	0.027551	0.055230	0.043677	-0.034493	-0.064517	0.052052	0.013697	0.008345	-0.034158	-0.094652	0.092012	-0.014013	-0.031266	-0.010653	0.048376	-0.048485	-0.022915	-0.093116	-0.007964	0.124903	0.073473	0.029933	0.013106	-0.008603	-0.049237	0.023091	0.044829
0.874931	-0.052622	-0.234626	0.268482	0.160867	0.080751	-0.077938	0.017472	0.027294	0.003973	-0.049779	0.021525	-0.004856	-0.000461	0.064582	-0.023399	0.065642	-0.115823	-0.065229	0.004160	-0.000486	-0.054479	-0.009667	-0.015342	0.015213	-0.009201	0.031483	-0.004335	-0.051465	0.015956	-0.066745	-0.033845	0.043872	-0.033047	-0.030376	-0.025993	-0.013741	-0.013457	0.013308	-0.058740	0.026014	-0.046476	-0.030391	-0.004393	-0.033279	-0.035299	0.041501	0.034899	-0.046035	0.049445
0.780971	-0.086120	-0.191666	0.374213	0.038748	0.089564	-0.006369	0.197072	-0.018697	0.050477	0.098058	-0.030125	-0.005612	-0.164097	-0.023648	-0.094607	0.052666	-0.006227	-0.117245	0.064710	-0.022040	-0.070890	-0.025619	-0.111771	-0.048525	-0.035781	-0.000130	-0.020175	-0.036056	-0.059598	-0.064663	0.029220	0.092671	-0.001390	0.087951	0.112042	-0.013756	0.064462	0.013993	0.063054	-0.008830	-0.010806	0.010302	-0.022607	0.023256	-0.085443	0.057195	0.016072	-0.040470	0.055276
0.777531	-0.076758	-0.167809	0.473811	0.012438	-0.018665	0.017801	0.169111	-0.100370	-0.012771	0.005551	-0.088624	-0.041677	-0.106865	0.047485	-0.078571	0.073212	0.013602	0.011120	0.032841	-0.061908	0.022625	0.049072	-0.039852	-0.046688	0.020452	0.058501	-0.026131	-0.021266	-0.043812	-0.086204	-0.022061	-0.030565	0.026677	-0.045640	-0.000766	-0.028321	0.115508	-0.039029	0.081870	0.032596	0.025266	-0.027598	0.024016	-0.009105	-0.009071	0.005789	-0.016959	-0.045946	0.062880
0.866368	-0.173329	-0.240873	0.198288	0.193294	0.105973	-0.018194	0.050637	0.005607	0.006235	0.014349	-0.008203	-0.062789	-0.009800	0.038533	0.008581	-0.009389	-0.003230	-0.018096	-0.032510	-0.035620	-0.033186	-0.030235	-0.026485	0.075690	0.023165	-0.007726	0.007157	-0.058312	-0.092246	-0.015562	-0.052105	0.025239	-0.053584	-0.053166	-0.063534	-0.052256	0.064827	-0.024746	0.068164	0.098298	-0.002249	0.018420	0.001906	-0.048860	0.010848	0.019551	-0.037803	-0.003806	0.031298
0.793619	0.015894	-0.154309	0.362951	-0.019721	-0.014524	-0.000274	-0.058247	0.125610	0.046437	-0.004948	-0.114589	0.009792	0.086720	-0.057072	0.048740	0.008630	-0.019956	-0.144063	-0.135734	-0.037634	-0.001897	0.110716	-0.072014	-0.081683	0.091567	-0.030198	0.067097	0.085132	-0.143057	-0.003007	-0.061648	-0.008946	-0.002696	-0.134560	-0.027681	-0.072057	0.002116	-0.059251	0.019611	-0.050698	-0.078173	0.001860	0.034769	-0.012732	0.106612	-0.071809	-0.006530	-0.023927	-0.016974
0.848129	-0.083322	-0.181925	0.334664	0.076385	0.075106	0.038385	0.065402	-0.018177	-0.028972	0.011159	-0.083763	-0.049121	-0.004583	-0.031948	-0.042835	0.034570	0.049830	0.052189	-0.028703	-0.089460	-0.060944	0.024510	0.016347	-0.003919	0.028872	0.006122	0.026848	0.048825	-0.016164	0.013531	0.030281	-0.076195	-0.056365	0.040450	-0.019669	-0.042913	0.094881	-0.070988	0.026346	-0.114182	-0.008697	0.081143	0.045708	0.056711	0.040242	-0.069965	0.103279	0.032380	0.042812
0.829077	-0.095932	-0.209204	0.312220	0.130896	0.089884	0.019646	-0.056595	-0.065031	-0.066738	0.010376	-0.096291	-0.068435	0.098558	-0.040990	0.019307	0.037770	0.054042	-0.034772	0.064117	0.026053	-0.049844	-0.004607	-0.005251	0.026078	0.068748	0.101728	-0.025305	0.015154	-0.118006	-0.030529	-0.002435	-0.044029	-0.097630	-0.065799	0.003590	-0.004688	-0.073521	-0.032792	-0.064076	0.037186	-0.028049	-0.056849	0.040509	-0.029125	-0.047151	-0.026896	-0.079829	-0.090091	0.052463
0.786435	-0.218650	-0.181644	0.142263	0.167293	0.026959	-0.184127	0.218408	0.023594	0.003309	0.088056	-0.036239	-0.015056	0.022707	0.157360	-0.012474	0.051233	-0.047513	-0.038730	0.106608	-0.029713	-0.154724	-0.037158	-0.060771	0.029060	-0.057769	-0.051350	-0.005098	-0.030162	-0.071129	0.026504	0.053289	0.061698	0.131114	0.014350	-0.075273	-0.059041	0.051928	-0.008219	0.056084	0.028911	0.072021	-0.004522	-0.072828	-0.056390	-0.024885	0.079635	-0.104708	0.012960	-0.044502
0.808639	-0.044496	-0.216328	0.218390	0.154090	0.224686	-0.053164	0.116103	0.042302	0.029626	-0.038203	-0.030068	0.048968	0.053653	0.041089	-0.017619	0.018308	0.015926	-0.041953	-0.068036	-0.049002	-0.096599	-0.100215	-0.011261	0.041186	-0.030662	0.006294	0.011124	0.009140	0.027054	0.031338	-0.096394	0.052265	-0.094571	-0.108895	-0.050027	-0.092684	-0.044283	0.119497	0.017933	0.023736	0.001591	0.051072	0.008054	0.014667	-0.070810	0.043917	0.178003	-0.067586	0.078634
0.792570	-0.162100	-0.201044	0.188854	0.179304	0.169743	-0.090247	0.024607	-0.004812	0.022000	0.112136	0.007306	-0.083847	0.036574	-0.027274	-0.005451	0.045781	-0.105349	0.142981	0.018592	-0.038615	-0.014990	-0.038148	-0.051852	0.029186	-0.028846	-0.005813	-0.014455	-0.047336	-0.162470	-0.123110	0.003221	0.013660	0.046626	0.099073	-0.035022	-0.114818	0.070700	-0.064555	0.108217	-0.039031	0.046417	-0.072064	-0.082462	-0.093665	-0.018768	0.058359	-0.092241	-0.024901	0.084353
0.805449	-0.149297	-0.156066	0.035787	0.177658	0.213797	-0.145820	-0.022552	0.041392	0.052994	-0.065985	-0.062247	-0.007943	0.024790	-0.013115	0.073180	0.048830	0.006312	-0.111541	-0.074577	-0.150435	-0.030376	0.038646	-0.092007	0.071684	-0.082454	-0.001026	0.032622	0.004219	0.053086	-0.077772	-0.104486	-0.101324	-0.028984	0.072877	-0.017997	-0.004626	-0.077087	0.080097	-0.050745	0.147699	-0.108389	-0.073737	-0.067860	-0.016933	-0.015138	0.109989	-0.005687	-0.087264	0.054954
0.745900	-0.259590	-0.236758	0.108585	0.277948	0.135091	-0.005976	0.074855	-0.000893	0.015899	0.029520	-0.071103	0.026871	-0.055152	0.040979	-0.015703	-0.046876	-0.010982	0.050719	0.107511	-0.087448	-0.068166	0.046883	0.026303	0.006028	-0.033418	-0.052331	-0.032083	0.145284	-0.081980	-0.041879	0.003233	0.018240	0.031796	-0.076680	-0.112866	-0.026899	0.148891	-0.024122	0.079660	-0.149318	-0.068801	-0.028201	-0.041375	0.000170	-0.103406	0.062668	-0.148132	0.094822	0.066093
0.727466	0.030621	-0.131627	0.126793	0.070269	0.321822	-0.124720	0.031282	-0.059615	-0.030006	0.027088	-0.013538	-0.046665	-0.039965	-0.017824	-0.012564	0.141934	-0.076061	0.159966	0.092364	0.090515	0.042845	0.079768	-0.031818	-0.166069	-0.006552	-0.034852	0.184682	-0.118721	-0.046375	-0.043902	0.134305	0.031226	0.047467	0.052036	-0.069607	0.048451	0.152796	0.012412	0.003328	0.056051	0.130346	0.082858	-0.129792	0.068491	-0.090518	0.075090	-0.035263	0.140737	0.071594
0.787611	-0.227658	-0.167537	0.162874	0.204377	0.063691	-0.261509	-0.011596	-0.068958	0.141670	0.048476	-0.094535	-0.021854	0.027229	0.088343	-0.110166	-0.034487	-0.068448	0.080674	0.109515	0.018836	0.016289	-0.101210	0.012819	0.043265	0.096487	0.010065	-0.037790	0.021402	-0.098203	-0.033052	-0.034590	-0.051187	0.007236	0.085676	0.023605	-0.035937	0.054328	0.005552	-0.027156	0.069825	0.057212	-0.021141	-0.030184	0.000381	-0.000504	0.047410	-0.048109	-0.067967	0.082745
0.800633	-0.090354	-0.092421	0.296814	0.027797	-0.074679	-0.064250	-0.076940	0.022137	-0.005774	0.047263	-0.117652	-0.091507	0.026916	-0.079837	0.043953	-0.042403	0.041488	-0.062509	-0.094943	-0.047541	-0.106762	0.016855	0.034228	0.054037	-0.083258	-0.022191	0.139826	0.005784	-0.077315	-0.002179	0.085479	0.043871	0.076948	-0.033109	-0.156650	-0.115922	0.079803	-0.007161	0.043159	-0.111142	-0.096883	-0.127410	-0.062678	-0.084217	0.085873	0.047416	0.071754	0.037645	-0.092876
0.783118	-0.082302	-0.241566	0.231072	0.155515	0.245874	0.034973	0.141683	-0.054284	-0.070660	0.027854	0.095861	0.107056	0.050036	-0.034973	0.029502	0.103509	0.044649	0.050551	0.012963	-0.076513	-0.046306	-0.073241	0.067865	0.011777	-0.022094	0.008947	0.034783	0.052204	0.053438	0.039292	0.041104	-0.016842	-0.057531	0.112622	0.015888	0.017475	-0.027577	0.050842	0.086337	-0.121829	0.107210	0.078618	-0.085142	-0.024764	0.004448	-0.058410	-0.106142	-0.006563	0.037684
0.842717	-0.194995	-0.245908	0.106143	0.202846	0.188362	-0.106206	-0.050407	0.085951	-0.025701	0.106853	0.022440	-0.075716	0.020028	0.006432	-0.068195	-0.003143	0.041324	0.021070	-0.027892	0.044444	-0.032598	0.042934	-0.043800	0.033400	0.060657	-0.006027	0.050641	-0.001914	-0.015472	0.040223	-0.070622	0.081584	0.017867	0.024279	0.013439	0.012126	0.049728	-0.020192	0.080872	0.027802	0.011328	-0.022397	0.010429	-0.031895	0.066669	-0.001121	0.051766	-0.002192	-0.088712
0.853349	-0.184685	-0.237805	0.256476	0.211063	0.138216	-0.111782	0.038790	0.019848	0.012841	0.099135	-0.010086	-0.051521	0.008439	0.004305	0.023698	0.023269	0.014122	-0.021518	-0.010547	-0.008755	-0.042121	-0.040049	-0.026623	0.005720	0.016515	0.001613	0.012216	0.015135	-0.025289	-0.021159	-0.026783	-0.001756	0.003622	-0.003705	-0.059601	-0.010269	0.020200	-0.074873	0.008166	0.004478	-0.004729	-0.013638	-0.034459	-0.001705	-0.049607	-0.017797	-0.037422	-0.008619	0.022396
0.849918	-0.175047	-0.198696	0.184075	0.077780	0.082515	-0.038956	0.023526	0.018468	-0.014351	0.017530	0.053236	-0.054441	-0.030959	0.101570	-0.006755	0.004241	-0.126350	0.027350	0.010848	0.009433	0.018564	-0.031932	0.008654	0.092270	0.092528	-0.031100	-0.006370	-0.093323	0.060691	-0.216818	0.107917	-0.019159	-0.004591	-0.009970	-0.018236	-0.029106	-0.058477	-0.056325	0.086079	-0.038094	-0.067721	0.009453	-0.022699	0.062297	-0.005533	-0.037700	0.040886	0.062270	-0.005540
0.644314	-0.170755	-0.187732	0.032923	0.226426	0.039369	-0.131643	0.016159	0.131883	0.080263	0.039981	-0.043314	0.104020	-0.157675	0.190846	-0.083316	0.162689	-0.204700	0.115481	0.139021	-0.008202	-0.002352	-0.023057	-0.055270	0.077938	-0.071008	-0.194860	0.129036	-0.030473	0.104570	-0.060525	0.096762	-0.012995	-0.136366	0.000605	-0.114635	0.202366	-0.112411	-0.083417	0.013418	-0.139622	0.014796	0.034348	-0.003475	0.094201	0.000326	-0.076051	0.050110	0.001667	-0.128774
0.834495	-0.061746	-0.198717	0.352151	0.027010	0.053204	0.018722	0.003727	-0.025892	-0.030832	0.000977	-0.002242	-0.133835	0.020719	0.027669	0.010744	-0.028705	0.009445	-0.086666	-0.121490	-0.007355	-0.073447	-0.036137	-0.066740	0.030367	0.108058	-0.003625	-0.000096	-0.078324	-0.074188	-0.033864	0.028347	0.073188	-0.054539	0.019451	-0.008124	0.056760	0.008445	-0.130979	-0.016323	0.095164	0.024608	-0.041685	0.009853	-0.009409	0.033659	0.067821	-0.052078	-0.011614	-0.035847
0.745991	-0.027923	-0.160077	0.055554	0.008873	0.227803	-0.132647	0.160623	0.133567	-0.049924	0.124318	0.201083	0.051040	-0.042772	0.121226	0.075967	0.025271	0.118188	-0.022686	-0.034122	0.137026	-0.068464	-0.109890	0.127372	-0.068821	0.086279	-0.083499	0.074947	-0.016324	0.060533	-0.003933	0.056428	-0.026454	-0.030772	0.041663	-0.000192	0.086554	-0.006090	-0.012841	-0.049852	0.174290	0.203418	-0.046356	-0.058859	0.030924	-0.043843	0.038245	-0.056232	-0.095348	-0.100210
0.806024	-0.066318	-0.146778	0.161390	0.101429	0.206870	-0.095990	-0.049556	-0.019796	-0.006106	-0.012678	0.088969	-0.126473	0.011219	0.036404	0.020741	0.008619	0.024919	-0.033499	-0.108832	-0.022244	0.072068	-0.007008	-0.004071	0.136711	0.096346	0.057316	-0.047466	-0.066845	0.063644	-0.121532	0.138035	-0.005883	0.011154	-0.017034	-0.013085	-0.034374	0.002980	-0.201050	0.067936	-0.130176	0.052969	-0.142654	-0.054158	0.065140	-0.067075	0.088354	0.036864	0.022076	-0.060454
0.757707	-0.095068	-0.159489	0.413597	0.058556	0.089281	0.004792	0.064445	-0.072256	0.027385	0.026857	0.043792	-0.029667	-0.161086	-0.019149	-0.100698	-0.137379	-0.065846	0.002461	-0.078655	0.094757	-0.046893	-0.067152	-0.029292	-0.054126	0.089470	-0.091255	-0.018375	-0.122076	0.023348	-0.020333	0.080877	-0.036284	0.081809	0.035307	-0.133687	0.011690	-0.008302	-0.125422	0.033205	0.086026	-0.010355	-0.080284	-0.069657	0.014463	0.046005	-0.054724	0.048882	0.013815	0.000291
0.742532	-0.046492	-0.138790	0.206808	0.188177	0.168400	-0.258083	0.096683	-0.112265	-0.043808	-0.099882	0.101888	-0.047417	-0.010011	0.068989	0.000701	-0.071136	0.103787	0.067858	-0.044150	0.102870	-0.078560	-0.002772	0.032153	-0.025013	0.106759	0.005302	-0.028467	-0.151703	-0.077374	-0.001623	-0.011046	-0.048588	-0.022787	-0.014370	-0.023460	0.046694	0.148310	-0.081746	-0.015563	0.070080	0.235901	-0.131296	-0.040202	0.013191	0.048945	-0.001306	0.037987	-0.000404	0.049038
0.803192	-0.085266	-0.103657	0.248398	0.063744	0.082004	-0.110959	0.183854	-0.055710	-0.012665	-0.000924	0.017270	0.021878	0.006724	0.107634	-0.029112	-0.108954	-0.187542	0.072045	-0.041915	0.072699	0.077389	-0.062155	0.051685	0.008424	0.117624	-0.005547	-0.140121	0.087729	0.053852	-0.031745	0.108823	-0.052407	0.078459	0.135569	0.058970	-0.005545	-0.019643	0.054412	0.102715	0.027551	0.079042	0.102939	0.043092	-0.020227	0.020134	-0.061821	-0.027559	0.052000	0.026093
0.728682	-0.107895	-0.118523	0.269238	0.034324	0.074040	-0.023040	0.243869	-0.018213	0.063279	-0.055905	-0.112612	0.092727	-0.104616	0.005729	-0.040146	-0.124099	-0.013080	0.025237	-0.044830	0.024750	0.086608	-0.156999	-0.076383	0.016409	0.054179	-0.098904	-0.036655	-0.087562	-0.120589	-0.014312	-0.118706	-0.091750	0.046958	0.104633	0.034207	-0.020753	0.144842	-0.008548	0.051689	0.139943	0.040570	0.043310	-0.175852	0.068430	0.024353	0.024634	-0.194713	-0.099486	0.024140
0.816785	-0.141776	-0.249560	0.175359	0.220856	0.189090	-0.097746	0.166256	0.043248	0.043429	0.009931	0.154173	-0.008127	-0.080199	0.103963	0.059343	0.036675	-0.026769	0.003784	0.006271	-0.020612	0.035405	-0.072669	-0.007577	-0.001847	0.028223	-0.039278	0.011420	-0.085311	-0.023015	-0.002613	-0.012093	0.047741	-0.073333	0.035543	-0.023983	0.007389	0.070426	-0.018541	-0.000045	0.012125	0.059501	-0.054761	-0.034694	0.064216	-0.032760	-0.001698	-0.028521	-0.018407	-0.029824
0.868082	-0.117956	-0.206554	0.135966	0.182671	0.236130	-0.144611	0.106326	0.011482	0.019755	0.035036	0.066180	-0.043698	-0.083460	0.052187	0.012076	-0.034570	0.016273	0.011353	0.009342	0.043574	0.020997	-0.003998	0.009424	0.004819	0.042455	-0.034816	0.008345	-0.083342	0.024251	-0.013141	0.007377	-0.010126	-0.069655	0.045137	0.047913	0.020323	-0.045543	-0.007364	-0.009055	0.020743	0.026981	-0.008830	-0.031124	0.013641	0.001259	0.003226	-0.006186	0.031914	-0.042324
0.803069	-0.067500	-0.176250	0.104508	0.198000	0.173800	-0.080525	0.230370	-0.034628	0.030290	0.058368	0.039123	0.004653	0.111949	-0.185521	0.002693	-0.106579	0.046115	-0.034550	0.057255	0.083274	0.028743	-0.030293	-0.003460	0.110648	-0.034257	-0.030006	0.027407	0.030261	-0.011347	0.023665	0.106099	-0.011454	-0.035196	-0.034817	0.015843	-0.036607	-0.131321	-0.125098	0.033460	0.017301	-0.031866	0.023972	0.032626	0.011148	0.159635	-0.023775	0.000786	-0.034724	-0.049417
0.776758	-0.153176	-0.210438	0.305821	0.095734	0.061940	0.064939	0.095532	0.017930	0.040876	0.031873	-0.072058	0.024738	-0.024195	-0.096219	0.064747	-0.097059	-0.099778	0.029181	0.034634	-0.035692	0.009175	-0.013867	-0.116768	0.012958	0.005322	-0.055310	-0.027790	-0.082060	-0.172212	-0.053335	0.005678	-0.146449	0.020773	-0.005333	-0.025903	-0.139920	-0.041098	0.050255	0.018467	0.097152	-0.105444	0.050075	-0.037746	-0.019027	0.094117	-0.078998	-0.123441	0.013536	-0.064733
0.781704	-0.273607	-0.223024	0.024168	0.268006	0.147963	-0.215212	-0.067434	0.107228	0.039974	0.227195	-0.018746	-0.018673	0.029682	0.030385	-0.004227	-0.012174	0.011875	-0.002584	0.017346	0.049898	-0.006882	-0.037522	0.002864	0.024058	0.015851	-0.072012	-0.013252	-0.033074	0.026030	-0.019624	0.016154	0.001373	0.071933	0.027300	0.030213	0.042329	0.078922	0.004394	-0.028838	-0.029404	0.048306	-0.009139	0.046105	0.075644	-0.044341	-0.053481	-0.045580	-0.054592	0.045345
0.800445	-0.048174	-0.308129	0.227086	0.281686	0.157918	0.010146	0.110012	0.008703	0.077957	-0.033485	-0.006311	-0.054577	0.089560	-0.036364	-0.050643	0.016689	-0.045636	-0.062694	0.081965	-0.075709	-0.082763	0.024460	-0.077601	0.010574	0.022154	-0.013445	0.023488	-0.020039	-0.050001	-0.007833	-0.021069	-0.018253	0.001798	0.013390	-0.007650	0.082823	0.010414	-0.065703	0.029235	-0.025888	-0.083576	0.024228	-0.049947	-0.008166	-0.006599	0.041129	-0.087377	0.043842	-0.001004
0.766380	-0.001979	-0.052960	0.344105	0.037537	-0.043380	-0.018472	0.082170	-0.012855	-0.023526	-0.036051	-0.186751	0.050545	0.096044	-0.056802	0.125260	-0.103786	-0.077040	0.024716	-0.096567	-0.016984	-0.006529	0.020450	-0.023787	-0.124875	-0.007971	-0.049731	0.033871	-0.032587	-0.117445	0.018571	0.019750	-0.098181	-0.033571	-0.031876	-0.018164	0.020563	0.109038	-0.088994	0.131379	0.024911	0.007960	-0.060862	0.164698	0.098649	0.184531	0.041587	-0.043948	-0.143946	0.036895
0.694041	-0.143658	-0.179913	0.281442	0.301983	0.146718	-0.039893	0.175682	-0.093157	0.018649	-0.039539	-0.086033	0.040566	0.000587	0.001696	-0.008552	-0.118356	0.043535	0.014436	0.118799	0.044323	-0.081258	-0.083302	0.004075	-0.065527	0.028359	-0.018318	0.022031	-0.052609	0.030619	-0.010120	0.118331	-0.040027	0.175414	0.050047	-0.196840	-0.038818	0.031142	-0.161634	0.011930	-0.017720	-0.033561	0.057591	-0.197408	0.031191	0.002981	-0.008538	-0.024199	0.055420	0.030320
0.621723	-0.105903	0.029010	-0.022595	0.014071	0.141139	-0.235319	0.206059	-0.048822	0.094826	0.024050	-0.103395	0.027693	0.112730	-0.096559	-0.131098	-0.058497	0.099802	0.128917	-0.008210	-0.133612	0.155081	0.155329	0.103328	-0.032044	0.035684	-0.016087	-0.011296	-0.035468	0.133733	-0.062810	0.044685	-0.056725	-0.085103	-0.031021	0.183744	0.107336	0.054330	0.034677	0.137772	0.031296	0.034077	0.150104	-0.080230	-0.173068	0.321638	-0.070612	0.025961	-0.138923	-0.128260
0.639827	-0.104471	-0.102013	0.037684	0.201196	0.203414	-0.213528	0.240455	-0.051995	0.120289	0.010604	0.046924	0.002520	0.035574	-0.155478	0.004193	-0.088624	0.156400	0.068244	0.027071	0.013492	0.128206	0.095019	0.087681	0.035854	-0.117983	-0.015918	0.093669	-0.105248	0.109525	-0.077698	0.037742	-0.060931	-0.067229	0.015326	0.197713	0.069041	-0.089848	-0.107386	0.011236	0.049031	-0.008646	0.202219	0.012254	-0.159139	0.215518	-0.112839	0.073130	-0.076568	-0.023680
0.772164	-0.194937	-0.304622	0.085258	0.243984	0.209539	-0.064346	0.121033	0.055748	0.053313	0.102889	0.115180	-0.044018	0.016164	-0.017408	0.022697	0.009070	-0.008276	-0.109342	0.031362	-0.043933	-0.018867	-0.063127	-0.045112	0.006570	-0.026446	0.007879	0.021723	0.066084	-0.094061	-0.023495	-0.023758	0.056766	-0.004698	0.033146	-0.039318	-0.041248	0.090507	0.034656	0.138586	-0.004031	-0.134706	-0.019050	-0.001335	-0.034677	-0.023310	-0.072237	-0.031528	0.007143	-0.104527
0.808648	-0.198197	-0.251360	0.185555	0.284234	0.188767	-0.141887	0.008058	0.042421	0.112741	0.085101	0.016803	-0.014136	-0.044807	-0.002231	-0.011220	0.040930	0.032285	0.013313	0.021426	-0.015772	-0.037314	0.001542	-0.024828	0.077218	-0.024227	-0.056058	-0.019226	0.019642	-0.023439	0.035311	0.000783	0.080628	-0.046348	0.009282	-0.056072	-0.007040	-0.009435	-0.044044	0.005381	-0.024190	-0.065069	0.029068	0.033246	-0.032029	-0.070829	0.010210	-0.035453	0.028801	0.036814
0.886699	-0.101321	-0.187965	0.182700	0.101492	0.148392	-0.020480	0.092581	0.031006	-0.013490	0.091824	-0.059887	0.041413	0.103018	-0.006947	-0.011812	0.060812	-0.069553	0.066721	-0.022889	0.012954	-0.055820	-0.011632	0.025559	0.047702	-0.033738	-0.035032	0.069356	-0.020680	-0.021444	-0.026191	0.063022	0.060592	-0.069543	0.034293	0.029224	-0.024940	-0.004846	-0.005457	-0.010948	-0.087765	-0.016843	0.017662	0.018677	0.038374	-0.029450	0.017393	-0.009675	-0.004334	-0.111736
0.693295	-0.173925	-0.337763	0.083121	0.309370	0.357692	-0.039296	0.050165	0.082681	0.075887	0.059347	0.156753	0.012580	-0.048416	-0.026389	0.013835	-0.017223	0.093593	-0.068291	0.023765	0.013416	0.081191	-0.045401	-0.052645	0.025759	-0.083547	-0.028640	-0.037143	-0.071033	0.023371	0.076153	0.020667	-0.017147	-0.084662	0.035099	0.082969	0.075205	-0.036304	0.035872	-0.039114	0.014386	-0.062127	-0.068315	0.066792	-0.037784	0.003663	0.024348	-0.039137	0.064480	-0.049691
0.772852	-0.220628	-0.164993	-0.032676	0.192124	0.167120	-0.307120	0.086845	0.127560	0.039791	0.131997	0.095966	0.000813	-0.066146	0.002013	0.031873	-0.087598	-0.103929	0.020135	0.084745	0.118139	0.160446	0.025748	0.053854	-0.022193	0.024019	-0.013873	-0.044524	0.000631	-0.033563	0.009173	0.064762	0.022776	0.051034	-0.015663	-0.014279	0.014041	0.024749	-0.007437	-0.050646	0.100220	-0.013894	0.016410	-0.075993	0.024062	0.065458	0.048635	0.001297	0.012921	0.022082
0.741297	-0.146171	-0.090466	0.162951	-0.003110	-0.134457	-0.023451	0.170239	-0.077560	-0.124882	0.116432	-0.005080	0.049287	-0.184931	-0.002278	0.090463	0.023074	0.203980	-0.046415	-0.007841	-0.109507	-0.150425	0.009685	0.102488	-0.042363	-0.074718	0.066090	0.007173	0.177278	-0.146197	0.101842	-0.130712	0.078091	0.135220	-0.065428	-0.060673	-0.048583	0.114365	-0.005862	-0.010315	-0.025659	0.037136	-0.023350	0.108288	-0.054580	0.011066	0.025093	-0.085591	-0.027217	0.105294
0.455019	-0.080608	-0.220414	0.123591	0.137017	0.201014	-0.037279	0.070810	0.071145	0.101680	0.059968	0.259672	-0.048974	0.121738	0.098189	0.072675	-0.066820	0.282370	-0.146707	0.053709	-0.054686	0.224259	-0.004950	-0.167614	0.021009	-0.122615	-0.026431	0.069233	-0.102255	0.140177	0.187843	-0.091141	0.001835	-0.271411	0.126587	0.154204	0.112201	-0.089477	0.149619	0.014092	0.128961	0.117887	-0.063097	0.116549	-0.161249	-0.023323	0.115610	0.021241	-0.038737	-0.084690
0.395935	-0.123715	-0.268242	0.036915	0.187653	0.233728	-0.053424	0.068987	0.107300	0.147361	0.126818	0.298643	-0.009252	0.060649	-0.019816	0.071239	-0.035697	0.209883	-0.217150	-0.008381	0.029417	0.140247	-0.093503	-0.159333	0.020009	-0.081364	-0.053480	0.122380	-0.054848	0.126515	0.172655	-0.054329	0.054903	-0.294019	0.146058	0.183137	0.056292	-0.131563	0.112285	-0.035158	0.145226	0.065702	-0.060918	0.147788	-0.136078	-0.097550	0.129174	-0.005977	-0.017951	-0.104347
0.398500	-0.157660	-0.240684	-0.004425	0.248193	0.253734	-0.084598	0.096215	0.091902	0.147461	0.079487	0.243634	0.000360	0.041412	-0.048962	0.034430	-0.129934	0.254581	-0.215371	-0.070089	0.035549	0.120229	-0.036872	-0.129301	-0.031629	-0.015805	-0.161632	0.158686	-0.056015	0.079204	0.180892	-0.034622	-0.021701	-0.268795	0.133812	0.105078	0.167003	-0.100007	0.092547	-0.030223	0.147139	0.100148	-0.079000	0.123908	-0.135568	-0.046862	0.134941	0.072018	-0.002286	-0.076615
0.757622	-0.123999	0.317370	0.035304	0.159741	-0.104769	-0.091240	-0.139297	0.014236	-0.044111	0.139029	0.043795	0.098640	-0.108885	-0.105003	0.164805	0.050820	-0.049955	-0.003507	-0.118789	0.141325	-0.001866	0.025445	-0.004687	-0.054713	0.080546	0.031293	0.024478	0.015394	-0.023109	0.035841	-0.024991	0.016765	0.006840	0.020417	0.077048	0.050680	0.199543	-0.104032	-0.086972	-0.072759	0.008328	0.039192	-0.042337	-0.094804	0.052425	-0.066600	0.078807	-0.095481	0.006498
0.784341	-0.098580	0.408641	0.082745	0.086906	0.012673	0.072292	-0.109360	0.009722	-0.027307	0.119565	-0.028363	-0.074380	0.027434	-0.068898	0.038238	-0.110227	-0.020442	0.080611	0.054048	0.026975	-0.085003	-0.049108	-0.102750	0.020357	-0.067529	-0.058044	0.036125	0.027486	-0.001620	-0.050275	-0.047929	-0.000412	-0.066121	0.009638	0.092956	0.010498	-0.083450	0.072419	-0.048832	-0.087326	0.033607	-0.060979	-0.087703	-0.060035	0.015128	-0.026766	-0.111450	0.146386	-0.058391
0.719395	-0.040505	0.133531	0.301461	0.074543	-0.065597	-0.008006	0.084180	-0.081129	-0.193591	-0.006044	0.107107	0.107147	-0.191630	0.064882	0.065508	0.174926	0.256769	0.007996	0.044959	-0.052107	-0.046266	0.076294	-0.056413	-0.102708	-0.045672	0.021098	-0.032297	-0.077162	0.006656	-0.067415	-0.062348	-0.045549	-0.003181	0.015349	0.113344	-0.022148	0.089467	-0.088923	0.039381	-0.106563	0.070349	-0.057971	-0.025508	-0.193301	-0.073188	-0.012648	-0.062264	-0.039523	0.007389
0.760718	-0.218058	0.261076	-0.033326	-0.027892	-0.073399	-0.056661	-0.089960	-0.003727	0.073478	0.135357	0.042648	0.012009	-0.269025	0.044606	0.030140	-0.054364	0.037316	0.078728	-0.030068	-0.103168	0.246588	-0.058009	-0.014288	0.041236	0.072325	-0.014810	-0.019849	-0.066952	0.033565	-0.146021	-0.001182	-0.107075	0.004646	0.074057	-0.063490	-0.018981	-0.048904	-0.059217	0.016691	-0.002883	0.074616	-0.052734	-0.050216	-0.004136	-0.053568	-0.135900	-0.061843	-0.035868	0.014774
0.773526	0.008996	-0.070506	0.392946	-0.064389	-0.004651	0.071898	-0.100713	-0.020599	-0.029845	0.041029	-0.050110	-0.053345	0.002613	-0.053775	0.086068	0.025593	-0.203040	-0.076841	-0.184778	-0.070679	-0.091841	-0.072200	-0.029339	0.035743	0.098220	0.005963	0.002450	-0.084556	-0.091544	-0.007466	-0.053893	0.021355	-0.100425	0.033545	0.051310	0.055854	0.017421	-0.053026	-0.054145	0.133673	0.090745	0.061636	0.060752	-0.015544	0.111471	-0.014475	-0.055941	0.009954	0.002411
0.746052	-0.082702	0.349190	0.108616	0.120219	-0.141815	0.186705	0.161880	-0.032481	-0.101920	0.016913	0.087680	0.102886	-0.056945	-0.027981	-0.096116	0.049764	0.110550	0.022120	0.003272	0.049742	-0.052423	-0.003959	-0.050011	-0.041786	-0.187669	-0.089507	0.079739	-0.051657	0.056888	0.064446	0.055163	-0.115185	0.046155	0.006002	-0.115338	-0.059939	0.051243	-0.108535	-0.050020	-0.105260	0.099120	0.012490	-0.009490	0.006232	-0.047805	0.004901	-0.046895	-0.036257	-0.017848
0.729332	-0.090999	0.463443	-0.071340	0.007195	0.043555	0.007350	-0.030558	-0.002031	0.066773	0.044565	0.185118	0.055462	-0.144517	-0.009570	0.182455	-0.041659	0.083522	-0.021706	0.049230	-0.024055	0.047783	-0.004064	-0.016948	-0.038645	0.022054	0.000501	-0.034554	-0.051640	-0.037014	-0.073915	0.007283	0.072829	-0.009408	-0.040698	0.088426	0.032882	-0.076669	-0.075741	0.008131	-0.027191	-0.151559	0.184083	-0.021170	-0.085467	-0.077628	-0.038670	0.005792	-0.068730	0.078560
0.810833	-0.192080	-0.007075	0.254129	-0.011684	-0.097452	0.001884	-0.100740	0.001350	-0.075516	0.230505	-0.076577	-0.055783	0.032866	0.005120	-0.027783	-0.005552	0.016837	0.080597	-0.050293	0.090271	-0.036660	-0.019812	-0.007270	0.027063	0.059266	0.028054	-0.036617	-0.030648	-0.175717	-0.056864	-0.064562	0.058145	-0.060137	0.072447	0.018459	-0.028521	0.074381	-0.141080	0.078915	0.097035	0.003625	-0.113479	0.015266	0.026235	0.043029	-0.002536	-0.031824	-0.097204	-0.077904
0.632822	0.215063	0.062172	-0.146739	-0.065200	0.122977	-0.049697	-0.064230	-0.050902	0.337396	-0.087513	0.201934	-0.088834	-0.021499	-0.004987	-0.027757	0.060861	-0.146662	-0.006361	-0.031924	0.149318	0.000938	0.017308	0.102246	0.010819	-0.044879	-0.075287	-0.083027	0.289651	-0.039185	-0.092960	-0.112408	-0.080656	0.000955	0.047478	0.143042	-0.125095	-0.010052	-0.094722	0.085985	-0.151414	0.155339	-0.080412	0.107457	-0.045661	0.098800	-0.071669	-0.024395	0.047409	0.030748
0.755959	-0.046340	0.009603	0.013931	-0.269793	-0.093126	-0.140211	-0.107837	-0.160127	0.381281	-0.119666	-0.012246	0.032903	-0.073684	0.012128	0.005459	-0.018422	0.050288	-0.008053	-0.061283	-0.060780	0.058266	-0.078192	0.023605	0.054822	-0.053260	0.060075	-0.033478	-0.109347	0.001059	0.139178	-0.045334	0.016894	0.054960	0.062531	-0.050029	-0.007996	0.028475	0.018711	-0.079073	-0.032504	0.073565	-0.056640	-0.037951	0.009527	0.021871	0.019876	-0.163570	-0.011486	-0.024506
0.894814	-0.065135	0.174303	0.205752	0.002626	0.001497	0.004631	-0.085763	-0.053839	-0.045395	0.079255	-0.024847	-0.062519	-0.051303	0.001851	-0.040089	-0.045714	0.064186	-0.027769	0.049373	-0.087707	-0.076490	-0.003419	-0.063845	0.039753	-0.008618	0.105937	-0.056165	-0.092165	-0.069259	-0.001991	0.054694	0.031658	0.009300	0.001828	0.051236	-0.005320	0.141547	0.021675	-0.008473	0.010811	-0.030901	0.015518	0.011194	0.022384	-0.043183	0.063331	0.039257	-0.034105	0.027311
0.831113	0.149308	0.105940	0.198569	-0.085649	0.085642	0.039221	-0.155565	-0.018018	0.009058	0.003294	-0.114574	-0.000618	-0.055809	-0.041099	-0.005189	-0.137066	-0.039909	-0.164119	-0.055720	0.171636	0.010739	0.032338	-0.055571	-0.009243	0.028670	0.017391	0.029374	-0.077432	0.144111	0.094652	0.002035	0.041518	0.092345	0.047786	0.085940	-0.019650	0.014700	0.016316	-0.004707	-0.083002	-0.024117	-0.020289	0.000700	-0.097775	-0.049167	0.068197	-0.034408	0.061576	-0.072768
0.740921	0.238859	-0.116366	0.230431	-0.001200	-0.113638	-0.021916	-0.007402	0.029784	0.254874	-0.088034	-0.033961	-0.023040	-0.009510	-0.063459	0.028835	-0.082705	0.051804	-0.031710	0.088948	-0.035013	-0.069515	0.020461	-0.144075	-0.097534	0.065317	-0.070393	0.093684	-0.126352	-0.086950	0.071722	-0.031505	0.113002	0.017396	0.169294	-0.042333	0.087550	0.172651	0.104838	0.013466	0.059984	-0.091108	-0.023849	0.002398	-0.016899	0.016979	0.107103	-0.049903	-0.059363	0.090061
0.793849	0.059267	0.067896	0.070552	-0.060040	0.115917	-0.016550	-0.136881	-0.030073	0.042890	-0.168817	-0.031210	-0.061847	-0.110257	0.005398	0.033903	-0.162607	-0.108228	-0.018625	-0.215721	-0.017379	0.105929	-0.096891	0.123090	0.011724	0.102493	0.038197	0.079120	0.046195	0.047512	0.174410	-0.078655	0.099569	0.044633	-0.059716	-0.094825	-0.104622	-0.034535	-0.044415	0.028931	-0.054418	0.021158	-0.108322	-0.087179	0.022786	0.056404	0.125426	-0.073233	0.025501	-0.056725
0.795697	0.157675	0.136294	-0.055708	0.003880	0.060772	0.085900	-0.113085	0.038344	0.008460	-0.158891	0.011153	-0.086428	-0.031204	-0.088381	-0.002224	-0.082571	-0.101163	0.048454	-0.195014	-0.013870	0.056708	0.015377	0.047280	0.065125	0.022688	-0.126218	0.072639	-0.008625	0.012421	0.109850	-0.118793	-0.066380	-0.027928	0.042828	-0.115407	-0.074474	0.040522	-0.032767	0.022234	-0.172030	0.056670	-0.068518	-0.192044	0.024448	0.034587	0.151208	0.041372	-0.048447	-0.073504
0.721224	-0.130989	0.253994	0.068811	0.058136	-0.049885	0.123488	-0.112123	-0.076184	0.132588	-0.042481	0.004473	-0.117006	-0.205479	-0.064576	-0.193003	-0.109386	0.079705	-0.039228	-0.111567	-0.017582	0.096086	-0.072044	0.132220	0.055924	0.062997	0.079183	0.027666	0.034112	0.026310	0.070203	-0.111347	-0.082863	0.012476	-0.002444	-0.127439	0.024369	-0.097434	0.042450	0.025358	-0.034082	-0.028848	-0.203127	-0.165006	0.070415	0.069171	-0.078153	-0.064886	0.083552	-0.077743
0.804377	0.012014	0.048028	0.134524	-0.125150	0.128984	-0.086176	-0.163891	-0.151169	0.059804	-0.146428	0.032881	-0.020642	-0.020149	-0.104297	0.100006	-0.148340	-0.096370	-0.025509	-0.049286	-0.107751	0.052791	-0.082760	0.021738	0.006459	0.093038	0.101483	0.070871	0.076354	-0.021767	-0.113744	-0.049194	0.032497	-0.071436	-0.101288	0.016642	0.105769	0.038028	0.009701	0.021319	0.033724	0.019171	-0.019191	0.016964	0.168935	-0.073914	0.015997	0.085169	0.138911	-0.023753
0.776950	0.081870	0.017822	-0.025780	-0.186459	-0.011362	-0.158756	-0.122848	-0.081025	0.250202	-0.123581	0.012643	-0.048664	-0.192005	-0.020724	0.006441	-0.103927	-0.023146	-0.132647	0.042374	-0.153592	0.100024	-0.037540	-0.011614	-0.094355	0.102471	0.108285	0.010649	-0.016966	0.031287	-0.005649	0.007272	0.039984	-0.045837	-0.023671	-0.005081	0.098970	0.137748	0.025495	0.033613	0.003402	-0.130691	-0.067845	-0.117161	0.025689	0.043986	0.045544	-0.082972	0.011916	-0.093583
0.581691	0.134485	0.156887	-0.196644	-0.080355	0.156474	-0.084870	-0.024830	0.060446	-0.011505	-0.136293	0.204252	-0.105883	-0.071100	-0.128847	-0.199629	-0.079424	-0.251168	0.071178	-0.193406	0.182287	0.096224	0.093494	-0.042996	-0.032258	0.055014	0.098576	0.004765	-0.061476	-0.007854	-0.007164	-0.264109	-0.168917	0.041999	0.008444	0.052945	-0.030296	0.027019	0.134333	0.096459	0.009065	0.064347	-0.015493	-0.222055	0.062412	-0.008984	-0.140059	0.043645	0.070801	0.076547
0.796421	-0.052894	0.323369	0.194480	0.033313	-0.059132	0.112079	0.116101	-0.044162	-0.066439	0.004515	0.087211	0.084171	-0.071624	-0.051399	0.098072	0.109193	0.135403	0.110385	-0.052274	-0.059360	0.015592	0.099437	-0.011950	-0.083721	-0.042463	-0.000319	0.022714	-0.054387	-0.104374	-0.055662	-0.025339	-0.049436	-0.090727	-0.025337	-0.024963	-0.006761	0.074446	-0.104475	0.013492	-0.042265	0.091515	-0.084229	0.016624	-0.065927	0.023468	0.086353	0.014480	-0.049315	0.066087
0.323541	-0.113156	0.220536	-0.157703	0.148836	-0.137961	-0.148722	-0.072633	0.101195	0.011845	0.220788	-0.082135	0.002062	-0.132750	-0.168541	-0.001592	-0.125726	-0.016134	0.290055	0.163038	-0.034198	-0.140154	0.071055	-0.275396	-0.207689	0.173943	0.071252	-0.173350	-0.103780	0.274574	0.229428	-0.060001	0.020946	-0.078434	0.004907	-0.082825	-0.109157	-0.013715	-0.157044	0.117111	-0.071610	0.098033	-0.025258	0.192814	0.144737	0.041478	0.016611	0.039390	-0.048621	0.075829
0.844261	-0.096037	-0.022132	-0.273645	-0.124991	-0.084875	-0.091485	0.050949	-0.010785	-0.036758	0.081429	-0.118645	0.009259	0.047788	0.019792	0.005748	0.031383	-0.105960	0.014994	0.001254	0.037678	-0.005697	-0.045984	0.006443	0.060145	-0.144286	0.009871	0.074732	-0.047350	-0.039463	-0.079086	-0.048040	0.006848	-0.055010	-0.044708	-0.024002	-0.004422	-0.050098	-0.024849	-0.048792	-0.080046	0.072768	-0.110282	-0.014528	-0.063140	0.017397	0.184079	-0.048689	-0.048945	0.084549
0.822429	-0.148878	-0.160189	0.033033	-0.154298	-0.108987	0.125944	0.178626	-0.064331	-0.038698	-0.031810	-0.037412	0.006273	0.049237	0.085045	0.048937	0.031882	0.160364	-0.128001	0.075128	-0.159952	0.019277	0.085011	-0.043419	0.015564	-0.027893	0.024619	0.000314	-0.096405	-0.113344	0.030567	-0.039253	-0.019446	-0.028273	-0.012323	-0.039168	-0.025790	0.107072	-0.011514	0.149338	-0.087122	0.059110	-0.014664	0.011596	-0.082327	0.008002	0.003417	0.017508	-0.026794	0.065495
0.505274	0.064714	-0.029584	-0.172578	0.085571	-0.066097	-0.090821	-0.077829	0.049213	-0.029950	0.219291	-0.057570	-0.080393	-0.024152	-0.139092	0.060410	-0.073990	-0.056810	0.271118	0.143070	-0.020937	-0.265455	0.055863	-0.180777	-0.245631	0.201892	0.065916	-0.099447	-0.092934	0.270466	0.192647	-0.068899	0.041360	-0.082444	-0.083745	-0.055543	-0.030814	0.006073	-0.181900	0.068419	-0.132094	0.087567	0.003552	0.184425	0.157886	0.010128	-0.001237	-0.005549	-0.004055	0.095652
0.360136	-0.054651	-0.011120	-0.197334	0.065252	-0.029565	-0.188436	-0.045180	0.059033	0.071092	0.194054	-0.079260	-0.061234	-0.085772	-0.195242	-0.028371	-0.068803	-0.107678	0.312639	0.137621	-0.004094	-0.208405	0.032033	-0.249094	-0.204130	0.179723	0.097308	-0.149795	-0.111055	0.297828	0.235221	-0.062245	0.013801	-0.067376	-0.029662	-0.086301	-0.104245	-0.027117	-0.178594	0.126165	-0.077421	0.082833	-0.022577	0.227028	0.161514	0.067313	-0.001641	0.034846	-0.059450	0.068283
0.709654	-0.047454	0.013017	0.046328	-0.104138	0.082783	-0.029307	0.060288	-0.106312	-0.107036	-0.030913	-0.122341	-0.027894	0.114886	-0.066812	0.233889	0.094734	0.088246	0.108534	0.042138	-0.146708	0.034498	-0.147592	-0.078033	0.079825	-0.091333	0.186601	0.068287	-0.213985	-0.146734	-0.042835	-0.103263	-0.066478	-0.030515	0.039667	0.032129	0.177432	-0.103677	-0.129149	0.004177	0.032366	0.123791	0.134034	-0.138961	0.016772	0.071743	0.012788	0.022349	0.120364	0.042145
0.842589	-0.011041	-0.107428	0.285139	-0.195009	-0.100262	0.002534	-0.165343	-0.103803	0.211804	-0.078752	0.052578	-0.010401	0.039877	-0.084389	-0.029577	-0.048817	0.027818	0.040009	-0.016993	-0.001855	0.059758	0.010380	-0.025897	0.046194	-0.026673	0.027596	-0.014112	-0.095158	0.018146	-0.066358	-0.010770	-0.004827	0.017432	-0.019016	-0.047201	0.068340	-0.061098	-0.011376	-0.004137	-0.017254	0.027167	0.040584	0.005871	0.042027	-0.021642	-0.014885	0.016556	-0.054621	0.018627
0.822939	-0.050734	-0.158658	0.220619	-0.117519	-0.065940	0.073729	-0.210171	0.044146	0.228228	-0.064477	0.058414	-0.093414	-0.034049	0.034780	0.067487	-0.007499	0.040378	0.106426	-0.037388	0.077005	-0.043696	0.099152	-0.054161	0.024796	-0.038922	-0.061024	-0.153887	-0.055891	-0.018520	-0.026489	-0.027612	0.000116	0.093142	0.027674	0.039378	0.002508	-0.003678	-0.040672	0.000305	0.052050	-0.075909	-0.036780	0.047530	-0.019515	-0.050938	0.011798	0.039745	-0.016763	0.046086
0.821014	-0.217172	-0.096972	-0.217041	-0.038694	-0.136153	-0.058169	0.069430	-0.074827	0.016602	-0.014677	-0.019873	0.072468	-0.090101	0.075853	0.028631	-0.100025	0.024839	-0.156052	0.033456	0.140190	0.000709	-0.000389	-0.008823	0.019033	-0.026032	0.003074	-0.013437	-0.047296	-0.055700	0.131465	0.025926	0.006359	0.017110	0.132588	0.045334	-0.021171	0.088191	-0.016568	-0.071046	-0.104394	-0.112863	0.061616	0.007712	-0.087804	0.119414	-0.036661	-0.011626	-0.040719	0.033634
0.820030	0.169463	-0.133527	0.071389	0.090489	0.011929	0.115171	-0.070660	0.017929	-0.002697	0.001639	0.033747	-0.051604	-0.030274	0.028851	-0.023496	-0.156998	-0.022767	0.082850	-0.097317	0.077720	0.019434	-0.086441	0.102798	0.111758	0.044164	-0.015455	0.020492	0.185204	0.022076	-0.076430	-0.193224	-0.017641	-0.103769	-0.098833	0.129806	-0.013179	0.003731	-0.046777	0.061899	-0.089939	0.072231	-0.069036	0.055456	0.103045	0.025400	-0.082680	-0.024026	0.009963	0.005880
0.883030	0.060039	-0.010235	0.280978	-0.186306	0.015765	-0.019023	0.043388	-0.096259	-0.002232	-0.012706	-0.017592	0.042925	-0.127311	-0.002821	-0.013620	-0.060152	-0.081896	-0.069876	-0.014907	-0.014753	0.044209	-0.001550	-0.028014	0.049739	0.029654	-0.002022	-0.032437	-0.021156	-0.069754	0.084910	0.016577	0.044187	-0.015387	-0.077158	-0.023240	0.012259	-0.036342	0.078832	-0.083657	-0.071763	0.014602	0.053816	0.049663	-0.000341	0.032978	-0.004499	-0.022030	0.012340	0.031257
0.887779	-0.009293	-0.073664	0.217724	-0.071181	-0.096753	0.083327	-0.018207	-0.101183	0.119986	-0.023296	0.011948	0.014895	0.068789	-0.122885	0.007596	0.007278	0.041194	0.033928	0.033656	0.010423	-0.154832	-0.022967	-0.079203	0.020160	0.043451	0.013513	0.052134	0.007536	-0.004649	-0.057120	-0.015439	0.004615	-0.043703	-0.014815	-0.014545	-0.009167	-0.067987	0.007957	0.104342	-0.047076	0.037600	0.026883	-0.085711	0.072739	-0.068799	0.000912	0.063079	-0.017457	0.063875
0.533381	0.018510	-0.046649	0.084813	-0.143604	-0.092645	-0.026979	-0.147611	-0.100195	0.568532	-0.101249	0.102454	-0.051905	0.183290	0.202292	0.198146	0.096382	0.059445	0.134600	0.138556	0.103166	-0.171654	0.076935	0.019118	-0.058889	-0.093147	-0.037962	0.069179	-0.041254	-0.051061	-0.029262	0.080781	-0.004173	-0.074421	0.085516	0.011093	-0.125557	0.040794	-0.014450	0.000075	0.047924	0.027444	0.057985	0.001199	-0.040893	-0.008959	0.066652	0.004781	0.113461	-0.029223
0.735553	0.083164	-0.080144	0.223593	-0.223852	-0.077341	0.008307	-0.130317	-0.085999	0.400943	-0.125108	0.126292	-0.060841	0.023404	-0.005139	0.026613	0.015039	0.117617	0.124569	0.022272	0.078931	0.007990	0.120628	-0.054561	0.058427	-0.040958	0.006263	-0.046009	-0.082135	0.071220	-0.008722	-0.087437	-0.012041	0.015054	0.028344	-0.005711	-0.029706	-0.061638	-0.015141	-0.004609	0.092350	-0.022307	-0.051921	0.045641	0.010606	-0.025080	0.084223	-0.090635	0.028599	-0.015926
0.716378	0.167578	0.286079	-0.126486	-0.016355	0.275853	-0.011215	-0.010840	-0.064049	-0.088631	-0.113251	-0.033318	-0.049003	0.103496	0.009688	-0.054681	0.024015	-0.036856	-0.058801	0.183815	0.029663	0.101499	-0.087413	-0.076229	-0.030983	-0.063354	0.026966	-0.088162	0.055836	-0.045919	0.129430	0.092809	0.019576	0.027749	0.089850	0.147462	0.011308	-0.025810	-0.007394	0.169252	-0.133635	-0.046494	-0.066662	0.108553	0.045114	-0.010280	-0.140680	-0.063031	0.051015	0.095310
0.712728	0.221395	0.117048	-0.052204	-0.205330	0.357409	-0.009545	-0.065324	-0.035480	-0.080494	-0.059283	-0.164136	-0.108261	0.100766	-0.057831	0.034600	0.049186	-0.000498	-0.066480	0.225745	0.035232	0.151070	-0.060151	0.030412	0.040588	0.061468	-0.004158	0.092883	0.124989	0.018600	0.047635	0.066148	0.036343	-0.074134	-0.032754	0.018752	-0.031956	0.048791	0.004637	0.043291	-0.094742	0.057519	-0.090783	0.055284	0.100013	-0.044158	0.023580	-0.110132	-0.026350	0.046538
0.790388	0.029484	0.104664	-0.092913	-0.204872	0.228723	-0.212448	-0.149773	-0.032647	-0.042738	0.037988	-0.004104	-0.053247	-0.106022	-0.053890	0.017075	0.068169	0.074147	-0.054322	0.026494	-0.086883	0.153605	0.014861	-0.017106	-0.005923	0.029858	0.130329	-0.012977	0.163546	-0.025858	-0.022163	0.042920	-0.024706	-0.031335	-0.064460	-0.005657	-0.038312	-0.139750	-0.115645	-0.021763	-0.026451	0.019572	0.021253	0.012439	-0.114289	-0.120761	0.060120	-0.032369	-0.041656	0.041376
0.735310	-0.103780	-0.031037	-0.284116	-0.177440	0.038783	-0.001413	0.206301	-0.047259	0.001458	-0.151086	0.085832	-0.060664	0.049556	0.006108	-0.088696	-0.095247	-0.043339	-0.078885	-0.113760	0.013282	-0.037090	-0.025796	-0.040991	0.013841	0.018750	-0.131941	-0.066960	0.073274	0.121085	0.042286	0.030596	0.223061	0.002937	-0.146106	-0.098516	0.097381	0.005394	-0.002052	0.069106	-0.098416	0.069521	0.028505	-0.130389	-0.018308	-0.012462	-0.003344	-0.026217	-0.072857	0.178047
0.732867	0.451248	-0.089471	-0.046899	0.085297	-0.188658	-0.074640	0.017761	-0.242459	0.076303	0.060711	0.050870	-0.110355	0.058954	0.076883	0.015250	0.031495	-0.037816	0.045272	0.043412	-0.044461	0.208478	-0.059847	-0.040305	-0.060786	-0.008070	-0.000737	-0.084276	-0.033466	-0.006605	0.061232	0.096709	-0.019935	-0.082788	0.028166	-0.008055	-0.023452	-0.048442	-0.007371	0.008095	0.024448	-0.032155	-0.007529	-0.073273	0.076103	-0.010335	0.025390	-0.002447	-0.026605	0.008492
0.731977	0.485974	-0.096123	-0.028173	0.155629	-0.224611	-0.057185	0.011477	-0.188441	0.040557	0.023616	-0.007328	-0.059712	0.098949	0.021438	-0.015713	-0.001166	-0.021781	0.023263	-0.031557	0.045485	0.151646	-0.085571	-0.073795	0.013145	0.026946	-0.096706	-0.035379	-0.080958	0.031368	0.043369	-0.021032	0.019570	-0.006611	0.064886	-0.006347	-0.043887	-0.056796	0.002742	0.037917	0.006005	-0.073474	-0.028112	-0.034399	0.039054	0.063401	0.036921	-0.024037	0.005661	0.026343
0.654278	0.257322	-0.075950	-0.051512	0.261416	-0.169064	0.032055	-0.079541	-0.228677	-0.094220	-0.047850	-0.149577	-0.108241	0.142462	0.024509	-0.005678	-0.005629	0.045959	-0.069070	-0.100215	0.055354	0.073957	-0.048922	0.098114	-0.043829	-0.103228	-0.061548	-0.009195	0.097415	-0.024716	0.130058	0.064054	0.152143	-0.092036	-0.076887	-0.003068	-0.077091	-0.164271	-0.130194	0.089163	0.151790	0.039997	0.135256	0.067581	-0.065712	0.136402	0.025904	0.035593	-0.147246	0.006252
0.791072	-0.148454	-0.088567	-0.079716	-0.225076	-0.031569	0.072138	0.244568	-0.086437	0.008844	-0.073898	0.112370	-0.067300	-0.100380	-0.001861	-0.112381	-0.020299	0.071527	0.109097	-0.070067	-0.039433	0.022550	0.146632	-0.075505	0.022481	0.086435	-0.037808	0.033269	-0.045252	0.077774	-0.049638	0.064521	-0.001688	-0.015817	-0.023275	0.132937	-0.106943	0.043968	-0.044948	0.102689	0.092429	0.001712	0.125534	0.008082	0.085418	-0.108393	-0.006745	-0.040828	-0.043857	0.011157
0.883495	-0.088533	-0.157114	0.169755	-0.062343	0.021010	0.043940	-0.029907	0.006050	-0.002191	-0.050612	0.025229	-0.065696	0.041785	0.063994	0.020582	0.100263	-0.014524	-0.092699	0.001772	-0.126433	-0.018212	0.019920	-0.126929	-0.060925	0.069600	-0.008884	0.071962	0.029774	0.005505	-0.063939	0.018527	0.057160	0.056832	-0.037725	0.129240	-0.078395	-0.004879	0.010485	0.039862	0.011069	-0.066432	0.017514	-0.050741	0.003094	-0.097368	0.069282	0.038500	-0.040760	-0.094524
0.901697	-0.106606	-0.064882	-0.005135	-0.134166	-0.005544	-0.029403	-0.043178	-0.046178	-0.017568	-0.027139	-0.092899	-0.109001	-0.031668	0.085712	0.016969	0.037735	-0.016798	-0.015202	-0.038563	-0.046259	-0.071351	-0.026212	-0.073321	0.017127	-0.060575	0.026475	0.151851	-0.071496	-0.005950	-0.066261	0.068509	0.003146	0.064634	-0.035546	0.121434	-0.072893	0.050577	-0.082809	-0.031100	0.004000	0.023025	0.003743	-0.005785	0.028388	0.065399	0.077189	-0.011193	-0.109224	0.000667
0.836113	-0.123151	0.280844	0.203756	0.052539	-0.081520	0.049628	-0.020273	0.007671	0.003426	0.101758	0.083857	-0.029971	-0.031626	-0.031638	-0.018221	0.067928	-0.060444	-0.074334	0.013742	-0.061531	0.047270	-0.027535	0.050476	0.024930	0.153930	0.023388	0.000363	0.084351	-0.063041	0.052647	0.011442	-0.051856	-0.116284	0.072038	-0.005988	0.014894	-0.103099	-0.035373	0.012016	0.015947	0.056794	0.035613	0.059190	0.060848	-0.017013	0.013766	-0.129157	0.041616	0.075481
0.818548	-0.054883	0.142223	0.315077	-0.012242	-0.080436	0.079508	0.054156	0.046654	0.001266	-0.006913	0.035492	0.069736	-0.042977	-0.008801	0.117610	-0.139241	-0.094240	0.014815	-0.114585	-0.111399	0.112410	0.013575	-0.007142	-0.017861	0.095286	-0.083384	-0.113513	0.068439	0.040471	-0.047258	0.021942	0.016461	-0.041185	0.047523	0.023137	0.034234	-0.001842	-0.026240	0.013318	0.056388	-0.035895	-0.030596	0.068757	-0.107768	0.066639	-0.026952	-0.157990	0.032638	-0.050723
0.615215	0.011075	0.017153	-0.228454	-0.280078	0.171078	0.017465	0.130315	0.062533	-0.187965	0.016169	0.357999	-0.012783	-0.024430	0.055760	0.252611	0.055379	-0.036064	0.114417	-0.049657	0.020063	-0.013358	0.129324	0.037689	0.063808	0.174317	-0.022142	-0.005555	-0.177556	0.069837	-0.049765	0.071621	0.010251	0.110200	-0.044053	0.100985	-0.032320	-0.042358	-0.147179	-0.073402	0.076268	-0.087782	0.026789	0.047796	0.032795	0.025963	-0.110903	-0.049684	-0.047833	-0.036218
0.663007	0.017860	-0.105360	0.134103	-0.188036	-0.100879	0.077339	-0.107586	-0.049929	0.470837	-0.061684	0.176848	-0.027693	0.185576	0.151880	0.171766	0.060749	0.051618	0.140994	0.096204	0.106995	-0.059395	0.066124	0.059418	-0.024216	-0.089104	-0.038173	-0.095525	0.035415	0.021742	-0.018874	0.026792	0.033625	0.058579	0.020047	0.063935	-0.038775	-0.013233	-0.031975	0.068587	0.047871	-0.059683	0.076030	0.077986	0.040378	-0.040799	0.019952	-0.013298	0.025506	0.043833
0.695485	-0.005106	-0.138246	0.199186	-0.119222	-0.074528	0.125747	-0.188298	-0.031813	0.402429	-0.049562	0.118387	-0.061762	0.179253	0.132727	0.164104	0.046549	0.173811	0.134465	0.073418	0.088246	-0.020189	0.083268	0.067756	-0.025952	-0.044491	-0.021017	-0.164524	0.023334	0.024098	-0.024191	0.025965	0.034081	0.048418	-0.001869	0.029897	0.051891	0.033449	0.023041	-0.008710	0.038268	-0.028868	0.018328	0.017555	-0.008937	0.019638	0.018469	0.004523	-0.013429	0.075097
0.803207	-0.240982	-0.061236	-0.202446	0.018120	-0.111090	-0.058394	0.011023	0.103587	0.030849	0.080404	-0.074663	0.054914	0.111506	-0.163064	0.084660	-0.017073	-0.083266	0.127215	-0.082384	0.093473	-0.055127	-0.090946	-0.028433	0.039347	-0.195242	-0.084758	0.047047	0.003197	0.083219	0.085562	0.000738	0.011843	0.082466	-0.030834	-0.031247	0.010547	0.038522	-0.052689	0.022436	0.007849	-0.012976	-0.023653	-0.084327	0.070911	0.028962	0.083390	-0.071002	-0.093684	-0.016354
0.720419	-0.026798	0.327117	0.066889	-0.087447	-0.008993	0.064497	-0.237912	-0.010273	0.340089	0.116226	0.095354	-0.015698	-0.066816	0.037407	0.017560	0.003271	-0.004172	-0.077361	-0.015844	0.014751	-0.055647	-0.094399	0.066343	0.043957	0.052817	0.010221	0.036001	0.041019	0.061210	0.008916	-0.111796	0.108173	-0.040359	0.001243	0.039571	-0.122045	-0.129012	0.038746	0.057363	0.005585	0.120733	-0.032815	-0.097572	0.056015	-0.021709	-0.065758	0.011206	0.128019	-0.087309
0.610273	0.206089	0.154995	0.055993	-0.052726	-0.013431	0.182048	-0.028556	-0.111111	0.354256	0.005272	0.118918	-0.016646	0.003369	-0.080331	0.110927	-0.247042	0.028181	0.079070	0.087572	0.129726	0.001378	-0.099645	-0.072423	-0.028053	-0.178922	-0.071450	0.040937	0.161754	0.118085	-0.070121	0.119417	-0.005223	-0.037641	0.017380	0.095649	-0.100257	0.005146	0.105493	-0.035109	0.094078	-0.053946	-0.075070	-0.058888	-0.040809	0.215924	0.004995	-0.046363	0.165106	0.106871
0.845432	0.183314	-0.014023	0.183024	-0.063197	0.005801	0.069278	-0.091736	-0.066305	0.019826	0.014310	-0.062123	-0.171676	-0.020824	-0.043436	-0.043717	-0.157101	0.043646	-0.068532	-0.020001	-0.096337	-0.122455	-0.051490	0.084594	-0.036920	-0.036682	-0.043594	0.062110	-0.042540	0.037105	-0.015918	-0.027778	0.031101	-0.033279	0.088188	0.018606	-0.039652	0.065540	-0.024988	0.092127	-0.085739	-0.044908	0.068118	-0.091353	-0.157475	0.040874	-0.048698	0.041251	-0.038426	-0.012348
0.620744	-0.351842	-0.059810	-0.233109	-0.124227	-0.212389	-0.167028	-0.253499	0.055087	0.015156	0.353950	-0.021042	-0.063260	-0.076328	-0.070013	-0.037552	-0.078528	-0.015419	0.035703	-0.047579	0.110402	-0.072874	-0.062170	-0.007405	0.037419	-0.110809	-0.020005	0.090434	0.090800	-0.038991	0.057547	0.083787	-0.047587	0.056532	0.047005	-0.119548	-0.012221	-0.007888	0.050540	-0.046400	-0.004139	-0.046943	0.048954	0.019045	0.009236	-0.028912	-0.134989	-0.029663	0.008448	-0.097298
0.809461	-0.176061	-0.045090	0.191790	-0.186224	-0.145827	-0.016301	0.011136	-0.031081	-0.078880	0.252684	-0.003995	0.001067	-0.090034	-0.223451	0.037422	0.001703	-0.079044	0.043840	-0.046937	-0.065187	-0.090475	-0.047743	-0.013572	-0.050806	-0.097588	0.006342	-0.023303	0.056180	0.083497	-0.047150	0.075693	0.028145	0.028540	-0.045669	0.054691	-0.058158	0.024752	-0.058257	-0.049511	-0.068735	0.023043	-0.047325	0.014738	-0.037022	-0.028037	0.002531	-0.048924	0.029311	0.049376
0.761091	-0.017673	-0.014402	0.224686	-0.077534	-0.019544	-0.128204	-0.123443	0.130535	0.005257	-0.005463	0.031124	-0.012950	-0.191524	0.003149	0.147902	-0.142601	-0.211510	-0.038847	-0.122265	-0.046957	-0.009056	0.050714	-0.038376	-0.091954	-0.010440	-0.098103	-0.104745	0.031916	-0.006471	0.155677	-0.059947	0.021436	0.184330	-0.016886	-0.076440	-0.040489	0.049827	0.085033	-0.084480	-0.064535	-0.017769	-0.057508	-0.135584	-0.073050	0.068975	-0.042062	-0.087723	0.030670	-0.056860
0.697984	-0.002086	-0.032452	-0.075066	-0.050653	0.222369	0.022177	-0.165399	-0.052348	-0.058375	-0.219416	-0.118835	-0.235718	-0.036928	0.084802	-0.162901	-0.092115	0.037407	-0.088513	-0.103644	-0.135421	-0.101166	0.069738	0.035111	0.067392	0.047093	-0.042965	-0.024776	0.156526	0.016426	0.290653	-0.112657	0.036690	0.041424	0.027062	-0.078404	-0.060195	-0.027813	-0.045457	-0.018511	-0.159446	0.098237	0.008992	-0.063681	-0.101430	0.075409	0.011703	-0.016274	-0.019680	0.013573
0.395956	-0.074475	0.025565	-0.242169	-0.049145	0.012892	-0.186773	-0.173239	-0.155403	0.092497	-0.059871	-0.116032	-0.010532	-0.100371	-0.112160	-0.133687	-0.091759	-0.099424	-0.135765	-0.064396	-0.022387	0.279247	-0.060360	0.071147	-0.116202	0.016365	0.254409	-0.045440	0.328126	-0.007967	0.088917	-0.014617	-0.047959	0.160643	0.069375	0.148365	-0.131197	-0.103130	-0.176965	-0.039525	-0.048080	0.317234	-0.131947	-0.001141	-0.125580	0.098628	-0.144618	-0.100824	-0.058554	0.000644
0.672048	0.060200	0.081747	-0.130203	-0.282231	0.305967	-0.142494	-0.109541	-0.096427	-0.053584	-0.100666	0.063345	-0.207771	-0.136322	0.007616	-0.129230	0.021369	-0.108746	-0.108457	-0.047828	-0.114521	0.061611	-0.051575	-0.002457	-0.065053	0.061878	0.192964	-0.105498	0.076131	0.072289	0.028624	-0.106910	-0.105067	0.010056	0.027346	0.059419	-0.038540	-0.148568	-0.100984	-0.009497	-0.014184	-0.098377	-0.033693	-0.100455	-0.033818	0.029391	0.079682	0.055797	-0.040993	-0.039557
0.788013	-0.070737	-0.086326	0.041243	-0.092211	-0.130618	-0.073561	-0.135513	-0.103963	0.204923	-0.070880	-0.036891	0.054164	-0.074097	-0.088968	0.062123	-0.007276	0.007023	-0.220267	0.057016	-0.046837	0.108730	-0.012181	0.064605	0.039170	-0.099918	0.084971	-0.012485	-0.117130	-0.033071	-0.027676	0.168571	0.082871	0.109228	-0.049096	0.022818	0.056703	-0.026122	0.024693	0.086526	-0.103179	-0.139937	-0.065923	0.032451	-0.029614	0.117238	0.042081	0.131252	-0.005523	-0.007434
0.923583	0.066724	0.028188	0.149992	-0.089896	-0.077863	0.034579	-0.017253	-0.084234	0.121681	-0.011239	0.020863	-0.038687	0.043159	0.075924	0.060333	-0.094749	-0.009910	0.072245	-0.055489	0.019680	-0.018853	-0.060201	0.008950	0.017739	0.012396	-0.021303	-0.068214	-0.051925	-0.099797	-0.035192	0.017281	0.066706	0.017809	0.007363	-0.018629	0.063772	-0.004232	-0.043676	-0.035394	-0.029142	-0.035267	0.020969	0.025086	0.032440	-0.067015	0.007335	-0.011308	0.064290	0.036928
0.758165	0.254935	0.015504	0.098247	0.022317	-0.097182	-0.008800	0.025382	0.073725	0.049717	-0.034043	0.028787	0.005849	0.166131	-0.001041	0.021756	-0.089519	-0.146398	-0.095778	0.012951	-0.080511	0.068497	0.077577	0.142013	-0.030362	-0.022093	-0.050525	0.165344	0.004936	0.042492	0.070018	-0.004093	0.058102	-0.177054	0.090174	-0.143231	-0.116942	0.083215	-0.132752	0.022351	-0.165052	-0.086195	0.027281	-0.039242	-0.105740	0.002471	0.094830	0.060113	0.062155	0.143984
0.776333	0.372475	0.071898	-0.094610	-0.139114	0.163394	-0.062148	0.006956	0.083120	0.004371	0.025132	0.049871	-0.063586	0.065994	-0.121016	-0.090749	-0.045308	-0.066426	-0.065539	-0.043760	-0.039618	0.078175	0.033259	0.030864	-0.088349	-0.133974	-0.056535	-0.000464	0.072070	0.039789	-0.068230	0.133067	-0.021368	0.009866	0.017763	0.092240	0.012545	0.081343	-0.085546	0.069728	-0.028140	0.010342	0.008766	0.121905	-0.048247	-0.134034	-0.064865	-0.000256	-0.014908	0.061360
0.873425	0.268502	0.014632	0.063287	-0.083810	0.100482	0.053234	-0.091999	0.057653	-0.054071	-0.065407	-0.028205	-0.034192	0.063796	-0.012872	0.106381	-0.035288	-0.019090	0.111411	-0.033343	0.024042	0.103503	-0.094935	0.064450	-0.010945	-0.058343	0.049146	0.046771	-0.047879	-0.008086	0.030053	-0.063051	-0.003552	0.061660	0.023766	-0.032067	-0.003341	-0.050268	-0.097328	-0.058720	-0.024025	0.103364	-0.015216	0.084173	-0.035295	-0.089534	0.005204	0.019275	-0.012067	0.012232
0.832477	0.193616	0.026813	0.151136	-0.110531	0.207553	0.100506	-0.160263	0.136430	-0.046595	0.094303	0.029277	0.091902	0.065758	0.019637	0.121120	0.033480	-0.057420	0.099641	-0.072691	0.007587	0.054052	-0.039947	0.097658	-0.110858	-0.011367	-0.002997	-0.038008	0.008184	0.002319	0.027730	-0.009950	0.084243	-0.013213	0.078804	0.012332	0.032391	0.090025	0.010665	-0.070856	-0.057062	-0.009396	-0.022495	-0.011144	0.001229	-0.120605	0.007480	-0.031687	0.009888	0.018333
0.861078	0.140196	0.026652	0.127631	-0.129908	0.197412	0.090484	-0.148870	0.123014	-0.077901	-0.070172	-0.048103	-0.100782	0.139137	0.064814	0.130307	0.007391	-0.025029	0.027689	0.034137	0.043458	0.039493	-0.015555	0.016363	-0.082256	-0.030876	-0.052720	-0.031456	-0.010468	0.019247	0.022015	0.104640	-0.019639	-0.037222	0.040404	-0.020340	0.068152	0.057283	-0.001381	-0.029424	-0.045087	-0.028923	-0.004228	0.058122	-0.055486	-0.039546	-0.044898	-0.030468	-0.009499	-0.005455
0.738056	-0.007873	-0.103058	0.277675	-0.130653	-0.046673	0.086471	0.007009	0.011957	-0.167623	0.014862	0.063145	-0.080512	-0.024522	0.080189	-0.001505	0.048782	0.045370	0.151140	-0.027731	-0.170868	0.049728	0.065113	0.033873	-0.032264	0.148654	-0.037066	0.324408	-0.000333	-0.019236	0.043581	0.019271	0.129153	0.133760	0.044763	0.123026	-0.057521	-0.097054	-0.082529	-0.002426	0.024741	-0.038070	-0.017887	0.112585	0.001969	-0.000127	-0.071918	-0.017430	-0.011367	0.072974
0.614643	-0.000826	-0.088852	0.304303	-0.061965	-0.040069	-0.023623	-0.026700	0.008240	-0.080691	-0.049758	0.002306	-0.096779	-0.014616	0.186214	-0.014676	0.119803	-0.085432	0.176330	0.044553	-0.222066	0.102921	0.115784	-0.001139	0.000493	0.176558	-0.028258	0.401399	-0.025056	0.006473	0.030845	0.047779	0.149895	0.161960	0.081904	0.128244	-0.091169	-0.083058	0.053417	-0.039955	-0.001568	-0.038168	-0.031645	0.076199	0.003556	-0.026065	-0.060774	0.039377	0.000170	0.175258
0.778526	-0.166311	0.289236	-0.018744	0.067156	-0.106719	-0.072479	-0.064930	0.049919	-0.007181	0.064172	0.130952	-0.003704	-0.057584	0.097843	-0.056014	0.067997	0.060587	-0.017464	0.047152	-0.129092	0.014478	0.063070	-0.065290	0.091360	-0.061921	-0.077349	0.075090	-0.093983	-0.113520	-0.040892	-0.014417	0.077829	-0.109988	-0.037044	-0.152800	0.034228	-0.091876	-0.062793	-0.064047	-0.109273	-0.117536	-0.079238	-0.091601	0.030893	0.064318	0.113300	0.121156	-0.001569	-0.010184
0.792324	0.144709	0.187804	0.061840	0.020347	0.111614	0.079050	-0.181661	-0.002770	-0.109392	-0.029437	-0.007363	-0.088455	-0.086939	0.103990	-0.025970	-0.145040	0.038952	-0.071664	0.074414	0.046827	-0.124707	-0.167845	0.062927	0.012652	-0.107817	0.025961	0.110105	-0.001318	0.083903	0.061287	-0.051346	0.095469	-0.088293	-0.052173	0.028100	-0.058345	0.155727	0.023685	0.089970	-0.072993	-0.100517	0.084451	-0.056736	-0.117500	-0.024388	0.023113	0.036961	0.013026	-0.013978
0.661983	-0.001065	-0.063771	0.305491	-0.170972	-0.153197	-0.137652	0.021615	-0.094744	0.027985	-0.130382	0.145287	0.273547	0.017993	-0.164143	-0.086247	-0.098766	-0.185892	-0.005765	-0.134132	-0.141094	-0.043646	-0.097088	-0.073746	0.027606	-0.024341	-0.108258	0.047410	-0.100720	-0.050526	0.080845	-0.136011	0.121848	0.012235	-0.057378	-0.043145	0.025558	-0.034740	0.027352	-0.106522	0.086402	0.081080	-0.031643	0.033351	0.127423	0.088333	0.001902	-0.011568	-0.039940	0.082295
0.560051	0.185657	-0.007958	0.155490	-0.063851	-0.095638	-0.200307	-0.196564	-0.067477	0.004311	-0.006323	0.123537	0.109267	0.058623	-0.085342	-0.120498	-0.151247	-0.140696	-0.155684	0.076765	-0.175610	0.005737	-0.002145	0.130120	-0.231182	0.004556	0.005667	0.164279	0.103193	-0.052225	0.053362	0.118713	0.031644	-0.028087	-0.037613	0.042309	0.096028	0.095756	0.050749	-0.200884	-0.000123	0.079234	0.134900	0.024625	0.289295	-0.150683	0.143041	0.043441	0.160631	-0.035231
0.804738	-0.280595	-0.149859	-0.098639	-0.019228	-0.238763	-0.120069	-0.141470	0.010420	-0.063694	0.229302	-0.028981	-0.080630	-0.060588	0.032333	-0.064097	-0.036441	0.038195	0.044299	-0.001360	0.090571	0.037049	0.001265	-0.089527	0.001778	-0.026912	-0.059485	0.010813	0.056977	-0.161428	-0.019476	0.014561	0.024576	-0.012717	0.000518	-0.029011	-0.002382	0.021636	0.007259	0.011548	0.015763	0.020808	0.046025	-0.040071	0.015173	0.086802	-0.032898	-0.018928	-0.008811	-0.064647
0.767282	-0.002860	-0.086997	0.090364	-0.178497	-0.127718	0.073848	0.059745	0.020707	0.015585	-0.126526	0.121109	0.107273	0.190083	-0.130435	-0.024189	-0.062160	0.017747	-0.008830	-0.150525	0.106493	0.018814	-0.064649	-0.020945	0.100433	0.068476	-0.139517	0.085840	0.009766	0.119025	0.147797	-0.033314	0.041741	0.072896	0.049913	-0.077722	0.034662	0.050965	-0.036672	0.067010	-0.160277	-0.005612	-0.024001	-0.169890	0.052966	-0.004628	0.049649	0.146786	-0.095996	-0.057159
0.749486	0.004222	-0.070362	0.015291	-0.005915	-0.084626	-0.336536	-0.065815	0.054711	-0.006024	0.109482	0.211034	0.185993	-0.088999	0.076577	0.127936	0.044792	-0.060612	0.047090	-0.018565	-0.044742	0.065623	-0.119321	0.055406	0.084644	-0.054496	0.092306	-0.027274	0.037312	-0.036180	0.030454	-0.113195	0.175150	-0.041171	-0.191194	-0.013971	-0.021760	-0.006312	0.041885	0.051485	0.005968	0.091308	-0.038635	0.062133	0.047641	-0.138197	-0.025039	0.022916	-0.019084	0.075072
0.841606	0.242134	-0.171125	0.039216	0.145577	0.036979	0.039628	-0.077854	0.066109	-0.002817	-0.071517	-0.004314	-0.047854	0.045887	-0.049412	-0.059014	-0.028799	-0.100936	-0.006000	0.043883	-0.040609	-0.024434	0.172663	0.005765	0.108467	-0.050340	0.111397	-0.117612	0.000222	0.099920	-0.055636	-0.052217	-0.097331	0.043971	-0.026003	0.019305	0.037748	-0.024923	0.097267	0.054422	-0.024798	-0.098483	0.002202	0.052480	-0.049194	0.049807	-0.010644	0.000512	-0.004517	0.075994
0.757583	0.235501	-0.033683	0.159623	0.042561	-0.158940	-0.138902	0.020835	0.264738	-0.004703	-0.226829	-0.059718	0.038479	-0.125494	0.042834	-0.027975	0.029495	-0.074124	0.042716	0.062229	-0.046679	0.069047	0.004423	-0.080873	-0.025237	-0.021157	-0.184526	0.111282	0.014164	0.086285	-0.081343	0.129004	-0.005505	-0.048808	-0.090803	0.037087	0.027294	-0.025987	0.005403	0.119543	-0.061578	0.032806	0.067615	-0.066323	0.031492	-0.030822	0.040570	-0.048532	0.001967	0.025894
0.572668	0.192548	-0.012951	0.089413	0.088903	-0.127563	-0.280937	0.151556	0.231339	-0.053932	-0.232708	-0.026189	0.174229	-0.053015	0.296444	0.055590	0.087167	-0.256332	0.054543	0.054496	-0.023616	0.066422	0.091800	-0.043624	0.007254	-0.028351	-0.179601	0.136831	0.027566	0.079552	-0.062995	-0.068021	-0.121554	-0.018182	-0.147570	-0.081804	0.113987	-0.082054	-0.042012	0.046691	-0.086705	0.006469	0.006381	0.083876	0.026386	-0.039852	-0.056340	-0.089387	-0.033148	-0.082740
0.667321	-0.088488	0.127608	0.310507	-0.124047	-0.153362	0.059319	0.250139	-0.154353	0.130688	0.135090	0.094276	0.109505	-0.293508	-0.114479	0.006232	0.011827	0.056255	0.004596	0.005581	-0.060973	-0.004839	0.034935	-0.049667	-0.021250	-0.032722	-0.012759	-0.069454	0.032724	-0.125376	-0.015338	0.009316	-0.006460	0.026751	0.072770	-0.016177	0.045412	0.239531	-0.022746	0.095193	0.006123	-0.035901	-0.053439	-0.000059	-0.062128	0.034137	-0.037884	0.111446	-0.130489	0.002734
0.573301	-0.052165	0.548848	0.190079	0.207628	-0.015822	0.244649	-0.032674	0.084863	0.014544	0.061307	0.280806	-0.020132	0.068819	0.038709	-0.137583	0.118631	-0.081845	-0.088009	-0.011651	0.041482	0.085431	0.055695	-0.020499	0.127525	0.066391	0.087594	-0.054880	-0.092524	0.000128	0.045900	0.012533	0.019218	0.030805	0.015782	-0.061750	-0.011859	0.013742	-0.050067	-0.010131	0.019335	0.113314	0.015077	0.047473	0.006524	0.056037	-0.007002	0.018959	0.009898	-0.017003
0.682161	0.009359	0.060478	0.116775	-0.173290	-0.049740	-0.057453	0.101643	-0.134883	0.014429	0.118015	0.002729	-0.043820	-0.318519	-0.213317	0.053073	-0.104235	-0.079721	-0.018821	0.017910	0.004197	-0.028415	-0.136505	0.003979	-0.230529	-0.103831	0.008122	0.047978	0.023140	-0.018402	0.102534	-0.054285	-0.108672	0.090451	-0.018988	0.149682	-0.056489	-0.077609	0.223745	-0.119047	-0.076710	0.000839	0.117150	-0.118601	0.078928	0.052972	-0.010122	0.018926	0.020853	-0.096438
0.676147	0.071252	-0.071566	0.278839	-0.162549	-0.042686	0.052760	-0.129537	0.017205	0.052101	0.137802	0.049482	-0.062006	-0.059311	-0.184410	0.100956	-0.196912	-0.192446	-0.053206	-0.173882	-0.082799	-0.039864	-0.077589	-0.040303	-0.021361	-0.092603	-0.037130	-0.013687	0.105675	0.000604	0.025200	0.054853	-0.026258	0.109387	-0.041425	-0.037605	0.047993	-0.146666	0.192270	-0.143251	-0.092908	0.170830	0.022972	0.048641	0.021969	-0.004310	-0.073025	0.122560	0.096935	-0.112409
0.583193	-0.128856	0.030927	-0.217052	-0.122526	-0.045197	-0.070428	-0.132288	-0.083130	0.235513	-0.037579	0.019563	-0.003238	0.004735	0.043062	0.202007	0.078704	0.146276	0.057719	-0.044868	0.049956	-0.081434	0.004561	0.105748	-0.036061	-0.090971	-0.108614	-0.015894	0.049533	-0.064933	0.023312	0.013206	0.076854	0.171362	-0.000547	0.184534	0.055238	-0.080567	-0.136344	-0.016100	-0.044213	0.180202	-0.055489	-0.185305	0.255962	0.251849	-0.086771	-0.143798	-0.095944	-0.175032
0.552839	-0.167733	0.046369	-0.304230	-0.069486	-0.096027	-0.248277	-0.053829	0.155154	-0.027323	0.003279	-0.013056	-0.049482	-0.121740	0.075906	-0.009041	0.080278	0.116868	0.028119	-0.116982	0.014327	-0.033053	-0.070363	0.022815	0.010817	-0.133998	-0.153986	0.089652	0.028951	-0.083523	0.003597	-0.110446	0.123726	0.175356	-0.026479	0.137663	0.082111	-0.119100	-0.122271	0.051784	0.023950	0.078100	0.030884	-0.212754	0.212725	0.207701	-0.105672	-0.148607	-0.185435	-0.142982
0.802733	0.064780	-0.039787	0.111293	-0.096687	-0.037798	-0.116559	-0.278224	-0.189220	0.093192	-0.073466	0.093756	0.119681	-0.019695	-0.083519	-0.058747	-0.042240	-0.019554	-0.081242	0.081809	-0.084930	0.046050	-0.051671	-0.003408	-0.003530	-0.009093	0.060625	-0.021296	-0.105899	-0.025912	0.083589	-0.023916	0.075808	0.022487	0.020876	-0.067021	0.066485	-0.002959	-0.028426	-0.179368	0.070732	-0.015095	-0.040849	-0.056930	0.144030	-0.055129	0.042292	-0.065793	0.106698	0.026615
0.659540	-0.134704	-0.195366	-0.132559	-0.175180	-0.098583	0.137340	-0.117704	-0.059173	0.193024	0.022344	0.197632	0.171711	0.050264	-0.088599	-0.063254	-0.026573	-0.031711	-0.047938	0.177413	0.015046	-0.095298	-0.017399	-0.114054	-0.217569	-0.184408	0.005413	0.067044	-0.004986	0.021862	0.066678	0.001836	-0.021129	0.002487	-0.148539	-0.093962	0.069191	-0.098316	0.005882	-0.138228	0.100092	0.137513	-0.003788	-0.039773	-0.142758	0.019800	-0.103701	0.100146	-0.052281	0.071721
0.775490	-0.134393	0.288534	0.081248	0.056711	-0.049359	0.034978	-0.122098	0.033178	0.042477	-0.019232	0.057267	-0.197848	-0.070048	0.059809	-0.197424	0.101609	0.204747	-0.079683	-0.092936	-0.054555	0.079007	0.161215	0.055251	0.064384	0.002824	0.046509	0.041920	-0.014337	0.011249	-0.008931	-0.086602	-0.032215	-0.011366	-0.086435	-0.065647	0.086582	-0.015234	-0.009177	-0.006629	0.024391	-0.008519	-0.106129	-0.057895	0.068221	-0.000325	-0.015896	-0.095190	-0.051467	0.039691
0.829265	0.002884	0.228811	0.330233	-0.073039	-0.007595	0.150492	-0.078804	-0.023808	0.013354	0.112732	0.103228	0.003055	-0.081030	-0.096065	0.062830	-0.034961	-0.069806	-0.031478	-0.024837	0.026994	0.020995	-0.089843	-0.002571	-0.032878	-0.027893	0.057504	0.007359	0.069429	-0.005625	0.053929	0.074308	-0.125147	0.049294	0.060474	0.009042	0.062382	-0.094097	0.007461	0.015802	-0.020258	0.011433	0.013895	0.029088	-0.002472	0.011802	-0.001562	0.014155	0.020649	-0.010165
0.871345	-0.122721	-0.190640	0.039690	-0.228300	-0.037969	0.141843	0.018382	0.056975	-0.044866	0.069991	0.119553	0.041801	0.018597	0.107302	-0.057770	0.053912	-0.005646	-0.000339	-0.005860	0.004767	0.068201	-0.057581	-0.073935	-0.052283	0.026981	-0.004782	0.036311	-0.063156	0.086879	0.002888	-0.020531	-0.007169	0.019402	-0.009861	0.000107	0.071093	-0.000634	0.011790	-0.066411	-0.056468	0.064073	0.014463	-0.100345	-0.030537	-0.080788	0.013876	0.020574	-0.048548	-0.032140
0.592086	0.008548	-0.038842	0.314565	-0.153664	-0.101327	0.053729	-0.054676	-0.059614	0.054192	0.127389	0.033083	-0.046222	-0.189379	-0.138892	0.029793	-0.057742	-0.109085	-0.130778	-0.027034	-0.131971	0.129657	0.086035	-0.091587	-0.270304	-0.030521	0.116211	0.123452	-0.023461	-0.197726	-0.003792	0.143675	0.025900	-0.013043	-0.058319	0.063607	-0.060038	0.123185	0.071172	-0.128483	-0.017361	0.083531	0.159270	0.056234	0.201561	-0.116233	0.069450	0.165135	0.006518	-0.101505
0.850981	-0.206024	0.280563	0.031596	0.095623	-0.107407	-0.057496	-0.001557	0.002396	0.110087	0.053387	-0.029362	0.073817	-0.103751	-0.043691	0.057530	-0.057831	-0.107217	0.148377	-0.051324	-0.045537	0.098290	-0.044267	-0.035107	0.035523	-0.071863	0.026712	0.015530	-0.002758	-0.018365	-0.012265	-0.084273	-0.050343	-0.053312	-0.023642	-0.042269	-0.032552	0.009802	-0.014965	-0.024923	0.096236	-0.032923	-0.017804	-0.007756	0.031851	0.012864	-0.006322	-0.017498	0.031344	-0.008075
0.897910	0.110605	-0.051671	0.245963	-0.049017	0.016781	0.080061	-0.084233	0.107835	-0.101300	-0.008445	-0.096869	0.001394	0.113423	-0.016619	0.101863	0.058423	0.027271	0.017693	0.023416	-0.014885	0.066910	0.023011	-0.062710	-0.034093	0.020904	0.037790	-0.014580	-0.025207	0.000819	0.027072	0.009476	0.009027	0.023027	-0.011802	-0.015927	0.066056	0.008200	-0.010710	-0.024464	-0.019615	-0.030982	-0.021078	0.027696	-0.070482	-0.047066	0.033220	-0.092960	0.033124	-0.041178
0.826093	0.194814	0.031730	-0.095294	-0.151754	0.108643	-0.095024	0.091942	-0.036090	-0.052085	0.021393	-0.035158	0.060059	-0.044235	-0.042837	0.102581	0.041520	-0.140652	0.032131	-0.015805	0.147288	0.058816	0.036888	0.027844	-0.163496	-0.123075	-0.012172	-0.054833	-0.164928	-0.040568	0.001991	0.045540	-0.077125	-0.020639	-0.053999	0.004752	-0.051607	-0.047453	0.030586	-0.003710	-0.010330	-0.002346	-0.135312	0.039614	-0.096251	0.071996	0.082604	0.079383	0.030075	0.062470
0.720874	0.148863	-0.223423	0.164030	0.082764	-0.071340	-0.001042	-0.065039	0.215452	0.071622	-0.159058	-0.024171	0.086455	-0.094587	-0.059816	0.028156	-0.063245	-0.209088	-0.053108	-0.115679	0.020312	0.095558	0.215833	-0.101244	-0.054774	-0.004616	-0.069304	-0.001944	-0.043775	-0.125770	0.012421	-0.145836	-0.135092	0.011021	-0.021431	-0.120142	-0.014833	0.002640	-0.014635	0.020671	0.018761	-0.188585	-0.012134	-0.021219	-0.058274	0.012317	0.042562	0.039843	0.068908	0.085647
0.710911	-0.073695	-0.028015	0.071353	-0.196234	-0.169697	-0.222951	-0.225141	-0.110944	0.363002	-0.149654	0.162837	0.115261	-0.068206	0.075472	-0.032808	-0.075937	-0.009189	0.088655	0.055168	0.003286	0.055212	-0.003025	0.021298	0.041518	-0.015423	-0.042459	-0.029819	-0.024365	-0.047420	-0.025709	0.034431	-0.005903	-0.024113	0.078635	-0.000833	0.030697	0.005315	0.036710	-0.007659	0.041028	-0.086271	-0.032009	0.012629	0.141534	-0.072280	-0.001777	-0.104951	0.109049	0.025044
0.808584	-0.192002	-0.238921	0.062898	0.086037	-0.117749	0.057702	0.058205	-0.050181	-0.008688	0.000618	-0.080817	0.102750	-0.131354	0.034385	0.082080	0.070226	0.072426	-0.085097	0.053011	0.009620	-0.038996	0.027835	0.025170	0.015188	-0.074310	0.106948	-0.034467	-0.033143	-0.039041	-0.012958	-0.117387	-0.034052	0.063637	0.003830	-0.000172	-0.080251	0.076753	-0.063442	0.114772	0.105318	-0.086413	-0.022598	0.051010	-0.106083	-0.180379	-0.015961	0.109158	0.017014	0.067622
0.788400	0.228376	-0.070443	0.048251	-0.073298	-0.043737	-0.084962	-0.060578	-0.020117	0.306780	0.061328	0.027938	-0.131711	0.025178	-0.079283	-0.042348	0.033345	-0.115417	0.004939	-0.027340	-0.161725	-0.004741	0.008195	-0.009007	-0.029767	-0.061593	0.095089	0.187790	0.131446	0.118698	-0.078629	0.038960	0.032500	-0.034937	-0.097790	-0.007807	0.021789	-0.068829	-0.090888	-0.001406	0.013749	0.067156	-0.016184	0.061149	-0.070255	0.033145	-0.001056	0.052505	0.049866	0.027284
0.815925	-0.059751	0.080118	0.060313	0.029690	0.057354	-0.017722	-0.157670	0.046879	0.110515	-0.028608	0.012165	-0.128702	-0.079344	0.070230	-0.037628	0.022871	0.012763	0.010334	-0.084349	0.060131	0.104316	0.021011	0.041035	-0.079619	0.117880	0.066185	0.165098	0.091291	-0.059967	-0.154807	0.007801	0.205822	0.053669	-0.011616	0.179301	-0.087110	0.020975	-0.048352	0.040629	0.040887	-0.004863	-0.097636	-0.034306	-0.000629	0.062277	-0.052737	0.076260	0.132962	0.047398
0.765657	-0.087346	-0.126178	0.321864	-0.144471	-0.090962	0.109584	0.251053	-0.146540	-0.063692	0.037843	0.004895	-0.014317	-0.121901	0.035265	-0.085879	0.004987	0.152287	0.139589	0.021761	0.014545	0.016148	0.065720	0.095066	-0.037121	-0.011063	0.030104	-0.138893	-0.016553	-0.092962	-0.005708	-0.055830	-0.041776	-0.015564	0.060864	0.091011	-0.014896	-0.002371	0.031729	-0.012114	-0.061069	0.006163	-0.026943	0.017242	0.064617	0.014290	-0.003127	-0.012701	0.035818	0.122564
0.782598	0.082153	-0.019323	-0.005942	-0.147340	0.217218	0.101935	-0.040030	-0.084902	-0.075250	-0.044383	-0.081566	-0.149417	0.031951	-0.029917	-0.012422	-0.041963	-0.050514	-0.125377	0.163452	-0.073168	0.091927	0.040158	-0.150889	0.086638	-0.075854	0.013905	-0.000673	0.013514	0.124069	-0.047847	-0.003748	-0.017026	0.024310	0.189402	0.073514	-0.058697	-0.015332	0.049038	0.117517	-0.152197	-0.016355	0.002318	0.164458	0.021442	0.108765	-0.066924	-0.087917	-0.016390	0.006124
0.862561	0.187267	-0.125174	0.114543	0.079549	0.041594	0.112593	-0.135484	-0.033899	-0.004425	-0.051158	0.042675	-0.139281	0.035644	0.089366	-0.064104	-0.031118	0.028127	0.046778	-0.002089	-0.066577	-0.019402	0.098349	0.020333	0.094169	-0.001285	0.124818	-0.062688	-0.125987	0.068480	-0.050192	-0.028150	-0.038803	0.049194	-0.037108	0.001345	-0.030091	0.079429	0.103016	0.032264	-0.019108	0.079425	0.009577	0.056548	0.008278	0.017759	-0.076287	0.044290	0.014426	-0.032557
0.836738	-0.108126	-0.180957	0.163174	-0.141801	-0.137456	-0.020672	0.007738	-0.058329	-0.046702	-0.026891	0.118334	-0.010294	0.030967	0.032216	-0.092039	-0.031300	-0.031217	-0.094667	-0.039433	-0.061542	-0.001887	0.033446	0.018926	0.072362	-0.033781	0.076718	-0.065136	-0.141762	-0.096846	0.028341	0.026623	0.172709	0.041701	-0.010193	-0.026273	-0.045243	0.035021	0.035044	0.049933	0.085510	0.050411	0.027312	-0.034741	0.127072	0.089568	0.056124	0.091882	-0.051106	-0.060550
0.759552	0.027390	-0.107248	-0.159861	-0.216224	-0.029143	0.092808	0.070896	0.190806	-0.143156	-0.047095	0.140673	-0.107743	0.016122	0.117194	-0.012043	0.094346	0.038410	0.116014	-0.004749	-0.107941	-0.046014	-0.086361	-0.032718	-0.012940	-0.118319	-0.032433	0.117861	-0.028175	0.071602	0.008837	-0.045022	0.161644	0.068015	-0.012253	-0.122862	0.028864	-0.096187	-0.098176	0.007681	0.096539	-0.053058	-0.119895	-0.120887	0.131028	0.061383	0.003006	-0.046211	-0.051064	-0.059068
0.815496	-0.288339	-0.149139	-0.295136	-0.023582	-0.047390	0.149280	-0.068751	0.025761	-0.066637	0.064487	0.009494	0.076749	-0.004834	-0.003435	0.114330	-0.000614	-0.036104	0.030829	-0.063120	-0.023596	0.084517	-0.069380	0.040147	0.057258	0.029983	-0.047834	0.036793	-0.028055	0.040457	-0.066871	-0.014040	-0.006969	0.020236	0.000521	-0.005807	-0.052321	0.018788	-0.126558	0.025041	0.095938	0.038680	0.009791	-0.040228	0.046141	0.013011	0.000339	-0.055733	0.038607	-0.097491
0.825147	-0.198120	-0.108512	0.121457	0.012985	-0.190240	0.017832	-0.011703	0.010019	-0.086534	-0.029248	-0.144056	-0.018350	-0.065609	0.146743	-0.034424	-0.086244	0.155329	0.043853	0.056557	0.040503	0.035351	0.094223	0.053932	0.037839	-0.106093	0.015617	-0.030434	-0.018625	-0.009969	0.098809	-0.061511	-0.099632	0.096482	-0.014873	-0.046253	0.002012	-0.069084	-0.026808	-0.022252	-0.123831	0.005930	0.115319	-0.002184	-0.000317	-0.024866	0.117749	0.066726	0.014090	0.073324
0.512772	0.429467	-0.074148	-0.026676	0.126301	-0.206117	-0.134747	0.113039	0.032442	0.055956	-0.007209	-0.057104	0.081485	-0.089778	0.384752	-0.005040	-0.032244	-0.253359	-0.005292	0.123912	-0.033512	0.037378	-0.021534	0.005894	0.069439	-0.123207	-0.107710	0.114426	-0.048636	0.142798	-0.051312	-0.090789	-0.164124	0.055359	0.000674	-0.029511	0.136589	-0.061099	-0.136061	0.087145	-0.067878	0.062043	0.034778	0.155942	0.001097	0.013338	-0.037252	0.049103	-0.047492	-0.072387
0.802720	0.045082	-0.062344	0.309270	-0.073601	-0.029090	0.029732	-0.049548	0.044601	-0.034210	-0.113525	-0.028344	-0.001579	0.086237	-0.099549	0.039603	-0.085772	-0.128186	0.062374	-0.210846	0.019251	-0.006744	0.143487	-0.030117	0.049481	-0.096650	-0.094577	0.047266	-0.057124	0.048681	0.017015	0.071587	-0.020782	-0.080570	0.091303	-0.112073	-0.091885	-0.013182	0.002168	0.138800	-0.045848	-0.026974	-0.066845	-0.058601	0.007803	-0.054490	0.041747	0.058066	0.037174	-0.068370
0.715184	0.062458	-0.081596	-0.179331	-0.123013	-0.140306	-0.064946	-0.104270	-0.054507	0.261682	0.020605	0.124369	-0.018036	-0.073443	-0.054473	-0.038585	-0.091957	0.010447	0.047986	-0.037273	-0.052243	0.062952	0.048367	-0.035176	-0.010656	0.031324	0.003352	0.314307	-0.002482	-0.194966	-0.112072	-0.094140	-0.036337	0.034421	0.130847	0.022222	-0.021102	-0.126466	-0.035508	0.041314	-0.140262	0.021421	0.044760	0.041184	0.001683	0.091548	-0.062578	-0.087553	0.001213	0.182161
0.630776	0.039085	-0.039719	0.327967	-0.074344	-0.028744	-0.063302	-0.272345	-0.062003	0.033487	-0.084176	0.154061	0.186597	0.125927	0.013766	-0.164895	-0.120112	-0.096793	0.055022	0.044315	-0.156348	0.013489	-0.018664	0.011327	-0.063304	0.005026	-0.051386	0.052344	-0.152325	0.014396	0.097653	0.069574	0.184392	0.031702	0.049078	-0.002422	0.040090	0.065605	0.018518	-0.245549	0.131069	-0.032900	-0.095012	-0.063025	0.112079	0.051961	0.148532	-0.094129	0.098512	0.029525
0.738224	0.036245	0.233307	0.080639	0.023752	0.102286	0.024462	-0.187545	-0.002986	-0.122527	-0.026021	-0.001469	0.034681	-0.159399	0.061432	0.086287	-0.260489	-0.076201	0.190298	0.032319	0.117664	0.106310	-0.141340	0.022534	-0.080236	-0.124939	-0.004167	0.075670	-0.123110	0.013012	0.003588	-0.070748	0.013523	-0.018613	-0.140680	0.170181	-0.017644	0.047589	0.028182	0.091206	-0.060347	-0.031444	0.043294	-0.088585	-0.013030	0.093265	-0.010437	-0.031747	0.002570	-0.049474
0.849926	-0.012557	-0.186071	0.161667	-0.157538	-0.105629	0.082382	-0.044674	0.057086	-0.156404	0.096689	0.074250	-0.002253	-0.005524	-0.014430	0.055810	0.009469	-0.000355	-0.091707	0.040309	0.041245	0.002411	-0.033154	-0.068892	-0.098905	0.016101	0.053638	0.039465	-0.070650	-0.076533	-0.026794	-0.090570	-0.115902	0.021831	0.017916	0.046895	-0.074934	-0.068166	0.041271	-0.086989	-0.151782	-0.008386	-0.036392	-0.011901	-0.035620	0.079259	0.025020	0.020733	0.058783	-0.038592
0.754788	-0.293517	-0.160773	-0.354116	0.025755	-0.079946	0.023243	-0.238771	-0.017610	-0.012128	0.017938	-0.047286	-0.045023	-0.138536	0.041412	0.025620	0.044046	0.052838	-0.111926	-0.093088	-0.054625	-0.053070	-0.010976	-0.029479	0.042820	-0.068311	-0.034827	0.106934	-0.064949	-0.019390	0.009624	0.010868	-0.033557	0.008994	0.031920	0.005301	0.004416	0.008498	-0.108391	-0.024639	0.089488	0.019231	0.066076	0.056312	-0.030703	0.090938	-0.045842	-0.042832	-0.031101	0.016856
0.816949	-0.131126	-0.157410	0.146616	-0.141944	-0.052586	0.171869	0.132600	0.029033	-0.097365	0.095783	0.075536	0.052089	-0.082943	-0.029249	0.004858	0.030020	0.190783	0.050559	0.069857	-0.053112	0.060578	0.002341	0.042940	-0.134446	-0.024400	0.015772	-0.064786	0.042048	-0.087617	0.081746	-0.049393	-0.007806	-0.000593	0.003071	0.082156	0.033398	0.052917	0.048147	-0.126540	-0.070627	-0.002922	-0.096825	-0.009135	0.081987	-0.090316	0.052899	-0.048733	0.069961	0.013764
0.798438	0.034184	-0.147701	0.347116	-0.056367	-0.061492	0.037648	-0.172449	0.026717	-0.010296	-0.078887	0.019840	0.044724	-0.038830	-0.060680	0.096332	-0.117451	-0.111562	-0.076458	-0.159223	-0.022423	0.056570	0.047937	-0.095819	-0.039189	0.010251	-0.027936	0.009369	-0.152594	-0.093212	0.038752	-0.076405	-0.039448	0.030720	-0.054347	-0.031506	-0.012517	0.016313	-0.030984	0.055487	0.076530	0.100189	-0.031802	0.028766	-0.028752	0.109204	0.014441	-0.008371	0.024166	-0.017428
0.846718	-0.090425	0.215362	0.122475	0.076513	-0.083368	0.033779	0.160229	0.005336	0.010825	-0.120025	-0.005721	0.085303	0.025976	0.040786	0.019794	0.050574	-0.019734	-0.015950	-0.032458	-0.124549	0.069978	0.112131	0.041841	0.007028	0.014216	-0.029728	-0.147926	-0.072441	-0.020638	-0.030938	-0.015304	0.077959	0.035684	-0.063741	-0.057313	0.073264	0.077151	-0.029539	-0.068291	-0.013605	0.029661	-0.146494	-0.016627	-0.039248	-0.039558	0.093418	0.013186	-0.110979	-0.041849
0.748658	-0.237452	-0.166258	-0.315817	0.068097	0.047583	0.144168	-0.211136	0.022590	0.084570	-0.043272	0.047661	0.036723	-0.222810	0.025182	0.052337	0.061799	-0.034416	-0.011351	-0.024924	-0.150259	0.008850	0.031457	0.080360	0.122899	0.011160	-0.022560	-0.076763	0.028922	0.091518	-0.052016	-0.011237	-0.041180	0.037058	-0.036543	0.059492	0.004238	-0.048501	-0.038425	-0.064411	0.036838	-0.061106	-0.060282	0.039408	0.052862	0.108835	-0.054310	-0.059221	0.011115	-0.018446
0.768209	-0.013845	-0.040445	0.253503	-0.178633	-0.101763	0.054570	0.177365	-0.170182	0.108693	-0.105133	-0.065842	-0.017863	0.015206	-0.147588	-0.132949	-0.094269	-0.031595	0.147856	-0.228215	0.031590	0.076616	-0.021062	0.054507	0.086236	-0.012468	0.047166	-0.024550	-0.028190	0.083160	-0.019086	-0.059772	-0.045956	-0.043690	-0.031146	-0.077455	0.045086	-0.031076	-0.060801	0.010109	0.042564	0.127328	0.023593	0.011432	-0.074902	0.053707	0.009802	0.021418	-0.078690	0.054510
0.603841	-0.184717	0.477944	-0.029800	0.273844	-0.156652	0.083553	0.018958	0.051438	0.015410	-0.003362	-0.004038	0.095912	-0.059468	0.084222	0.034528	-0.030982	0.230883	-0.090593	-0.008703	-0.167735	-0.017062	0.124045	0.036150	-0.017654	0.002026	-0.040526	-0.047920	0.101423	-0.047446	-0.065517	-0.124990	0.050855	0.057420	0.074272	-0.118908	-0.036466	-0.004796	-0.036583	-0.082624	0.044379	-0.072161	-0.158628	0.075667	0.005616	-0.088173	0.073350	-0.032931	0.068505	0.068348
0.457100	0.016288	-0.178584	0.018409	0.025740	0.003787	0.100421	-0.170597	-0.101140	0.617373	-0.191601	0.086635	0.104382	0.097424	-0.039757	0.124791	0.249532	-0.064546	0.120594	0.076576	-0.050477	-0.163908	0.080688	0.087652	-0.001068	0.014236	-0.047907	-0.037605	0.005534	-0.053781	0.051010	-0.034655	-0.075318	-0.010648	0.015753	-0.112909	0.005557	0.093141	0.149448	-0.017219	-0.022679	-0.149897	0.057958	-0.019232	-0.067384	0.107218	0.064039	-0.010025	-0.084520	-0.016245
0.850813	-0.164987	-0.046336	0.102891	-0.142849	-0.134528	0.019661	0.036853	-0.011230	-0.000402	0.073257	0.019124	-0.036008	-0.060383	-0.031629	0.164143	-0.084519	0.063392	-0.029517	-0.148266	-0.072920	-0.063153	-0.045343	-0.011744	-0.053239	-0.049781	-0.107200	-0.040764	0.037551	0.048562	0.005546	0.009712	-0.049852	0.137478	0.012421	-0.047083	-0.059467	-0.051054	-0.073236	-0.014402	0.008421	0.095350	-0.034903	0.107966	0.136470	-0.023566	-0.075626	-0.041850	-0.071395	-0.006236
0.653429	-0.021443	0.150896	0.112552	-0.240301	0.036207	0.084240	0.133181	-0.107238	-0.013391	0.025846	-0.046872	-0.021959	-0.185181	-0.191506	0.245687	-0.069591	0.064482	-0.089137	0.101314	-0.099743	0.032598	-0.117040	-0.065978	-0.027846	-0.121277	-0.136548	0.004836	0.150417	-0.016346	0.003285	-0.091406	0.003893	0.044397	0.145570	-0.067307	-0.056811	-0.269572	0.004741	-0.131929	-0.083225	0.036421	0.066552	0.019152	-0.007475	0.065184	0.119969	0.047725	0.162903	-0.060100
0.823453	-0.120626	0.322246	0.039802	0.194377	-0.069322	0.100778	-0.106584	0.100941	-0.018450	-0.029915	-0.078979	0.026353	0.091265	-0.034553	0.047364	-0.172364	0.047990	-0.018346	-0.013029	-0.040978	0.008008	0.057917	0.020392	0.051339	0.073319	-0.147634	-0.020681	-0.022336	0.092314	-0.023697	0.066123	-0.002500	-0.028471	0.056623	0.010676	0.050823	0.015486	0.002080	0.056069	0.053186	-0.067828	0.002777	-0.004820	0.027155	-0.036299	-0.031821	0.068308	-0.012947	-0.005491
0.752410	-0.040555	-0.104463	0.401097	0.012187	-0.098691	-0.068426	0.011222	-0.071488	-0.049642	-0.051025	-0.067606	0.057997	-0.043701	0.049001	-0.025873	-0.009428	-0.031000	-0.105116	-0.099133	0.076718	-0.050884	-0.062429	-0.012879	-0.023529	0.235413	0.046129	-0.102808	0.025119	-0.143531	0.039169	-0.127342	0.124568	0.003445	0.027210	0.112069	-0.085235	0.061837	0.034586	0.022726	0.095561	0.092141	-0.012129	0.011201	-0.105166	0.007032	0.021851	-0.089688	-0.035601	0.010643
0.806096	-0.006989	0.035970	0.052579	-0.152919	0.027645	0.023980	-0.154903	0.034728	0.317453	0.090886	0.105837	0.096832	-0.077706	-0.007013	0.148811	0.071499	-0.063020	0.018324	-0.040647	0.042365	0.047907	-0.012615	-0.082987	-0.026968	0.033578	-0.062940	0.013010	0.012121	-0.092248	0.013200	-0.089730	0.073895	0.002781	-0.078944	0.059604	0.041081	-0.056870	-0.052320	0.073029	0.016861	0.072989	0.027814	-0.123567	-0.104417	0.150181	-0.044188	-0.048839	-0.073999	-0.009237
0.651785	0.102890	-0.009782	0.180745	-0.239760	0.082645	0.113482	-0.245628	-0.024551	0.394608	0.012758	0.187265	-0.038846	0.043628	0.074223	0.223041	0.098679	0.057124	0.188845	0.021505	0.017222	0.016365	0.004881	0.011559	-0.028550	-0.073487	-0.032979	-0.165156	-0.010059	0.081216	-0.023006	0.061599	0.002386	0.050767	-0.029918	-0.059205	0.066096	0.047990	0.041218	0.006870	0.055288	-0.016718	0.077582	-0.050053	-0.062960	0.035059	-0.115699	-0.011748	-0.047470	0.019990
0.432537	0.311347	0.134715	-0.153405	-0.265942	0.359497	-0.067250	0.069344	0.132439	0.096660	0.185032	-0.197934	0.203828	0.024706	0.061638	-0.327655	0.043055	-0.001803	-0.041070	-0.094263	-0.097797	0.117885	0.027258	-0.021724	-0.183394	-0.101157	-0.080382	-0.059053	-0.097135	-0.109544	-0.040372	0.009053	0.090733	0.105842	-0.010851	-0.084591	0.048778	-0.034954	-0.020995	0.015525	0.166313	-0.013119	-0.035990	0.052466	0.107874	-0.101157	-0.018684	0.061616	0.071942	-0.057076
0.537367	0.022195	-0.024059	0.142688	-0.073091	-0.040720	-0.348341	-0.344178	-0.226383	-0.100176	-0.159196	0.262649	0.336272	0.113823	-0.035644	-0.236339	-0.076736	0.017110	-0.012625	0.168011	-0.103250	-0.026384	-0.051105	-0.038544	-0.025768	0.005624	-0.102623	-0.068506	0.002212	0.004101	-0.055995	0.007048	0.017824	0.070680	0.002301	0.055261	0.072579	0.022568	0.016667	0.049796	0.017699	0.010706	-0.017759	0.005302	0.026216	0.054117	0.008217	0.107595	-0.045852	0.006466
0.673139	0.170076	0.172488	-0.158798	-0.247305	0.204411	0.054249	-0.076403	0.005544	0.163454	-0.176895	0.136882	-0.290300	-0.000460	0.130563	-0.045615	0.036014	-0.022321	-0.008382	0.062636	-0.007686	-0.191005	-0.046390	-0.044010	-0.065919	-0.063005	-0.123843	0.057564	-0.008521	0.007558	0.077115	-0.085274	-0.005523	0.040153	0.128742	0.014822	-0.055479	-0.030701	-0.072918	0.046048	0.034994	-0.086480	-0.044714	-0.009374	0.017869	-0.074997	0.044739	-0.044524	0.097280	-0.155811
0.409642	0.038100	-0.037486	0.173968	-0.228744	-0.121839	0.029225	-0.103206	-0.110868	0.135710	0.096786	0.069939	0.003679	-0.142348	-0.288966	0.008051	-0.064370	-0.127594	-0.162298	-0.022949	-0.127446	0.091156	-0.068223	0.004365	-0.054699	-0.061408	0.041656	0.081883	-0.090338	-0.160526	0.146911	0.090032	0.077403	-0.027615	-0.072648	-0.052787	-0.034684	-0.210392	0.230849	-0.212910	-0.278849	0.117026	0.150904	0.074459	0.268764	-0.031633	0.013339	0.137788	0.117816	-0.176904
0.734208	0.066456	-0.035851	0.259956	-0.065898	0.021103	0.144057	-0.219611	0.000625	0.042694	-0.025924	-0.024918	0.037527	-0.039342	-0.043287	0.077627	-0.154622	-0.089636	0.002721	0.023960	0.028155	0.167349	0.049609	-0.036886	-0.022954	0.043363	-0.031871	0.150616	-0.062905	-0.143560	0.111755	0.047902	0.053273	0.065102	-0.084501	-0.110758	-0.047333	-0.189685	0.087870	-0.136024	-0.135618	0.061419	0.040990	-0.102928	0.121559	0.069260	0.118038	0.079100	0.060294	0.023442
0.767646	0.022732	-0.048891	-0.225270	-0.197324	0.081610	0.088418	0.142011	-0.131788	-0.106129	-0.046592	0.088934	-0.104364	-0.035321	0.041885	0.004693	0.084666	-0.030824	-0.056442	-0.047644	-0.167481	0.043428	-0.118464	-0.146082	-0.076710	-0.099079	-0.122086	-0.081394	0.083920	0.009355	0.067439	-0.095756	0.050282	0.036677	0.037287	-0.032311	-0.011134	0.148502	-0.035718	0.007838	-0.081838	0.021988	0.100710	-0.079138	0.113232	0.047958	0.083597	0.088018	-0.088032	0.053654
0.780689	0.303961	0.002486	0.033170	-0.080053	-0.007818	-0.071383	0.069433	-0.056560	0.071914	0.167980	-0.098271	-0.015022	0.055249	-0.027551	-0.051985	-0.045457	0.020493	0.051023	-0.006667	-0.116110	0.016562	-0.065400	-0.194870	0.041923	0.037328	0.124807	-0.015641	0.015146	0.010058	0.111772	0.077823	0.016118	0.137753	0.035345	0.092745	-0.000920	0.097883	-0.005072	-0.072212	-0.057653	-0.054997	0.075808	-0.175679	0.103584	-0.021223	0.148863	-0.056045	-0.046318	-0.056279
0.777553	-0.239722	-0.078484	-0.252971	-0.147042	-0.011600	-0.144753	-0.063461	0.008072	-0.071049	0.068096	0.032013	-0.173268	0.135128	0.048464	-0.231860	-0.059406	-0.076266	-0.001224	-0.053479	0.080029	-0.054926	0.006009	-0.051735	-0.073967	-0.040374	0.060594	0.025618	-0.041063	0.058511	0.024041	-0.075914	0.029255	0.059382	0.024772	-0.016633	0.035632	0.090427	0.112390	-0.005337	0.009680	0.008828	-0.098506	-0.107712	0.020150	0.034566	-0.022064	0.047404	-0.066300	0.032899
0.732687	-0.133019	-0.044718	-0.145579	-0.012362	-0.135315	-0.253867	-0.056948	0.030536	0.021772	0.037501	-0.056507	0.005203	-0.042825	0.074304	-0.091222	0.035307	-0.014902	-0.088181	0.051350	-0.161511	0.008744	0.015148	-0.039535	-0.158919	-0.021205	0.016424	0.032068	0.066333	0.312236	-0.032951	0.013789	-0.043406	0.073554	-0.051480	0.130922	0.153321	0.001790	0.140695	0.004878	0.071518	0.017263	-0.103163	-0.189574	0.048268	-0.013994	-0.092814	0.078142	-0.068551	0.007659
0.747447	-0.064561	-0.056637	0.234780	-0.037116	-0.126680	-0.002939	-0.187481	-0.136485	0.083715	0.025938	-0.097924	-0.138460	0.058693	-0.058078	-0.092439	-0.174050	0.025897	0.018826	-0.047740	-0.030909	0.026884	0.035189	0.082364	0.102964	-0.013120	0.079057	0.115473	-0.078374	-0.179295	0.142980	0.088471	0.007889	0.047848	-0.014355	-0.086206	0.023789	-0.042838	0.113974	-0.013728	-0.034638	0.173108	0.092832	-0.065728	0.041418	0.154398	0.008556	0.013966	-0.008171	-0.141538
0.814167	0.006317	-0.022922	0.369148	0.001299	0.030830	0.085379	0.015467	-0.056277	-0.067786	-0.018622	-0.073196	-0.010469	-0.088271	-0.018665	0.052555	0.018314	0.036096	0.013475	-0.050820	-0.091735	-0.115482	0.081736	0.004387	-0.032301	-0.119550	0.137722	0.028602	0.057253	-0.089312	-0.043463	-0.027662	0.061359	-0.027039	0.115006	-0.051786	-0.001295	-0.109763	0.023369	0.000847	-0.105153	0.081716	0.112492	0.008064	-0.121523	0.049326	0.059861	0.000438	-0.034702	-0.003097
0.618796	-0.008722	0.037201	-0.026427	-0.044654	-0.026822	-0.113572	-0.146746	-0.016230	0.250641	-0.146538	-0.082197	-0.168965	-0.102697	-0.035051	-0.069723	-0.140437	0.019915	-0.082200	-0.004030	-0.155089	0.163545	0.089415	0.107352	-0.221700	-0.045316	-0.016291	-0.021140	0.345622	0.088034	-0.155010	0.015038	-0.092651	0.057735	-0.014110	0.097670	0.096017	0.029757	-0.131468	0.177602	-0.033388	0.165079	-0.002057	-0.044109	-0.114317	0.082575	-0.052379	0.017476	0.073673	-0.037863
0.772234	-0.217773	-0.177733	0.135067	-0.094437	-0.172018	-0.063190	-0.228546	0.029566	-0.153225	0.183923	0.071563	0.000995	0.044445	0.065516	-0.108514	0.004833	0.108398	0.015599	0.051458	-0.069026	0.095156	0.038085	-0.021924	-0.033821	-0.048441	0.066836	-0.051951	0.095754	-0.114789	0.000434	-0.089462	0.056073	0.007344	0.020699	0.043748	-0.002788	0.028756	0.075896	-0.094058	-0.076889	-0.047762	0.003817	0.032050	0.104676	-0.011511	0.073651	-0.036840	0.098104	0.034436
0.766236	-0.038274	-0.129224	0.337576	-0.173056	0.033776	0.092274	0.041641	-0.068034	-0.148039	0.020808	-0.029915	-0.042079	-0.080676	0.053985	0.028482	0.069591	-0.082766	-0.094854	0.197003	0.059033	-0.018226	0.015371	-0.057859	0.048350	-0.005484	-0.038160	0.034629	0.105871	0.013689	0.017606	-0.223363	0.028895	-0.040070	0.035760	0.016438	0.054917	-0.040777	-0.025903	0.062671	0.004605	0.107053	0.185683	0.033391	-0.024880	0.017979	-0.024148	-0.052567	0.023071	0.029369
0.737706	-0.217391	0.324370	-0.125713	0.112751	-0.067118	-0.199875	0.014216	0.046869	-0.066680	0.136246	0.027753	0.055369	0.019541	-0.137752	0.132941	-0.007411	-0.092621	0.126062	-0.110744	0.100382	0.035437	0.047699	0.113035	0.073626	0.018254	0.044490	-0.025716	0.164624	-0.057045	0.027638	-0.095006	-0.036033	0.055762	-0.095722	0.097867	-0.009504	0.051553	0.013295	-0.028350	0.006487	0.021675	0.013562	0.101346	-0.080870	-0.055902	-0.006145	-0.002835	0.037606	-0.058184
0.589369	0.035402	0.207652	-0.173780	-0.076107	0.331729	0.042669	-0.057316	-0.039585	-0.174575	-0.086051	0.077449	-0.121319	0.030037	0.048344	0.025758	0.030413	-0.138379	0.293808	0.045660	0.025947	0.101551	0.057989	0.017344	-0.095979	0.111583	0.024211	0.253814	-0.077535	-0.057319	0.035401	-0.000571	0.096393	0.161424	0.142358	-0.017442	-0.080937	-0.004134	0.132205	-0.079929	0.131666	0.067161	-0.135828	0.142492	-0.012266	-0.062491	-0.117799	-0.057288	0.013604	0.066001
0.739099	-0.267106	0.193085	-0.065903	0.045312	-0.162003	-0.207349	-0.170783	0.069379	0.087978	0.117973	-0.043078	-0.082180	-0.203568	0.067348	-0.131749	0.061599	0.005881	-0.054988	0.014201	-0.058214	0.037542	-0.021257	-0.060407	0.070844	-0.092847	-0.003452	0.053024	-0.118625	-0.036458	-0.069524	-0.086228	-0.139659	0.065399	-0.012192	-0.090507	0.012379	-0.011161	0.141155	0.003023	-0.024474	0.055387	-0.083021	-0.058965	0.099444	-0.022388	-0.027738	-0.044624	-0.023410	0.041641
0.579718	0.440305	-0.023412	-0.146657	0.125626	-0.183849	-0.137524	0.213476	-0.078038	0.003271	0.072458	0.061175	-0.018808	-0.015496	0.120408	-0.057950	-0.089185	-0.116472	0.131276	0.074620	0.058662	0.148269	-0.091673	0.270593	-0.137326	0.068609	0.076322	-0.070881	0.072973	0.109111	0.055064	0.054413	0.054189	-0.004237	-0.002515	-0.082105	0.010692	-0.103970	-0.007612	-0.096223	-0.000274	0.038003	0.003063	0.004103	-0.012092	0.040711	-0.001445	-0.195268	0.128938	-0.058397
0.739746	-0.075715	-0.162680	0.191198	0.028741	-0.017742	-0.014202	-0.002428	-0.095339	0.031057	-0.054581	-0.124202	-0.108247	0.003833	0.076046	-0.009226	0.042303	-0.033056	-0.161808	0.120916	-0.124068	-0.042034	0.108462	0.085503	0.014836	0.019183	0.196593	-0.064895	-0.099652	0.070666	-0.053535	0.158717	0.040290	-0.075154	-0.001136	-0.018053	-0.059299	-0.011096	0.127487	-0.196471	0.026295	-0.018140	-0.128869	0.071977	0.057653	0.225027	0.000073	0.162661	-0.026376	-0.015787
0.517162	-0.036809	-0.030105	0.032413	-0.146244	-0.056819	-0.196330	-0.272345	-0.147770	0.424310	-0.137037	0.188853	0.061402	0.100468	0.040082	0.032094	-0.059112	0.113282	0.086129	0.208120	-0.152880	-0.015165	0.060426	0.060985	-0.002403	-0.056063	0.000820	-0.165732	-0.088584	0.054971	-0.078920	0.087666	0.135295	0.267760	-0.057576	-0.069440	0.114999	0.018708	0.089905	-0.017794	-0.010227	0.031301	0.094775	-0.070317	-0.037863	0.035342	-0.087771	0.032553	-0.136157	0.023246
0.767337	-0.050292	-0.096393	0.277054	-0.086879	-0.122414	-0.083834	-0.146612	-0.184394	0.095218	0.000531	-0.114699	-0.055358	0.117738	-0.095787	-0.108976	0.037894	-0.049556	0.098451	0.006485	-0.021085	0.037191	-0.001496	-0.038074	0.022520	0.008564	0.075642	-0.003936	-0.081698	-0.034913	-0.046730	0.011382	-0.101770	-0.115670	-0.021645	-0.082849	-0.067528	-0.015250	0.039457	-0.120014	-0.090629	0.089827	-0.059342	0.051842	-0.066854	0.144209	0.124136	0.075611	-0.147502	-0.038252
0.734510	-0.145782	-0.031738	-0.219091	-0.133513	-0.078029	-0.048710	-0.042005	0.104875	-0.030690	0.135900	-0.009860	0.042214	-0.063169	0.038971	0.112835	-0.105465	0.055583	-0.036177	-0.161576	0.017707	0.043397	0.040097	0.095380	0.152636	-0.077824	-0.099251	-0.228727	0.042613	0.008999	-0.080993	0.098473	0.082177	0.111114	0.053479	0.068832	0.023787	-0.150887	0.077787	0.037595	0.079455	-0.066615	0.094814	0.059469	0.186827	-0.015779	0.051101	0.001671	0.095334	0.140789
0.778837	-0.237893	-0.072707	-0.242513	-0.038749	-0.039195	-0.020631	-0.051525	0.054552	0.028741	-0.049495	-0.052075	-0.018985	0.045573	0.107377	0.002597	-0.121134	-0.059894	-0.101317	0.013812	-0.076479	0.127476	0.033498	-0.111678	0.059152	0.186969	-0.142528	-0.101901	0.135955	-0.047371	0.051594	0.048659	0.041733	-0.050480	0.041950	-0.064795	-0.023264	-0.001435	0.003454	-0.014990	-0.071226	0.077883	0.145874	-0.062166	-0.145259	-0.044534	0.035983	0.054355	-0.033863	0.092484
0.527918	0.022779	-0.028235	0.083786	-0.113224	0.046211	-0.083756	-0.056186	-0.119310	0.068151	-0.028013	-0.075245	0.030499	-0.123421	-0.152353	0.239920	0.049953	-0.126406	-0.209176	0.352532	0.234806	0.291233	0.160040	0.135737	0.011276	0.201146	-0.043423	0.019776	0.027860	0.119427	-0.007571	-0.142190	0.114689	0.070130	-0.020821	0.086786	0.073204	0.015688	0.163353	-0.123736	0.007833	0.055355	-0.023043	-0.059279	0.099934	-0.034265	0.128430	-0.042834	-0.077480	0.024594
0.677095	-0.023373	0.487945	-0.134768	0.134341	0.141914	0.117506	-0.015513	-0.085098	0.052884	-0.068037	0.025199	-0.006038	0.035521	0.020215	0.145658	-0.040707	0.057531	-0.036857	0.106668	0.060649	0.000681	-0.004461	0.001801	-0.127750	0.090542	-0.085314	-0.155562	-0.048662	-0.068906	-0.052346	0.156699	0.016545	0.103657	0.021965	0.072248	-0.001809	0.046062	0.039746	0.008443	-0.029363	0.163220	-0.071839	-0.020012	-0.041868	0.000540	-0.030288	-0.024149	0.106484	0.119654
0.740597	-0.063015	0.053429	0.090157	0.026360	-0.011095	0.040731	-0.150973	0.008064	0.009141	0.009603	-0.107872	-0.115069	0.217211	-0.004634	-0.058998	-0.058480	0.102925	0.019788	-0.012945	-0.004703	-0.046325	0.057831	-0.141066	0.149330	-0.168157	0.046918	-0.040854	0.017435	0.069798	0.004258	0.209067	0.156347	-0.142507	0.189067	-0.132990	0.054683	-0.154677	0.028945	0.048557	-0.062192	0.081070	0.041739	-0.025519	-0.119494	-0.002425	0.069887	0.031621	-0.132905	0.114872
0.617757	-0.116627	-0.040537	-0.157973	-0.202708	0.086300	-0.055831	0.166211	-0.053817	-0.044550	-0.014603	0.076198	-0.216897	0.157666	-0.135342	-0.356150	0.104085	0.033375	0.124111	-0.064759	0.033789	-0.055797	0.187907	0.005730	-0.014029	-0.008716	-0.003892	0.013622	-0.062371	0.101659	-0.144284	-0.060024	0.030501	0.124461	0.022952	0.086489	0.150047	0.060089	-0.097687	-0.011043	0.019824	0.027945	-0.127444	-0.117752	0.067114	0.022808	0.068069	0.175041	-0.094144	-0.141459
0.517016	-0.403677	-0.132307	-0.278610	-0.063841	-0.182066	-0.076155	-0.148995	0.171443	-0.127462	0.402277	0.032860	-0.006031	-0.088812	-0.047752	-0.050154	-0.022684	0.073347	0.102157	0.098099	0.074525	0.033746	-0.003251	-0.046355	-0.097281	-0.167639	0.056680	-0.060436	0.106835	-0.050602	0.061593	-0.060401	-0.019601	0.127923	-0.029496	-0.123321	0.033162	0.152742	-0.027421	-0.051738	0.032748	0.040272	-0.073748	0.030337	-0.053847	0.063062	-0.074728	-0.059176	-0.033658	0.025198
0.482754	-0.010129	-0.029553	0.113601	-0.010467	0.029751	0.035097	0.026936	-0.019467	0.112172	-0.140756	-0.011981	-0.063576	0.062994	-0.195799	-0.190134	-0.086547	-0.151347	0.082839	-0.298474	0.171311	0.181116	-0.104811	0.119864	0.038269	0.103441	-0.037583	0.031135	0.061131	0.207416	0.142016	0.007589	0.114006	0.075459	-0.037956	0.017293	-0.132423	-0.083662	-0.172682	0.058771	-0.173441	-0.013836	-0.204471	-0.288281	0.009109	0.046437	0.154073	-0.093216	0.059106	-0.260256
0.670034	0.041458	0.028791	0.046290	-0.065292	-0.003017	-0.092900	-0.162537	0.006378	0.042535	-0.017091	0.192516	0.022649	-0.026443	-0.059177	-0.162120	-0.115632	-0.081110	0.031171	0.033757	-0.223936	0.316153	0.118150	-0.034963	-0.078646	-0.141549	0.077744	0.008067	0.191422	0.022406	-0.142435	-0.088148	-0.089819	0.166943	-0.152556	-0.117936	0.052946	-0.103805	-0.005695	0.010343	-0.038305	0.150881	0.040545	-0.017977	-0.082665	0.164588	0.020169	-0.050698	0.004908	-0.044785
0.697775	-0.183935	0.349846	0.014869	0.187176	0.002474	-0.033541	-0.074628	0.053904	-0.025833	0.104265	0.108496	-0.112502	0.157292	0.051507	-0.149862	0.093833	-0.063887	-0.062923	-0.030666	0.014049	0.019967	0.090236	-0.028471	0.173725	0.088298	0.090223	-0.082948	-0.006832	0.010201	0.024795	-0.023467	-0.007668	0.061112	0.101987	0.031733	-0.093162	-0.007739	0.139457	0.135289	0.008314	0.051916	0.114125	0.071483	-0.050341	0.042960	-0.201863	-0.028471	0.126593	0.000519
0.608486	0.074228	-0.039257	-0.066212	-0.163290	0.158664	0.110616	-0.087183	0.260298	-0.198896	-0.185634	0.056499	-0.082806	-0.061412	0.090728	0.034066	-0.094536	0.074840	0.034421	0.061591	-0.034265	0.044524	-0.059301	-0.109454	-0.346679	-0.148691	-0.099161	0.053336	0.075460	-0.245057	0.175137	-0.033239	-0.062846	0.056268	-0.031362	-0.094146	-0.034041	-0.041327	-0.028762	-0.059508	0.047909	-0.010233	0.034511	-0.126223	0.104802	0.037845	-0.116916	-0.104634	0.100787	-0.008253
0.493630	0.010166	0.202199	-0.148517	-0.220448	0.302426	-0.217891	-0.058621	-0.083030	-0.087094	-0.079196	-0.106892	-0.217212	-0.089735	-0.035311	0.037394	0.101417	-0.067215	-0.173357	0.289381	0.011940	0.066800	0.179533	-0.043697	0.094098	0.149322	0.050606	0.012614	0.239375	-0.041728	0.043377	-0.077998	0.007200	-0.098645	0.040236	-0.209538	-0.101350	0.119794	-0.007346	-0.052104	0.094489	0.066916	0.037930	0.040686	0.027360	0.054898	0.154959	0.115457	0.060192	0.010349
0.398666	0.086128	-0.019369	0.002143	-0.202199	-0.032604	0.043132	-0.159978	-0.080881	0.533751	-0.031498	0.225780	0.048394	0.159962	0.075699	0.305187	0.053983	0.127238	0.122041	0.218749	-0.022066	-0.156808	0.008794	0.048693	-0.085014	-0.020969	-0.004415	-0.093892	-0.025423	0.002973	-0.135153	0.051210	0.061428	0.125628	-0.094274	-0.081370	0.060807	-0.049741	-0.004027	0.002435	0.007948	-0.063909	0.056766	-0.123969	-0.127562	-0.007128	-0.168941	0.032873	-0.181078	0.059318
0.754710	-0.197433	-0.148461	-0.259988	0.022871	0.087242	0.205933	0.059734	-0.167420	0.004714	-0.181526	0.001449	0.116453	-0.251516	-0.095047	-0.056780	-0.049611	-0.005714	-0.020610	-0.045438	-0.071650	0.074839	-0.049284	0.016152	0.085817	0.057550	-0.061447	0.001310	0.004880	0.046277	-0.058449	0.024652	-0.059643	0.013558	0.050905	-0.005150	0.084186	-0.077248	-0.036665	0.131361	-0.024059	0.057188	-0.094320	-0.028842	-0.010125	-0.037545	0.021993	-0.058536	0.021544	-0.032789
0.399753	-0.123034	0.057778	-0.085144	-0.102794	-0.079572	-0.036605	0.056899	-0.076352	0.258183	-0.003133	0.106204	0.043946	-0.071239	0.020210	-0.017283	0.008682	-0.046218	-0.073118	0.129934	-0.048250	0.183631	0.149733	0.165535	-0.175456	0.112134	0.138594	0.059368	0.141591	0.078804	0.110098	0.168946	0.088025	-0.194106	0.122925	-0.175481	-0.104460	0.187693	-0.015703	0.022098	0.220698	-0.098384	-0.072970	0.001101	0.006593	0.431010	-0.124997	0.066970	0.209468	0.080406
0.566402	-0.099742	0.066231	-0.017639	-0.112724	-0.009164	-0.044712	-0.172549	-0.105619	0.110393	-0.041800	-0.077857	-0.146896	-0.006047	-0.097391	-0.057690	0.091262	0.042598	-0.281988	-0.054695	-0.224198	0.119573	-0.074405	-0.077151	0.163377	-0.053863	0.186137	0.066185	0.113525	0.064618	-0.099952	0.102918	-0.164376	0.118127	0.045217	-0.140649	-0.080433	-0.071067	-0.150631	0.006430	-0.130999	0.167735	-0.070468	0.126132	0.139446	0.134893	-0.230301	-0.074115	-0.140172	0.019712
0.295501	-0.015976	0.005184	0.006507	-0.126800	0.043201	-0.106048	-0.185248	-0.027563	0.202494	0.020090	0.077991	-0.111558	-0.118181	-0.108856	-0.060038	0.133171	0.013014	-0.115582	-0.086493	-0.158337	0.240797	0.174555	-0.122876	-0.118156	-0.034195	0.194696	0.189011	0.177750	0.115535	-0.262659	0.243295	-0.151554	0.105555	-0.218452	0.143524	-0.057586	0.267192	-0.177521	0.007245	0.083376	0.009544	0.279191	0.100765	0.136989	0.035165	0.002228	-0.039298	-0.018339	-0.061168
0.565018	0.068180	0.118327	-0.067830	-0.218997	0.157284	-0.141108	-0.010964	-0.022056	0.103322	-0.122464	-0.004402	-0.163872	0.069312	-0.113403	-0.222191	0.020984	-0.122146	-0.152553	-0.004747	-0.226037	0.193067	0.180523	-0.248003	-0.054872	-0.082039	0.035050	0.086820	0.197758	-0.108440	0.091365	0.132535	0.030383	0.073551	-0.030031	-0.063626	-0.137477	-0.056458	-0.143053	0.093177	-0.034872	0.049637	0.031239	0.034105	-0.086393	0.167407	0.129668	-0.024210	-0.078447	-0.030409
0.724186	0.168939	0.075270	0.068282	-0.060517	0.184889	-0.020474	-0.079405	-0.123652	-0.059618	-0.145655	0.036583	-0.280825	-0.107394	0.102417	-0.187210	-0.141668	-0.015263	-0.006204	-0.071352	0.029838	-0.015335	-0.078829	0.064983	-0.105684	0.068192	0.132799	-0.019867	-0.133935	0.001346	-0.069390	-0.108802	-0.136853	0.080827	0.071396	-0.104535	-0.090618	-0.024089	0.040356	-0.035477	-0.054099	-0.111230	-0.009536	-0.052030	-0.108006	0.135685	0.009426	0.021689	0.007148	-0.087169
0.428610	0.204739	-0.062142	-0.054203	-0.149352	-0.100108	-0.049475	-0.086103	0.038987	0.545974	-0.046071	0.181255	-0.011747	0.041952	0.089582	0.246291	0.094115	0.071867	0.138732	0.165106	-0.014074	-0.224663	0.103246	-0.140338	-0.151942	0.002481	0.129118	-0.028838	-0.021711	0.147955	0.012866	-0.110821	0.046861	0.153347	-0.114424	0.103089	-0.033677	-0.024102	-0.014889	0.004821	0.106377	-0.078610	0.064038	-0.058639	0.011144	-0.131994	-0.027866	-0.024529	-0.038895	-0.079979
0.733731	-0.038768	-0.109791	-0.172087	0.034844	0.102196	0.006470	-0.137114	-0.048648	0.200084	0.028430	0.045448	0.044465	0.077002	-0.059316	0.150231	0.124563	0.029432	0.143233	0.083293	-0.052649	-0.037161	0.042077	0.100502	0.046320	0.141465	0.025913	0.136950	-0.094918	-0.129370	0.066794	0.026889	0.210102	0.099211	-0.128679	0.017078	-0.087675	-0.125087	0.127879	0.098404	-0.072856	-0.052231	0.052837	-0.083288	-0.058196	-0.070321	-0.027979	-0.127145	-0.087425	0.073698
0.761028	0.015377	-0.055579	0.344086	-0.155951	-0.056549	0.026858	0.045469	-0.166610	-0.024167	0.037628	-0.050603	-0.058866	-0.183229	-0.082788	0.093866	0.068454	-0.002027	-0.126681	0.065494	-0.031344	0.122539	-0.061295	-0.021892	-0.006058	-0.004143	0.091570	0.006306	-0.116939	-0.123545	-0.095180	-0.116548	0.034029	-0.062129	-0.017036	0.044945	-0.009836	-0.108559	0.093783	-0.004220	-0.011259	0.057719	-0.041455	-0.154314	-0.059863	0.062782	0.087006	-0.027671	-0.069799	0.026827
0.636309	0.114578	0.062295	-0.009900	-0.066042	0.199992	-0.030805	-0.014230	0.098874	-0.009715	-0.249925	0.063271	-0.042338	-0.114456	-0.001450	0.116033	-0.044601	-0.229275	0.012360	-0.158885	0.089611	-0.063985	-0.016035	-0.016748	0.015298	-0.014910	-0.073970	-0.018038	0.299305	-0.129354	0.180697	-0.176402	-0.009703	-0.097448	-0.049905	-0.038100	-0.088224	-0.059826	-0.194773	-0.176678	-0.016490	-0.077955	-0.135204	0.004905	0.047800	-0.000802	0.073940	0.157719	-0.056194	-0.066034
0.703999	-0.119281	0.011373	0.142952	-0.022549	0.015575	-0.067669	-0.000246	-0.049438	-0.101206	0.135659	0.009250	0.083077	-0.061941	-0.086046	0.155006	0.172125	0.048166	-0.007793	0.121604	-0.149458	-0.166972	0.009528	0.055714	-0.148744	-0.148186	-0.021045	0.014414	0.177523	0.055693	0.095367	0.080989	-0.040143	0.137838	-0.086271	0.141398	-0.064936	-0.238343	-0.117153	-0.113944	-0.028624	-0.008808	0.033796	-0.146374	-0.103558	-0.030222	-0.052578	0.047615	0.079583	-0.116018
0.747200	-0.206898	-0.247240	0.009960	0.015750	-0.047525	0.144484	-0.209092	-0.027794	-0.010187	0.176576	0.012272	-0.116782	0.085911	-0.002643	-0.211527	0.021406	-0.043886	0.015610	0.066985	0.041353	0.081763	0.074155	-0.103291	0.075315	-0.067885	0.011396	0.016218	0.016777	-0.022597	0.028520	0.111107	0.067903	-0.120181	0.092662	-0.060122	0.025586	0.045117	0.110507	0.061851	-0.020451	-0.023536	0.080212	0.006787	-0.182678	-0.071587	0.111084	0.077639	0.030804	-0.032115
0.438755	0.050200	0.003906	0.014390	-0.018204	-0.024444	-0.236311	-0.240774	-0.201869	-0.206073	-0.251150	0.217406	0.369220	0.061857	0.004844	-0.091731	-0.061225	0.246615	0.064541	0.062455	-0.212759	0.032793	-0.070328	0.039493	0.012360	-0.149413	-0.026234	0.006854	-0.029989	0.020207	0.163780	-0.134874	-0.012014	0.095139	-0.072431	0.001635	-0.052441	0.213722	-0.014017	-0.066368	-0.061132	0.098359	0.012139	0.051641	0.014911	0.148771	0.044885	-0.195142	0.030354	0.075990
0.677707	-0.069088	-0.016220	-0.083139	-0.246075	0.167803	0.108714	-0.079150	-0.012999	0.117203	-0.077742	0.081846	-0.056634	-0.191372	0.063644	-0.079949	0.042272	-0.105500	-0.134536	0.148747	-0.133163	0.056507	-0.035320	-0.077478	0.021909	0.043988	-0.039523	0.160320	-0.068529	0.202755	0.068790	-0.016346	0.032923	0.092309	-0.005104	-0.156233	0.038332	-0.143269	0.156092	0.011399	0.029141	-0.148359	-0.054662	-0.142342	-0.187727	0.118785	0.007183	0.018473	0.077558	-0.029126
0.563004	-0.025723	0.017822	-0.155926	-0.206428	0.113484	0.069241	-0.037817	-0.058136	0.253271	-0.084469	0.127801	-0.025011	0.064961	-0.047455	0.231182	-0.079153	0.031225	-0.006561	0.168787	-0.075571	-0.038353	0.157258	0.111155	-0.095252	0.040250	-0.169776	-0.053298	0.118291	0.183893	-0.046856	0.088662	0.139903	0.156279	-0.119831	-0.227822	0.185671	-0.013883	0.081121	0.000773	-0.078200	-0.003807	-0.059052	-0.256942	-0.035172	0.080165	-0.024710	0.166303	-0.031319	-0.012869
0.531790	0.197495	-0.072632	0.067544	0.064523	0.095939	-0.006754	0.016442	-0.095921	-0.025132	-0.039835	-0.154392	-0.096698	-0.023197	-0.013174	-0.097692	-0.014871	0.032893	-0.110700	0.269980	0.096286	0.099924	0.277353	0.011202	0.198551	-0.122254	-0.011841	0.044595	0.193512	0.212298	-0.139500	-0.268414	-0.040782	0.209847	-0.007051	0.051692	0.193869	0.062656	-0.095752	-0.038194	0.085968	-0.056655	-0.036061	-0.038349	0.092360	0.208890	0.087388	0.000349	-0.110190	0.025763
0.618753	-0.023345	0.129398	0.226188	0.111335	-0.052994	-0.028473	0.160641	-0.067127	0.056778	-0.098013	-0.104171	0.076829	-0.016929	0.057393	0.020612	-0.129867	-0.110358	-0.039709	0.280782	0.050583	0.083887	0.188458	0.155991	-0.115441	-0.031971	0.018806	0.023913	-0.077609	0.014527	0.137757	0.174674	-0.095375	0.074736	-0.003130	0.116559	-0.115365	-0.082064	0.012637	0.082962	-0.017232	-0.046786	0.131590	-0.222212	0.065773	0.011596	-0.038832	0.260125	-0.026972	-0.141327
0.721482	-0.011102	-0.084125	0.454026	-0.084929	-0.053953	0.123581	-0.155192	-0.021666	-0.023637	0.028743	-0.044676	-0.111634	-0.057923	0.018890	0.033666	0.025406	0.065342	0.035566	-0.129704	-0.084853	-0.023491	-0.005709	-0.001024	0.038809	0.067779	-0.039150	-0.109986	0.039223	-0.007299	0.019777	-0.078566	0.103342	0.023820	-0.022525	-0.060696	-0.004687	0.017795	-0.006090	0.116329	0.064247	0.185753	0.006822	0.009076	-0.022591	0.158401	-0.073995	-0.133230	-0.123112	-0.068708
0.667056	0.047648	-0.025752	0.035490	-0.179177	-0.033588	-0.021937	0.226081	-0.153903	-0.049945	-0.180743	-0.029776	0.133269	-0.099172	0.252683	-0.110325	-0.051200	0.039485	0.013445	0.228404	-0.076213	0.081426	-0.134591	-0.154590	0.021168	-0.152239	0.011026	-0.080872	0.083672	-0.036227	0.037529	0.068749	-0.047641	0.110878	0.091369	-0.035569	0.133237	0.088163	-0.072230	0.052491	-0.207177	0.156309	-0.002345	0.112769	0.040831	-0.016069	0.041625	0.035663	-0.058048	0.029987
0.651866	0.101664	-0.192388	-0.154086	-0.017490	-0.129778	0.176483	-0.101387	-0.003227	0.082728	-0.008372	0.109285	0.083994	-0.052842	-0.000989	0.024357	-0.014693	-0.031318	-0.164303	0.120497	-0.006804	0.009388	-0.016687	0.013296	-0.053264	-0.026320	-0.216125	0.063783	-0.133597	-0.135151	-0.103038	-0.136270	0.029511	-0.081034	-0.014859	-0.166296	0.042818	-0.001115	0.008558	0.130986	-0.053705	0.067615	-0.082353	0.058067	-0.248606	0.263182	0.129521	0.146581	-0.043173	0.100019
0.597506	-0.337502	-0.063076	-0.281872	-0.088193	-0.096715	-0.188423	-0.201108	0.081052	-0.083796	0.269865	0.064939	-0.115677	-0.103789	0.087155	-0.122098	0.019168	0.035416	0.086628	-0.053590	0.150217	-0.025888	0.025796	0.021510	0.084409	-0.165004	-0.014757	0.201453	-0.073348	0.069072	-0.080716	0.061287	-0.120726	0.076375	0.043119	-0.051242	-0.021080	0.088221	-0.012955	-0.048247	0.042232	-0.029810	0.051751	-0.081759	0.080707	0.047071	-0.145135	-0.054050	-0.043556	-0.032834
0.457840	0.067221	0.067100	0.225519	-0.094418	0.105536	0.054053	-0.230273	-0.050278	-0.027879	0.063376	0.002563	-0.148090	-0.068175	-0.145236	0.176423	0.013934	-0.047783	-0.138075	0.229963	0.077508	0.309261	0.277372	-0.007181	-0.087115	0.153383	-0.016784	0.149342	0.120581	0.020656	-0.127245	0.016056	0.036534	-0.070662	-0.019093	-0.187818	-0.041069	0.130414	0.040715	-0.197899	0.106119	0.091494	0.262963	0.073272	0.134574	-0.029802	-0.034255	0.088423	-0.073910	-0.033351
0.565348	0.060127	0.030294	0.129645	-0.324093	0.269570	0.091731	-0.034326	-0.080223	-0.095249	0.005316	0.055615	-0.297228	-0.068665	0.017609	-0.130649	0.058683	-0.016306	0.254157	0.008161	-0.246066	0.102842	0.033446	-0.093752	0.037117	-0.069831	0.133547	-0.019938	0.023570	0.090303	-0.138453	-0.049593	-0.114858	0.098033	0.054061	0.020219	-0.114929	-0.102194	-0.050911	-0.035376	0.140623	-0.023243	-0.087936	0.051124	0.006150	0.120303	0.014458	0.046243	-0.083796	0.173994
0.447585	-0.089201	0.078060	-0.110616	-0.185761	-0.118888	-0.138469	-0.167516	-0.016269	0.403633	0.093665	0.214169	0.043946	-0.151964	-0.148726	0.237870	0.018863	-0.145623	-0.086322	-0.222397	-0.021823	-0.031762	-0.170580	0.145494	0.186776	0.001089	-0.084349	-0.091389	0.194528	0.125991	0.101388	0.066647	0.149914	-0.007516	0.027346	-0.009397	-0.076377	0.080054	-0.002344	-0.148429	-0.035628	0.097103	0.091025	-0.031479	0.062335	0.074736	-0.087368	-0.079762	-0.073371	-0.021649
0.598747	0.034582	-0.067259	0.163497	0.041575	0.015999	-0.004693	-0.260176	-0.133821	-0.143223	0.091960	-0.141454	-0.327481	0.089234	0.145670	0.116066	0.016254	0.058833	-0.020585	-0.062125	-0.150546	0.048091	-0.113701	-0.041623	0.087159	-0.011579	-0.081310	-0.171531	0.232186	-0.029988	0.037707	-0.011796	0.041761	-0.032552	0.037288	-0.164899	0.009616	0.051086	0.153100	-0.075323	-0.000352	0.082058	0.030464	0.064210	0.057348	-0.014756	-0.248986	0.167027	0.014789	-0.078639
0.515381	0.094890	0.016918	0.189016	-0.226948	0.157814	-0.018735	0.020189	-0.002627	0.046145	0.192713	-0.311151	0.147248	0.113415	-0.059245	-0.225040	0.087767	0.074135	-0.146256	-0.113942	-0.042913	-0.139207	0.037457	0.003392	-0.149586	-0.065683	-0.118524	0.081497	0.103699	0.032461	0.005972	0.082603	-0.070928	-0.167498	-0.018930	-0.225696	-0.094741	-0.209436	-0.063708	-0.000907	0.108781	-0.018291	-0.148931	0.009624	0.084991	-0.010413	-0.089851	0.059442	-0.155913	0.179401
0.435827	-0.047230	0.148549	-0.236856	-0.211099	0.229121	-0.319384	0.125356	-0.098793	-0.033798	0.013507	-0.082349	-0.225205	-0.072079	0.025303	-0.046024	0.087482	-0.130746	0.081672	0.109109	-0.183578	-0.095612	-0.017276	-0.032083	-0.000355	-0.046898	0.083255	-0.101635	0.195829	-0.181026	0.179055	-0.147879	-0.004161	-0.158285	0.176521	-0.006082	-0.224991	0.080819	-0.027874	0.012935	0.099583	0.148247	-0.029069	0.040006	-0.030235	0.182182	-0.014349	0.126578	-0.059597	-0.061234
0.536750	0.005426	0.203610	0.080461	-0.153148	0.156262	0.002382	0.195147	-0.106481	-0.024454	-0.132632	0.024920	-0.154368	-0.010588	0.060987	-0.197399	0.080896	0.059412	0.051589	0.046615	-0.085492	-0.205054	0.054726	-0.048118	-0.090191	-0.097520	0.103964	-0.039435	0.126918	-0.078304	0.060908	-0.149968	-0.066589	0.192312	0.070445	0.093742	-0.006563	0.025528	-0.002404	-0.081330	0.125511	0.040515	0.050091	-0.121649	0.257430	-0.008260	-0.123515	0.310841	-0.007166	-0.240264
0.529750	0.086207	0.107502	0.080368	0.148823	0.060232	0.110198	0.061415	-0.041713	-0.028905	-0.125416	-0.117869	-0.061327	-0.005139	0.116923	0.085087	-0.167847	0.174858	0.044498	0.056871	-0.012683	-0.074599	-0.184164	0.298480	-0.210074	-0.060749	-0.074743	0.039432	0.127345	-0.096609	-0.016500	-0.158168	-0.110243	0.092650	-0.017453	-0.123168	-0.124544	0.062962	0.058759	0.159781	0.178739	-0.085595	-0.085699	-0.158729	0.263480	0.255684	-0.004015	-0.047306	0.004315	-0.057276
0.637332	-0.017970	-0.129632	0.417850	-0.055536	-0.090359	0.016224	-0.178686	-0.182809	-0.123114	0.006302	-0.031852	0.000436	-0.056621	-0.050868	-0.102718	0.122237	0.023339	-0.112143	0.131629	-0.011513	-0.204058	-0.086103	-0.062593	-0.039843	0.054623	0.060115	-0.113865	-0.080590	-0.021424	-0.049477	-0.016070	-0.017541	0.090331	0.067917	-0.000565	-0.029223	0.044993	-0.007125	0.012296	0.027180	0.155982	-0.229294	-0.007469	0.031185	0.052426	0.049653	0.223929	-0.105002	0.046319
0.603110	0.025391	-0.045262	0.330316	-0.137020	-0.003955	0.044792	-0.246623	0.000704	-0.066645	0.177758	0.024568	-0.078161	0.076295	-0.106190	0.160174	0.103896	-0.179856	-0.122554	-0.054966	-0.133059	0.040560	-0.068200	0.038335	-0.110168	0.096473	0.074226	0.066466	0.052303	-0.015935	0.044768	0.087433	0.033235	-0.082404	-0.043083	0.204010	-0.077797	-0.011157	-0.053909	-0.207125	-0.128294	0.178737	0.168929	-0.087275	0.134010	-0.005184	0.007828	-0.015739	0.028171	-0.140232
0.579855	0.148956	0.126648	-0.050279	0.004393	-0.071143	-0.139450	-0.058053	0.088299	0.095434	0.063557	-0.041825	-0.098707	-0.060615	-0.125098	0.038634	-0.138104	-0.044546	0.064568	0.079229	-0.086245	-0.249474	-0.062067	-0.330635	-0.168658	-0.024161	0.152388	0.016948	-0.137867	0.220910	0.135680	-0.084307	0.003821	0.038329	-0.176974	-0.027557	0.109804	-0.009804	0.222027	-0.087047	0.004156	0.020609	-0.064525	-0.121827	-0.152839	0.171118	-0.038122	-0.071104	0.012792	-0.017286
