-0.148864	-0.054506	0.063259	0.038754	-0.173917	-0.103915	0.208820	0.054320	0.048683	-0.150425	0.049897	0.064089	0.070352	0.225621	0.186697	0.101326	0.012516	-0.167516	-0.090444	0.108488	0.171228	-0.107156	-0.026069	-0.052472	-0.040196	0.197688	0.182607	-0.192916	-0.022814	0.033164	-0.236492	0.077118	-0.013002	-0.359699	-0.255067	-0.007333	0.069156	-0.204641	0.175551	0.102141	-0.001434	0.042632	-0.089900	0.053950	-0.189698	-0.089299	0.347662	0.059458	-0.025769	-0.132735
-0.107651	0.126281	0.241342	0.043108	0.018487	-0.254986	0.002790	-0.037103	0.072501	0.077062	0.152211	-0.005220	0.274015	-0.012273	-0.010418	0.153344	-0.146932	0.099926	0.064970	0.023111	0.091023	-0.058731	0.130909	0.214944	0.026383	-0.026868	-0.005378	-0.337462	0.169088	0.092575	-0.383387	-0.091499	0.053844	-0.091145	-0.190710	0.121853	-0.105801	0.045242	-0.001138	-0.169784	-0.040802	-0.013039	-0.048111	0.187781	-0.283246	-0.083282	0.021174	0.238360	-0.052632	-0.044909
0.101855	-0.022690	0.299008	0.172444	0.110215	0.058344	-0.007904	-0.083151	0.029326	-0.007449	0.146254	0.073515	0.226576	0.047685	0.353855	0.188878	-0.033805	0.056128	0.080419	-0.088726	0.062001	-0.118499	-0.010877	0.057562	0.021382	-0.003253	-0.007742	-0.149296	0.289815	0.204530	-0.304073	-0.189096	0.097520	-0.184025	-0.150502	0.009718	-0.057342	-0.106913	0.120026	-0.035379	0.136490	-0.220394	0.080007	0.225398	-0.154596	-0.115856	0.089695	-0.062300	0.068495	-0.116512
0.115406	0.018199	0.118093	-0.065056	0.148372	-0.242168	-0.007142	-0.071626	0.213584	0.055035	0.074555	0.029049	0.107614	-0.116484	0.153912	0.065525	0.168295	0.179887	-0.205717	-0.001081	0.132336	0.064690	-0.149910	0.149120	0.181673	0.091431	0.016066	-0.215113	-0.049534	0.163439	-0.199549	0.071333	0.069588	-0.103635	-0.068676	0.171603	-0.019140	0.202031	0.123699	0.191736	-0.155777	-0.181417	0.170587	0.171369	-0.318655	-0.193677	0.203729	0.019385	0.038211	0.041671
0.095882	-0.130004	0.136935	-0.223348	0.290749	-0.095156	-0.126785	0.122078	0.264267	-0.084057	0.133036	-0.043274	-0.060062	-0.073342	0.298497	0.116748	0.073479	-0.080174	-0.201804	-0.061587	0.225572	0.058122	0.028880	0.128820	0.172987	0.249922	0.087581	-0.096320	-0.035215	0.013181	-0.328452	0.010768	0.118294	-0.050402	-0.172905	0.013237	-0.017204	-0.123168	0.120117	0.127588	-0.025656	-0.140425	0.232423	0.116457	-0.054570	-0.094543	-0.006782	-0.070850	0.098566	0.135268
-0.008927	0.111845	0.220081	-0.276646	0.131304	-0.040079	-0.051213	0.120195	0.085637	0.250502	0.167987	0.024665	0.090582	-0.129502	-0.040340	-0.048868	0.061156	0.015976	0.120297	0.042264	0.114688	-0.022212	0.143322	0.071274	0.267082	0.133244	0.195995	-0.220270	0.294089	0.274862	-0.343575	-0.017048	0.014981	-0.264593	0.058489	-0.012791	-0.069956	-0.011958	0.094409	0.019016	-0.112000	-0.144256	-0.020588	0.044115	-0.101862	-0.071384	0.052204	0.151890	0.132284	-0.009429
0.216052	-0.096952	0.124606	0.055810	0.031059	-0.094413	0.034936	0.161583	0.076261	0.273069	0.106469	-0.062442	0.242419	0.143292	0.018235	0.064125	-0.093116	0.184791	-0.019950	0.090403	0.300071	0.056203	-0.172389	0.113779	0.233208	0.247613	-0.007617	-0.188038	0.038898	0.147140	-0.232415	-0.161528	-0.157961	-0.067414	-0.135881	-0.053555	-0.026671	-0.063907	0.049466	0.193927	-0.129301	-0.045535	0.205303	0.034724	-0.171542	-0.207407	0.118265	0.089550	0.118924	0.025539
0.032386	0.186568	-0.075343	-0.073694	0.046054	-0.264205	0.224899	0.106537	0.216101	0.033649	-0.037935	-0.086771	0.056680	0.196486	-0.059714	0.042643	0.053705	-0.008018	-0.096638	-0.248621	0.278387	-0.085870	-0.051013	0.025609	0.342999	0.064263	0.025736	-0.059176	0.147455	0.165568	-0.041623	-0.134659	0.073257	-0.091806	-0.039392	0.062240	0.075066	-0.150361	-0.131672	0.107316	-0.005189	-0.098607	0.147260	0.132885	-0.306259	0.021785	0.060289	0.326956	0.166587	0.003871
-0.125348	-0.106937	-0.032351	-0.068940	0.029767	-0.157010	0.257371	-0.015999	0.194823	0.078564	0.132032	0.004983	0.228980	0.173696	0.030146	0.053788	0.006769	-0.113474	-0.070814	-0.202480	0.213544	0.102660	-0.022087	-0.067780	0.265297	0.093035	-0.192647	-0.264796	-0.021773	0.089085	-0.242292	-0.107521	-0.027118	-0.197339	-0.247299	-0.042014	-0.113665	0.006177	0.106068	0.088867	-0.025132	-0.183904	0.236745	0.144995	-0.049685	-0.231248	-0.084067	-0.150631	0.076632	0.064223
0.030878	-0.255100	0.146649	0.140659	0.203329	-0.116299	0.082594	-0.188372	0.204854	0.005508	0.261208	-0.083666	0.130329	-0.096833	0.091014	0.041077	0.098261	0.012648	-0.037702	-0.152751	0.212644	-0.145663	0.022820	0.053139	0.138242	0.079667	0.124503	-0.104279	0.012691	0.225012	-0.223751	0.017769	0.094430	0.079488	-0.136672	0.035604	-0.142677	-0.174442	-0.066270	0.223707	-0.136029	0.038199	0.034660	0.226233	-0.139974	-0.100811	0.166296	0.265613	0.187363	0.093689
0.034579	-0.245537	0.072744	0.190752	-0.005059	0.067963	-0.123513	0.145984	0.044164	0.125372	-0.057648	-0.021512	0.105567	0.013017	-0.008371	0.121542	0.199094	-0.097497	-0.162932	-0.011516	0.249467	0.146096	-0.025744	-0.092797	0.194463	0.179485	-0.042718	-0.068922	-0.031430	0.255179	-0.385816	0.038212	-0.137184	-0.051279	0.026544	-0.123537	0.043655	-0.053689	0.000844	0.013474	0.021977	-0.248937	0.276168	-0.040394	-0.037910	-0.117672	0.350118	0.123054	0.043321	0.093233
-0.164814	-0.031512	0.068517	-0.032921	0.068757	-0.068458	0.002299	0.025023	0.045398	-0.182521	0.164009	0.004173	0.184976	0.208076	0.041865	0.218637	-0.036607	-0.188646	-0.041586	-0.182770	-0.065514	0.109543	-0.169962	-0.031927	0.137502	0.169289	-0.066894	-0.055342	-0.013647	0.031488	-0.235194	0.146814	0.061696	-0.259799	-0.197087	0.227771	-0.057349	-0.202576	0.235998	0.059108	-0.025230	-0.059785	-0.189093	0.030157	-0.367054	-0.193292	0.138043	-0.079796	-0.062359	0.086207
-0.245702	0.115268	0.104319	-0.156069	-0.040122	-0.008548	0.119661	-0.017911	0.101595	0.013089	0.339305	0.077757	0.231711	-0.087681	-0.144230	0.060587	-0.118843	0.063474	-0.043909	-0.020850	-0.014132	-0.042827	-0.093243	-0.112722	0.230913	0.315004	-0.016633	-0.031479	0.121933	0.120716	-0.199083	0.014304	0.062409	-0.032839	-0.244104	0.000549	-0.129636	-0.136772	0.271864	-0.051940	0.122278	-0.101588	-0.094403	0.099983	-0.374766	0.061953	-0.061845	-0.076387	-0.020703	-0.122403
-0.161703	0.152575	0.113340	-0.007378	-0.002906	0.015840	0.154418	-0.114351	0.093681	0.005968	0.281924	-0.008042	0.016075	-0.018911	0.054756	0.142896	-0.030741	-0.037479	-0.031187	-0.249215	0.026028	-0.035797	-0.115258	-0.012174	0.056954	0.001170	0.221295	-0.296375	0.130410	0.083161	-0.473174	-0.101773	-0.039176	0.077381	-0.184289	0.011797	-0.113767	-0.207427	0.141948	-0.064442	0.090778	-0.160607	-0.018284	0.117824	-0.126966	-0.118157	0.251235	0.170536	0.082948	-0.098696
-0.039178	-0.000474	0.212877	-0.087819	0.185850	-0.220661	0.216483	-0.160256	0.079606	-0.030187	0.214671	0.145905	0.052013	0.044977	0.102718	0.066298	0.039944	-0.025195	-0.115259	-0.010947	0.058017	-0.014149	0.114603	0.079718	0.193470	0.035964	0.074285	0.062451	0.091085	-0.114828	-0.231105	-0.005755	-0.028702	-0.129936	-0.143109	0.009566	-0.077304	-0.187729	0.168095	-0.050202	0.219313	-0.266215	-0.107297	0.181740	-0.302356	-0.167297	0.211855	0.049037	-0.258972	-0.161436
0.096011	-0.114847	0.160417	0.024524	0.086951	-0.071470	0.029685	0.001266	0.095342	0.166019	0.079470	0.070184	0.229212	-0.168819	0.270067	0.046445	0.043576	-0.050028	-0.072053	-0.233267	-0.098454	-0.065978	-0.105633	0.133246	0.113602	0.049112	0.140421	-0.167821	0.184059	0.014710	-0.239925	0.102595	0.064363	-0.003272	-0.150128	0.035386	-0.276719	-0.228191	0.180344	-0.026725	0.027144	-0.169456	0.199659	0.209113	-0.301342	-0.159245	0.100155	0.094059	0.136524	0.069118
-0.016572	0.020534	-0.061420	-0.052083	0.067505	-0.251141	0.108362	0.179591	0.085754	-0.113409	0.204932	-0.072568	0.229836	0.020215	0.126071	0.099846	-0.137796	0.039377	0.078411	-0.127497	0.058120	-0.126522	0.063445	0.076834	0.214179	-0.025148	-0.182567	0.067145	-0.024761	0.219890	-0.397316	-0.092822	0.248325	-0.245116	-0.100356	0.112168	-0.142019	0.149305	0.019027	-0.142808	-0.034614	-0.085044	0.104951	0.212575	-0.200587	-0.077628	-0.008294	0.137843	0.153427	-0.038148
0.142282	-0.154199	0.148227	-0.112031	-0.187169	-0.104117	0.073277	0.118516	0.147645	0.120065	-0.044261	-0.140698	0.094722	0.032231	0.261352	-0.035089	0.020477	-0.204417	-0.146630	-0.181506	0.299473	-0.151635	0.096020	0.101502	0.072848	0.248234	-0.158435	-0.084799	-0.035997	0.291655	-0.108748	0.095212	0.029591	-0.143424	-0.168427	0.228463	-0.000433	-0.007289	0.176379	-0.014616	0.045719	0.030480	0.099048	-0.004192	-0.203089	0.113787	0.267539	-0.046734	0.089856	0.032716
-0.142529	0.095641	0.205345	0.063246	0.078927	0.036494	-0.153919	-0.014308	0.044993	0.289421	0.031272	-0.018697	0.111068	0.011291	0.202610	0.025925	0.022709	0.154003	0.074854	0.001285	-0.011706	-0.139631	0.119291	0.056151	0.148610	0.103446	0.029341	-0.134962	0.182150	0.350558	-0.382997	-0.070257	-0.022263	-0.015005	-0.134774	0.079407	-0.083970	-0.100667	0.107617	0.026994	0.244629	-0.010603	0.286024	0.103601	-0.111592	0.035761	0.182756	0.146287	0.102591	-0.197391
-0.002637	-0.100622	0.101100	-0.033455	-0.147498	-0.117901	0.116638	0.122882	0.221451	-0.081508	0.097812	-0.044946	0.207822	-0.055917	0.110347	0.148230	0.088434	-0.115623	0.103447	0.046638	0.064120	-0.367266	-0.048517	0.053561	0.210733	0.045455	-0.007934	-0.147691	0.212043	-0.104343	-0.161514	0.259225	0.056757	-0.008653	-0.151901	0.052380	0.061184	-0.034284	0.201997	0.235140	-0.054340	-0.129667	0.195424	0.347779	-0.149841	0.112126	0.047475	-0.092297	0.125662	0.006379
0.119746	0.039761	0.115416	-0.029362	0.179607	-0.129367	-0.126125	0.142629	-0.064715	0.056110	0.151728	-0.027762	0.034604	-0.063686	0.098262	0.009143	0.059714	0.027495	-0.011240	-0.075284	-0.237549	-0.254403	-0.123003	0.055612	0.101312	0.104263	-0.146388	-0.229541	-0.025115	0.175117	-0.217735	-0.065983	0.191315	-0.009931	-0.254379	0.277328	-0.184901	-0.063888	0.163103	-0.047263	0.187288	-0.205643	-0.020530	0.212162	-0.297835	-0.063750	0.160558	0.134799	0.051911	0.055583
-0.095253	-0.134071	0.050566	-0.065710	-0.193472	0.042978	0.090933	0.108413	-0.218728	0.042643	0.252274	-0.230356	0.161773	-0.009600	0.003818	0.083072	-0.149867	0.036658	-0.094926	-0.004442	-0.150487	0.028889	-0.296325	0.054415	0.220873	0.239915	-0.066945	0.032605	0.075160	0.163558	-0.172926	-0.144114	-0.061542	-0.107202	-0.241746	0.091749	-0.070066	-0.296228	0.112084	-0.159240	0.038664	-0.031422	-0.056321	0.139020	-0.275297	0.052445	0.017644	0.201112	0.022942	0.087536
0.200608	0.040184	0.347578	0.182755	0.189758	-0.256384	0.039538	0.283004	0.120422	0.224963	-0.029134	0.021661	0.128690	0.049403	-0.045486	0.079981	-0.130398	0.057665	0.030484	-0.066056	0.081971	0.041927	-0.050465	-0.006128	-0.011856	0.196269	-0.167920	-0.153353	0.090822	0.150344	-0.160744	-0.128371	-0.041410	0.053707	-0.294297	0.093922	-0.017862	0.050950	0.226019	-0.062211	0.130332	-0.167495	-0.073924	0.131321	-0.152153	-0.186627	-0.012522	0.104256	-0.051544	0.170576
-0.280759	-0.212879	0.068152	0.025339	-0.201948	-0.054400	0.014672	0.021766	0.107158	0.161593	0.336823	0.002050	0.079005	-0.047685	-0.124582	0.080607	0.110618	0.207038	-0.116444	-0.001557	0.254227	0.037226	0.009891	-0.166137	0.004570	-0.042494	0.046897	0.066103	-0.091161	0.268929	-0.184487	0.063731	-0.057168	-0.302903	-0.292170	-0.021911	-0.106323	0.150259	-0.143361	0.024425	0.023236	-0.166364	0.027651	0.080310	-0.206539	0.051265	0.076205	-0.087703	-0.054844	0.148099
-0.158624	-0.069313	-0.016430	-0.161100	0.108480	-0.201551	-0.001375	0.113212	0.015381	-0.176837	0.048664	-0.010838	-0.129583	0.075682	-0.098671	0.197626	0.026275	0.120048	-0.045855	0.106000	0.104868	-0.193922	0.227112	-0.103274	0.239906	0.313232	-0.133151	-0.130336	-0.215163	0.134615	-0.118812	0.077496	0.117129	-0.221950	-0.184235	0.073478	-0.163434	0.032183	-0.027491	0.079507	0.188276	-0.063242	-0.103781	0.066521	-0.132715	-0.237137	0.251921	0.118898	0.042625	0.118442
-0.106050	0.014933	0.135333	0.200343	0.084536	-0.219903	0.158204	0.003074	0.041869	0.010755	0.328401	-0.144365	-0.089225	0.129578	-0.040370	0.319982	0.181819	0.077668	0.046045	-0.064048	0.108859	0.151808	-0.051859	0.028517	-0.091973	0.061574	0.051484	-0.066232	0.097805	0.225548	-0.281238	0.085989	-0.019703	-0.260848	-0.258523	-0.195112	0.054257	-0.107493	0.107337	0.148452	0.030348	-0.175600	-0.062527	0.027772	-0.188996	0.050255	0.070406	-0.185152	-0.008385	-0.070017
-0.009517	-0.217514	-0.100008	0.046540	0.047911	-0.117218	0.149511	0.076565	0.047293	-0.011945	0.065382	-0.189412	0.089514	0.068294	0.039618	0.142631	-0.122440	-0.005489	-0.122223	-0.176873	0.309410	0.026300	-0.155431	0.054817	0.203647	0.104185	0.001028	-0.118605	0.019800	-0.086357	-0.047611	-0.050143	0.115563	-0.210825	-0.143670	0.111696	0.195934	0.148975	0.407116	-0.001099	0.096448	0.094140	0.059133	0.139207	-0.106823	-0.249953	0.299121	0.172618	-0.057379	0.021453
-0.129481	-0.027634	0.015572	-0.046224	-0.100428	-0.239157	-0.099573	0.086833	-0.014178	0.126073	0.087842	-0.059176	0.095181	-0.114784	0.102193	0.148851	0.033446	0.005184	-0.019659	0.071103	0.028158	-0.117527	0.012428	0.230755	0.223833	0.322162	-0.042487	-0.123723	-0.062614	0.069937	-0.316660	0.030583	0.266127	0.233939	-0.149355	-0.040811	-0.136941	0.002622	0.324904	0.209222	0.068734	-0.281369	0.023936	0.044652	-0.139355	0.122991	-0.064208	0.119950	0.020321	-0.006288
0.071841	-0.137508	-0.129932	0.128433	0.157150	-0.242424	0.001517	0.106631	0.104533	0.203490	0.164486	-0.087525	-0.020390	-0.090242	-0.081129	0.214503	0.185508	0.078771	-0.040012	0.032536	0.097922	-0.149307	0.103212	-0.002775	0.356926	-0.008786	-0.064998	-0.278095	-0.175887	0.011664	-0.254921	0.109408	0.015124	0.037490	0.047488	0.025275	0.014174	-0.224556	0.364144	0.186224	0.020931	-0.089080	-0.002535	0.183490	-0.059719	0.093408	0.043685	0.027057	0.050310	-0.121176
-0.119174	0.035085	-0.044470	-0.105345	0.159936	-0.130277	0.082986	0.117490	0.032655	0.018443	0.340888	-0.237326	-0.037400	-0.014077	0.226944	0.181221	0.030437	-0.051519	0.171629	-0.094544	0.082647	0.121167	-0.003461	0.068101	0.141802	-0.077800	0.033861	-0.000023	-0.067110	-0.010881	-0.006385	-0.093590	0.097544	-0.184609	-0.175768	-0.120972	0.046094	-0.063136	0.148929	0.165839	0.234164	-0.035774	0.256981	0.352180	-0.113112	-0.230828	0.056553	0.236145	0.106244	-0.109909
-0.111778	0.026902	-0.149710	-0.067277	-0.032100	0.104725	0.069068	0.133776	0.163436	-0.141461	0.250895	0.030299	0.103849	0.187997	-0.126020	0.188230	0.157967	-0.069065	-0.031811	0.067929	0.141366	0.050894	0.047796	-0.119925	0.066183	-0.013477	0.272260	-0.278418	-0.017444	0.185199	-0.264463	0.115589	-0.077024	0.048924	-0.289706	0.217625	0.113202	0.053748	-0.082928	0.101888	-0.061636	-0.058670	0.223561	0.126024	-0.161565	0.060159	-0.017956	0.115879	-0.077573	-0.270701
-0.051953	-0.059198	-0.204627	-0.055287	0.025207	-0.135532	0.092863	0.149348	0.159387	0.173018	-0.109999	-0.130188	0.021371	0.022707	0.213920	-0.007438	0.069028	-0.122132	0.104879	0.112286	0.230863	-0.247197	-0.071654	0.085382	0.057352	0.060431	0.053666	0.021401	-0.170971	0.150309	-0.033088	0.084807	-0.069315	0.033779	-0.149812	-0.005534	0.267289	0.222466	0.176211	0.100790	0.190989	-0.430676	0.003435	0.092538	-0.219432	-0.036766	0.087264	0.060550	0.191379	0.093506
-0.228977	-0.081201	0.093487	0.071579	0.131479	-0.153059	-0.008170	0.274307	0.005031	-0.013054	-0.110000	-0.059065	0.252347	0.122408	0.217408	0.056353	0.201452	0.148678	0.059040	-0.009501	0.193551	-0.030692	-0.061558	-0.051442	0.355799	-0.014741	0.355003	0.028132	-0.069355	0.238271	-0.044607	-0.018250	0.095426	0.027934	0.099040	0.050905	-0.194151	-0.190962	0.077627	0.028135	0.038968	-0.228931	0.179784	0.063201	0.165157	-0.084009	0.029510	0.074874	-0.050624	-0.026005
0.005503	0.080828	0.044575	0.093276	-0.032889	-0.026280	0.232810	0.160756	-0.049261	0.150214	0.155820	-0.024760	-0.106010	-0.212833	-0.035002	0.044847	0.049851	0.027869	-0.110723	-0.119182	0.175186	-0.181999	0.044125	-0.006850	0.160033	0.121205	0.058630	-0.022949	0.198940	0.111609	-0.215474	0.018810	0.121728	-0.018072	0.019677	-0.212146	0.097017	-0.180858	0.025941	-0.194905	0.192411	-0.308497	-0.075840	0.371458	-0.193760	0.186417	0.143817	0.172049	0.082091	-0.078100
-0.162332	-0.157172	-0.006008	-0.234489	-0.079445	0.079059	0.099390	0.233506	0.093315	0.121684	-0.043451	0.029207	0.140012	-0.073753	-0.173535	0.243386	0.270987	-0.160616	-0.048720	0.172359	-0.005749	-0.163568	-0.133022	-0.128417	-0.010257	0.177614	0.089100	-0.020457	-0.122221	0.149199	-0.107846	-0.039583	-0.048024	-0.363680	-0.002598	0.109599	-0.113273	-0.018170	0.273002	-0.044225	0.065814	-0.193550	0.008962	0.097455	-0.191829	0.185182	0.041499	0.056702	0.167660	-0.043298
-0.156455	-0.125423	0.165760	0.108465	0.215141	-0.012013	-0.069342	0.200508	-0.035680	-0.039242	0.069486	-0.029138	-0.069360	0.064791	-0.016145	0.119496	0.231484	-0.216949	-0.029989	-0.153203	0.183080	-0.013055	-0.174653	-0.047940	-0.004923	0.151968	-0.110909	-0.111420	-0.322126	0.187272	-0.164569	-0.039846	-0.029598	-0.125462	-0.180311	-0.125937	0.113899	0.042720	0.254675	0.292373	-0.198739	-0.097396	-0.076359	0.157582	-0.172389	-0.047980	0.129593	-0.044932	-0.158723	-0.066453
-0.051365	-0.087614	0.018471	0.072054	0.153211	-0.235100	-0.135533	0.203431	-0.141733	0.042526	-0.125887	0.048273	-0.133412	0.006534	0.049639	0.116607	0.061167	0.012402	-0.017597	0.163686	0.049338	-0.036582	0.067181	0.117879	0.457790	0.024053	-0.176806	0.023405	0.206027	-0.037651	-0.360046	0.093103	-0.017364	-0.159859	-0.125569	-0.147314	-0.016999	-0.094638	0.238218	0.110110	-0.053858	-0.122197	-0.004709	0.150766	-0.086811	0.102361	0.069727	-0.004089	0.298803	0.012983
-0.169035	-0.012812	0.001935	-0.039643	-0.154752	-0.077722	0.060326	0.189602	0.074687	0.074257	-0.075762	-0.021844	-0.095256	-0.217589	-0.052394	-0.150115	0.281505	0.139816	-0.011264	-0.026623	0.130491	0.112927	-0.091420	-0.250616	0.264653	-0.017948	-0.228468	-0.072017	0.025804	0.126745	-0.257006	-0.118003	-0.161477	-0.249845	-0.163303	-0.043828	0.130802	-0.073839	0.193983	0.181095	0.166491	-0.060574	-0.091803	0.254533	-0.210966	-0.046265	-0.088697	0.052860	-0.055997	-0.030851
-0.133851	-0.005913	0.051503	0.117234	0.131770	-0.268147	-0.115129	0.287154	0.009995	0.076194	0.028540	-0.142919	-0.097501	-0.074182	0.181149	0.152551	0.115694	0.133444	0.110418	0.026056	0.013056	-0.037775	-0.069681	-0.233690	0.244642	-0.003716	0.077230	0.116163	-0.012281	0.033807	-0.166478	0.071353	-0.221805	-0.115266	-0.076802	0.000791	0.120551	-0.197321	0.090911	0.317000	0.103627	0.038119	-0.183685	0.281679	-0.224472	0.090189	-0.031247	0.121081	0.173233	0.061931
0.085803	-0.037062	0.172631	0.025740	0.192081	-0.008774	-0.200321	0.337963	0.098704	-0.066709	0.178456	0.069135	0.205487	-0.135153	0.023881	-0.147421	-0.028888	-0.028254	-0.107578	-0.134873	0.137663	-0.052223	-0.171485	-0.177064	0.240824	-0.038259	0.088667	-0.167104	-0.078188	0.191022	-0.192187	-0.023752	0.109089	-0.275441	-0.291990	0.068982	-0.016930	-0.158474	-0.066110	-0.015036	0.072056	0.136585	0.103934	0.136931	-0.075593	0.006283	0.191011	0.017523	-0.054209	0.200049
-0.081853	0.021288	-0.040414	0.035891	-0.144376	-0.240932	-0.215570	0.299799	-0.088848	-0.198624	0.054074	-0.029629	-0.039191	0.079172	0.038798	-0.187155	0.214909	0.087611	-0.007370	-0.059692	0.041376	-0.009962	0.039076	-0.148748	0.332642	-0.018128	-0.165961	-0.082700	-0.045581	0.137505	-0.358105	0.038612	-0.168372	-0.265700	-0.223849	0.178770	-0.056713	-0.145092	0.130244	-0.081643	0.008551	-0.006047	-0.074209	0.001604	-0.152797	0.125268	0.058099	0.109937	0.024949	-0.102603
-0.100431	-0.151923	-0.237161	0.059004	-0.039829	-0.259171	-0.006373	0.127849	0.173101	0.074804	0.132518	-0.113012	0.039313	0.097658	0.189526	0.156547	0.110373	0.167805	-0.078415	-0.055665	0.051230	0.146727	0.089754	0.088040	0.120513	0.343303	0.072043	-0.191388	-0.037941	0.220032	-0.196549	0.067542	-0.077440	-0.174590	-0.065210	0.057468	0.073342	-0.048326	-0.014418	-0.002683	0.029334	0.000328	0.029967	0.131117	-0.232814	0.251827	0.299363	-0.110799	0.179847	0.070671
0.242191	-0.134918	0.051320	-0.004010	-0.240209	-0.098300	-0.013515	0.029206	0.052341	0.016807	0.045487	-0.147019	-0.140858	0.053618	0.089130	0.055545	0.041330	0.086864	-0.074734	-0.126117	0.238756	-0.063778	-0.064551	0.006791	0.056730	0.074154	0.036775	-0.285579	-0.070608	-0.015922	-0.013411	0.093211	0.187967	-0.106873	-0.329596	0.233040	0.209871	-0.284849	0.101595	-0.024923	-0.132711	-0.075826	-0.017342	0.114766	-0.267186	0.087682	0.275085	0.164337	0.159347	0.008815
-0.183145	-0.001526	0.085056	-0.005774	0.028199	0.082229	0.047741	0.067612	0.111914	-0.013438	0.298626	0.105568	0.055989	0.037393	0.051314	0.180041	0.132642	-0.105357	-0.079741	-0.093450	-0.032030	0.066634	-0.154665	0.143130	0.322816	0.170214	-0.076278	-0.353997	-0.074769	0.035942	-0.202779	-0.029629	0.164008	-0.322736	-0.005176	0.111043	-0.124621	-0.110892	0.148784	0.099243	-0.080315	-0.040190	-0.146443	-0.062713	-0.253823	-0.142837	0.053933	0.019622	-0.175743	-0.172157
-0.198820	-0.157430	0.313884	0.141459	0.092322	-0.208528	0.152696	0.059090	0.213823	-0.141499	0.280464	-0.039669	0.065121	0.042941	-0.048600	0.130343	0.103609	-0.185312	-0.081894	0.015712	-0.035493	0.116153	-0.050357	0.173238	0.102979	0.138095	0.011277	-0.175257	0.174752	0.038575	-0.398078	0.129887	0.030424	-0.183011	-0.122269	-0.057511	0.056376	-0.073703	-0.074304	0.189262	0.068560	-0.231641	-0.092980	0.096067	-0.051239	-0.094002	0.020536	-0.012353	0.065372	-0.067447
0.083116	-0.013612	0.150885	-0.084986	0.203612	-0.170863	-0.096221	0.166899	-0.145808	0.119428	0.170573	0.147631	0.273610	-0.027452	0.083920	0.001471	-0.041246	0.030010	0.052106	0.033897	-0.097366	-0.228812	0.093790	-0.111234	0.072351	-0.063733	-0.120469	-0.111283	-0.119878	0.153459	-0.423771	-0.179990	-0.047962	-0.090844	-0.100799	0.156381	0.191914	-0.155281	0.191710	-0.200415	-0.061923	-0.228408	0.065128	0.191360	-0.146872	0.028691	-0.051481	0.018042	-0.005645	-0.072230
-0.070395	0.060618	0.167212	-0.079474	0.065860	-0.122647	0.116883	0.117501	0.129090	0.000081	0.284525	0.047026	0.155412	-0.202598	-0.069587	0.039660	0.069885	-0.187577	-0.160710	0.029414	0.005181	-0.141083	0.059067	0.183404	0.088430	-0.051424	-0.000795	-0.143390	0.108704	0.109913	-0.191941	0.033679	0.124564	-0.177637	0.044432	0.090383	-0.002469	-0.413111	-0.009762	-0.110578	0.133348	-0.213800	-0.039728	0.315285	-0.285226	0.156709	0.010756	0.085235	-0.020886	0.060632
-0.106911	-0.326869	0.157719	0.112239	0.144689	0.028350	0.186442	0.075687	0.093130	-0.056819	0.003991	-0.068205	0.126016	-0.078400	-0.016707	-0.011118	0.085164	-0.177142	-0.029390	-0.027387	0.001862	0.052159	0.034134	-0.048710	0.057137	0.178357	-0.106993	0.078680	-0.165172	0.042784	-0.120992	-0.111168	0.150065	-0.252342	-0.081046	0.133356	-0.044228	0.127287	0.073533	0.109233	0.111532	-0.087809	0.127349	0.181644	-0.289005	-0.189346	-0.019358	0.236860	0.281064	-0.342692
-0.041522	-0.057503	0.119501	0.123913	-0.017102	0.002280	0.006646	0.049483	0.245043	0.010228	0.132620	-0.109959	0.064493	-0.116331	-0.061803	0.070071	0.121715	0.031400	-0.032472	0.000425	-0.135859	-0.044619	-0.072167	0.217375	0.272737	0.066567	-0.038930	-0.148619	0.148805	0.124854	-0.247883	0.050536	0.199276	-0.105556	-0.134104	-0.077183	-0.068609	-0.152055	0.117143	0.230037	0.029173	-0.312588	0.175883	0.103822	-0.151525	0.002559	0.223030	0.221974	0.130692	-0.322147
-0.019970	-0.120090	0.141863	0.109739	0.099320	-0.024119	0.188721	0.001419	0.073623	-0.025943	-0.023863	0.052718	0.075216	-0.084709	-0.106167	0.184388	0.070037	0.087171	0.110207	0.014743	0.039314	-0.107752	0.032760	0.017368	-0.033256	0.081677	0.162456	-0.078732	0.021317	0.161355	-0.495625	0.087913	-0.086376	-0.112641	-0.192541	-0.146867	0.053171	0.172283	0.196688	0.270444	0.284974	-0.028969	0.029035	0.186338	-0.116650	0.117955	0.200969	0.203812	0.155272	0.074002
-0.062359	-0.122759	-0.027892	-0.025790	-0.154529	-0.173688	-0.008117	-0.092175	0.101025	0.180802	0.181977	0.069526	-0.094753	0.230270	0.045152	0.291166	0.125017	0.325395	-0.007494	0.033500	0.184166	-0.132710	-0.047789	-0.074110	0.299012	0.105157	0.285060	-0.043087	0.095441	-0.019134	-0.182734	0.074121	-0.008402	-0.217762	0.086107	0.058602	-0.097250	-0.047419	-0.111094	0.063008	0.255322	-0.143335	0.119693	0.207429	-0.070109	0.025116	0.113354	0.071786	-0.105983	0.095724
0.045325	-0.028683	0.202543	0.092030	0.028730	-0.116455	-0.044876	0.118499	-0.028487	0.166222	-0.114105	0.222321	0.092083	0.227255	0.278372	0.261240	0.180099	0.144498	0.216872	0.032898	0.203599	-0.007514	-0.068502	-0.070656	0.316606	0.143164	0.030010	-0.117859	0.006908	0.099194	-0.034441	-0.003903	-0.075603	-0.126107	-0.200574	-0.100635	0.243919	0.012626	-0.055599	-0.160075	0.200313	-0.039646	0.246506	0.129604	-0.070300	0.033144	0.156016	-0.022968	0.027210	0.099705
0.081149	-0.146291	0.049436	0.052411	-0.050577	-0.191422	-0.167169	0.023944	0.041495	0.058682	0.255509	0.037093	-0.056886	0.013438	0.074884	-0.031790	0.169165	-0.114789	-0.133331	0.045595	0.128285	0.131586	0.113497	0.286765	0.353807	-0.026903	0.033380	0.084813	-0.074467	0.151931	-0.284557	0.162305	-0.009043	-0.188666	0.045931	0.195652	-0.139256	0.201442	0.201473	0.125260	-0.103937	-0.284159	-0.043216	0.059903	-0.116667	-0.002507	0.047116	0.192341	-0.070821	-0.096846
-0.048075	-0.306218	0.004670	0.033146	0.186035	0.000213	-0.218365	0.016988	0.359006	0.160030	0.094545	-0.139979	0.121329	0.036953	0.051535	-0.013514	0.262497	-0.088828	-0.025422	-0.010135	0.279387	-0.070646	-0.064742	-0.117740	0.236362	0.005589	-0.042195	-0.004548	-0.163022	0.112348	-0.231376	0.209207	0.001128	0.063207	-0.145169	0.197904	0.032191	0.175710	0.091481	-0.058621	-0.041692	0.156172	0.081534	0.177368	-0.141816	-0.062213	-0.104551	-0.068749	0.183024	-0.009684
-0.013896	-0.150022	0.095559	-0.059280	0.075659	-0.005982	-0.092421	0.234123	0.098919	0.003624	0.038772	-0.121368	0.115179	0.348749	0.209478	0.076894	0.079942	0.067365	0.107655	-0.013682	0.121105	-0.216914	-0.115586	0.161723	0.376661	0.202126	0.112279	-0.114124	0.052271	0.116472	-0.169635	-0.068131	-0.056385	-0.077301	-0.019632	-0.136347	-0.007251	-0.245143	-0.089344	0.225638	0.009161	-0.055965	0.114999	-0.053852	-0.122562	-0.104625	0.061214	0.232896	0.142887	0.178668
0.129234	-0.030898	0.089607	0.187546	0.172483	-0.082598	0.014583	0.163154	0.055636	0.238886	-0.253590	0.018313	0.138082	0.136066	0.413597	0.234341	-0.004493	0.083180	-0.022422	-0.034020	0.033722	-0.076107	0.061585	-0.051064	0.311529	0.213382	0.051208	0.058327	-0.038686	0.016810	-0.071192	0.154520	-0.119489	-0.084460	0.010994	0.116210	-0.007386	0.095666	0.090589	0.035801	-0.026732	-0.269490	0.054241	0.159339	-0.295948	0.129847	0.139831	0.006176	0.071140	-0.040169
-0.323331	-0.217783	0.026641	-0.005214	-0.075442	-0.097252	-0.125288	0.171921	0.018889	0.195949	0.193585	-0.024639	0.071004	0.086050	0.048102	0.082446	0.269955	0.192042	0.009508	0.000955	0.105657	-0.120154	-0.190196	0.020372	0.278552	0.130622	0.066729	-0.076810	-0.043663	0.078666	0.079402	0.108391	0.043253	-0.154061	-0.062867	-0.124586	0.056014	0.017631	0.012485	0.067783	0.007669	0.006975	0.231635	0.330751	-0.078817	-0.380120	0.110874	-0.059633	-0.020700	0.043420
-0.306428	0.054840	0.107792	0.026326	0.157790	0.081484	-0.054988	0.030798	-0.110962	0.051451	-0.036676	-0.169686	-0.085240	0.174680	-0.032862	0.014607	-0.085985	0.107607	0.103806	0.133059	0.164727	0.051412	0.052147	0.347602	0.202777	0.105554	0.033247	-0.155496	-0.094580	0.112836	-0.357653	0.134529	0.034227	-0.191865	-0.043964	0.090918	-0.115051	0.003305	0.280448	-0.050306	0.036696	-0.232717	-0.063556	0.001016	-0.106888	0.053159	0.045802	0.001567	0.122142	-0.302758
-0.159642	-0.339215	0.081315	-0.070404	-0.153409	-0.273227	0.087792	0.125083	0.108359	-0.044477	-0.168527	-0.003762	0.030420	0.052864	0.066365	0.198250	-0.080831	0.065887	0.172501	0.013285	0.381499	-0.050569	0.004646	0.125140	0.024802	0.136271	0.258863	-0.080204	-0.052023	0.020840	-0.206463	-0.063178	-0.115599	-0.182428	-0.101071	0.001926	-0.089811	0.101407	0.285821	-0.051325	0.123307	-0.280230	-0.070337	-0.091677	0.027101	-0.047233	0.065632	-0.004293	0.085715	-0.092398
-0.315038	-0.134676	0.288547	-0.038455	0.040879	-0.184430	0.164210	0.000425	-0.177867	0.153718	-0.034312	-0.153626	0.049542	0.252982	0.046668	0.084040	-0.043177	0.048789	-0.046671	0.113371	0.149645	0.071632	-0.185455	-0.063945	0.160217	0.076062	0.185836	-0.096238	-0.101093	0.053594	-0.261756	0.084809	-0.098475	-0.296386	-0.038730	0.091342	-0.140484	0.136000	0.075187	0.074379	0.182869	-0.099898	-0.180548	0.160014	0.046676	-0.042957	0.160805	0.150628	0.017647	-0.137265
-0.152103	-0.101115	0.147605	0.183951	0.155860	-0.030749	0.026411	0.082879	-0.100992	0.043430	-0.043514	-0.121740	0.170615	0.129441	0.164723	0.088840	0.313055	-0.027419	-0.096514	-0.009244	0.034873	0.055855	-0.148587	0.130835	0.275208	-0.095581	0.010669	-0.042831	0.133747	0.140854	0.043181	0.084476	0.157750	-0.025952	-0.228156	-0.022142	0.087593	0.208759	0.256188	-0.061303	0.132722	-0.098351	0.156402	0.137484	-0.320984	0.045864	-0.264280	-0.034175	0.005448	-0.194183
-0.154310	-0.124336	0.120832	0.007634	0.140012	-0.289233	0.114473	0.016100	-0.130367	0.156970	0.058299	0.085930	-0.008841	0.158217	0.084711	-0.070093	0.069230	0.091734	-0.110299	-0.100158	0.110238	-0.009820	-0.113322	0.065862	0.177070	-0.075019	0.259483	0.079403	-0.027291	-0.074263	-0.175829	0.272332	0.119006	-0.121071	-0.260649	0.059009	0.038000	0.149482	0.090969	-0.211320	0.189716	-0.163497	-0.014380	0.096038	-0.184311	0.018607	-0.230874	0.168458	0.256996	0.147916
-0.215800	-0.071279	-0.029305	0.229597	0.130349	-0.138232	-0.019108	0.062024	0.000978	-0.038071	0.003949	-0.037144	0.275700	0.137265	0.078155	0.234592	0.209041	-0.100521	-0.100903	0.194935	0.228466	0.027099	-0.066960	-0.077467	0.450971	0.006331	-0.026087	-0.143040	-0.032320	0.016717	0.050518	0.082432	-0.061370	0.034002	-0.016630	-0.176980	-0.033943	0.107121	0.294879	-0.098152	-0.031798	-0.210869	0.121259	0.095037	-0.236191	-0.054912	-0.009530	0.074743	0.053743	0.112624
-0.107491	0.072105	0.267524	0.065710	0.062260	0.018961	-0.078975	0.149024	-0.092834	0.073540	-0.092310	-0.093079	-0.025223	-0.014808	0.278029	0.117335	0.005533	0.020537	0.117294	-0.110409	0.274965	0.069198	0.025857	-0.035532	0.438422	0.060658	0.185439	0.041726	0.052161	-0.083493	-0.258221	-0.098158	0.048997	0.018298	0.020288	0.065544	0.051540	0.058447	0.199386	0.189753	0.186933	-0.088188	0.105760	-0.016191	-0.227241	0.301635	-0.049063	-0.031452	0.123112	-0.142029
-0.161692	-0.255822	-0.103710	0.000632	-0.048164	-0.029340	-0.128833	0.216799	-0.299554	0.107969	0.047684	-0.003833	0.285140	-0.008589	0.058481	0.087942	0.095465	-0.184682	-0.069754	0.060796	0.170786	-0.135615	0.083820	-0.051763	0.287522	0.403817	0.122522	-0.123845	-0.001405	0.050295	-0.034036	0.123560	-0.045755	-0.079681	-0.080390	0.199840	0.046179	0.061282	0.245018	-0.098394	0.110958	-0.201654	-0.095138	0.001844	-0.030151	0.133657	0.114539	0.072712	0.028226	0.011015
-0.107928	-0.056819	0.049228	0.060740	0.181928	0.046871	0.047942	0.070629	-0.136464	0.079616	-0.104370	-0.307093	0.200479	0.083744	0.110050	0.126455	-0.047604	-0.116571	-0.002930	0.087370	0.140819	-0.104461	-0.054996	-0.064450	0.277429	0.214279	0.134350	-0.227986	0.062349	0.116638	-0.048044	0.298111	-0.053504	-0.039618	0.004733	0.129092	0.052423	0.053459	0.069605	-0.085738	0.313487	-0.307653	-0.189410	0.165929	-0.155821	-0.202092	-0.065738	0.027978	-0.037968	-0.032291
-0.227501	-0.034049	-0.010840	-0.092275	-0.097095	0.070888	-0.060311	0.224061	-0.095526	0.033956	-0.149648	-0.052675	-0.003640	0.267402	-0.124827	0.222553	0.209856	-0.209150	0.131722	0.149149	0.258134	-0.120184	0.020851	0.019835	0.252143	0.239173	0.008803	-0.197978	-0.039244	-0.065341	-0.201833	0.176699	-0.146618	-0.145560	-0.123889	0.180895	0.067052	-0.175470	0.153345	-0.067148	0.188624	-0.116230	-0.019327	0.070459	-0.130636	0.060636	-0.001735	-0.112438	0.005042	0.095244
-0.028343	-0.055723	0.134571	-0.138023	-0.055248	0.109797	0.177971	0.193358	-0.284928	0.192292	-0.009966	0.062096	0.060403	0.276174	-0.042587	0.145263	0.120738	0.159428	0.075552	0.162798	0.109398	0.014350	0.087328	-0.005973	0.200719	0.082501	0.112884	-0.064720	0.213527	0.089905	-0.248806	0.069842	-0.044827	-0.143137	-0.095919	0.248362	0.161435	-0.216849	0.109933	-0.134913	0.173039	-0.227870	0.039684	0.115410	0.014396	-0.063806	0.224412	0.010535	0.157765	-0.011411
-0.076002	-0.143147	-0.066106	-0.066217	-0.096655	0.068741	-0.156716	-0.002845	-0.118478	0.123840	0.062590	-0.225800	-0.026050	0.030982	0.205051	0.148359	0.022793	-0.044792	-0.100911	-0.047649	0.349707	-0.391165	-0.078202	0.089180	0.225474	0.073531	-0.034803	-0.142677	0.081548	0.171308	-0.171541	0.039208	0.072082	0.020443	-0.088384	0.189985	0.127302	-0.102581	0.016562	-0.114340	0.264701	-0.257199	-0.179273	0.106084	0.043010	-0.121872	0.011633	-0.001713	0.174728	-0.103283
-0.088256	-0.167266	-0.130188	0.165941	0.066693	0.048608	0.001755	0.110882	0.068380	0.225882	-0.007062	0.086814	0.024967	0.176158	0.149719	0.118299	0.120251	-0.235559	0.058474	-0.025382	0.244789	-0.097487	-0.180094	-0.089964	0.193243	0.056328	0.057526	0.092421	0.040396	-0.106336	-0.418469	0.111517	0.204720	-0.163849	-0.183149	0.134084	0.119414	-0.125247	0.121263	-0.205113	-0.047101	-0.095657	-0.046821	0.146313	-0.104942	0.074517	-0.099554	-0.168820	-0.080956	-0.170192
-0.016765	-0.130497	0.025509	0.137300	0.068602	-0.146881	0.041912	0.131189	-0.079203	0.156298	-0.114898	0.090676	0.138460	0.051984	-0.140022	0.078374	-0.002682	0.115396	-0.116615	0.153963	0.311995	0.089065	0.129253	0.068912	0.155367	-0.029423	0.277891	-0.193443	0.046012	0.203983	-0.086503	0.205962	-0.077653	-0.087127	-0.156181	0.434256	0.025327	0.154921	0.138277	0.091567	0.135501	0.009320	-0.215718	0.116662	-0.071064	-0.153605	0.048906	0.076886	-0.109960	-0.034477
-0.290154	-0.095365	0.351488	-0.046662	-0.097622	-0.211084	0.127529	0.156524	-0.137402	0.271213	0.060065	0.042512	-0.078296	-0.001189	-0.033487	0.176098	0.163419	0.078327	-0.145046	0.025894	0.306715	-0.151844	-0.170470	-0.281129	0.193053	0.076005	0.087280	0.077461	-0.009316	0.042842	-0.032213	-0.051929	0.123092	-0.003212	-0.021393	0.061079	-0.072659	-0.066235	0.190604	0.035785	0.015196	-0.156683	-0.052961	0.045713	-0.096668	0.033224	-0.103946	0.024661	-0.263730	-0.142195
-0.167900	0.085058	-0.034566	0.105858	-0.098246	-0.020755	0.059470	0.002295	-0.067231	0.153619	0.091059	-0.249640	0.000503	0.194947	0.044424	0.213262	-0.031890	-0.305708	-0.061287	0.016098	0.403912	-0.225870	-0.021520	-0.063086	-0.010992	0.026970	0.003383	0.012505	-0.118871	0.202946	0.103822	0.123352	-0.040509	-0.177016	-0.295792	0.269514	-0.022650	0.033157	0.141016	-0.050306	0.096797	0.042687	0.029579	0.257141	-0.142585	0.104526	0.018598	0.157007	0.036782	-0.044803
-0.239165	0.018473	0.128495	-0.250980	0.056147	0.055007	0.192828	0.192450	0.211492	-0.017873	0.141255	-0.220595	0.027505	0.171654	-0.041398	0.249480	0.146877	-0.039185	-0.094247	-0.132865	0.068219	-0.052906	-0.207790	0.141851	-0.026016	0.028490	0.074720	-0.156029	0.074861	0.115392	-0.232600	0.152506	0.025022	-0.176219	-0.092644	0.079901	-0.201192	-0.177676	0.228989	-0.050415	0.113863	0.000304	0.019260	0.200547	-0.133303	-0.183573	0.073638	-0.082304	-0.157446	-0.104634
-0.054313	-0.036142	0.210700	0.050037	-0.047299	-0.003912	-0.071408	-0.049608	-0.012805	-0.107467	0.135114	-0.003974	0.071671	0.099817	0.076325	-0.147035	0.187100	0.147375	-0.059476	0.111156	0.135767	-0.201358	-0.051180	-0.010150	0.071244	0.093512	0.121698	-0.392169	-0.042394	0.099002	-0.346211	0.320574	0.140876	-0.103031	-0.216974	0.029305	-0.018109	-0.172950	0.272151	-0.000259	-0.034232	-0.214937	-0.102138	-0.005287	-0.131532	-0.080228	0.142574	-0.158140	-0.074868	-0.017805
-0.192341	-0.233213	-0.037333	0.016392	-0.063581	-0.200835	0.135530	0.243635	-0.064108	0.151743	0.122822	-0.234681	0.030398	0.061771	0.069980	0.029911	0.011853	0.040343	0.037346	0.105015	0.077626	0.171248	0.001603	0.059077	0.074763	-0.067645	0.111290	-0.189325	-0.024044	0.019330	-0.348310	0.156648	0.166469	0.089611	-0.015372	0.228506	-0.072481	-0.223387	0.129140	-0.274837	-0.064932	-0.125922	0.097092	0.050929	-0.127670	-0.223753	-0.033458	0.026054	-0.056705	-0.282400
-0.205914	-0.037806	-0.095735	0.163099	0.023434	0.100513	0.033116	0.233675	-0.095052	0.222965	0.120319	-0.150431	0.086622	0.064847	0.003680	0.027588	0.086096	-0.005568	0.017306	-0.101607	0.391798	-0.120762	-0.050966	0.025085	0.141560	-0.051140	0.162911	-0.018943	-0.119619	0.179176	-0.274633	0.146775	-0.058243	-0.244105	-0.117091	0.159490	-0.028852	-0.095040	0.157775	-0.104859	-0.009761	-0.049148	-0.287801	0.191296	-0.018780	-0.065635	-0.209532	-0.040546	-0.010172	-0.208017
-0.204158	0.128255	0.106426	0.013468	-0.007446	-0.000853	0.142382	0.001943	0.202914	-0.080985	-0.025433	0.135433	0.047872	0.060225	0.153907	-0.041757	0.156331	0.032516	-0.031889	-0.204226	0.376047	0.052864	0.023969	-0.008025	0.291404	-0.013324	-0.000091	-0.111182	-0.030810	0.316152	-0.302067	-0.099400	-0.049239	0.043616	-0.073843	0.122574	-0.076078	0.011392	0.312822	0.090425	0.069236	-0.224057	-0.059779	0.039730	-0.109225	-0.210039	0.084114	0.129863	-0.084049	-0.124321
-0.350609	-0.069364	0.035772	-0.084373	-0.094691	0.079564	-0.008388	-0.002235	-0.012062	0.091630	-0.027451	-0.122047	0.043225	0.054673	0.154707	0.116705	0.187922	-0.092969	0.144566	-0.237203	0.237027	0.080666	-0.042367	-0.063534	0.048134	0.083876	0.086065	-0.228368	-0.018899	0.094710	-0.376711	-0.212777	0.220962	-0.207416	-0.262212	-0.088859	-0.002627	0.188976	0.064592	0.098982	-0.054097	0.144710	-0.043373	0.079468	-0.237629	-0.067852	0.040990	0.063154	-0.030827	-0.094253
-0.207885	0.040405	-0.105184	-0.039091	-0.174902	-0.232972	-0.017970	-0.012628	0.083773	0.351714	0.117741	0.027250	0.120478	0.027760	0.208545	0.061120	0.264076	0.112862	-0.053750	0.100642	0.006335	-0.140194	0.132535	-0.104469	0.084445	0.087845	0.119164	-0.068309	0.018251	0.054342	-0.238643	0.088763	-0.024628	-0.046661	-0.250733	-0.168278	0.157253	-0.071019	0.131949	-0.010945	0.175978	-0.060700	0.202366	0.244432	-0.224964	-0.155062	0.103120	-0.058405	-0.083583	0.177680
-0.162253	-0.148848	-0.240640	-0.097833	-0.037621	-0.185848	-0.125659	-0.155032	-0.171278	0.073777	0.336961	-0.049930	0.180654	0.136366	0.325678	0.075973	0.006017	0.025673	0.003229	0.001583	0.110666	0.006502	0.020724	0.101315	0.254574	0.085404	0.075162	-0.036556	-0.033541	-0.018490	-0.127600	0.141344	-0.132787	-0.147492	-0.011814	0.100957	-0.222594	-0.091037	0.227727	0.062209	-0.131323	-0.133162	0.052831	0.237303	-0.162207	-0.133486	0.071081	0.187418	0.102515	-0.041066
0.075043	-0.155769	0.071872	-0.008549	-0.033655	0.017237	-0.093122	0.232782	-0.059707	0.016674	0.062188	-0.071915	0.181431	-0.023051	0.028282	0.213522	0.063013	-0.080741	-0.015198	-0.176847	0.037337	0.198162	0.011842	-0.050854	0.176281	0.164098	0.059610	-0.254622	0.082524	0.103349	-0.274403	-0.152165	-0.157981	0.043250	-0.153963	0.015655	0.062304	0.106332	-0.000583	0.089531	0.127209	-0.300350	0.157972	0.059158	-0.197786	-0.288073	0.038018	0.010924	0.375997	0.079160
-0.115395	-0.187767	0.180641	-0.070146	0.048202	-0.047611	-0.150729	0.018712	0.081271	-0.002310	0.101434	-0.016430	0.210528	-0.092585	0.011909	0.104012	0.085019	0.205460	0.136990	0.178696	0.177007	-0.124851	0.038551	0.112637	0.180690	0.066530	0.012882	0.026585	0.107898	-0.142565	-0.182820	0.186045	-0.055986	0.022663	-0.544947	0.005668	-0.049147	-0.105162	0.084974	0.135574	0.000667	-0.066894	0.157923	0.007418	-0.120598	0.147765	0.007826	0.163170	0.192200	-0.191867
-0.275749	0.015084	-0.101213	0.004970	-0.173520	-0.148410	-0.116120	0.103254	-0.000442	0.352833	0.230287	-0.116754	0.105432	0.133331	0.014606	-0.093221	0.147200	-0.115802	-0.073201	0.134034	-0.034021	-0.085863	0.071921	0.111904	0.062854	0.122572	0.006923	-0.144340	-0.112783	0.168248	-0.242047	-0.032584	0.075507	-0.104690	-0.016155	0.075781	0.029014	-0.136578	0.088823	0.054838	0.066225	-0.283781	0.335689	0.149491	-0.012792	-0.060737	0.245558	-0.125479	0.094672	0.145627
-0.193813	-0.105193	0.231984	-0.008495	0.076088	-0.061953	-0.099421	0.201773	-0.026063	0.039355	0.124843	0.060570	-0.090596	-0.028882	0.245858	0.043911	0.035495	0.049377	0.121730	-0.315159	0.099929	-0.042302	-0.092941	-0.147878	0.297200	0.186786	-0.199471	-0.048477	0.171677	-0.180706	-0.046379	0.062187	-0.038428	-0.054136	-0.089075	-0.043207	0.021446	-0.101705	0.203519	0.039548	0.042397	-0.185714	0.190944	0.037497	-0.299812	0.239471	0.030420	-0.007339	0.149985	-0.194618
-0.015558	0.160479	0.152318	0.056968	-0.099553	-0.112044	0.100781	0.242046	0.094159	-0.019409	0.063969	-0.203430	-0.033073	-0.125858	0.054418	0.059447	0.247384	-0.137802	0.046124	-0.305996	0.071431	-0.035986	0.108770	0.196800	0.257787	-0.036748	0.010488	-0.104000	0.066966	0.082667	-0.034396	0.048369	-0.088642	-0.233708	-0.201367	0.149025	0.116368	-0.280354	0.158854	0.215327	-0.112005	-0.158354	0.096875	-0.036306	-0.272897	0.029132	0.154144	0.069247	0.001207	0.102694
-0.139728	-0.050525	0.032172	0.073710	-0.055462	-0.225531	-0.156600	-0.010352	-0.031969	0.127035	0.057734	0.136759	-0.179956	0.106784	0.086765	0.104016	-0.177426	0.149650	0.071207	0.181966	0.064435	-0.124303	-0.092266	-0.067927	0.320927	0.037005	0.046812	-0.073255	-0.017159	-0.086901	-0.193240	-0.097622	-0.228250	-0.094224	-0.257449	0.089897	0.151598	-0.039000	0.238481	0.035074	0.289147	-0.110112	0.255262	0.152536	-0.267345	0.065513	0.058363	0.004755	0.109687	-0.082466
-0.133502	-0.034462	0.111515	0.074066	0.114562	-0.111602	-0.113238	0.140519	0.013074	0.175431	0.083788	0.071946	-0.121631	0.025424	0.112347	-0.068603	0.077265	-0.061579	0.113478	-0.166297	-0.091216	0.089920	0.030288	-0.118555	0.297742	-0.127419	-0.086608	-0.155080	0.079035	0.127459	-0.075711	-0.023833	-0.071552	-0.266828	-0.073470	0.106614	0.141738	0.051680	0.221079	0.204529	0.184929	-0.314617	-0.026101	0.025041	-0.230448	0.119632	-0.096537	0.239700	0.115120	-0.305971
0.031632	-0.030682	0.156601	0.055215	-0.170230	0.048840	0.133207	0.289411	0.276008	0.155312	0.129297	-0.039108	0.056003	0.091660	-0.004267	0.010893	-0.011959	0.150631	0.060447	-0.001924	0.107403	0.001357	-0.074377	0.129452	0.070850	0.193770	-0.078690	-0.131291	-0.063612	-0.032034	0.016478	-0.111455	0.079902	-0.114990	-0.347377	-0.062926	0.090603	-0.158575	0.050369	-0.074343	-0.084707	-0.020739	-0.277714	0.169397	-0.351065	0.063034	0.237160	0.216128	0.111430	-0.147106
0.064942	-0.046694	0.095915	0.039716	-0.091708	-0.013875	-0.006020	0.343391	0.192002	0.019536	0.206741	0.009791	0.021202	-0.093423	0.180522	0.196363	-0.021519	0.087024	-0.123496	-0.184094	0.036423	0.027569	0.001445	-0.197456	0.155903	0.105589	0.033408	-0.167563	-0.021848	-0.142543	-0.261584	0.034892	0.139994	-0.233361	-0.320251	0.194067	0.120910	-0.001342	0.011043	-0.200867	-0.130210	-0.225083	-0.007589	0.161395	0.068328	0.122978	-0.050280	0.162665	0.123417	-0.124152
-0.019507	-0.035482	0.058673	0.046119	-0.099053	-0.121248	-0.105694	0.059694	0.100162	-0.082125	-0.146853	-0.260824	0.048924	-0.015192	0.007215	0.161880	0.268954	-0.071539	0.016246	-0.080607	0.171868	0.064536	0.033303	-0.204351	-0.006648	0.242731	-0.020849	-0.228992	-0.009331	0.145942	-0.011192	0.420509	0.221740	-0.131262	-0.114008	0.028361	-0.030806	-0.075942	0.092800	-0.087736	-0.035437	-0.076320	0.117469	0.082750	-0.353176	-0.007703	0.131028	0.149576	-0.227334	0.019012
-0.130783	0.015686	0.014987	-0.030125	0.099304	-0.056223	0.183301	0.021402	0.002309	0.274564	0.285008	-0.065875	0.023955	0.060633	0.173284	-0.024470	0.048932	-0.008798	-0.011333	0.154590	-0.170121	-0.137230	-0.069859	-0.131571	0.192507	0.298115	0.105226	-0.139683	0.083005	0.264006	-0.189321	0.009813	0.206850	-0.095785	-0.036999	-0.000457	0.029453	0.040687	-0.004800	0.170962	0.043228	-0.181172	-0.248586	0.112633	-0.205712	0.092372	-0.104930	0.162248	0.263576	-0.145469
-0.160338	0.251325	0.080739	-0.080965	0.010651	-0.112521	0.063798	0.185922	0.052528	-0.277583	0.037158	-0.066053	0.236138	0.064308	0.108775	0.216589	0.266303	0.017561	0.214482	0.072417	-0.064432	0.170054	0.003337	0.046280	0.023926	-0.036337	-0.055168	-0.172515	0.010206	0.017423	-0.239263	0.001547	0.204544	-0.148049	-0.200484	0.163029	0.211344	-0.035139	0.166993	-0.089064	0.125965	-0.142944	-0.031961	0.317322	-0.107891	0.109423	0.130811	-0.028203	-0.017322	-0.017674
-0.094816	0.122276	0.143157	0.158488	-0.113392	-0.123157	-0.009804	0.078430	0.133688	0.139018	0.181606	0.058358	0.159202	0.079056	-0.126997	0.022961	0.258006	-0.056334	-0.070091	0.023181	0.300052	0.066025	0.018078	0.090770	0.044725	-0.142131	0.173205	-0.073883	-0.164587	0.219857	-0.154333	0.163126	0.075289	-0.068274	-0.281996	-0.158565	0.093390	-0.229462	0.018758	-0.119460	-0.000239	0.040155	0.000318	-0.080829	-0.203456	-0.211230	0.290309	0.177019	-0.069148	-0.084437
-0.144816	-0.074578	0.082702	0.039146	-0.212192	-0.069058	-0.082822	0.188065	-0.046749	0.099786	0.216279	0.094756	0.140559	-0.022341	-0.176367	-0.018208	0.199348	-0.165679	0.141371	0.009402	0.089105	-0.023887	-0.037381	0.012013	0.277286	0.073614	0.014753	0.160118	-0.066131	0.361874	-0.135291	0.114969	0.071288	-0.087272	-0.096030	-0.060906	0.208496	-0.001973	0.117829	0.147292	0.263900	-0.078541	-0.273983	0.027344	-0.044677	0.005936	-0.037144	0.337545	-0.018109	0.084688
-0.100205	-0.182074	0.276097	-0.142774	-0.144454	-0.052254	0.182230	-0.041197	-0.017158	0.093397	0.243891	-0.060784	0.121844	0.062805	-0.192803	-0.016194	0.135345	-0.033429	0.139269	0.140243	0.190880	0.163536	0.039646	0.035162	0.300172	0.049615	0.088517	0.028441	0.057837	0.193300	-0.124244	0.102925	0.106857	-0.331053	-0.087248	0.024756	0.121203	-0.126757	0.140388	0.036217	0.245847	0.017473	-0.286892	-0.005540	-0.085497	0.021679	0.017089	0.172939	-0.133224	0.031704
-0.176793	-0.147071	0.082548	0.314651	-0.148338	-0.031305	0.111672	0.094870	0.120566	-0.067121	0.175700	-0.047816	0.212568	0.183124	0.088950	0.149814	0.161968	0.041115	-0.021542	-0.179297	0.141930	0.104105	0.199711	-0.029502	-0.003611	-0.001999	0.086221	-0.167398	-0.163224	-0.091564	-0.331086	0.040721	0.154603	-0.093705	-0.294258	-0.027864	-0.010726	-0.112102	0.201028	-0.067403	0.030600	0.015671	0.133064	0.127986	-0.202657	0.141263	0.003147	0.142795	0.163289	-0.021841
-0.086152	-0.149351	0.104713	-0.034183	-0.047614	-0.144887	0.062137	0.108529	0.092232	0.120610	0.187149	-0.073576	0.155793	0.145845	-0.216114	-0.117018	-0.038856	0.115932	0.215527	0.058577	0.268417	-0.026847	-0.087657	0.072661	0.217434	0.057322	0.093346	-0.090128	-0.091799	0.049514	-0.136726	0.173854	-0.061327	-0.210232	-0.112207	0.140397	0.017179	-0.178829	-0.076639	-0.220842	0.075539	-0.293273	-0.226822	-0.039504	-0.163064	-0.000229	0.089385	0.205038	-0.288628	-0.014635
-0.218405	-0.152166	0.123165	-0.020639	0.020799	-0.097975	0.162084	0.338927	0.044639	0.274255	0.096126	0.088783	0.033854	0.114699	0.055482	0.222511	0.227986	0.003573	0.089026	0.086353	0.093670	-0.069994	-0.149125	0.068830	0.256712	0.044275	0.230697	-0.096960	-0.058476	0.171238	-0.132681	0.148744	-0.038008	0.073005	-0.321733	0.051675	-0.094174	-0.095415	0.172703	0.014327	0.153878	-0.097814	0.024914	0.059979	-0.168855	-0.200623	0.119438	-0.020329	-0.082003	0.039810
0.120820	-0.254179	-0.020607	-0.044993	0.034492	-0.191150	0.155796	0.187261	0.063748	0.049335	0.086998	-0.028833	0.231344	0.051584	0.111051	-0.079362	0.011817	-0.002740	0.241601	-0.216654	0.109956	-0.039563	0.005837	0.059097	0.312325	0.007314	0.236768	0.084419	-0.187342	0.032884	-0.254307	0.117362	-0.083644	-0.177373	-0.030797	0.033100	0.139974	-0.021447	-0.012215	0.181444	0.246046	-0.068623	-0.028154	-0.077642	-0.195091	0.138426	0.219720	0.152710	-0.192078	-0.045972
0.158633	-0.116919	-0.013044	0.129939	0.151700	-0.150092	0.104764	0.085313	-0.055915	-0.005216	0.140002	0.042893	0.347182	-0.066604	0.086257	0.012628	0.175102	0.200986	0.226007	-0.147575	0.086735	-0.050606	-0.242350	-0.160670	0.356096	0.018886	-0.116614	-0.176947	-0.143883	0.173499	-0.075370	0.119227	0.078771	-0.061851	-0.297755	-0.008489	0.082765	-0.159253	-0.096964	-0.018743	0.022322	-0.079416	0.139084	-0.080578	-0.196934	-0.146899	0.041899	0.036415	-0.069718	-0.012803
0.224465	-0.039397	0.080948	0.049021	-0.113636	-0.173608	0.077949	0.155734	0.048654	-0.187621	0.288801	0.095844	0.238681	0.125427	-0.102801	0.034079	0.185121	0.136661	0.007891	-0.186553	0.182551	0.025580	-0.268623	0.088238	0.366899	0.060019	0.140480	-0.047211	-0.138209	0.145193	-0.105397	0.035290	-0.128718	-0.027885	-0.116956	-0.104914	0.108068	0.032784	-0.068923	0.060610	0.175431	-0.077805	-0.028945	0.085166	-0.176793	0.012323	0.139166	0.225116	-0.158898	-0.043054
-0.197695	-0.267993	0.146167	0.041996	0.031309	-0.100271	-0.023469	0.088689	0.050263	0.362659	0.195800	0.065526	0.166905	0.120900	0.212456	0.064706	0.233093	0.107444	0.189308	0.025601	0.102569	-0.044740	-0.045874	0.099388	0.291906	-0.051583	0.213107	0.015023	-0.063404	0.099948	0.070102	-0.005393	-0.001991	-0.020752	-0.083792	-0.122216	0.213753	0.035388	0.009833	0.044191	0.141420	-0.096252	0.032659	-0.044759	-0.167962	-0.118406	0.342757	0.153210	-0.108613	-0.000351
-0.079726	-0.316644	0.143974	0.005884	-0.008169	-0.187462	-0.129010	-0.001949	0.089957	0.095129	0.022114	-0.012430	0.100726	0.191923	0.097455	0.271160	-0.018428	0.309889	-0.017645	-0.155036	0.089711	-0.017446	0.137780	0.026980	0.235574	-0.059912	0.132553	0.171972	-0.020587	0.079390	-0.193719	-0.041345	-0.026773	-0.011923	-0.144038	-0.138901	0.098726	-0.188789	0.120956	-0.190349	0.155841	-0.041574	-0.092865	-0.071687	-0.354003	-0.231279	-0.041486	-0.075138	0.076424	-0.055245
-0.202287	-0.155742	-0.003307	-0.110676	0.023113	-0.186362	0.192098	0.026842	0.171887	0.154687	0.060456	0.016366	0.110245	0.130227	-0.077681	-0.130707	0.212743	0.176579	0.059003	-0.118041	-0.080237	0.044259	-0.195818	-0.183507	0.264310	-0.035172	0.021060	-0.189753	-0.109241	0.093596	-0.081759	0.092090	-0.295613	-0.206074	-0.230509	0.149610	0.054203	0.003189	0.260536	-0.050105	-0.047748	-0.000235	-0.062185	0.070822	-0.181909	0.026367	0.095506	0.241616	-0.061632	0.165581
0.005007	-0.107853	0.146579	0.006015	0.016850	-0.229694	0.172075	0.327560	-0.097634	-0.052852	0.155740	0.009159	0.134864	-0.101751	0.044722	-0.025057	0.099108	0.269240	-0.038566	0.036660	0.079879	-0.075162	-0.252192	0.007285	0.103228	0.007809	-0.108909	0.062721	-0.038746	0.096010	-0.040062	0.256942	0.062854	-0.032693	-0.026967	0.080035	0.234038	-0.024151	0.239884	-0.071203	-0.019768	-0.220633	0.006937	0.074138	-0.363979	-0.127219	0.122637	0.198662	-0.105027	-0.210749
0.050289	-0.177397	0.152434	-0.041657	-0.099592	-0.190268	0.100033	0.410190	0.116087	0.362421	0.310280	0.082188	0.164083	-0.106877	0.067486	-0.033790	0.182049	0.089611	0.055435	-0.028816	0.076052	-0.023164	-0.123062	0.025511	0.115435	0.024795	0.085520	-0.020219	0.053087	0.148870	-0.118991	0.066929	-0.011135	-0.191056	-0.293529	-0.099614	0.158786	-0.140555	0.068918	-0.077882	0.047962	-0.000298	-0.117085	-0.004956	-0.158469	0.024776	0.189047	0.130665	-0.083400	-0.047527
0.088882	-0.362434	0.130396	-0.112006	0.059296	0.003909	0.074053	0.093172	0.199784	0.186479	0.216890	0.032920	-0.139570	-0.210553	0.018018	0.135537	-0.127526	-0.003325	0.182705	0.124966	0.112878	-0.274493	-0.000879	0.056421	0.042130	-0.048090	-0.080833	-0.075865	0.027208	0.148881	-0.142849	0.070465	-0.059573	-0.219680	-0.117534	0.063498	0.155950	-0.169032	0.141335	-0.085402	-0.007173	-0.310366	0.028426	0.128100	-0.186460	0.037496	0.157335	0.158653	-0.179954	0.071313
0.023899	-0.211457	0.247543	-0.034895	0.068245	-0.195298	0.181678	0.244285	0.167253	0.272059	0.237797	0.149186	0.025335	-0.200706	-0.019659	0.032119	0.062929	-0.034879	0.266766	-0.106740	-0.153592	-0.101794	0.065456	-0.106941	0.226351	-0.071131	0.122274	0.081218	0.068341	0.170695	-0.090047	0.033000	0.001032	0.028981	-0.027378	0.143476	0.068862	-0.224546	0.096820	-0.116746	0.089548	-0.242309	-0.035004	0.030972	-0.131541	-0.127614	0.075268	0.168648	-0.020235	-0.194894
0.152878	-0.242790	0.037282	0.116158	-0.086240	-0.229924	0.036583	0.284345	0.114963	0.115958	0.094861	0.018570	0.183229	0.032487	-0.016708	0.115199	0.105862	0.095781	0.208636	-0.048053	-0.175262	-0.108084	-0.226417	-0.014035	0.314341	0.049865	0.012152	-0.064128	0.217221	-0.139669	-0.070746	0.284832	-0.156171	-0.151301	-0.161090	0.054900	-0.010191	-0.167932	0.106755	0.067322	0.141513	-0.089750	-0.023206	0.088918	-0.191791	0.019386	0.182829	0.086566	-0.144594	-0.040817
0.172475	-0.128915	0.203177	-0.168550	0.074746	-0.214380	-0.087500	0.032556	0.004979	0.122735	0.314335	0.053878	0.208918	0.039270	-0.172636	0.040894	0.045604	-0.029813	0.167516	-0.096278	-0.018360	-0.000637	-0.133944	-0.111702	0.156787	-0.088175	-0.110146	0.054056	0.044399	0.242774	-0.135581	0.062459	0.075916	-0.083774	-0.294245	-0.091376	0.229655	-0.060362	0.111803	0.068691	-0.048621	-0.287877	-0.149247	0.014484	-0.280693	-0.135316	0.109294	0.134306	-0.108602	0.025408
0.144059	-0.095550	0.251176	-0.051774	-0.032648	-0.092973	-0.081329	0.170940	0.063989	0.094994	0.256557	0.035200	0.044081	-0.098837	-0.119101	0.186605	0.242224	0.072424	0.101000	-0.009938	0.019515	0.068931	0.116839	-0.094511	0.344644	-0.158158	0.063529	-0.155274	0.155359	0.163340	-0.310763	0.122285	-0.014759	-0.113439	-0.121126	-0.088347	0.213106	-0.123670	-0.057235	0.111899	-0.047825	-0.194181	-0.078525	0.217225	-0.027251	-0.024304	-0.090613	0.036557	-0.146531	-0.209575
-0.013267	-0.076607	0.096474	-0.162141	-0.113573	0.017279	0.020975	0.164596	0.171253	0.197576	0.141254	0.096104	0.185503	0.024180	-0.103827	-0.079123	0.123975	0.030753	0.127130	0.190682	0.001070	0.078693	-0.026754	-0.193717	0.153518	0.171316	0.150310	0.079542	-0.073855	0.300743	-0.036850	-0.041391	0.280337	-0.177405	0.015938	0.118893	0.157855	-0.093866	0.072906	0.134028	0.204168	-0.112103	-0.061490	0.074335	-0.153115	-0.214350	-0.085494	0.284737	-0.029458	-0.265139
-0.103875	0.004310	-0.059804	-0.052381	-0.024452	-0.098759	-0.019015	0.124261	0.240326	0.086118	0.398519	0.018263	-0.004434	0.016117	-0.077659	-0.061734	0.058322	0.231463	0.115843	0.040998	0.136162	0.198884	-0.179150	0.073381	0.056771	-0.137450	0.083502	-0.090621	-0.176873	0.228956	-0.156550	0.145182	0.110378	-0.126051	-0.119081	0.112143	0.165115	-0.243632	0.203504	0.030853	0.122160	0.186631	0.000836	0.286622	-0.083187	0.026303	0.123971	0.173106	0.045448	-0.131520
-0.121103	-0.152549	0.293303	-0.134016	0.142024	-0.040266	0.032659	0.276764	-0.012513	0.227594	-0.017723	0.057969	0.117012	-0.163738	-0.136484	-0.032037	0.150226	0.119226	0.260724	0.149754	0.063993	0.058797	0.015982	-0.055098	0.202804	0.096581	0.206925	-0.018383	-0.023690	0.109576	-0.099491	0.184965	0.087201	-0.069177	-0.046315	-0.109367	0.144352	-0.259209	0.039043	-0.028881	0.054174	-0.101405	-0.193199	0.121495	-0.172798	0.148110	0.039521	0.320664	0.062631	-0.110543
0.018904	-0.325000	0.135934	0.087304	0.023988	0.070898	-0.049609	0.234919	0.024120	-0.162179	0.019527	-0.110959	0.109085	-0.112143	0.205555	0.138756	-0.020910	0.005376	0.006375	0.063506	0.112248	-0.142496	-0.010060	0.167378	0.078230	-0.130445	0.032698	0.037118	0.157503	0.029301	-0.179478	0.018898	0.251402	-0.155952	-0.184187	0.049248	-0.014529	-0.021762	-0.189350	-0.011596	0.148285	-0.146301	0.029360	0.519714	-0.182920	0.032819	-0.026455	0.088534	-0.106778	-0.018707
-0.091494	-0.193361	0.108021	0.102917	-0.068916	0.014020	0.018127	0.063401	0.074200	-0.012009	0.107244	-0.196691	0.202365	-0.098200	-0.001030	0.243790	0.018686	-0.031850	0.039258	0.022297	0.144117	-0.084773	0.111303	0.159522	0.240012	-0.002899	-0.009598	-0.209129	0.150449	-0.032764	-0.145995	-0.091727	0.267974	-0.072119	-0.073223	-0.008133	0.091975	0.167977	-0.217298	0.090840	0.134772	-0.108489	-0.221325	0.427106	-0.257349	-0.036903	-0.037871	0.138712	-0.089868	0.021922
-0.128544	-0.015196	0.159519	-0.023623	0.035204	-0.069232	0.245774	0.067722	0.059479	0.074267	-0.026914	0.053749	0.168858	-0.129528	0.099492	0.172796	-0.044288	-0.218816	0.126074	-0.087394	-0.073976	-0.118280	0.051780	-0.064774	0.202610	-0.071325	0.131370	-0.218774	0.151240	0.012533	-0.271111	0.043255	0.260041	-0.154342	0.132752	0.046916	0.010833	-0.024697	-0.021273	-0.157248	0.219970	-0.155681	-0.110843	0.394489	-0.217928	-0.046663	0.136403	0.170613	0.006404	-0.063225
-0.156031	-0.012646	0.228323	0.011258	0.090154	-0.021296	-0.169678	0.103994	-0.141962	-0.130645	0.062156	0.068613	0.114497	-0.137444	0.045465	-0.039816	0.183054	-0.047125	0.009787	-0.075237	-0.056467	-0.075628	-0.042510	-0.143529	0.297484	-0.017592	-0.128867	-0.125248	0.191570	0.034944	-0.244029	0.009519	0.108915	-0.262690	0.042985	0.165090	0.190740	0.154518	0.014019	0.086873	0.116539	-0.282326	-0.077282	0.295138	-0.301363	-0.068179	0.032680	0.074133	-0.052230	-0.181773
0.032291	-0.202545	-0.151040	0.293105	0.051715	-0.023201	-0.145456	0.219959	-0.001185	0.028506	0.258818	-0.070083	0.272409	-0.082711	-0.027331	-0.039621	0.019469	-0.068166	0.120672	0.061007	0.051080	-0.018948	-0.031647	-0.128219	0.124264	-0.057060	0.034176	0.003367	0.052341	0.362391	-0.350125	-0.090610	0.147445	-0.082710	-0.031500	0.130005	0.016519	0.037206	0.149705	-0.242356	0.056401	-0.068673	0.141806	0.323808	-0.146088	0.003611	-0.028046	0.075177	0.035979	0.026350
-0.133011	-0.101772	0.075513	0.075947	0.176733	0.036268	-0.079654	0.053421	0.246882	0.097564	-0.265256	0.125450	0.002704	0.190930	0.098292	0.262442	0.155077	-0.183854	0.171819	0.021121	0.089167	-0.055452	0.029873	-0.088502	0.298003	-0.001938	0.175765	0.033021	-0.037522	0.023120	-0.051171	0.077694	0.074166	0.023719	-0.136741	0.214572	0.004035	0.092188	0.139567	-0.004702	0.277723	0.150086	0.078473	0.001841	-0.358651	-0.098266	0.141066	0.196353	-0.074855	-0.035003
0.096111	-0.061242	0.066271	-0.141896	0.128418	-0.022877	0.046509	-0.003999	0.080793	0.109964	0.138063	-0.238092	0.023798	-0.029925	0.076831	-0.001515	-0.101173	0.118578	0.056486	0.057180	0.263074	-0.015460	-0.000494	-0.372415	0.178888	-0.190114	0.093027	-0.056961	0.056365	0.028959	-0.274569	0.128238	0.102915	-0.096957	-0.113394	0.254686	-0.070065	-0.152884	0.056249	0.173062	0.086700	-0.105643	-0.217485	0.399278	0.030942	0.003625	0.070827	0.047663	-0.129782	0.130971
-0.087803	-0.100485	0.126367	-0.012508	0.138217	0.044553	0.027440	0.145262	-0.122326	0.090813	-0.005661	-0.045749	0.042481	-0.032231	-0.021753	0.123025	0.164999	-0.043444	0.156089	-0.063575	0.145067	-0.120387	0.163183	-0.165426	-0.022987	0.122179	0.102343	-0.105730	-0.117956	0.162887	0.053185	0.053003	0.347457	-0.133172	-0.329146	0.102909	0.105129	0.049132	-0.148811	0.044588	0.293305	-0.107181	-0.034191	0.050895	-0.132083	-0.026553	0.334164	0.121371	0.283109	-0.167735
-0.183090	-0.294993	-0.013841	-0.064320	0.080489	-0.070990	0.071051	0.073988	-0.044100	0.216042	0.031982	0.020306	-0.098095	0.029300	0.129729	-0.028798	0.159892	0.151027	0.222739	0.111630	-0.050913	0.078473	-0.021525	-0.136501	-0.015234	0.325762	0.209383	-0.160633	-0.014639	0.241129	-0.117794	-0.032139	0.254779	-0.213967	-0.117169	0.153290	0.094002	0.009341	0.068531	0.038649	0.255380	-0.120970	-0.051694	0.193809	-0.097261	0.032128	0.122826	0.001750	0.079967	-0.268775
-0.070340	-0.136250	0.189955	-0.019625	0.073223	0.046007	0.169701	0.123968	0.148460	0.047158	0.118810	-0.238796	0.072507	-0.204622	-0.154683	-0.093222	-0.033642	-0.201118	-0.267920	0.035482	0.231595	-0.064369	0.008984	0.057830	0.216659	0.223880	0.037046	-0.258629	-0.150821	0.086397	-0.030154	0.268278	0.110206	-0.070435	-0.133134	0.210716	-0.174384	0.066788	0.072240	-0.017811	0.202333	-0.042404	0.133472	0.270786	-0.097193	0.029811	0.019911	0.051220	-0.025580	-0.038198
-0.265734	-0.180572	0.009088	-0.124120	-0.079252	0.034876	-0.200713	0.068133	0.069074	-0.033205	-0.007483	-0.266207	0.011980	0.034420	-0.174125	0.063868	0.194883	0.203310	0.148709	0.048362	0.081962	-0.114535	0.075060	-0.113726	0.302172	-0.113115	0.256018	-0.073844	-0.099937	0.281958	0.002186	0.123794	-0.099436	-0.104482	-0.139543	0.096973	0.080419	0.022249	-0.040849	-0.025563	0.015195	-0.216939	-0.069764	0.205521	-0.115438	0.007648	0.055469	0.302764	0.174014	0.049808
-0.104616	-0.013170	0.076255	0.225283	0.092208	0.085310	0.046871	-0.150981	-0.075450	0.111495	-0.038469	-0.156993	0.087815	0.258287	-0.043486	0.210764	0.021685	0.057154	0.089456	0.084917	0.134117	0.052377	0.088586	-0.038480	0.167648	-0.155268	0.153607	0.099991	0.239773	0.037681	-0.314821	0.199879	0.058966	-0.268209	-0.069645	0.063865	-0.108704	-0.115421	0.252817	0.252099	0.057145	-0.146515	0.003501	0.090676	-0.257182	-0.020245	0.005943	0.067423	-0.129115	-0.189846
-0.163062	-0.061804	0.114779	-0.035704	-0.100949	-0.014460	0.053732	-0.092671	0.021311	-0.110159	0.027424	-0.040283	-0.044322	0.179335	-0.053788	0.139000	0.121823	0.094357	-0.015757	-0.056014	0.237675	-0.120979	0.105097	0.063523	0.333359	0.014235	0.155354	0.093379	-0.045047	0.036875	-0.323403	0.103650	-0.183159	-0.200268	-0.223213	0.102935	0.059862	-0.218119	0.053345	0.185536	-0.013553	-0.206460	-0.240713	0.210325	0.155337	0.045300	0.111296	-0.114115	0.040487	-0.254951
-0.050667	-0.243204	-0.107812	0.132739	-0.081410	-0.277936	0.118219	0.152713	0.123681	-0.091560	-0.091510	-0.102484	-0.132531	0.091379	0.104616	0.093747	-0.115987	0.033931	0.013304	-0.155362	0.185509	0.031883	-0.025882	-0.032099	0.075910	-0.015416	-0.107549	0.098839	-0.277971	0.202857	-0.192659	-0.165326	-0.030447	-0.055988	-0.084877	0.234960	-0.078318	-0.031547	0.218478	0.237990	-0.030208	-0.239955	0.159888	0.280635	-0.101694	-0.156603	0.032419	0.127475	-0.142523	-0.012102
-0.021231	-0.236066	0.066755	-0.230005	0.143558	-0.171251	-0.135943	0.021306	0.056294	0.177673	0.118714	0.141139	0.011411	0.259480	0.126002	0.089344	0.118963	0.254583	0.129101	-0.017493	0.001012	-0.114880	-0.336375	0.009196	0.258766	0.094807	0.008392	0.055997	0.004684	0.212856	-0.237457	-0.144173	0.089827	-0.041672	0.067660	-0.109039	0.080183	0.029433	0.109973	0.239247	0.119638	-0.023169	0.039713	0.259704	-0.068058	-0.100686	0.033321	0.165249	-0.057847	-0.013852
-0.013084	-0.067211	0.231973	0.030510	-0.266082	0.129062	-0.008485	0.069177	-0.011435	0.220125	0.070698	-0.157126	0.057519	0.264919	0.225178	0.106563	0.122685	0.041375	-0.217370	0.018018	0.115931	-0.076204	-0.100552	0.031461	0.336416	0.027963	0.085441	0.109356	-0.208663	0.240617	-0.253619	-0.042564	0.139906	0.159328	0.042258	-0.077208	0.054517	-0.104955	0.138507	0.228684	0.054182	-0.085669	-0.000536	0.082609	-0.154128	-0.114898	0.167565	0.036288	0.089462	0.096592
-0.117322	-0.049094	0.065230	0.257442	-0.089373	-0.331732	0.073241	-0.103220	0.114899	0.172267	-0.013871	-0.146028	0.072959	-0.110952	0.003478	0.065415	-0.010127	0.015212	-0.137606	0.080272	0.177391	0.142751	0.127809	0.207878	0.224702	-0.165335	-0.145683	-0.115908	-0.188309	0.131028	-0.154084	0.027094	0.064748	-0.326328	0.022665	0.028349	0.099588	-0.255187	0.070164	-0.015030	0.032281	-0.185456	0.097168	0.129272	-0.277302	-0.108983	0.110298	0.050739	-0.084524	0.042347
0.041016	-0.382968	-0.037486	0.241693	-0.033697	-0.220350	-0.137288	0.069913	-0.009257	0.097740	0.130245	0.177266	0.068776	0.249214	0.088126	0.064062	0.019891	0.116778	-0.022499	0.102885	-0.006352	-0.032623	0.032562	0.089811	0.200593	-0.042128	-0.060409	0.026928	-0.005122	0.260860	-0.150784	0.006919	0.155352	0.016506	-0.183460	0.170343	-0.241911	-0.199309	0.126622	0.137400	-0.172903	-0.220753	0.011079	0.092728	-0.204687	-0.035917	0.046986	0.175333	0.007936	0.159026
-0.236798	-0.215402	0.260430	0.092465	0.097108	0.004952	-0.172145	-0.079115	0.143580	0.133730	0.028669	-0.065232	-0.010344	-0.018483	-0.177446	0.234721	0.001796	-0.025110	0.056164	0.019281	0.118150	0.021447	-0.185078	0.028273	0.123892	-0.007289	0.150472	-0.095769	0.325219	0.104514	-0.200926	-0.061290	0.053769	-0.185147	0.008371	0.101215	0.008964	0.135159	0.225329	-0.059112	-0.028660	-0.212124	0.180129	-0.050328	-0.234735	0.143487	-0.024819	0.207524	0.242334	0.067379
-0.096364	0.117093	0.230627	-0.273699	0.089518	-0.039072	-0.093160	-0.030122	-0.047803	-0.159640	-0.039491	-0.137916	0.043765	-0.079766	0.067288	0.175965	-0.025806	-0.065149	0.109120	-0.138614	0.174950	0.110711	0.080089	0.149414	0.081584	0.080523	0.010625	-0.120973	0.130305	0.134222	-0.276335	-0.000813	0.158749	0.121915	-0.232229	0.228167	-0.058425	0.028315	0.231612	-0.151971	0.154712	-0.254737	0.205349	0.307348	-0.118750	0.066513	-0.073962	-0.002446	0.057823	0.104721
-0.060890	-0.080042	0.033545	-0.096712	-0.155205	-0.071840	0.085375	-0.030498	0.184796	0.069826	-0.026817	-0.185291	0.174529	0.226270	0.114965	0.093002	0.015931	0.082206	-0.020775	0.174631	0.070333	-0.059682	0.088223	0.036639	0.074391	-0.026130	0.002625	-0.040875	0.122474	0.195389	-0.174254	0.089933	0.105276	-0.236896	-0.316891	0.235278	-0.145231	-0.048871	-0.004852	0.004181	0.019565	-0.104442	-0.220477	0.158593	0.050617	0.087009	0.479563	0.075202	0.176334	-0.028703
0.074160	0.051813	0.005716	-0.279895	0.079012	-0.086632	-0.141897	-0.051984	0.275196	0.056152	0.007365	-0.013684	0.157842	-0.078304	0.043530	0.264343	-0.058628	-0.059046	-0.121175	-0.093183	0.060605	-0.068646	0.167791	0.181270	0.092466	0.060082	-0.027917	-0.109943	0.156939	0.229011	-0.243915	-0.074387	0.139486	-0.093865	-0.181645	0.186748	-0.136490	-0.264672	0.136443	-0.164269	0.096738	-0.304223	0.025545	0.216828	-0.162889	0.083270	0.001035	0.117255	0.029346	-0.004484
-0.058649	0.077267	0.012739	-0.121348	0.089599	0.017018	-0.069700	-0.027248	-0.072617	0.029404	0.125804	-0.149320	-0.112644	-0.091375	0.081031	0.251555	-0.056896	0.113679	0.122091	-0.124242	-0.002154	-0.139419	-0.041552	-0.155338	0.250881	-0.035736	0.053098	0.039956	-0.232976	0.208969	-0.378088	0.198668	-0.048880	-0.051881	-0.191741	0.165225	-0.068568	0.019050	0.207386	0.186750	-0.230568	-0.142657	0.112785	0.180758	-0.140200	-0.221142	0.198537	0.080585	0.019185	0.000250
-0.221651	-0.166925	-0.003355	0.057241	-0.033501	-0.210159	-0.113159	-0.083506	0.067329	0.099849	0.120890	-0.034127	0.125481	-0.258440	-0.035280	0.141192	0.007877	0.099691	0.111579	-0.034882	-0.082291	0.036100	0.333401	-0.014848	0.216446	0.061998	-0.166726	0.004809	0.079080	0.007557	-0.311916	-0.193297	-0.000791	-0.137338	-0.312756	0.192855	-0.015131	-0.139932	0.222630	-0.022322	-0.153103	-0.023044	-0.009055	0.170881	-0.210961	-0.104910	0.043747	-0.072120	0.077462	-0.111495
0.016366	-0.176633	0.146347	-0.061725	0.081553	-0.054827	-0.108936	0.134729	0.154599	0.008389	0.148428	0.008285	0.166007	0.177495	0.042274	0.363967	0.072880	-0.204596	0.227223	0.014232	0.201126	0.014978	0.241267	-0.031637	0.084604	-0.022904	-0.141687	-0.102209	-0.178317	0.097236	-0.141386	-0.150259	0.009104	0.038884	-0.312334	0.180964	0.106313	-0.029136	-0.129308	0.209983	0.070160	-0.037769	0.184633	0.079863	-0.134654	0.095749	0.041832	0.024624	0.073060	-0.238019
-0.044151	-0.077636	0.042022	0.082174	0.009988	-0.062021	-0.018486	0.285717	-0.140143	0.095994	0.282075	-0.018268	0.271391	0.122218	-0.040922	0.236902	0.079787	-0.180836	0.118779	0.025336	0.292681	-0.046614	0.021094	-0.024221	0.104387	0.072077	0.061832	-0.121231	0.018132	0.154092	-0.201941	0.199075	-0.061248	-0.273721	-0.100536	0.050954	-0.038331	0.256853	-0.226272	0.144302	-0.015439	0.019495	0.063367	0.127599	-0.047080	0.220336	0.114981	0.082070	0.019654	-0.194408
-0.233946	-0.054047	0.257076	-0.153448	-0.024454	-0.250830	0.045192	-0.113519	0.172969	-0.063898	0.213473	-0.015778	0.380902	-0.031813	0.113502	-0.029601	-0.119472	0.034205	-0.024415	-0.020308	0.164764	-0.248495	0.065967	-0.080788	0.190819	0.193274	-0.040974	-0.236323	0.029220	0.075438	-0.221618	-0.043498	0.072653	-0.032395	-0.146559	0.113808	-0.147153	-0.105867	0.153291	-0.071337	-0.053705	-0.041596	-0.087526	-0.039597	-0.244563	0.142761	0.064220	-0.097267	-0.095615	-0.102708
-0.174395	-0.079520	0.009226	0.149092	-0.135075	-0.150449	0.081548	0.075341	-0.012789	0.137352	-0.059953	-0.045834	-0.051370	-0.000758	-0.023797	0.184211	-0.046166	0.164213	0.111149	0.022089	0.082893	-0.333649	-0.093629	0.075878	0.418023	0.134640	-0.026700	-0.046058	-0.148599	0.175127	-0.306278	0.008944	0.032903	-0.153563	-0.156508	0.026986	0.197865	-0.009687	0.179077	0.014384	0.008723	0.026153	-0.198181	-0.050854	-0.248927	0.119946	0.029392	-0.119248	-0.230985	0.007925
-0.319423	-0.201872	0.030937	0.050553	0.105833	-0.002684	0.017456	0.041650	-0.019358	-0.125271	0.141484	-0.101006	0.193209	-0.167465	-0.016440	0.276556	-0.095798	0.249029	-0.012425	0.132914	0.144437	-0.165223	-0.001465	-0.013696	0.308531	0.264508	-0.049528	-0.031328	-0.166425	0.166222	-0.155806	0.238148	0.030114	-0.118517	-0.163746	-0.042578	0.162657	-0.039767	0.111763	0.062923	0.084276	-0.033850	0.221042	0.126732	0.111095	0.016043	0.006910	0.110559	-0.096916	-0.119460
-0.275094	-0.246366	-0.006015	0.106784	0.064304	0.015534	0.009967	0.302390	-0.051607	-0.062884	0.000350	0.126561	0.116688	-0.019005	0.247455	-0.068989	0.092540	0.100099	0.007413	0.025906	0.269289	-0.203877	0.002154	-0.080443	0.390603	0.065572	0.046094	0.125003	-0.180108	0.168103	-0.144350	-0.044986	-0.071522	0.027711	-0.188723	0.158083	0.029912	-0.007447	0.082610	0.181567	0.115352	-0.044457	0.013262	0.267821	0.014905	-0.112686	0.182635	-0.078076	0.048571	0.080444
-0.184788	-0.234919	-0.008141	0.049542	-0.013352	0.021117	-0.001180	0.103911	-0.063369	0.101100	-0.107331	-0.165710	0.051119	-0.088703	-0.133320	0.133837	0.278465	-0.118627	0.015027	0.102167	0.215083	-0.095600	-0.351018	0.054263	0.211820	0.062545	-0.092007	-0.051791	-0.150156	0.196933	-0.040856	-0.011713	0.187234	-0.184811	-0.102326	0.354293	0.137756	-0.099536	0.139385	0.043352	0.173883	-0.156270	-0.010148	-0.036600	-0.025610	-0.114106	-0.019770	0.249618	-0.049056	0.012668
-0.309436	-0.013033	0.117417	0.053155	-0.129892	0.093388	0.011058	0.337049	-0.098104	0.221687	0.220623	-0.022515	-0.197875	0.188111	-0.158275	0.027622	0.094725	-0.188405	0.210887	-0.037881	0.249983	0.136350	0.026050	0.060190	0.170956	0.008843	0.090345	0.014464	-0.030094	0.233510	-0.171681	0.039409	0.103883	0.073142	-0.174965	0.193829	-0.141031	0.034032	0.077031	-0.041412	-0.020457	-0.050493	0.050695	0.100317	-0.307635	-0.040009	0.062850	0.049447	-0.023616	0.090180
-0.137575	-0.324591	0.011940	0.178641	-0.015345	-0.093690	-0.024107	0.104282	-0.136684	0.165274	-0.029471	-0.280357	0.056191	-0.054642	0.093691	0.122233	-0.110559	-0.273584	0.139730	0.114702	0.237293	-0.029490	-0.039079	-0.181156	0.264515	-0.046604	0.122426	-0.098121	-0.020538	0.117986	-0.141455	0.087900	-0.153096	0.011060	0.002810	0.156717	-0.030718	-0.132869	0.230046	0.225337	0.101370	-0.104346	-0.092308	0.007433	-0.190610	0.116752	0.123228	0.091580	-0.157640	-0.138569
-0.196482	0.055034	-0.121601	-0.161773	0.109008	0.026745	-0.016170	0.128906	-0.202072	0.081900	0.125511	-0.148183	0.228316	0.133652	0.018839	0.103505	-0.096656	-0.024817	0.162955	-0.045430	0.359491	-0.267718	-0.251993	0.024390	0.231853	-0.029789	0.062631	0.065331	-0.108863	0.157465	-0.266925	0.062700	0.042997	0.061398	-0.079178	0.026392	0.218333	-0.038588	0.111319	0.115493	-0.053120	-0.137127	-0.087969	0.086531	-0.134919	-0.129705	0.128425	0.184518	-0.150164	-0.104599
-0.168770	0.043261	0.099744	0.006672	0.091131	0.000800	-0.029947	0.016666	0.180364	-0.004548	0.220838	0.032283	0.114737	0.175962	-0.014361	-0.003889	0.142537	0.088885	0.033545	0.039638	0.331047	-0.147913	0.228003	0.005896	0.130976	0.130900	0.079391	-0.080703	-0.006491	0.302414	-0.258154	-0.152782	-0.093498	-0.073554	-0.139113	0.134949	-0.157693	-0.190636	0.107021	0.025318	0.095087	-0.006429	0.066021	0.161618	-0.245858	-0.133174	0.287736	0.218373	-0.031099	0.079114
-0.117836	-0.046151	0.235510	-0.048120	-0.098259	-0.251563	-0.038265	0.041700	-0.116649	-0.130062	-0.024147	-0.090214	-0.053286	0.037002	0.181330	0.164749	0.098390	0.336805	0.016441	0.022763	0.162196	-0.034674	0.219525	-0.105349	0.326618	-0.074533	-0.092896	-0.190746	0.055338	0.125460	-0.289990	-0.145694	0.171476	-0.034693	-0.085301	0.185619	0.029935	0.103391	0.060035	-0.112454	0.089300	-0.051272	-0.143097	0.235238	-0.068323	0.019574	-0.130220	0.139506	-0.129442	-0.098444
0.041599	-0.071651	-0.029100	-0.023731	-0.257336	-0.024624	-0.182005	0.176453	-0.114680	-0.088753	0.136652	-0.039760	0.219364	0.056540	0.125758	0.102374	0.020255	-0.055110	-0.106172	0.004463	0.213402	-0.202195	-0.026407	-0.159971	0.109717	-0.143987	0.004541	-0.056688	0.055730	0.078689	0.046213	0.097410	0.108918	0.002937	-0.095162	0.128945	-0.065278	-0.221441	0.117348	-0.178079	0.175618	-0.233859	-0.219645	0.401892	-0.158556	-0.107949	0.042215	0.249215	-0.121784	-0.101098
-0.002060	-0.359579	0.109267	0.046056	0.096533	-0.018628	-0.108879	0.094281	-0.014773	0.192963	0.101151	-0.178470	0.100103	0.065474	-0.088642	0.251170	-0.008757	-0.112255	-0.078063	0.032239	0.083434	-0.136927	-0.026409	-0.091621	0.187472	-0.129477	0.089415	-0.179360	0.109078	0.039751	-0.268822	-0.016419	0.023408	-0.233401	-0.080367	0.160074	0.076615	0.065299	0.201552	-0.130128	0.045347	-0.034235	-0.315642	0.242361	-0.075976	0.088964	0.129206	-0.019249	-0.282935	0.039270
-0.132701	0.074119	-0.037288	-0.031862	0.005258	-0.037833	-0.102950	0.284112	-0.129114	0.093468	0.118578	-0.090558	-0.011077	0.019124	0.303082	0.080277	0.057546	0.084717	0.156566	-0.014957	0.187405	-0.289057	-0.050246	0.017893	0.173272	0.228058	0.121824	0.143460	0.045527	0.121512	0.022122	0.093654	0.041710	0.128076	-0.099639	0.078075	-0.123174	0.050243	0.148958	-0.097961	0.206725	-0.418285	-0.086686	0.283970	-0.141166	0.106522	0.075361	-0.083817	0.023782	0.030193
-0.145682	0.041844	-0.043013	-0.148113	0.110936	-0.016874	-0.236391	0.071197	0.064147	0.094166	-0.181766	-0.040171	0.098293	0.163807	-0.004964	-0.011437	-0.003382	0.052443	0.245251	0.127420	0.182077	-0.249596	0.206858	-0.125929	0.304314	0.183454	-0.071121	-0.031368	0.033010	0.019422	-0.181580	-0.031173	0.186762	-0.158338	-0.255420	0.108262	-0.055024	-0.027991	0.106280	0.187129	0.155125	-0.243152	0.101108	0.204239	0.043367	-0.012030	0.089248	0.153841	0.064691	-0.185617
-0.226211	0.208678	-0.105844	-0.068952	-0.064966	-0.042369	-0.057277	0.059154	-0.175012	0.116920	-0.057398	-0.016084	0.018148	-0.004094	0.153357	0.002338	0.299642	0.061785	0.020842	-0.201814	0.297712	-0.058398	-0.155453	-0.005727	0.327481	0.099811	0.173725	-0.179893	0.061716	0.107253	-0.172650	0.155095	0.149905	-0.125310	-0.130280	0.211323	0.035414	-0.246095	-0.151813	0.022109	0.000488	-0.086432	-0.048387	0.110483	-0.236174	0.150661	0.048950	-0.104767	0.056251	0.051845
-0.070725	0.067568	0.036903	0.208479	-0.102628	-0.000891	0.100688	0.250283	0.013027	0.005065	0.310781	-0.052124	0.055892	-0.083532	0.219198	0.031555	0.071101	0.028359	-0.068403	-0.034003	0.080920	-0.119891	-0.180286	-0.006862	0.094680	0.028573	-0.067330	0.189353	0.032859	0.109818	-0.182676	0.115494	0.221626	0.102386	0.012143	0.016374	0.115884	-0.116327	0.056903	-0.048238	0.214720	-0.274909	-0.080640	0.452966	-0.149306	0.080053	0.183118	0.181380	0.085945	0.006760
-0.147721	-0.100283	-0.004416	-0.028501	0.107206	0.119516	-0.136598	0.142481	-0.004607	-0.020277	0.153736	0.074435	0.158737	-0.176846	0.037161	0.109334	0.147317	-0.114218	-0.040035	0.020102	0.021161	-0.207923	-0.001419	-0.122637	0.263197	-0.124947	0.197882	0.089794	0.007577	-0.115150	-0.070697	-0.049135	0.010953	-0.050598	-0.325860	0.189903	0.194359	-0.053616	0.250465	-0.024799	0.257932	-0.165825	-0.086329	0.403531	-0.126593	-0.005988	0.029458	-0.012235	-0.143286	0.063056
-0.258399	-0.256968	0.096886	0.008210	-0.092551	-0.045194	0.128737	0.180566	-0.010428	0.066773	-0.094013	-0.262266	0.297719	0.033636	0.020844	0.196240	0.099103	0.187987	0.004267	0.006283	0.143200	-0.195587	-0.102411	0.001464	0.261513	0.021518	-0.184759	0.079823	-0.027381	-0.047672	0.039646	-0.108868	0.231960	-0.035059	-0.103787	-0.121457	-0.017423	-0.013680	0.225669	-0.056895	-0.098425	-0.227769	-0.183914	0.089614	-0.150104	-0.032941	0.111208	0.238091	-0.001137	-0.124402
-0.079525	-0.103244	0.240695	-0.145183	-0.035245	-0.108746	0.108100	0.138134	0.198606	0.016080	0.014042	0.185713	0.368570	-0.126767	0.036221	0.249065	0.189176	0.151040	0.056177	0.069269	0.238596	-0.100551	-0.140557	-0.092903	0.138959	0.157609	0.016944	-0.071652	-0.150775	0.209732	-0.109575	0.002368	-0.080068	-0.035491	-0.178102	0.276479	-0.099940	0.073514	-0.070594	-0.088096	0.068596	-0.037362	0.097837	0.126521	0.006018	0.116642	-0.102989	-0.013382	0.220987	-0.176989
-0.161625	-0.145834	0.185240	-0.088594	0.125710	0.006716	0.054970	0.286074	0.203055	0.021530	-0.170606	0.091525	0.156663	-0.071387	-0.051537	-0.195095	0.056927	-0.051240	-0.005836	-0.062299	-0.083474	-0.103786	0.020162	-0.135176	0.217987	0.041872	-0.010897	0.081169	0.075369	-0.064098	-0.150890	0.106380	-0.063818	-0.127074	-0.380675	0.102877	-0.092029	-0.180656	0.146805	0.221450	0.174283	-0.185087	-0.090983	0.071088	-0.235278	-0.194593	-0.114590	-0.125710	0.149197	-0.066012
0.034556	-0.014503	0.048411	0.078285	-0.079055	0.059771	0.015251	0.296203	-0.024321	-0.075059	-0.075131	-0.291073	0.319651	0.111326	-0.137578	0.123182	0.223611	0.044823	0.011564	0.040414	0.041428	0.068599	0.015665	-0.055353	0.088961	0.060629	-0.061082	-0.005896	-0.121820	0.151738	-0.263127	-0.124962	0.041470	-0.019722	0.029706	0.129531	-0.139627	0.056485	0.168590	-0.168027	0.209171	-0.230668	0.091317	0.022306	-0.326851	0.036680	0.120914	-0.146038	0.310318	-0.012531
-0.227033	-0.262031	0.109597	-0.161892	-0.070376	0.130624	-0.104265	0.074083	-0.008292	0.073810	0.170650	0.012736	0.441584	-0.014646	-0.120622	0.050806	0.155186	0.032183	0.290455	0.164590	0.220985	-0.079540	0.069967	0.041126	0.016990	0.085198	0.017198	0.087113	0.042757	0.003706	-0.017384	-0.069431	-0.123439	-0.082813	-0.208676	0.036027	-0.080757	-0.016031	0.100653	-0.069213	0.175644	-0.011230	0.202524	0.161141	-0.316749	-0.151004	0.109800	0.063707	-0.012019	-0.096705
-0.159233	-0.090429	0.076327	0.049704	-0.079668	0.178769	0.186816	0.272583	-0.120526	0.177367	-0.062075	0.245071	-0.014956	-0.167635	-0.029497	0.155378	0.101394	0.176161	0.053010	0.068361	0.098030	-0.141742	-0.117875	0.059549	0.225755	0.222796	0.019237	0.141353	-0.081729	0.155752	-0.168255	-0.185120	0.036524	-0.080939	-0.176238	0.119752	-0.197837	-0.175486	0.133000	0.013121	0.248381	-0.180143	0.055881	0.118276	-0.072766	-0.136024	-0.141350	0.139195	-0.133454	0.060964
-0.130941	-0.020088	-0.050624	0.117188	-0.102546	-0.097492	-0.169564	0.118981	0.038360	-0.019178	-0.091275	-0.187769	-0.099937	-0.005834	0.266353	0.118475	0.109316	-0.128677	0.097573	0.063377	0.018003	-0.107328	0.102769	-0.222684	0.315863	-0.216506	0.202334	-0.249441	0.018683	0.112574	-0.080566	-0.197925	-0.160867	-0.127909	-0.244245	0.032197	0.002854	-0.124742	0.127778	-0.062033	0.072031	-0.079895	0.169122	0.241054	-0.152561	-0.021164	0.024097	-0.198574	0.195242	-0.038172
-0.113282	0.068520	0.182772	0.062271	0.210927	-0.013066	-0.060974	0.212901	-0.111969	0.135819	-0.073156	-0.085192	0.044553	0.094944	0.040883	0.162440	-0.128838	0.020823	0.095332	-0.031535	0.088962	-0.124470	0.022822	-0.057685	0.247998	-0.080195	0.168218	-0.170119	-0.006669	-0.184613	0.012557	-0.237058	-0.041234	-0.317654	-0.220215	0.144956	0.141301	-0.148475	0.191000	0.058601	-0.080846	-0.091713	0.153662	0.255485	-0.151140	0.039538	-0.019377	-0.066623	0.255176	-0.215880
-0.097680	-0.158930	0.000287	0.251858	0.079555	0.175496	-0.184785	0.068654	-0.078375	0.143519	-0.080069	-0.047729	0.079341	0.008725	0.081124	0.122569	0.006929	-0.008735	0.029490	-0.085527	0.145493	0.059645	0.023593	-0.267959	0.371707	-0.090936	0.133597	-0.049012	0.045178	0.055449	0.024204	-0.059591	-0.162037	-0.222437	-0.169330	0.057089	-0.165586	0.065347	0.120374	0.063055	0.328472	-0.074067	0.119640	0.257068	-0.246688	0.086671	0.162103	-0.052613	0.175860	-0.033287
-0.113985	0.070225	0.101443	0.158418	0.029068	0.062145	-0.107213	0.122292	-0.099142	0.130978	-0.020712	-0.020868	-0.010472	-0.004894	0.243103	0.155787	-0.117396	0.015058	0.119921	-0.105391	0.004693	-0.128995	0.067257	-0.188685	0.361497	0.021063	0.056463	-0.270080	-0.069809	0.181492	-0.099603	0.003238	-0.176801	-0.287001	-0.112567	0.093421	0.002488	0.097430	0.255365	0.070847	0.136937	-0.001254	0.009482	0.184340	-0.213135	0.153541	0.006860	-0.130508	0.308419	0.064136
-0.038306	-0.267870	-0.082738	-0.003536	0.077698	0.013435	-0.216083	0.078920	-0.028916	0.141707	-0.007354	0.102490	-0.068966	0.033575	-0.191955	0.375579	0.035282	-0.074239	-0.048687	-0.060706	0.141984	0.093729	0.007516	-0.214497	0.292002	-0.053789	0.102386	-0.264289	0.016536	0.049160	-0.212943	-0.010217	-0.225142	-0.129182	-0.042205	0.065862	-0.238206	0.058692	0.272860	0.142934	0.031790	-0.094292	-0.101123	0.214055	-0.162908	-0.105613	0.020968	-0.064580	0.047723	-0.044404
0.037039	-0.081081	0.089348	0.070089	-0.039595	-0.190070	0.101304	0.031567	0.013846	-0.027562	0.162285	0.176559	0.080916	0.017935	0.107175	0.127079	-0.068709	0.040486	0.143452	0.062087	0.021802	0.120711	0.082087	-0.188515	0.215849	0.091881	0.240321	-0.156677	-0.032601	-0.006909	-0.157407	0.132531	0.000813	0.044485	-0.213273	-0.245761	-0.124495	-0.343545	0.165134	-0.031012	0.153448	-0.224757	0.171339	0.068946	-0.338334	-0.182137	0.136201	0.147354	0.036475	0.036178
-0.050332	-0.109367	-0.067503	0.094510	0.217531	0.062631	-0.007136	0.320959	0.010628	0.031904	0.106889	-0.152144	-0.000779	0.131639	0.114288	0.225847	0.022142	0.070822	0.028197	-0.147639	0.029347	0.055736	-0.073318	-0.248670	0.223142	-0.090480	0.185089	-0.308773	0.202958	-0.188919	0.048530	0.020860	0.089590	-0.266444	-0.134015	0.053086	0.059894	-0.018595	0.219972	0.077267	0.035850	-0.027450	0.049612	0.171620	-0.324057	0.032881	0.075224	-0.026821	0.163350	-0.053679
-0.092777	-0.037076	0.143050	0.006309	0.066787	-0.055985	0.099518	0.302753	0.193390	0.097996	-0.018818	-0.242474	-0.027218	0.059123	0.051073	-0.101147	0.042758	0.066614	-0.066419	0.017614	0.157711	-0.088072	-0.001816	-0.017773	0.233260	-0.102009	-0.133739	0.027861	0.045585	-0.054697	-0.208868	0.055703	0.044207	-0.290966	-0.065102	-0.045273	0.082320	-0.228668	0.213439	0.184988	0.066964	-0.084366	-0.067887	0.055150	-0.382627	0.072919	0.238415	0.136190	-0.061948	-0.275630
-0.102624	0.065397	-0.232126	0.126662	0.182985	-0.112350	-0.138190	0.215856	0.077618	0.342532	-0.009371	-0.098848	-0.014126	-0.044132	0.046401	0.265631	0.014816	-0.060653	0.103594	-0.238150	0.179400	0.016361	-0.051248	-0.007634	0.293582	0.049527	0.144437	0.004794	0.116806	-0.072685	-0.090803	-0.018801	0.126052	-0.093432	-0.285106	-0.038933	0.162391	0.110708	0.176202	-0.001963	-0.099396	-0.168990	-0.089443	0.218877	-0.067258	-0.046976	-0.157326	0.177170	-0.035993	0.127488
-0.012924	-0.079291	-0.170830	0.122503	-0.046696	-0.048310	0.025619	0.165142	0.199709	0.153871	-0.010536	-0.162016	0.208318	0.088765	0.235841	0.153616	0.024294	-0.155433	0.042672	0.181741	0.290510	0.039761	-0.169617	-0.074047	0.321017	-0.090444	0.215083	-0.155320	0.045520	0.144798	-0.023349	0.002699	0.003721	-0.299600	0.106228	0.006681	-0.006714	0.178331	0.193209	0.053137	0.076689	-0.035095	-0.030427	0.217128	-0.188052	-0.092744	-0.159132	0.030044	0.107627	-0.037409
-0.068173	-0.080865	0.079200	-0.054707	0.248703	-0.130999	-0.195280	-0.067483	-0.083888	0.120204	-0.091167	-0.034949	0.219462	0.007970	-0.015009	0.283199	-0.120207	0.065363	0.104908	-0.139187	0.021530	0.039336	-0.070184	-0.015103	0.289958	0.050219	0.186169	-0.199175	0.004524	0.038796	-0.274845	0.207968	-0.096412	-0.243137	0.094157	-0.060664	0.017120	-0.015686	0.260252	0.155301	-0.008777	-0.169707	0.044651	0.168361	-0.202235	-0.183983	-0.057728	0.018668	0.222126	0.018255
-0.050663	0.008727	0.015509	-0.134303	0.173610	-0.021776	-0.190136	0.052152	-0.030388	0.032470	-0.035389	-0.096562	0.085647	-0.130460	0.100077	0.342160	-0.188258	0.111096	0.088661	-0.147706	0.272712	0.000514	-0.036212	0.071664	0.180357	0.065274	0.241706	-0.217658	-0.012515	0.084419	-0.258952	0.047939	-0.014354	-0.353509	0.089659	0.079250	-0.033289	0.054207	0.137481	0.073407	-0.006581	-0.089156	0.159433	0.147394	-0.189501	-0.265028	0.071693	0.178042	0.040942	0.021437
-0.066610	-0.035997	-0.027660	-0.078664	-0.060654	-0.136439	-0.220733	0.175578	0.172481	0.205364	-0.081339	-0.047850	0.144820	-0.227928	0.265313	0.204420	-0.002508	-0.202151	0.130297	-0.215675	0.136507	0.074289	-0.005396	0.035213	0.079077	-0.127891	0.296387	-0.158138	0.053326	0.179517	-0.130914	0.030781	-0.074966	-0.058199	-0.032447	0.067521	-0.137989	0.013195	0.300598	-0.018568	0.017346	-0.135144	0.106453	0.177205	-0.205613	-0.206237	-0.076459	-0.006226	0.156625	0.008286
-0.170943	-0.082998	-0.126112	0.008967	0.088474	-0.305548	-0.198176	0.115681	0.017300	0.005204	0.058967	-0.042229	0.227370	-0.219075	-0.006817	-0.004766	-0.092194	-0.088707	-0.113118	-0.082315	0.339759	0.009384	0.049470	-0.216751	0.408057	-0.090465	0.133279	-0.066330	-0.075584	0.015603	-0.181684	0.015620	-0.049723	-0.182936	-0.050317	0.056205	-0.009802	0.139236	0.048308	0.102465	-0.001365	0.026404	-0.138676	0.135889	-0.210923	-0.109992	0.110330	0.032083	0.262418	0.027621
0.043293	-0.045889	-0.054286	0.236395	0.021598	0.068088	0.041181	0.331229	0.010234	0.151197	0.089238	-0.021088	0.049400	-0.109743	0.009982	-0.037541	-0.118474	-0.204482	0.027028	0.009214	0.021327	-0.121136	-0.015101	-0.254745	0.150375	-0.107670	-0.140238	0.039505	-0.033027	0.345571	-0.333892	0.172529	0.077614	-0.147660	-0.151036	0.027326	-0.067566	-0.033644	0.042201	0.035812	0.078531	-0.169795	0.109965	0.112858	-0.263082	-0.170675	0.240071	0.073823	0.098809	-0.167455
0.009627	-0.188855	-0.055156	0.046244	0.193831	0.077094	-0.141922	0.133462	-0.142929	-0.143283	0.195777	-0.121604	0.068521	0.034176	0.030064	0.203068	0.148079	-0.093285	0.057663	0.080266	-0.020139	-0.259714	-0.035172	-0.043016	0.222899	-0.190155	0.244579	-0.041153	-0.028319	0.170686	-0.287884	0.003224	0.079627	-0.101903	0.024024	0.100284	0.162995	0.035804	-0.020739	-0.090807	0.072771	-0.091692	-0.090676	0.425787	-0.128345	0.041223	0.101481	0.023156	0.180306	-0.188078
-0.213503	-0.033217	0.030191	-0.087943	-0.033598	-0.175167	0.009903	0.311386	-0.017434	0.060070	0.066856	-0.220212	0.203108	-0.259230	0.119406	0.020076	-0.120038	-0.135641	0.133448	-0.010509	0.071906	-0.115288	-0.012052	0.050715	0.104964	-0.084665	0.106898	-0.221741	0.185285	0.011657	-0.261273	-0.091934	0.130952	0.000817	-0.046678	0.192565	0.055565	0.148327	0.260944	-0.097298	0.101152	0.014086	0.001845	0.321951	-0.207303	-0.065954	-0.114675	-0.049699	0.183959	-0.063316
0.114527	0.107252	0.044502	0.149096	0.129166	-0.072122	0.004289	0.182690	-0.127075	0.008683	0.085049	-0.362472	0.211684	-0.148039	0.046642	0.082925	0.073905	-0.006151	0.042387	0.002643	0.003003	-0.025472	-0.032950	0.120186	0.331038	0.036738	0.154934	-0.296727	0.019343	0.075211	-0.115695	-0.120648	-0.057076	-0.068712	-0.102450	0.089392	0.047851	0.152932	-0.034176	-0.078697	0.127507	-0.277302	0.021079	0.362751	-0.213086	0.160917	0.101733	-0.008255	-0.001095	-0.135679
-0.088284	-0.011817	-0.028741	0.008127	0.018031	-0.085591	0.043898	0.215045	-0.096775	0.048396	0.165545	-0.161157	0.055466	-0.076341	0.012618	0.087389	-0.191548	-0.152430	0.179822	-0.034252	-0.044808	-0.183161	0.064430	0.077089	0.222345	-0.078233	0.045409	-0.331078	-0.034906	0.171375	-0.115748	-0.063682	0.137963	-0.097420	-0.019492	0.104610	0.032938	0.051572	0.187348	-0.129532	0.063314	-0.030378	-0.161317	0.484270	-0.307986	0.018402	0.070287	0.000353	0.189142	-0.048572
-0.000455	0.006897	0.017534	0.132464	-0.016844	-0.047986	-0.201691	0.162524	-0.076220	0.049475	0.163805	-0.114694	0.059986	-0.239575	0.081453	0.195656	-0.054647	-0.092922	0.245091	-0.078414	0.001822	-0.146835	0.067023	-0.175641	0.346150	-0.079098	-0.072984	-0.336029	-0.028258	0.101280	-0.205466	-0.179552	-0.045172	-0.129356	-0.037737	0.073884	0.103044	-0.034535	0.136876	-0.090064	0.170376	-0.086129	-0.122682	0.349750	-0.129922	-0.121393	0.076369	0.010145	-0.084165	-0.104496
-0.218409	0.003586	0.176454	0.028830	-0.110544	0.076190	-0.135784	0.262492	0.001708	0.006190	0.119003	-0.187439	0.288407	-0.151111	-0.076139	-0.023032	-0.061848	0.142127	0.005691	0.184610	0.137441	-0.033206	-0.199845	-0.133062	0.272909	-0.121931	0.227593	0.068483	-0.173417	0.068115	-0.148105	-0.072830	0.055787	-0.092503	-0.144051	0.290693	-0.100105	0.070313	0.197150	-0.120437	0.006053	-0.005340	0.036335	0.158573	-0.123537	-0.120423	-0.067538	0.141664	0.194413	-0.075714
-0.086198	-0.093287	0.062941	-0.038096	0.179990	-0.141707	0.058061	0.288081	-0.080490	0.237822	0.142010	-0.172437	-0.011187	-0.077584	-0.216335	0.215256	-0.094443	0.055036	-0.036440	0.050878	0.070829	0.050150	-0.134709	-0.422772	0.193878	0.004474	0.156771	-0.021784	-0.113508	-0.220323	-0.215928	-0.026340	0.050444	-0.118509	-0.054084	0.106208	-0.047201	0.092653	0.217045	0.047895	-0.020641	-0.169218	-0.053211	0.185686	-0.132646	0.078680	0.119503	0.179488	-0.032728	0.083524
-0.092288	0.051634	0.069254	-0.172117	0.080503	0.100432	0.006392	0.032119	0.185632	-0.131095	-0.022110	-0.138657	0.060483	0.001838	-0.006165	0.308771	0.166639	0.052113	0.072838	0.110407	0.368734	0.122605	0.068929	-0.090269	0.086151	0.148557	-0.029096	-0.122921	0.063162	0.000006	-0.112495	-0.020183	0.142807	-0.172843	-0.298753	-0.076790	0.024383	0.114098	0.228705	0.135963	-0.062506	-0.203564	0.198662	0.134704	-0.345032	0.051203	0.102085	-0.060417	0.042870	0.147052
-0.252831	0.106497	0.204390	0.015351	0.087976	0.097566	0.045402	0.036616	-0.013790	-0.075918	0.153961	-0.056878	0.215744	0.143106	0.126387	0.066703	-0.181445	0.001971	0.040114	0.034847	-0.059836	-0.073769	0.179233	-0.102180	0.067521	0.224672	0.033074	-0.182086	0.021230	0.006682	-0.202267	0.093368	0.206099	-0.077411	-0.313047	0.156592	-0.023124	-0.113591	0.242525	-0.032078	-0.035938	-0.354555	-0.090983	0.054028	-0.277555	-0.015781	-0.011186	-0.084037	-0.112050	-0.188345
-0.267944	-0.040576	-0.050156	-0.001580	0.078510	-0.068750	-0.002612	0.431818	0.028592	0.054580	0.170385	-0.025019	0.058568	0.096020	-0.024832	0.192764	-0.132260	-0.073777	0.111512	-0.135646	0.098394	0.211557	-0.082472	-0.033161	0.116838	0.063585	0.250018	-0.204904	-0.061297	0.132498	-0.165299	0.064690	-0.000341	-0.042340	-0.115027	0.099063	0.045833	-0.093151	0.274372	-0.285829	-0.025829	0.132837	0.022521	0.167920	-0.150955	-0.257336	-0.150466	0.009077	-0.004048	0.017938
-0.175951	-0.073947	-0.009786	-0.132382	0.091667	-0.116102	0.032038	0.418611	-0.201153	-0.000035	-0.000412	-0.089801	0.207821	0.150155	0.029924	0.172816	-0.073140	0.177049	0.030462	-0.057188	0.058360	0.124681	-0.021127	-0.107334	0.302774	-0.091329	0.236637	-0.101152	-0.152956	0.291713	0.070943	-0.056214	-0.221016	-0.037193	-0.075922	0.048158	-0.079708	0.095807	0.081005	-0.114969	-0.003086	-0.147436	-0.057328	0.116733	-0.071512	0.005682	0.129249	0.293480	0.081027	-0.034795
-0.180304	-0.157429	0.235445	0.022861	-0.055598	-0.005841	0.131961	0.100256	0.061264	-0.091120	0.066610	0.047287	0.060210	0.004906	0.036491	-0.059883	0.062677	0.015191	-0.183197	0.112505	0.140033	-0.201924	0.115526	-0.164140	0.103199	0.068464	0.126161	-0.028431	-0.021695	0.125201	-0.038117	0.004854	0.017995	-0.234121	-0.279601	-0.159725	0.196765	-0.176512	0.149921	-0.017933	0.248529	-0.271830	0.275475	0.030425	-0.054989	-0.034970	-0.149118	0.331004	0.065848	0.154212
-0.106022	0.052680	0.115802	0.053407	-0.094075	0.041181	-0.133990	0.107204	-0.013987	-0.006325	0.303529	0.079335	0.086025	0.114828	0.067923	0.174240	0.022313	-0.053795	-0.093497	0.219424	0.360932	-0.038681	0.055857	-0.255203	-0.019441	0.233253	0.081422	-0.168261	-0.051952	0.242733	-0.197953	0.204002	-0.079950	-0.044420	-0.035330	0.030427	0.186704	0.161515	0.141648	-0.096618	-0.173435	-0.108510	0.079902	0.202111	-0.109948	-0.082807	0.004990	0.069989	-0.016710	-0.262580
-0.088693	-0.057332	0.101387	0.031594	-0.158876	0.158675	0.160112	0.144652	-0.084603	-0.102220	0.024299	-0.030630	0.019111	-0.021809	0.114729	0.267742	-0.015784	-0.032814	-0.093218	-0.023200	0.469660	0.108933	0.152876	-0.018164	0.122165	0.152360	0.074872	-0.183635	-0.041723	0.274903	-0.351723	-0.021968	-0.132666	-0.018071	0.083909	0.097033	-0.025832	0.027308	0.200443	-0.017914	0.059828	0.177795	0.015205	0.160684	-0.178480	0.118250	0.097159	0.010669	-0.122036	-0.149248
-0.126823	-0.119981	0.064413	0.032205	0.030606	-0.180957	0.019497	0.036068	0.069319	0.221363	0.087942	0.010803	0.113643	-0.100545	0.064910	0.254414	-0.140146	-0.024931	0.027122	0.064435	0.160482	-0.155669	-0.100338	-0.153043	0.074629	0.247703	0.237066	-0.072465	0.127653	0.035321	-0.124507	0.087523	0.164523	-0.121299	-0.376729	0.004963	-0.189147	-0.052738	-0.026079	-0.043158	0.108735	0.014708	-0.189463	-0.025141	-0.253449	0.163364	0.019723	-0.035260	-0.104340	-0.347560
-0.181195	-0.072195	-0.060488	0.026322	0.125095	-0.168249	-0.074308	0.335069	-0.181443	0.052774	-0.113090	-0.257537	0.201951	0.162363	0.091947	0.040513	0.104568	-0.190693	0.010014	-0.064488	0.192158	-0.145841	-0.061509	-0.018990	0.143455	0.133078	-0.129231	0.038282	0.050046	0.138758	-0.006722	0.231305	-0.011594	-0.066725	-0.041385	0.181793	0.083595	-0.063218	0.199776	0.029012	0.083798	-0.077041	-0.173985	0.171214	-0.067102	-0.293897	0.089257	-0.095284	-0.055896	-0.288896
-0.126133	-0.011641	0.378688	-0.076985	0.005014	-0.050278	-0.105375	0.153624	0.010092	-0.055916	0.187398	0.172645	0.051308	0.270455	-0.165893	0.085230	0.147362	-0.165834	-0.264505	0.023325	0.212800	-0.117393	0.133574	-0.118322	0.000321	0.120042	0.157123	-0.109854	-0.219862	0.029756	-0.234854	-0.047016	-0.135595	-0.107554	-0.154374	0.037142	0.032909	-0.067321	0.093764	-0.071358	0.029280	-0.313096	0.198621	-0.041681	-0.087643	-0.004973	0.048193	0.122540	0.101764	0.011163
-0.254455	-0.046866	0.278215	-0.107392	0.171494	0.013154	-0.029468	0.070949	0.103768	0.016605	0.126939	0.136863	0.089225	0.265301	-0.009328	0.253746	0.208972	0.020988	0.137257	-0.194316	-0.076144	0.129453	-0.097798	-0.176860	0.078604	0.046249	0.041354	-0.182312	0.018063	0.264147	-0.220646	-0.034632	0.024293	-0.104031	-0.279519	0.100208	-0.036647	-0.212631	0.213944	0.172826	0.036094	0.122063	-0.054858	0.190021	0.004022	-0.053275	0.038753	0.007260	0.083632	0.063759
-0.203200	0.080369	0.130376	-0.013817	-0.071185	-0.004106	-0.054197	-0.064445	0.045732	0.004035	0.326810	-0.016275	0.177573	0.060125	-0.023660	0.276194	0.045642	0.171382	-0.027179	-0.100332	0.312762	0.141815	-0.193749	0.120644	0.048323	0.029726	-0.002654	-0.060947	-0.244653	0.177549	-0.357360	0.141117	0.135525	-0.274811	-0.050292	0.010125	0.114660	0.023718	-0.077601	0.091745	-0.053512	-0.161117	0.016279	0.095037	-0.174668	0.022361	0.054693	0.008088	0.152219	-0.153203
-0.253719	-0.005610	0.069760	-0.085176	0.000257	-0.068036	0.073528	0.081988	-0.075171	-0.011263	0.018860	-0.021046	0.169343	0.201045	0.190063	0.031794	-0.160484	-0.097868	0.059520	-0.096173	0.275089	-0.149512	-0.106212	-0.159127	0.231537	0.244034	-0.175353	-0.044691	0.072235	0.084256	-0.145544	0.068393	-0.076583	-0.261273	-0.079300	0.350329	0.081920	-0.241056	0.054101	0.080346	-0.058062	-0.073187	-0.052500	0.173124	-0.109702	0.143290	0.079868	0.259766	0.042838	0.002214
-0.351844	-0.165829	0.100672	0.130586	-0.040003	-0.176476	0.211010	0.132037	-0.020521	0.039508	0.022866	0.102246	0.011421	0.164274	-0.065751	0.077512	0.048253	-0.031426	0.027382	-0.164947	0.252130	0.113693	-0.143871	0.002554	0.048022	0.206953	0.118450	-0.101285	-0.008725	0.111879	-0.092404	0.148167	-0.145279	-0.121576	-0.071819	0.045832	-0.026306	0.112004	-0.069616	-0.099795	0.095496	-0.140617	-0.171623	0.033156	-0.442656	0.001274	0.240599	0.108083	-0.179667	-0.083639
-0.198333	-0.149335	0.176616	0.040384	0.092357	0.019363	-0.001876	0.162194	-0.295119	0.028315	-0.001844	-0.148487	0.073461	-0.085259	-0.107596	0.076849	-0.159318	-0.159376	0.150488	0.058846	0.162105	-0.092696	0.096523	0.065876	0.072435	0.063511	0.107303	-0.078141	-0.092461	0.068891	-0.184687	0.219149	0.129225	-0.020097	-0.317989	0.172070	0.002209	-0.188544	0.043332	-0.113104	0.188505	-0.358636	0.059851	0.199069	-0.015324	0.056710	0.206034	-0.130944	-0.077159	-0.089772
-0.067646	-0.141722	0.136919	-0.046954	-0.250412	-0.040028	0.010752	0.065956	0.298199	0.151329	0.068971	-0.047454	-0.137392	0.243878	-0.020434	0.127460	-0.165603	-0.174782	-0.107795	0.033824	0.307141	-0.059621	0.021867	-0.109876	0.327343	-0.135871	0.011058	-0.077353	-0.023356	0.211167	-0.203709	-0.078098	0.060729	-0.033207	0.117424	-0.083324	-0.204142	0.052032	-0.061323	-0.089087	-0.003401	-0.194321	0.061277	0.168041	-0.226416	0.009082	-0.045358	0.170124	0.151435	0.097410
0.068327	-0.012261	-0.090680	-0.069328	0.075138	-0.060983	0.110434	0.367238	0.051337	0.124703	-0.027018	-0.180983	0.192904	0.137327	0.077379	0.198676	0.228470	0.027206	0.193037	-0.080642	0.252839	-0.253779	-0.092726	0.111434	0.241820	0.067316	-0.171927	-0.031051	-0.230106	0.059494	0.040896	0.072769	0.091862	-0.099071	-0.039420	0.087748	0.132627	-0.049271	0.090895	0.136462	0.085163	-0.034829	-0.109845	0.089947	-0.157472	-0.205071	0.041619	0.227318	0.054439	0.207930
0.017892	-0.241035	0.336316	0.042080	0.093431	-0.025611	-0.009932	0.165555	0.126574	0.184569	0.165726	-0.088170	-0.015437	0.163488	-0.033188	0.000384	0.096324	0.218905	0.189239	0.121637	0.301744	-0.062392	0.040754	0.258536	0.279286	-0.131754	-0.057442	-0.136877	-0.132605	0.028818	-0.185310	0.067893	-0.074365	-0.134617	0.025272	0.159365	0.134417	0.100817	0.136557	0.141104	0.056467	-0.086958	0.094339	0.217230	0.134347	-0.030618	0.009701	0.091603	0.105486	0.092158
0.023010	-0.004341	-0.067230	-0.033279	0.209808	-0.025798	0.105332	0.075208	0.263447	0.247670	0.036161	-0.131117	0.035389	0.156305	0.110361	-0.141339	0.210628	-0.139415	0.075043	-0.042025	0.354507	-0.016809	0.075186	0.238392	0.184994	-0.187248	-0.002859	0.018169	0.070424	0.022500	-0.285916	-0.023673	0.134199	0.039597	-0.220344	0.279138	0.146320	-0.042740	0.090316	-0.077677	0.168678	-0.190847	0.139972	0.092132	-0.030587	0.139064	0.057012	0.016870	0.067250	0.059212
-0.088237	-0.234261	-0.026175	-0.053623	0.147596	-0.143060	-0.024727	0.237901	-0.044331	0.204617	0.188740	0.221460	-0.033455	0.141697	0.071581	0.126025	0.050338	-0.185778	0.101670	0.150957	0.196370	-0.041691	0.231346	-0.261158	0.311419	0.028939	-0.193317	-0.040721	-0.072273	0.256844	-0.095281	0.074739	0.140702	0.061124	0.005004	0.018413	0.081791	-0.090329	0.038993	-0.036804	0.008044	-0.130189	0.064870	0.000529	-0.258076	-0.033315	0.104949	-0.027602	0.256536	0.023816
-0.074082	-0.165431	0.058313	-0.092615	0.015766	-0.055105	0.132910	0.118140	-0.041688	0.333204	0.138726	0.146534	0.074949	0.119518	0.180453	-0.031550	-0.065382	-0.032736	0.199925	0.132637	0.189905	-0.054602	0.243865	-0.104607	0.096065	0.131189	-0.150051	-0.150145	0.043436	0.224907	-0.225411	0.012138	-0.180184	0.089833	0.106181	0.025687	-0.004239	-0.006844	0.033524	-0.016405	0.066030	-0.064903	0.220635	0.152172	-0.351686	0.062061	0.063420	0.204581	0.237025	-0.045819
-0.065643	-0.275171	-0.089040	-0.106202	0.067437	-0.018570	0.090005	0.103998	0.030231	0.264625	0.146884	0.147678	-0.050657	0.192731	0.038848	0.141221	-0.149020	-0.112424	0.117926	0.117099	0.193829	-0.007615	0.001902	-0.126013	0.203775	-0.079287	-0.077977	0.008644	-0.029515	0.123791	-0.207308	0.218407	0.125425	-0.008064	0.096235	0.060809	0.134857	-0.056348	-0.135317	0.100661	-0.004320	-0.139067	0.183092	0.284450	-0.371920	0.051209	0.180546	-0.024620	0.178233	0.079901
-0.115137	-0.224638	0.035239	0.002146	0.009257	0.034981	0.079975	0.143218	0.112143	0.175374	0.131238	0.072819	0.023341	0.084624	0.003904	0.032849	-0.115050	-0.163610	0.090337	0.171669	0.158211	-0.028205	0.176735	-0.025440	0.214860	-0.009488	-0.098716	-0.058292	-0.110006	0.133744	-0.250260	0.067471	-0.069879	0.034767	0.003361	0.072396	0.201880	0.178585	-0.090538	-0.061156	-0.095232	-0.200091	0.218751	0.296688	-0.475264	-0.097302	0.035879	-0.056479	0.116188	0.077557
-0.053018	-0.225412	0.025925	-0.135255	-0.039731	-0.192324	0.098012	0.172676	0.079140	0.115234	0.086837	0.022742	0.140238	0.230829	0.261075	0.001271	-0.077253	-0.183398	-0.077245	0.122254	0.217575	-0.116543	0.198393	-0.125238	0.399803	-0.131983	0.009023	-0.057947	-0.209731	0.187362	-0.254894	-0.034066	0.082754	0.166646	0.027107	0.026925	0.135163	0.059730	0.022553	0.046662	-0.009780	-0.051202	0.068630	0.098492	-0.191502	-0.135417	-0.175583	0.009718	0.121003	-0.000688
-0.138534	-0.068021	0.050868	-0.024515	0.000701	-0.011758	0.167282	0.183852	0.079450	0.119537	0.222808	0.011015	0.035280	0.268954	0.036320	0.094084	0.042738	-0.111914	-0.104336	0.138161	0.221721	-0.110992	0.196579	-0.125002	0.409941	-0.189086	-0.092349	-0.148747	-0.183724	0.074846	-0.160368	0.160337	0.041977	0.030665	0.100044	0.067008	0.072824	0.035206	-0.077512	0.046765	-0.168156	-0.145189	-0.050048	0.104573	-0.310597	-0.165232	0.088867	0.073803	0.059634	0.190334
0.078017	-0.175634	0.043155	0.040556	-0.103473	-0.117393	0.073894	-0.156458	0.103733	0.151332	0.115531	-0.022649	0.078934	0.077224	0.265983	-0.015196	-0.055403	0.030287	0.181388	0.065004	0.263871	0.100543	0.092161	0.187765	0.199359	0.190507	-0.110219	-0.063917	-0.182803	0.092476	-0.165636	-0.084508	-0.011382	-0.156369	-0.213019	0.238326	-0.004898	-0.042569	0.092254	-0.095592	0.197860	-0.144324	0.210468	0.236015	-0.224467	0.169814	-0.095854	-0.126462	0.172542	-0.025058
0.058765	-0.170182	0.009474	0.022658	0.013240	-0.301746	-0.050360	-0.049512	0.052726	0.001429	-0.095441	0.090955	0.236738	0.302320	-0.138004	0.243644	-0.042687	-0.010141	0.091032	0.055930	0.139287	-0.153381	-0.000066	0.112835	0.348389	-0.035852	-0.011851	-0.218416	-0.128156	-0.079042	-0.098028	0.207084	-0.144392	-0.021235	-0.140321	0.172002	-0.069909	-0.014265	0.030134	0.002885	0.186944	-0.091357	0.079325	0.372614	-0.113659	0.093603	0.059794	0.031035	0.027586	0.134522
0.095318	0.048272	0.008222	-0.030091	0.004484	-0.170907	-0.027162	0.220795	0.002126	-0.137465	0.205117	0.185156	0.081849	0.173352	0.190718	-0.027937	-0.098681	0.112104	0.050008	-0.088766	0.271431	0.095936	-0.092880	-0.015181	0.042165	-0.071761	0.004548	-0.227054	-0.219609	0.266083	-0.021614	-0.151361	-0.012846	-0.103635	-0.084521	0.196159	0.253821	-0.085850	-0.011150	-0.072087	0.248271	-0.203549	0.198805	-0.008126	-0.277251	0.017039	0.212975	0.024306	0.046899	-0.113111
0.067822	-0.187151	0.044715	0.079794	-0.012034	-0.047331	0.244148	0.176693	-0.090045	0.012334	-0.006004	0.024668	0.298556	0.256247	0.154510	0.078392	0.128957	-0.113506	-0.156777	0.199130	0.149197	0.155241	-0.058810	-0.183177	0.080101	-0.144414	-0.157374	-0.122121	-0.162621	0.201295	-0.244339	-0.068159	-0.067386	-0.155340	-0.087393	0.089267	0.065446	0.056022	0.048602	-0.047692	0.337810	-0.213833	0.120388	-0.076354	-0.135997	0.014429	0.127361	0.022399	0.123544	0.050037
0.199108	-0.210611	0.032794	0.046130	-0.094679	-0.081304	0.194813	0.101451	0.008859	0.182992	0.075672	-0.222342	0.212556	0.208406	0.159613	0.103840	0.048437	-0.026636	-0.150792	0.167136	0.135663	0.016562	0.004885	0.146788	0.246380	0.199535	0.093586	-0.110283	-0.120143	0.133389	-0.157934	0.069400	-0.034006	-0.258882	-0.310477	0.157734	0.051909	0.053424	-0.021600	-0.035203	0.129158	-0.071253	0.073964	-0.063466	-0.195615	0.262861	0.060504	-0.099908	0.075373	0.057679
-0.026450	0.070851	0.246030	-0.198830	-0.037584	0.035953	0.148156	0.136762	0.048226	0.095158	0.245864	-0.145733	0.086920	0.210813	0.111969	0.011483	0.191299	0.162266	-0.022601	-0.079690	0.338146	0.008801	0.128544	0.098438	0.170635	0.058458	-0.140478	0.235009	-0.140296	0.236616	-0.106936	0.052437	-0.037400	-0.165417	-0.133579	-0.026643	-0.000086	-0.050193	0.226239	0.166405	0.004982	-0.013280	0.053674	0.083352	-0.290362	0.110520	0.197157	0.021624	-0.081187	0.064476
0.007118	-0.126678	0.161169	-0.185186	0.037634	0.017815	-0.109057	-0.002025	-0.096275	0.145082	0.142031	-0.141250	0.010172	0.083798	0.016442	-0.076033	0.016190	0.246368	-0.073404	0.047343	0.270651	-0.017094	-0.104308	-0.175061	-0.028214	-0.005227	-0.037892	0.091374	-0.266540	0.301373	-0.128545	-0.084436	0.228238	-0.210814	-0.214400	-0.015778	-0.158336	0.097334	0.212229	-0.160429	0.171590	-0.139664	0.001791	0.128722	-0.146774	0.149792	0.284791	0.086329	-0.020340	-0.006595
-0.003900	-0.042691	0.154589	-0.143414	-0.030477	-0.060340	-0.220035	0.132773	-0.010724	0.069783	0.089625	0.010012	-0.182596	0.189775	-0.274503	0.192303	0.098655	0.230709	-0.020086	0.107625	0.346132	-0.012823	-0.056902	-0.270268	0.110669	-0.092726	-0.073010	-0.199520	-0.095896	0.319957	0.048070	0.079998	0.094652	-0.097001	-0.158221	0.074238	-0.089514	-0.025542	0.080357	-0.092307	0.013120	0.033684	0.103047	0.187859	-0.257083	-0.079959	0.178562	0.079495	0.016415	-0.009073
-0.010299	-0.031791	0.194125	-0.112984	0.140269	-0.158974	0.062376	0.238890	0.128788	0.171951	0.127224	-0.026049	-0.107576	0.171753	0.025471	-0.137785	0.121673	0.279358	-0.024661	0.159330	0.128683	0.055802	0.159912	-0.151996	0.099994	-0.177177	-0.159441	-0.005369	0.014702	0.198603	-0.031697	0.028966	0.044494	-0.176096	-0.114845	0.002079	-0.042942	-0.103496	0.177227	-0.158411	0.099974	-0.020724	-0.009231	0.170010	-0.383386	0.154814	0.213543	0.180679	0.030147	-0.136049
-0.096487	-0.079810	0.013220	0.055069	0.069627	-0.192617	0.078042	0.201994	-0.135544	-0.222356	0.038968	-0.039963	0.079717	0.282742	0.137264	0.008113	0.184750	-0.003794	0.086631	0.116860	-0.018372	0.307377	0.026802	-0.001944	0.086382	-0.060273	0.275013	-0.166325	0.106689	0.322658	-0.004678	0.079996	-0.204780	-0.147327	-0.126188	0.124716	0.158486	-0.077618	0.065555	0.066016	0.089109	-0.284128	-0.066050	0.183058	-0.128628	0.112801	-0.018427	0.143186	0.067272	0.113541
-0.013812	-0.189575	0.003013	0.015795	0.014200	-0.100521	0.033698	0.274790	-0.032559	0.166259	0.161662	-0.118083	0.174588	-0.084500	0.143855	0.159336	-0.155342	0.055144	-0.289477	0.018212	0.025975	-0.122798	0.045643	0.030156	0.181405	0.039361	0.058195	0.016390	0.135664	0.074888	-0.193767	-0.080928	-0.020803	-0.126645	-0.382882	-0.079142	0.112407	0.093084	0.033663	0.112256	0.263154	-0.002509	-0.008403	0.264673	-0.025870	0.050644	0.151076	-0.131647	-0.145833	-0.281966
-0.018858	-0.169206	0.162230	0.051484	-0.113540	-0.258447	-0.144338	0.067723	0.207608	-0.174722	0.169509	-0.031201	0.224874	0.094760	-0.105737	-0.046061	0.072249	-0.053617	-0.095428	0.123535	-0.061260	0.153907	-0.004812	-0.164467	0.176388	0.214723	0.104327	-0.224883	-0.016417	0.138611	0.004210	0.076719	0.109774	-0.233435	-0.312954	0.119031	-0.087986	0.052068	0.119221	-0.240074	0.104081	0.069620	0.017958	0.137595	-0.232274	-0.105651	0.195194	0.009829	-0.094530	-0.039788
-0.070931	-0.097048	0.036192	-0.045277	-0.030423	-0.012073	-0.049645	0.064203	0.215450	0.129456	0.146662	-0.123511	-0.012190	-0.052915	0.056571	-0.050826	0.010216	0.216221	0.110432	-0.059560	0.222127	0.261769	0.136551	-0.064373	0.227987	0.058589	0.180419	-0.086055	-0.117553	0.294689	-0.041832	-0.095240	0.171773	-0.065979	-0.091821	0.331698	0.167272	-0.213608	0.002080	-0.006979	0.263701	0.109615	-0.030858	0.090023	-0.233544	0.178702	-0.032512	0.058785	0.198167	0.094407
-0.014429	-0.001129	0.083234	0.017795	0.156212	-0.011573	-0.090081	0.302659	0.029209	-0.107857	-0.095213	0.072042	0.157801	0.207629	0.227001	-0.073125	-0.070221	-0.049229	-0.031016	-0.003405	0.269069	0.115622	-0.103439	-0.319579	0.129073	-0.080849	0.053048	-0.129440	0.118056	0.054733	-0.159600	-0.234276	0.159298	0.034802	-0.083381	0.071169	0.039171	-0.112906	-0.011064	0.240485	0.086399	-0.088075	0.087618	0.296587	-0.131137	0.077175	0.232076	0.106702	0.047550	-0.239412
-0.082748	-0.131070	0.215367	-0.090330	-0.070479	-0.143885	-0.044584	0.355972	0.055189	0.188519	0.048658	-0.002394	0.081280	0.154432	0.044519	-0.100660	-0.271141	-0.111569	-0.028476	0.203572	0.287597	0.002252	0.069435	0.007612	0.149474	0.129812	0.169991	0.031097	-0.204539	0.109734	-0.349053	0.082343	0.022287	0.026612	-0.186157	0.062838	0.169329	0.064475	-0.019689	0.142403	0.152873	-0.081201	-0.121396	0.123296	-0.041120	0.049991	0.077191	-0.092435	-0.170044	0.123884
-0.253826	-0.111957	0.123676	-0.037818	0.101994	-0.136043	0.041437	0.019001	0.240821	0.131905	0.234201	0.062657	0.117605	0.026561	0.058167	-0.096465	0.150338	0.049015	-0.157611	-0.012348	-0.009857	-0.086563	-0.024453	0.119596	0.130377	0.074604	0.100378	-0.260038	0.212194	-0.096066	-0.121583	-0.038435	0.019272	0.156391	-0.296549	0.202692	-0.069999	0.080201	0.099449	-0.131457	0.163402	-0.224862	-0.079442	-0.081301	-0.420722	0.021180	0.058015	0.049208	-0.062771	-0.030654
-0.063286	0.029992	0.196469	-0.169048	0.158442	-0.058545	0.185134	-0.013605	0.211256	0.031439	0.284118	-0.085971	0.096639	-0.041318	0.181739	-0.067470	0.050333	0.108257	0.049378	-0.099644	0.203807	-0.079232	-0.042505	0.114773	0.031020	0.039007	0.001294	-0.143320	0.010487	-0.078833	-0.183668	0.039088	0.073418	-0.013929	-0.088294	0.031369	-0.012844	-0.071898	0.047524	-0.166624	0.362186	-0.359689	0.177670	0.254431	-0.121839	-0.160033	0.192181	0.078421	-0.190030	-0.048092
0.027302	-0.123581	0.011215	0.065749	-0.327074	-0.080488	0.090478	0.257092	0.017113	0.144126	0.069215	-0.044626	0.150170	0.040494	-0.118118	0.344776	-0.037706	-0.007745	-0.031695	-0.101114	0.197904	-0.072124	-0.093509	-0.106448	0.093272	0.085054	-0.073424	0.131421	0.023505	-0.047186	-0.166592	0.205848	0.146604	-0.321378	-0.100472	0.163785	-0.035382	0.199606	0.140149	-0.202566	-0.101966	-0.201074	0.002887	0.119811	-0.104346	0.107081	0.119845	0.113807	0.197660	-0.029730
-0.008994	-0.181135	0.109977	-0.018683	-0.131562	-0.135718	0.063390	0.305063	0.335112	0.113228	0.032667	-0.068981	-0.007259	0.134964	-0.018198	0.160937	0.012376	0.050667	0.008361	-0.046877	0.081234	-0.169902	0.049478	-0.004741	0.184159	-0.007346	-0.081035	-0.185809	0.060203	0.001942	-0.116584	0.103092	0.316703	0.105843	0.118097	0.137461	0.164187	0.036887	-0.018194	-0.215602	0.265976	-0.012120	0.086995	0.279652	-0.264702	0.048998	0.063548	0.036546	0.075161	-0.202346
-0.033697	-0.187541	0.323020	0.031854	-0.157260	-0.062131	0.150363	0.233137	0.009766	0.146030	0.102641	0.012255	-0.086045	0.078014	-0.033173	0.066786	-0.028911	0.069623	-0.069866	0.099076	0.210590	0.012279	-0.089368	-0.024893	0.103674	0.184637	-0.087640	-0.180615	-0.034875	0.306697	-0.124501	-0.061903	0.135461	0.225655	-0.266227	0.050169	0.032383	0.239535	-0.012452	-0.084971	0.188174	-0.320696	-0.077902	0.092094	-0.137824	0.069323	-0.096398	0.079393	0.053589	-0.157638
0.164030	0.195745	0.243750	0.009161	-0.129429	-0.279916	0.085174	-0.052526	0.067166	0.125879	0.113728	-0.232320	0.217449	0.030554	-0.054457	0.068697	0.100346	-0.024763	-0.045483	0.033370	0.083630	-0.141667	0.035040	0.101417	0.158462	0.042927	-0.204489	-0.174492	0.096913	0.131489	-0.049057	0.009531	0.319701	-0.150225	-0.147177	0.039303	-0.045052	-0.212122	0.304444	-0.083257	0.198744	-0.050898	-0.064710	0.057684	-0.131476	-0.106254	0.201044	0.086035	0.118588	0.107097
-0.082701	-0.250155	0.000921	-0.055734	0.031162	-0.094918	-0.018023	0.167212	0.043334	0.182690	0.186765	0.044329	0.015812	0.247712	-0.029495	0.007931	-0.058054	0.278066	0.064411	0.174572	0.173172	0.077963	0.121946	-0.064802	0.107877	0.028057	0.002095	-0.146125	-0.341987	0.268944	-0.096972	-0.002001	0.033556	0.085042	-0.079785	0.231594	0.145663	-0.026279	0.157404	-0.128857	0.184505	-0.188300	0.050949	0.085322	-0.255834	-0.002754	0.175820	0.174984	0.109787	0.039658
-0.005736	-0.108558	0.072115	-0.034273	0.024565	-0.194842	-0.014359	-0.005971	-0.052179	0.086761	-0.037213	-0.011427	-0.109685	0.132847	-0.048352	0.184068	-0.108641	0.235187	-0.112388	0.129231	0.335544	-0.059212	0.013494	-0.001896	0.292284	-0.032465	-0.120767	-0.150419	-0.156472	0.091170	-0.030032	0.058667	0.184301	0.064814	-0.249922	0.040162	0.082415	0.097995	0.157511	-0.214699	0.250585	-0.109134	0.130381	0.127253	-0.321618	-0.013539	-0.016685	0.144539	0.198665	-0.173420
-0.061001	-0.160477	-0.124673	-0.002406	-0.144798	-0.048235	-0.045415	-0.020599	0.044401	0.294095	-0.122397	0.133229	-0.007316	0.169704	-0.080481	-0.097040	-0.059992	-0.260834	0.129898	-0.124992	0.368123	-0.229428	-0.290569	-0.025543	0.260074	0.143799	0.130356	-0.072006	-0.023373	0.031275	-0.129191	-0.001165	0.204656	-0.090621	-0.131403	0.098041	-0.027697	0.022788	0.150535	-0.003959	0.080872	-0.080232	-0.035854	0.128265	-0.094685	-0.091515	0.207909	-0.122770	0.082450	-0.207585
-0.074454	0.119685	0.100962	-0.013809	0.065980	-0.205800	0.108712	0.041799	-0.081061	0.008948	0.059151	0.038708	0.200374	0.248287	-0.175913	-0.022571	0.020111	-0.177486	0.001722	0.116204	0.318074	-0.125962	-0.248074	-0.022668	0.075730	-0.001867	-0.140203	0.166615	-0.047622	0.168196	-0.402711	0.066728	-0.011837	-0.216117	-0.044091	0.061080	0.158483	-0.217623	-0.034625	0.140635	0.176655	-0.207713	-0.041776	0.126637	-0.090237	0.046396	-0.059493	0.008445	0.009525	-0.193971
-0.071293	-0.193067	0.308204	0.118155	-0.194139	-0.148059	0.153384	0.137210	-0.032188	-0.063220	0.029115	-0.188948	0.130280	0.114808	-0.026282	0.143485	-0.203870	-0.054627	0.095368	0.088139	0.187839	-0.090508	-0.303724	-0.033470	0.022145	0.107873	0.085896	-0.111531	0.104188	0.146354	-0.047867	-0.061763	-0.204716	-0.172122	-0.210831	0.144415	-0.016505	-0.128548	0.188589	-0.173740	0.060133	-0.260208	0.144320	-0.134887	-0.151981	-0.125209	-0.056127	-0.030032	0.048613	-0.101030
-0.176985	-0.056317	0.177213	0.048917	-0.151672	-0.315952	0.135212	0.236208	-0.064568	-0.126533	0.248595	0.020989	-0.070396	-0.088682	-0.038399	0.059988	-0.149107	-0.069821	0.087195	0.046859	0.220993	-0.110383	-0.045746	-0.157511	0.133063	0.009339	0.187291	-0.235734	-0.043795	-0.058431	-0.024135	0.030199	0.284679	-0.084411	-0.307414	0.081196	0.121925	-0.159964	0.157835	-0.043367	0.027343	-0.263785	0.021361	-0.132444	-0.105408	0.106150	-0.018655	0.146060	-0.067347	-0.030870
-0.264582	-0.236088	-0.011252	0.086583	-0.219117	-0.044857	-0.001790	0.064524	-0.198264	0.167135	0.007020	0.033872	0.086532	-0.075359	0.068159	0.079504	0.103382	-0.108856	0.131589	-0.087810	0.248408	-0.110819	-0.088450	-0.077878	0.117056	-0.009645	0.027025	-0.206427	0.028866	-0.012548	-0.051154	-0.226946	0.003434	-0.104061	-0.112855	0.175336	0.184076	-0.223929	0.203823	0.010208	0.142309	-0.289334	-0.275403	0.084018	-0.015148	-0.224326	-0.009121	-0.013994	0.114996	-0.203127
-0.155219	-0.148919	0.077283	0.023681	-0.094830	0.093815	0.112594	-0.109432	-0.198175	0.088495	0.121130	-0.060972	0.049262	-0.092860	0.057690	0.050852	0.023247	-0.216803	0.171712	-0.063628	0.382564	-0.119786	0.049694	-0.266707	0.297205	0.109351	0.061256	-0.015202	0.227552	0.136993	-0.273923	-0.062616	0.101189	-0.001322	0.053170	0.185755	0.080498	-0.131057	0.136609	-0.164650	-0.000645	-0.128228	0.026920	-0.112972	-0.233402	-0.128843	0.064530	0.009077	0.050762	-0.168238
-0.173681	-0.256389	0.124211	0.121710	-0.340704	0.003808	-0.157112	0.135373	-0.320657	0.026184	0.059034	0.070276	0.016762	-0.033768	0.051829	-0.032221	0.005476	-0.041334	0.118273	0.032883	0.266168	-0.141002	-0.064970	-0.120251	0.102184	-0.021895	-0.008814	-0.135643	0.074730	-0.007071	-0.129624	0.004945	0.195542	-0.081877	-0.174004	0.150841	-0.137023	-0.077680	0.174989	0.061350	0.208949	-0.218553	-0.136378	0.172526	-0.144249	-0.052206	-0.260217	0.165636	-0.039026	-0.049425
-0.212047	-0.041742	-0.056263	0.093864	0.057399	0.153330	-0.099955	0.156890	-0.006677	0.180614	-0.107356	-0.187084	0.053354	0.010729	-0.030401	0.132293	0.108746	0.162884	0.133985	-0.038847	0.080624	-0.018009	-0.057985	0.034959	0.189424	0.140074	0.072017	0.015134	0.128271	-0.072258	-0.214535	0.025898	0.141152	0.052074	-0.246698	-0.097926	-0.089856	-0.285614	0.094393	-0.049710	0.259488	-0.322953	-0.125891	-0.139423	-0.198770	0.105803	0.061866	0.127464	0.144087	-0.297051
-0.096700	0.049035	0.056474	-0.167848	0.094758	-0.014331	-0.042868	-0.041317	0.136044	-0.030825	0.339584	0.070154	0.002894	0.105070	0.020101	-0.021338	0.151741	0.037711	0.083641	0.080977	0.160759	-0.010103	-0.027643	0.087989	0.138875	0.203595	0.268969	0.029844	-0.244678	0.255516	-0.367113	0.210434	-0.160983	-0.042384	-0.209855	-0.093358	0.068235	0.037406	0.219518	-0.037104	0.025658	-0.138690	-0.136112	0.070297	-0.066627	-0.018892	0.303025	-0.015814	-0.048277	-0.057143
-0.202330	-0.073987	0.194338	-0.011695	-0.080682	-0.168016	0.144925	0.104120	-0.151970	-0.149912	-0.013284	0.130211	0.047824	0.151264	0.016307	0.073075	-0.058048	-0.052311	-0.069035	0.037381	0.196268	0.054728	-0.214558	-0.025397	0.187324	0.151592	0.001494	-0.225384	-0.015579	0.167191	-0.479635	0.044448	-0.048425	-0.230452	-0.087486	0.125062	-0.070226	-0.063802	0.028705	-0.013803	-0.106211	0.073523	-0.021785	0.023933	-0.242235	-0.321410	0.043425	-0.062126	-0.091180	0.059418
-0.215358	0.006337	0.260771	-0.003225	0.075995	0.001545	-0.010849	-0.038493	0.059391	0.149629	-0.103815	-0.281527	-0.063408	0.093720	-0.144308	0.142036	-0.012100	-0.136774	-0.185737	-0.140733	0.248202	-0.074050	-0.087088	0.017942	0.114875	0.045014	0.005224	-0.140876	-0.019919	0.104189	-0.260009	-0.008386	0.137312	-0.252646	-0.229085	0.185904	0.156598	-0.267423	0.272661	0.187060	0.048660	-0.025602	0.173937	-0.022618	-0.101148	-0.039627	0.081139	-0.005609	-0.088743	0.105282
0.019332	-0.039335	0.176407	-0.071159	0.313893	-0.201983	-0.154815	-0.008402	-0.009052	0.112304	0.043916	-0.033980	0.263522	0.051669	0.154131	0.007810	0.104267	-0.060994	0.086229	-0.009902	-0.124035	-0.098285	-0.071076	0.034647	0.103158	0.052929	-0.107666	-0.207684	0.048615	0.379578	-0.331796	-0.151522	0.088719	-0.078280	-0.197060	0.248316	0.002807	0.111070	0.272178	-0.070186	0.095672	-0.009955	-0.044764	0.113896	0.008182	-0.037163	0.038784	0.201092	0.086803	0.068899
-0.137762	-0.181279	0.168792	0.042254	0.045388	-0.141803	0.073051	0.239349	-0.044737	-0.169385	0.163016	-0.096576	0.183641	0.156160	-0.023354	0.170474	0.030391	0.005536	-0.026201	-0.107432	0.232556	0.041693	-0.171300	0.150035	0.141479	0.006021	0.128131	-0.105743	0.057462	-0.000971	-0.272180	0.006359	0.000282	-0.300715	-0.151506	0.198257	-0.076907	-0.224172	0.209468	0.005383	0.024226	0.133356	0.071366	-0.025526	-0.012817	0.094977	-0.044585	-0.117562	0.354005	0.075201
-0.430864	-0.241013	0.058841	0.057980	0.188661	-0.200036	-0.032172	0.184342	0.081647	0.042070	0.077521	-0.005219	-0.054797	0.230643	0.188729	0.105521	0.147690	-0.010895	0.004937	-0.040906	0.175181	0.022939	-0.088136	-0.082075	0.206945	0.208259	0.078065	-0.230916	-0.138864	0.040113	-0.146934	-0.142784	0.085180	-0.063093	-0.124177	0.057574	-0.147850	-0.043819	0.194851	-0.153859	0.017780	0.081055	0.076204	-0.120064	-0.101638	-0.121699	0.204870	-0.050879	-0.169230	0.052211
-0.036925	-0.189254	0.153936	0.138617	-0.217105	0.012851	-0.123630	-0.116307	-0.068189	0.050548	0.109357	0.129199	0.077770	-0.066550	0.024952	0.009388	0.010409	-0.098977	0.141370	-0.056361	0.387270	-0.070607	0.051772	-0.134815	0.094556	-0.017759	0.261218	-0.035098	-0.220789	0.139690	-0.256903	-0.059477	0.304820	0.013188	-0.019555	0.223163	0.109675	0.105422	0.248002	0.060851	0.068656	-0.023788	-0.045024	0.007553	-0.314918	-0.123809	0.097608	0.029259	-0.058224	-0.063908
-0.105035	-0.112278	-0.122692	-0.086112	0.077422	-0.191040	-0.056166	0.141423	0.099721	-0.211279	0.011888	-0.197010	0.053066	0.281244	0.039129	-0.008450	-0.063447	-0.107988	-0.032087	-0.165603	0.313072	0.042149	0.032165	-0.381296	0.208754	0.096057	-0.197370	0.054416	-0.143333	-0.029479	-0.183087	0.061040	-0.055540	-0.068714	-0.251267	0.062934	0.036964	-0.076769	0.035640	0.063471	0.016552	-0.192438	0.048149	0.042602	-0.218328	-0.060761	0.249585	0.108227	0.026222	-0.111830
-0.255312	0.050702	0.170197	-0.097402	0.013316	-0.034345	-0.034566	0.215224	0.045225	-0.073821	0.188379	-0.139315	-0.089865	-0.029368	0.015787	0.225615	0.157264	-0.176241	0.104993	0.124592	0.170616	0.134074	-0.006801	0.047829	0.106712	0.060528	0.289112	-0.393231	-0.150346	0.010906	-0.158781	0.154743	0.152105	0.076288	-0.223601	0.155765	0.045814	-0.120712	0.262512	-0.106058	-0.008670	-0.114772	-0.152675	0.014718	-0.100777	-0.032917	-0.000398	-0.002688	0.014425	-0.131365
-0.311407	-0.193511	-0.065577	0.097827	0.003274	0.106595	-0.121881	0.144134	-0.055330	0.060053	0.222543	-0.143984	-0.011934	-0.021333	0.037884	-0.025388	0.021413	-0.140791	0.098460	-0.183705	0.175042	0.124900	-0.142669	-0.008216	0.102502	-0.062688	0.095669	-0.085080	0.020843	0.223384	-0.085975	0.196344	0.013633	0.064781	-0.220591	0.030188	0.141359	0.003177	-0.072908	-0.071110	0.115232	-0.296279	-0.081287	0.200695	-0.115703	-0.180662	0.412744	-0.004750	0.131782	-0.039718
-0.160335	-0.061498	0.080820	-0.019727	0.062494	-0.208042	0.228318	-0.012238	-0.172080	-0.158285	0.239917	0.032056	0.047849	-0.040051	0.024069	0.169423	-0.081542	-0.145776	-0.051121	-0.127772	0.324016	0.173919	0.028607	-0.100140	0.270505	0.201509	-0.107651	0.024060	-0.086344	0.267276	-0.088194	-0.147496	0.138356	-0.186220	-0.217908	0.232306	0.081371	-0.001010	0.046034	-0.179181	0.067378	-0.094859	-0.121927	0.039773	-0.161269	-0.099030	-0.000392	-0.028244	0.016258	-0.165597
-0.159784	0.155336	0.015315	-0.099466	-0.217346	-0.026901	0.166076	0.012465	0.027456	0.031808	0.177366	-0.039211	0.073563	0.055211	-0.053089	0.034458	0.076861	0.025412	-0.140663	-0.088737	0.296599	0.025651	-0.138177	-0.088621	0.214330	0.038015	0.264426	-0.376704	-0.047910	-0.083305	-0.196131	-0.064533	0.261099	-0.043571	-0.226686	-0.023298	-0.155208	0.088586	0.153202	-0.187787	0.091854	-0.181392	-0.146427	0.044384	-0.168664	0.064650	0.205884	0.012041	0.061501	0.007253
-0.293064	-0.112942	0.118721	0.028066	0.000186	0.017176	-0.033520	-0.213006	0.257132	-0.117859	0.092171	0.001142	0.147375	0.089823	0.123530	0.038398	-0.003627	-0.141802	0.061115	0.018415	0.140840	0.116716	-0.170397	-0.092164	0.095994	0.260928	-0.005559	-0.021910	-0.050863	-0.104413	-0.208066	0.114092	0.128931	-0.134283	-0.284391	0.099167	-0.196724	-0.092746	0.231253	0.106277	0.081896	-0.160068	0.011380	0.147593	-0.258890	-0.115300	0.290484	-0.051200	0.052975	-0.007582
-0.246089	-0.215618	0.096271	0.099877	-0.073268	-0.092851	0.015953	-0.116482	-0.137292	0.090621	-0.119383	0.072979	0.067445	0.003053	0.124376	-0.013908	-0.072745	-0.327638	0.271508	0.024875	0.303070	-0.150631	-0.065137	0.009891	0.141845	-0.013325	-0.022815	-0.251689	-0.017822	0.021511	-0.090287	-0.061751	0.080460	-0.108203	-0.210115	0.226959	0.077402	-0.077241	0.255489	-0.039944	0.026060	-0.113978	0.077342	0.003584	-0.272003	-0.203677	0.178388	0.060488	-0.010787	-0.113436
-0.243901	-0.181895	0.093807	0.118064	-0.069908	0.009987	-0.088465	-0.029530	-0.127522	0.062933	-0.000415	0.073476	0.064531	0.053557	0.051153	-0.011380	-0.062625	-0.100487	0.326801	-0.042306	0.418674	-0.364836	-0.182467	-0.074541	0.168659	0.050447	0.163345	-0.153819	-0.009895	0.179925	-0.206349	-0.030280	0.021915	-0.035417	-0.095178	0.239179	-0.005754	-0.118576	0.051447	0.004224	-0.091407	-0.140458	-0.059547	0.034035	-0.104275	-0.190140	0.087915	0.086803	0.034994	-0.165498
-0.137746	-0.082229	0.211903	0.098785	-0.001752	-0.113072	0.147944	-0.074050	0.207442	-0.171234	0.302257	-0.014936	-0.141693	0.114638	0.051756	0.248746	0.036795	-0.161503	0.149951	-0.070311	0.144933	0.153359	-0.173335	0.089321	0.112007	0.148184	-0.044385	-0.160223	0.063081	0.175578	-0.245501	-0.019416	0.042712	0.040455	-0.138273	0.093425	-0.195956	-0.117762	0.327726	0.083524	0.035521	-0.132923	-0.099434	0.038950	-0.249096	-0.073628	0.044869	0.060472	0.056688	-0.134454
-0.157323	-0.111202	0.030140	0.108072	0.040886	-0.114832	0.088865	0.072677	0.165690	0.079708	0.247473	-0.119497	0.186287	0.018296	0.060768	-0.011521	-0.196979	-0.247751	0.159120	0.090244	0.012879	0.047314	-0.121621	0.052241	0.136111	0.163701	0.115087	-0.283697	-0.151234	0.009937	-0.250627	0.214932	0.135388	-0.088719	-0.115105	-0.024410	-0.010366	0.093157	0.167205	-0.023396	0.088192	-0.014386	-0.255923	0.073233	-0.353479	0.017764	0.188670	-0.020055	0.031202	-0.176204
-0.406825	-0.060029	0.145629	0.204199	0.088745	-0.215079	0.216147	0.229418	0.064992	-0.078814	-0.062288	0.117791	0.065448	0.226539	-0.097488	0.006047	-0.028538	-0.043400	0.108234	0.014872	-0.008697	0.055387	-0.167988	-0.052715	0.219877	0.045733	0.058704	-0.291095	0.104501	0.132921	-0.137767	-0.123746	-0.143872	-0.136348	-0.286733	0.048865	0.138666	0.031599	0.179858	0.177838	0.022459	-0.053808	0.078652	0.085904	-0.075373	0.143360	0.128221	0.012177	0.037649	0.039839
-0.233889	0.054629	0.223077	0.114807	0.093377	-0.173085	-0.084099	0.029890	-0.060007	0.045292	0.005115	-0.100168	0.122913	0.187107	0.119209	0.248673	-0.066816	-0.003138	-0.186572	0.042152	0.285702	0.010048	-0.280411	0.120928	0.046202	0.153222	-0.114094	-0.076759	-0.087420	0.257362	-0.236861	-0.065135	-0.205746	-0.178381	-0.093405	0.191516	0.036599	-0.155931	0.284619	0.075226	-0.034796	-0.011450	-0.109891	0.036285	-0.085006	-0.012707	0.158570	-0.079237	0.045011	0.092817
-0.265559	-0.125781	0.202026	0.150192	0.049179	-0.136840	0.076376	0.048240	0.177151	-0.175544	0.187577	0.039525	0.137972	0.005353	-0.086299	0.003027	0.018338	-0.095648	-0.015687	0.031259	0.214701	-0.012215	-0.118063	0.009424	0.083703	0.108559	0.077377	-0.246815	0.038881	0.013962	-0.072254	0.197002	0.078003	0.032630	-0.168948	0.099907	-0.053995	-0.024797	0.190487	0.159856	0.234352	-0.095719	-0.089593	-0.015197	-0.440370	-0.186704	0.074503	-0.207623	0.128470	-0.125576
-0.125040	0.017825	0.211468	0.112786	-0.011867	-0.283663	0.064340	-0.075959	-0.001805	-0.021497	-0.206861	-0.174903	0.022033	-0.066498	0.233143	0.096613	-0.118585	-0.234049	-0.079650	0.238564	0.122746	-0.232848	-0.099232	-0.100881	0.189970	0.174975	0.214950	0.012181	0.068788	0.188100	-0.244968	0.152115	0.018690	-0.063703	-0.103164	0.133913	0.014590	-0.191534	0.165363	-0.029739	-0.019321	-0.266756	-0.158862	0.066804	-0.026643	-0.151456	0.049643	-0.027149	0.093405	-0.031702
0.047199	-0.108539	-0.173769	-0.126013	-0.244144	-0.000952	-0.073013	-0.000167	0.060231	0.094840	-0.024879	0.118460	-0.004383	0.046110	0.219529	0.222555	0.237808	-0.267202	0.168673	0.002256	0.189009	0.229475	-0.093207	-0.076952	0.347601	-0.085694	0.181402	-0.106680	-0.077529	0.063272	-0.100294	-0.132252	0.023134	-0.121561	-0.005631	0.012990	-0.027552	-0.075556	0.141647	0.001179	0.078825	-0.085902	-0.205611	0.040479	-0.343871	0.119321	0.019960	0.104882	0.182702	0.040013
-0.055767	-0.076448	0.031530	-0.173028	0.038786	-0.283579	-0.068396	0.156674	-0.101866	0.134549	-0.048838	0.188265	0.219123	-0.015370	0.095605	0.025902	0.298239	-0.023439	0.161995	-0.088782	0.316240	-0.076909	-0.170602	-0.215238	0.109292	-0.131794	0.135795	-0.041819	-0.031597	-0.192899	-0.177706	-0.160637	0.218275	0.141615	-0.226148	0.082365	-0.107190	0.007259	0.052582	0.036703	0.072115	-0.193076	-0.049442	0.072477	-0.230067	0.160269	-0.040297	0.023927	0.028936	0.037642
0.023957	-0.269137	0.129495	-0.101637	-0.020162	-0.113648	-0.041927	0.208486	0.010017	0.280043	-0.017822	0.048192	-0.064916	-0.007141	0.250934	0.082017	0.353452	-0.052075	0.034948	0.019237	0.249033	0.052746	-0.100481	0.106173	0.060562	-0.125787	0.046038	-0.181366	0.024513	-0.059455	0.039778	0.142366	-0.162614	0.145146	-0.234050	0.011917	-0.124917	0.002627	0.222109	-0.100387	0.007395	-0.289623	0.019582	-0.032090	-0.304522	-0.101028	-0.082988	-0.031546	0.126413	-0.026951
-0.253514	-0.091268	-0.026697	-0.054217	-0.010787	-0.007618	-0.036727	0.257215	0.067500	0.225601	-0.097343	-0.069353	-0.096237	0.219012	-0.104130	0.002786	0.061262	0.164181	0.108394	-0.121903	0.027619	-0.133049	0.015400	-0.156033	0.176148	-0.163846	0.126697	-0.296006	0.081672	0.096396	0.074628	0.071827	0.320272	0.033688	-0.221933	0.106247	0.073494	0.077243	0.163572	0.077825	0.004588	-0.160839	0.102247	0.237911	-0.135753	-0.258474	0.155286	0.055162	0.121648	0.032821
0.181628	-0.190435	0.162719	-0.077803	-0.024800	-0.127865	-0.045148	0.127929	0.070413	0.268125	0.069844	0.059954	0.088328	0.047285	0.016517	0.164132	0.207096	-0.144053	0.208685	0.037302	0.331402	0.078738	-0.207188	-0.055029	0.266509	-0.175427	0.109037	-0.093943	0.007192	0.148143	-0.028807	-0.033251	0.036964	-0.029959	-0.052638	-0.037069	-0.158398	0.023088	0.025385	0.150490	0.074117	-0.396505	-0.219245	0.141926	-0.067224	0.040229	-0.139207	0.024442	0.042422	0.095420
-0.029425	-0.131210	0.093779	-0.093536	0.021652	-0.073210	-0.054968	0.230999	0.076583	0.052591	0.039261	0.102741	0.029434	-0.024998	0.144077	0.011084	0.049493	-0.200066	0.224050	0.013599	0.111560	0.117766	-0.047083	-0.069024	0.173134	0.101766	0.365645	-0.126967	-0.020657	0.102683	-0.279924	-0.077870	-0.034693	0.213629	-0.120009	-0.096563	-0.194782	0.159916	-0.003357	-0.099465	-0.132021	-0.322677	0.096929	0.198808	-0.340922	-0.037869	0.054780	0.030509	-0.105136	0.016311
-0.000296	-0.011949	0.024763	-0.239954	-0.065058	-0.270623	-0.088236	0.124137	0.076745	0.324201	-0.014314	0.005419	-0.007330	0.028384	-0.021109	0.309892	0.250807	-0.107722	-0.012891	0.008374	0.372889	0.067359	0.039185	0.008973	0.374787	-0.010656	0.072209	-0.227467	0.006552	-0.009092	0.036623	0.084282	0.109964	0.144466	0.036916	-0.042356	-0.127207	0.044564	0.008620	0.113631	-0.020422	-0.281001	-0.008250	0.008564	-0.159867	0.057801	0.134931	0.011465	0.078064	-0.079126
-0.231912	-0.093131	0.059129	0.042738	-0.026854	-0.141515	0.116817	-0.017496	0.175269	0.173067	0.075537	-0.007115	0.227242	0.141298	0.138013	0.019127	0.042683	0.065603	-0.153750	-0.088905	-0.126963	0.145317	-0.073259	-0.002021	0.106038	0.272121	0.064206	-0.204144	0.205497	0.250786	-0.127328	-0.128246	-0.029839	-0.109032	-0.137095	-0.060106	-0.053451	0.080369	0.152498	0.104498	0.014407	-0.088946	0.266262	0.265188	-0.284604	-0.086188	-0.057114	0.032361	0.264834	0.005934
0.162451	-0.260752	0.122402	-0.065490	-0.139173	-0.082655	-0.075330	0.151233	0.030379	0.154529	0.104521	0.035041	0.073193	0.162049	0.080231	0.300417	0.188597	0.045750	0.188561	0.015175	0.229217	-0.042089	0.104817	-0.007899	0.115372	-0.331689	0.256526	-0.038597	-0.093162	0.192725	-0.168816	0.059971	0.074787	0.020209	-0.137860	0.165044	-0.207503	0.116955	0.017886	-0.063739	0.015511	-0.238881	-0.171748	0.116041	0.004174	0.159948	0.053148	0.040346	-0.004401	-0.123636
0.147876	-0.172615	0.136322	0.064495	-0.205627	-0.051466	-0.067330	0.252887	0.061494	0.100167	-0.026798	-0.025806	0.139197	-0.118510	0.151226	0.125266	0.239068	0.045999	0.219801	0.061886	0.327450	0.064949	-0.039687	-0.066120	0.203294	-0.138930	0.139499	-0.187385	0.038875	-0.065023	-0.030332	-0.031445	0.020139	-0.111883	-0.043005	0.066900	-0.249502	0.181675	0.120417	0.024983	-0.202239	-0.170921	-0.191093	0.207224	-0.209202	-0.146775	0.086152	0.065134	0.056205	-0.118366
-0.184029	-0.096694	0.159105	-0.050562	0.250112	-0.445612	-0.096526	-0.032941	0.123049	0.144922	0.111938	0.168651	0.277029	-0.039095	0.087141	0.056018	0.004912	-0.082985	0.051990	-0.060855	0.243440	0.065449	0.002307	0.079748	0.090747	0.136563	0.006054	-0.170174	0.125666	0.159155	-0.079794	-0.090853	-0.063319	-0.044438	-0.198403	0.054995	-0.190908	-0.112397	0.183692	0.011933	-0.058366	0.004873	0.220238	0.141829	-0.128005	-0.079144	0.114577	0.079314	0.111171	0.196457
-0.043314	-0.171162	0.131118	0.171944	0.096857	-0.261717	0.096297	0.049554	0.140645	0.020358	0.189725	0.147791	0.060275	-0.190558	-0.078840	-0.018413	0.264890	-0.047435	-0.301765	-0.098944	0.145034	0.037725	-0.116204	-0.016062	0.184651	-0.039398	-0.047774	-0.200277	0.003915	0.259891	-0.263682	-0.039732	0.051288	0.061553	-0.061598	-0.116802	-0.156490	-0.189812	0.208048	0.152979	-0.046624	-0.045245	0.005157	0.135481	-0.177088	-0.051426	-0.019437	0.223814	0.077890	0.132402
0.074670	0.032680	0.021767	-0.010578	0.268500	-0.157485	-0.111325	-0.098824	0.179851	0.051171	0.058124	0.024830	0.114362	-0.057193	0.201986	0.136013	-0.102048	-0.060231	-0.077026	-0.196326	0.005129	-0.088939	-0.192632	0.059376	0.094690	0.133478	0.160330	-0.268260	0.082802	0.258688	-0.171133	-0.006935	0.052677	0.011922	-0.141309	0.046721	-0.067194	-0.106316	0.103263	-0.006803	0.047283	-0.190540	0.243250	0.125670	-0.446920	-0.115019	0.203994	0.012967	0.024093	0.063489
0.117981	-0.147052	0.181493	-0.125134	0.060818	-0.122316	0.123464	0.081164	0.109382	0.100932	0.094604	0.172101	-0.006777	-0.124969	0.236718	0.102582	0.390748	-0.077696	0.140066	-0.044314	0.130766	0.042044	0.093513	0.007022	0.183553	-0.105442	0.223361	-0.145608	-0.019967	0.010849	-0.259272	-0.028060	0.103652	0.043271	-0.016881	0.077710	-0.137203	0.092881	0.149439	-0.067913	-0.035061	-0.324495	0.030249	0.011696	-0.270281	0.166478	0.067558	-0.058336	0.210722	0.077345
-0.037555	-0.022561	0.247506	-0.030564	-0.000133	0.086151	0.021330	0.074557	0.333555	0.366884	0.002218	-0.021999	0.195162	0.074764	0.075529	0.217880	0.213473	-0.190800	0.093948	-0.007380	0.242542	0.039688	-0.011524	0.085498	0.195881	0.105931	-0.029214	-0.206278	-0.056623	0.087176	-0.285662	0.141053	-0.024625	-0.051708	-0.014664	-0.121257	0.144120	0.044384	0.094897	0.216917	-0.049831	-0.122758	0.074376	0.233810	-0.074550	0.040470	0.004408	0.068703	-0.024733	0.167183
0.086036	0.062530	0.061598	0.050572	-0.004838	-0.125160	-0.226674	0.235281	-0.183862	0.211912	-0.049213	-0.038298	0.092951	0.369458	-0.031716	0.108669	0.110242	0.219906	-0.065991	-0.104506	0.080851	-0.032724	-0.129779	0.175224	0.162691	0.080680	0.110891	-0.100918	0.117286	0.162763	-0.175531	0.173487	0.089703	-0.084872	0.009147	-0.019218	-0.021638	-0.172557	0.144873	-0.091174	0.213710	-0.055658	0.237884	0.098575	-0.247571	-0.119404	0.079982	0.187001	0.150633	-0.043227
-0.118087	-0.127726	-0.093844	-0.044495	0.006375	0.034170	0.039228	0.208081	-0.017584	0.285856	-0.097065	0.124335	-0.004193	-0.133649	0.040175	0.251066	0.031506	0.137823	-0.084988	-0.149401	0.363848	-0.098546	-0.036339	-0.039216	0.302325	0.118657	0.173553	-0.050093	-0.078009	0.401227	-0.163028	0.097736	0.192028	0.048800	0.073369	0.063652	-0.136333	0.102623	-0.103433	0.001444	0.055107	-0.206134	-0.075091	0.074079	-0.157982	-0.102437	-0.034305	0.023000	0.064423	0.034808
0.245515	-0.254391	-0.073171	-0.048320	0.014325	-0.216996	0.076200	0.033626	0.070447	0.196914	-0.029104	0.093393	0.120110	-0.032999	0.091411	-0.006308	-0.016181	-0.062008	0.092064	-0.096725	0.133988	0.164374	-0.117129	0.110710	0.295453	0.060375	0.219752	-0.239817	-0.072526	0.071383	-0.178716	0.026434	0.033016	0.086529	-0.230872	-0.103330	-0.285532	-0.097825	0.155389	-0.032781	-0.011666	-0.096715	0.086198	0.251233	-0.300794	0.019033	-0.064328	0.026862	-0.094344	-0.172449
0.091887	-0.272887	-0.003414	-0.148918	-0.003853	-0.074433	0.037217	0.194576	0.008140	0.092205	0.097002	0.022210	-0.031338	-0.201422	0.080746	0.042500	0.233329	-0.040843	0.120047	0.037373	0.234808	-0.053527	-0.245959	-0.058729	0.281293	-0.168929	0.276576	-0.074811	0.046288	0.085902	-0.113765	0.161776	0.033631	0.095887	-0.201050	0.121241	-0.225553	0.113316	-0.006618	-0.005946	-0.125746	-0.366819	0.006816	0.143790	-0.152931	0.073074	0.038155	0.107792	0.051705	-0.068506
0.038637	-0.285015	0.109274	-0.091321	0.161657	-0.070032	0.002446	0.211828	-0.148434	0.096394	0.174607	-0.007116	-0.017265	-0.125598	0.159664	0.033746	0.234761	-0.047224	0.201526	-0.051615	0.315310	0.050875	-0.030002	-0.154163	0.079734	-0.063142	0.116411	-0.147356	-0.092560	-0.040610	-0.266122	0.212394	0.061053	0.034324	-0.110459	-0.159676	-0.016980	0.194303	-0.018681	0.108314	0.014282	-0.385953	-0.087566	0.218279	-0.080844	0.035519	-0.005267	0.103340	0.012906	-0.039788
0.155338	-0.106873	-0.000886	-0.359653	-0.018414	-0.121450	-0.011874	0.031174	0.095477	0.111903	0.122393	0.109514	-0.032841	0.050862	0.139876	0.039193	0.324132	-0.173555	0.165978	-0.039454	0.199924	0.090794	-0.094280	-0.051635	0.294668	-0.082933	0.203344	-0.222878	-0.140815	0.060915	-0.111641	-0.131432	0.093767	0.118086	-0.074875	0.086624	-0.142565	-0.055528	0.053183	0.018615	0.007060	-0.253620	-0.043897	0.092770	-0.376184	-0.034834	0.012110	0.023530	0.047386	0.021059
-0.108822	-0.245479	0.026049	-0.043163	0.006564	-0.352284	0.125670	-0.059235	-0.078221	0.044682	0.118163	0.103145	0.001783	0.150131	-0.073810	0.012240	0.031163	-0.199392	-0.014456	0.058629	0.214388	0.096224	0.004627	0.210047	0.196040	0.026310	0.223705	-0.149197	0.172143	0.054087	-0.035640	0.094969	0.088571	0.024049	-0.081236	0.183239	-0.234680	-0.047508	0.068839	0.095450	0.274279	-0.234072	0.130604	0.007398	-0.198248	-0.209895	0.120714	0.162775	-0.107323	0.142067
-0.111942	-0.240455	-0.075678	0.112321	-0.005603	-0.131684	0.034796	-0.017269	0.191340	-0.162313	0.002744	0.147348	0.219006	-0.140209	0.052797	-0.077285	0.100828	-0.044614	-0.128531	0.050507	0.166779	0.136272	-0.193686	0.036026	0.167591	0.187974	0.017976	-0.163164	0.065205	-0.002379	-0.169743	-0.043334	0.029077	0.132744	-0.061996	0.019023	-0.131241	-0.235343	0.148408	0.014951	0.141243	-0.213675	0.153626	0.273864	-0.360445	-0.114806	0.219138	0.003086	-0.027290	-0.126537
-0.003571	-0.018253	-0.022801	-0.088097	0.149597	0.146199	0.165659	0.152992	0.101183	-0.084747	0.097897	0.231840	0.004538	-0.003175	-0.031404	0.124069	0.198654	-0.163983	-0.006882	-0.022500	0.155843	-0.032517	0.080519	0.060858	0.087838	0.035011	-0.034441	-0.054165	0.021103	0.339468	-0.091232	-0.075543	0.004411	-0.070815	-0.200459	0.048236	0.148417	-0.124812	0.031097	-0.307408	0.268535	-0.138835	-0.003013	0.157982	-0.209045	-0.238498	-0.206161	0.146525	0.301655	0.043274
0.013391	-0.326067	0.250953	0.053271	-0.166519	-0.149155	-0.052035	0.119889	-0.148538	0.054753	0.122060	-0.034150	-0.052493	0.176166	0.080796	-0.089711	0.164789	0.110893	-0.069565	-0.067760	-0.060029	0.137015	-0.101914	0.068344	0.313157	0.078766	0.030077	0.137483	0.037778	0.089461	-0.027690	-0.097330	0.211211	-0.094092	-0.300208	0.105089	0.117843	0.123749	0.218628	-0.151123	0.002338	-0.019156	-0.204463	0.150449	-0.095927	-0.117232	0.250338	-0.103460	0.159079	0.012827
-0.020018	-0.352494	0.117709	-0.034381	-0.125680	0.030234	0.034258	-0.020002	-0.014826	0.188150	0.009162	-0.122227	-0.062479	0.037190	-0.064656	0.162734	0.306852	-0.166477	0.103624	-0.063098	0.109063	-0.164596	-0.066696	0.008055	0.163813	0.105648	-0.043353	0.146095	0.037296	0.149483	0.043884	-0.064157	0.090968	-0.305873	-0.322497	0.316454	-0.074711	-0.035465	0.052337	-0.160064	0.154719	0.065241	0.090162	0.115543	-0.111937	0.093462	0.150065	0.157200	0.021545	0.156620
0.059093	-0.231563	-0.051131	-0.114637	-0.070163	0.024538	-0.015890	0.091772	-0.059650	0.288958	-0.052823	0.088536	0.092944	-0.076556	0.034701	0.084907	0.084810	0.022656	0.035815	0.007219	0.238056	-0.149558	0.012195	-0.314867	0.164895	-0.012193	0.063997	0.057502	-0.025033	0.134230	-0.285058	0.075909	0.235580	0.006659	-0.124450	0.057300	0.069307	0.053027	0.103643	0.023346	0.093753	-0.352022	-0.319750	-0.037032	-0.059401	0.175832	0.221390	-0.054755	0.185458	-0.119048
-0.066466	-0.077135	-0.055321	-0.190918	-0.176508	0.030308	0.020195	0.024514	0.042962	0.107099	0.131970	-0.230108	0.159277	0.000061	-0.072742	0.111853	-0.099683	0.090665	0.309379	-0.056462	0.040355	0.186704	-0.217160	-0.261743	0.248001	0.002680	0.260534	-0.185898	-0.005803	-0.016661	-0.223909	0.052240	0.149157	-0.023338	-0.070497	0.222697	0.054096	-0.019945	0.095370	-0.012867	0.164905	-0.112104	0.008730	0.126132	-0.101726	-0.303947	0.048635	0.201907	0.110890	0.000435
-0.100591	-0.087405	0.177473	0.110666	-0.071920	-0.017085	0.105044	-0.000169	0.063231	0.026967	0.234403	0.021194	0.186520	-0.204999	0.092907	-0.045837	-0.058121	-0.257000	0.077717	0.036735	-0.098490	-0.124249	0.053224	-0.070516	0.202393	-0.136458	0.069934	-0.200578	0.127228	-0.068063	-0.174534	0.231985	0.205774	-0.064766	-0.014978	0.196149	0.124063	-0.132803	0.119089	-0.033021	0.164159	-0.116759	0.003580	0.393076	-0.185668	0.078423	0.206794	0.204870	0.014098	-0.023911
-0.105675	-0.120982	-0.164639	-0.033395	-0.143248	0.194942	-0.047099	0.286769	0.183826	0.140203	0.045994	-0.047643	0.082606	0.187064	0.066760	0.052017	0.180038	-0.032564	-0.009823	-0.075962	0.265501	0.017340	-0.034757	0.172670	0.095428	0.076110	0.137617	0.039731	-0.017481	0.297567	-0.145840	0.072165	0.039837	-0.232121	-0.167652	0.203992	-0.025941	-0.068158	0.035190	-0.235673	-0.158726	-0.168515	-0.069971	0.063707	0.153991	-0.133771	0.271899	0.148689	0.080776	-0.101398
0.016682	-0.219094	0.184072	-0.008495	0.025536	-0.010474	-0.046601	0.109119	-0.009463	0.072447	0.288949	0.018494	0.033674	-0.193551	0.130099	-0.018305	0.083687	-0.274621	-0.035959	-0.029983	0.133043	0.076114	0.105037	0.055158	0.088301	0.211366	-0.116031	-0.136336	0.189692	-0.024275	-0.194496	-0.118871	-0.074234	-0.090769	-0.232043	-0.028020	0.109780	-0.012176	0.069123	0.089272	-0.003886	-0.384695	0.208618	0.396438	-0.002232	0.062528	-0.053701	0.064977	0.096395	-0.018188
-0.079493	-0.320749	0.229907	0.009653	-0.093051	-0.015217	-0.059339	0.062425	0.052990	-0.157241	0.080989	0.087869	0.107362	0.111280	0.085646	-0.178210	0.216004	0.093624	0.144700	-0.014283	0.164720	-0.273989	-0.091059	-0.161282	0.202612	0.060487	0.055895	-0.092814	-0.017599	0.128263	-0.035055	-0.080267	0.258980	-0.224580	-0.109304	0.038414	-0.187548	0.036565	0.168141	-0.072484	0.300314	-0.048764	-0.184850	-0.000568	-0.116560	-0.037037	0.009642	0.206102	0.060406	-0.184098
-0.073262	-0.076812	0.098397	-0.014783	-0.243520	-0.306766	0.126423	0.137054	0.122750	-0.096893	0.182738	-0.116846	0.132805	0.003220	0.096655	0.284878	-0.323161	-0.065954	0.048874	0.137327	0.172860	-0.087677	0.030079	0.122172	0.027607	-0.007065	0.012166	-0.242878	0.081689	0.022163	-0.128952	-0.029976	0.110320	0.065939	-0.038740	0.115308	-0.044019	-0.244174	0.133051	0.154231	-0.018636	-0.238459	-0.038975	0.368764	-0.038470	-0.017274	0.000651	-0.077797	0.077448	0.005625
-0.331291	-0.047882	0.153693	0.023668	0.157645	0.188606	0.132044	0.127353	-0.101138	0.213887	0.225068	-0.015559	0.066189	-0.065345	0.128653	0.280400	-0.029053	-0.031327	0.093205	-0.277200	0.160707	-0.080999	-0.185972	-0.092159	0.089788	-0.200350	-0.006000	0.051343	-0.002969	0.161546	-0.093692	0.222064	-0.009389	0.000466	-0.248526	0.024708	-0.012698	-0.091639	-0.051922	0.197405	0.184516	-0.103904	-0.130375	-0.051718	-0.091554	0.116291	0.016936	0.204982	0.117103	-0.077316
-0.218477	-0.037707	-0.071328	0.004760	0.013020	-0.122646	0.248366	0.175619	-0.049113	-0.047342	0.072518	-0.250840	0.103951	-0.032341	0.027235	-0.057157	0.110218	-0.212392	-0.073080	-0.091181	0.309051	-0.031820	0.007838	-0.078221	0.184808	0.160642	-0.025173	-0.264794	0.110610	0.287981	-0.080333	-0.196607	0.056710	-0.165578	-0.239169	0.161744	-0.049634	-0.046262	-0.154558	-0.042293	-0.012358	-0.045126	-0.023252	-0.005049	-0.209396	-0.155580	0.042198	-0.264867	0.055812	-0.120701
-0.171484	-0.208796	-0.045924	0.047524	-0.030280	0.013436	-0.209322	0.013785	0.021768	0.027257	0.063127	0.109669	-0.015906	0.077504	-0.005373	-0.099819	0.133683	-0.140777	-0.034886	0.156123	0.214178	0.137455	0.048110	-0.025161	0.012494	0.001667	0.101346	-0.196251	0.125244	0.185544	-0.179043	0.153929	-0.103613	0.154203	-0.273729	0.294174	0.086187	-0.106136	0.267871	0.130914	-0.077960	-0.008387	-0.243076	0.263673	-0.240215	-0.089314	0.048674	-0.021570	0.216534	0.067212
-0.269938	0.048742	0.033934	0.123535	-0.020632	0.062549	0.044249	0.190556	0.073554	0.114376	0.043809	-0.019700	-0.041195	0.242133	0.004818	0.102379	-0.145314	-0.077152	0.096487	-0.161706	0.167506	0.174318	-0.005904	0.102795	0.159990	-0.185322	0.061708	-0.124232	-0.241740	0.417358	-0.050427	0.061630	0.208539	0.016664	-0.056826	0.218232	-0.098209	0.075054	0.162851	0.121794	0.135054	-0.101536	-0.010101	0.041093	-0.298009	-0.087162	0.062762	0.079626	-0.189688	-0.011149
-0.267499	-0.091586	-0.052438	-0.041677	-0.142840	-0.067289	-0.067779	0.056851	-0.148671	0.119516	0.039860	0.044700	0.208306	0.099586	0.057181	-0.024305	0.036068	0.098546	0.049921	-0.181127	0.172956	-0.036946	0.008469	-0.200144	0.070080	-0.166137	0.005007	0.046785	-0.092191	-0.023414	-0.179792	0.116466	-0.260262	-0.006831	-0.197519	0.142351	0.017650	-0.106560	0.126277	-0.154408	0.353313	-0.154563	-0.365856	0.200565	-0.190650	-0.168682	0.093880	0.030683	0.038043	-0.031181
-0.214085	-0.198546	0.096086	0.234918	0.272595	-0.058179	0.075472	0.054556	-0.094439	-0.126607	0.015418	0.031510	-0.125989	-0.011251	-0.007683	0.250325	0.226184	0.017243	0.214562	-0.089870	0.357575	-0.128388	0.172436	-0.080825	0.135157	0.216384	0.015167	-0.212097	0.032423	0.125158	-0.168547	0.038696	0.089312	-0.051379	-0.139282	-0.137326	0.193366	-0.137701	0.174387	-0.048131	-0.112979	-0.103412	-0.072484	0.155595	-0.055707	0.110892	-0.036794	-0.033348	-0.064813	-0.054904
-0.375507	-0.077970	-0.018745	0.155257	0.044978	-0.004692	0.162132	0.093605	-0.125896	0.109684	-0.117015	-0.161911	-0.085257	0.085930	-0.138473	0.015303	0.169159	-0.013565	-0.047673	0.000949	0.173772	-0.063249	-0.239689	-0.088968	0.264575	0.147193	-0.026384	-0.062764	-0.163296	-0.048247	-0.139790	0.063369	-0.140705	-0.098508	0.063803	0.181035	-0.145017	-0.253385	0.249649	-0.054730	0.087200	-0.124889	-0.118394	0.203903	-0.219157	-0.185181	0.177073	0.023287	-0.004384	-0.009783
-0.340815	0.138439	0.006128	-0.045026	0.152365	-0.249326	0.113370	0.178189	-0.142956	0.135136	-0.017205	-0.053910	-0.037061	0.108177	-0.026126	0.166563	-0.109399	-0.077889	0.013980	-0.154244	0.070099	-0.051232	0.002029	-0.212145	0.243290	0.142420	-0.028768	-0.164554	-0.384384	0.082741	-0.215994	-0.003762	-0.171676	-0.135267	-0.129503	0.251787	-0.025460	0.078394	0.093495	0.027126	0.057472	-0.056442	-0.056323	0.068314	-0.070866	-0.056078	0.255193	0.040380	-0.021096	-0.110066
-0.153852	-0.159712	0.172549	0.083001	0.051205	0.016521	0.097898	0.050527	0.015667	-0.223984	0.103539	-0.090088	0.027358	0.050136	0.015557	0.253681	0.096746	-0.212984	0.012734	-0.209048	0.073166	-0.192849	-0.074389	0.171521	-0.011185	0.269142	0.088681	0.057462	0.007868	0.265674	-0.149430	-0.162174	0.057009	-0.281147	-0.271369	0.030782	0.032808	-0.170318	0.090955	0.025113	0.227176	-0.032525	0.015234	0.171424	-0.112984	-0.136466	0.121687	0.077752	-0.203987	0.104527
-0.042813	-0.139095	-0.199954	0.176252	-0.019187	-0.013666	0.118226	0.195667	0.179254	-0.055638	0.146870	-0.062901	-0.054649	0.042615	-0.138310	-0.065579	0.011859	-0.103898	0.025868	0.065300	0.258409	-0.172819	0.035560	-0.040763	0.226403	0.076014	-0.068870	-0.099615	0.221971	0.278700	-0.122533	0.171377	-0.089016	-0.190918	-0.196678	-0.055197	0.099103	-0.046627	0.226301	0.026894	-0.039340	-0.384012	-0.056155	-0.153286	-0.182858	0.077031	0.093258	-0.063364	0.171037	-0.021590
-0.280743	-0.028651	0.096584	-0.041649	-0.039364	0.094382	0.069691	0.166723	0.283871	-0.082183	0.229882	-0.024644	0.042597	0.151958	-0.048370	-0.083299	0.050424	-0.017401	0.115665	0.242365	0.319583	0.069375	-0.069605	0.252342	-0.025595	-0.020797	0.215858	-0.139611	-0.068228	0.103818	-0.180651	0.045834	-0.071890	-0.113722	-0.067634	-0.071393	0.065247	-0.161893	0.189651	-0.111666	0.112214	-0.091610	-0.089080	0.199148	-0.226197	-0.027552	0.164208	-0.009130	0.066817	-0.254459
-0.131244	-0.051970	-0.080519	0.056489	0.005086	-0.055601	-0.135526	0.287244	-0.042041	-0.201188	0.344699	-0.018391	-0.195723	-0.057702	0.130793	0.300818	0.129769	0.023795	-0.115055	-0.039242	0.073718	0.025871	0.166508	-0.046136	0.195513	-0.049208	0.236022	-0.146481	-0.248304	0.254183	-0.153718	0.078096	0.041535	-0.167955	-0.192256	0.042277	0.097302	-0.044820	-0.016997	0.023963	-0.035886	-0.115483	-0.220104	0.068462	-0.224997	0.027511	0.056716	0.013099	0.033252	-0.095772
-0.111782	-0.236159	0.187177	-0.161492	0.055162	-0.178886	0.067892	0.295584	-0.088504	0.081835	-0.093747	0.112119	0.234790	-0.092298	-0.088453	-0.002184	0.137657	0.014079	0.337793	0.165016	0.077532	0.005604	0.066727	-0.121151	0.051325	0.095925	0.078642	-0.159194	-0.178925	0.164132	-0.235336	0.060110	0.037874	-0.139961	-0.105673	0.136594	0.000468	0.070896	0.152149	-0.175641	0.076105	-0.144683	-0.028752	0.215028	-0.087325	0.254799	-0.082185	-0.019342	-0.059910	-0.149454
-0.284821	-0.076990	0.236944	-0.211482	0.015226	-0.114061	-0.004439	0.231876	0.074165	0.068852	-0.117782	0.078003	0.131759	-0.203884	0.068867	0.048592	0.063793	-0.149250	0.337212	0.241747	-0.017217	0.008488	-0.010571	-0.144738	0.101583	-0.023804	0.077896	-0.168848	0.076739	0.219892	-0.203649	0.062426	0.130645	-0.194029	-0.057243	0.042280	0.023265	-0.083906	0.196179	-0.116355	0.153139	-0.151616	-0.019572	0.171622	-0.057519	0.166494	-0.126169	0.155435	-0.047387	-0.121677
-0.156832	0.042024	0.205179	-0.147296	0.202871	-0.322513	-0.122276	0.011170	0.266760	-0.091851	-0.137652	-0.221240	0.077897	0.207068	0.092294	-0.020043	0.146119	-0.174364	-0.145204	-0.065072	0.088463	-0.298866	-0.045862	-0.010253	-0.021161	0.050554	0.029219	-0.084406	0.068422	0.206085	-0.118963	0.032592	0.021647	-0.087903	-0.081405	0.327226	0.031372	-0.024208	0.116249	0.058369	-0.002733	-0.111679	0.015545	0.134438	-0.328827	0.072575	-0.028350	0.015065	0.092348	-0.018016
-0.101668	-0.115789	-0.069621	0.050331	0.071122	-0.025896	-0.044599	0.211457	0.252591	0.148041	-0.073410	0.040672	0.287566	0.003209	0.216418	-0.035785	0.070504	-0.085930	-0.210268	-0.035975	0.213398	-0.200968	-0.139880	0.003998	0.336900	-0.194270	-0.006643	0.149098	0.136940	0.097666	-0.090991	0.056758	-0.005314	-0.058289	0.061564	0.026839	0.132835	-0.003594	0.253023	-0.101939	0.049363	-0.236540	-0.067774	-0.077608	-0.146207	-0.177005	0.226102	0.077923	-0.179507	-0.071039
-0.180695	-0.108070	-0.152467	0.285696	-0.017756	-0.233546	0.201572	0.165164	0.145967	0.031345	-0.054706	0.130033	0.332632	-0.091961	0.128769	0.270541	0.184482	0.032927	-0.048292	0.063528	0.320273	-0.062537	-0.118680	0.043613	0.230043	0.102518	0.035456	0.016504	0.031863	0.240056	0.103147	0.106727	-0.053381	0.004463	-0.029954	0.233990	0.029183	0.082188	0.083698	0.026990	0.001507	-0.011222	-0.031390	0.049135	-0.026155	-0.049252	0.041449	0.275909	-0.005885	0.094882
0.070745	-0.236669	-0.110543	-0.010391	0.012743	-0.103004	0.146145	0.021651	0.044771	-0.000223	-0.097945	0.000701	0.102331	-0.209714	0.166063	-0.064097	0.093558	-0.083529	0.009376	0.087264	0.253872	-0.084439	-0.030728	-0.194585	0.137071	0.078260	0.038180	0.042564	-0.016502	0.292281	0.062137	0.088999	0.032753	-0.086221	-0.461752	0.057258	0.095128	0.000171	0.229291	-0.043056	0.169470	-0.301745	0.112732	0.137746	-0.060248	-0.024998	0.004765	-0.090339	0.173643	0.233055
-0.038186	-0.170903	-0.112796	0.011019	0.050322	-0.208337	0.106158	0.275118	0.188420	0.004948	-0.077417	0.030607	0.411477	-0.152242	0.144729	0.031559	0.169821	0.086210	-0.081589	0.116461	0.379297	-0.129234	-0.085244	-0.178402	0.198558	0.051344	0.089816	-0.036346	0.053214	0.012989	0.003498	0.081141	-0.137189	0.010003	0.089824	0.147836	0.082622	-0.153259	0.215927	-0.061499	-0.032127	-0.122063	-0.026630	0.162749	-0.138097	-0.069204	0.048352	0.124825	0.150409	0.111394
0.029905	-0.088385	-0.097174	0.053513	0.212368	-0.208927	-0.005069	0.194848	0.026850	0.065616	0.258607	0.015467	0.418818	0.033853	-0.060551	0.013296	0.230397	-0.090223	-0.046468	0.091111	0.331060	0.039995	0.002384	0.034053	0.265453	0.025038	0.113547	0.245861	0.044722	0.030389	-0.109659	-0.144471	-0.042868	0.014206	-0.017774	-0.001166	0.109456	-0.069582	0.097329	-0.259393	-0.089515	-0.171038	-0.002188	0.072179	-0.184135	-0.076421	0.100340	0.178461	0.121727	0.022456
-0.081291	-0.245808	-0.062744	0.016367	0.111253	-0.132832	0.088584	0.294171	0.012788	0.026142	-0.003458	0.074082	0.365801	-0.032396	0.127977	0.099903	0.061510	0.088022	0.115642	0.038453	0.405656	-0.170410	0.072050	-0.039544	0.217652	-0.088034	0.131400	0.065841	0.108002	0.202710	-0.075671	-0.048216	-0.117866	-0.033446	0.240643	0.129268	0.159093	-0.181858	0.207745	-0.020480	-0.060517	-0.040428	-0.070506	0.187076	-0.069157	-0.089172	0.131144	-0.056975	0.037103	0.033442
-0.092818	-0.244395	-0.102176	0.077900	0.032313	0.069681	0.102571	0.142736	0.188198	0.088939	0.059444	0.139333	0.293224	0.043943	-0.011293	0.145320	0.194128	0.088552	0.013038	-0.120451	0.318135	-0.102671	-0.034829	-0.009725	0.437599	-0.105010	-0.054028	-0.122123	0.058804	0.095167	-0.066121	0.028846	-0.080968	0.065974	0.293288	0.112493	0.017245	-0.245954	0.075681	-0.066264	0.012115	-0.091426	0.005581	0.011678	-0.248942	0.116458	0.129286	0.087830	0.048060	-0.012154
-0.220598	-0.117481	-0.073878	0.042745	-0.130916	-0.045385	0.025905	0.144788	-0.062359	0.259510	0.196795	0.142580	0.436903	-0.017006	0.016463	-0.091563	0.033486	-0.100898	-0.027499	-0.009822	0.318245	0.030144	0.011863	-0.177771	0.122069	-0.198748	0.104531	-0.027431	0.061813	-0.016649	-0.068795	0.128010	-0.021170	0.075167	0.010853	0.264540	0.030369	-0.284262	0.220992	-0.079638	0.093133	-0.018753	0.016385	0.151854	-0.208463	0.031070	0.128796	0.095474	-0.001898	0.079529
-0.032479	-0.201238	-0.106643	-0.043775	0.061006	-0.190456	0.062858	0.355099	0.085700	0.100138	0.168188	0.168495	0.512687	0.107809	0.036679	-0.026968	0.089707	0.018572	0.148207	-0.132581	0.262773	-0.115305	0.025511	-0.045658	0.251528	0.071362	0.058687	0.140326	0.144897	0.118924	0.095491	-0.025675	-0.142945	-0.059807	0.034912	0.044751	0.020780	-0.147896	0.081398	-0.057842	0.091631	-0.108943	-0.043251	0.142373	-0.105045	-0.048070	0.187471	-0.010794	0.048016	-0.047671
-0.111759	-0.134263	-0.058211	0.021266	-0.063014	-0.118360	0.109797	0.320928	-0.041435	0.191404	0.137263	0.060834	0.245692	-0.119555	0.127847	-0.230807	0.063570	-0.104801	-0.056502	0.016853	0.038767	0.018370	0.069227	0.136310	0.136971	-0.002069	0.172085	-0.052056	-0.091928	-0.083958	-0.147400	0.298501	-0.057770	-0.065494	-0.223084	-0.013369	0.080388	-0.201034	0.065402	0.055103	0.137855	-0.268971	0.136545	-0.033704	-0.269459	0.042911	0.280532	-0.155692	0.060979	-0.048102
0.021382	-0.073774	0.022220	-0.162127	0.199002	-0.084310	-0.036995	-0.105718	0.116892	0.054569	0.004997	-0.067751	0.066773	0.176814	0.068052	0.068566	0.296472	-0.009540	-0.008682	0.146260	-0.012027	0.009463	-0.070226	-0.114973	0.150165	0.045235	0.254159	-0.117806	0.160842	0.154165	-0.069336	-0.093538	-0.022083	-0.013060	-0.258205	0.119196	0.209884	-0.128427	0.264269	0.029356	0.198945	-0.294669	-0.042452	0.324780	0.142879	0.083144	0.092034	-0.040761	0.161542	-0.193968
-0.245045	-0.195865	0.123903	0.021614	-0.030380	-0.127535	-0.006314	0.129989	-0.126627	-0.104369	-0.042678	0.036764	0.014173	-0.151027	0.196405	0.143774	0.186273	0.012086	-0.160685	0.015171	0.113468	-0.075814	0.090116	-0.218812	0.240790	0.006568	-0.011215	0.002738	0.092000	0.214245	0.020990	-0.044440	0.137851	0.030412	-0.226738	0.071625	0.236892	-0.136467	-0.032475	0.196077	0.167127	-0.412149	-0.003640	0.254804	0.000612	-0.143288	-0.098263	0.033944	-0.005675	-0.063394
0.105257	-0.281192	0.044136	0.202770	0.153884	-0.069997	0.079019	-0.070409	0.087791	0.234647	-0.080056	0.139702	0.200760	0.306229	-0.010457	-0.116978	0.059891	-0.010420	0.054458	-0.078679	0.205341	-0.050834	0.207547	-0.010687	0.250444	-0.027009	0.089805	0.009755	0.142334	0.063452	-0.080830	0.084053	-0.022117	-0.211631	-0.102543	0.000779	0.155411	0.042700	0.074929	0.149438	0.188385	-0.281712	-0.085251	0.167477	-0.242931	-0.034249	-0.082175	0.226791	0.042072	-0.011326
0.043588	-0.081484	-0.106215	0.028956	-0.115875	-0.271886	0.033200	0.223516	0.110322	0.062162	-0.115255	0.006035	0.103891	0.176536	-0.178478	0.000381	0.020959	-0.178766	0.047186	-0.020592	0.235401	-0.064416	-0.053194	-0.058658	0.255465	-0.253707	-0.049804	0.072140	0.056373	0.298836	-0.181558	-0.110756	0.068494	-0.200803	-0.041365	0.176182	-0.044017	-0.048331	0.048854	0.041035	-0.256656	-0.248178	-0.016310	0.221914	-0.186668	-0.169760	0.154120	0.034224	-0.060942	0.080436
0.116021	0.027986	0.124833	0.011241	0.131981	-0.068066	0.020421	0.239768	0.117226	0.290305	0.129474	0.117061	0.159247	0.054650	0.041041	0.442856	-0.054224	0.109585	-0.221293	0.193698	0.028178	-0.117602	0.060436	-0.028558	0.310610	0.125329	0.152230	0.102761	-0.015297	0.157294	-0.102536	0.009708	0.032683	0.030592	-0.079973	-0.053617	-0.096806	0.017339	0.185407	0.254328	0.014336	-0.102295	0.213792	0.088978	-0.080450	-0.082924	0.150611	-0.051698	0.011403	-0.101407
0.134275	-0.069748	0.046476	0.063209	0.037667	-0.069085	0.010571	0.001683	-0.056329	-0.162604	0.083808	-0.081451	0.115319	0.285008	-0.069902	0.273056	0.016335	0.052790	-0.093236	-0.290715	0.058430	-0.051259	0.074144	-0.138243	0.224929	-0.013939	0.059815	0.128727	0.310232	0.156253	-0.115168	-0.058300	-0.137940	-0.183717	-0.193727	0.091461	-0.099836	0.010841	0.164181	0.144274	0.012647	-0.098688	0.136071	0.280082	-0.279086	-0.095538	-0.162358	0.140087	0.111758	-0.057857
-0.070203	-0.030018	-0.109640	0.153524	0.107134	-0.008005	-0.189304	-0.002551	0.041807	0.056720	0.126610	-0.034147	0.088859	0.123552	-0.107963	0.098670	0.120821	0.076657	-0.116300	0.074279	0.089289	0.198454	-0.049677	0.016394	0.256012	0.110528	-0.015236	-0.058194	-0.078325	0.097008	-0.263335	-0.270029	0.088074	0.075328	-0.005579	-0.112639	-0.192196	-0.189636	0.035282	0.214148	0.133281	-0.354058	0.196953	0.232070	-0.264581	-0.090523	0.165358	0.062770	0.094171	-0.124162
-0.040325	-0.142056	0.000867	-0.015209	0.082079	0.017930	-0.074081	0.153386	-0.053408	-0.030896	-0.182461	0.017707	0.131995	-0.072033	-0.180522	-0.070990	0.073102	-0.114069	-0.090399	0.073183	0.213136	-0.119190	0.079547	-0.132078	0.166328	0.069298	-0.132011	0.043230	-0.117852	-0.081400	-0.061017	0.159477	0.168969	-0.269020	-0.149091	-0.106707	-0.174585	-0.200821	0.308976	-0.076758	0.157687	-0.243993	0.108861	0.234403	-0.272584	-0.154136	-0.066326	0.092327	0.083041	-0.227458
0.022158	-0.139283	0.116372	-0.157423	-0.008922	-0.290267	0.075862	0.114200	0.002731	0.054001	-0.045518	-0.056893	-0.012217	0.016150	-0.099721	-0.063458	-0.075879	-0.136706	-0.012409	0.111551	0.113706	-0.062835	0.019805	-0.195465	0.140373	0.012816	0.142522	0.048987	0.063908	-0.230247	-0.339473	-0.159723	0.040310	-0.185731	-0.129265	-0.131361	-0.236106	-0.053504	0.244670	-0.126138	0.123351	-0.241050	0.077820	0.224388	-0.238039	0.036629	0.088258	0.053646	-0.002983	-0.283215
0.051731	-0.310019	0.136957	-0.083731	0.136702	-0.086032	-0.048172	0.191562	0.151038	0.041629	-0.119300	-0.013443	0.040892	-0.041903	-0.008275	-0.099896	0.149109	-0.002458	-0.023611	0.041893	0.166479	-0.127837	-0.031924	-0.058010	0.132828	-0.109132	-0.007067	-0.004976	0.138202	-0.115877	-0.168492	0.255531	0.081686	-0.158104	-0.287370	-0.201825	-0.136291	-0.082529	0.130910	0.028646	-0.038053	-0.322324	0.002864	0.143508	-0.325190	0.064190	-0.047097	-0.171687	0.250874	-0.017199
0.127233	-0.056841	0.002863	0.191958	0.101373	0.106027	0.047703	0.160783	0.015881	0.051975	0.000409	-0.032425	0.114392	0.118498	-0.003235	0.139648	0.009858	-0.183765	-0.146007	-0.120984	0.178846	-0.126587	-0.120583	-0.096807	0.104563	0.015415	-0.073815	-0.055733	0.118490	-0.083788	-0.093125	0.082372	0.101723	-0.403566	-0.251334	-0.059575	-0.229659	-0.329927	0.212622	0.125168	0.063192	-0.242925	-0.104796	0.248517	-0.103458	0.011902	-0.123931	-0.054176	-0.083474	-0.105784
-0.025755	-0.191859	0.116615	0.041941	0.003384	-0.027355	0.077004	0.065909	-0.093751	0.087277	0.161342	-0.314221	0.071476	0.074486	0.078786	-0.135860	-0.041765	-0.034384	0.014072	-0.187215	0.194783	-0.083751	0.061649	-0.104352	-0.057327	-0.001753	-0.004829	-0.123574	0.004391	0.114665	-0.246236	-0.020376	0.011463	-0.096401	0.002897	-0.215849	-0.027207	-0.187651	0.263011	0.088204	-0.098745	-0.300488	0.192549	0.100678	-0.432986	0.204982	0.068319	-0.074273	0.087746	-0.073891
-0.105469	-0.391908	0.026761	-0.056212	0.058703	-0.019114	-0.066647	0.336269	0.266809	0.020430	-0.032327	-0.113596	0.218710	0.153992	0.032324	0.148135	0.135421	0.081876	-0.053283	-0.127452	0.119165	-0.026284	-0.026274	0.176690	0.193716	-0.116655	0.196308	0.266272	0.030144	0.036344	-0.194123	0.074859	-0.065580	0.124659	-0.166314	0.242127	0.070730	0.049795	0.017843	0.162968	0.135893	-0.145739	-0.042960	0.016878	-0.029503	-0.007855	0.048028	0.059412	0.201329	-0.057868
-0.170407	0.004344	0.104610	-0.284670	0.214121	-0.114523	0.014259	0.186450	-0.019042	0.094199	0.121965	0.090976	0.092379	-0.066664	0.033874	0.169350	0.119039	0.176426	-0.098491	0.034124	0.185800	-0.066680	0.086935	-0.128987	-0.031054	0.156410	0.226550	-0.022816	-0.204110	0.036591	-0.170834	0.040485	0.097358	-0.226724	-0.066717	0.028731	0.082461	0.011244	0.027677	0.142779	0.195733	-0.145789	-0.272078	0.047947	-0.299948	-0.168699	0.185956	0.020991	-0.067628	-0.226422
-0.056658	-0.244167	0.037617	-0.020314	0.153446	-0.015921	-0.086773	0.006555	-0.064599	0.188396	-0.058255	-0.154456	0.358084	0.013057	0.260234	0.108406	0.145188	0.175005	-0.099013	0.236211	0.095215	0.010035	0.047616	-0.021492	0.246291	-0.156852	0.080762	-0.022881	0.131883	0.183855	-0.176844	0.015404	-0.096284	-0.143630	-0.151452	0.097156	-0.008939	0.015350	0.100852	-0.051091	0.329880	-0.135622	-0.000940	0.186155	-0.182391	0.153919	-0.037710	-0.014944	0.060344	-0.159640
0.009965	-0.036214	0.071014	0.152820	0.100113	0.043764	0.048427	0.038165	-0.135474	-0.055622	-0.162013	0.040150	0.028954	-0.017913	0.038413	0.051860	0.009031	0.004805	-0.043934	-0.154092	0.158238	-0.117216	0.129110	-0.228032	0.282378	-0.131080	0.192693	-0.199299	0.037267	0.111116	-0.312939	-0.029291	-0.020671	0.138203	-0.153491	0.157575	-0.093696	-0.070546	-0.101647	-0.120524	0.156751	-0.228500	-0.218950	0.255378	-0.344881	-0.055506	0.178667	-0.020573	-0.100836	0.138897
-0.046648	-0.314462	0.018857	0.148418	0.024632	-0.059214	-0.014410	0.055939	-0.043808	0.123878	0.167266	-0.142608	0.186463	0.029294	0.047013	0.205549	0.384205	0.130461	0.020817	0.121790	0.090895	-0.010959	0.076497	-0.202256	-0.043776	0.057658	0.126438	-0.173553	0.011217	0.084825	-0.089413	0.004258	-0.181304	-0.052424	-0.118690	0.219845	-0.153025	-0.062916	0.058087	0.102556	-0.062086	-0.329221	-0.061127	0.062882	0.042017	0.239388	0.197213	0.164491	0.160307	-0.108428
0.109443	-0.298848	0.114175	0.053721	0.063308	-0.084862	-0.035579	0.173435	-0.163071	-0.049830	0.168938	-0.044925	0.017149	-0.096015	-0.052158	0.178023	0.063123	-0.182118	0.150180	0.027134	-0.121926	-0.089681	0.135068	0.053594	0.356952	-0.017286	0.090199	-0.183209	-0.039675	0.370464	-0.087984	-0.013401	-0.009225	-0.020200	0.068536	0.065890	0.042204	0.008755	0.235557	0.000327	0.213403	-0.223763	-0.128701	0.260694	-0.019807	0.092413	0.235078	-0.063705	0.019848	0.019941
-0.028900	-0.353967	-0.021658	0.001987	0.058643	0.111634	0.098820	0.213570	0.096947	-0.065608	0.218594	-0.106288	0.123767	-0.096186	-0.052554	-0.012887	0.087954	-0.169150	0.170581	-0.059454	-0.057824	-0.094636	-0.028784	0.089947	0.306537	0.042904	0.253944	-0.247184	0.089246	0.126759	-0.261266	-0.005361	0.060479	-0.050804	0.074782	0.177515	-0.134889	0.070951	0.012194	-0.056344	0.151003	-0.160397	-0.202861	0.171832	-0.043240	0.057915	0.305820	0.075442	0.042587	-0.050670
-0.266160	-0.005954	0.179986	-0.201012	0.085353	0.006853	-0.022143	0.248966	0.112975	0.020529	0.117229	-0.030121	0.057768	-0.242041	0.134946	0.109219	-0.005228	-0.011090	-0.090794	0.054104	0.197648	-0.233960	0.007133	-0.059276	0.173377	-0.184616	-0.057923	-0.353887	0.148453	0.093961	-0.175267	-0.075083	-0.076706	0.094456	-0.005856	0.228824	0.056319	-0.132117	0.070459	0.086358	0.173425	-0.270921	0.039073	0.024603	-0.120524	0.244396	0.129415	-0.009821	-0.025144	-0.019717
-0.057646	0.019594	0.200937	-0.122926	0.065376	-0.170463	0.060766	-0.110976	0.152591	-0.003825	0.274699	0.039660	0.117089	-0.133080	-0.061964	-0.074673	-0.000813	-0.189067	0.019255	-0.068268	-0.054458	-0.071698	-0.108424	0.225974	0.269028	-0.153664	-0.064813	-0.178744	0.054534	0.158002	-0.190137	-0.012406	0.193919	-0.127309	-0.112804	0.152198	-0.090984	-0.085622	0.117653	-0.088899	0.232486	-0.305234	0.082092	0.179017	-0.220061	-0.225603	0.016132	0.171251	0.004193	-0.014991
-0.103375	-0.010850	0.107172	-0.114064	0.035135	-0.256390	-0.044215	0.116075	-0.021036	0.033007	0.219269	-0.051061	0.057203	-0.250829	-0.005150	0.172422	-0.039135	-0.100736	0.139544	-0.306883	-0.025367	-0.093574	0.002215	0.164634	0.126877	0.022830	-0.195953	-0.147897	0.127144	0.176649	-0.172832	-0.111340	0.311350	-0.066901	-0.148605	0.122438	-0.121159	-0.024955	0.070243	-0.086440	0.125834	-0.254137	0.059319	0.140091	-0.338966	-0.024587	-0.078213	0.105884	0.030786	-0.047253
0.014505	-0.018937	0.193782	-0.210023	0.201043	-0.054934	0.158920	0.152089	0.132486	0.066456	-0.077260	-0.071421	-0.001096	-0.140382	-0.102528	0.022943	-0.144521	-0.119966	0.111727	-0.057100	0.220033	0.013570	-0.163223	0.021642	0.072549	-0.211479	0.017107	-0.035729	-0.023152	0.187886	-0.283426	-0.083364	0.127408	-0.119387	-0.135751	0.141201	-0.142953	0.109387	0.091722	-0.047443	0.050899	-0.264356	0.236797	0.285141	-0.255124	-0.056770	0.073744	0.241506	0.078006	0.028776
-0.075832	0.121083	0.133065	-0.202988	0.081029	-0.256062	0.074648	-0.004893	0.162838	-0.027778	0.167252	-0.009045	0.157833	-0.072628	-0.096561	-0.028014	0.006340	-0.112301	0.120612	-0.097455	-0.085144	-0.146754	-0.223112	0.186813	0.165857	0.019280	-0.052643	-0.232115	-0.035450	0.078535	-0.181801	0.025870	0.099590	-0.034689	-0.142654	0.127423	0.080526	-0.288028	0.119782	-0.002930	0.103737	-0.254928	0.076989	0.265507	-0.283654	-0.117187	0.092318	0.228630	-0.035582	0.107437
-0.027940	-0.365928	0.076572	0.011704	0.110417	-0.230664	0.195828	0.157356	-0.078452	-0.115627	0.107422	0.071950	-0.214424	0.150486	0.143727	0.032189	0.006242	-0.114012	0.066759	0.032837	0.245839	-0.076696	-0.193159	0.120117	0.126491	-0.031192	0.041352	-0.092740	-0.180015	0.038370	-0.148975	0.006199	-0.055956	0.075084	-0.195913	0.278763	0.074590	-0.162583	-0.097467	-0.183050	0.065735	-0.248203	-0.036156	0.139534	-0.185131	0.117032	0.059085	0.060152	0.010426	0.206090
-0.113373	-0.137829	0.167920	0.026637	0.254321	0.031099	0.140139	0.123968	-0.066864	0.153883	-0.002408	0.035947	0.083703	0.072238	-0.028122	-0.107708	0.142645	0.069142	0.032055	0.146857	0.221982	0.005262	-0.044395	-0.271609	0.239601	0.102769	0.019215	-0.100603	0.011637	0.287258	0.024095	-0.268013	0.190887	-0.031724	-0.196931	0.126669	-0.018693	-0.189735	0.016075	0.102253	-0.004266	-0.047726	-0.253921	0.238432	-0.185215	0.149815	-0.012965	-0.118424	0.202890	-0.056300
-0.212649	-0.166279	0.229660	0.022468	0.098809	0.042112	0.140181	0.092100	0.153314	-0.089449	-0.001673	0.071428	0.050136	0.014407	-0.134446	-0.024432	0.138465	0.022971	0.195162	0.032900	0.015155	-0.113537	-0.066607	0.071025	0.254274	0.167975	-0.027287	-0.056207	-0.070555	0.335133	-0.097885	0.116757	0.196160	-0.188526	-0.196731	0.024706	-0.081753	0.116267	-0.014619	0.146626	-0.011338	-0.265758	-0.016508	0.096126	-0.192940	-0.024061	-0.135136	0.111570	0.195778	-0.339256
0.075560	-0.008058	0.165697	-0.108841	-0.086583	-0.190753	-0.055112	0.343553	-0.002204	0.087588	0.101715	0.009899	0.034337	-0.069471	-0.145491	0.219079	0.074384	0.110652	-0.023817	0.113947	0.184865	-0.275517	-0.119770	-0.060272	0.059655	0.337972	0.124886	-0.078787	-0.276946	0.205291	-0.126450	-0.058484	0.052169	-0.010423	-0.022688	-0.010979	0.118521	-0.039660	0.054549	-0.039230	-0.019640	-0.165995	-0.084535	0.003802	-0.201568	0.185564	0.213549	0.141296	0.147039	-0.196218
-0.051674	0.015974	0.018915	-0.046115	-0.322889	-0.085767	0.244658	0.172209	0.103811	-0.045049	0.098448	0.131159	0.038443	0.087579	0.090878	0.067602	0.072228	0.099500	-0.246385	0.104165	0.264509	-0.005670	-0.080940	-0.288516	0.023712	0.031752	0.179767	0.047973	-0.183545	0.104451	-0.109017	0.098820	0.026718	-0.143155	-0.309727	0.066822	0.055331	-0.097876	0.183465	-0.136435	0.111368	-0.111027	-0.116454	0.296801	-0.050686	0.069494	0.028408	0.119518	0.146419	-0.161422
-0.047969	-0.125992	0.149570	0.158688	-0.098024	-0.156885	0.095910	0.149100	0.051704	-0.083098	0.255497	-0.077771	-0.000814	-0.120372	-0.069867	0.011991	0.309470	0.301527	-0.132643	-0.072417	0.150711	-0.226545	0.053938	-0.201851	0.095488	-0.010930	-0.005917	0.059080	-0.005181	0.126515	-0.188129	0.170549	0.247015	-0.086889	-0.008451	0.040069	-0.138927	-0.081005	0.190752	-0.156761	-0.049550	-0.042932	0.063907	-0.002656	-0.278591	-0.016057	0.243461	0.116526	0.126180	-0.124925
-0.074691	0.004097	0.205676	0.077819	-0.095734	-0.138553	0.203869	0.149865	0.123341	0.124040	-0.051743	0.089173	0.469189	0.089004	-0.021875	-0.016002	0.156427	0.160813	0.062536	0.081974	0.089989	-0.134624	-0.112052	-0.207237	0.153126	-0.032856	0.168510	0.122689	0.111335	0.154148	-0.108778	0.070320	0.120240	-0.058081	-0.085213	0.133171	-0.048750	0.003986	0.313312	-0.280010	0.002674	-0.030334	-0.108309	0.162959	-0.058648	0.028961	0.047485	0.206138	0.071800	-0.069709
0.079041	-0.171585	0.177392	-0.044378	-0.069507	-0.163829	0.058012	0.286217	0.219526	0.053124	0.052532	-0.005347	0.010620	-0.019566	0.168857	0.043585	0.088721	0.042141	0.122908	0.038793	-0.007745	0.098077	-0.043691	-0.036846	0.221242	-0.147534	0.187888	-0.151603	-0.060079	-0.120716	-0.281595	0.053669	0.001945	0.204545	-0.328019	0.222000	-0.072622	-0.247054	0.011969	0.122259	-0.046081	-0.211516	-0.033768	0.105475	-0.059193	0.039760	-0.128128	0.250212	0.175362	-0.080839
-0.211573	-0.012044	0.023320	-0.059996	-0.172488	0.104610	-0.193187	-0.000199	-0.014866	0.284160	0.008209	0.031832	0.292604	-0.089301	0.028215	0.087230	0.006288	-0.109753	-0.025727	-0.071193	0.256664	0.042470	-0.121273	0.077977	0.249129	0.147466	0.204263	0.004163	-0.054425	0.077278	0.075068	0.001191	0.030707	-0.157816	-0.381545	-0.034409	-0.182435	0.046243	0.200931	0.071956	0.219483	-0.109884	-0.046901	0.255919	-0.002177	0.093052	0.030322	-0.120830	0.126650	-0.143994
-0.379100	-0.200040	-0.058464	0.222873	0.000460	-0.127926	0.046440	-0.016035	-0.019934	0.023582	0.006406	-0.015004	-0.083855	0.079842	0.064083	0.090870	-0.045351	0.159063	-0.169923	0.039365	0.260511	-0.070300	-0.202609	0.161489	0.065846	-0.019616	0.225198	-0.192812	0.062569	0.035829	-0.197302	0.225540	-0.000861	0.000042	-0.273344	0.160367	0.272689	0.046338	0.051870	-0.188006	0.210587	-0.109821	-0.059878	0.049676	-0.148956	0.064432	0.118606	0.027144	0.115691	-0.010778
-0.071063	-0.154952	0.132106	-0.069272	0.189169	0.044190	0.094583	0.146920	0.246810	0.195830	0.175284	0.259627	-0.003829	0.151350	-0.087148	0.039131	0.229576	0.220557	0.061737	-0.029940	0.122000	-0.225776	-0.195767	-0.039489	0.246203	0.177449	0.022696	-0.073847	-0.126467	0.091974	-0.135700	0.225807	0.087262	0.126488	-0.218070	-0.111302	-0.115552	-0.020080	0.138034	-0.079915	0.192130	-0.061725	0.048407	0.168925	0.043337	0.005914	0.061459	-0.150467	0.155157	-0.022096
-0.312827	0.077392	0.191342	0.093243	0.096995	0.172334	-0.040517	0.117185	-0.061901	0.149953	0.316525	-0.096003	0.100111	0.109197	-0.224519	0.090261	0.089692	0.139444	-0.004205	-0.083498	0.215298	0.132880	0.228884	0.022240	0.089877	0.270961	0.164193	-0.036231	-0.081069	0.052810	0.071401	-0.056419	-0.021522	-0.149888	-0.107857	0.223702	-0.042222	-0.104491	0.075961	-0.019921	0.020405	-0.316913	-0.107879	0.174577	-0.109135	-0.181853	0.027400	0.059661	0.074236	-0.010717
-0.021969	-0.088893	0.103972	0.136746	-0.177669	-0.212478	-0.093604	0.092458	0.040460	-0.049194	0.218814	0.005992	-0.146685	-0.019033	0.096947	0.037876	0.116898	-0.333597	0.087433	-0.115961	0.287285	0.012779	-0.119767	0.098453	0.012170	0.201362	0.013350	-0.148254	-0.057174	0.219919	-0.147466	-0.067583	0.140554	-0.156139	-0.289445	0.023327	0.229771	-0.167651	0.106609	-0.070881	0.079571	-0.028848	0.005442	0.008029	-0.055137	-0.158995	-0.138135	0.033255	0.005352	-0.329060
-0.121000	0.065536	0.244062	-0.173473	0.015880	-0.187174	-0.091970	0.114233	0.094907	-0.044172	0.109199	-0.009924	0.355339	-0.057825	-0.122448	0.073458	-0.189574	0.102164	0.093909	-0.064518	-0.007472	-0.097180	-0.056433	-0.185028	0.259667	0.123287	0.025156	-0.189544	0.062805	0.136806	-0.303098	0.075614	0.077555	0.036928	-0.360862	0.112273	-0.106154	-0.044944	0.147411	-0.068575	-0.146123	-0.174232	-0.041284	-0.014524	-0.073200	-0.012569	0.026480	-0.070534	-0.215288	-0.121777
-0.195014	-0.212463	0.092366	-0.208553	0.245786	-0.014910	-0.027608	0.072764	-0.121319	-0.032027	0.012599	-0.124674	0.277801	0.152318	0.113395	0.026881	0.076358	0.094452	0.022760	-0.044966	0.263762	0.043189	-0.244488	0.029161	0.003200	-0.065446	-0.058303	-0.212277	-0.054681	0.150011	-0.142302	0.147477	-0.064751	-0.166876	-0.135233	0.030455	-0.241634	-0.076331	0.132199	0.038308	-0.025434	0.083922	-0.040436	0.126747	-0.393610	-0.086367	-0.140708	-0.064526	0.179955	-0.067643
-0.181581	-0.042121	0.077625	-0.013535	0.028700	0.010421	-0.037027	0.173476	0.020968	-0.112771	0.135794	-0.106547	-0.001964	0.234723	-0.068428	0.143255	0.191653	-0.095943	0.156660	-0.123954	0.027343	-0.278855	0.206892	0.031957	0.226924	0.238606	0.126483	0.122285	0.232401	0.142428	-0.185821	0.103244	0.006538	0.010191	-0.083478	0.279917	0.007605	0.080906	0.111684	0.301589	0.014702	-0.158615	0.017587	0.100490	-0.152181	-0.053205	0.077772	-0.071550	0.260235	-0.013865
-0.273162	-0.043728	0.357644	0.176244	0.051139	-0.259654	0.110137	-0.021160	0.001653	-0.098942	0.100894	0.077356	0.076669	0.127876	-0.154655	0.040822	0.001648	-0.178459	0.092230	0.116315	0.276975	0.010693	-0.106766	-0.126588	0.204742	0.107806	0.132990	-0.172521	0.030078	0.103063	-0.240861	0.102853	-0.144398	-0.032026	-0.011144	0.174353	0.187905	-0.037906	-0.010925	0.240500	0.150159	-0.158435	0.074416	0.000011	-0.080407	-0.109244	0.196327	0.095725	-0.048499	-0.010727
-0.023819	-0.142992	0.091049	0.020909	0.025199	-0.116510	-0.017414	0.061228	-0.150684	-0.209141	0.175380	-0.176590	0.076297	0.068970	-0.159775	0.179400	-0.003925	-0.011327	-0.053778	-0.038358	0.329001	0.048429	0.116863	0.053029	0.155391	0.169600	0.077939	-0.062510	0.064713	-0.122612	-0.357950	0.164568	-0.070777	-0.106886	-0.168110	-0.161627	0.238841	-0.129673	0.311266	0.276799	-0.025199	-0.063557	0.011187	0.096937	-0.112443	-0.161403	0.072859	0.093566	-0.007353	-0.035220
-0.174465	-0.212497	0.167258	0.071670	0.161780	-0.168332	-0.162416	-0.049171	-0.016080	0.028284	0.205400	-0.283684	0.178322	0.111765	-0.090463	0.091754	0.008546	0.038150	0.017843	-0.104806	0.341443	0.062715	0.072366	-0.069895	0.063331	0.242677	-0.025999	-0.165196	-0.052157	0.081496	-0.282230	-0.012913	-0.098132	-0.092663	-0.072176	-0.141304	-0.018764	-0.020966	0.225789	0.112778	-0.055847	0.118532	0.000323	0.198731	-0.291998	-0.001409	-0.172363	-0.064053	0.065089	-0.109510
-0.021052	-0.046248	0.306494	0.149602	-0.011941	0.078468	-0.045761	-0.010783	-0.022250	0.033348	0.224662	0.059315	0.066607	0.118635	0.098882	0.072947	-0.109324	-0.061788	0.093771	0.104953	0.313273	0.068731	-0.049725	0.062794	0.066979	0.079516	0.109951	-0.254395	-0.065900	0.193977	-0.234823	0.404156	-0.018946	-0.151780	-0.142204	0.092906	0.146384	0.054795	0.153695	-0.028545	0.117684	-0.189820	-0.070105	0.059436	0.024984	-0.083355	0.104248	-0.181040	0.273081	-0.072249
-0.219255	-0.103210	-0.114474	-0.060432	-0.213452	-0.084873	-0.152025	0.203194	-0.119628	0.058908	0.121171	-0.217113	0.029558	0.183728	-0.070290	0.053679	0.036915	-0.164907	0.019717	0.054826	0.288931	-0.143189	-0.054042	-0.044855	0.061737	0.010741	0.335880	-0.133709	0.058421	0.221295	-0.185162	-0.029249	-0.122721	0.050455	-0.242670	-0.035650	-0.076500	0.082148	0.216445	-0.032476	0.108554	-0.167319	0.019925	-0.027574	-0.255386	0.156660	0.074473	-0.179519	-0.058496	0.110095
-0.354360	-0.012811	0.146878	-0.078450	-0.058678	-0.134974	0.055979	0.111601	0.050836	-0.118899	0.246121	0.076439	0.228709	0.126587	-0.135261	0.183967	-0.120871	-0.061887	-0.121540	-0.211119	0.201651	0.083624	-0.192802	0.135513	0.100193	0.119366	-0.009615	-0.137435	0.084991	0.086029	-0.295927	-0.007498	0.018580	-0.184227	-0.092848	0.048153	0.026239	-0.075694	0.214808	-0.006121	-0.051254	-0.110800	-0.050281	-0.041525	-0.043773	-0.178915	0.179904	0.169991	0.230430	-0.117955
-0.156421	-0.110212	0.306865	-0.032444	0.001024	-0.031727	0.057085	0.161830	0.033503	-0.270729	0.140639	-0.071746	0.087515	0.176512	-0.096706	-0.022204	0.145692	-0.121359	0.206292	0.082296	0.080791	-0.133144	-0.148226	0.191249	0.082023	0.234566	-0.017801	0.032703	-0.015791	0.216528	-0.345301	0.120506	0.117821	-0.094473	-0.241392	-0.017968	0.063162	-0.053875	0.155520	0.049131	-0.023429	-0.081470	0.057171	0.254496	-0.018580	-0.142738	0.139012	-0.103303	0.042220	-0.187049
-0.126508	-0.144484	0.090208	0.074861	-0.043726	-0.005995	0.120514	0.107328	-0.033085	0.217188	-0.049587	-0.104375	0.043142	0.104255	-0.034169	0.161769	0.094002	-0.121100	-0.213689	0.017009	0.259878	-0.094367	-0.137077	-0.116115	-0.034714	0.097327	0.251916	-0.193160	0.027384	0.209979	-0.130018	0.066720	-0.224771	-0.016627	-0.113756	0.307414	-0.155371	-0.142002	0.235881	-0.140219	0.165620	-0.024146	-0.331522	0.057723	-0.170573	0.011830	-0.004961	0.121745	0.025811	0.006190
-0.100560	-0.239450	0.072340	0.196690	-0.013939	-0.114491	0.177909	0.101485	0.096885	0.049308	0.082524	-0.147863	0.257779	0.013234	0.107612	0.082142	0.063256	0.141039	-0.056796	-0.222308	0.380363	0.143548	-0.087689	-0.065645	0.131003	0.167917	-0.088955	0.091047	0.028134	0.197602	-0.206655	0.107944	-0.052471	-0.288570	-0.081714	-0.165340	0.086005	-0.041227	0.141835	0.012686	-0.054110	0.096934	-0.134289	0.263745	-0.142681	-0.032832	-0.108524	-0.018379	0.117449	0.040957
-0.213921	0.086088	0.048951	0.019373	0.072991	-0.093989	-0.040241	0.159297	0.142390	0.125115	0.161624	-0.029078	0.170401	0.089343	0.048239	0.004599	-0.068641	-0.006003	-0.028507	-0.219448	0.326879	-0.025042	-0.016561	-0.106809	0.273802	0.275119	-0.164886	0.063588	-0.181108	0.065226	-0.278707	0.066936	-0.214261	-0.183294	-0.122622	-0.001013	0.009120	0.070893	0.115656	0.034716	0.009349	-0.002857	-0.138217	0.360005	-0.098281	-0.053944	-0.157511	-0.160576	-0.010166	0.018841
-0.117397	0.014811	0.166198	0.132952	0.052190	0.072306	-0.067076	-0.170455	0.189344	-0.094169	0.101235	-0.154609	-0.029916	-0.065696	0.022348	-0.137489	-0.053243	-0.031486	-0.099438	-0.163456	0.277824	-0.053804	-0.096030	-0.168963	0.379594	0.195786	-0.047488	-0.214227	0.011196	0.124295	-0.170840	-0.003279	0.052060	-0.261097	-0.171395	0.075704	0.080840	0.072981	0.145721	-0.146058	0.052258	-0.107889	0.075523	0.295149	-0.235024	0.077459	-0.140556	0.028855	0.006282	-0.112306
-0.229920	-0.282368	0.188533	-0.253111	-0.006031	-0.061570	-0.027949	0.236990	0.167232	0.155099	0.071445	-0.031307	0.243048	0.118604	-0.023605	0.045409	0.134737	-0.184686	0.037631	-0.029456	0.162813	-0.123709	0.251441	0.043334	-0.090397	-0.068351	0.036138	0.016888	0.121881	0.061242	-0.133726	-0.010978	-0.147517	0.024769	-0.170545	0.134652	0.155316	-0.139194	0.133452	0.170980	0.215144	-0.229252	0.082828	0.184632	-0.000917	-0.171455	-0.001526	0.168564	-0.024045	-0.048337
-0.201062	0.001876	-0.130357	0.281205	0.018545	0.049164	0.074730	0.048833	0.243792	0.116586	0.067662	0.030458	0.029712	0.098487	0.272495	-0.017821	0.080895	0.056903	-0.028981	-0.237199	0.331403	-0.104874	-0.264709	-0.013850	-0.111013	-0.065028	-0.106993	-0.116126	-0.060965	0.087260	-0.343696	0.041637	-0.064949	-0.117427	-0.118221	0.065072	-0.044625	-0.060840	0.224531	0.094231	-0.017652	-0.137599	-0.020994	0.144137	-0.266975	-0.005376	0.148631	0.051935	0.017657	-0.142700
-0.267075	0.129438	0.292177	-0.036324	-0.032454	0.047510	0.089341	-0.091915	0.066527	-0.069045	0.078161	0.037718	0.033287	0.126340	0.146529	0.090652	-0.015337	-0.014385	0.007353	-0.044937	0.151103	-0.086155	-0.180864	-0.035861	0.113885	0.149043	0.063117	-0.036762	-0.028748	0.069535	-0.465733	0.077417	-0.041184	-0.131967	-0.138561	-0.040527	-0.012267	-0.112051	0.260875	0.166582	0.005482	-0.203667	-0.106282	0.098221	-0.191937	-0.149902	0.333961	-0.030492	0.082279	-0.129225
-0.326314	-0.137551	-0.035457	-0.039865	0.027709	-0.110084	0.120969	0.132887	0.136761	-0.132849	0.275360	-0.056305	-0.030206	-0.022537	-0.074389	0.227479	-0.089251	-0.042811	-0.003385	-0.044915	0.084003	0.001512	-0.199941	0.161467	0.135218	0.147940	0.028272	-0.112080	-0.013800	-0.008293	-0.387355	0.111370	-0.102434	-0.196660	-0.178600	-0.032438	-0.054998	-0.133303	0.300868	0.194513	0.078877	-0.046006	0.189587	0.013700	-0.169516	-0.080115	0.190495	0.056190	0.003758	-0.031672
0.000591	0.021506	0.085988	0.018879	0.047052	0.102286	0.040532	-0.077199	-0.070429	0.020829	0.245135	0.010158	0.182619	0.234588	0.057539	0.080814	0.108665	-0.098028	-0.027085	-0.171462	0.339340	0.066552	-0.051384	-0.138866	0.017058	0.008273	-0.136350	-0.114312	0.052218	0.154737	-0.466719	-0.190649	-0.063824	-0.153821	0.020186	0.113311	0.090304	-0.115831	0.080438	0.249434	0.036623	-0.124864	0.131068	0.109911	-0.273824	-0.115763	0.070838	0.099592	0.066650	-0.128791
-0.265158	-0.168421	-0.035123	0.026539	0.119430	-0.237767	0.101601	0.021504	0.181753	-0.006432	0.190410	-0.077373	0.174360	0.092821	-0.053439	0.238953	-0.018473	-0.003449	-0.064922	-0.150752	0.245952	0.207920	-0.077167	-0.204586	0.273020	0.014824	0.140792	-0.057362	-0.010571	0.075754	-0.375105	0.186541	0.021257	0.104058	0.038771	0.083947	-0.058712	-0.074697	0.128463	0.062676	-0.032414	-0.103271	-0.152806	-0.004701	-0.214881	-0.170659	0.143279	0.012085	-0.070310	0.013147
0.119427	-0.103071	0.203961	-0.045455	-0.060763	-0.056672	-0.092240	0.006897	0.073714	0.002308	0.345527	-0.071345	0.160573	0.097965	-0.114921	0.244303	-0.060692	0.161516	-0.041228	-0.179973	0.342753	0.050406	-0.180204	-0.025874	0.098412	0.029478	-0.000827	-0.052620	-0.099072	0.293103	-0.174790	0.137767	-0.073705	-0.217812	-0.088551	0.257025	-0.123452	-0.065782	0.176327	0.190894	0.073345	0.099448	-0.161457	0.047726	-0.091472	-0.100895	-0.077085	-0.028793	0.043835	-0.132149
-0.245661	0.021477	0.102012	-0.125762	-0.070038	-0.006528	0.001320	0.178656	0.020654	-0.067916	0.215128	-0.016897	-0.016213	-0.071245	0.009750	0.141854	-0.017363	-0.090477	-0.101839	-0.171331	-0.014721	0.182792	-0.295769	0.073825	0.089948	0.327599	0.006785	-0.196922	0.108853	0.004205	-0.307733	-0.001096	-0.060635	-0.217319	-0.259731	0.115928	-0.113411	-0.186659	0.220028	0.153549	0.012766	-0.023094	-0.143861	0.087011	-0.245557	0.035129	0.132482	-0.011144	0.052908	0.029909
-0.280357	-0.032255	-0.022002	-0.123878	-0.058608	-0.160927	-0.100066	0.145892	0.258545	-0.112642	-0.040634	-0.106689	-0.006987	0.029075	0.043330	-0.126741	-0.002432	0.130127	0.089755	0.060041	0.285931	-0.175669	0.031232	0.155519	0.106723	0.085794	-0.017309	-0.155198	0.019012	0.217892	-0.287640	-0.043494	0.088666	-0.112008	-0.106117	0.327992	-0.050649	0.166623	0.101756	-0.150297	0.079572	0.038736	0.136744	0.082360	-0.215636	-0.177201	-0.088255	0.195572	0.146702	0.096048
-0.339264	-0.090398	0.097218	-0.146473	0.015462	0.038289	0.108798	-0.020336	-0.042369	0.019358	0.157439	-0.038622	0.063256	0.129090	0.036451	0.210449	-0.074380	-0.045556	0.219203	0.049685	0.239531	0.072406	0.062694	-0.170338	0.152296	0.168104	0.037099	-0.291050	-0.159306	0.017285	-0.270235	0.111223	0.020361	-0.147478	-0.270166	-0.236442	-0.079857	-0.185145	0.176814	-0.069518	0.183549	-0.006156	-0.143066	-0.002504	-0.164754	-0.035272	-0.079612	0.046018	-0.118308	-0.044471
0.022199	-0.217905	-0.079806	0.164463	0.223643	-0.065814	0.075523	-0.059285	-0.172121	0.172017	0.150250	0.127646	-0.019211	-0.052988	0.186346	0.005828	0.101687	0.077607	0.004318	-0.036882	0.141795	-0.068836	-0.037751	-0.086905	0.299729	-0.008399	0.214109	-0.167644	-0.100523	0.305105	-0.156800	-0.068694	0.235433	0.034957	-0.249830	-0.169171	0.084747	-0.076157	0.193639	-0.052938	0.188252	-0.176871	0.191381	0.064824	0.069015	0.068928	0.062690	-0.021901	0.134351	0.174968
0.001106	-0.118554	-0.095895	-0.103727	0.151587	0.015663	-0.227520	0.188282	0.184141	0.072692	0.116022	-0.138145	0.150515	0.120523	0.171810	-0.079834	0.005007	-0.097034	0.212765	0.027178	0.143911	-0.027773	0.164336	-0.021189	0.393816	0.045389	0.151029	-0.047440	-0.123438	-0.126172	-0.033011	-0.099428	0.034713	-0.079661	-0.237847	0.003302	0.056116	0.007378	0.247046	0.064708	0.275486	-0.261109	0.166656	0.089317	0.035389	0.016981	0.017508	0.137100	-0.045169	0.216677
-0.145562	0.019530	0.027359	-0.040517	-0.066916	-0.201778	0.181061	0.114136	0.214675	0.169994	-0.051598	-0.142143	0.038389	0.057772	0.109287	0.083709	0.181060	0.163265	0.055109	0.116370	0.272590	-0.049599	0.000523	-0.269784	0.320780	-0.020526	0.150218	-0.019485	0.068638	0.020811	-0.146360	-0.100760	0.016239	-0.093558	-0.045805	-0.083818	-0.024808	-0.049597	0.046099	-0.416284	0.023382	-0.020164	0.083242	0.204066	-0.158385	-0.139113	-0.067283	-0.054745	0.262253	0.089315
-0.163577	-0.165915	-0.118693	0.019098	-0.063070	-0.209785	0.167109	0.013835	0.116763	0.212105	-0.065099	0.017761	0.176067	0.014774	0.254184	0.048429	0.060183	0.086970	0.238656	0.096867	0.161934	-0.233554	0.080679	0.007750	0.179759	0.064029	0.105636	0.018324	0.215024	0.281269	-0.154901	0.295512	0.099235	-0.020078	-0.106159	-0.149490	0.023593	0.009732	0.172076	0.037026	0.297395	-0.093103	0.170598	-0.026782	-0.092838	-0.060759	0.124823	-0.055007	0.017830	0.103438
-0.029744	-0.318316	-0.090476	-0.081345	0.194549	-0.147142	-0.014727	0.265510	-0.031419	0.028578	-0.080866	0.071510	-0.049276	0.147741	-0.207087	0.128009	0.013839	0.137046	-0.123095	-0.047797	0.263920	0.032333	0.019087	-0.011379	0.198616	-0.056753	0.137581	-0.053328	-0.122089	0.075938	0.019646	0.021739	-0.052567	-0.026015	-0.311026	-0.176399	-0.093502	0.005123	-0.010988	-0.045174	-0.230916	-0.162068	-0.061472	0.389892	-0.234404	-0.114264	-0.018275	0.119849	-0.042459	0.010320
0.066501	-0.009431	0.034743	-0.067693	0.174811	-0.357608	0.077423	0.126663	0.210188	0.123241	0.139884	-0.110078	0.126843	0.108025	0.160134	-0.103941	0.126603	0.125383	0.038353	-0.090901	0.255112	-0.108795	0.210317	0.124191	0.265651	0.156007	0.039618	-0.060032	0.051798	0.037682	0.103850	0.185370	-0.047780	-0.063694	-0.181026	0.316481	-0.003581	0.036851	0.153567	0.198094	0.106737	0.000022	0.180806	-0.025812	-0.132081	0.006349	0.166160	0.165405	0.020176	0.074131
-0.149208	-0.071734	0.196881	0.051890	-0.035712	-0.083767	-0.130171	0.037256	-0.027739	0.175704	0.170871	-0.142465	0.235390	0.097697	0.079560	0.165701	0.084866	0.098547	-0.175753	-0.210847	0.112745	-0.002280	-0.217283	0.081492	0.176535	0.075396	-0.147421	0.010243	0.269652	0.083876	-0.357384	-0.140727	-0.111945	0.083503	-0.017543	0.040392	-0.079311	0.011123	0.008378	0.155170	-0.052513	-0.084913	0.101032	0.234408	-0.297719	-0.226119	0.095507	-0.004787	0.024641	0.056578
0.022415	-0.235320	0.011005	-0.042614	0.295154	-0.028270	0.036878	0.167168	0.003637	0.013119	-0.247483	-0.161154	0.045012	0.095023	0.232606	0.248817	0.047965	-0.123729	0.130403	0.034522	0.092821	-0.032696	-0.143705	-0.144556	0.350484	0.044890	0.027276	0.065570	0.028989	0.160415	-0.116324	0.023011	-0.105182	0.075908	-0.043058	-0.012495	-0.049227	-0.102401	0.016543	-0.040709	0.005924	-0.296079	0.098280	-0.079842	-0.363478	-0.190810	0.026925	0.108939	0.171457	0.070695
-0.357350	-0.118381	0.113773	-0.185434	0.088075	-0.030767	-0.027834	-0.053408	0.032021	0.191602	-0.040261	-0.092016	0.109146	0.018216	0.284077	0.035703	0.191238	-0.173671	-0.069609	-0.068759	0.217663	-0.086094	0.205691	0.150569	0.186356	0.162982	-0.059918	0.061116	0.016945	0.199735	0.104155	0.172363	-0.036710	-0.306587	-0.110417	0.095610	0.112834	-0.013493	0.192704	-0.057672	0.179147	-0.153490	0.026276	0.152633	-0.057370	0.058772	0.216956	0.073816	-0.016676	0.043786
-0.109526	-0.012076	0.169864	0.161285	-0.002439	-0.243583	-0.064322	-0.091163	0.059619	-0.017796	0.177262	-0.058372	0.124531	0.034733	0.133540	0.179864	0.032531	0.007147	0.023135	0.016022	0.126131	-0.051549	-0.026135	0.027461	0.274956	0.003697	0.083701	-0.029651	-0.062302	0.402541	-0.239372	-0.036987	-0.088286	-0.189037	0.082724	-0.038030	-0.166291	-0.021884	0.064331	-0.067831	-0.156905	-0.146010	0.132846	0.201092	-0.274344	-0.131216	0.053013	-0.058241	0.282440	0.233331
-0.014794	0.093159	0.014790	0.008794	0.161518	-0.133574	-0.079534	0.049801	0.093505	0.222279	0.026234	-0.171491	0.164249	0.050153	0.125451	0.132390	0.277051	0.046773	-0.164686	-0.012802	0.060375	-0.031748	-0.040265	-0.022272	-0.024914	-0.112936	0.029764	0.107266	0.044013	0.095756	-0.263966	-0.024161	0.097441	-0.297043	-0.092813	0.275923	-0.052481	-0.011054	-0.007763	0.173172	-0.019590	-0.202986	0.102128	0.164749	-0.303167	-0.268711	0.267211	-0.152332	0.111393	0.035138
-0.022495	-0.104304	0.128842	-0.023319	-0.029951	-0.027648	-0.197263	-0.029488	0.224498	0.273791	-0.171063	-0.041018	0.252996	-0.163692	0.097466	0.102719	0.138675	-0.140735	0.112994	0.087291	0.242980	-0.173265	-0.001709	0.200484	-0.010585	0.133524	-0.040100	-0.128140	-0.056326	0.099935	-0.214554	-0.047059	0.088830	0.131902	-0.170235	-0.036708	-0.072351	-0.072827	0.143559	0.148891	0.060101	-0.166023	-0.126685	0.178319	-0.205949	-0.256159	0.222564	0.066984	0.163225	-0.012627
0.000097	-0.043636	-0.065958	-0.040722	-0.068392	0.114658	0.059838	0.282605	0.085603	0.181147	0.102833	-0.092558	0.016232	-0.149578	-0.182935	-0.070352	-0.015078	-0.098049	0.045600	-0.070094	0.127975	-0.124232	0.127881	-0.099548	0.106311	-0.168276	0.247564	-0.003559	0.091373	0.141629	-0.331173	-0.126497	0.151802	0.008167	-0.294706	0.228235	0.000293	0.008415	0.319452	0.137468	-0.112422	-0.052900	0.041025	0.079362	-0.076155	0.050547	0.180115	0.053438	-0.142920	-0.264578
0.083641	-0.318550	0.011883	-0.115704	-0.184913	-0.035927	0.006144	0.252575	0.025670	-0.009640	0.226814	-0.185681	-0.032372	0.045317	-0.000386	-0.054374	-0.017179	0.140380	0.116291	-0.270873	0.246848	-0.128499	0.117687	-0.162423	0.078564	0.085974	-0.045925	-0.072940	0.014128	0.259584	0.137803	0.004949	0.105435	0.068706	-0.122122	0.179661	0.103255	-0.004357	0.129236	0.014496	-0.135264	-0.133215	-0.179062	0.294647	-0.284765	0.084572	-0.086783	0.026103	0.099721	-0.042935
-0.121880	-0.406724	0.143771	-0.252486	-0.113317	-0.131857	0.016928	0.043768	0.122702	-0.071355	0.189719	-0.154490	0.232241	0.035361	-0.150243	-0.062270	-0.058802	-0.050866	-0.041724	-0.260675	0.143249	-0.041679	0.103905	-0.092777	0.114009	-0.010585	0.106143	-0.112517	-0.151570	0.082955	-0.017034	-0.118590	0.118379	0.104877	-0.094501	-0.029312	0.033041	0.025143	0.290142	-0.196234	-0.099468	-0.274290	-0.098648	0.105976	-0.161277	0.106907	-0.000356	0.066579	0.187509	-0.015627
-0.119190	0.049723	0.197632	-0.073097	0.034177	-0.206899	-0.154933	0.202165	-0.015991	-0.006142	0.135021	0.155593	0.123183	0.120386	0.159983	0.034655	-0.014562	0.112818	-0.020211	0.098225	0.102586	-0.059643	-0.006837	-0.030886	0.006296	0.109588	0.245556	-0.074266	-0.163361	-0.049566	0.019079	0.099673	0.240341	-0.304191	-0.197478	0.035933	0.170819	-0.158621	0.161328	0.277236	0.113661	-0.125900	0.187984	0.147744	-0.285185	0.005239	0.025691	-0.192368	-0.037198	0.146074
-0.237807	-0.089593	0.099272	0.138072	-0.005531	-0.097042	-0.147610	0.141054	0.047760	0.195439	-0.135206	0.090198	0.206864	0.070227	0.058429	-0.086152	0.254194	0.099678	0.187971	-0.089510	0.168105	-0.099212	-0.233677	-0.042188	0.159773	-0.265498	-0.040345	-0.079756	0.104513	0.283783	-0.030561	-0.052279	-0.056534	-0.070161	-0.282128	0.018917	0.051997	-0.130259	0.078473	0.039772	-0.125574	-0.143210	-0.103189	-0.024600	-0.148303	0.121991	-0.120573	0.257488	0.037569	-0.190434
-0.037957	-0.194127	0.335779	0.011868	-0.013994	0.089248	0.064767	0.329769	0.089632	0.009079	0.292263	-0.097955	0.068482	0.066121	-0.051442	0.281148	-0.075522	0.234035	-0.151472	0.089162	-0.067416	0.076967	0.043639	-0.055423	0.156168	0.012205	0.037119	-0.020267	-0.052459	0.095269	-0.057541	-0.042972	0.086903	-0.185301	-0.274383	0.041032	-0.094662	-0.040804	0.141797	-0.119024	-0.059176	0.072878	0.201656	0.194353	-0.169108	0.251656	0.122234	0.117537	-0.085003	-0.062903
-0.134476	-0.207281	0.172805	-0.197708	-0.097653	-0.025376	-0.120161	0.187837	-0.026693	0.079491	-0.063926	-0.177520	0.165921	-0.116729	0.028443	0.017535	0.075239	0.072704	0.008243	0.185308	0.167696	-0.160802	-0.225607	0.049998	0.115354	0.005655	0.177832	0.103519	-0.080592	-0.069967	-0.152753	0.166386	0.358758	-0.154150	-0.177371	0.282399	0.004985	-0.037573	0.173855	-0.013732	0.166591	-0.110567	0.079603	0.252310	0.099508	0.090479	-0.017302	0.142065	0.071552	0.072000
-0.013976	-0.069946	0.205126	-0.040369	-0.177004	-0.001917	-0.080589	0.095063	-0.129802	0.071923	-0.038573	-0.046422	0.125611	0.142325	-0.049855	0.120072	0.012335	0.021995	-0.020258	0.059540	0.306723	-0.104122	0.329007	-0.095160	0.179135	0.002970	0.078755	-0.070844	-0.041563	-0.073289	-0.214591	-0.007930	-0.127455	-0.372413	-0.186784	0.176909	0.007305	-0.036579	-0.126237	0.184050	-0.065737	-0.099265	0.094502	0.102907	-0.203473	-0.106294	0.354270	0.055025	-0.045250	-0.114437
0.028937	-0.174788	0.156283	-0.045398	-0.018141	-0.063557	0.080950	0.257656	-0.167294	-0.069159	0.191859	-0.098931	0.231876	-0.026072	-0.073078	0.155795	0.067001	-0.103364	0.045233	0.119789	0.128506	-0.137179	-0.067307	0.028411	0.067011	-0.096739	0.018150	-0.141953	-0.069849	0.117674	-0.133871	0.187633	0.074195	-0.145948	-0.175198	-0.179625	0.100522	-0.037417	0.078743	-0.174300	-0.084977	-0.087303	-0.177233	0.113408	-0.208814	0.092601	0.375384	0.141095	0.015332	-0.335814
-0.181519	-0.070030	-0.208968	0.034592	-0.100374	-0.017404	-0.059644	0.195094	0.044288	0.037640	0.211178	-0.309493	0.147025	0.022380	0.207130	0.208854	0.058208	0.028478	-0.038226	-0.421430	0.118675	0.042486	0.011759	0.020446	0.038516	-0.097044	0.015072	0.027048	0.050765	0.049883	-0.247602	0.073266	-0.029364	-0.178809	-0.259439	0.171652	-0.033910	-0.052809	0.114011	0.028994	-0.068368	-0.067389	-0.039350	0.134918	-0.177133	-0.109928	-0.057387	0.083537	0.098636	-0.299603
0.021556	0.008142	0.222176	-0.081171	-0.070138	-0.034992	0.120507	0.086264	0.322717	0.002232	0.106831	0.104124	0.218627	-0.165620	0.248403	0.101801	-0.189346	-0.063265	0.163032	-0.198552	0.145431	0.140188	0.007526	0.134033	0.029673	0.190458	-0.062631	-0.236455	0.030723	-0.031426	-0.088067	-0.037356	0.022912	-0.280714	-0.244834	-0.023000	-0.052131	-0.003810	0.158617	-0.092198	0.071694	-0.106848	-0.109912	0.263120	-0.285760	0.001031	-0.006756	0.114427	0.007029	-0.007080
0.004311	0.128043	0.018969	0.066543	-0.144123	-0.164830	0.018452	0.144806	0.063421	-0.119218	0.047397	-0.186318	-0.101003	0.057942	-0.114056	-0.057728	-0.128117	0.143631	0.113644	-0.155134	0.099830	-0.058672	-0.067942	-0.214384	0.489763	0.260273	-0.048416	0.002968	0.102560	0.190775	-0.338926	0.143397	-0.189005	0.012061	-0.027960	0.172409	-0.012324	-0.011950	0.205312	0.015995	0.118861	-0.132586	0.101097	-0.009388	-0.116338	0.083237	-0.022973	0.103721	0.056269	-0.090126
-0.131589	-0.138161	0.115723	0.076748	0.104472	-0.126833	-0.076693	0.526625	-0.034274	-0.082294	-0.058827	0.067905	-0.026289	-0.045370	0.010230	0.019227	0.017845	-0.005514	0.006916	-0.028785	0.053374	-0.145418	0.064703	-0.128592	0.185261	-0.074645	0.053079	-0.105944	0.077743	0.110010	-0.299262	0.103755	0.064769	-0.239761	-0.123368	0.090903	0.081598	-0.122008	0.240238	0.213220	0.109219	0.174289	0.299864	0.058441	0.033340	0.032202	-0.073067	0.027148	0.204800	-0.028561
-0.049597	-0.002923	0.237692	-0.053720	0.232069	0.066055	-0.111273	0.227716	-0.053917	-0.017293	0.026824	0.022401	-0.121942	0.193641	0.102130	-0.001462	0.159255	-0.062074	-0.089676	0.027551	0.301878	-0.213024	-0.224147	-0.049938	0.376043	-0.124518	-0.042519	0.023099	-0.010845	-0.027674	0.085541	-0.107191	-0.010672	-0.033422	-0.154446	0.125435	0.132502	-0.183474	0.083998	0.133087	0.074615	0.069895	-0.010137	0.138027	-0.285499	0.121951	0.068328	0.185627	0.217400	-0.114349
0.083945	-0.058923	0.101540	-0.153570	0.055872	-0.019171	0.002831	0.217566	0.085032	-0.049636	-0.095477	-0.070846	-0.086495	0.161834	-0.023848	-0.100889	0.072400	0.071183	-0.089660	-0.090061	0.108463	0.013825	-0.150312	-0.276712	0.078140	0.012383	0.177791	0.004448	-0.077971	-0.044964	-0.250676	0.110915	-0.131325	-0.095463	-0.005441	0.299354	0.188698	-0.261707	0.129277	-0.007091	0.111617	-0.327338	0.120369	0.176865	-0.317295	0.077134	0.048892	-0.074093	0.246049	-0.022637
-0.227956	0.026691	-0.095160	0.142250	0.187517	0.040793	0.028564	0.114791	0.068387	0.026639	0.104740	-0.180932	-0.029478	-0.042545	-0.007377	0.000002	0.008410	0.128254	0.012656	0.116901	-0.165912	0.104228	-0.100200	-0.100565	0.430432	0.204300	-0.054418	-0.034085	0.203069	0.038181	-0.317855	0.055436	0.053366	-0.177314	-0.243085	-0.037108	-0.062272	-0.103589	0.111825	0.137188	0.197657	-0.174045	0.184209	0.011954	-0.203483	0.053873	-0.090296	0.198989	0.108746	-0.023582
-0.120899	0.144200	0.121561	0.086786	0.191208	0.087544	-0.092463	0.249774	0.077746	0.054194	0.016325	0.105208	-0.205001	0.100765	0.060973	0.013864	0.100055	0.064784	-0.011186	0.079495	0.188040	-0.088963	-0.025175	-0.062027	0.298972	0.024257	-0.106358	-0.152777	0.157867	-0.145241	-0.141821	-0.085964	-0.023029	-0.350131	-0.088393	0.164596	-0.024954	-0.096185	0.192991	-0.030346	0.193961	-0.151614	0.147985	0.311632	-0.150626	0.111131	0.099209	-0.131181	0.082340	-0.172056
-0.066509	0.072716	0.082192	0.078067	0.127035	0.125430	-0.178016	0.489297	0.224417	0.017597	0.050353	0.032741	-0.088342	-0.134789	0.060687	-0.009711	0.028977	0.171802	0.058583	0.005301	0.259434	0.002172	-0.074385	-0.144376	0.260544	0.120106	-0.063457	-0.013195	0.091147	0.169497	-0.215834	-0.013165	-0.041385	-0.151486	-0.066230	0.042856	0.121609	-0.140788	0.227842	-0.030246	0.117970	-0.206430	-0.081848	0.234655	0.085171	-0.006684	0.096993	-0.136700	-0.135715	0.046959
-0.208345	-0.133444	0.210925	0.047088	0.049850	-0.111319	-0.131005	0.292799	-0.055327	0.113395	-0.008319	-0.001270	-0.164475	0.102696	0.099655	-0.110627	-0.052414	0.187432	0.166211	0.174518	0.102504	-0.006911	-0.048119	-0.227823	0.249423	-0.140032	0.020497	-0.186414	0.050304	0.040265	-0.196595	-0.229165	0.196773	0.058120	-0.084818	0.000768	0.106813	-0.092838	0.277979	0.020443	0.176130	-0.141879	0.061017	0.046519	-0.176781	0.011348	-0.130316	0.147980	0.221358	-0.046875
-0.211408	0.038637	0.084106	-0.084884	0.059498	0.015561	-0.034859	0.189764	0.015015	0.022681	0.133936	0.026605	-0.148983	0.086502	0.140659	0.013536	-0.031733	0.175970	-0.004275	0.109748	0.190119	0.013802	-0.229485	0.070074	0.431575	0.057120	0.090536	-0.232227	0.154783	-0.073386	-0.043799	-0.145263	-0.126194	0.001728	-0.102369	-0.004037	-0.097479	-0.320478	0.272576	0.145036	0.111843	-0.106898	0.028926	0.174984	-0.094113	0.061303	0.091364	-0.044299	0.005064	-0.274285
-0.234161	-0.028281	0.143402	0.077278	0.061444	-0.110441	-0.028771	0.219065	0.061821	0.077770	0.080548	-0.102814	-0.015834	0.003101	-0.216213	-0.115373	0.005570	0.027238	-0.048889	-0.178180	0.078222	-0.067820	0.158010	-0.030652	0.308669	0.142092	0.152046	0.066480	0.123916	0.149436	-0.190109	0.107626	0.041080	0.064589	-0.278934	0.049540	0.171657	-0.052044	0.111334	-0.089576	0.082639	-0.096573	0.159700	0.064985	-0.102742	-0.027990	0.034616	-0.179039	0.411474	0.259510
-0.272783	-0.001836	0.099061	-0.074950	-0.148822	0.001575	-0.173648	0.203176	0.123180	0.002166	-0.011765	0.027708	0.061222	-0.136806	0.130982	0.005612	0.079377	-0.002028	-0.046589	0.073415	0.007992	-0.184791	0.088239	-0.133025	0.099485	-0.001357	-0.120433	-0.030584	-0.124279	0.289898	-0.046473	0.044412	0.211882	-0.150631	-0.077264	0.263361	-0.204664	0.038500	-0.080946	-0.123199	0.080917	-0.246100	0.023044	0.444509	-0.169560	0.154876	-0.032672	0.103574	0.136182	-0.044696
0.019713	-0.036795	0.197550	0.109163	-0.068504	0.111693	-0.059436	0.072134	0.002661	0.016548	-0.027389	0.143813	-0.052476	-0.008318	-0.022905	0.202034	0.052961	0.013605	-0.029018	0.164245	0.023551	-0.108805	-0.303514	-0.113071	0.266448	0.056784	-0.184498	-0.168796	-0.196848	-0.041612	-0.354618	-0.030736	0.102661	0.033121	-0.230903	0.186946	0.107993	-0.052323	0.052330	-0.076117	0.035544	-0.353680	-0.081172	0.222784	-0.206470	0.131535	0.042221	-0.044905	0.038533	0.181303
-0.062097	-0.001821	0.050611	0.032327	-0.116979	-0.067635	0.122405	0.090791	0.060059	-0.018661	0.162442	-0.030940	-0.079262	-0.020483	-0.000513	-0.018419	-0.001117	0.132048	-0.172032	-0.134180	0.066181	-0.142839	0.037168	0.021621	0.159765	-0.211460	-0.157857	-0.218636	0.118830	0.427985	-0.224854	-0.069719	-0.041050	-0.268201	-0.205662	-0.087224	-0.228156	0.137133	0.118606	0.032055	0.153260	-0.106637	-0.205277	0.233081	-0.217313	-0.136590	0.093536	0.089432	-0.036327	-0.024798
0.006593	0.082862	0.119222	0.017070	0.089150	-0.110380	-0.167047	0.137765	0.056174	0.122047	0.124896	-0.041650	0.022585	-0.057383	-0.175901	0.231802	0.261958	0.070276	-0.020202	-0.025950	0.027707	-0.056367	0.126248	-0.153744	0.159698	-0.030246	-0.002683	0.057717	-0.010935	0.256018	-0.183454	-0.085649	0.274448	-0.340495	-0.143379	0.181124	0.078052	-0.052259	-0.137884	-0.031464	-0.127252	-0.255965	0.024967	0.145761	-0.088241	-0.147927	0.296584	0.192757	0.033689	-0.013578
-0.163374	-0.137075	0.133270	0.231148	-0.044393	-0.069510	0.086575	0.151291	0.038562	0.051813	-0.016899	-0.193813	0.043197	0.025274	0.087688	0.207998	0.104673	0.000976	-0.077042	-0.060594	0.152158	-0.087558	-0.030608	-0.193987	0.123230	0.182921	-0.365736	-0.064304	0.050027	0.391536	-0.324692	0.053724	-0.023387	-0.059394	-0.139269	0.011927	-0.028227	-0.183896	0.040910	-0.085244	0.046557	0.005182	-0.117551	0.293738	0.019396	0.167001	-0.007872	0.036476	-0.022374	-0.102156
0.023642	0.008247	0.218008	0.051256	-0.120385	0.007507	-0.125529	0.287557	-0.116878	-0.003457	0.184285	-0.086632	-0.012505	0.080875	0.037275	0.033597	0.036030	0.115335	-0.011490	-0.159470	-0.023887	-0.136531	0.041265	-0.124939	0.146866	-0.053642	-0.271955	0.083888	-0.129540	0.239458	-0.374174	0.090894	0.035458	-0.331267	-0.068887	0.171495	-0.024896	-0.076857	0.183386	-0.104122	-0.020708	-0.236373	-0.035770	0.006803	-0.198093	0.059032	0.184637	0.128881	-0.087175	-0.112013
0.132655	-0.145479	0.168634	-0.022213	-0.078689	-0.041344	-0.101338	0.043723	0.177609	-0.092722	0.053890	-0.133939	0.196526	0.099901	0.011140	0.041132	0.059273	-0.058138	-0.088416	-0.109478	0.186975	-0.044692	0.104696	-0.116543	0.156199	0.036788	-0.118343	-0.144642	0.006090	0.464024	-0.301888	-0.049589	0.133779	-0.057962	-0.176010	0.191290	-0.065609	-0.059761	0.179412	-0.079043	-0.026633	-0.148262	-0.223027	0.183828	0.016449	0.227352	0.065560	-0.021637	-0.110163	-0.181019
-0.095833	-0.088793	0.062968	-0.011082	-0.003108	0.046028	-0.027068	0.169410	-0.029967	0.040389	0.230326	-0.143923	0.016194	-0.062677	0.090801	0.286692	-0.083034	0.158453	0.096871	-0.006396	0.111821	-0.204150	-0.124087	-0.171295	0.008106	-0.030817	0.166125	-0.235954	-0.112307	0.283871	-0.156843	-0.008822	0.224107	-0.178208	-0.206450	0.033361	0.016531	0.002223	0.179601	-0.216460	0.244804	-0.148346	-0.176581	0.181055	-0.038390	0.240970	-0.103979	0.051838	0.008582	0.098681
0.010191	-0.080542	0.139689	-0.052208	0.046973	-0.106163	-0.120511	0.116432	-0.089884	-0.049302	0.216692	0.023170	-0.064896	0.141769	-0.076556	0.101865	0.037715	-0.059748	-0.077802	0.134306	0.124109	-0.070841	0.198152	-0.155764	0.113972	-0.165065	-0.093713	-0.120754	0.065447	0.343919	-0.332199	-0.069150	0.156070	-0.054288	-0.157086	0.200483	-0.141411	-0.085151	0.090970	-0.129734	0.050514	-0.111568	-0.093743	0.381056	-0.216774	0.072742	0.211577	0.017300	0.066626	-0.037763
0.043095	-0.126244	0.212050	0.048447	0.202502	-0.035648	-0.012006	0.117097	0.165025	0.083228	0.189422	-0.045726	0.084302	0.006789	0.058613	0.096477	0.036577	0.223608	0.033223	-0.135388	-0.075885	-0.244528	-0.101393	0.066788	0.030336	-0.138323	-0.063289	-0.086875	-0.026228	0.241691	-0.233802	-0.007573	-0.025020	-0.194134	-0.156575	0.114769	-0.124282	-0.128473	0.168700	-0.147664	0.013634	-0.289240	0.137152	0.104302	-0.296586	0.276435	0.106230	0.180292	0.093412	-0.039844
0.101731	-0.031055	0.193385	0.035385	-0.139335	-0.122280	-0.073460	0.156167	0.051986	0.077688	0.267057	0.040569	0.179810	-0.005718	-0.034675	0.012294	0.107873	-0.128938	0.045874	-0.108315	-0.054349	-0.157133	-0.176679	0.116479	0.100479	0.132393	-0.115666	-0.195740	0.147507	0.232334	-0.326254	0.122053	0.219440	-0.101245	-0.198232	0.082054	-0.053361	-0.198134	0.108794	-0.069291	-0.085403	-0.113192	-0.245590	0.127214	-0.304450	0.060858	0.100827	0.090576	0.054062	-0.045622
0.207654	-0.139557	0.044919	0.043393	0.168026	-0.082057	-0.026218	0.185216	-0.053240	0.152033	0.291094	-0.243681	0.060421	-0.109911	-0.029563	0.364572	0.085776	-0.067101	0.045191	0.147123	-0.091548	-0.089000	-0.117750	-0.027666	0.358229	0.044718	-0.123348	-0.162957	0.068928	0.102897	-0.085519	0.021599	0.062796	-0.130180	0.045872	0.118463	0.122375	-0.115180	0.084276	0.099217	0.147913	-0.162608	0.048493	0.373286	0.006379	-0.008399	-0.085779	0.013591	0.036011	-0.032931
-0.082884	-0.078733	0.147962	0.174882	0.125371	-0.215053	-0.175869	0.048802	-0.113471	0.036685	0.264143	-0.038159	0.114548	-0.111961	0.171727	0.107938	0.165327	-0.033738	0.131594	0.092156	-0.122089	-0.098422	0.056656	-0.059232	0.286060	-0.232494	-0.094243	-0.037007	-0.078474	0.030348	-0.375074	0.004727	0.025623	-0.166188	0.012778	0.061502	0.194093	-0.159536	0.215220	0.151228	0.171859	-0.182365	-0.059535	0.128067	-0.105116	-0.160624	0.028683	0.023374	0.030901	0.144833
0.045566	-0.038002	0.275401	0.174393	0.049508	-0.273272	0.067282	0.111407	0.012284	-0.086590	0.094141	-0.124368	0.010598	-0.084345	0.011861	0.181634	0.221448	-0.193719	0.158060	0.115088	-0.177327	-0.139414	0.041429	0.194355	0.181727	0.124511	0.021517	-0.122756	0.129197	0.141799	-0.204501	-0.062163	0.090413	-0.039940	0.042525	0.030390	0.094211	-0.154651	0.283177	0.034795	0.169701	-0.165063	-0.007671	0.177861	-0.217134	0.040903	0.228656	0.144810	0.153011	-0.046804
-0.083695	-0.259976	0.103598	-0.174944	-0.010630	-0.057525	-0.109734	0.178908	0.171138	0.078704	0.255334	-0.211515	0.152840	-0.007743	-0.084033	0.122539	-0.140508	0.076886	0.174130	-0.100609	-0.001201	-0.130845	0.127633	-0.031714	-0.018886	0.107417	0.032845	-0.118344	0.002784	0.233786	-0.062827	-0.135425	0.229903	-0.137573	-0.089972	-0.020727	0.052487	-0.022915	0.062653	-0.194669	0.120141	-0.289783	-0.174423	0.355559	-0.198894	0.041674	-0.036100	0.012437	0.130948	-0.026029
-0.063267	-0.322142	0.167670	-0.087276	-0.113468	-0.203698	-0.078132	0.157473	0.124641	-0.016107	0.269467	-0.236441	0.176797	-0.013114	-0.036710	0.016083	0.038101	0.001834	0.144509	-0.123630	0.031636	-0.084625	0.153942	-0.091907	0.175542	-0.001215	-0.022470	-0.113471	0.099590	0.143037	0.107553	-0.039441	0.143045	0.007112	-0.029481	0.099318	0.015816	0.007559	0.040258	-0.102710	0.113271	-0.225389	-0.263684	0.318963	-0.316835	0.133927	-0.066778	0.123906	0.081273	-0.069911
-0.097134	0.010168	0.187515	-0.024768	-0.060963	-0.199824	0.017111	0.050948	0.054396	0.075699	0.124132	-0.159484	0.090547	-0.169471	0.057209	0.017483	-0.047105	0.098451	-0.009566	0.277435	-0.087696	-0.274248	-0.027954	0.026458	0.176848	0.093517	0.160735	-0.054003	0.009327	0.088971	-0.184890	-0.077425	0.201226	-0.064793	0.025155	0.058807	0.144653	-0.083768	0.155327	0.112275	0.189450	-0.004727	-0.049651	0.257311	-0.342395	0.013393	0.120308	0.363773	0.182741	0.110240
0.011521	-0.052632	0.000862	0.184361	0.150115	-0.111314	0.182311	-0.022497	0.169659	-0.067956	-0.045328	-0.026747	-0.018809	0.163893	-0.130154	0.149408	0.142698	-0.043259	-0.029077	-0.109639	-0.014789	0.078797	0.196748	-0.003640	0.181482	0.117617	0.188827	-0.022974	0.001161	0.282144	-0.193564	0.045932	0.257277	-0.062355	-0.115898	0.301385	-0.082139	-0.089322	-0.058440	0.163149	0.196777	-0.227508	-0.040927	0.036924	-0.266962	0.016114	-0.043503	0.155054	0.177303	-0.260537
-0.191694	-0.189706	0.004633	-0.194053	0.082127	0.056104	0.226131	0.063178	0.198479	0.305130	0.130522	-0.119488	-0.035323	0.114670	0.084466	0.034624	-0.019100	0.009793	0.146802	-0.019305	-0.057547	0.096652	-0.061263	-0.178347	0.177341	0.165192	0.198773	-0.186247	0.076250	0.212116	-0.161276	0.080876	0.317761	-0.161303	-0.139184	-0.065376	0.095045	0.040172	0.085171	0.034207	0.153821	-0.091864	-0.023995	0.080582	-0.025010	0.147828	0.182872	0.103919	0.126286	-0.244105
-0.063152	0.074256	0.151386	-0.062607	-0.162330	-0.041530	0.039089	0.214879	0.053069	-0.044025	0.208413	-0.065262	-0.013160	-0.006366	0.118632	0.359745	-0.037178	-0.041255	0.116361	0.078813	0.248921	-0.169224	-0.094089	-0.135572	-0.025193	0.411740	-0.114859	-0.000165	-0.160494	0.189506	-0.166915	-0.015440	-0.031856	0.088428	-0.107467	0.285708	0.124740	0.007453	0.007193	-0.003627	-0.071265	-0.287034	-0.040273	0.156806	-0.149855	0.013355	0.039901	-0.003881	0.098048	-0.112745
-0.144123	0.018248	0.056254	-0.098826	-0.298769	-0.109679	0.192186	0.254914	0.167535	0.108718	0.340590	-0.084774	0.149492	0.073921	-0.029504	0.317161	0.144010	0.065019	0.030975	0.083208	0.098441	-0.220568	0.113540	-0.061255	-0.040882	0.052851	-0.074287	0.082625	-0.004999	0.105726	-0.132999	0.172524	0.142971	-0.264263	-0.223340	-0.111392	-0.174499	-0.004610	0.040221	-0.027579	0.058071	-0.020499	0.129718	0.150912	-0.164402	-0.081169	0.014050	0.078359	0.061887	-0.120475
-0.025940	-0.115098	0.074311	-0.129883	-0.146199	0.088258	0.095814	0.393040	-0.108372	0.135201	0.088333	0.073345	-0.045077	0.135221	0.024145	0.013265	0.206179	0.171487	0.017329	-0.039137	0.043345	0.123552	-0.097386	-0.028490	0.268089	0.052704	-0.074290	-0.101954	-0.120417	0.090495	-0.386442	0.134719	0.053733	-0.077279	-0.199388	0.130846	-0.052688	-0.114943	0.003307	-0.150118	0.222574	0.049118	0.173199	0.186412	0.096256	0.119135	-0.128776	0.228715	0.010486	-0.105938
0.001238	0.039512	-0.067223	0.048046	0.082153	0.034277	-0.042800	0.391987	-0.078966	0.080217	-0.193717	-0.083516	0.154460	0.042675	0.175764	0.249264	0.231871	0.012460	0.099902	-0.061430	0.285469	-0.050931	0.027044	-0.100748	0.268119	0.133906	0.061381	-0.104856	0.056197	0.118676	-0.274461	-0.193344	0.137303	-0.196811	-0.098717	0.170538	-0.058738	-0.091755	0.078937	0.034716	0.011159	-0.158823	0.210204	-0.010431	-0.127126	-0.041741	-0.110393	0.134600	-0.124130	-0.078546
0.046164	-0.023226	0.134137	-0.028869	-0.050246	0.009351	0.048811	0.254526	0.073185	0.107433	-0.060701	-0.072720	0.041771	-0.058182	-0.016801	0.158624	0.042291	0.022976	0.202291	0.038890	0.279260	-0.152913	0.109961	-0.084886	0.311967	-0.071394	-0.034919	-0.119787	-0.014394	0.356492	0.136110	0.109226	-0.038274	-0.206828	-0.157931	0.263900	-0.163819	-0.189623	-0.193138	-0.139449	0.161279	-0.150165	0.038533	0.004937	-0.004466	0.087032	0.111987	0.226031	0.174073	-0.034043
-0.008580	0.065087	0.084648	0.143643	0.195948	0.044770	-0.041440	0.100084	-0.104662	0.104423	0.216573	-0.153217	0.227248	0.331829	0.161377	0.056324	0.003062	-0.044594	-0.003895	-0.129437	-0.113607	-0.064562	-0.137167	-0.074263	0.195750	-0.012170	-0.057273	-0.173022	0.035378	0.405838	-0.229896	-0.069295	0.012751	-0.095053	-0.174830	0.149000	-0.013927	0.073619	0.052317	-0.049295	-0.001608	-0.235690	0.195277	0.129571	-0.176601	-0.072925	0.215552	-0.054846	-0.075085	0.047486
-0.069727	-0.118472	-0.033204	-0.157356	-0.016842	-0.258363	-0.076126	0.154758	-0.061947	-0.009883	-0.008650	0.080268	-0.044368	-0.021409	-0.054643	-0.046870	-0.191525	0.029167	-0.212523	-0.032068	0.314227	-0.054051	-0.138623	-0.166628	0.315765	-0.078608	0.007694	-0.086337	-0.028842	0.119772	-0.099630	-0.176206	-0.073954	-0.208339	-0.115613	-0.063575	-0.088895	-0.019780	0.273225	0.288976	-0.014172	0.045947	0.036128	0.287352	-0.175012	0.162638	0.065281	0.075817	0.175160	-0.147587
-0.361320	-0.339728	0.086679	-0.035192	0.006437	-0.120306	0.020914	0.034420	-0.047929	-0.097727	0.139289	-0.099021	0.102513	0.138925	-0.007605	-0.010611	0.041511	0.041692	0.097119	-0.013131	0.179996	0.176023	-0.188824	-0.103633	0.217489	-0.020372	-0.010921	0.027550	-0.164835	0.299586	-0.080220	0.161958	-0.098462	-0.200476	-0.140074	0.127782	0.030136	0.038257	-0.027955	-0.028465	0.198367	-0.065729	0.156776	0.073877	-0.073396	-0.101376	-0.160083	-0.081132	-0.092884	-0.342170
-0.115139	0.046656	-0.273281	-0.100334	0.154065	-0.228331	-0.199299	-0.089529	-0.036737	-0.207984	0.064003	-0.233301	0.254342	-0.059499	-0.000592	0.056159	0.074799	0.064138	-0.066346	-0.030006	0.271480	-0.118841	-0.046516	-0.074191	0.174732	-0.040873	0.141284	-0.069271	-0.049350	0.036431	-0.318022	0.071058	-0.065438	-0.259649	-0.149935	0.025854	0.142735	-0.135575	0.252568	0.043479	0.181801	-0.178642	-0.034704	-0.060848	-0.099305	-0.002354	0.099088	-0.029279	-0.001189	-0.185956
-0.185321	-0.106620	0.037282	-0.027180	-0.038078	-0.046078	-0.146926	0.306280	-0.061895	-0.174525	0.068450	-0.011790	0.230922	0.138623	-0.144974	0.021109	0.116284	-0.041055	0.213639	-0.063978	0.292198	0.042202	0.248655	-0.007128	0.354581	0.245061	-0.018122	-0.139013	-0.016176	0.015706	-0.097625	0.094123	-0.039367	-0.246216	-0.043870	0.151802	-0.171086	0.099725	0.027343	0.163364	0.015526	-0.162856	-0.157799	-0.023418	-0.124343	-0.126020	-0.105358	0.059252	-0.006653	-0.098775
-0.135410	-0.101692	0.104860	0.149722	-0.073113	0.136250	-0.030565	0.147152	-0.070718	0.162205	0.091527	-0.131173	-0.092037	0.307647	0.335286	0.129401	-0.134285	-0.151064	-0.046948	-0.063170	0.285390	0.068100	-0.017671	0.092579	0.257603	-0.056406	0.100556	0.027849	-0.189544	0.094159	-0.199871	0.125803	0.128340	-0.208388	-0.078883	0.083790	-0.064919	-0.029036	0.014891	-0.202161	-0.028058	-0.165088	-0.124293	-0.084661	-0.197136	-0.055707	0.001058	0.180910	0.016415	-0.185248
-0.196340	-0.204747	0.018240	0.036080	-0.004850	-0.068171	-0.000685	0.169954	-0.091492	0.070458	0.355519	-0.326059	-0.090437	0.183788	0.200637	0.185605	-0.012519	-0.077036	-0.054747	-0.089760	0.214198	-0.123500	0.052908	0.149728	0.049010	0.142502	0.275916	0.102888	-0.079548	0.033083	-0.083955	0.051463	0.090753	-0.300244	-0.026712	0.047902	-0.011624	0.005449	0.203979	0.109553	0.130425	-0.155297	-0.050251	0.150400	-0.117137	0.058343	-0.128283	-0.107530	0.073779	-0.139891
-0.098447	-0.190207	-0.064254	0.113166	-0.204423	0.086179	0.210531	0.029068	-0.125165	0.324629	0.130903	-0.226262	0.037920	0.152809	-0.114935	0.101425	0.011066	-0.036254	0.121990	-0.074682	0.284222	0.040801	-0.003431	-0.002673	0.265752	0.114957	0.211700	-0.093921	0.033366	-0.006466	-0.152153	0.077410	0.005900	-0.067336	-0.026273	0.013738	0.083999	-0.188074	0.175881	0.125539	0.257488	-0.141612	-0.136776	0.172083	-0.146797	0.021137	-0.104421	-0.055434	-0.133783	-0.223369
-0.060268	-0.251483	0.332080	-0.209102	-0.115278	-0.048933	-0.015116	-0.053677	-0.072245	0.044798	0.038413	-0.022527	0.062225	0.087559	0.084858	0.180723	0.026444	0.080840	0.179050	0.191521	0.233763	-0.026384	-0.141012	-0.035474	0.148298	0.271467	-0.062759	-0.082550	-0.047965	0.080866	-0.178134	0.036631	0.044935	-0.300605	-0.154769	-0.014446	-0.052128	-0.179346	0.111674	-0.027895	0.231724	-0.344530	-0.108258	-0.105506	0.038257	-0.096369	-0.068481	-0.058842	0.074055	-0.120829
-0.302725	-0.174801	0.240852	-0.137822	-0.146190	-0.117336	0.142819	-0.021290	0.100083	0.096693	-0.010100	-0.004347	-0.085204	0.111741	-0.144155	-0.008908	0.127479	-0.078600	0.224659	0.158728	0.416982	-0.085529	-0.106299	0.081782	0.082183	0.137068	0.045897	-0.209454	0.027561	0.052516	-0.358775	-0.142154	0.066547	-0.115507	-0.135213	-0.021802	0.178576	-0.108702	-0.026090	-0.013602	0.006626	-0.037833	0.149507	0.072684	-0.076920	0.120331	-0.003954	0.096953	-0.030792	-0.150031
-0.335719	-0.066880	0.213621	-0.038404	0.009797	-0.037549	0.076669	0.094511	0.166505	0.268659	0.039958	-0.098719	0.237385	0.009484	0.150151	0.103256	0.137853	0.064125	0.286925	0.210984	0.137248	-0.132424	0.119872	-0.082416	0.239583	0.032586	0.017873	0.081945	0.062697	0.096100	-0.010005	0.093081	-0.096876	-0.232337	-0.215263	0.167313	-0.124721	0.004194	0.220941	-0.042815	0.019947	-0.107797	-0.176078	0.080094	-0.027595	-0.026788	0.055145	-0.125963	0.155968	0.159745
-0.020372	-0.088147	0.101818	0.069004	0.018277	-0.041672	0.047048	0.188779	-0.108790	0.106402	0.234008	-0.121698	0.123405	0.282769	-0.026548	0.093391	0.010941	-0.256822	0.105504	-0.171456	0.278060	0.065280	-0.154254	0.016362	0.258728	-0.021764	-0.008205	0.046337	-0.062575	0.070847	-0.282169	-0.000917	0.081102	-0.057479	-0.226897	-0.006714	-0.000632	0.032900	-0.014957	-0.155409	0.097784	-0.089697	-0.219291	-0.020971	-0.175951	-0.212969	-0.333718	0.025627	0.136066	-0.095599
-0.111754	-0.108013	-0.053802	0.007003	0.108632	-0.097921	-0.108788	0.066327	0.045121	0.014196	0.201132	-0.175800	0.012413	-0.001311	-0.072602	0.220100	0.116591	-0.051125	0.071031	0.120130	0.116470	-0.176342	-0.071724	0.103406	0.281331	-0.092460	0.085131	-0.112579	-0.196647	-0.116553	-0.230884	0.008741	-0.117115	-0.118011	-0.244691	0.007663	0.084960	0.066791	0.154581	-0.191280	0.104223	-0.080231	-0.269095	-0.088824	-0.370790	-0.211447	0.020106	-0.004866	-0.069254	-0.231542
-0.153993	-0.291628	0.075543	0.086849	0.071968	-0.069566	0.196384	0.143828	0.023811	0.031355	0.200849	-0.092735	0.066627	0.262919	0.041402	0.170826	-0.079334	-0.130508	0.091050	-0.035718	0.322750	-0.056629	0.049034	-0.106897	0.291295	-0.013941	0.077254	-0.009667	0.063298	0.022203	0.064548	0.244715	0.143179	-0.132950	-0.189179	0.014072	0.220686	0.000435	0.134150	-0.146728	-0.021284	-0.109391	-0.182027	0.033781	-0.175572	-0.165305	-0.132404	0.092559	-0.194494	-0.094055
-0.016328	-0.005589	0.059061	0.130501	0.217918	-0.103115	0.117201	0.195995	-0.067470	0.050405	0.335857	-0.097619	-0.043959	0.227530	0.207934	0.247957	-0.061951	0.018961	0.218771	-0.049422	0.266860	0.124457	0.051427	-0.084724	0.147359	0.202534	0.180836	-0.026170	-0.104627	0.066610	-0.089114	-0.038850	0.054115	-0.075562	-0.082134	0.066243	-0.002622	0.141420	0.279707	-0.060888	0.133066	-0.124256	-0.058442	-0.015814	-0.235488	-0.020790	-0.042833	-0.099423	0.128979	-0.257507
-0.090568	0.010873	-0.090571	0.025255	0.340876	-0.322439	-0.078823	0.054187	-0.076879	-0.146228	0.016529	-0.093446	0.216373	-0.006979	-0.108329	0.064965	0.247837	0.040389	-0.071758	-0.266648	0.289812	-0.145085	-0.246480	-0.065986	0.080502	-0.130460	0.116218	-0.085311	0.000182	0.051341	-0.162914	-0.006770	0.089139	-0.233743	-0.125698	0.150011	0.030107	-0.090255	0.214077	0.079492	0.171848	-0.082553	-0.023187	0.030890	-0.103747	0.009376	0.076650	0.036158	0.000289	-0.231276
-0.242730	-0.012772	-0.046144	0.001647	0.096724	-0.272154	0.066311	-0.073686	-0.140265	0.005900	0.174633	-0.135687	0.052568	0.271011	0.114144	-0.078985	0.213215	-0.198230	-0.113247	0.057813	0.170941	-0.018109	0.101187	-0.190641	0.216361	0.103934	-0.022175	0.002214	-0.126332	0.033963	-0.222722	-0.183286	0.118501	-0.304531	-0.162588	0.154874	0.111587	-0.282889	0.147285	0.029336	-0.068472	-0.097404	-0.059141	-0.147314	-0.078154	0.010995	0.006647	0.060270	0.040411	-0.151055
-0.191086	-0.116691	0.049819	-0.232407	-0.064739	-0.021020	0.174725	-0.005434	-0.003779	-0.220437	0.169611	0.103035	0.096348	0.153389	0.085402	0.085020	0.200019	0.074859	-0.002914	-0.120030	0.279145	-0.042388	-0.005995	0.173930	0.088094	0.054472	-0.042657	-0.017887	0.128114	0.087737	-0.445101	-0.053460	-0.131224	0.156459	-0.147109	-0.112920	0.035127	-0.091067	0.254799	0.145665	-0.074718	0.072228	-0.200925	0.092238	-0.139418	-0.037437	0.140332	0.155611	0.079335	-0.111334
0.162047	-0.221282	0.022036	0.150251	0.017941	0.127126	0.160213	0.044996	0.125938	0.182047	0.010844	0.085115	0.194543	0.284329	0.242419	0.126553	-0.004384	-0.141484	0.090661	0.011707	0.307328	0.020431	-0.111702	-0.066917	0.312709	0.203436	-0.041324	-0.064667	0.060721	0.074750	-0.111506	0.064595	0.137093	0.109047	-0.096715	0.001843	0.057499	-0.120203	0.040080	-0.018686	-0.026683	-0.135170	0.044516	0.156528	-0.179396	-0.046753	-0.347132	0.167187	-0.090130	-0.019467
-0.117506	-0.177183	-0.053376	0.063437	0.142690	0.007252	-0.012245	0.261991	0.161707	0.206542	0.014270	-0.218389	0.215757	0.079697	-0.021975	-0.093233	0.084739	0.152305	0.016910	-0.072700	0.300202	0.156990	0.223896	0.049301	0.361681	-0.083278	-0.038850	0.116336	-0.022129	0.157385	0.024437	0.006280	0.094606	-0.174637	-0.071662	-0.036414	0.053608	0.106106	0.094538	0.080622	0.125435	-0.231882	-0.023133	0.085444	-0.188624	-0.259844	-0.071147	-0.160489	-0.096253	0.044460
0.192552	-0.123886	-0.000456	-0.022246	0.197734	-0.215462	0.243034	-0.000307	-0.122635	0.372590	0.050455	-0.153253	-0.033109	0.127574	0.001446	0.069918	0.013670	0.034025	0.068451	-0.142560	0.114572	0.157936	-0.134589	0.010025	0.341334	-0.085082	0.217399	0.044222	-0.093223	0.259607	-0.195036	-0.025768	-0.057203	-0.047668	-0.149169	-0.021885	-0.185463	0.076779	0.042903	-0.023525	-0.068243	-0.059826	-0.000196	0.180580	-0.201986	-0.161183	0.013826	-0.042414	0.055902	-0.215042
0.017715	-0.139270	0.065738	0.087920	0.092314	-0.153947	-0.013255	0.175871	0.329647	-0.105702	-0.034428	-0.176362	0.066691	0.295423	0.160197	0.101294	0.107641	0.047101	0.098831	0.041328	0.223239	-0.072862	0.112097	0.080866	0.197769	0.057237	0.183398	-0.156471	0.128974	0.156356	0.129153	0.130405	0.150637	-0.152897	-0.129354	-0.081584	-0.027739	0.200053	0.241327	0.095993	0.130688	-0.016207	-0.180135	0.182293	-0.128062	-0.145183	-0.190822	0.102886	0.049076	-0.052179
-0.009845	-0.199400	0.051012	0.128367	0.077563	0.063303	-0.052647	0.165403	0.048559	0.052974	0.255257	-0.050265	-0.000208	-0.102914	0.341793	-0.076043	0.106063	-0.090005	-0.142321	-0.011966	0.115573	0.006185	0.070301	-0.047258	0.320690	0.093051	0.289068	-0.215278	-0.138280	0.124884	-0.240917	0.083768	0.109729	-0.225782	-0.000602	0.127152	-0.210952	0.049253	0.103737	-0.146705	0.131917	0.040248	0.033172	-0.047358	-0.098864	-0.164396	0.031761	0.119557	-0.005123	0.245914
0.087873	0.032966	0.180089	0.028106	0.066171	0.101710	0.106089	0.118517	0.015354	0.184382	-0.090046	-0.285669	0.228774	0.002853	0.092913	0.112421	0.139648	0.142087	0.082752	-0.048786	0.333421	0.274820	0.043410	0.233953	0.348335	-0.049877	0.147939	-0.014784	-0.071570	0.068167	-0.031470	0.091324	-0.109630	-0.123421	-0.096310	0.230690	-0.002869	-0.183171	0.127764	-0.023969	0.019002	-0.103087	0.029047	0.118126	-0.175235	0.072929	-0.110938	-0.185241	0.066312	0.100437
0.134074	-0.054008	-0.069810	-0.057614	0.031367	-0.373878	-0.019857	0.238231	0.250980	-0.022220	0.091427	-0.118905	0.031733	-0.038042	0.203042	0.132754	0.061097	-0.045195	-0.187899	0.043999	0.163832	0.159869	-0.140027	0.191900	0.280223	0.049748	0.041406	-0.164233	0.251056	0.096938	-0.058463	0.063777	-0.036160	0.100639	-0.102525	0.239161	-0.119367	-0.158032	0.235570	0.079372	0.051741	-0.032622	0.021149	0.238620	-0.120877	-0.024186	-0.072906	0.002947	-0.007165	0.149680
0.072831	-0.052152	-0.113025	-0.012210	0.094244	-0.247160	-0.166913	0.204460	-0.023064	0.187059	0.117387	-0.100603	-0.036094	0.148649	0.148098	0.051756	-0.138043	-0.098170	0.167607	0.159210	0.385719	0.042956	0.212979	-0.083355	0.379802	0.011569	0.118553	-0.207072	-0.014193	0.016709	-0.171928	-0.082826	-0.001850	0.010610	-0.048845	-0.211090	0.169166	0.008838	0.095033	0.025055	0.028363	-0.093212	-0.179442	0.097901	-0.136938	-0.039074	0.165134	0.153164	0.028893	0.012877
0.081494	-0.217345	-0.051607	-0.065681	-0.081858	-0.143675	0.052579	0.251037	0.193416	-0.023415	-0.069373	-0.083349	-0.119493	-0.123929	-0.014440	0.250056	0.361359	0.014201	-0.012319	-0.033907	0.244852	0.153427	0.067736	-0.025185	0.294054	-0.029128	0.146042	0.069411	0.057809	0.119867	-0.219180	-0.095411	-0.017797	-0.057464	-0.036378	-0.005727	0.244464	-0.216310	0.045113	0.143151	-0.041287	-0.053572	0.058106	0.155621	-0.227289	-0.224472	-0.112605	-0.081117	-0.019266	-0.083106
-0.088799	-0.346157	0.035172	-0.062062	0.104521	-0.039187	-0.269106	-0.014572	0.232833	-0.160966	0.096427	0.063998	0.193365	0.319020	0.210555	0.053227	0.115750	0.042432	0.006029	0.074120	0.250908	-0.013566	0.063973	-0.142140	0.201050	-0.020760	0.077295	0.053414	0.154794	0.255127	-0.068828	0.107387	-0.022629	-0.070536	-0.054936	-0.055021	-0.024435	0.082515	-0.016870	0.070620	0.012621	-0.270710	0.156926	0.234292	-0.067858	-0.117887	0.097159	0.094020	-0.036359	-0.154356
-0.041177	0.023428	0.129135	0.029373	-0.002058	-0.192136	-0.024941	0.039720	0.293536	0.154621	0.025100	0.112971	0.139383	0.036046	0.034581	0.096497	0.297684	-0.059085	0.239699	0.092380	0.255664	0.019653	0.181453	-0.106123	0.258260	-0.088662	0.090174	0.213684	-0.040655	0.123606	0.007678	0.200077	0.044309	-0.256041	-0.060124	0.018659	-0.003066	-0.132059	0.033469	0.105692	0.316707	-0.041896	0.108478	0.157532	-0.234108	-0.119716	0.037121	-0.096719	0.110966	0.030692
0.013824	-0.023781	0.053585	-0.040446	0.148147	-0.144524	-0.128075	0.413390	0.082720	0.287763	0.026936	-0.211322	0.039400	0.074043	0.087927	-0.012690	0.086864	0.154438	0.082871	0.031628	0.066183	-0.262519	0.223530	-0.068198	0.022510	0.210015	0.002058	-0.146557	-0.106378	0.160203	-0.090487	0.099396	0.023267	-0.003189	-0.133271	-0.115835	0.065941	-0.055008	0.136820	-0.003473	0.288466	-0.062326	-0.052738	0.101984	-0.203801	0.027244	0.136843	0.161642	-0.095062	0.268406
-0.093140	-0.088657	-0.025170	0.081142	0.017749	-0.252272	-0.039885	-0.024362	0.096498	0.314992	0.022885	0.016496	0.229833	-0.137064	0.213271	0.068125	-0.073255	-0.035495	-0.046494	-0.170910	0.055000	0.050203	0.122318	-0.117591	0.475531	0.046827	-0.011150	0.047032	0.168242	-0.065760	-0.236714	0.122376	-0.142884	0.007455	-0.003630	0.101644	-0.009690	-0.125168	0.063110	-0.087990	0.334177	-0.190861	0.058023	0.082150	-0.149460	0.019413	-0.091915	0.041918	0.011073	-0.151161
-0.014503	-0.104365	0.077882	0.017270	0.189008	-0.107366	-0.053722	0.300134	0.099375	0.028021	-0.134053	0.013624	0.039394	0.125478	0.110694	0.158553	0.232767	0.028364	0.143061	0.060450	0.148864	-0.261314	-0.108620	-0.076498	0.381972	0.061364	0.066553	-0.122963	-0.019284	0.053586	-0.049927	0.081522	0.049919	-0.191327	0.164537	-0.090969	0.108353	-0.104812	-0.036350	-0.033172	0.209751	-0.291176	-0.036116	-0.205286	-0.248801	-0.008397	-0.086760	0.178613	0.030207	-0.126002
-0.003786	-0.093842	-0.061054	0.047759	-0.071630	-0.103036	-0.201258	0.185526	0.161333	0.073643	0.199363	-0.000961	0.101381	-0.024122	0.079766	0.263340	0.262505	-0.095786	0.097616	0.028804	0.188010	-0.065313	-0.081995	0.168175	0.355434	-0.077641	0.156674	-0.022194	0.011443	0.281590	-0.305896	0.005294	0.029137	0.028208	-0.019229	0.010783	-0.039892	-0.040892	-0.064014	0.068103	0.003389	0.002314	-0.032418	0.302555	0.050378	0.011519	-0.201932	0.142018	-0.194301	-0.187448
0.066690	-0.341749	-0.030317	0.220144	-0.142951	-0.235836	-0.052784	0.158015	0.159274	0.065793	-0.045929	0.207563	0.104230	0.192420	0.144021	0.146784	0.101307	0.037513	0.021092	-0.079963	0.341289	-0.021967	-0.087763	0.326472	0.102887	-0.081421	0.084287	-0.179862	0.092921	0.107262	-0.188213	0.018915	0.048759	-0.134024	-0.048373	0.133034	0.112444	-0.027695	0.009248	-0.017369	0.142347	-0.154525	0.103033	-0.023666	-0.230330	0.127288	0.046502	-0.084155	0.048685	-0.088284
0.077914	-0.074595	0.027181	0.090640	0.071175	-0.216879	-0.185661	0.151707	0.225115	0.122215	-0.065979	-0.124760	0.040958	0.131817	-0.041264	0.236752	0.201105	0.043871	-0.187288	-0.186202	0.262390	0.188585	0.001924	-0.071467	0.231411	-0.052458	0.120223	-0.080300	-0.021976	-0.019676	-0.264388	0.120561	0.053595	-0.049018	-0.032791	-0.080537	0.079599	-0.020839	0.118578	-0.091903	-0.132177	-0.139220	-0.027197	0.326739	-0.245732	-0.244781	-0.029730	-0.088197	-0.078669	-0.041408
0.030542	-0.154194	-0.049192	-0.029498	0.058805	-0.362848	-0.073631	0.064957	0.046259	0.217991	0.011983	-0.260929	0.145749	-0.102628	0.011038	0.207082	0.042766	-0.024240	-0.118616	0.002357	0.233327	0.096434	0.356690	0.042326	0.267921	0.001827	0.084441	-0.096070	-0.086234	-0.026132	0.035653	-0.062790	0.004533	-0.155854	-0.120444	0.146294	0.080458	0.157969	0.021400	0.125023	0.132970	-0.291549	0.035006	0.296045	-0.112267	-0.049999	-0.013855	0.091234	-0.008641	-0.029444
0.048658	-0.046253	0.025531	0.247223	0.085973	-0.113405	0.043051	-0.038437	0.094634	-0.018503	0.158185	0.164487	0.098925	-0.046930	0.091322	0.009517	0.011175	-0.077439	0.169016	-0.125226	0.121826	-0.027572	0.135544	-0.063514	0.122256	0.034765	0.029463	-0.051034	-0.061017	0.017473	-0.315606	-0.081881	-0.059594	-0.049710	0.023559	0.269383	0.001514	-0.307121	0.070406	-0.066780	0.222813	-0.297423	-0.156004	0.085153	-0.300323	-0.118816	-0.095541	0.295853	0.237014	-0.016549
0.146559	-0.125105	0.002266	0.197836	0.134060	-0.146856	0.000817	0.117241	0.036835	0.181703	-0.054166	0.080098	0.132756	-0.273851	0.069423	0.227292	0.072726	0.075934	-0.064291	0.005807	0.471947	0.044703	0.102986	0.057356	0.238860	0.030681	0.155667	0.035716	-0.067682	0.112279	-0.068870	-0.061344	-0.035166	-0.145900	-0.105015	0.314307	-0.098937	-0.056508	-0.012850	-0.139687	0.138438	-0.069400	0.132207	0.002434	-0.180107	-0.120758	0.040608	0.186590	0.005793	-0.156799
-0.007311	-0.215744	-0.147515	0.167370	-0.038380	-0.037196	0.113685	0.051460	0.282356	0.104913	0.043208	-0.091825	0.257060	-0.074832	0.143547	0.101859	0.202498	-0.152606	-0.045987	0.008544	0.155205	-0.160401	0.010438	-0.241602	0.190067	0.039559	0.108426	-0.336950	-0.197166	0.182883	-0.068989	-0.180341	-0.033872	-0.056330	-0.138675	-0.138744	-0.029083	-0.070776	0.146228	-0.054877	0.063728	-0.304460	0.033169	0.134627	0.070715	-0.159106	0.035978	0.055781	0.101897	0.002817
-0.205771	-0.118725	-0.051351	0.004785	-0.155403	-0.469383	0.112594	0.045560	0.044799	0.266584	0.109079	-0.129352	0.108457	0.019025	0.034724	0.060116	-0.041368	-0.043954	-0.145201	-0.047059	0.171666	0.045677	0.076418	-0.046528	0.178627	-0.087530	-0.051382	0.049901	0.050433	0.101952	-0.006856	0.020322	-0.090931	-0.146580	0.057206	-0.112812	0.070886	-0.142458	0.158517	0.021106	0.315553	-0.190628	-0.053873	0.167188	-0.296463	0.046540	0.138186	-0.040888	0.176354	0.181922
-0.126805	0.027162	-0.178789	0.120114	-0.084290	-0.024720	-0.030365	0.213103	0.117892	0.178018	0.024784	0.030027	0.296772	0.002686	-0.017985	0.143011	0.148539	-0.369064	-0.014442	0.071634	0.387288	-0.182766	-0.129327	0.158980	0.266494	-0.076629	0.193735	-0.116217	-0.015954	0.099660	-0.226443	-0.086997	0.046537	-0.107775	0.016201	0.124053	-0.002947	-0.084763	0.080339	-0.012260	-0.099854	-0.141816	-0.036521	0.118200	-0.140370	0.090037	-0.022177	0.040619	-0.034056	-0.145182
-0.109211	-0.066223	0.125766	-0.039211	-0.095006	-0.085988	-0.114353	0.214033	-0.015998	0.138872	0.019479	0.159333	-0.001950	-0.041605	0.410968	0.200510	0.178372	-0.175714	-0.014541	0.019916	0.120636	0.242004	-0.068892	0.159369	0.246093	-0.111844	0.043904	-0.175855	0.324268	0.143591	-0.192955	0.100174	-0.022573	-0.005587	-0.175694	-0.141005	-0.078182	-0.009112	0.096622	0.072191	-0.023157	-0.203973	0.047066	-0.000771	-0.187037	-0.127027	0.031828	0.072938	-0.111213	0.056144
-0.095602	0.002211	0.125635	0.007966	-0.058358	0.103441	-0.159915	-0.013868	0.090508	0.133457	0.034627	-0.185929	0.172402	-0.010587	0.277143	-0.077484	0.145031	-0.015672	-0.048792	-0.241397	0.171663	0.038637	-0.126387	0.099574	0.243042	0.170737	0.203616	-0.239499	0.116727	0.230780	-0.098779	-0.036093	0.026445	0.102432	-0.180896	0.045761	-0.204912	-0.038499	0.079087	-0.063857	0.062296	-0.251835	0.270885	0.209192	-0.108802	0.170105	0.035442	0.072503	-0.018138	0.158376
0.011254	-0.035826	0.005077	-0.006617	0.064708	-0.288709	-0.071828	-0.023253	0.052633	-0.096378	0.059764	-0.093746	0.251944	0.245758	0.168287	0.265155	0.199616	0.023751	-0.020532	-0.033052	0.024236	-0.094109	-0.133061	-0.076197	0.185673	-0.006154	0.056742	-0.208091	-0.170849	0.260075	-0.210631	-0.014134	-0.143725	-0.186925	-0.073369	0.217464	0.012807	0.104721	-0.118088	0.135733	0.139281	-0.255394	0.053019	0.058684	-0.208716	0.062388	-0.021400	0.193899	0.181319	0.004104
0.018963	0.171285	0.197174	-0.103409	0.108526	-0.112495	0.059490	-0.050057	0.094504	0.229994	0.034422	0.146308	0.073917	0.005125	0.094093	0.165685	0.239463	0.026210	0.136320	-0.109737	0.180792	-0.023323	0.047793	0.100207	0.280776	0.071907	0.131204	-0.003584	-0.122913	0.119941	-0.135020	0.086484	-0.009842	-0.065677	0.026741	0.018514	-0.101623	-0.195901	0.029265	0.052307	-0.029843	-0.294287	0.231856	0.437759	-0.244025	-0.016735	0.071735	0.016814	-0.026666	0.129515
0.060664	-0.038657	-0.096255	-0.110121	-0.130358	-0.034801	0.150366	0.154406	0.225062	0.146826	0.015916	0.240844	0.078844	0.227719	0.207774	-0.033466	0.138738	-0.090436	-0.024970	-0.228303	0.130723	-0.118498	0.047107	0.072595	0.095497	0.053810	0.325108	-0.066899	0.278200	0.369775	-0.100367	0.093200	-0.068329	0.106982	-0.013481	0.085637	0.139623	-0.005354	0.201782	-0.028176	-0.072790	-0.059859	0.003936	0.180004	-0.158569	-0.042140	0.116629	0.035120	0.173475	-0.065335
0.058073	-0.175981	0.188340	0.064912	0.018440	0.041630	0.228531	0.067328	0.161669	-0.092733	0.034138	0.015886	0.046938	-0.100984	0.019633	0.101481	0.227026	0.077981	-0.257078	-0.130852	0.195074	0.204025	0.146740	-0.070111	0.233169	-0.084960	-0.148185	-0.051703	0.038422	0.093506	-0.187731	0.118560	0.116202	-0.214754	-0.044810	0.099321	-0.049578	-0.188815	0.206959	0.114787	-0.079445	-0.158828	0.197496	0.144442	-0.068611	-0.158253	0.018112	0.102163	0.153725	0.306654
-0.043597	-0.149653	0.244883	-0.025785	-0.143242	-0.081230	-0.060103	0.216278	0.183878	0.054181	0.005413	-0.108390	0.100773	0.043644	0.056979	0.152287	0.167538	0.162968	-0.074458	-0.290788	0.133993	0.011227	0.041200	0.043264	0.185182	0.019282	0.025045	0.134404	0.198702	-0.056050	-0.320640	-0.089672	-0.112635	-0.051281	-0.085931	0.042886	-0.006489	-0.131018	-0.096432	-0.059201	-0.087733	-0.152748	0.183068	0.140851	-0.106629	-0.297689	0.056781	0.008646	-0.004177	-0.367554
-0.087976	-0.031333	-0.031246	0.169119	-0.136069	0.038045	-0.190531	0.134159	0.229711	0.051945	-0.122472	0.012363	0.061207	0.071240	-0.094326	-0.165804	0.226806	-0.112120	0.085843	-0.142116	0.165153	-0.067954	-0.164923	0.057689	0.043431	0.179417	0.267398	0.041581	-0.198469	0.117959	-0.161425	0.052364	0.011989	-0.128635	-0.051049	-0.005125	-0.030068	0.101231	-0.121450	-0.100377	0.022360	-0.180230	-0.070865	0.428876	-0.292194	0.037324	0.102653	0.171965	0.134831	0.076823
-0.084697	0.140058	0.002609	-0.142458	0.173939	0.095724	-0.053896	0.186739	-0.057600	-0.106068	0.201055	-0.080035	0.123634	-0.007494	-0.143182	0.112363	-0.041899	-0.065671	-0.079002	0.162401	0.149470	0.220417	0.104794	0.019217	0.265895	0.059931	-0.014021	-0.005769	-0.002696	0.027328	-0.344794	0.092359	-0.105953	-0.205466	-0.167275	0.292122	0.025636	0.100869	0.072665	0.291281	0.070101	-0.038464	-0.071029	0.075111	-0.211793	0.108089	-0.173161	0.245614	0.101731	0.014393
0.121566	-0.114158	0.014355	0.275695	-0.081925	-0.135422	-0.003433	0.372565	0.071456	0.285644	0.237217	-0.148291	-0.013959	-0.026709	-0.093563	0.072518	-0.121214	-0.042434	0.121554	0.024094	0.025309	-0.261334	-0.210509	0.100128	-0.003477	0.058967	0.066376	-0.142497	-0.012545	0.168644	-0.124532	0.031690	0.045539	-0.298957	-0.228888	0.041055	0.090959	-0.067077	0.143592	-0.111207	0.061037	-0.055426	-0.056690	0.130360	-0.152569	-0.099177	-0.033328	-0.186224	-0.077152	-0.175063
0.010918	0.057950	-0.035010	-0.104310	0.024754	-0.014512	0.007000	0.333652	0.193732	0.109210	0.063129	-0.260515	0.031836	-0.168667	0.027833	0.356163	-0.004009	0.030119	-0.070840	0.062429	-0.010477	-0.012186	0.025261	-0.163339	0.136443	0.064317	0.211604	-0.125956	-0.024958	0.070498	-0.029780	-0.101664	0.012131	-0.069998	-0.099883	-0.041824	0.112432	0.058091	0.365852	-0.033385	0.037834	0.091914	-0.088635	0.114617	-0.413332	0.108479	0.147826	-0.004319	-0.058374	-0.222894
0.176564	0.003822	-0.150785	0.033228	0.055205	-0.182560	0.113588	0.289800	-0.031250	0.148311	0.069929	0.212444	-0.085409	-0.020623	0.099283	0.099803	0.062329	0.235766	0.035407	0.001111	0.300798	-0.055343	-0.004595	0.027138	-0.097854	-0.072403	0.066817	-0.126291	0.182493	0.013226	-0.185092	0.047299	0.013938	-0.367229	-0.202346	0.205994	-0.003675	-0.027204	0.203367	-0.135074	0.029110	-0.093359	-0.160300	0.024680	-0.286666	0.167274	0.007532	0.147999	0.046917	0.044388
0.204206	0.114248	0.243519	0.034484	-0.021493	-0.109853	0.167214	0.181468	0.063988	0.008959	0.073923	-0.086872	-0.029156	0.036068	0.246364	0.052494	0.164782	-0.010722	-0.002194	0.085836	0.064089	0.034466	-0.142419	-0.216255	0.186814	-0.100403	-0.033305	-0.235749	0.055165	0.232313	-0.158758	0.152389	0.174883	-0.009057	-0.330034	0.013116	0.037223	-0.178186	0.119048	0.008669	0.083706	0.120111	-0.177536	-0.046499	-0.128700	-0.146337	0.357196	-0.022352	0.068000	0.038819
0.074277	-0.038856	0.077281	-0.013543	0.229117	-0.147288	0.066382	-0.117230	0.201173	-0.160922	0.209956	-0.048226	0.047428	0.017754	0.011760	0.104137	-0.061235	0.150442	-0.059062	-0.173012	-0.064176	0.062854	-0.214974	0.125119	0.202978	0.177816	0.204721	-0.159345	-0.001909	0.395423	-0.224430	0.191120	0.019453	-0.013111	-0.189178	0.009675	0.098482	-0.036478	0.195292	0.051128	0.054092	-0.199012	0.161232	0.072176	-0.213254	0.157150	0.072210	0.050251	0.076832	-0.096280
0.115816	0.052284	0.034356	-0.171360	0.005081	-0.002198	-0.038288	0.223764	0.126226	0.152988	0.212136	-0.084379	0.239058	0.242540	0.182019	0.024122	0.012859	0.079463	-0.022784	-0.006802	0.050837	-0.011186	0.035366	0.108624	0.068019	0.083683	-0.056491	0.071869	0.028696	0.187391	0.021189	0.092028	0.099580	-0.152938	-0.371068	0.140878	-0.048089	-0.024762	-0.061036	0.103626	0.074248	-0.182621	0.221816	0.028401	-0.294097	-0.174255	0.287564	0.223331	-0.105678	-0.123476
-0.021116	-0.143546	0.075109	-0.036131	0.070019	-0.147427	0.150203	-0.171200	0.108201	-0.133877	0.209035	-0.215441	0.131832	-0.082870	0.016755	0.298267	0.117636	-0.036817	-0.073845	0.156837	-0.001550	0.151922	-0.054569	-0.042839	0.274260	-0.070937	0.111786	-0.075271	-0.041572	0.261123	-0.289601	0.081021	0.068275	-0.054776	-0.130937	0.050909	-0.075584	-0.044267	0.245315	0.064059	-0.220967	-0.200927	0.044409	0.044414	-0.072197	0.059394	0.303737	0.156625	-0.030914	-0.096864
0.185097	0.008604	0.068326	-0.064411	-0.055059	-0.049058	-0.053216	0.161976	-0.009636	0.090257	0.298757	-0.030158	0.236773	-0.130116	0.037270	0.077894	0.271140	-0.051680	-0.299196	0.103802	-0.044366	-0.011139	-0.061809	-0.085900	0.252634	0.071340	-0.080924	0.066206	-0.087248	0.111660	-0.202588	0.109523	0.150353	-0.019830	-0.119837	0.056094	-0.224314	0.083361	0.157804	0.035310	0.010234	-0.276875	-0.078533	0.127464	-0.291463	-0.207227	0.146031	0.008553	0.131132	-0.105669
0.131778	-0.122972	0.025982	-0.003194	-0.139459	-0.063721	-0.048252	0.071024	0.024013	0.021997	0.214230	0.110549	0.243889	0.041065	0.141357	-0.026067	0.023570	-0.035552	-0.208592	-0.221573	-0.063582	-0.159944	-0.117243	0.023192	0.221426	0.114166	-0.032085	-0.243080	0.040379	0.049865	-0.134885	0.021885	-0.033104	-0.041113	-0.341647	-0.054554	-0.313643	-0.105562	0.011543	-0.012615	0.243558	-0.276826	0.003051	0.194777	-0.201276	0.005903	-0.007329	0.076032	0.213899	-0.115360
-0.066538	-0.267909	0.320649	0.019954	-0.128325	0.131755	0.041437	0.124545	-0.063612	0.188268	-0.004812	-0.164596	0.186942	-0.030604	0.065287	0.172820	0.058389	0.145084	0.123418	-0.011137	0.202541	0.045618	-0.013915	-0.025859	0.177643	0.016502	-0.144009	-0.123586	0.010032	0.183857	0.123528	-0.061656	0.122925	0.077580	-0.191103	-0.059320	0.124636	-0.042044	0.144720	0.039017	-0.052374	-0.394805	-0.035680	0.287695	-0.069867	-0.036238	0.066750	-0.135328	0.025612	-0.234754
-0.011870	-0.115410	-0.027078	0.036184	0.265834	-0.101361	0.023912	0.061783	0.046004	0.053796	0.199175	0.017997	0.050825	0.031937	0.100754	0.008305	0.068106	0.051075	0.201583	-0.014395	-0.192521	-0.112358	0.023562	0.164235	0.009073	0.069675	-0.101352	-0.137952	0.038938	0.325529	-0.200172	-0.050189	-0.066201	-0.126293	-0.154977	0.142626	-0.144471	0.025897	0.265849	-0.017533	0.169086	-0.286614	-0.170302	0.144711	-0.109686	-0.101482	0.144085	0.395892	-0.016234	0.112846
-0.028754	0.094360	0.183970	-0.021020	0.184701	-0.068774	-0.173545	0.117301	0.172918	-0.010241	0.150761	-0.067574	0.063859	0.096471	0.100330	0.088002	0.082972	-0.110952	0.169586	-0.151902	-0.122090	-0.165779	-0.125263	-0.082074	0.203517	0.050691	-0.283449	-0.264291	-0.089807	0.313242	-0.185807	0.069312	0.084214	-0.015133	-0.021470	0.235228	-0.128889	0.076167	-0.120463	-0.022266	0.204889	-0.167890	0.041190	0.122167	-0.277092	-0.025525	-0.075070	0.171161	0.091164	-0.035048
0.121261	-0.180304	0.188336	0.117663	0.040016	-0.212221	0.012006	0.249504	0.064877	0.009928	0.029424	0.003863	0.173341	-0.089041	-0.008088	0.128696	-0.019025	0.107686	-0.146734	-0.102208	0.152590	-0.051326	0.031579	-0.176162	-0.117136	-0.000252	0.071043	-0.301484	0.188453	0.109775	-0.196714	0.057693	0.242141	-0.146387	-0.050636	0.268711	0.000194	0.150223	0.020383	0.128020	0.158623	-0.051078	0.181806	-0.029795	-0.255208	-0.071319	0.272049	-0.048469	0.102315	-0.143351
-0.123209	-0.058886	0.022784	-0.016567	0.324385	-0.152695	0.005185	0.325008	0.106335	0.083782	0.117771	-0.093892	-0.004829	-0.094986	0.064484	0.087839	0.041836	0.136151	0.177253	0.169311	0.060844	-0.122570	0.048184	-0.110796	0.202691	-0.155474	0.049671	-0.292463	0.075068	0.136181	-0.140674	-0.011471	0.241483	-0.290847	-0.091925	0.146615	0.059639	-0.074100	-0.129909	0.082052	-0.047592	-0.272055	-0.094739	0.218522	-0.006516	-0.067066	-0.137491	0.022708	-0.067371	0.079755
-0.134189	0.011876	0.023579	-0.089294	0.132107	0.054702	0.007157	0.027098	0.029771	-0.227490	0.249912	0.010135	0.139371	-0.027320	0.164540	0.101582	0.090501	-0.127149	0.114802	0.052994	0.132168	-0.186645	0.215601	-0.033984	0.324992	-0.037958	-0.074681	-0.182437	-0.077758	0.064669	-0.203336	-0.148223	0.120614	-0.091236	0.108958	-0.100636	-0.092004	-0.071732	0.115401	-0.091570	0.116783	-0.237924	-0.157776	0.301604	-0.243421	0.235495	-0.023955	0.166562	0.096004	0.032324
-0.131363	-0.306899	-0.094415	0.031221	0.081018	-0.065300	0.164527	0.141158	0.067555	0.137008	-0.042722	0.057827	0.111206	-0.069704	-0.011842	0.156758	0.099936	-0.114224	0.069488	0.139746	0.131522	0.122470	0.168691	-0.285982	0.009438	0.209331	0.237750	-0.019812	0.076819	0.109406	-0.137690	0.004681	0.331020	-0.169925	0.030702	0.160766	0.107794	-0.016620	0.103470	0.127397	0.105321	-0.049790	-0.023131	0.263256	-0.212815	-0.061806	0.038005	-0.030328	0.194120	-0.214843
-0.022573	-0.227856	-0.069971	-0.136015	0.126435	-0.056234	0.173866	0.047524	0.223492	-0.070240	0.070444	-0.018100	0.060750	0.213509	-0.052493	-0.016987	0.139224	-0.272536	-0.009739	0.101191	0.158292	-0.151028	-0.002463	-0.196020	0.153443	-0.016265	0.038148	-0.008755	0.251697	0.104386	-0.202011	-0.070372	-0.050319	-0.358817	-0.028529	0.148218	-0.050814	-0.014803	0.052117	0.024903	0.274330	-0.183204	-0.146376	0.100690	-0.154245	0.014209	0.061056	0.058395	0.196214	-0.232787
0.121449	-0.144403	0.127069	0.000562	0.143910	0.159319	-0.036202	0.146282	-0.020290	0.104292	-0.025677	0.000483	-0.070611	-0.090878	0.058769	0.069800	0.004449	0.021503	0.089777	0.026212	0.378756	0.027881	0.033249	-0.232080	0.463963	-0.152074	0.140526	0.110079	0.220308	0.162895	-0.049569	-0.061225	0.123643	-0.198017	-0.217084	0.138207	0.107619	-0.120674	0.170299	0.171611	0.022971	0.027081	0.039272	0.067084	-0.216094	0.117760	-0.080290	0.037481	-0.067645	0.018863
0.160446	-0.195452	0.210501	0.067301	0.024236	-0.092807	-0.080971	0.167404	-0.056675	0.053029	-0.029212	-0.042103	0.193138	0.087539	-0.136598	0.237319	0.035580	-0.106293	0.004460	-0.006097	0.103907	-0.163549	0.127733	-0.186360	0.127718	0.011105	-0.055346	0.091877	-0.089195	0.062594	-0.361850	-0.016320	0.179509	-0.054348	-0.023446	0.065543	0.063044	0.248249	0.174583	-0.134774	0.342809	-0.198759	-0.011264	0.195494	0.006545	-0.086405	0.278249	-0.075390	-0.022685	-0.042976
-0.135938	0.005203	-0.095892	-0.015466	0.032429	-0.256417	0.083925	0.125327	0.120883	0.087042	0.053966	-0.018587	-0.072290	0.120047	0.239177	0.102480	-0.072157	-0.212245	0.064514	-0.149756	0.056137	-0.414970	0.061887	-0.003648	0.084767	-0.191461	0.025016	-0.014039	-0.044063	0.037281	-0.198300	0.064968	0.107749	-0.182682	-0.278168	-0.048750	-0.121822	-0.087289	0.107957	-0.240165	-0.156278	-0.251671	-0.013014	0.297935	-0.067872	-0.077056	0.031390	-0.003863	-0.122248	-0.049217
-0.188018	0.016680	0.246955	-0.096062	0.115596	-0.264822	-0.097333	0.212248	0.219092	0.027209	0.256222	-0.081312	0.012630	-0.041572	-0.014200	-0.021521	0.125349	-0.246540	0.216298	0.065402	0.048944	0.010488	0.114034	0.130684	0.123314	-0.184093	-0.020917	-0.047048	-0.102085	0.085653	-0.039462	-0.123946	0.103668	0.024001	-0.136338	0.056004	-0.045787	0.134925	0.285410	-0.233499	0.061389	-0.263755	-0.061413	0.147326	-0.138601	-0.057570	0.097889	0.202373	0.134716	-0.081635
-0.155643	-0.017814	0.189698	0.033356	-0.244611	-0.028231	0.108651	0.102388	0.060074	-0.116785	0.001268	0.033069	0.185574	-0.039023	0.093060	0.106583	0.000757	-0.098884	-0.082984	0.048165	0.195566	-0.188188	-0.321414	0.032451	0.278173	0.021632	0.070356	0.038583	-0.110744	0.010842	-0.131977	0.052384	-0.056862	-0.178914	-0.229336	0.110827	0.065536	0.005568	0.034583	-0.366601	0.146829	0.045624	0.008416	0.114917	-0.127615	0.009758	0.101994	0.336790	0.070994	-0.212304
-0.108702	-0.132657	0.023334	0.106009	-0.259582	-0.253149	0.065238	0.296257	-0.101935	0.111328	0.128614	0.058863	-0.020136	0.083937	-0.019085	0.192138	0.053939	0.115984	-0.038051	0.174510	0.204239	-0.030301	0.007352	0.161051	0.047218	0.283233	-0.042729	0.174643	0.042983	0.274429	-0.288855	-0.074173	0.056125	-0.052814	-0.060768	0.165517	0.049689	0.081490	0.093297	-0.058143	-0.139762	-0.072236	0.093228	0.065067	-0.114296	0.048189	0.239756	0.064237	0.217856	-0.172259
0.206260	-0.021796	0.278334	0.123287	-0.050618	-0.063451	-0.013218	0.202195	0.064158	0.073090	-0.144642	-0.155860	0.141403	0.139772	0.087194	0.067908	0.095262	-0.061623	0.204123	0.183852	0.043774	0.036676	-0.054378	-0.018517	0.246065	-0.080817	-0.142434	-0.109868	-0.016728	0.161358	-0.095150	0.105280	0.117991	-0.065574	-0.063417	0.149346	0.165107	0.103544	0.018130	0.008803	0.266326	-0.243693	-0.088683	0.376628	-0.194854	0.098065	0.088321	-0.005824	0.103919	-0.200682
-0.024384	-0.216285	0.054136	-0.168091	-0.029465	0.036578	-0.160013	0.329247	0.008063	-0.010996	0.188082	-0.180249	0.212284	0.088075	0.115189	0.216886	0.340995	-0.008065	-0.006803	-0.028510	0.138720	-0.034068	-0.071157	0.220731	0.209748	0.097891	0.171919	-0.082262	-0.082212	0.234703	-0.224722	0.015053	0.016835	-0.009715	-0.208411	0.081158	-0.093404	0.093593	0.129395	-0.205487	0.009408	-0.045350	-0.176309	0.148509	0.011015	0.044909	-0.045619	-0.115842	-0.048746	-0.089631
-0.242900	-0.025087	0.040299	0.052379	-0.075144	0.016417	-0.071542	0.187616	0.372309	-0.014819	0.191659	-0.262797	0.043807	-0.057001	0.089733	0.207601	-0.011995	0.111270	-0.001064	0.006763	0.181499	0.027259	-0.097353	-0.043240	0.038440	-0.161567	-0.021264	-0.160543	-0.058341	0.051977	-0.016672	0.107288	0.039527	-0.050125	-0.185490	0.127291	0.115480	-0.211192	0.039395	-0.084470	0.344706	-0.015331	-0.059016	0.142532	-0.241012	0.043718	0.203280	0.122936	0.242603	-0.141638
-0.042460	-0.081959	0.306548	-0.078821	-0.137163	0.022346	0.124391	0.294696	0.161043	-0.034222	0.023082	-0.239229	0.138087	-0.164670	0.187342	-0.123340	0.049045	0.109605	0.015642	-0.018364	0.028391	0.087734	-0.029084	0.019953	0.058746	0.201060	0.054514	0.106898	-0.189125	0.258823	0.016134	0.023574	-0.040086	0.122319	-0.280454	0.004383	0.003589	-0.238939	0.002356	0.136167	0.162663	-0.197419	0.034633	0.119428	-0.232852	0.034182	-0.097160	0.151144	0.201826	-0.146652
-0.104861	-0.034404	0.079588	0.149580	0.185352	-0.100486	-0.097758	0.171679	-0.077933	0.011228	0.026387	-0.142294	0.042680	0.249360	-0.167000	0.041003	-0.161624	-0.248777	0.121155	0.023281	0.271610	-0.019806	0.069612	0.061022	0.048231	0.068897	0.209597	0.116492	-0.002023	0.236066	-0.140144	0.002142	-0.049381	0.109029	-0.323881	-0.037280	0.043871	-0.063624	0.192591	-0.201545	-0.013037	0.121614	0.013803	0.201068	-0.360281	-0.096429	-0.019390	0.160530	0.002924	-0.062159
-0.126815	-0.044331	0.215531	0.023386	-0.005042	-0.200162	0.209947	0.141792	0.035145	-0.037665	0.234675	-0.037158	-0.040124	-0.090929	-0.016587	0.055974	-0.157547	-0.098441	0.164546	0.046901	0.186482	-0.062176	0.040448	-0.147663	0.083669	0.041258	0.130280	-0.191983	0.016187	-0.147161	-0.164823	0.000448	0.416790	-0.050577	-0.361122	0.043134	0.161845	-0.158160	0.263144	0.066627	0.015705	-0.258612	-0.045323	-0.036307	-0.036879	0.027309	-0.053092	0.095493	-0.034426	-0.040457
-0.321171	-0.043061	-0.157968	-0.091043	0.138788	-0.241565	-0.186663	0.149314	-0.181864	0.085679	0.093357	-0.310201	-0.034279	-0.084353	-0.144901	0.065414	0.001275	-0.036083	0.115382	0.069001	0.158423	0.134922	0.094455	-0.104151	0.256097	0.141253	0.076663	-0.023361	0.027819	0.108420	-0.264744	0.138043	0.185273	-0.138204	-0.145874	0.087414	0.094749	-0.236255	0.026846	-0.021319	0.067980	-0.099928	0.056289	-0.085994	-0.140907	-0.047419	-0.040772	-0.091414	-0.005103	-0.257602
-0.354672	-0.007868	-0.174872	0.037960	0.052620	-0.171231	0.003586	0.009944	-0.041152	0.043375	0.108597	-0.166823	-0.060668	0.214952	0.011495	0.105728	0.124775	0.081685	-0.159221	0.155325	0.260868	0.031720	0.043117	-0.147481	0.235950	0.168116	0.116426	0.100792	0.012965	0.260153	-0.164397	0.010711	0.104355	-0.045550	-0.255258	0.146627	0.038226	-0.348276	-0.028226	0.020936	0.111018	0.109082	-0.153228	0.106182	-0.104457	-0.003798	0.173071	-0.057227	0.012017	-0.107777
-0.254658	-0.033176	0.166687	-0.013080	-0.073978	-0.102434	0.108137	0.097609	0.131163	0.043140	0.217974	-0.095632	0.203705	0.142502	-0.060909	0.056221	0.088420	0.030026	0.106870	-0.051152	0.421112	0.003000	0.045439	0.135179	0.076895	0.089000	0.237755	-0.108028	0.104897	0.040099	-0.261946	-0.142708	-0.039985	0.041256	-0.112335	-0.095912	0.209734	0.200366	-0.001482	0.074577	0.065909	-0.165415	-0.264279	0.052289	-0.122423	-0.016679	-0.057608	0.104284	-0.154520	-0.219110
-0.109256	-0.099253	0.227873	-0.016086	-0.014971	-0.094278	-0.038708	0.186375	0.089896	0.119381	0.013606	-0.080945	0.023830	0.075572	0.104120	0.048920	0.031850	-0.007246	0.149564	-0.183853	0.334363	-0.143063	0.022397	0.083983	0.192482	0.034387	0.141570	-0.032630	-0.002419	0.157147	-0.042230	-0.089803	0.121019	-0.307769	0.225308	0.185160	-0.042241	-0.037956	-0.025857	-0.169648	0.168107	-0.257317	-0.292338	0.178080	0.006163	-0.221829	0.047933	-0.034669	0.202355	-0.093394
-0.338954	-0.227312	-0.117128	0.072185	0.161256	0.005869	-0.054462	0.094674	0.017697	-0.218688	-0.025439	-0.126042	0.061776	0.183876	-0.130089	-0.006360	-0.063352	-0.017960	0.092798	-0.069025	0.334700	-0.011740	-0.192562	-0.083824	0.230018	0.031309	0.039556	-0.247945	-0.043003	0.069409	-0.040921	0.121592	0.245394	-0.124743	-0.149626	0.054474	0.146320	-0.037252	0.255658	-0.189619	-0.161925	-0.175194	-0.033407	0.173043	-0.035371	0.016798	0.014587	0.021059	0.166390	-0.012211
-0.273461	-0.135888	-0.211602	0.075249	0.033869	-0.202823	-0.054679	0.123902	0.002385	-0.132258	0.141337	-0.182044	0.026253	0.038316	-0.074600	-0.022357	-0.009612	-0.148871	0.269864	-0.122697	0.365243	-0.000471	-0.093232	-0.073504	0.111797	0.007492	0.225002	0.021597	-0.041397	0.196811	-0.118330	0.138477	0.008073	-0.154070	-0.074875	0.131080	-0.012959	-0.198297	0.145023	-0.119708	-0.058398	-0.177715	0.046096	0.092021	-0.154273	0.199071	0.228654	-0.108046	0.116378	0.118278
-0.208015	-0.195559	0.138977	-0.001168	0.337704	-0.124984	0.093477	0.102670	0.082701	-0.098785	0.074516	0.052471	0.035146	0.176855	-0.270578	0.124202	-0.040863	-0.157170	-0.034594	0.056636	0.178187	0.216562	-0.140450	-0.017765	0.108139	-0.185606	0.163247	-0.154831	-0.019441	0.128839	-0.294649	0.080642	0.114590	-0.037471	-0.254608	0.063241	0.027354	0.020380	0.195814	-0.029327	0.207733	-0.125985	-0.163030	-0.016370	-0.119445	0.097958	0.002071	0.084255	-0.137561	-0.090284
-0.302074	0.077298	0.133896	-0.120017	-0.047282	-0.110078	-0.057239	0.143276	-0.078344	0.102451	0.159327	-0.057025	0.064986	0.123260	-0.046841	-0.076978	-0.128830	-0.218055	-0.141935	0.021440	0.175842	-0.069423	-0.054145	0.045001	0.239490	0.069861	0.139727	-0.237714	-0.130775	0.159318	-0.353235	0.046456	0.137424	0.015691	-0.122268	0.186524	0.018861	0.056193	0.103605	-0.109380	0.131180	0.030628	-0.321362	0.044053	-0.162272	-0.112598	-0.172910	-0.003553	0.021389	-0.196281
-0.198577	-0.147625	0.056093	-0.151281	0.215791	-0.059864	0.107658	0.196117	0.104843	-0.131898	0.214955	0.002465	-0.100794	-0.035550	-0.050855	-0.011613	0.073779	-0.258478	0.043325	-0.174297	0.313312	-0.060289	-0.215991	-0.000549	0.082190	0.195503	0.127244	0.036335	0.041641	0.166452	-0.021700	-0.077169	0.025070	-0.086066	-0.299836	-0.040970	-0.126469	-0.161108	0.236816	-0.180659	0.066482	-0.277322	-0.035295	0.007733	-0.001394	-0.048782	0.101110	0.044545	0.166821	-0.130924
-0.256420	-0.254980	0.037815	0.113277	0.016871	-0.187481	-0.144581	0.079294	-0.044834	-0.060001	0.161489	-0.024337	0.021871	0.066018	0.114097	0.170509	-0.086045	0.000032	-0.065032	0.023401	0.473396	0.091922	-0.138053	-0.121294	0.085714	-0.009153	0.021872	-0.054375	-0.031351	0.194261	-0.056593	0.122699	0.102762	-0.265872	-0.238599	-0.002999	0.155741	-0.144793	-0.104013	-0.146060	0.158897	-0.031099	-0.076266	0.013278	-0.131680	-0.252470	0.064753	0.061220	-0.061202	-0.162034
-0.298132	0.010298	0.121655	0.125264	-0.031719	-0.168258	0.048601	0.104112	0.094186	0.103097	0.184933	-0.071795	0.044213	-0.012418	-0.140963	0.128014	-0.004815	-0.074267	-0.049065	0.013236	0.286617	0.048147	0.051067	0.145267	0.200944	0.068766	0.000090	-0.054406	0.137838	0.127337	-0.177911	0.223126	0.071816	-0.087761	-0.065513	0.084879	0.009038	-0.192436	0.132897	-0.191960	-0.054373	-0.375433	-0.344691	-0.103967	-0.143673	-0.048518	0.145542	-0.131534	-0.022016	-0.091051
-0.305217	-0.067195	0.220456	0.041295	0.080936	-0.099220	-0.013408	0.128767	-0.071417	-0.060080	0.064210	0.102477	-0.011689	0.149997	0.012994	0.064272	0.044143	-0.183582	0.151066	-0.015744	0.191076	0.235515	-0.011182	0.003995	0.090777	-0.090307	0.018322	0.024343	-0.082952	0.350752	-0.222692	0.100264	0.129057	0.032300	-0.265578	0.187031	-0.099640	-0.180619	0.181496	-0.216808	-0.096745	-0.114445	-0.057248	0.129204	-0.123515	-0.093372	0.196177	0.124959	-0.197549	0.075115
-0.102398	0.014809	0.149822	-0.012861	0.023126	0.043934	0.083263	0.121857	0.000876	-0.094999	0.147485	0.002721	0.285154	0.208636	-0.038822	0.245592	0.049281	0.005568	0.198486	-0.178420	0.214448	-0.094717	-0.036691	0.031156	-0.005120	0.366174	0.006190	-0.081790	0.071875	0.016161	-0.287656	0.118435	0.068796	-0.287084	-0.184931	0.156470	-0.054769	-0.061990	-0.017646	0.087776	0.039454	0.238301	0.091873	0.020975	-0.259026	-0.012224	0.207012	0.075918	0.082631	-0.019456
-0.313602	-0.157822	0.038930	-0.218183	-0.017474	-0.148758	0.165052	0.083021	0.061448	-0.096641	0.112835	-0.216710	0.059050	0.210776	-0.061532	-0.008332	-0.073413	-0.096238	-0.067936	-0.141760	0.123825	-0.020634	0.040665	0.096852	0.106634	-0.028844	0.069808	-0.107550	-0.105761	0.092058	-0.181499	0.191107	-0.030585	-0.271446	0.028664	0.103692	-0.134441	-0.112829	0.099453	0.086240	0.053566	0.092753	0.058409	0.191609	-0.175445	-0.058480	0.146181	0.008514	0.027103	-0.469315
-0.354743	-0.075669	0.182866	0.037525	0.009983	0.166516	0.078524	0.051080	0.100427	-0.125713	0.163914	0.179146	0.114638	0.111122	0.006999	0.205619	0.116779	-0.216609	0.187544	-0.118336	0.289578	-0.023494	-0.104988	0.003507	0.012978	0.059273	-0.005035	-0.009388	-0.046677	0.206317	-0.184034	-0.037789	0.067713	-0.065175	-0.151358	0.093546	-0.091222	-0.065565	0.165902	0.039926	0.128136	-0.070853	-0.183251	-0.028719	-0.358120	0.096571	0.164725	-0.058371	0.037022	-0.218487
-0.081867	-0.042423	-0.150737	-0.048693	-0.133618	-0.243395	-0.132615	0.097213	0.255531	-0.225720	0.104089	0.099450	-0.064847	-0.033573	-0.025936	0.045496	0.067375	0.121165	0.011585	0.038710	0.303672	-0.150949	0.090119	-0.083518	0.182727	-0.159278	0.086754	0.112530	-0.183105	0.127595	-0.197488	0.130008	0.182642	-0.232398	-0.078778	0.091808	-0.051318	-0.088342	0.167426	0.092961	0.301927	-0.150301	-0.019430	0.023830	-0.138838	-0.041566	-0.205716	0.154151	-0.050923	0.167721
-0.106564	-0.198260	-0.164536	0.133000	0.266499	-0.132419	-0.075414	-0.085013	0.365320	-0.043063	0.138315	-0.154285	0.130667	0.061403	0.049316	0.208203	0.221964	-0.254422	0.035532	0.094627	0.221652	-0.001506	0.172154	-0.021699	0.215210	-0.124935	0.108340	-0.038291	-0.029029	0.150135	-0.047743	0.202059	0.032279	0.056063	-0.060239	-0.061359	0.051245	-0.078018	-0.062156	0.027516	0.173893	-0.121194	-0.005387	0.304331	-0.220551	0.010257	0.025033	0.025141	-0.020277	-0.015998
0.132394	-0.079475	-0.205779	0.042286	0.008643	-0.184211	-0.130511	0.230181	0.151284	0.233191	-0.008752	-0.144745	0.129245	0.041263	0.057726	0.098777	0.030265	-0.010583	-0.049177	0.003355	0.201828	-0.035659	0.195094	-0.012599	0.369038	0.079312	-0.038761	0.070512	0.111072	0.279605	-0.086239	0.274701	0.058519	0.061878	-0.000881	0.267453	-0.185934	-0.225639	-0.057530	-0.127159	-0.093919	-0.091742	0.034498	0.122572	-0.136759	-0.160329	0.097450	-0.052814	0.047505	-0.126514
0.181936	-0.045831	-0.095145	0.084862	0.020748	-0.158948	-0.055976	0.253541	0.288419	-0.085945	0.105195	0.035373	0.041503	0.202515	0.023995	0.338422	0.022173	-0.089548	0.060221	0.135589	0.347358	-0.067553	0.070942	-0.220346	0.280136	0.001402	0.082162	0.005287	0.019945	0.198462	-0.118736	-0.040871	0.123529	0.091402	0.061702	0.036391	-0.049644	-0.191937	0.158203	-0.148808	-0.011470	-0.206156	0.095737	0.138354	0.029588	-0.092019	0.056087	-0.015687	0.201604	-0.070897
-0.073450	-0.345158	-0.000367	0.077506	0.095993	-0.353159	-0.110971	0.031551	0.099119	0.034149	0.001222	-0.001089	-0.091738	-0.011849	0.007780	-0.130721	0.061956	-0.000070	0.084196	0.005440	0.171376	0.199529	-0.285736	-0.104768	0.240280	-0.008375	0.134270	-0.151288	-0.004786	0.243188	-0.133988	-0.008656	0.056772	0.157868	0.057207	-0.015470	-0.139474	-0.164415	-0.068230	-0.051856	0.106565	-0.160435	0.009138	0.390836	-0.172823	-0.047988	0.096019	0.097669	0.098971	-0.026514
-0.023819	-0.237058	-0.086057	0.332902	0.159284	-0.010774	-0.135611	0.198600	0.299898	0.057820	-0.164240	0.099275	0.031173	0.006081	0.139153	0.045724	0.027817	0.097259	0.013082	-0.070994	0.079570	0.172458	-0.055245	-0.148920	0.299980	-0.118684	0.047889	-0.056502	0.031574	0.238363	-0.279523	-0.045221	0.035734	0.069611	0.050797	0.156359	0.047264	0.020257	0.074870	-0.075043	0.069336	-0.275500	-0.000436	0.115412	-0.305371	-0.066955	0.131050	0.008729	0.041139	0.084116
0.023847	-0.091940	0.067181	0.087825	0.076933	-0.116324	-0.219995	0.016360	-0.005496	-0.115555	-0.016073	-0.012903	0.165070	-0.111790	0.055560	0.114106	0.080100	-0.125436	0.083019	-0.136072	0.292650	0.205656	0.096659	-0.010965	0.244377	-0.032849	0.184416	-0.120648	0.062830	0.157766	-0.003127	-0.052234	0.026980	-0.034126	0.081961	-0.022669	-0.080073	-0.253663	0.256533	-0.167701	-0.087599	-0.411508	-0.029377	0.124233	-0.337105	-0.072415	-0.138120	0.011037	0.080674	-0.057982
0.049640	-0.150918	-0.169428	0.056914	0.096825	-0.108741	-0.084020	0.091713	0.143055	-0.124089	-0.012828	-0.150888	0.191053	0.006166	0.022164	-0.029413	0.139945	-0.117994	0.004158	-0.191801	0.439995	0.229814	0.063858	-0.031243	0.292169	-0.089835	0.123334	-0.198029	0.050137	0.211761	0.006529	-0.063455	0.048273	0.107116	-0.006564	-0.125251	-0.009497	-0.158895	0.025317	-0.025361	0.044141	-0.181613	-0.027297	0.139633	-0.308477	0.027447	0.150018	0.093857	0.080518	-0.208212
-0.042342	-0.161584	0.016530	-0.077909	0.193232	-0.303777	-0.011934	0.179005	0.162488	0.080955	-0.081438	0.118217	0.089757	-0.002513	0.010552	-0.031225	0.207153	0.102842	-0.090778	0.057238	0.079564	0.147171	-0.074373	0.008791	0.254517	0.111383	0.079500	0.146041	0.157911	-0.012822	-0.050938	0.015818	0.170025	-0.083755	-0.080937	0.160952	0.116106	-0.268660	-0.009631	-0.082335	0.281548	-0.204150	0.024973	0.123634	-0.240605	-0.116213	0.098542	0.222289	-0.109965	0.263588
0.029451	-0.184092	-0.131331	0.004560	0.284494	-0.148110	0.019761	0.188337	0.163946	0.139113	0.110270	-0.188065	0.254397	0.058041	0.134852	0.225652	0.088540	-0.098901	-0.091962	-0.159549	0.249232	0.182698	0.203401	-0.156106	0.276399	0.174158	0.150946	0.114161	0.101178	-0.024354	-0.002925	0.166288	0.047538	-0.127374	0.037194	-0.004091	-0.109349	-0.150767	0.074073	-0.021258	0.018198	-0.221487	0.012837	0.073933	-0.184596	0.033611	0.138779	-0.053471	-0.061291	0.088740
-0.141175	-0.359473	0.045602	0.064547	0.155508	-0.119073	-0.100936	-0.009197	0.258001	0.062542	0.207231	0.032843	-0.049862	-0.085194	0.093801	0.125113	0.153098	0.107714	0.010247	-0.006560	0.185832	0.217792	-0.157737	-0.089302	0.170044	-0.210612	-0.016574	0.048711	-0.128296	0.242504	-0.057743	-0.074479	0.020673	-0.149191	0.014204	0.020293	-0.158234	-0.071871	0.275108	-0.084181	-0.100457	-0.298126	-0.052490	0.160747	-0.125498	-0.114403	0.065555	0.081093	0.183337	0.005484
-0.019595	-0.272958	0.084342	0.094360	0.108521	-0.213117	-0.100493	0.011293	0.160244	0.018339	0.160573	0.193224	0.015915	0.028810	0.038930	0.174550	0.200150	-0.113201	0.002367	0.141410	0.197421	0.319176	-0.062899	-0.058118	0.168153	-0.108472	-0.014016	-0.068094	-0.014586	0.165275	-0.104092	-0.062780	0.002941	0.081907	0.000122	0.154157	-0.112649	-0.231742	0.276057	-0.134482	-0.002297	-0.100493	-0.105403	0.181144	-0.307186	-0.183172	0.018640	0.005700	0.190418	0.038493
-0.027505	-0.221593	-0.003535	0.070684	0.143482	-0.178662	-0.140522	0.012239	0.222659	-0.032165	0.239329	-0.043297	-0.049247	0.171245	0.135687	0.285043	0.271260	0.064845	0.002142	0.001736	0.203366	0.147757	-0.146616	-0.053128	0.193162	0.003139	0.170919	-0.124116	0.039668	0.267859	0.019211	-0.133580	-0.014602	-0.039180	-0.063201	0.134657	-0.176767	0.008641	0.189404	-0.245337	0.057261	-0.071893	-0.117697	0.140080	-0.085092	-0.154142	-0.094275	0.048248	0.092783	-0.220836
-0.103141	0.047863	-0.076379	0.193071	0.148534	-0.320456	-0.150233	0.046696	-0.073952	-0.007970	-0.023598	0.074431	-0.099193	0.023039	0.053894	-0.029205	0.084120	-0.161007	-0.306413	-0.087168	0.314116	-0.065627	-0.120274	-0.059637	0.198140	0.013939	0.090293	-0.215968	-0.088431	0.034199	-0.202852	0.034192	0.039567	0.137794	-0.123106	0.030820	0.063821	0.072027	0.208412	0.251102	-0.021791	-0.218014	0.177983	0.231062	-0.108237	-0.060259	0.210191	0.058861	0.007716	-0.138308
0.083092	0.103933	-0.132930	-0.069441	0.114389	-0.022705	-0.222909	0.145511	0.179863	-0.023432	-0.030551	-0.187846	-0.013619	0.021689	0.188728	0.010693	-0.044908	0.109172	-0.181408	-0.141764	0.278062	-0.028488	0.169748	0.194735	0.229515	0.156977	0.046606	0.008891	0.073425	0.120184	-0.087839	-0.048390	-0.184579	-0.215935	-0.188041	0.148690	0.016631	-0.064367	0.126942	-0.165177	-0.174632	-0.109625	0.054227	0.109072	-0.212371	-0.223754	0.167830	0.256602	-0.033080	-0.122286
-0.020399	0.039512	-0.028720	0.171220	0.153436	0.196574	0.161946	0.107009	-0.119312	0.138271	0.045830	-0.043156	0.027369	-0.065461	-0.232718	-0.068467	0.070453	0.039304	0.035839	0.080127	0.200079	-0.191607	0.008695	-0.007549	0.203585	-0.001319	0.144071	-0.238316	-0.030386	-0.039618	-0.022016	0.049879	0.017219	-0.124978	-0.169657	0.078009	-0.098650	0.076604	0.211131	-0.044494	0.365719	-0.214960	0.049092	0.220032	-0.382291	0.009876	0.184071	0.101949	-0.040305	0.124098
0.076233	-0.158236	0.187972	0.272983	0.115785	0.032976	-0.069061	0.225709	0.197965	0.288514	0.095433	-0.090541	0.326490	0.092705	0.144741	0.019241	0.063433	-0.018747	-0.109819	-0.096502	0.171291	0.030167	0.020345	-0.116155	0.217311	-0.090108	0.115742	-0.023019	-0.110453	0.280060	-0.049598	-0.040831	-0.002851	-0.008893	-0.182058	0.038192	0.004226	-0.090689	0.173335	-0.227939	0.110596	0.032995	-0.075334	-0.066862	0.022840	0.132342	-0.004528	0.093739	-0.080475	-0.311752
0.104727	-0.148493	0.129511	0.076974	0.003718	0.021690	-0.025050	0.377882	0.153089	0.089324	0.174994	-0.135243	0.053020	-0.128442	0.207689	0.211874	0.052765	0.022000	-0.118506	-0.100581	0.112275	0.056524	-0.085643	-0.098654	0.051516	0.017055	0.121244	-0.057456	-0.182813	-0.004819	-0.120801	0.084335	0.170762	0.162726	-0.251486	0.121856	0.228417	-0.223461	0.218194	0.014700	-0.025736	-0.007443	-0.198236	0.162911	-0.029772	0.074610	0.162461	0.090166	0.232717	-0.175975
-0.042277	-0.045152	-0.217371	-0.012488	0.001381	-0.078327	-0.015252	0.286832	0.012134	0.139878	0.106467	0.022507	0.054727	0.180570	-0.123176	0.300507	-0.146494	-0.099652	-0.300403	0.148013	0.003905	0.005585	-0.135814	0.029322	0.227385	-0.173032	0.005688	-0.171752	0.035585	0.131555	-0.027544	-0.031065	0.250889	-0.160437	-0.283331	0.098372	0.169207	-0.003742	0.304367	-0.118312	0.178222	-0.074071	-0.006371	-0.011793	-0.113978	0.115950	0.092622	0.038587	0.072143	-0.008444
-0.007668	-0.074058	0.109883	0.187401	0.195314	-0.173233	0.018947	0.145668	-0.082897	0.043365	0.134645	-0.034609	0.098368	-0.140202	-0.037663	0.212010	-0.091340	-0.131269	-0.003394	0.013659	0.368326	-0.175536	0.155312	-0.164692	-0.009132	-0.065887	-0.014522	0.139051	0.115223	0.110302	-0.188070	-0.012126	-0.006138	0.086487	-0.105736	-0.071314	-0.191786	-0.037071	0.174898	-0.053554	-0.062449	-0.098435	-0.021159	0.140936	-0.310521	0.010476	0.156875	0.361385	0.188193	-0.094167
-0.071262	-0.286698	0.083149	0.088895	-0.131247	-0.188017	0.274769	0.410626	0.092437	0.175225	0.039896	-0.026076	0.067119	-0.038117	0.006221	0.175121	-0.062024	0.041485	-0.195019	-0.157184	0.216765	-0.068262	0.060276	-0.065336	0.031880	-0.065772	0.066007	0.101977	-0.179342	-0.012815	-0.265481	-0.026009	0.030077	0.013119	-0.136580	0.102165	0.127926	-0.106669	0.147278	-0.023217	0.083494	-0.097691	-0.060788	0.095857	0.038232	0.168292	0.144586	-0.077200	0.147165	-0.289400
-0.063262	-0.179851	0.278739	0.099724	0.064441	-0.062093	0.101662	0.334479	0.008260	0.018798	0.165799	-0.025485	-0.020549	0.032812	0.151404	0.131904	-0.119026	-0.110427	-0.138542	-0.135981	0.185233	0.044016	0.020570	-0.286887	0.002044	0.037005	0.170110	-0.155304	0.058606	-0.007971	-0.166602	0.092386	0.153716	-0.095932	-0.150352	0.159944	0.009688	-0.025314	0.309976	-0.273865	-0.004538	-0.158956	-0.260628	-0.006150	-0.120591	0.025287	0.123134	-0.002757	-0.133098	-0.063310
-0.047157	-0.163774	0.106323	0.153163	0.038459	-0.094855	-0.258582	0.282194	0.034230	0.142180	0.125858	-0.027817	0.088939	-0.005104	0.034948	0.270941	-0.130203	0.017820	-0.031193	-0.023248	0.048622	0.042472	-0.006108	-0.307035	0.127731	-0.080578	-0.051005	0.125536	0.003199	0.047728	-0.352175	0.017054	0.021839	-0.019675	-0.289902	0.173241	0.214841	-0.039630	0.156419	0.035085	-0.024514	-0.039369	-0.240519	-0.000566	-0.138641	0.094599	0.288169	-0.001265	-0.093408	-0.073007
-0.025818	-0.045505	-0.039169	0.028231	0.153915	0.072444	0.120341	0.207750	0.110134	0.051659	0.037424	0.105622	0.074654	0.175525	-0.112801	0.200503	0.048771	-0.008210	0.084594	0.021664	0.302405	0.148830	-0.228057	-0.147697	0.170787	0.001353	0.130268	-0.170120	-0.064985	0.106302	-0.137499	0.115983	0.072656	-0.003276	-0.298413	0.061920	-0.173990	-0.118699	-0.011094	-0.085651	-0.128562	-0.083590	-0.143135	0.100038	-0.164596	0.343262	0.298195	0.172418	0.060447	-0.001992
-0.206759	-0.081559	0.123134	0.022881	0.159762	-0.116324	0.008203	0.163041	0.008717	-0.078407	0.288078	0.014772	0.203192	0.096360	-0.177102	0.072182	0.020035	-0.177615	0.049365	-0.117127	0.232729	0.042838	-0.159019	0.058320	0.139108	-0.107635	0.154715	-0.144601	0.261121	-0.002425	-0.033183	-0.041900	0.159405	-0.251683	-0.299078	0.138123	0.078237	-0.158415	0.152725	-0.235314	-0.092864	0.062241	-0.032845	0.088621	-0.094112	-0.211312	0.131815	0.055768	0.055573	-0.085457
-0.104014	0.117990	0.026691	0.075022	-0.106884	-0.121441	-0.117498	0.131719	-0.008122	0.209807	0.231379	-0.098854	-0.117082	0.184853	0.006516	0.071326	-0.184155	-0.047557	0.008844	-0.138946	0.228210	0.045221	-0.121898	-0.088129	0.211774	0.072318	-0.044021	0.144412	0.029433	0.085013	-0.003232	-0.009186	0.021213	-0.245908	-0.229110	0.023553	0.153030	-0.028592	0.225625	0.041729	0.130590	-0.177443	-0.241686	-0.012513	-0.250035	0.028285	0.378196	0.055404	0.087094	-0.151184
-0.106584	-0.242439	0.403084	-0.007118	0.033756	0.021115	0.147437	0.294695	-0.032577	0.091397	0.239705	0.019226	0.160630	0.015373	-0.120775	0.031899	0.022180	0.068603	-0.179650	0.036368	0.086937	0.067726	-0.109369	0.126372	0.216564	0.011204	0.019467	-0.161120	-0.050203	-0.048449	-0.227610	0.006332	0.176437	0.045959	-0.330238	0.172451	-0.161697	0.054141	0.032774	0.069940	-0.034854	0.023260	-0.102570	0.090853	-0.031910	0.119476	0.262369	0.116550	-0.118082	0.007978
-0.116376	-0.225088	0.264754	-0.032651	-0.102114	-0.154923	0.193409	0.292171	-0.028925	0.243849	0.028997	-0.117582	0.140521	0.075621	-0.062425	0.091282	0.053446	-0.159575	-0.163206	0.098081	0.198945	0.134272	-0.099180	-0.152972	0.082718	0.026064	0.026902	0.168117	-0.066943	0.170762	0.027673	0.050003	-0.006808	-0.030580	0.205704	0.141081	0.027882	-0.158667	0.199664	0.001586	-0.012878	-0.161762	0.017390	0.084960	-0.296516	-0.015876	0.275907	0.090266	0.123773	-0.123673
0.020648	-0.224990	0.226042	-0.051951	0.115682	-0.076707	0.032323	-0.006476	0.171744	0.059766	0.039813	-0.123314	-0.150462	0.104483	-0.001242	0.128939	0.150911	0.081433	0.020379	-0.092819	0.102703	0.292346	0.053492	-0.035102	0.019810	0.007996	0.056724	-0.017879	0.034492	0.249186	-0.158857	0.149812	0.130048	-0.005583	-0.348656	0.255048	0.048954	-0.267762	0.212016	-0.182486	0.081168	0.090396	-0.067923	0.166624	-0.088844	-0.065095	0.178055	0.092305	0.193647	0.168450
-0.134745	-0.089189	0.070599	-0.047311	0.247685	-0.059022	-0.193572	0.330908	0.079990	0.201016	0.133006	-0.136084	0.069485	-0.009264	0.069182	-0.073997	-0.072228	0.006384	0.012114	0.117079	0.083748	-0.106482	-0.029962	-0.105521	0.126451	0.021813	0.041184	-0.022784	-0.165529	0.049745	0.038712	0.233238	0.076195	-0.037259	-0.461244	-0.068373	-0.126025	-0.134784	0.075250	-0.028468	0.078178	-0.268391	-0.179681	0.086316	-0.105667	0.190566	0.221852	0.110806	0.081158	0.064359
0.169951	-0.143441	0.097930	0.155697	0.207004	-0.252406	0.137212	0.369203	0.102644	0.082355	-0.006667	-0.057288	-0.034489	-0.097815	-0.062521	-0.005588	-0.106573	-0.077167	-0.096977	-0.231440	0.241416	-0.100158	-0.084233	-0.214236	0.208645	-0.078126	-0.144530	0.120588	0.016454	0.027605	-0.167979	0.051110	0.044241	-0.050248	-0.048457	-0.006133	0.147258	-0.021719	0.190550	-0.141953	-0.025737	-0.287627	0.008456	0.119097	-0.302615	-0.059823	0.071348	0.057721	0.101733	-0.064003
-0.029896	-0.079289	0.115535	-0.083837	0.023845	-0.161747	-0.039757	0.133791	0.101113	0.289902	0.244203	-0.135256	0.198389	-0.005428	0.097147	0.063792	-0.094473	0.215124	0.029726	0.072696	0.203370	-0.093891	0.000243	-0.119340	0.177557	0.078674	0.086124	-0.143842	-0.204943	0.152801	0.108795	-0.025341	0.111302	-0.234277	-0.199695	0.125854	0.033806	-0.015554	0.209775	-0.051750	-0.061247	-0.426638	0.081288	0.068084	0.011214	0.024000	0.174128	-0.111225	-0.137228	0.037419
-0.141892	-0.105676	0.161192	-0.130055	0.019761	0.015669	0.109471	0.121361	0.112032	0.018840	0.187938	-0.159618	0.187850	0.025808	-0.123911	0.101723	0.175840	0.338611	-0.006789	-0.000569	0.075433	-0.083519	0.011448	-0.006517	0.018110	-0.126409	0.014682	-0.159459	0.174259	0.113343	-0.065258	0.138087	0.355208	-0.011031	-0.211066	0.227481	0.001597	0.004442	0.261673	0.091190	0.071906	-0.299783	0.170484	0.145979	-0.121400	0.170552	0.049577	0.044040	0.046336	-0.030889
0.132325	-0.152490	0.136082	0.057514	-0.072122	-0.051044	-0.100514	0.335129	0.107344	-0.041492	0.235972	-0.092953	0.083648	-0.111680	0.075751	0.125940	-0.022013	0.005764	-0.153228	0.002112	0.233593	-0.104793	-0.085566	-0.063207	0.114365	0.101705	0.017778	0.065567	-0.091683	0.203902	-0.000182	-0.165425	0.178939	-0.133492	-0.252617	-0.019177	-0.056466	-0.139390	0.201705	-0.119501	0.019315	-0.210115	-0.171706	0.030809	-0.138591	0.159823	0.353149	0.190523	-0.081043	-0.058402
-0.093310	-0.206073	0.051166	-0.189933	0.008740	-0.028761	-0.030342	0.393337	0.129360	0.079400	0.282053	0.039072	0.019498	-0.130906	-0.080759	0.054836	0.029697	0.087067	-0.179832	0.027911	0.316820	-0.095386	-0.085211	-0.152999	0.062296	-0.200382	-0.018994	0.028375	0.020705	0.175706	-0.166980	-0.004497	0.061135	-0.247443	-0.260984	0.114973	0.074449	-0.092460	0.071955	-0.154472	0.082542	0.046513	-0.129931	-0.032375	-0.151307	0.102602	0.221559	0.114195	0.093344	-0.125331
0.043406	-0.268132	0.089591	0.088189	-0.075990	-0.128224	-0.143536	0.225511	-0.021457	0.070453	0.025554	-0.217155	0.123435	-0.012901	-0.144133	0.055023	0.068821	-0.000324	-0.023064	0.033156	0.165777	-0.146883	-0.243720	-0.191373	0.274385	-0.129412	-0.127714	-0.048012	0.012112	0.033507	0.031103	-0.033915	0.131466	-0.015613	-0.146384	0.205929	-0.047608	-0.021966	0.207619	-0.233829	0.094397	-0.173793	-0.280265	0.128282	-0.304117	-0.032444	-0.133964	0.115976	-0.123743	-0.050593
-0.078857	-0.175643	0.089957	0.048364	0.075690	-0.105058	0.026631	0.173800	0.378009	-0.008110	0.155374	0.087687	-0.026471	0.071419	0.138381	0.223259	0.002559	-0.072896	0.091265	-0.026282	0.253420	0.050404	-0.117691	-0.250091	0.045205	-0.025221	0.085690	-0.040278	-0.168820	0.173999	0.008479	0.304567	0.143207	0.098117	-0.169520	0.031480	0.119909	-0.157327	0.157972	-0.013395	-0.093266	-0.069421	-0.063815	0.115070	-0.194491	-0.148623	0.315187	0.056016	0.061326	-0.115615
-0.047825	-0.079849	0.077793	-0.058358	0.007640	-0.124226	0.110463	0.189964	0.197844	0.007418	0.120893	-0.334315	0.021532	-0.108621	-0.129701	0.061649	0.300665	0.015253	-0.026898	0.026933	-0.087344	0.017879	0.061597	-0.014655	0.289952	0.031339	-0.000375	-0.128593	-0.102687	0.176952	0.012440	0.230704	0.047450	-0.174162	-0.417133	-0.102507	-0.069223	-0.186313	-0.105365	0.173892	-0.046321	-0.250017	0.031427	0.124607	-0.108307	-0.092553	0.033984	0.023112	0.000724	-0.132968
-0.219819	-0.212843	0.172824	0.198048	0.081623	-0.071948	-0.055036	0.268616	-0.003415	0.207036	-0.014127	-0.118714	0.013893	0.084859	0.130925	-0.076070	0.094985	0.023310	-0.148905	-0.086464	0.183643	-0.004488	0.131456	-0.201237	0.046647	-0.014025	0.089513	0.152163	0.112891	0.021493	0.003272	-0.323318	-0.061411	-0.071339	-0.176348	0.210839	0.178359	-0.138070	0.099872	-0.045082	0.131453	0.055083	0.148713	0.168849	-0.270870	0.181277	0.201165	0.077325	-0.081661	-0.056272
-0.107170	-0.119807	0.061585	0.070844	0.175202	0.086272	-0.136132	0.165434	0.103870	-0.112222	0.233230	-0.144727	-0.049298	-0.067544	0.049246	0.027036	0.022234	-0.070790	-0.087717	-0.049198	0.255176	0.222621	-0.055543	-0.272777	0.183568	-0.185269	0.054452	-0.164421	-0.005942	-0.019453	-0.079232	-0.113307	0.037972	-0.095323	-0.180519	-0.020721	-0.063458	-0.070303	0.325622	-0.035771	0.310828	-0.260467	-0.083632	0.080003	-0.124103	0.252467	0.107726	0.069673	0.086456	-0.079675
-0.100438	-0.184441	0.188806	0.034046	0.059785	-0.121492	-0.031765	0.307887	0.149293	0.115584	-0.120628	0.001231	-0.148707	0.155251	0.054485	0.223837	0.044301	-0.110973	-0.070526	-0.143241	0.172673	0.171210	-0.017543	-0.314407	0.216330	0.049873	-0.020226	0.002366	0.134332	-0.032404	-0.218990	-0.095360	0.037770	-0.166221	-0.153123	0.060869	0.179243	-0.138256	0.107128	-0.202460	0.133488	-0.012784	-0.080575	0.222276	-0.011932	0.088664	0.220326	-0.116412	0.165739	0.013732
0.061552	-0.018961	0.245130	0.070537	0.131283	-0.119347	-0.025788	0.349939	0.140786	-0.098617	0.129387	0.004800	-0.116054	0.221006	0.040356	-0.268474	0.075716	0.080705	-0.086275	0.025360	0.070352	0.000441	-0.034742	-0.031199	0.232070	-0.077091	0.060323	0.056134	0.127205	0.042747	-0.142634	-0.201010	-0.053908	-0.201645	-0.408867	0.172196	-0.083667	-0.195439	0.155133	0.031567	-0.044539	-0.024073	0.125673	0.174776	-0.228768	0.031495	0.057888	0.022119	-0.061298	0.023859
-0.035698	0.133554	0.202758	-0.086681	0.009828	-0.110663	-0.115721	0.360114	0.182953	-0.096257	-0.027613	-0.063511	0.102125	-0.011971	-0.102561	0.357744	0.063503	0.202955	-0.078788	0.002539	0.248634	-0.049906	0.153592	-0.107191	0.062265	0.041991	-0.039927	-0.105399	0.172171	0.244181	-0.061778	0.023842	0.034940	-0.129834	-0.152590	-0.002860	0.042550	-0.004778	0.055305	-0.099699	0.135761	-0.267900	-0.302268	-0.189146	-0.177563	0.033597	0.073222	0.038483	-0.047759	0.045758
-0.101763	-0.002960	0.154501	0.045597	-0.008845	-0.099431	-0.114269	0.185249	-0.084650	-0.097926	0.085317	0.029134	0.003510	-0.001244	0.040089	0.429615	0.032682	-0.059175	-0.038599	-0.078674	0.183417	-0.183228	0.050363	-0.032790	0.152165	-0.152665	0.156354	-0.033425	-0.010594	0.081513	-0.021954	-0.056549	0.109007	-0.096919	0.089042	-0.017062	-0.020834	-0.189883	0.191984	-0.205561	0.334033	-0.317819	-0.250263	0.140001	-0.106420	-0.123664	0.161186	0.124596	-0.147185	0.005812
-0.261708	-0.182850	-0.071102	-0.076505	-0.003407	-0.106803	-0.198505	0.091334	0.249150	-0.016414	0.218887	-0.282100	0.077724	-0.069137	-0.028745	0.137692	0.184413	0.076431	0.066034	-0.075854	0.066055	-0.071423	-0.060865	-0.127113	0.051492	-0.093366	-0.069704	0.151011	-0.148117	0.189801	-0.083935	0.058342	0.077731	-0.193246	-0.305834	0.152568	0.112890	-0.157774	0.106524	-0.140519	-0.068791	0.031964	-0.302927	0.202821	-0.111969	-0.027704	0.136966	0.073595	0.101353	-0.074086
-0.248293	-0.183592	0.101819	-0.015922	-0.021345	-0.039057	-0.091696	0.288929	0.024326	0.056755	0.095239	-0.215908	0.009308	-0.053296	-0.005245	0.194630	0.219164	-0.102547	0.000919	-0.047471	-0.086883	-0.147278	-0.130144	-0.233066	0.112464	0.039347	-0.042990	0.003004	-0.179093	0.258923	0.093954	0.021627	0.267640	-0.046466	-0.302734	0.167230	0.170503	-0.159567	0.099747	-0.164504	0.056279	-0.024180	-0.188599	0.139591	-0.103868	0.058050	0.045441	0.140463	0.160152	0.093269
-0.197465	-0.092031	0.139663	-0.041714	0.179104	-0.100776	-0.114700	0.135308	-0.009701	0.130892	0.103553	0.005209	0.017230	-0.184801	0.112030	0.225118	0.038155	-0.023941	0.003512	-0.176777	0.043688	-0.082991	0.017653	-0.032459	0.109866	-0.098484	-0.106888	-0.101039	-0.106201	0.253807	-0.130565	0.102069	0.238916	-0.187601	-0.183954	0.208103	-0.127642	0.003928	0.077080	-0.382133	-0.017412	-0.134064	0.003752	0.213457	-0.060313	0.181914	0.227265	-0.043900	-0.189098	-0.119609
-0.115897	-0.096374	-0.041441	-0.065805	0.219392	-0.052047	-0.100564	0.134635	-0.068287	0.058726	0.026091	-0.021801	0.101331	0.012504	0.092663	0.088721	0.037537	-0.026144	0.038048	-0.033954	0.089604	-0.176609	-0.020606	-0.097458	0.035625	0.009139	-0.145315	-0.219626	-0.141102	0.323497	-0.102778	-0.030631	0.376211	-0.097965	-0.199730	0.288529	-0.233220	0.017247	0.045943	-0.307467	0.000126	-0.166962	-0.107792	0.250920	-0.149219	0.085362	0.138864	-0.028719	-0.051398	-0.122604
-0.014832	-0.062657	0.152224	0.142185	-0.132072	-0.020103	0.095106	0.123049	-0.157138	0.142531	0.183584	0.000597	0.171084	-0.157468	-0.258516	0.191915	0.030261	-0.131162	0.156087	-0.157437	0.052252	-0.010144	0.159674	-0.049839	0.174983	-0.021215	-0.186258	-0.114274	-0.069650	0.170267	-0.260713	-0.090442	0.193463	-0.249492	-0.177293	0.000587	-0.193638	0.101114	0.245941	-0.060934	-0.137849	-0.114019	-0.010231	0.154775	-0.025018	0.122500	0.138943	0.111814	0.200110	0.022916
-0.181166	-0.259344	-0.058670	-0.079035	0.343149	-0.055719	0.031660	0.292617	0.084682	-0.093313	0.196447	-0.116320	0.020127	-0.073101	0.131780	0.147013	0.070991	-0.229057	-0.001964	-0.159941	-0.153037	0.043211	-0.013521	-0.036635	0.305893	-0.023001	0.129807	-0.037602	0.046397	0.071105	-0.102123	-0.134405	0.072072	-0.080201	-0.071268	0.177954	0.058860	-0.072154	0.053149	-0.171192	0.113025	-0.139290	-0.101672	0.327780	-0.005786	-0.015524	0.197791	0.155862	-0.092134	-0.027280
-0.157774	-0.255058	0.173592	-0.005999	0.203102	-0.108288	-0.027469	0.130832	0.120094	-0.085331	0.020518	-0.166780	0.197203	-0.221401	-0.027859	0.260848	0.107503	0.040203	0.127493	-0.031515	-0.072936	0.006726	-0.008826	0.096108	0.138718	-0.048873	0.104652	-0.182166	0.017963	0.153935	-0.189048	0.177401	0.027094	-0.012116	0.060425	0.030050	0.053213	-0.271885	-0.025899	-0.140875	0.328761	-0.248559	-0.129645	0.232602	-0.121374	-0.005424	0.039229	-0.105672	-0.066548	0.157780
-0.052175	-0.092854	0.245016	0.182141	0.271721	0.060848	0.032044	0.280057	0.041049	-0.039375	0.198965	-0.100254	0.172545	-0.006888	0.120075	0.181585	0.041589	-0.196140	-0.000539	0.095195	-0.117915	-0.107878	0.061467	0.109030	0.215563	-0.016308	0.112512	-0.057146	0.092874	-0.017767	-0.099243	-0.009638	0.154487	-0.061127	-0.067738	0.267322	0.192181	-0.093793	-0.001001	-0.186573	0.018809	-0.292654	-0.124933	0.235695	-0.132488	0.128380	0.139135	0.192614	-0.060639	0.028911
-0.146361	-0.233253	0.094784	0.282900	0.059872	-0.178750	-0.115892	0.305149	0.090075	0.067032	0.015871	-0.196896	0.208850	-0.010324	0.137029	0.053987	-0.004612	-0.147883	0.210304	0.073367	0.040191	0.007997	0.115685	0.042993	0.062769	-0.095020	-0.038196	-0.140014	0.243906	0.182630	-0.218535	-0.136020	0.166025	-0.156116	-0.073067	0.029352	0.021654	-0.069514	0.146538	-0.164140	0.290097	-0.049624	-0.186527	0.161379	-0.064766	0.006960	0.014837	0.001696	0.087697	-0.151719
-0.124214	-0.293215	0.077057	0.255550	0.057683	-0.104178	-0.049333	0.189960	0.156789	-0.033797	0.092264	-0.250975	0.226118	-0.006779	0.059827	0.164547	-0.066130	-0.024808	0.163975	-0.004092	-0.125742	-0.035789	0.157948	-0.011479	0.075338	-0.046482	0.060419	-0.014429	0.170157	0.166698	-0.125089	-0.091545	0.239344	-0.213232	0.079714	0.084897	-0.019512	-0.095736	0.219004	-0.051522	0.234705	-0.111332	-0.067806	0.304730	-0.086502	-0.130833	0.130598	0.093606	0.066098	-0.181281
-0.268961	-0.301942	0.179822	0.114760	0.067911	-0.088945	-0.047560	0.075212	0.115882	0.010934	-0.124955	0.048553	-0.065436	-0.131782	-0.014606	0.039660	-0.070090	-0.188064	0.094210	0.045144	-0.011698	0.105264	0.096861	-0.109220	0.173364	-0.095345	-0.012253	-0.068341	0.013257	0.100979	-0.157597	-0.161419	0.143007	-0.118267	-0.111307	0.222993	0.114413	-0.062452	0.215393	-0.179436	0.046142	-0.205748	-0.241927	0.306225	-0.241776	0.044030	0.138983	0.113609	-0.146954	-0.153374
-0.155788	-0.010168	0.005123	0.160925	0.114629	-0.115008	-0.069021	0.103124	0.170437	-0.047671	0.126904	-0.110590	0.010420	0.040015	-0.080686	0.086272	-0.101773	-0.244399	0.080342	-0.034963	-0.056779	-0.163955	-0.035096	-0.066083	0.343301	-0.115443	-0.037086	-0.207360	0.105954	0.055888	-0.104746	-0.087218	-0.125275	-0.166490	-0.082958	0.187125	0.053065	-0.118441	0.163396	-0.172020	0.203881	-0.220693	-0.282627	0.208370	-0.173582	0.098703	0.159010	0.057441	-0.016111	-0.264454
-0.185842	-0.038369	0.293311	0.071197	-0.024573	-0.100777	0.256405	0.032865	0.171803	0.016229	0.209153	-0.116780	0.228439	-0.003932	-0.015862	0.077511	0.059266	0.131585	-0.078254	0.029327	-0.121579	-0.123069	0.023839	-0.093687	0.196554	-0.163367	0.077507	-0.240024	0.039792	0.112259	-0.248017	-0.101206	-0.054643	-0.069600	0.128974	0.194324	0.155324	-0.157022	-0.022457	-0.187684	0.251516	-0.163571	0.008903	0.197422	-0.201249	-0.105038	-0.078545	0.079658	0.118116	-0.117949
-0.262165	-0.325628	-0.032896	-0.014250	0.061924	0.103645	0.066861	0.177392	0.035600	-0.004627	-0.031591	0.021236	0.116577	-0.018960	0.220489	0.030459	-0.124703	-0.069708	-0.107877	0.085619	0.143853	0.033429	0.009019	-0.210509	0.104427	-0.099393	0.003197	-0.224693	0.097240	0.281047	-0.174897	0.005580	0.399291	-0.231112	0.041086	-0.056941	-0.101788	-0.141580	-0.002550	0.027199	0.034719	-0.112428	-0.139420	0.147026	-0.207471	0.057214	0.023081	0.106927	0.083632	-0.205351
-0.173847	-0.257559	-0.006687	-0.089620	0.043885	-0.168901	-0.036574	0.192276	-0.006710	0.103744	0.122083	-0.032888	0.004545	0.043820	0.173014	0.126747	0.018778	-0.019019	0.136008	0.191000	-0.112274	-0.133416	-0.020811	-0.187744	0.075007	-0.001490	0.227759	-0.128446	-0.037713	0.142294	0.042656	0.041054	0.127526	-0.076236	-0.189518	0.174797	0.014186	-0.015377	0.174943	-0.101399	-0.119046	-0.247010	-0.208185	-0.054239	-0.193489	0.058778	0.292101	0.176808	0.305734	-0.169191
-0.247459	-0.329560	-0.108309	0.010353	0.098066	-0.178172	-0.000035	0.189539	0.128488	-0.015988	0.024341	0.094523	0.109473	0.011611	0.017710	-0.028312	0.262493	-0.136579	-0.041901	-0.053311	-0.047844	0.087265	-0.197348	0.048534	0.152065	0.021752	0.135668	-0.137353	-0.068448	0.215639	0.024528	0.025220	0.288766	-0.195080	-0.099905	0.171424	0.008884	-0.026635	-0.140065	-0.103202	0.090534	-0.088470	-0.127322	0.126849	-0.309133	-0.036723	0.049869	0.017135	0.145707	-0.289371
-0.122354	-0.316033	0.019464	-0.001921	0.157736	0.074094	0.268945	0.206184	0.044543	0.025021	0.029810	-0.036005	0.051255	-0.008416	0.018765	0.213627	0.000767	-0.072161	0.046941	0.251522	0.053056	-0.046174	-0.049621	-0.196539	0.076703	0.194687	0.113367	-0.153540	0.053565	0.201749	-0.027805	0.010100	0.374004	-0.136177	-0.239823	-0.005274	-0.021519	-0.093682	-0.041464	-0.036472	0.161091	-0.109347	-0.050043	0.002573	-0.266524	0.001002	0.068546	0.023575	0.164347	-0.269685
-0.206256	-0.403621	0.096566	0.026478	0.006541	-0.120995	0.076142	0.115640	-0.138595	-0.042354	0.071257	-0.119199	0.054115	0.029929	0.106577	0.229857	0.102600	-0.077556	0.013394	0.031286	-0.034189	-0.030406	-0.151540	0.176622	0.196710	0.036117	0.141241	-0.030910	0.003341	0.340585	-0.054953	-0.097577	0.365235	-0.021895	0.056585	0.073636	0.089733	-0.009928	-0.038059	-0.125014	0.030769	-0.144624	-0.020854	0.064389	-0.213438	-0.096009	-0.014751	0.112832	0.288862	-0.183363
-0.117933	-0.208887	0.108627	-0.019058	0.064498	-0.054888	0.122628	0.191969	0.136591	-0.087799	-0.036626	-0.044554	0.046305	0.203662	-0.004570	0.217469	-0.046132	-0.068587	0.039380	0.191460	0.099885	0.094429	-0.168054	-0.290529	0.192952	-0.017577	0.123959	-0.260066	0.059407	0.062330	-0.032156	0.084205	0.075040	-0.189154	-0.206257	0.094597	-0.085275	-0.096820	0.014333	-0.042141	0.071008	-0.251891	-0.146503	-0.042463	-0.205593	0.280949	0.116340	0.137718	0.176801	-0.222926
-0.141285	0.026587	0.238610	0.085142	0.215277	0.015564	-0.000455	0.092693	0.273096	-0.037513	-0.046104	0.008527	0.085695	0.067166	-0.145687	0.071918	0.229245	0.052477	-0.008842	0.005811	0.172094	-0.081186	0.073616	-0.163138	0.071998	0.120635	0.073741	-0.082880	-0.024312	0.137874	-0.204207	-0.076849	0.252751	-0.343482	-0.084249	0.085737	-0.096644	-0.006436	-0.077825	0.051331	-0.136457	-0.043879	0.101530	0.127829	-0.271053	-0.105210	-0.039783	0.176727	0.298111	-0.229821
0.185018	0.050803	0.180364	0.003200	-0.017720	-0.340394	0.136331	0.053679	-0.094598	-0.091267	0.028041	0.095362	0.052400	-0.172933	0.045195	-0.069785	0.190083	0.167388	0.192330	-0.144248	0.143883	-0.112013	0.018238	0.082033	0.298231	-0.037985	0.054463	-0.028917	-0.119046	0.152486	-0.145574	-0.042343	0.002471	-0.089614	-0.297810	0.052016	0.046239	-0.064173	-0.142631	-0.134426	-0.031937	-0.113975	-0.034571	0.287643	-0.219728	0.100063	0.120190	0.103577	-0.164495	-0.238423
-0.008191	-0.036719	0.189111	-0.125291	-0.013881	-0.244456	0.056397	0.114210	0.101091	-0.091457	0.073557	0.050968	0.188039	-0.231470	0.031046	0.011087	0.083966	0.089718	0.168288	-0.100162	0.056020	-0.079143	0.097536	0.082450	0.315913	-0.166301	-0.055886	0.085179	-0.109339	0.094760	-0.346854	-0.006490	-0.050321	-0.061383	-0.318558	0.094975	0.064760	-0.079525	-0.222518	-0.078552	-0.071733	-0.171153	-0.042278	0.234511	-0.102735	0.126372	-0.009312	0.068337	-0.147496	-0.262270
-0.197102	-0.145196	-0.032478	0.208032	0.053341	-0.086885	-0.160903	0.166302	0.069996	-0.016142	-0.002977	-0.223349	0.033615	0.058974	-0.204541	0.157071	0.164280	-0.087745	-0.041204	-0.158661	0.008559	-0.069887	0.010803	0.049850	0.183479	-0.074082	0.146508	-0.029480	0.150316	0.195831	-0.041400	-0.115401	0.083981	-0.202675	-0.075184	-0.104339	-0.027556	0.014145	0.061860	-0.122209	0.010108	-0.284963	-0.361806	0.292119	-0.294054	-0.037280	0.095429	0.096491	-0.004058	-0.104028
-0.091509	-0.041726	-0.075949	0.162103	0.098290	-0.024413	0.159094	0.177595	0.098510	-0.079137	0.073505	-0.148272	0.072012	0.041676	-0.061989	0.058606	-0.065623	0.085343	0.015549	-0.159507	0.126835	0.003900	0.110015	-0.140818	0.282821	-0.244278	0.211547	-0.075180	0.201898	0.225866	-0.089396	-0.070025	0.009361	-0.180905	-0.077594	0.174819	-0.071325	-0.084107	0.117344	-0.218056	0.174381	-0.193426	-0.306433	0.289758	-0.207994	0.025259	0.111134	-0.005174	-0.048993	-0.076776
-0.305578	-0.261415	0.136943	0.104544	0.093710	-0.187699	0.009327	0.100273	0.029932	-0.070835	0.139959	0.055758	-0.027482	-0.001151	0.095030	0.138957	0.101477	-0.085814	0.004754	-0.043109	0.149465	0.094844	0.185079	-0.323583	-0.017827	-0.042032	-0.095909	0.005763	-0.119643	0.300801	-0.037495	0.136074	-0.099240	0.081442	-0.182559	0.165576	-0.110764	-0.143301	0.177380	-0.071690	0.081819	-0.270369	-0.111240	0.267482	-0.042970	0.156608	0.070794	-0.014459	0.091625	0.143295
-0.124863	0.032221	0.199125	0.204646	0.061045	-0.083310	-0.065765	0.111963	-0.099758	0.107882	-0.120647	-0.141713	0.068221	0.025810	-0.062881	0.031786	0.018247	0.167827	-0.002066	0.061695	0.234221	-0.208447	-0.000242	-0.148539	0.176108	-0.005026	0.011576	-0.059338	0.023691	0.408869	-0.025222	0.251533	0.039696	-0.123079	-0.234304	0.007359	-0.021278	0.022025	0.024931	-0.169064	0.243177	-0.315763	-0.108113	0.015713	0.083630	0.161020	0.200994	0.204094	-0.015735	-0.031073
-0.101931	-0.153336	0.104300	0.186303	-0.041938	-0.123437	-0.002813	0.103505	0.002418	0.028192	-0.119997	-0.138068	-0.134397	-0.058978	-0.119992	0.069525	0.101580	-0.056437	0.095727	0.168705	0.125474	-0.076789	0.118837	-0.181371	0.196406	0.093476	-0.099939	-0.174796	0.266741	0.381869	0.039678	0.084201	-0.156630	-0.094023	-0.156506	0.066024	-0.041277	-0.251617	0.030234	-0.104079	0.019361	-0.278014	-0.195874	0.179764	-0.160639	0.001802	0.233676	-0.010957	0.125824	0.027890
-0.087496	-0.026388	0.060672	0.090075	0.099869	-0.102376	0.038715	0.090284	0.223727	0.260782	0.146289	-0.082841	0.019619	0.034430	-0.002987	-0.085278	0.134851	0.132745	-0.016376	0.009454	0.043877	0.006174	-0.131455	-0.011986	0.086896	-0.046133	0.109374	-0.073371	-0.141834	0.285539	-0.244684	0.134929	-0.028052	-0.201753	-0.268500	0.167981	0.177539	-0.175773	-0.006534	-0.188083	-0.022388	-0.005276	-0.080832	0.299421	-0.140667	-0.216037	0.255715	-0.000371	0.166823	0.190372
-0.139979	-0.148262	0.224097	0.035704	0.142780	-0.289067	-0.049873	-0.108297	0.014717	-0.014711	0.103408	0.152724	0.019274	-0.119487	0.093259	-0.013852	-0.173549	-0.016090	0.012534	-0.182632	0.170919	0.106379	0.159273	0.012380	0.293421	0.014828	0.105338	-0.038319	0.103001	0.084665	-0.027037	0.069176	0.077827	0.046070	-0.280948	0.203284	-0.220060	0.127978	0.055637	-0.004937	0.301559	-0.199855	-0.115490	0.206965	-0.166927	0.025456	0.131829	-0.059257	0.021017	-0.213091
-0.195903	-0.062263	0.198477	-0.004345	0.106557	-0.421340	0.037402	-0.098390	0.047028	0.156014	0.105109	0.083938	0.017375	-0.039557	0.049780	-0.032969	-0.144005	-0.094294	-0.021837	-0.022631	0.159615	0.017708	0.020566	-0.022596	0.274610	-0.223456	-0.056764	-0.123261	0.003921	0.046544	0.042380	0.056536	0.159141	-0.180453	-0.204070	0.261204	-0.073387	0.063068	0.049613	-0.183385	0.171829	-0.318673	-0.011527	0.265488	-0.062973	0.117550	0.114700	-0.068246	0.034959	-0.091054
0.009235	-0.179413	0.076959	0.027933	0.167330	-0.157712	-0.160023	0.056121	0.073733	-0.033265	0.067233	-0.192072	0.140783	-0.142347	-0.034768	0.078470	0.080591	-0.198861	0.135032	-0.363223	0.133946	0.279130	-0.173192	0.081982	0.051778	-0.095112	0.151234	-0.060950	0.090108	0.166913	-0.085883	0.069352	0.052750	-0.070850	-0.168619	0.042138	-0.034167	0.058818	0.051563	-0.182120	0.128947	-0.316125	0.075761	0.320512	-0.180312	0.040341	0.063686	0.163308	-0.009174	-0.017046
-0.053487	-0.209185	-0.077459	0.183564	0.246863	0.027903	0.030271	0.163566	0.002018	0.135463	0.237717	-0.062637	0.027454	0.093480	0.100373	0.200742	-0.013133	-0.067062	-0.110113	0.088718	0.167413	0.021421	-0.065879	-0.041923	0.051988	-0.064006	-0.096325	-0.058121	0.086082	0.382912	-0.072253	-0.125074	0.328664	-0.186340	-0.008502	0.218113	0.043238	0.150823	0.180553	-0.096916	0.032989	-0.108520	-0.063003	0.276583	-0.151576	-0.201727	-0.010893	0.072868	-0.101682	-0.047717
0.104429	-0.048854	0.098215	-0.003583	0.242191	-0.100328	-0.110923	0.098959	0.117751	0.082521	0.276919	0.006855	0.127367	0.113380	0.010245	-0.069368	0.091945	0.181741	-0.023272	-0.181112	-0.027328	-0.132616	-0.036766	0.159405	-0.005552	0.025189	-0.154527	-0.180049	0.008827	0.315868	-0.262341	-0.049233	-0.058879	-0.115939	-0.201842	0.178135	-0.004398	0.031071	0.327587	-0.086999	0.076624	-0.078752	-0.014416	0.208635	-0.066584	-0.009838	0.261756	-0.077832	0.239423	0.096768
-0.007265	-0.293030	0.152592	-0.070940	0.008858	-0.235194	-0.085474	0.129675	0.351499	0.202884	0.096230	0.070426	0.118255	0.115701	-0.028193	0.048722	-0.238149	-0.063028	0.068584	0.018360	0.049800	0.096245	-0.173206	-0.146268	0.279117	-0.071610	0.081350	-0.055272	0.107834	0.065810	0.023454	-0.087855	0.145370	-0.041503	-0.103121	0.340886	0.208744	0.028178	0.095359	0.012433	0.012546	-0.194539	-0.052146	0.088635	-0.201512	-0.164590	-0.015441	-0.102306	0.010438	-0.143445
-0.149945	-0.035329	0.130202	0.057942	-0.051387	-0.014450	-0.061351	0.069527	0.071711	-0.187219	-0.103328	-0.026055	0.028474	-0.013970	0.063917	0.243180	0.275218	-0.199923	0.111670	-0.090919	0.288349	-0.038322	-0.095355	-0.167513	0.100759	0.109256	-0.099975	-0.257809	0.184843	0.101493	-0.231425	-0.122518	0.250461	-0.087140	-0.171495	0.145181	-0.033186	0.060370	0.116642	0.094889	-0.150650	-0.234544	0.190891	0.144005	-0.023110	-0.070893	0.074951	0.229686	0.109092	-0.006836
-0.068344	-0.094857	0.123216	-0.051586	-0.015834	-0.248059	-0.039673	0.106778	-0.098213	-0.161951	0.287922	0.057859	0.144068	-0.019572	0.398282	0.231219	-0.104552	0.013602	-0.138634	0.028730	0.137026	-0.046849	-0.081442	0.023429	0.288759	0.014678	0.085606	0.134283	-0.084487	0.062884	-0.064227	0.122182	0.176965	0.056205	-0.157771	0.326004	-0.082466	-0.014562	-0.123777	-0.053952	0.147629	-0.073758	-0.185387	0.102599	-0.209934	0.132606	0.032671	0.004040	0.101621	-0.062246
-0.080633	-0.275571	0.009538	-0.068793	-0.149688	-0.334470	0.135712	0.199461	0.133278	-0.093365	0.124543	-0.010771	0.042624	-0.047715	0.212737	0.244536	0.051197	-0.063983	-0.204015	0.192169	0.248875	-0.002130	-0.068687	0.079375	0.177425	0.172627	0.138533	-0.031871	0.094111	0.244877	-0.031371	-0.078177	0.177521	0.051362	-0.031716	0.044930	-0.139886	-0.061464	-0.129170	-0.189513	0.189293	-0.146116	-0.019438	0.073989	-0.107554	0.100432	0.038490	0.142386	0.183790	-0.004981
-0.251865	-0.080825	0.194729	0.055417	0.066136	-0.233042	-0.205338	0.029414	0.263685	-0.008733	0.114997	-0.108533	0.166952	-0.038821	-0.100997	0.128415	0.237176	-0.160478	-0.089990	0.128618	0.150527	0.064229	-0.011573	-0.032342	0.302524	0.105171	0.223311	0.078949	0.070637	0.062943	-0.086856	-0.099702	0.178001	-0.010684	-0.225876	0.093442	-0.075318	0.122541	0.104480	-0.210455	0.194308	-0.204607	-0.119116	0.153305	0.098438	0.008822	-0.003069	-0.095505	0.110699	0.031793
-0.334469	-0.021492	-0.093192	-0.005146	0.021167	-0.243469	0.012754	0.187466	0.079034	-0.068242	-0.083547	0.001324	-0.033871	-0.042654	-0.032722	0.102692	-0.112989	-0.046911	-0.142865	0.064906	0.243021	0.168824	-0.053636	0.074303	0.411037	0.161228	0.258907	0.123427	0.011566	0.272733	-0.037088	-0.075370	0.114442	-0.035569	-0.268687	-0.010918	-0.018562	0.001321	0.086847	-0.201153	0.088031	-0.111872	-0.073184	0.153099	-0.071848	-0.149024	0.170398	-0.106295	0.072162	0.011231
0.043901	-0.221281	-0.086348	-0.136707	-0.006924	-0.075612	-0.007477	0.357113	-0.001348	-0.039035	0.118693	-0.014092	0.019486	-0.141116	-0.032834	0.080590	0.113874	0.049940	-0.106480	-0.035852	0.172740	-0.243276	-0.235118	-0.088937	0.118409	0.111717	0.069992	0.076144	-0.001165	0.191012	-0.099781	0.065776	-0.123125	0.037579	-0.195086	0.324298	-0.127615	-0.172665	0.054564	-0.203000	0.054753	-0.345350	0.079347	0.108445	-0.035019	0.211095	0.072013	-0.150157	0.067094	-0.096127
0.023634	-0.030917	0.181434	-0.167799	0.056190	-0.210956	-0.177313	0.119216	0.177011	0.068519	0.040704	-0.046088	0.041560	0.032149	0.140255	0.017365	0.012411	-0.035914	-0.223934	0.100519	0.128586	0.121939	0.037921	0.092657	0.136025	0.035073	-0.009710	-0.188007	-0.104146	0.101497	-0.181837	0.132971	0.162732	-0.238136	-0.383673	0.245808	0.130891	-0.141332	0.136210	0.073831	-0.000337	-0.198698	-0.025043	0.023266	-0.111640	-0.008737	0.315569	0.165864	0.015885	0.137488
0.018567	-0.259507	0.120998	0.026551	0.135945	-0.032492	-0.158098	0.226409	-0.031620	-0.029498	0.074059	-0.089940	-0.039759	0.103562	0.023777	-0.146496	0.177419	0.115713	-0.097090	0.007880	-0.014307	-0.109256	-0.097790	0.183845	0.386698	0.139924	0.167003	-0.102201	-0.129528	0.210776	0.013424	0.043112	0.064031	-0.099106	-0.217270	0.235404	0.052253	-0.050905	0.205832	-0.147966	0.216899	-0.220010	0.178525	0.011195	0.098411	-0.044806	0.025520	0.202346	-0.154527	0.010371
0.083840	-0.079646	0.020892	0.078524	-0.111811	-0.213946	0.116332	0.364798	-0.018663	-0.083259	-0.187532	-0.135981	0.081581	-0.029782	-0.007638	0.005204	0.014033	0.127579	0.054343	0.112250	0.025889	-0.009524	0.148602	0.195130	0.117811	0.091748	-0.018756	-0.085827	-0.161486	0.160828	-0.081836	-0.102885	0.040967	-0.075986	-0.031148	-0.053191	0.128694	-0.354316	0.161512	0.097895	0.167689	-0.083399	-0.099470	0.228268	-0.314417	-0.207581	-0.037769	-0.090818	0.255456	-0.106804
0.038279	-0.190034	0.097145	-0.092926	-0.013105	-0.326764	0.081571	-0.011457	0.139066	0.146583	0.085374	-0.063776	0.022060	-0.143184	-0.086867	0.162455	0.182450	0.058857	0.003167	-0.127323	-0.005368	-0.137109	0.151711	0.072756	0.174347	-0.045880	0.086924	0.082462	-0.028589	0.248759	-0.291409	-0.141941	0.036683	0.001157	0.063686	0.250794	-0.086415	-0.041571	0.264669	-0.011523	0.148376	-0.017555	0.350131	-0.024837	-0.107472	-0.226092	-0.159138	0.036386	0.080338	-0.140698
-0.129216	-0.169033	-0.201165	-0.062189	0.134700	-0.080162	-0.145234	0.186662	0.100412	0.178018	-0.004083	0.072618	-0.169793	-0.101750	0.099592	0.307524	-0.051208	0.078531	-0.095980	-0.239182	0.114171	-0.020089	0.077458	0.185835	0.236040	-0.048035	-0.147137	-0.179673	0.189126	0.053279	-0.157981	0.058502	0.002599	-0.124714	-0.114861	-0.016189	0.019387	-0.058425	-0.043774	-0.053913	0.265128	0.031939	0.131459	0.130945	-0.230572	-0.298512	0.142285	0.122592	0.079887	0.061101
-0.156131	0.038407	0.262870	-0.065085	0.076373	-0.119323	0.166530	0.091890	0.067460	0.133031	-0.130907	0.164715	0.046131	0.028109	0.070737	0.110973	-0.095699	0.193783	-0.014535	0.064468	0.112488	0.075373	0.120024	0.039511	0.234952	-0.021131	0.111397	-0.154091	-0.181969	-0.160115	-0.228909	-0.143408	0.068973	0.036802	-0.103088	0.081171	-0.074199	-0.145275	-0.048645	0.008930	-0.090825	-0.114830	0.096746	0.183206	-0.240583	-0.146213	0.330801	0.060685	0.323434	0.187596
0.019674	-0.025918	0.186985	-0.047423	0.025289	-0.005523	-0.082712	0.042786	0.139182	0.172812	0.303290	-0.078651	0.154959	-0.093846	0.071598	0.019889	-0.104084	-0.024400	-0.276005	0.089433	0.127705	0.138712	0.115145	0.100991	0.124844	0.020934	0.223720	0.123913	-0.044430	0.306278	-0.042010	0.086565	-0.159456	-0.117976	-0.072409	-0.033013	-0.147018	-0.203338	-0.002385	0.273201	0.171040	-0.145097	0.032026	0.303863	-0.194282	-0.151077	0.141514	0.024984	-0.111719	0.070065
0.009034	-0.137859	0.133229	-0.045289	-0.023858	-0.038623	0.228205	0.193200	0.042530	-0.109248	0.297846	-0.188914	0.019002	0.018953	0.076803	0.038144	0.045704	-0.051054	-0.013852	-0.133211	-0.184005	-0.244168	-0.084547	-0.039805	0.188317	-0.176541	-0.000843	-0.291282	-0.128711	0.143149	-0.219394	-0.038773	-0.053269	-0.149573	0.104563	0.052432	0.225028	-0.077809	0.018099	-0.065158	-0.064045	-0.222758	0.103303	0.287288	-0.089057	-0.128864	0.029462	0.293424	-0.009668	-0.041645
-0.284082	-0.089050	0.311095	-0.010266	-0.036711	-0.099703	-0.158846	0.080607	0.042592	0.095512	-0.035469	-0.026077	0.123070	0.115137	0.145814	0.173546	0.117895	-0.197690	-0.225712	-0.116483	0.073308	-0.105456	-0.181571	0.015153	0.156404	-0.041320	-0.009819	0.054818	0.213154	0.188510	-0.091290	-0.000983	0.013058	-0.012516	-0.092667	-0.102377	-0.084986	-0.037028	0.089881	0.103642	0.064139	-0.050999	0.138438	0.168952	0.123422	-0.092877	0.270621	0.369787	0.183385	0.156019
0.028276	-0.011333	0.135840	0.136591	-0.042681	-0.065433	0.031070	0.178658	0.078261	0.229168	-0.057230	0.198859	-0.121534	0.154942	-0.028432	0.224117	-0.077896	-0.083147	0.170265	-0.093858	0.093280	-0.151940	-0.064266	-0.085685	0.167648	-0.154578	-0.086780	0.005687	0.247232	0.119957	-0.287602	0.014838	-0.224287	-0.179056	-0.221152	-0.129044	0.088051	-0.178045	0.215761	0.166199	0.122985	0.058584	0.001109	0.282846	-0.138468	0.122129	0.022480	0.007496	0.070641	0.141038
0.090753	-0.020531	0.172594	-0.015902	-0.068134	-0.113302	-0.101568	0.235690	0.223573	0.013024	0.375173	-0.024625	0.067918	0.151002	-0.123890	0.175384	0.159335	-0.044710	-0.057116	0.015614	-0.164898	-0.038847	-0.035276	0.168203	0.061099	-0.025866	-0.048552	-0.160833	0.077266	0.061504	-0.379136	0.080702	0.058117	-0.042826	0.041701	0.000479	0.010717	-0.140824	0.025002	-0.182859	0.290497	-0.271606	-0.075661	0.214000	-0.217249	0.028498	-0.016671	-0.025468	0.099835	0.040122
-0.166341	0.000560	0.167633	-0.155482	0.092427	-0.157647	0.220698	0.228787	0.144079	0.066336	0.073823	-0.166625	0.073406	-0.110026	0.082658	0.158929	0.090893	-0.261168	-0.327077	-0.017252	-0.100928	-0.040346	0.014931	0.103672	0.152017	-0.050050	-0.145029	-0.041141	0.070505	0.231744	-0.140612	-0.099944	-0.092199	-0.101367	-0.015059	0.198443	0.152038	0.046337	0.116240	0.029943	0.246224	-0.186817	-0.063487	0.320535	-0.132233	-0.030168	-0.093224	-0.036454	0.025023	0.070334
-0.018214	-0.117815	0.340399	-0.121948	0.129489	-0.269654	0.041526	0.168460	0.074993	0.093331	0.157191	-0.057808	0.283481	-0.106959	0.009610	0.135068	0.093277	-0.232107	0.016002	-0.083308	-0.156490	-0.087465	-0.076098	-0.202182	0.255620	-0.095885	-0.105277	-0.127398	0.028311	-0.010716	-0.323524	-0.081840	-0.176579	-0.065951	-0.023038	0.147068	0.071251	0.040574	0.116611	-0.102923	0.065959	-0.165915	0.091402	0.155607	-0.104834	0.032208	-0.097656	0.190985	0.075893	-0.058141
-0.203267	0.037780	0.015267	-0.014387	0.080884	0.041968	0.202813	-0.037968	0.075160	0.052244	0.254600	-0.003088	0.084408	0.178497	-0.191424	0.121386	0.048330	-0.145257	0.206610	-0.057259	0.206043	-0.022723	-0.251825	-0.021855	0.102960	0.177706	0.052845	-0.102643	0.053459	0.132502	-0.341542	0.041243	0.178787	-0.048839	-0.117437	0.015191	0.169430	0.024520	0.104807	0.020798	-0.063688	-0.211616	0.192301	0.054092	-0.149778	-0.131136	0.350369	-0.070119	-0.085305	-0.139287
0.016326	-0.048330	0.174183	-0.172611	-0.048639	-0.279501	0.035960	0.118840	-0.090364	-0.002921	0.209586	0.083270	0.262928	0.177880	0.170301	0.345773	0.257747	0.021973	-0.048355	0.027912	0.067422	-0.028850	-0.180446	0.045864	0.112112	0.130597	0.219916	-0.038410	0.066603	0.060618	-0.014709	-0.140371	-0.088293	-0.139104	-0.100455	-0.013832	0.026737	-0.179426	-0.001053	0.105227	0.182052	-0.107063	-0.033736	0.092302	0.028756	-0.048412	0.047519	0.015550	0.389194	0.150353
-0.003782	-0.006587	0.291022	0.087794	0.105256	-0.087683	-0.146094	0.071775	0.049468	0.284176	0.051322	0.013083	0.315739	-0.155824	-0.006589	0.155257	0.168830	-0.167055	0.093358	-0.029101	0.143922	-0.090654	-0.058872	0.128376	0.086543	-0.050595	0.059806	-0.050565	-0.105202	-0.026593	-0.292986	0.068179	-0.071284	-0.173479	-0.071129	0.122901	-0.055034	-0.227718	-0.040624	0.050295	-0.133948	-0.068175	0.026604	-0.057023	-0.210385	-0.265001	-0.019603	0.045832	0.330796	0.165831
-0.004924	-0.009079	-0.013685	-0.072548	-0.029755	-0.199860	-0.057845	0.201151	0.097966	0.010189	0.160248	-0.040149	0.217769	-0.073501	0.068566	-0.063346	0.098316	0.169172	0.007158	0.013119	0.078291	-0.121681	-0.072175	-0.036897	0.184483	0.306131	-0.029827	-0.093875	0.117882	0.058183	-0.291007	0.031569	-0.142641	-0.164356	0.182448	-0.112785	0.024910	-0.185190	0.087929	0.144674	0.064535	-0.214443	0.219486	0.075812	-0.170720	0.042699	0.335879	0.173169	0.217667	0.150586
-0.073684	-0.122672	0.324882	-0.002821	0.067188	-0.272755	-0.052560	0.108645	0.043566	0.199955	0.001783	0.044747	0.122728	0.114878	0.095766	0.106488	0.334759	0.011965	0.092680	0.031651	0.138037	0.007959	-0.098685	0.024783	0.208008	0.202617	0.164384	-0.124866	0.000869	-0.102961	-0.168766	-0.100343	0.006445	-0.134082	-0.001918	-0.135677	0.088255	0.094762	-0.064751	0.172484	-0.160254	-0.262420	-0.033243	-0.033927	-0.185283	-0.253095	0.176082	0.202435	-0.070760	-0.034001
0.009580	-0.295028	-0.029646	0.210044	0.121371	-0.310934	-0.092890	0.306404	0.164922	0.111362	0.012697	-0.072863	0.146593	0.019353	0.104041	0.076117	-0.017065	0.237968	-0.114043	-0.201639	0.132558	-0.032129	-0.026527	0.163837	0.276979	-0.105044	-0.035911	-0.160545	-0.091292	-0.069956	-0.110267	0.162058	0.058270	-0.300148	0.004325	0.071019	0.117243	0.008719	-0.089439	-0.056628	-0.090789	-0.169923	0.020616	0.140341	-0.098802	-0.070942	0.050841	0.151212	-0.021157	-0.160276
-0.018796	0.146235	0.242476	0.043751	-0.008369	-0.077140	-0.027199	-0.030953	0.121989	0.026386	0.306285	0.120506	-0.045422	0.143288	0.153358	0.151411	0.246005	-0.103711	0.064867	-0.010504	0.085279	0.058708	-0.070473	0.191373	0.074463	0.076569	0.064709	-0.192415	-0.014209	0.266670	0.065075	-0.054774	-0.212028	0.012464	-0.126584	0.029183	-0.142958	-0.147375	0.181287	0.019463	-0.155117	-0.258653	0.140912	0.272900	-0.327442	-0.057540	-0.036772	0.102751	0.110967	-0.019601
0.199304	0.019625	0.057317	-0.005232	-0.091929	-0.219580	-0.025781	0.393076	0.143241	0.023859	0.039104	-0.080274	-0.032345	-0.164025	0.149246	0.023517	0.038177	0.019327	-0.011494	-0.130478	-0.052842	-0.083443	-0.090417	-0.160605	0.095141	-0.004068	-0.070281	-0.042384	-0.135659	0.143380	-0.266676	0.075542	-0.024734	-0.423479	-0.080098	0.144844	-0.160926	0.046258	0.139420	0.135335	-0.031757	-0.030389	-0.071150	0.072321	-0.269371	0.029037	0.176748	0.058523	0.176211	-0.214771
-0.111790	0.074359	0.182592	-0.127797	-0.010846	0.001179	0.039594	0.010367	0.001001	-0.014290	0.144848	-0.149138	-0.010784	0.003397	-0.000414	0.252245	0.138425	0.092971	0.258816	-0.160333	0.218455	-0.006372	-0.124753	0.048620	-0.052343	-0.155156	0.073714	0.160560	-0.274170	0.198705	-0.138193	0.103381	-0.249865	-0.209130	0.022001	-0.082619	0.108726	-0.040261	0.274128	-0.034969	0.166592	-0.216060	0.101419	0.061652	-0.295415	-0.071021	0.216972	-0.052287	-0.005896	0.026481
0.097529	0.124519	0.086664	-0.051529	0.178109	0.025094	-0.054536	0.234233	0.152706	0.050815	0.175046	-0.067732	-0.171465	-0.121929	0.184826	-0.031268	0.104229	-0.029292	0.069553	-0.123741	0.118719	0.047001	-0.047963	-0.213711	0.333152	0.204596	0.089434	-0.001940	-0.015298	0.119912	-0.187799	0.053028	0.086916	-0.239876	-0.115193	-0.045329	0.072247	-0.245720	0.071638	0.212865	0.135076	0.070952	0.067852	0.139693	-0.291433	0.076785	-0.176966	-0.098497	-0.100304	-0.196547
0.159936	-0.012515	0.041881	0.154804	-0.068747	-0.107499	-0.017371	0.081096	-0.081995	0.072492	0.136040	0.071846	0.086805	0.036434	-0.160275	-0.034705	0.059640	0.044122	0.106810	-0.256771	0.120595	0.219524	0.036833	-0.044948	0.221153	-0.057661	0.011931	-0.087436	0.112624	0.211595	-0.174607	0.123746	0.171934	0.021116	-0.004293	0.075658	-0.074990	-0.344182	0.144713	0.157612	0.245350	0.013862	0.232403	0.052505	-0.333606	-0.229205	0.082587	0.168768	0.130111	0.053990
0.013838	0.145598	0.259725	-0.143684	-0.005684	-0.084492	-0.065016	0.223113	0.136254	0.112104	0.158769	-0.255362	0.130608	-0.006276	-0.029634	-0.016795	0.063396	-0.096197	0.180771	0.028087	-0.164318	-0.160245	-0.022880	-0.084932	0.280276	-0.127043	-0.040658	-0.196600	0.036060	0.062053	-0.243997	0.118394	0.037868	-0.273032	-0.009708	-0.169407	0.080041	-0.176500	0.043368	0.042514	0.027504	-0.176011	-0.045799	0.336491	-0.078148	-0.233024	-0.043445	0.066133	-0.072269	-0.060769
-0.204978	-0.218804	0.161135	-0.001986	0.166481	0.072913	0.033118	0.036145	0.098610	0.034779	-0.040771	-0.197426	0.057638	0.158138	-0.028090	0.008973	-0.084984	0.105836	0.099093	-0.237886	0.271297	0.016983	0.031723	0.063872	0.140412	-0.008940	-0.108551	0.088054	-0.070204	0.056416	-0.476408	-0.212765	0.039284	-0.101083	-0.096234	0.132932	-0.232986	-0.141406	0.068060	0.161675	-0.027392	-0.097994	-0.066353	-0.104244	-0.210547	-0.028438	0.229164	-0.047817	-0.087001	0.087013
0.017285	-0.069309	-0.123189	0.008243	0.003320	-0.274025	0.155759	-0.040505	0.005762	0.172956	0.281912	-0.258129	0.107654	0.130777	0.137422	0.212380	0.095773	-0.071630	-0.020424	-0.200439	0.069434	0.098079	0.204256	0.105512	0.232535	-0.043087	-0.129550	-0.097041	-0.015629	0.000485	-0.305755	0.064618	-0.207834	0.044633	-0.122922	0.004980	-0.035142	-0.008239	-0.048968	0.114648	0.064540	-0.094954	-0.024196	0.031826	-0.369021	0.020351	-0.057738	0.256636	0.063283	0.077173
-0.013335	-0.202392	0.011331	0.055722	-0.128120	-0.009809	-0.173535	0.126114	0.034574	0.045742	-0.081145	-0.049112	0.099736	0.119332	-0.013787	-0.042653	-0.080503	0.105387	-0.143805	-0.033819	0.114790	-0.104966	0.010113	-0.066036	0.296637	0.160457	-0.294804	0.062017	0.175891	0.254503	-0.397618	-0.055412	0.199668	-0.331520	-0.140710	-0.079491	0.191309	0.026743	0.075201	-0.110550	-0.049241	-0.065296	-0.017053	0.052103	-0.054419	0.019993	0.268062	-0.000671	0.065753	0.069673
-0.216274	0.184253	0.280379	-0.048562	0.011568	-0.067078	0.011176	0.011345	0.028302	0.015454	0.296398	-0.026224	0.092877	-0.087902	-0.107431	-0.022823	0.058755	0.014669	0.094701	-0.293504	-0.045237	0.115927	0.004128	-0.039656	0.294964	-0.164696	-0.100965	-0.076965	0.144826	0.176538	-0.197305	-0.136292	0.068625	-0.224114	-0.022897	0.229350	0.035082	0.030841	0.013473	0.014659	-0.112287	-0.349753	0.000104	0.178761	-0.142111	-0.006132	0.107606	0.219911	-0.031496	-0.031325
0.139777	-0.032809	0.262316	-0.100922	0.114190	-0.202817	0.154360	0.223547	0.008764	0.000571	0.037629	-0.238757	0.118328	0.276790	0.041995	-0.036174	0.107161	-0.083882	-0.042830	0.007695	0.058275	-0.095529	-0.022644	-0.074801	0.253782	-0.065445	-0.177960	-0.013504	0.106384	0.003477	-0.178945	0.006131	0.048569	-0.138227	-0.227547	0.072442	-0.181355	-0.025019	0.454669	0.089882	-0.172284	-0.048833	0.062641	-0.026205	0.041254	0.073772	0.078499	0.054302	0.219744	-0.096086
-0.137569	0.091741	0.264022	-0.034707	-0.039696	-0.102305	-0.066517	0.168980	-0.035358	0.160704	0.037360	0.060108	0.041799	0.110101	0.037767	0.113966	0.086413	0.177427	0.160976	-0.161467	0.136578	-0.275808	-0.075325	-0.087517	0.225708	0.126312	-0.117573	-0.052875	-0.013606	0.097704	-0.123496	0.071507	-0.081440	-0.440838	-0.256501	0.033585	0.078967	-0.162154	0.057969	0.111872	-0.056504	-0.070371	-0.047380	-0.039521	-0.257706	-0.098214	0.261256	0.035267	0.076136	0.064431
-0.054084	-0.047475	0.151223	0.030632	-0.035739	-0.010037	0.007070	-0.070303	0.027628	0.204986	-0.046344	-0.139722	0.220755	-0.121617	0.037340	0.032040	0.227224	0.021848	0.021238	-0.023758	0.019131	-0.114530	-0.093133	0.013797	0.294927	0.143765	-0.109423	-0.000763	-0.170787	-0.072371	0.017903	0.045792	0.111234	0.050694	-0.285329	0.212763	-0.105165	0.131897	0.234977	0.029822	0.062582	-0.429139	-0.016643	0.335891	-0.188392	-0.029690	0.089251	-0.112790	0.133105	-0.013802
0.023099	-0.007993	0.104126	-0.056857	-0.072614	0.038187	0.115753	0.314113	0.239533	0.169019	0.217967	-0.054014	-0.115822	0.070400	0.123936	0.015668	-0.044068	0.243341	-0.051950	-0.045077	0.006902	-0.129418	0.039299	-0.099582	0.286709	0.087763	-0.006727	0.013620	0.019781	-0.073217	-0.273215	-0.092253	0.013364	-0.200863	-0.211999	0.117969	-0.163301	-0.100918	0.347587	0.082346	-0.000398	0.016833	0.147053	0.070975	-0.232869	0.137314	0.104001	0.013689	0.219380	-0.000278
-0.109453	-0.060044	0.118707	-0.114009	-0.123750	-0.093299	0.036246	0.266110	-0.018695	-0.025328	-0.037324	-0.310359	-0.009994	0.037840	0.177933	-0.036950	0.101066	-0.077273	-0.048570	-0.193112	0.171123	-0.137758	-0.110223	-0.104648	0.025678	0.145490	-0.001213	-0.159298	0.195579	0.233314	-0.000975	-0.202533	0.043265	-0.407909	-0.226933	0.083551	0.047638	0.084423	0.001956	0.026660	0.027718	-0.066699	0.007321	-0.006104	-0.320799	0.005789	0.031752	0.172794	-0.168064	0.124856
0.203530	0.000799	0.147570	-0.163180	0.240996	-0.218336	-0.213649	0.134591	0.000019	0.044999	0.163231	0.031317	0.041993	-0.042660	0.117506	0.109800	0.164313	-0.101748	-0.059950	-0.022225	0.133121	-0.061614	0.062120	0.117883	0.163437	0.130162	-0.154813	0.107766	-0.169470	0.003726	-0.162120	-0.027170	-0.055582	0.012204	-0.175157	-0.076120	-0.265548	0.058934	0.177408	-0.004170	0.029137	-0.113322	0.141970	0.101652	-0.405537	0.080963	0.154922	0.222762	0.088905	0.154743
0.116582	-0.200602	0.061053	-0.028905	0.197623	-0.119045	-0.272277	0.087989	-0.016994	-0.034605	0.207646	-0.030648	0.129430	0.008863	0.124330	-0.053249	0.141472	-0.181257	0.006955	-0.031859	0.150678	-0.101503	0.011439	0.109320	0.218184	0.324909	-0.060437	0.140929	0.099310	0.252652	-0.113965	0.007129	-0.179333	0.131246	-0.198542	0.050364	0.113168	-0.160480	0.120252	0.138144	-0.064622	-0.139086	0.000086	0.202821	-0.011818	-0.254027	0.092120	0.197960	0.104548	0.109630
-0.062109	-0.026329	0.031643	-0.171388	0.003151	0.052496	-0.156912	0.240329	0.131450	0.116954	0.056370	-0.143642	0.019936	0.139226	0.092047	-0.008036	0.226790	0.106920	-0.033418	-0.119085	0.098740	0.121214	-0.227990	0.177525	0.064242	0.044598	0.204631	-0.055070	0.118811	0.178149	-0.323899	-0.111717	0.077663	-0.011232	-0.075409	-0.073054	-0.053862	-0.029193	0.323901	-0.071414	0.178223	-0.348229	0.187821	0.005138	-0.012399	-0.017932	0.041983	0.109581	0.137491	-0.209879
-0.162694	-0.046258	0.224190	0.004496	-0.035349	-0.277440	0.171691	0.097709	0.248498	-0.005651	0.216027	-0.087082	0.061632	0.018415	-0.032418	-0.096072	-0.032104	-0.108378	-0.163881	0.097750	0.030223	-0.184132	-0.035606	0.208402	0.232541	-0.059684	0.117671	-0.262380	0.016650	0.089188	-0.101056	0.019147	0.136149	0.039846	-0.182481	0.247919	0.003925	-0.025209	-0.007602	-0.124266	0.255393	0.023386	0.187091	0.096018	-0.225790	0.048642	0.146288	0.210413	0.157925	-0.023908
-0.159365	-0.129902	0.215064	0.069313	-0.127339	-0.241241	-0.042502	-0.067339	0.032596	0.096912	0.173709	0.120921	-0.077518	-0.126243	0.165946	-0.012796	0.201891	-0.066993	-0.061230	0.018555	0.243128	0.131172	-0.084511	0.184250	0.311833	0.063629	-0.056885	-0.093630	-0.081394	0.294066	-0.077654	0.023369	-0.083766	-0.020426	-0.056156	-0.039758	0.008921	0.020644	0.219234	0.174114	0.230621	-0.282914	-0.123309	0.051015	-0.115056	-0.225906	0.003212	0.130237	0.126185	-0.045267
0.028868	-0.160991	0.052887	0.103483	0.035684	-0.107601	0.101050	-0.060258	0.156430	-0.049927	0.157973	0.153080	0.018440	-0.184428	0.159233	0.121828	0.193690	0.052800	-0.064549	0.172226	0.225035	0.068826	-0.152998	0.112536	0.207761	0.049912	0.018684	-0.069439	-0.035578	0.182442	-0.178640	-0.174478	-0.129516	-0.106734	0.012666	-0.060357	0.014936	-0.227949	0.199464	0.056489	0.204805	-0.429454	-0.059301	0.133441	-0.216268	-0.141714	0.035319	0.116019	-0.115645	0.008154
0.018994	0.046529	0.087549	0.008911	0.050304	-0.289294	-0.060781	0.076427	0.153110	0.170642	0.137912	-0.119137	0.103907	-0.049085	0.077230	0.054288	0.025070	-0.145582	0.054629	-0.017073	-0.182474	-0.194366	-0.168894	0.140699	0.145264	0.002768	-0.121958	-0.264045	0.067315	0.250397	-0.193419	-0.022646	-0.036810	-0.077531	-0.235091	0.259799	-0.143768	0.003704	0.170449	-0.040497	0.216664	-0.029514	-0.128707	0.218961	-0.189818	-0.026497	0.295774	0.058698	0.048269	0.083124
-0.170302	0.012689	0.147333	0.089207	0.124405	-0.140646	0.053014	0.097665	0.120485	0.051345	0.053186	-0.184454	-0.012750	0.282874	0.115103	0.058682	0.196890	-0.006544	-0.051779	-0.095625	0.247248	-0.150433	-0.097478	-0.053891	-0.057714	0.158490	0.130135	-0.094850	-0.172297	0.100339	-0.408246	-0.005815	-0.136121	-0.023187	-0.159040	0.133547	-0.066117	-0.126667	0.188662	-0.097706	0.256079	-0.151098	-0.153436	0.078502	0.051349	0.116059	-0.146203	0.070581	-0.216158	0.000170
0.058485	-0.004453	0.121279	0.105079	0.080686	-0.001964	0.032549	0.193091	0.009017	0.117636	-0.029918	-0.171204	0.011505	0.304604	0.173240	0.122465	0.258292	0.221852	-0.061737	0.038385	0.055555	-0.125805	0.000671	-0.001985	0.075954	-0.015107	0.096133	-0.017480	-0.104409	0.211478	-0.425757	-0.130213	-0.231326	-0.026907	-0.006030	0.078440	-0.133348	-0.230015	0.131448	-0.189981	0.131158	-0.077270	-0.099599	0.266838	-0.085139	-0.025061	-0.128256	0.129498	-0.065958	-0.012014
-0.096385	0.107336	0.133868	0.179213	0.063962	-0.045846	0.061022	0.179180	0.041321	0.159802	-0.022786	-0.108781	0.035231	0.228905	0.203888	0.178911	0.290808	0.139628	0.009062	0.007249	0.240098	-0.191863	-0.054273	-0.152894	0.008004	0.180115	-0.101065	-0.019812	-0.218944	0.127029	-0.273238	0.057221	-0.136332	-0.112783	-0.224810	0.154964	-0.091276	-0.151149	0.085866	-0.066274	0.185606	-0.148981	-0.095482	0.103703	0.015624	0.109480	-0.176267	0.052390	-0.189817	0.053125
-0.052700	0.028398	0.195246	0.071829	0.047352	-0.240165	0.086689	0.266665	0.042482	0.023566	0.065671	-0.168420	-0.045090	0.142156	0.022970	0.129541	0.303596	-0.002844	-0.085709	-0.095354	0.076108	-0.224741	-0.045085	0.026377	0.006443	0.212413	0.002779	-0.206667	-0.042327	0.097949	-0.152648	-0.099991	-0.123054	-0.175530	-0.087825	0.059140	-0.175680	-0.126082	0.111360	-0.260798	0.199902	-0.082292	-0.328225	0.214000	-0.090554	0.140094	-0.051226	0.109681	0.052040	-0.100005
-0.151448	0.001325	0.105282	-0.095806	0.137537	-0.052210	0.133311	0.147044	0.165695	-0.129078	0.075720	0.103677	-0.019288	0.271437	0.004294	0.233355	-0.109437	0.022475	0.155150	0.195196	0.114321	0.179878	-0.075921	0.090132	0.158296	0.142567	-0.133829	-0.086533	-0.024580	0.223664	-0.254434	-0.012604	0.053843	0.078280	-0.190663	0.148435	0.089862	-0.128854	0.012704	0.113761	0.048782	-0.212747	0.197575	0.128843	-0.135471	-0.198074	0.177186	-0.237213	-0.163588	-0.076713
-0.163162	0.016676	0.156724	0.023351	0.047423	-0.212528	0.020672	0.081695	0.136953	-0.212665	-0.006400	0.197883	0.150124	0.105253	-0.096364	0.219695	-0.094198	-0.143652	0.022770	0.059265	0.012241	0.199775	-0.048854	-0.147691	0.241650	0.218886	-0.131945	-0.007420	0.034056	0.045228	-0.333474	0.190448	-0.089300	-0.199596	-0.085360	0.298067	0.023605	-0.142459	0.124293	-0.066172	0.058941	-0.075015	0.040958	-0.002416	-0.225207	-0.066017	0.154802	-0.150728	0.118865	0.124819
0.108107	-0.042974	-0.119428	-0.043978	0.157345	-0.123707	-0.084641	0.212622	-0.194496	0.094007	0.132022	0.044181	-0.066442	0.133583	-0.005007	-0.022269	0.167120	0.142588	-0.268266	0.119632	-0.071802	0.090411	-0.143994	-0.007510	0.065498	0.018679	0.161050	-0.082288	0.073819	0.246143	-0.209365	0.116405	0.183632	-0.146586	-0.058405	0.091247	-0.144118	0.023921	0.182818	0.126667	-0.029638	-0.236927	0.160361	0.150802	-0.288269	-0.278904	0.169403	-0.005245	0.132615	0.095709
0.109551	0.072450	-0.026736	-0.051791	-0.136068	-0.071209	-0.223139	0.013580	-0.122059	0.018825	0.018353	-0.138932	0.048224	0.081171	0.205324	0.036486	0.049264	-0.046519	-0.044385	-0.076926	0.022345	0.169442	-0.075429	-0.146114	0.321416	-0.196649	0.068119	0.181959	-0.019231	0.158730	-0.349592	-0.058733	-0.051814	-0.140764	-0.228196	0.224824	-0.000475	-0.121378	-0.130803	0.133155	0.103223	-0.214193	0.035162	0.181130	0.024720	-0.224762	0.181957	0.250341	0.073749	-0.034592
-0.010214	-0.278638	0.152106	0.011403	-0.014400	-0.114335	0.028505	0.280463	0.285227	0.077825	0.021426	-0.067686	-0.053919	0.093250	-0.033145	-0.059058	0.124282	0.203457	-0.056403	-0.069693	0.060055	-0.237840	0.128332	0.062950	0.115175	-0.042097	0.085800	0.075898	0.120052	0.127659	-0.042963	0.027806	-0.047866	-0.217453	-0.157269	0.087647	-0.088388	-0.188681	0.061815	0.144306	-0.021951	-0.073226	0.003371	-0.050141	-0.415498	0.094100	0.033255	0.169540	0.217515	-0.271198
0.043894	0.041189	-0.003064	-0.126944	0.230882	-0.085024	0.254809	0.110128	0.090140	0.161894	-0.041965	0.049997	-0.082941	0.098569	0.090344	0.228687	0.007616	0.027049	0.125449	0.015771	0.102736	0.137408	0.066322	-0.153753	0.040295	0.008447	-0.113625	-0.094195	-0.277792	0.080879	0.039697	0.331852	0.057401	-0.127004	-0.158047	0.102566	0.105609	-0.180801	0.214990	-0.150987	-0.095582	-0.243344	-0.028318	0.223831	-0.134670	-0.208525	0.145886	0.225848	-0.008864	-0.113339
0.034176	-0.148624	0.055339	0.188269	0.009033	-0.308785	-0.088957	0.176301	0.003926	0.006936	0.058210	-0.110457	0.211114	-0.122087	0.070694	0.171411	0.021290	-0.061024	-0.126858	0.201855	0.045517	0.107663	-0.022204	0.014904	0.221720	-0.086125	0.073140	-0.243703	0.152331	-0.015327	-0.356516	-0.088975	-0.039412	0.043687	-0.179403	-0.018601	0.001473	-0.124936	-0.087936	0.169540	-0.029903	0.001096	0.255417	0.098390	-0.267871	-0.059335	-0.053672	0.265937	0.157611	0.038947
-0.013142	-0.170213	0.077544	0.160931	0.107170	-0.272425	-0.131371	0.053296	-0.043404	0.052476	0.152798	-0.082819	0.157088	-0.121264	0.158690	0.220291	-0.020288	-0.189616	0.050244	0.282330	0.118010	0.059774	-0.085741	0.174660	0.161941	-0.133188	-0.023433	-0.130061	0.054527	-0.078580	-0.322449	0.101565	0.124637	0.047551	-0.201324	0.115974	-0.040688	-0.014406	0.042180	0.105249	0.002892	0.015904	0.362705	0.185741	-0.152243	-0.036091	0.162291	0.127345	0.071307	0.038094
-0.054673	0.059281	0.124140	-0.071028	0.151888	-0.217671	-0.100934	0.027623	-0.011926	0.090077	0.232770	-0.104935	0.027006	0.329906	0.035141	0.197485	0.061439	0.027226	-0.134251	-0.258228	0.186753	-0.138002	-0.038108	0.021202	0.133952	0.057466	0.066282	-0.062024	0.060738	-0.152596	-0.009392	0.035791	-0.048700	-0.126402	-0.271421	0.061237	-0.138570	-0.243283	-0.096318	0.045344	0.085869	-0.013267	0.198753	0.126753	-0.223807	-0.072301	0.204495	0.264069	0.204687	0.090232
0.038173	0.006119	-0.025076	0.104099	-0.020125	-0.192505	0.014691	-0.069608	0.013532	0.193319	0.319881	0.002049	0.089829	0.104698	0.019504	0.150928	0.176470	-0.113970	-0.017385	-0.067157	0.262632	-0.157851	-0.016016	0.053889	0.003023	0.011751	-0.094914	-0.100740	0.091852	-0.013874	-0.048689	0.120183	-0.175006	-0.076688	-0.139184	-0.012234	-0.057269	-0.256466	0.039592	0.121087	0.261346	0.017266	0.193203	0.139174	-0.384320	-0.156387	0.141951	0.306006	0.136767	0.020814
0.019146	-0.033478	0.116816	-0.073005	-0.177615	-0.148510	0.119587	-0.054762	-0.026220	0.111718	0.197604	-0.010105	0.042119	0.071596	0.164626	-0.125056	0.098812	0.061816	0.014824	0.050472	0.189169	0.112025	-0.161202	0.106672	0.214477	-0.185833	0.020416	0.010601	0.071326	0.251891	-0.323714	0.088238	-0.238435	0.027041	-0.059111	0.147676	-0.103154	-0.211141	-0.099406	0.036548	-0.114722	-0.136098	0.093311	0.200360	-0.234824	0.042393	0.202942	0.157723	0.189161	-0.231964
-0.006902	0.009418	0.371175	0.056411	-0.210325	-0.181710	-0.038267	0.067678	0.271624	0.071698	0.172578	-0.152147	0.020086	0.004468	0.143967	0.183904	0.073167	0.002851	-0.164971	-0.165379	-0.004692	0.053729	-0.146730	-0.228124	0.345588	-0.049751	0.216034	0.155957	0.029389	-0.091493	-0.168717	0.132942	-0.029947	-0.073872	-0.143049	0.003829	-0.159094	-0.033868	0.012341	0.103907	-0.085325	-0.083200	0.132407	0.069327	-0.249251	-0.101220	0.072717	0.117199	0.097891	-0.048494
-0.170872	-0.069401	0.177883	-0.206031	-0.024854	-0.079304	-0.120653	0.094688	0.089434	0.041623	-0.030394	-0.173409	0.030607	0.098664	-0.093768	0.140026	0.255412	0.240794	0.041988	-0.074336	0.354693	-0.017872	-0.021816	-0.033008	0.276461	-0.003955	0.066599	-0.114041	0.033607	0.012174	-0.145142	-0.084744	0.011787	-0.231950	-0.149628	0.231050	0.041218	0.111865	-0.109561	0.172059	0.184402	-0.065180	0.079686	0.302021	-0.072185	-0.017707	-0.015254	0.199995	0.181478	-0.004231
-0.253979	0.001535	0.175281	-0.018611	0.090832	-0.257980	-0.196227	0.154765	0.083684	-0.077833	-0.040209	0.058483	-0.064929	0.114008	-0.241424	0.086398	0.071264	0.034076	0.046969	-0.111921	0.127935	0.067578	-0.218419	-0.014406	0.180159	-0.032450	-0.013255	0.038464	0.059996	0.048525	-0.216470	0.107334	-0.040670	-0.291713	-0.184922	0.138428	-0.021613	0.136099	-0.070198	0.102176	-0.005364	-0.324184	0.002965	0.252823	-0.113467	0.019310	-0.001313	0.271767	0.211528	0.037545
0.001345	-0.290795	0.091009	-0.040440	-0.083202	0.039614	-0.013460	0.198345	0.009052	0.118565	0.109090	0.015997	0.017688	-0.185006	-0.076495	0.032803	-0.034882	-0.173933	0.021352	-0.109478	-0.051090	0.013708	0.103235	0.373799	0.222865	-0.108957	0.146304	-0.124510	0.046025	0.208803	-0.208135	-0.075211	0.165177	-0.153667	-0.083535	-0.033376	-0.108433	0.105065	0.117990	-0.158602	0.157594	-0.229314	-0.113295	0.353230	-0.141100	0.029515	0.153138	0.093686	0.038452	-0.095549
-0.110208	0.022800	0.117724	-0.117017	0.030469	-0.099169	0.173667	0.197033	-0.156084	0.052354	0.241190	0.002285	0.066877	-0.025982	0.180653	0.155250	0.167322	0.036707	0.085533	0.028906	-0.112742	-0.115657	-0.173849	0.282219	0.342731	-0.024331	0.136316	-0.012653	-0.132065	0.134365	-0.147082	-0.025165	0.086130	-0.092648	0.038734	0.309546	-0.003675	0.120062	0.106200	-0.079998	0.173234	-0.177005	0.014414	0.157698	-0.189778	-0.034060	0.294957	0.053248	0.049607	0.059498
-0.187395	-0.032172	-0.112212	0.022851	-0.040665	-0.275924	0.155212	0.145933	-0.122425	0.026543	-0.020942	0.010400	0.097708	-0.035653	-0.037426	-0.006520	0.110834	0.077502	0.003821	0.148326	-0.089964	0.040901	-0.161215	0.110166	0.380051	0.033722	-0.033427	-0.332214	0.154623	0.245461	-0.052611	0.022970	0.146542	-0.066168	-0.161429	0.112298	-0.142552	-0.071330	0.082433	-0.137163	0.079231	-0.220585	-0.186550	0.319867	-0.025314	0.114955	-0.108999	0.178792	0.011264	0.030400
-0.168532	-0.083876	0.138349	-0.103041	0.099370	-0.014105	0.007816	-0.000043	0.037204	0.082316	0.172402	-0.085893	-0.077641	-0.074762	-0.069931	0.154966	0.122024	0.008446	-0.086655	-0.127686	0.287865	0.091505	-0.055985	0.081584	-0.014040	0.255155	0.163760	0.084674	-0.164806	-0.001221	-0.414815	0.014647	0.182770	-0.018074	-0.024061	0.092369	0.160953	-0.190092	0.271686	0.032659	0.045785	0.089729	0.043521	-0.016950	-0.391188	-0.078648	0.101520	-0.056762	-0.134661	0.131826
0.134960	-0.206617	-0.098822	0.081709	0.096158	-0.098274	0.062540	0.088768	-0.030599	-0.071503	0.305363	-0.210453	0.389656	0.137328	0.002395	-0.083653	0.159519	0.099434	0.031757	0.015241	0.169651	0.009929	-0.016826	0.059075	0.082215	0.172492	0.183956	-0.097210	0.060291	0.162047	-0.185683	-0.062115	-0.046697	-0.216564	-0.219344	-0.219640	-0.063630	0.004672	-0.107789	0.092204	-0.054656	-0.089577	0.220633	0.129364	-0.251588	-0.171129	-0.020808	0.113237	-0.037883	-0.009686
-0.043450	-0.102980	-0.022725	0.258244	-0.022547	-0.079704	0.092719	-0.079359	0.042233	0.208630	0.014376	-0.262602	0.152270	-0.007458	0.016087	0.196881	0.097973	0.090190	0.144881	0.214956	0.226730	0.167185	-0.112227	0.009803	0.316305	0.065728	-0.090407	-0.269050	0.061484	0.107656	-0.081423	-0.011108	-0.121906	-0.151391	0.047620	-0.005747	0.132416	-0.083322	0.167036	0.068512	-0.081101	-0.129663	0.221443	0.106744	-0.159542	0.072105	0.096096	0.211435	0.247747	-0.104065
-0.092291	0.263905	0.142174	0.003238	0.093986	-0.352358	-0.028624	0.230429	0.122585	0.312201	0.114611	-0.065430	-0.139240	0.068960	-0.042242	0.127795	0.103693	0.170005	-0.158964	-0.123757	0.279534	-0.071179	0.167032	-0.179161	0.221084	0.017698	-0.020595	-0.072567	-0.062917	0.060508	-0.050981	-0.108411	0.000686	-0.079344	-0.046726	-0.081172	0.181137	0.006534	0.024582	-0.075024	0.186585	-0.251402	-0.037903	0.162933	-0.044143	-0.200608	-0.014643	0.122116	0.067307	0.015253
-0.088604	-0.090573	-0.188587	0.059129	-0.113917	-0.029868	-0.086103	-0.148454	-0.001604	0.146463	0.115738	-0.001647	0.079688	-0.229688	0.229919	0.041535	-0.030206	0.039127	0.030468	-0.080811	0.032214	-0.050267	-0.088257	0.122831	0.158077	0.304557	0.104156	-0.059700	0.080263	0.383419	-0.132224	0.039556	-0.080255	-0.115526	-0.146204	0.079975	0.001732	-0.256221	-0.067399	0.186748	0.047804	-0.252870	0.094888	0.241997	-0.169880	-0.228855	0.198266	0.012467	0.067589	0.018074
-0.105338	0.109728	0.003739	-0.138310	0.133720	-0.219639	0.080308	0.040100	0.086550	0.099571	0.283472	0.006567	0.129650	-0.099769	0.063273	0.218926	0.172687	0.123392	-0.133604	-0.234631	0.025274	0.063237	-0.086830	0.143515	0.111480	0.062104	-0.042396	-0.102628	-0.003328	0.238845	-0.168936	-0.099704	-0.181098	0.023275	-0.122279	0.113120	-0.131661	0.035528	-0.005315	-0.049999	0.130664	-0.236634	0.147783	0.379550	-0.029049	-0.265352	0.095645	0.066500	0.148228	0.064730
-0.056700	-0.045111	0.124316	-0.069571	-0.086637	-0.246019	-0.212865	-0.018787	0.225325	0.031862	0.291031	-0.011879	0.145215	0.114635	0.129369	0.049270	-0.001171	-0.108351	-0.226234	-0.025224	0.164214	-0.094701	0.108957	0.129023	0.347306	0.020095	0.038160	0.131554	-0.153128	0.044163	-0.021751	-0.064963	-0.234264	-0.080973	-0.109209	-0.009565	-0.037706	-0.108531	0.148818	0.016372	0.090753	0.143340	0.211412	0.195087	-0.347551	-0.023111	0.162607	-0.041637	-0.026786	-0.044998
-0.105354	-0.024924	0.187725	0.140137	-0.033984	-0.144892	-0.179426	0.195413	0.304528	0.263128	0.217316	-0.157767	-0.050640	-0.021267	-0.031341	0.013632	0.118349	0.095732	-0.172431	-0.126697	0.006627	-0.013088	0.079943	-0.196657	0.197612	-0.027216	-0.180082	-0.020758	-0.028630	-0.005796	-0.187749	0.067843	0.003152	-0.312130	-0.011063	-0.016281	-0.095145	-0.006490	0.083372	0.186076	-0.009798	-0.018761	-0.135591	0.177397	-0.292594	0.116555	0.089306	0.129142	0.213961	-0.081116
-0.185464	0.074631	0.129208	-0.052541	0.185726	-0.213371	0.019354	0.111884	0.038216	0.135640	0.047090	-0.095620	-0.002558	-0.136023	-0.074736	0.020183	0.290811	-0.164001	0.000821	-0.295325	0.167485	0.055594	-0.022676	-0.187792	0.098672	0.027657	-0.007864	0.069758	0.160395	0.135037	-0.170603	-0.038482	0.039110	-0.024622	-0.067333	-0.166035	0.011935	0.125236	0.187390	0.214235	-0.089757	-0.405973	0.172325	0.059990	-0.173971	-0.146372	0.073746	0.072917	0.082478	-0.172829
-0.238466	0.041852	0.116364	0.113751	-0.047388	-0.121558	-0.100424	0.020502	-0.008277	0.168709	0.122410	-0.016334	0.040214	-0.028748	-0.101720	0.063883	0.174273	0.068146	-0.186032	-0.098786	0.129272	-0.317075	-0.038028	-0.053021	0.167916	-0.194354	-0.113590	-0.127808	-0.106877	0.087236	-0.226964	-0.007967	0.013870	0.024055	-0.147269	0.120598	0.069464	-0.134531	0.274427	0.336531	-0.136456	-0.178826	0.176124	0.099872	-0.073129	0.224606	0.117622	0.125231	-0.074981	0.170294
-0.031661	-0.192306	-0.047389	0.186651	0.109021	-0.137116	-0.159069	0.055805	-0.113979	-0.038076	0.010458	-0.121734	0.088185	0.123323	-0.005506	0.048591	0.281046	0.053452	0.029002	-0.187551	0.157610	-0.112451	0.233012	-0.175379	0.025183	-0.097103	0.075712	-0.000154	-0.057415	0.225732	-0.315770	0.133235	0.088337	-0.210206	-0.133680	0.061069	-0.080893	0.087781	0.077409	0.205738	-0.056233	-0.299780	0.195850	0.086283	0.066950	-0.136804	0.063068	0.209898	0.158544	0.108694
-0.269238	-0.254123	-0.094935	-0.039720	0.169416	-0.152424	0.053123	0.220642	0.184029	-0.015292	0.164709	-0.112249	-0.106690	0.047411	-0.060014	0.153834	0.038609	-0.056433	0.099533	-0.188087	0.352471	0.081057	0.002384	-0.120609	-0.017938	0.001034	0.095554	0.183081	0.063202	0.009681	-0.372516	0.141273	0.117347	-0.205004	-0.120614	0.012636	0.116510	-0.181774	-0.014054	0.163981	0.111364	0.082528	-0.030889	0.180492	-0.040509	-0.040398	0.155863	0.044903	-0.067873	0.043937
0.067062	-0.029553	0.332119	-0.159379	0.154707	0.128002	0.021563	0.186854	0.079741	0.196160	0.060946	0.131169	0.218164	0.239961	-0.108041	0.111071	-0.001422	-0.162685	-0.033469	0.172319	-0.027837	-0.191160	-0.006012	-0.019517	0.157836	0.014553	0.025010	0.053578	-0.106941	0.102852	-0.084637	-0.029305	-0.002158	-0.008645	-0.226111	0.289127	0.022268	-0.247379	0.216277	0.118240	-0.021741	-0.050591	-0.019222	0.368880	-0.064494	-0.170372	-0.024987	0.039555	0.048756	-0.011535
-0.173812	0.010214	0.223982	-0.060943	-0.000937	-0.224930	-0.111249	0.040542	-0.079542	-0.081222	0.114049	0.020919	0.212295	-0.158833	0.135502	-0.020949	0.198850	-0.130442	-0.026117	-0.100601	-0.070017	-0.182314	-0.151608	-0.077781	0.209797	-0.114267	-0.096791	0.033943	0.040608	-0.028291	-0.297608	0.004725	0.060591	-0.074592	-0.241923	0.187035	0.168555	-0.176612	0.230965	-0.054763	0.116995	-0.129712	-0.123180	0.109675	-0.269469	-0.084014	-0.003995	0.241248	-0.017508	0.167192
-0.230185	-0.041058	0.243710	0.024631	0.064863	-0.078190	0.209657	0.192704	0.026115	-0.055136	0.083825	-0.220509	-0.025432	0.035029	-0.054523	0.110797	0.291401	0.135485	0.055352	-0.104613	0.178457	-0.074655	-0.144760	0.048185	-0.017761	0.009366	-0.113174	-0.055552	-0.007892	0.056505	-0.388486	-0.088693	-0.022055	-0.020531	-0.144433	0.192301	0.039204	-0.149449	0.166179	0.330104	0.134622	-0.029837	0.164586	0.124090	0.051999	-0.043189	0.244707	0.001180	0.102599	0.073624
-0.171073	-0.244429	0.070617	-0.057035	0.056007	-0.004790	0.199155	0.025539	0.148293	-0.091590	0.161139	-0.108547	-0.059363	0.206857	0.108844	0.094107	0.208394	0.217661	-0.109276	-0.292197	0.021864	-0.164379	0.120757	0.001246	-0.081325	-0.081148	0.186153	-0.247910	0.059921	0.075279	-0.246081	0.159973	-0.118204	-0.064412	-0.219756	0.058424	0.022123	-0.049661	0.221036	-0.100604	0.040639	-0.006858	-0.009510	-0.020451	-0.375420	-0.095558	0.050323	0.049941	-0.008745	-0.008026
-0.077648	-0.091072	0.164177	-0.082615	0.037351	-0.203888	-0.023594	0.069707	0.070588	0.170312	0.060535	0.130778	0.051250	-0.088197	0.162279	0.101555	0.132146	-0.052718	0.163845	-0.006092	-0.154906	-0.125830	-0.206755	0.159399	0.330802	0.142464	-0.018141	-0.123261	0.151532	0.334593	-0.147861	0.060659	0.087913	0.007192	-0.056164	-0.018717	-0.148704	-0.054580	0.091791	-0.026797	-0.006745	-0.099178	0.261910	0.097199	-0.297253	-0.150603	0.034888	0.135047	-0.090512	0.262219
0.121545	-0.229941	-0.059189	-0.005495	0.017605	-0.124243	0.086034	0.143352	-0.189663	0.157465	0.246721	-0.229065	-0.068727	0.048116	-0.005207	0.115023	0.217507	0.044109	-0.062927	0.009817	0.149304	-0.143652	-0.255579	0.043836	0.184920	0.080908	0.068953	-0.087847	-0.005560	0.147704	-0.065211	-0.037169	0.096310	0.010229	-0.099575	0.111637	-0.145210	0.055778	0.224608	0.201030	0.025740	-0.256209	0.304083	0.111608	-0.202823	-0.135260	-0.022228	-0.155986	0.084440	0.192637
0.009292	-0.136418	-0.075203	-0.171825	-0.126527	-0.074833	-0.038516	-0.045406	0.102953	0.016921	0.280119	-0.117148	0.086591	0.176165	0.049855	0.140711	0.252912	0.062842	-0.142121	0.033442	0.058892	0.166857	0.052778	-0.074947	0.104189	-0.027973	0.092123	0.081075	0.070178	0.313335	-0.128850	0.051585	-0.034598	-0.094231	0.144500	0.140556	0.051297	-0.143889	-0.063558	0.019872	0.107933	-0.262470	0.071474	0.242170	-0.439593	-0.120279	0.060863	-0.011515	0.175463	-0.118147
0.064947	-0.073445	0.200964	0.104145	-0.086740	-0.000007	-0.235256	0.186123	0.134235	-0.106933	-0.221175	-0.071412	-0.101192	0.176724	0.065054	0.033760	0.009792	0.022603	0.037481	-0.133508	0.151227	0.142521	0.059398	-0.009242	0.010370	0.201804	0.101227	-0.224318	-0.227542	0.277276	-0.096381	0.186702	-0.061593	-0.076157	-0.249145	0.096746	0.150609	-0.059591	0.186830	0.009863	-0.020498	-0.338069	-0.195180	0.088988	-0.169673	-0.073702	0.130263	0.045394	0.063486	-0.101130
-0.072765	-0.161044	0.219333	0.086406	-0.011239	-0.017213	0.213268	0.068097	0.207467	-0.087251	0.037054	0.112914	0.161218	0.142679	0.054238	0.087443	0.101040	0.180825	-0.111471	-0.093426	0.000547	0.169620	-0.017664	0.027789	0.269458	-0.047678	0.075375	-0.175384	-0.139662	-0.023704	-0.129982	0.070159	0.019904	-0.293486	-0.198378	-0.015545	-0.139436	0.137796	-0.022345	0.185000	0.265768	-0.026215	0.052775	0.343737	-0.143137	-0.077555	0.097473	0.013246	0.225191	0.124043
-0.052139	-0.263287	-0.057451	0.141383	0.115831	-0.094993	0.089432	-0.005269	0.016450	0.234618	0.076899	-0.248458	0.033533	0.060966	0.108720	0.220216	0.183994	-0.013479	-0.082283	-0.180437	0.096540	0.066307	0.132871	-0.077681	0.296703	0.095284	0.041105	-0.096634	0.023131	0.200122	-0.164609	-0.022874	-0.158009	0.039131	0.069253	-0.100867	-0.170418	-0.394174	0.154071	0.047766	0.106157	0.016902	-0.000878	0.062003	-0.288945	-0.145323	0.026949	0.154408	0.049665	0.005469
-0.154236	0.020785	0.151912	0.147526	0.077642	-0.156730	-0.195821	-0.114566	0.257750	0.212696	-0.122815	0.120334	0.103098	-0.146980	0.083518	0.001520	0.065372	-0.023961	0.077415	-0.064158	0.039642	0.011858	0.054738	-0.042734	0.282971	0.040302	-0.021958	-0.387348	0.058790	0.052515	-0.082737	-0.050903	-0.122418	-0.025838	-0.285630	-0.057301	-0.014430	-0.187577	0.030407	0.007419	-0.045897	-0.236581	0.180626	0.145935	-0.329195	-0.105856	0.055305	0.159031	0.043978	0.017693
0.039123	0.178048	0.224491	0.022162	0.106290	-0.142296	0.155110	0.146154	0.109408	0.195390	0.258804	-0.044642	0.018070	-0.124378	0.067211	0.208523	0.177757	0.214269	-0.112288	-0.083765	0.127262	-0.100733	0.110860	-0.051856	0.199674	0.082261	0.077775	0.127387	0.084217	0.130982	-0.315823	-0.021622	-0.075047	-0.243925	-0.093101	0.014542	0.010790	-0.068557	0.250469	0.032643	-0.041224	0.025349	-0.050868	-0.036919	-0.217269	0.257898	0.205617	0.020554	0.135879	-0.019204
-0.196296	-0.064422	0.107935	-0.159421	-0.014759	-0.278996	0.043304	-0.131101	-0.125811	-0.145834	0.057285	-0.187445	0.049172	-0.009248	0.006598	0.276374	0.224364	0.024581	0.128791	-0.004739	0.127416	-0.181005	0.019964	-0.108591	0.274078	0.083094	-0.017793	-0.019556	-0.010574	0.091711	-0.357291	0.187004	-0.067042	-0.078486	-0.228481	0.106199	-0.018799	-0.012036	0.135925	0.031775	-0.138028	0.115978	0.097927	0.224117	-0.104227	-0.113959	0.068843	-0.242194	0.052373	-0.098212
-0.086002	0.019642	0.149487	-0.121629	0.078051	-0.353021	0.025803	0.077437	0.255437	0.012741	0.130713	-0.087753	0.158049	-0.124417	-0.144628	0.085477	-0.051619	-0.044458	0.064353	0.064365	0.030344	-0.193193	-0.126235	0.143973	0.176204	-0.076219	0.052961	-0.160443	0.150563	-0.009736	-0.253298	-0.158914	0.068400	-0.144322	-0.095174	-0.014346	0.087648	-0.177269	0.000790	-0.163333	0.037858	-0.237499	-0.009218	0.258667	-0.285689	-0.019338	0.110930	0.202561	0.057121	0.171538
-0.106559	-0.060125	-0.062540	0.163334	-0.047150	-0.164233	-0.191647	0.185000	0.112580	0.214608	0.227071	0.021710	0.133066	0.050863	-0.084191	-0.060559	0.048012	-0.138012	0.011986	0.132388	0.000566	-0.133765	-0.104960	-0.184616	-0.099079	0.009414	0.060652	-0.129771	0.212415	0.220626	-0.278024	-0.032909	-0.053541	-0.029953	-0.280116	0.223954	0.099108	0.024793	0.017928	-0.125339	-0.057156	-0.108757	-0.034401	0.290475	-0.304173	0.128678	0.177951	0.066617	-0.034915	0.044205
0.017814	0.015052	0.135134	0.032107	0.002461	-0.167734	0.048597	0.028269	0.124134	-0.016496	0.329644	0.039122	0.173708	-0.110307	-0.102394	0.093825	0.046421	-0.176358	0.104866	0.033772	-0.056979	-0.080032	-0.095915	0.165568	0.234634	-0.065440	-0.022841	-0.222151	0.234245	0.222220	-0.323313	0.056998	0.066839	-0.229016	-0.018298	-0.044765	-0.046341	-0.163429	-0.042531	-0.029996	0.090380	-0.319556	0.063392	0.290039	-0.109920	0.139957	0.081625	-0.123248	-0.052373	-0.054266
0.008438	-0.097918	0.012396	0.027997	0.119945	-0.163429	-0.043423	0.130449	0.030542	0.153929	0.034040	-0.039138	0.076364	0.026646	0.098232	0.032874	0.160111	0.064762	-0.148444	0.001941	0.203420	-0.111847	-0.068575	0.068210	0.336689	0.338439	0.012408	-0.076969	0.063530	0.291048	-0.161167	-0.192111	-0.118247	-0.136177	0.084667	-0.026041	-0.071618	-0.063319	0.001193	0.400910	0.157074	-0.135088	0.125348	0.218264	0.019284	-0.006660	0.084140	0.108903	-0.054605	-0.212711
0.107508	0.052900	-0.026017	-0.024795	0.000207	-0.089899	0.047935	0.225892	0.063084	0.193613	-0.128575	0.127795	0.148263	0.011894	0.019097	0.088675	0.386213	-0.118702	-0.009352	-0.242955	0.116674	0.040550	-0.006899	0.197754	0.199714	-0.096096	0.018508	-0.070003	-0.038004	0.045408	-0.267223	0.185479	-0.120544	-0.130658	-0.273058	-0.147559	0.041318	-0.063497	0.248344	0.041715	0.057534	-0.045175	0.096531	0.243044	-0.153000	0.030303	0.137612	-0.243913	-0.064139	-0.010321
0.040830	0.014185	-0.130840	0.037831	0.076962	-0.107555	-0.024658	0.102972	0.119289	-0.028061	0.128633	-0.006040	0.307156	0.027977	0.107635	0.202147	0.168655	0.054278	-0.034954	-0.100835	0.302857	0.206319	-0.332810	-0.101585	0.262669	0.009617	-0.170975	-0.100766	-0.003749	0.016886	-0.162270	0.035113	-0.083882	0.024242	0.048629	0.050984	-0.202121	0.023678	0.085313	0.117566	0.108126	-0.060943	0.012266	0.319899	-0.192025	-0.210034	0.127394	0.106757	0.149087	-0.115675
0.015716	-0.082388	0.045545	0.016417	-0.026804	-0.029956	-0.059810	0.019964	0.245241	-0.004014	0.082707	-0.149832	0.285008	-0.005892	-0.061262	-0.001116	0.107548	0.093630	0.174272	0.090195	-0.118708	0.022211	-0.052577	0.121250	0.224198	0.129356	0.019978	-0.090403	0.058618	0.240307	-0.126860	0.080434	-0.026796	0.093495	-0.194507	0.115689	-0.147731	-0.058589	0.267265	0.114873	0.238983	-0.090102	0.156651	0.163446	-0.262203	-0.163512	0.211474	0.226993	0.119639	0.259352
-0.130012	0.167230	0.105643	0.059308	0.027166	-0.244228	0.117438	0.102620	0.033280	0.078958	0.092370	0.252686	-0.034249	0.152876	0.068726	0.124718	0.051671	-0.058914	-0.143421	-0.236951	-0.022734	0.000934	0.093071	-0.153246	0.138161	0.233576	0.155152	0.013390	0.010067	0.005123	-0.225109	-0.120609	0.020549	-0.191052	-0.155082	-0.039274	0.053676	-0.042761	-0.016873	0.029472	-0.162460	-0.240850	0.210220	0.242520	-0.289166	-0.197506	-0.059949	0.186414	0.134170	0.132940
0.047015	-0.156434	-0.022632	-0.162194	0.221704	-0.236968	-0.014546	-0.052558	0.163955	0.018738	-0.032590	-0.098431	0.339491	0.180604	0.214389	0.191577	0.155488	-0.083929	-0.065727	-0.084803	-0.012011	-0.127393	-0.098679	-0.054944	0.057956	-0.099510	0.007067	0.064636	0.053448	0.241310	-0.334505	0.150499	0.138666	0.012792	-0.238592	-0.009167	-0.148665	-0.006731	0.123726	0.062769	0.059896	0.133711	0.168137	0.182964	-0.212151	-0.058556	-0.028527	-0.125714	-0.000491	0.136578
0.090616	0.010758	0.203770	0.172824	0.086644	0.009311	-0.034367	0.244368	0.146160	0.173264	-0.144601	-0.073481	-0.024803	-0.260928	0.063207	0.075219	0.009891	0.121858	-0.032044	0.016140	0.015776	-0.109553	-0.142597	-0.075032	0.182674	0.175758	-0.013876	-0.059362	0.093903	0.146515	-0.385486	-0.222910	-0.096923	-0.249898	-0.109277	0.001500	-0.057726	-0.047149	0.144807	-0.090907	-0.121660	-0.216799	-0.039983	0.055038	-0.230291	0.026442	-0.025966	0.170352	0.192206	0.198425
-0.047511	-0.104435	0.014794	-0.014566	0.054238	-0.281538	-0.052973	-0.071585	0.168278	0.131549	0.085216	0.014689	0.132698	-0.108990	0.182340	0.051937	0.102167	-0.126169	-0.193359	-0.144322	0.265901	0.043060	-0.062320	0.040165	0.041345	0.205742	-0.185440	-0.208730	-0.029741	0.274136	-0.186606	-0.073280	0.275767	0.041069	-0.151247	0.026888	-0.263102	-0.069397	-0.088572	0.177464	0.153784	-0.200603	-0.070424	0.121878	-0.170734	-0.202865	0.064122	0.037385	-0.004301	0.051372
-0.225573	-0.042898	0.156308	0.144701	-0.009686	-0.040825	0.113279	0.161140	0.018280	0.219105	0.159599	0.096761	0.162814	0.115636	0.200850	-0.085636	-0.034826	0.145691	0.002685	-0.098223	0.354089	0.083466	-0.079663	-0.129106	0.008810	-0.045168	-0.056552	-0.144946	0.133523	0.054057	0.030444	0.246776	0.007665	0.003719	-0.051084	0.024202	0.093711	0.030407	0.313660	0.046088	0.025851	-0.344260	0.267558	0.216485	0.017503	-0.109886	-0.153634	0.056385	0.052004	0.035723
0.234036	-0.142273	0.057291	0.070653	0.096245	-0.306902	-0.087664	0.009155	0.118969	0.171291	0.255911	-0.035296	0.050359	-0.085005	-0.104878	0.084086	-0.122855	0.044453	0.055689	-0.128519	0.233835	0.028926	0.055163	0.003223	0.192763	0.237297	0.254209	0.156994	-0.037647	0.002648	-0.178337	-0.085233	-0.014556	-0.166087	-0.055234	0.022749	-0.020841	-0.220329	0.255735	0.042650	0.004747	-0.212666	0.204786	0.119393	0.069464	-0.195377	-0.002261	0.214731	0.091080	-0.050298
0.007696	-0.046098	0.056257	0.071927	-0.041863	-0.224045	-0.104282	-0.081552	0.190766	-0.132067	-0.021762	0.026062	0.135954	-0.014290	0.067440	0.004834	0.259002	-0.039305	-0.243241	-0.092812	0.097553	-0.165845	-0.133983	0.116405	0.190330	0.095720	0.044181	-0.155614	-0.178280	0.200341	-0.184394	0.086187	-0.002883	0.063058	-0.300196	-0.036342	0.070592	-0.084638	0.037232	-0.015186	0.049063	-0.117465	0.244009	0.138518	-0.162416	-0.271202	0.067271	-0.058503	0.296102	-0.228580
-0.267885	-0.111541	-0.092085	-0.011419	0.028519	-0.141537	-0.060155	-0.111404	0.091898	0.242599	0.000762	-0.238882	0.163235	0.015512	0.002417	0.262588	0.073350	-0.012206	0.118869	0.106894	0.244523	-0.058049	-0.122993	0.031616	0.270196	0.181878	0.017762	0.013921	-0.055597	-0.203288	-0.104056	0.032263	0.153187	-0.274279	0.019123	-0.036063	-0.063405	-0.013330	0.093341	0.271440	0.006362	-0.117080	0.183217	0.092319	-0.246004	-0.135034	0.069935	0.138113	0.167122	0.058389
-0.084177	-0.292447	-0.037299	-0.244843	-0.284517	-0.074340	0.017015	0.225134	0.107802	0.130300	0.055484	0.048665	0.000590	0.068866	0.075616	0.007724	0.395176	0.128177	-0.040963	0.089273	0.118143	0.239863	0.030179	0.023161	0.269113	0.197949	0.123827	-0.078343	-0.035930	0.019693	-0.067225	-0.104170	-0.058985	0.151322	-0.261729	0.024965	0.047369	-0.082904	0.119737	0.058475	0.205264	-0.063223	0.083648	0.234989	-0.014164	0.140537	0.007062	-0.082398	0.031125	-0.015610
-0.014918	0.142191	0.000548	-0.218003	0.053308	0.047766	0.209936	0.124888	-0.108948	-0.063353	-0.079258	-0.124503	0.143004	-0.194244	-0.185842	0.257162	0.019622	-0.127424	-0.031968	-0.083418	0.127609	-0.201048	-0.022670	0.042535	0.289787	0.083562	-0.021813	-0.042689	-0.007802	0.319904	-0.197628	-0.137696	0.295029	-0.081767	-0.108440	-0.040244	-0.137155	-0.141110	-0.007533	0.161727	0.071640	-0.167089	0.002972	0.311032	-0.078997	-0.041525	0.114176	-0.055211	-0.052843	-0.068808
-0.391895	0.066256	0.232422	-0.065616	0.036296	-0.177413	0.182589	0.059211	0.050213	0.017098	0.168640	-0.041393	0.105465	-0.056388	-0.087129	-0.110973	-0.058110	0.022243	-0.182048	-0.308981	0.170605	-0.106657	-0.121562	0.009409	0.107242	0.194242	-0.030426	0.157379	-0.134708	0.033923	-0.209243	0.133559	0.079268	-0.091281	-0.128725	0.177543	-0.070605	-0.100454	0.117509	0.187199	-0.036675	-0.035010	0.025449	0.205477	-0.161946	-0.242410	0.112053	-0.005365	0.137522	-0.121067
-0.062352	-0.023090	0.165001	0.080653	0.135346	-0.066587	-0.037490	0.085841	0.040858	-0.070530	0.036047	-0.071616	0.005661	-0.192934	-0.135149	0.339341	0.017603	-0.071013	0.140060	-0.148646	0.177644	-0.123974	-0.137725	0.106203	0.172236	0.121531	0.117737	-0.112870	-0.141863	0.247725	-0.309159	-0.025478	-0.172680	-0.272756	-0.250141	-0.093409	0.037180	-0.019738	-0.116338	-0.042889	-0.033486	0.013798	0.128879	0.177215	-0.160351	-0.213778	-0.211063	0.017522	-0.119072	0.033932
-0.049524	-0.008265	0.044431	0.017219	-0.135361	-0.068162	-0.014734	-0.131961	0.205662	0.102665	-0.058596	0.019422	-0.014837	-0.008475	-0.038756	0.290686	0.165897	0.065827	-0.161251	-0.042993	0.171897	-0.146016	-0.173778	0.122829	-0.029978	0.136842	0.079663	-0.127321	0.002625	0.113333	-0.212900	0.010991	0.058914	-0.064750	-0.161175	-0.057145	-0.010161	-0.110471	-0.066331	0.124273	0.057426	-0.327829	-0.021624	0.447644	-0.166301	0.044557	-0.142970	0.245127	0.147934	-0.206388
-0.024452	0.052349	0.269041	-0.221016	-0.178674	-0.205005	-0.150263	-0.128659	0.101897	0.213214	0.010402	0.033228	0.099817	0.049622	0.181989	0.247720	0.002886	-0.057936	-0.145125	-0.021024	0.154717	-0.012120	-0.086652	0.074439	0.238576	0.046941	0.009139	-0.286223	-0.010867	0.012504	-0.085171	0.162509	-0.044917	-0.113451	-0.203794	0.292609	0.059494	-0.140593	0.099314	0.070771	0.168013	-0.226566	0.021598	-0.067023	0.064500	-0.031825	0.073163	0.259710	0.040548	-0.130207
-0.264964	-0.073148	0.194117	-0.098111	0.116602	-0.000232	-0.139156	-0.021292	0.060969	0.157040	-0.207929	-0.113345	0.262603	0.074185	0.008061	0.323144	0.071946	-0.031818	-0.263937	-0.047347	0.059094	-0.079335	0.004671	-0.020162	0.103429	0.033855	0.055118	-0.254029	0.005353	0.214264	-0.086852	-0.009346	0.005581	-0.179387	-0.084160	0.142123	0.185644	-0.079809	0.184113	0.048258	-0.070954	-0.298442	0.212861	0.010324	-0.224834	0.156493	0.061218	0.017231	-0.057059	-0.024733
0.042243	-0.011201	0.028556	-0.005177	0.072102	-0.053891	0.052926	-0.243073	0.189153	0.185060	0.107462	0.094587	0.237859	0.127149	-0.023962	0.131633	0.235752	0.186460	-0.137133	0.032332	0.275978	-0.087704	-0.125158	0.015096	0.040269	0.204829	-0.023964	0.015250	-0.002508	0.068807	-0.238669	0.133107	0.128848	-0.211883	-0.075613	-0.047442	0.147702	-0.064742	0.068338	0.050571	0.023194	-0.155182	-0.051755	0.303761	-0.366896	0.004637	-0.017694	0.093283	0.022966	-0.214241
-0.059481	0.051664	0.408534	-0.272257	0.028116	0.047614	-0.117731	-0.010717	0.147230	0.109345	0.019372	-0.012764	0.322629	-0.047898	-0.026947	0.002771	-0.145629	-0.115571	-0.112855	0.049433	0.180960	-0.073938	-0.035386	-0.138363	0.115073	0.141401	0.040212	-0.112690	0.013748	0.121377	-0.158775	-0.022248	0.264974	-0.192112	-0.264241	0.048617	0.055466	0.004431	0.145027	-0.038672	-0.203569	-0.154165	-0.047697	0.127725	-0.191261	0.148469	0.045864	0.172851	-0.096800	-0.095986
-0.209193	-0.072614	0.276045	-0.033488	0.008064	-0.108474	-0.060821	0.024907	0.077021	0.237454	-0.282506	0.191197	0.265023	0.070324	0.145438	0.152159	0.001227	0.014039	-0.111774	-0.020619	0.207145	-0.119341	-0.000307	0.234962	0.109744	0.020919	0.041587	-0.155045	0.003256	0.065862	-0.384404	0.230517	0.092322	-0.042350	-0.022064	0.086428	-0.010543	-0.105575	0.035816	0.193308	0.054139	-0.021150	-0.106485	0.318024	-0.010310	0.030692	0.003594	0.034939	-0.049484	0.039688
-0.094936	-0.231639	0.135671	-0.224887	-0.035996	-0.054957	0.005587	-0.127571	-0.089239	-0.075664	-0.070474	-0.095907	0.262500	0.107850	-0.010047	0.162817	0.111196	-0.100601	-0.237940	-0.008198	0.173555	-0.351834	-0.027389	0.022480	0.258654	0.068016	-0.077658	-0.226212	-0.040405	-0.028937	-0.124844	0.180986	-0.023693	-0.116885	-0.035450	0.205039	0.126265	-0.021596	-0.047298	0.021524	0.145183	-0.305107	0.157098	0.120484	-0.151262	0.079779	0.189740	0.054672	-0.010602	-0.022557
0.016868	-0.257187	0.107817	0.015197	-0.164080	-0.115509	-0.104185	-0.004400	-0.040484	0.052883	-0.169234	0.014531	0.171724	0.014674	0.135321	0.075574	-0.144757	-0.049150	0.015692	-0.122101	0.148918	0.295250	0.025621	0.039099	0.088824	0.127294	0.050859	-0.194671	-0.171057	0.313172	-0.194512	-0.047894	0.178702	-0.127531	-0.132423	0.179051	0.158655	-0.163031	0.195467	0.211566	-0.091490	-0.282468	0.072644	0.108496	-0.027057	0.053064	-0.073376	0.162572	0.148358	0.079802
0.136484	-0.041772	0.066018	-0.108907	-0.295809	0.049468	0.079976	0.112930	0.056545	0.069188	-0.133325	-0.004735	0.407956	0.055571	-0.001038	0.201387	0.153472	0.183648	-0.189671	0.054992	0.132486	-0.105544	-0.024121	0.042499	0.156390	0.191951	-0.111173	0.013083	-0.042144	-0.042375	-0.207994	0.073785	0.140782	-0.264569	-0.154108	0.211717	0.193147	-0.035090	0.168017	-0.082843	0.058821	-0.094263	0.132912	0.217097	-0.160172	0.048569	0.006029	0.091910	0.076836	-0.115843
-0.118312	-0.166208	0.126402	-0.264100	0.093362	-0.004391	-0.021536	0.084611	0.140747	0.068031	-0.140331	0.054485	0.158036	-0.074453	0.278265	0.055808	0.026180	0.043256	-0.116123	-0.170167	0.081157	0.029961	0.032223	-0.120553	-0.008248	0.060536	-0.018571	-0.053031	-0.015688	-0.117229	-0.434463	-0.189963	-0.041369	-0.226004	-0.101952	0.096965	0.012614	-0.048504	0.219355	0.033380	0.181664	-0.294764	0.155230	0.149539	-0.159656	0.079668	-0.098143	0.109473	0.164227	0.115125
-0.039461	-0.055132	0.200556	-0.094613	-0.150569	-0.120928	-0.033524	0.180005	0.206712	-0.010954	-0.021951	0.067240	0.019302	-0.017170	0.088761	0.119719	-0.062052	-0.114768	-0.133567	-0.180681	-0.088688	0.144680	0.101965	0.183800	0.085779	0.060365	0.076126	-0.284991	-0.105925	0.174516	-0.113376	0.169397	-0.067750	0.005839	-0.277784	0.163419	0.205577	-0.248648	0.258501	0.027574	-0.126970	-0.184920	0.032979	0.270232	-0.081082	0.023480	0.092742	0.226580	-0.060567	-0.087299
-0.048064	-0.081412	0.077273	-0.240360	-0.112383	-0.212502	0.059037	0.077393	-0.083162	0.186070	-0.076770	-0.163402	0.109529	-0.092860	0.251418	0.227813	0.030613	0.004370	-0.061375	-0.033148	0.153200	-0.107705	-0.083258	0.148246	0.035768	0.356236	-0.150218	-0.176680	-0.010177	0.059940	-0.336358	-0.034067	0.041450	-0.104712	-0.134326	0.076090	0.085799	-0.216431	0.136214	0.081030	0.047640	-0.304367	0.024782	0.091055	0.098388	0.096690	0.054743	0.159502	-0.070329	0.091475
-0.024291	-0.093451	0.206929	-0.097984	0.036884	-0.113787	-0.022098	-0.005854	0.116670	0.052025	-0.095666	0.129365	0.165733	0.188295	0.142788	0.170217	0.026067	-0.027047	-0.132483	-0.155179	0.126201	-0.000521	-0.064747	0.252743	-0.014551	0.213540	-0.135081	-0.216556	-0.165484	0.213973	-0.320922	-0.080516	0.173827	-0.214706	-0.109996	-0.016427	0.108195	-0.186775	0.181248	0.127155	-0.016851	-0.161315	0.081081	0.257672	-0.033848	0.150651	0.017782	0.200397	-0.019073	-0.006812
-0.033757	-0.049784	0.044725	0.141966	0.101406	-0.043074	-0.113927	-0.108215	-0.092535	0.107793	-0.112588	-0.000962	0.072304	0.050111	0.102880	0.090896	0.088714	0.092028	-0.025853	0.099066	0.099834	-0.048473	-0.062940	0.250734	0.101948	0.136330	0.098708	-0.278420	-0.137018	0.267099	-0.218362	0.022299	-0.070145	-0.193705	-0.183294	0.053791	0.327072	-0.112036	0.283100	0.151305	0.107571	-0.270186	-0.157001	-0.100425	-0.227981	0.074781	0.156859	0.091248	-0.003371	-0.078333
-0.092594	-0.059218	0.087587	-0.024712	0.011166	-0.121634	-0.322493	-0.144302	-0.127975	0.029721	-0.207235	-0.180157	0.327979	0.057471	0.110697	0.181223	0.012847	0.114800	-0.154009	0.013425	0.014011	-0.260979	0.096326	0.044480	0.260682	0.133024	0.079315	-0.251736	0.015317	0.133987	-0.257844	0.070716	0.007011	-0.142596	-0.161481	0.149821	0.066286	-0.015803	0.094096	0.019472	-0.000114	-0.224497	0.131722	0.220819	-0.063184	-0.028256	0.122861	-0.059481	0.082183	0.000322
-0.102404	-0.114973	0.072518	-0.128019	0.054605	-0.103608	-0.120655	-0.156575	0.099360	0.250663	-0.082653	-0.009891	-0.008039	-0.012182	0.261354	0.045757	-0.044856	0.169215	-0.263853	0.091218	0.358281	-0.094276	-0.126126	0.171415	0.224745	0.159385	0.035541	-0.197448	-0.101456	0.248977	-0.208526	0.042283	0.010248	0.012449	-0.111497	0.057214	0.103508	-0.138713	0.148332	0.168000	0.059908	-0.198692	0.003375	0.140848	-0.086430	0.116069	-0.166977	0.097231	0.040222	-0.088355
-0.012716	-0.007757	0.129409	-0.122901	0.137502	-0.084441	-0.124766	0.073770	0.038257	0.067337	0.008935	-0.117143	0.183772	0.103079	0.038586	0.198184	0.004354	0.141554	-0.090147	-0.158728	0.250760	-0.112412	-0.078228	0.124656	0.159260	0.164736	0.199609	-0.379577	0.042939	0.210158	-0.342269	-0.065418	0.046327	-0.014173	-0.045690	-0.078594	0.151467	-0.086421	0.009662	0.058481	-0.083583	-0.227732	0.080369	0.032993	0.009249	0.220494	0.071419	0.225467	-0.018694	0.213500
0.054095	-0.132691	0.101432	-0.042210	-0.072751	0.128753	-0.119722	0.016440	0.133172	-0.012540	-0.172456	-0.038201	0.166660	0.101028	0.072749	0.167978	0.049846	0.055586	-0.119888	-0.078476	0.285573	-0.191148	0.034468	-0.127833	0.162247	0.045831	0.058385	-0.164366	0.053293	0.071228	-0.310784	0.106935	0.280205	0.101992	-0.316060	-0.011427	0.147887	-0.221112	0.071178	-0.008193	-0.098819	-0.338455	-0.074268	0.107345	-0.052183	-0.203964	0.133529	0.009529	0.021237	0.070294
-0.050951	-0.134158	0.149772	-0.067793	-0.048146	-0.114080	0.187277	-0.085184	0.008886	0.194653	0.111184	-0.055334	0.076850	-0.021750	0.039453	-0.069563	-0.005626	0.202346	-0.055474	-0.066716	-0.001590	0.009751	0.034013	0.153836	-0.034697	-0.080788	-0.095478	-0.344798	-0.045262	0.268212	-0.269613	0.204225	-0.016115	-0.079683	-0.224799	0.141840	0.022269	-0.119828	0.081926	0.173588	-0.201369	-0.194555	0.011855	0.166762	-0.421780	0.092189	0.013950	0.057183	-0.052528	-0.055457
-0.119247	-0.232769	0.105660	-0.145872	0.109817	0.001216	0.010848	-0.121095	0.118188	0.072073	-0.155574	-0.084670	0.306350	0.178941	0.186264	0.195502	0.221591	-0.046136	-0.180390	-0.149810	0.138917	-0.023712	-0.206647	0.002429	0.023067	-0.005766	-0.051757	-0.267229	-0.008355	0.091392	-0.259337	-0.014278	0.029743	-0.344092	-0.039329	0.158216	0.175198	-0.103484	0.003558	0.059963	-0.056156	-0.095111	0.084957	0.157704	-0.212320	0.010729	-0.073160	0.107781	0.076027	-0.023761
-0.204967	-0.200426	0.105858	-0.007143	0.000856	-0.042951	0.017346	-0.023300	0.023037	0.111886	-0.104986	0.108001	0.042494	-0.079098	0.012736	0.101606	-0.163530	0.038948	-0.133593	-0.148230	0.124639	-0.054510	0.077737	0.099044	0.336749	0.206543	0.070206	-0.263570	0.065625	-0.072229	-0.200480	0.017270	-0.017716	-0.270486	-0.166573	-0.005254	0.097118	-0.348996	0.168336	0.106563	-0.078144	-0.138297	0.262299	0.096572	-0.239622	0.084012	-0.015771	0.048489	0.020482	0.153784
-0.171622	-0.077954	0.053903	-0.174903	0.104834	0.006645	-0.203564	0.108432	0.254290	0.011914	-0.051991	-0.035744	0.092233	-0.146440	0.058077	0.234381	-0.030849	0.198258	-0.159820	-0.037939	0.167455	-0.012650	0.146395	0.020013	0.175098	0.263929	0.225758	-0.331695	0.031483	0.015740	-0.201706	0.010612	-0.086464	-0.182962	-0.075782	0.155254	0.080916	-0.275389	0.162964	0.079847	0.082736	-0.176816	0.140929	0.121391	-0.096099	0.123359	-0.018267	-0.040108	-0.059566	0.017757
-0.011693	-0.133436	0.152616	-0.106737	0.005085	-0.146271	-0.049568	0.009292	-0.040307	0.327268	-0.154620	0.041003	0.135030	0.063742	0.107985	0.048785	0.110464	0.030264	-0.211109	-0.089578	0.226242	-0.074872	-0.133781	0.103469	0.011995	0.258790	-0.016238	-0.135178	-0.058690	0.178754	-0.099732	0.185440	-0.078520	-0.311059	0.013830	0.105831	0.171963	-0.193171	0.203900	0.017770	0.093589	-0.276787	0.234578	0.170265	-0.045457	0.019991	0.023760	0.158449	-0.026511	0.122259
-0.170279	-0.047844	0.297271	0.038620	-0.075229	-0.150136	-0.173886	-0.060504	0.130464	0.231087	-0.023862	0.214079	0.291408	-0.059923	0.034509	0.292036	0.058881	-0.080554	-0.082145	-0.076834	0.144807	-0.139714	-0.005047	0.139263	-0.003691	0.147216	0.079897	-0.169076	-0.077628	0.079648	-0.257620	0.152693	-0.017584	-0.108620	-0.097432	0.097836	-0.014043	-0.184267	-0.018121	-0.031005	-0.024379	-0.252531	0.156567	0.128623	-0.097436	0.157252	0.085560	0.250424	0.067611	0.053505
-0.037418	-0.006847	0.211292	-0.114053	-0.007483	-0.102949	-0.151817	0.009487	0.039442	0.230919	-0.131424	0.007023	0.271748	-0.061554	0.103406	0.230942	-0.138899	-0.068130	-0.138689	-0.169504	0.016875	-0.077894	-0.098744	0.142447	-0.013085	0.239169	0.134832	-0.256887	0.015324	0.215382	-0.199124	0.155529	0.055734	-0.169664	-0.128640	0.135076	0.146491	-0.120543	0.133300	0.025854	-0.042059	-0.279594	0.131798	0.120445	-0.202185	0.106647	0.016553	0.115023	0.046295	-0.179188
-0.249789	-0.029880	0.135285	-0.027536	-0.012805	-0.199469	-0.046704	0.078797	0.008340	0.080725	-0.197620	0.108546	0.177470	0.019728	-0.111227	0.148275	-0.132535	0.122412	-0.092032	-0.092520	0.049278	-0.069424	-0.153710	0.224102	0.210158	0.146118	0.006012	-0.245462	0.015562	0.203816	-0.252583	0.161904	-0.051153	-0.146507	-0.221230	0.116628	0.139213	0.012505	0.186702	0.202741	0.032137	-0.244738	0.113518	0.112486	-0.128244	0.168607	-0.011228	0.159079	-0.135257	-0.013285
-0.110669	-0.083654	0.178404	-0.249734	0.001681	-0.083658	-0.095165	0.042814	0.141016	0.218827	-0.220221	-0.079341	0.148367	0.117999	0.097443	0.155198	-0.103781	-0.039385	-0.289081	-0.186822	0.017530	-0.146100	0.003936	0.137598	0.124816	0.121067	0.015899	-0.317152	-0.159715	0.160378	-0.158076	0.122187	-0.012826	-0.183392	-0.133826	0.186867	0.096508	-0.083317	0.164925	0.005398	-0.012981	-0.275911	-0.041165	0.012938	-0.225610	0.028165	0.041508	0.018821	0.135181	0.051575
-0.047499	-0.087102	0.210792	-0.068110	0.014730	-0.082763	-0.213180	0.028395	-0.007466	0.161357	-0.199829	-0.094294	0.297467	0.108306	0.062099	0.355886	-0.061511	-0.019637	-0.246090	-0.113410	0.089387	-0.209268	-0.070968	0.074527	0.039997	0.113786	0.055934	-0.258332	-0.087432	0.247677	-0.079789	0.071014	0.064037	0.000942	-0.185732	0.147893	0.077485	-0.119837	0.128214	0.047730	0.036199	-0.254631	0.117825	0.109950	-0.216953	0.152059	0.045695	0.041473	0.092423	0.056008
-0.246313	-0.157250	-0.027336	-0.111005	-0.237912	-0.116524	-0.037894	-0.038284	-0.052914	0.225767	-0.224184	0.070183	0.062199	0.097264	0.084280	0.182951	0.032900	0.095254	-0.090349	-0.202614	0.040660	0.185891	-0.228968	0.102460	0.147540	0.031988	-0.092864	-0.042890	0.075607	0.195046	-0.097397	0.014909	0.123222	-0.276073	-0.152950	0.097699	-0.136757	-0.069951	0.225286	0.077203	-0.090607	-0.157858	-0.049315	0.254408	-0.305735	0.044499	-0.021197	0.040450	0.013959	-0.133040
-0.068365	0.071594	0.159757	-0.069773	0.043735	-0.117262	-0.156952	0.014590	0.106033	0.221651	-0.125463	0.085026	0.125216	-0.056577	0.114776	0.299075	-0.145116	-0.027707	-0.244861	-0.065105	0.271902	0.048132	-0.143155	0.222568	0.115741	0.198201	0.114367	-0.240546	-0.020254	0.295552	-0.113125	0.085679	0.039593	-0.143234	-0.157705	0.098819	0.084193	-0.023243	0.065104	0.092620	-0.024274	-0.242825	0.000558	0.115927	-0.138170	0.141663	-0.074434	0.230364	0.021730	-0.047322
-0.246159	-0.084848	0.166501	0.050010	-0.078945	-0.027240	-0.030761	0.091231	0.126090	-0.114846	-0.187101	0.003070	-0.013013	0.029142	-0.004070	0.360670	0.073782	-0.045062	-0.184460	-0.205721	0.119324	-0.186815	0.007902	-0.074320	-0.044367	0.195546	-0.005611	-0.125888	0.062812	0.152499	-0.245375	0.207719	-0.083072	-0.147422	-0.154974	-0.076235	-0.033767	-0.064719	0.020338	0.018090	0.079046	-0.291572	0.176370	0.120701	-0.253038	0.111994	0.095749	0.168219	-0.217989	0.047985
-0.119994	0.007461	0.050931	-0.118621	0.025138	-0.149476	-0.152780	-0.007903	0.146832	0.020153	-0.203802	-0.023229	0.056553	-0.125371	0.099175	0.083490	0.007206	0.199265	0.026499	-0.002009	0.280699	-0.155748	-0.150981	0.077741	0.050762	0.146083	0.018999	-0.218764	0.071554	0.156514	-0.519078	-0.032097	0.017712	-0.178173	-0.125465	0.106505	0.005651	0.168843	0.061564	0.015018	0.131371	-0.132376	0.172852	0.102175	-0.121129	0.123936	-0.046423	0.274429	-0.028404	0.055286
-0.119058	-0.084587	0.098770	-0.213336	0.076175	-0.052180	0.041736	0.027807	0.084569	0.125425	-0.209462	0.012007	0.257852	-0.007988	0.075248	0.237038	-0.053667	-0.071783	-0.039919	-0.148536	0.339361	-0.002292	-0.070886	0.130873	0.055811	0.247792	-0.065335	-0.081169	-0.011690	0.138886	-0.271058	0.073615	0.093378	-0.194731	-0.193963	0.099901	-0.056449	-0.196219	0.125010	0.000455	0.109627	-0.206951	0.090287	0.077436	0.008412	0.320447	0.010337	0.167205	-0.144250	0.046629
0.073763	0.040569	0.271355	-0.133240	-0.061151	-0.252995	-0.086624	0.042842	0.205262	0.055861	-0.168663	0.025524	0.156455	0.089103	-0.056894	0.067984	-0.119473	-0.021079	-0.002952	-0.194276	0.146896	-0.000849	0.031983	0.063750	0.086180	0.195593	-0.036895	-0.307521	-0.170433	0.069428	-0.201213	0.197749	0.048124	-0.076910	-0.272282	0.069047	-0.088865	-0.026862	0.244896	0.035033	0.066865	-0.215804	0.034961	0.267756	-0.086829	0.258485	0.039118	0.098704	-0.033787	0.089013
-0.072421	-0.104317	0.065579	-0.084040	-0.041472	-0.053655	-0.092411	0.060972	0.099866	0.090566	0.008123	0.090244	0.011686	0.189180	0.087477	0.085671	0.123849	0.098344	-0.280804	-0.316383	0.281877	-0.042762	-0.120682	0.020933	0.227327	0.197258	0.012288	-0.155758	-0.001508	0.185649	-0.059702	0.294531	0.017580	-0.152906	-0.022143	0.124707	-0.028294	-0.238677	0.093369	0.098029	-0.133653	-0.088577	-0.080420	-0.035309	-0.158552	0.194028	0.081105	0.314420	0.096732	-0.107218
-0.003094	-0.131387	0.016428	-0.213610	0.069144	-0.070372	-0.117673	0.070095	0.067642	0.152769	-0.023872	-0.027273	0.292314	0.161041	0.033568	0.130078	0.042754	0.014653	-0.136954	-0.080636	0.164292	-0.072885	0.028343	0.091800	-0.109976	0.255216	-0.087716	-0.216128	-0.091021	0.253443	-0.191676	0.081899	-0.115202	-0.177335	-0.054357	-0.104682	0.207665	-0.312668	0.178927	0.052108	0.050968	-0.280600	0.027753	0.084283	-0.104738	0.079796	0.059204	0.240066	0.090372	-0.152137
0.039834	-0.023169	0.192525	-0.158907	0.049776	-0.133706	-0.190171	-0.015209	0.002340	0.164484	-0.029267	-0.017965	0.443433	0.041419	0.090825	0.244800	0.011601	0.042566	-0.201011	-0.099543	0.148191	-0.133847	-0.063057	0.058730	0.106964	0.167761	0.094072	-0.246398	-0.020664	0.288436	0.001184	0.099402	0.097252	0.015677	-0.247137	0.065566	0.183414	0.047021	0.180079	0.100159	-0.049301	-0.246161	0.103183	0.108165	-0.087110	0.113645	-0.003159	0.142148	-0.033179	-0.035306
-0.117899	-0.010670	0.119969	-0.123030	0.144394	-0.071788	-0.114640	-0.008482	0.176737	0.165980	-0.235086	-0.078863	0.280060	-0.057907	0.105819	0.144311	0.090829	0.147747	0.011899	-0.051058	-0.055227	-0.230963	-0.108720	0.146385	0.276593	0.078183	0.113690	-0.306053	0.115816	0.148856	-0.255034	-0.067771	-0.089112	-0.145379	-0.241725	0.093877	0.086767	-0.032727	0.055628	0.123260	0.117890	-0.242389	0.094385	0.125779	0.016078	0.152904	0.094280	0.109508	-0.027002	-0.020913
-0.045270	-0.008975	0.253726	-0.110349	-0.103025	-0.033656	-0.096087	0.114945	0.060180	0.171412	-0.165523	0.035817	0.243850	0.073532	0.155648	0.035798	-0.003655	0.087287	0.053483	-0.014910	-0.132742	-0.016302	-0.022047	0.187117	0.175585	0.273872	-0.015924	-0.162482	-0.114795	0.246046	-0.180164	0.121324	0.075029	-0.146175	-0.237622	0.125807	0.023268	-0.090328	0.291655	0.159126	0.009055	-0.158432	0.051596	0.303524	-0.006684	0.158122	-0.063360	0.192600	0.038900	0.107526
0.032509	-0.139508	0.193847	-0.176179	0.023847	-0.056089	-0.004029	-0.150335	-0.069223	0.084110	-0.021364	-0.031423	0.278957	0.112988	0.053896	0.172547	0.104364	0.028031	-0.119154	-0.119452	0.148370	0.033411	-0.157953	0.254770	0.001556	0.047234	-0.061165	-0.177132	-0.116693	0.059240	-0.310152	0.077135	0.221033	-0.136738	-0.078697	0.143940	0.109374	-0.345980	0.083748	0.107310	0.017247	-0.092795	-0.028130	0.185421	-0.309226	0.004152	-0.025059	0.227850	-0.009399	-0.034660
0.007385	0.032791	0.049546	-0.142890	-0.200809	-0.000722	-0.049860	-0.052988	0.062509	0.189534	-0.136231	-0.163071	0.144544	0.148595	0.156368	0.272160	0.064968	0.055984	-0.036518	-0.039290	0.001585	0.043919	-0.126627	0.013832	0.203040	0.099575	-0.116010	-0.073463	-0.042084	0.221355	-0.202319	0.144241	0.311870	-0.084654	-0.105441	0.238125	0.026379	-0.207182	-0.023130	0.063773	0.139006	-0.143295	0.050475	0.243966	-0.210398	0.103738	0.013648	0.299410	-0.050435	0.152346
-0.090904	-0.135161	0.257909	-0.113147	0.032261	-0.060507	-0.060804	0.000525	0.113654	0.335927	-0.183403	0.114985	0.247027	0.116592	0.044699	0.247088	-0.057713	0.004100	-0.245626	-0.207382	-0.026859	-0.094518	0.025166	0.126876	0.124648	0.072234	-0.065676	-0.259475	-0.006869	0.227129	-0.206700	0.025416	0.097587	-0.180441	-0.085008	0.050647	0.085160	-0.072765	0.165819	0.068349	0.147222	-0.273613	0.074168	0.078061	-0.119874	0.068864	0.048542	0.120764	-0.118974	0.007665
-0.083905	-0.029268	0.336682	-0.164810	-0.000788	-0.200954	0.025451	0.084254	0.172157	0.090323	-0.178770	-0.106448	0.117310	-0.070790	0.123109	0.137608	0.021154	0.182154	-0.100623	-0.028605	0.217953	-0.033893	-0.085779	0.194575	0.014647	0.192830	0.020095	-0.152318	-0.124090	0.118694	-0.304017	0.061454	0.065362	-0.155866	0.018601	-0.002265	0.169828	-0.171037	0.025317	0.212481	-0.094505	-0.098776	0.110365	0.159566	-0.254461	0.021870	0.002523	0.241442	-0.084374	-0.156823
0.103476	0.027102	0.232783	-0.038877	-0.061860	-0.321732	0.131984	0.071794	-0.056023	0.077562	-0.200678	-0.079375	0.309408	0.087879	0.025432	0.158713	0.018554	-0.138274	-0.248598	-0.125514	0.108164	0.012176	0.015307	0.057907	-0.009765	0.101506	-0.047375	-0.237285	-0.179056	0.106442	-0.224181	0.086298	0.156071	-0.342333	-0.116301	0.053965	0.115519	0.078772	0.206873	0.085623	0.032387	-0.185573	0.038702	0.205420	-0.124935	-0.032095	-0.000300	0.078135	-0.071255	-0.027616
-0.146882	-0.134424	0.261194	0.049199	0.104146	-0.134739	-0.187078	0.038773	0.111621	-0.000523	-0.141570	0.157218	0.043998	-0.054675	0.036113	0.020015	-0.169963	0.097529	-0.088002	-0.248570	0.139101	0.129342	-0.009070	0.135068	0.175740	0.138376	0.023332	-0.212438	-0.105245	0.245256	-0.222107	-0.125933	0.021590	-0.176738	-0.153614	0.118839	0.069191	-0.146363	0.088476	0.167853	-0.000770	-0.276992	-0.142171	-0.006747	-0.119966	-0.028756	-0.083834	0.319520	-0.028846	-0.110057
-0.147773	-0.153489	0.058515	-0.135054	-0.044523	-0.110453	-0.200059	-0.154191	0.024881	0.119067	-0.125163	0.016777	0.268490	-0.060249	0.109980	0.174644	-0.053540	0.141742	-0.070013	-0.116357	0.148182	-0.008356	-0.164674	0.176683	0.237903	0.088934	0.029555	-0.264361	0.236365	0.144236	-0.178850	0.001510	0.204516	-0.101747	-0.053720	0.102107	0.027189	-0.077701	0.094224	-0.070203	-0.061684	-0.251620	0.293691	0.188282	-0.107991	0.022130	0.080478	0.164047	0.088818	-0.109036
-0.121112	-0.116774	0.178054	-0.139718	-0.158352	-0.210712	0.120420	-0.040161	-0.031491	0.069178	0.032421	0.150023	0.226692	0.113740	0.014846	0.098746	-0.040599	0.138892	0.168191	-0.207489	0.064389	-0.021738	0.087378	-0.009030	0.161972	-0.219821	0.291720	-0.189985	-0.037601	-0.021968	-0.172435	0.142627	-0.025838	-0.094732	-0.118587	0.271547	0.022195	-0.132612	0.040000	0.228417	0.111089	-0.250494	0.142335	0.182183	-0.228958	0.110043	0.048265	-0.015124	-0.023218	0.115975
-0.093604	-0.080144	0.097695	-0.126989	0.242714	-0.133997	-0.168766	-0.131013	0.022351	-0.030364	0.110490	0.101922	0.012269	0.201951	0.062602	0.151452	0.277779	0.047366	-0.006304	-0.053400	0.114042	-0.230767	-0.120702	0.015076	0.276404	0.162625	0.173557	-0.073218	0.030692	0.165939	-0.330184	0.079254	0.084354	-0.068947	-0.157701	0.074531	0.151436	-0.020962	0.188437	0.123534	-0.070973	-0.133408	0.056506	0.111201	0.002849	0.092934	0.129168	-0.029063	0.279929	-0.200001
-0.172801	-0.037516	0.311274	-0.015857	-0.153803	0.025340	-0.046335	-0.044162	0.119588	-0.013723	-0.109165	0.002063	0.221834	0.036920	0.013011	0.339192	-0.023471	0.032453	-0.199067	-0.215651	0.091325	-0.047895	-0.119845	0.004686	0.155069	0.074745	-0.016738	-0.260380	-0.002559	0.070235	-0.191258	0.118340	-0.042374	-0.049376	-0.088723	0.042111	0.056365	-0.265392	0.225971	0.021611	-0.107011	-0.211496	-0.059700	0.130973	-0.095175	0.113052	0.160889	0.342186	-0.056289	-0.033129
-0.045293	0.022766	0.111662	-0.199217	-0.044276	-0.070037	-0.005436	0.067934	0.082144	0.184333	-0.154777	0.021142	0.127916	0.034865	-0.104919	0.193113	-0.106732	-0.005674	-0.068185	-0.082467	0.096021	-0.143807	-0.151221	0.073075	-0.062307	0.242466	-0.019197	-0.313965	0.103723	0.289605	-0.214525	0.051689	-0.006240	-0.125477	-0.158547	0.174103	0.169626	-0.149785	0.141097	0.028774	0.141247	-0.207836	0.114550	0.156318	-0.229157	0.233926	-0.079029	0.184238	-0.002806	-0.159767
-0.011847	-0.063427	0.181933	-0.077678	0.003152	-0.021001	-0.105969	-0.100899	0.190100	0.272008	-0.048575	0.139739	0.095626	-0.054187	0.248741	0.124675	-0.052782	0.043223	-0.193819	-0.060671	0.233764	-0.076811	-0.079609	0.180745	0.142163	0.198921	-0.048429	-0.339430	-0.180153	0.145483	-0.257001	0.018966	0.079765	-0.083001	-0.212540	0.039315	0.079252	-0.061774	0.093212	0.156122	0.076081	-0.103861	0.075472	0.163001	-0.179143	0.001352	-0.124866	0.262196	0.043487	-0.014751
0.047482	-0.051368	0.168467	-0.071384	-0.006296	-0.149629	-0.055361	-0.067271	0.025424	0.223029	-0.093902	-0.158169	0.195231	0.169170	0.002942	0.259137	0.053964	0.105342	-0.039228	-0.193441	0.030688	0.027842	0.068404	0.084887	0.070238	0.148834	0.057523	-0.167822	-0.218338	0.213176	-0.040371	0.220363	0.006605	-0.132556	-0.230247	-0.058007	0.302509	-0.275281	0.061046	0.042341	0.196700	-0.193983	0.016192	0.164661	-0.179437	-0.125167	0.031684	0.155080	0.053478	-0.137052
-0.089055	-0.020738	0.080926	-0.032262	-0.041580	-0.191309	0.063149	0.147468	0.169935	0.028035	-0.240405	0.075108	-0.010520	-0.039811	0.120501	0.074412	-0.085029	0.057919	-0.062756	-0.075674	-0.065457	0.061610	-0.117189	0.066732	0.216844	0.021074	0.068789	-0.457194	-0.022650	0.227036	-0.190272	0.025101	0.236677	-0.230029	-0.166881	0.115379	-0.036181	-0.078758	0.058343	0.162997	0.014379	-0.046086	0.218435	0.220094	-0.323090	0.016972	-0.132021	0.015804	0.009086	-0.002167
-0.042739	-0.126219	0.293868	-0.044893	0.071156	-0.128839	0.106327	-0.028245	0.166259	0.173947	-0.044450	0.049492	0.127171	0.133520	0.046682	0.135683	0.087838	0.227234	-0.185164	-0.141175	0.060235	-0.175994	0.027612	0.041510	0.062955	0.074569	-0.052083	-0.279652	-0.088245	0.198662	-0.233854	0.100436	0.047997	-0.032730	-0.295466	0.053635	0.187246	-0.081225	0.071026	0.172956	-0.155333	-0.177256	-0.013155	0.013592	-0.200890	0.096188	-0.052433	0.215511	0.229945	0.110952
0.023089	-0.041249	0.121525	-0.098709	-0.086152	-0.247249	-0.161397	-0.057997	-0.014158	0.107506	0.021636	0.037246	0.153890	0.058286	0.000827	0.159943	0.152561	0.130370	-0.054014	-0.100909	0.166137	0.052718	-0.107913	0.058943	0.093604	0.113349	0.068603	-0.163070	-0.010568	0.129345	-0.053397	0.161654	0.104211	-0.008967	-0.249311	0.177215	0.188349	-0.439141	0.181697	0.044826	-0.054838	-0.071141	-0.050253	0.109235	-0.410826	0.062375	-0.096030	0.163818	0.027767	0.107425
-0.049678	-0.025754	0.093482	-0.276940	-0.018091	-0.159994	-0.284429	-0.102284	-0.061523	0.254631	-0.116632	-0.012684	0.198315	0.074482	-0.005517	0.081194	0.012051	0.144943	-0.054371	0.076432	0.157496	-0.070126	-0.168034	0.136302	0.189547	0.042701	0.036929	-0.214276	-0.025288	0.167425	-0.189989	0.029396	0.144831	-0.009112	-0.168848	0.153326	0.057709	-0.067164	0.132822	0.144082	-0.007850	-0.349641	0.011041	0.288705	-0.047169	0.137968	0.049151	0.218377	0.081445	0.003618
-0.039064	-0.089448	0.173665	-0.225204	0.150585	-0.004350	-0.148402	0.020642	0.033589	0.086003	-0.102875	0.009204	0.140808	0.143479	0.211876	0.036532	-0.011488	0.078717	-0.099255	-0.060741	0.185599	-0.040805	-0.180649	0.056527	0.166328	0.126074	0.071116	-0.196015	-0.143094	0.225891	-0.124773	0.081334	0.253467	-0.187921	-0.039107	0.194584	0.219763	-0.250524	0.246278	0.184273	-0.061256	-0.239439	0.008927	0.013496	-0.109538	0.025995	-0.116508	-0.004356	0.095641	-0.211438
-0.037387	0.097544	0.207878	0.011845	0.074372	-0.057860	-0.012938	0.016011	-0.146075	0.092605	0.097415	0.056876	0.082465	0.146267	0.189145	0.061263	-0.120980	0.042237	-0.190202	0.126371	0.171912	-0.140531	-0.151201	0.156062	0.264832	-0.037376	0.311477	-0.152586	0.080146	0.304786	-0.024095	0.019668	-0.037073	-0.146010	-0.322594	0.071801	-0.004346	-0.143703	0.034166	0.091608	-0.061260	-0.271948	-0.028195	0.273531	-0.043940	-0.029014	0.023988	0.160083	0.008646	-0.156037
-0.027148	-0.128911	0.068877	0.001316	-0.055925	-0.189484	-0.039917	-0.028790	0.130989	0.161027	-0.033479	0.103822	0.120872	0.087934	0.115127	0.160775	0.200166	0.045565	-0.313612	-0.220944	0.106662	-0.056851	-0.082863	0.047725	-0.035925	0.116953	-0.007204	-0.246920	-0.175056	0.114309	-0.232373	0.083565	0.109993	-0.238192	-0.213623	0.115038	0.145905	-0.232167	0.158341	-0.075809	-0.106294	-0.207640	-0.106955	0.001018	-0.294154	0.062960	0.048599	0.105640	0.027720	-0.148061
-0.000405	-0.080777	0.071353	-0.056077	0.043142	-0.169718	-0.279696	0.064677	-0.008644	0.177060	-0.009305	-0.060329	0.232171	0.068899	0.052651	0.138868	-0.014997	-0.000389	-0.092445	-0.176921	0.197558	0.150566	-0.225215	0.177673	0.043164	0.015079	0.006301	-0.193710	-0.073182	0.218897	-0.083165	0.207069	0.039807	-0.179733	-0.238640	0.083601	0.117421	-0.070331	0.035009	0.103364	-0.154593	-0.290601	0.159088	0.209936	-0.216217	0.123751	0.050030	0.195212	0.142934	-0.014710
0.002001	0.057124	0.128144	-0.159345	-0.266111	-0.122692	-0.067205	-0.024568	0.042948	-0.004077	-0.087727	-0.000472	0.152265	0.185283	0.059246	0.164282	0.035870	0.117197	0.047548	-0.128349	0.137207	0.129523	0.076427	-0.031998	-0.013749	0.016873	0.095167	-0.022087	0.034783	0.383036	-0.247694	0.220431	0.295939	-0.174360	-0.142625	0.083585	-0.043583	-0.169356	-0.006885	0.263870	-0.144242	-0.034465	0.081845	0.338412	-0.050479	-0.013074	-0.009161	0.136244	0.102557	0.039862
-0.203201	-0.049022	0.124147	-0.213593	-0.060897	-0.211881	-0.080358	-0.000404	0.243722	0.146964	-0.044591	0.078743	0.134922	-0.044997	0.046573	0.215884	0.115011	0.129121	-0.267953	-0.084316	0.080333	0.029566	-0.132306	0.028074	0.180714	0.141242	0.090770	-0.285805	-0.095740	0.183886	-0.114277	-0.216294	-0.070099	-0.019194	-0.097813	0.145019	0.064683	-0.150444	0.347548	0.009720	-0.004369	-0.036249	0.015160	0.106898	-0.084171	0.098390	-0.269648	0.056437	-0.113222	0.013712
-0.072565	-0.148130	0.096342	-0.044800	-0.085543	0.006654	-0.150641	0.114519	0.134991	0.149840	-0.190719	0.177637	0.073636	-0.044980	0.156853	0.196745	0.066427	-0.197557	0.040224	-0.254305	0.066238	-0.030120	-0.022891	0.188701	0.055860	0.173040	0.074630	-0.244672	-0.131285	0.255129	-0.290243	-0.086274	0.179529	-0.304884	0.002253	0.014330	0.110627	-0.226644	0.077720	0.113345	-0.156960	-0.042620	0.116003	0.166535	-0.146397	0.115815	0.032955	0.030048	-0.019457	-0.050631
-0.037822	-0.139128	0.138361	-0.130914	0.151466	-0.117655	-0.152733	0.139771	0.044204	0.213935	-0.093824	-0.038435	0.183762	0.147540	0.156539	-0.045542	-0.022873	0.102960	0.017785	-0.151311	0.099736	0.145823	-0.046626	0.061478	0.000019	0.432253	0.023808	-0.205115	-0.132780	0.223869	-0.235897	0.018452	0.010543	-0.299812	-0.102642	-0.029933	0.049532	-0.200211	0.021840	0.024136	0.099107	-0.036003	-0.049729	-0.120140	-0.162183	-0.005573	-0.145174	0.243151	0.136068	0.018691
0.007382	0.038606	0.026840	-0.048887	0.098761	-0.185610	-0.035599	0.028104	0.127297	-0.018188	-0.255456	0.018517	0.268570	0.023069	0.112639	0.188056	-0.005435	-0.028563	0.020687	-0.180539	0.018488	0.143239	-0.169200	0.009894	0.177912	0.170591	-0.033483	-0.144455	-0.074659	0.254298	-0.308352	0.140226	-0.067235	-0.213943	0.092816	0.123115	-0.107927	-0.220318	0.168392	-0.032603	-0.075734	-0.100085	0.084512	0.239926	0.038167	0.092448	0.171168	0.316788	-0.058710	-0.088416
-0.162521	-0.104983	0.122828	-0.111828	-0.077761	-0.001710	-0.137220	0.167544	0.075706	-0.015114	-0.084707	0.028791	0.150436	0.065354	0.082319	-0.048825	0.161891	-0.000329	-0.247434	-0.177754	0.034398	0.073990	-0.181705	-0.112896	0.015808	0.095260	-0.058351	-0.357930	-0.202806	0.134796	-0.094680	0.210041	0.062327	-0.128338	-0.034722	0.032421	-0.044496	-0.171199	0.280706	0.128844	0.015309	-0.221379	0.172449	-0.036975	-0.161526	-0.153734	0.111196	0.246210	-0.233421	-0.021961
-0.026129	0.005328	0.101468	-0.076638	-0.028188	0.023834	0.126747	-0.019268	0.112533	-0.074667	-0.160404	-0.031655	0.269773	0.072617	-0.152703	0.225508	0.244669	0.089127	-0.174002	-0.205106	0.087370	-0.000345	-0.139637	-0.013287	-0.018022	0.076668	0.021570	-0.110730	0.012408	0.010781	-0.022146	-0.052120	0.067752	-0.001307	-0.334018	0.105204	0.216933	-0.228056	0.262004	-0.039397	0.011379	-0.248728	0.200765	0.086217	-0.302003	0.041297	0.028573	0.182250	-0.188687	-0.097389
-0.090093	-0.126190	0.217926	-0.190432	-0.074625	0.111375	-0.143455	0.007904	0.014597	0.167732	-0.082777	0.102020	0.061055	0.055859	-0.009849	0.117984	0.148992	0.093051	-0.055936	-0.018094	0.013111	-0.319964	0.134326	0.067912	0.362047	0.054070	0.153852	-0.259137	-0.126140	-0.050879	-0.013436	0.183646	0.054048	-0.123849	-0.030534	0.288403	0.035208	0.081694	0.206162	-0.007576	-0.136461	-0.023435	-0.057270	0.293691	-0.209947	0.041549	-0.004580	0.157913	0.018019	-0.133170
-0.132587	-0.252103	0.042794	-0.205534	0.106182	-0.028670	-0.224923	0.149875	0.153858	-0.062897	-0.122346	-0.075595	0.087048	0.104133	-0.087221	0.368206	0.034622	0.061343	0.036192	0.063266	0.020131	-0.061242	0.058662	0.011068	-0.074636	0.126534	0.280224	-0.270470	0.057429	-0.127706	-0.116965	0.090814	0.022618	-0.085937	-0.158517	0.299348	0.217663	-0.195890	0.093652	0.021676	0.065126	-0.121330	0.101911	0.144953	-0.206068	-0.077951	0.000826	0.173558	0.013292	-0.010507
-0.026767	-0.255460	0.340822	-0.287192	-0.169439	-0.134572	-0.201906	-0.015376	0.077670	0.185129	0.104315	0.001612	0.162173	0.052506	-0.100170	0.206835	-0.084282	0.048636	-0.003489	-0.121232	0.312269	-0.238106	-0.071987	-0.045392	-0.078153	-0.037060	-0.004700	-0.073874	-0.053827	0.236991	-0.133717	0.128354	0.117124	-0.193627	-0.102216	0.178658	0.004704	-0.061706	-0.039441	0.012213	0.202908	-0.087514	0.030846	-0.091821	-0.112111	0.061048	-0.071324	0.085790	0.190824	0.004125
-0.024659	-0.079575	0.225122	0.054076	-0.154487	-0.015927	-0.112597	0.068043	-0.139366	0.116292	0.045852	0.053623	0.307358	0.054030	-0.180986	0.033918	0.062353	-0.093835	-0.014069	-0.126521	0.045843	-0.167203	0.142706	0.032545	0.068678	0.042757	0.086599	-0.279110	-0.193466	0.268379	-0.095627	0.054504	-0.149740	-0.063903	-0.062046	0.049059	0.047289	-0.035540	0.044802	0.257553	0.183006	-0.295580	-0.141409	0.316713	-0.094408	0.125418	-0.055793	0.001789	0.000352	-0.247762
0.049085	-0.141211	0.150556	-0.137201	-0.119203	-0.144789	-0.257977	0.082399	-0.065378	0.087830	-0.050122	0.087961	0.105927	-0.065796	-0.191195	0.026145	0.122204	-0.149729	-0.016837	-0.247234	0.120872	-0.113461	0.038246	-0.003037	0.068152	0.160547	0.109697	-0.338339	-0.244664	-0.205402	-0.199033	0.169185	0.005080	-0.054170	-0.183392	0.057452	0.035217	-0.232205	0.009169	0.080585	0.125907	-0.237228	0.033303	0.246080	-0.120983	0.110615	0.073070	0.088694	0.142860	-0.042106
-0.030482	-0.321600	0.230183	0.029496	-0.235006	0.005774	-0.106619	0.190597	-0.147011	0.112647	-0.035593	-0.026985	0.138260	0.171136	0.009477	0.165607	-0.082460	0.201776	-0.043986	-0.052315	0.066800	0.005459	-0.090658	0.015841	0.266858	0.212647	-0.109742	-0.240503	-0.052570	0.179361	-0.227004	0.300246	0.124551	-0.169269	-0.164434	0.127119	0.048649	-0.016803	-0.049476	0.121090	0.063142	-0.098925	-0.040858	0.080896	0.077133	0.177677	0.121634	-0.031059	0.066877	-0.108088
-0.117492	-0.083858	0.105196	-0.038584	-0.023993	-0.189624	0.007284	0.215718	0.023865	0.157538	0.055599	-0.248650	0.225251	0.098372	0.304201	0.055752	0.099763	-0.048094	-0.064300	-0.029021	0.158839	-0.265383	-0.063039	0.045741	-0.004666	0.297297	0.165707	-0.119327	0.011360	-0.013514	-0.223457	-0.038940	-0.032441	0.045476	-0.124327	0.187197	0.190358	0.008975	-0.104510	0.018986	0.119296	-0.110310	-0.007247	0.063897	-0.002946	0.236078	0.048231	0.325610	-0.122226	-0.159702
-0.222276	-0.095475	0.095623	-0.155183	-0.097735	0.031108	-0.106768	-0.109955	-0.039851	0.023094	-0.017028	0.312698	0.210246	0.037977	-0.091531	0.097728	-0.130743	0.051982	-0.059178	-0.068198	0.171671	-0.136132	0.173752	0.006298	0.158353	0.209132	0.121772	-0.036181	-0.043710	0.225437	-0.127416	0.009358	-0.089036	-0.070480	-0.128541	0.180544	0.200340	-0.093121	0.032793	0.086445	0.248932	-0.256539	-0.012972	0.065034	-0.265395	0.152427	0.029981	0.214367	0.067954	-0.231532
0.006081	-0.213479	-0.028420	-0.099250	0.033571	-0.053326	-0.174438	0.081794	-0.055047	0.269312	-0.066140	0.075588	0.169036	-0.019300	-0.012971	0.094916	0.072141	0.101502	-0.111391	-0.112906	0.320532	0.004337	0.016913	-0.060779	0.146855	0.270901	0.009006	-0.205430	-0.046695	0.083187	-0.148031	0.039999	-0.176745	0.012516	-0.102539	0.107224	0.265338	0.050829	0.095758	-0.013348	-0.126416	-0.325350	-0.002423	0.249461	-0.058864	0.233365	-0.038196	0.244214	0.008540	-0.150700
-0.087734	-0.087885	0.059210	-0.139175	-0.074105	-0.052602	-0.023833	0.063050	-0.001064	0.086717	-0.052847	-0.036895	0.177381	-0.027730	-0.133782	0.253924	0.202521	0.066983	-0.204743	-0.269048	0.183321	0.028123	0.090452	0.154076	0.333039	0.025769	0.066789	-0.289942	-0.144142	0.009661	-0.042534	0.128525	-0.072344	-0.071642	-0.340048	0.003092	0.174854	-0.058953	0.233445	0.097333	-0.049824	-0.193738	-0.078686	0.155615	0.161049	0.099338	0.053554	0.149994	-0.034638	-0.019104
0.097001	-0.181889	0.045945	-0.079291	-0.058909	-0.026305	-0.193753	-0.045042	0.051989	0.095086	-0.218747	0.126201	0.234526	-0.052002	0.067455	0.115333	0.090326	-0.079638	-0.013354	0.043062	0.194980	-0.041742	0.143253	0.150923	0.312412	0.162046	-0.117679	-0.250384	-0.141701	0.251403	-0.136090	0.366942	0.091360	-0.115580	-0.116339	0.091045	0.069815	-0.177916	-0.090310	0.105521	0.052992	-0.218829	0.045438	0.221110	-0.064512	0.002192	0.040401	0.091755	0.024834	-0.044985
0.063461	-0.103502	-0.097655	-0.117627	-0.114996	-0.289517	0.040329	-0.057325	0.040575	0.005259	-0.072214	0.078970	0.253353	-0.085628	-0.061017	0.135859	0.200279	0.198771	-0.004933	-0.299078	0.142370	-0.074881	-0.055184	-0.033801	0.162763	0.147943	0.233944	-0.276661	-0.010608	0.110043	-0.091827	0.310123	-0.082182	-0.082337	0.039649	0.075016	-0.067696	-0.167688	0.139968	0.059453	-0.053351	-0.162490	-0.073212	0.099513	-0.260352	0.104228	0.206665	0.052171	0.110958	0.001821
-0.159717	-0.104230	0.087344	-0.312073	-0.002116	-0.251298	-0.173257	-0.066402	-0.010272	0.116296	-0.154168	0.247286	0.271185	-0.021174	0.094341	0.120837	-0.048220	0.010549	-0.119828	-0.094622	0.156473	0.092491	-0.029211	-0.078718	0.083204	0.001055	0.095603	-0.147698	0.026330	0.204457	-0.152646	0.089526	-0.070571	0.031322	-0.258556	0.144639	0.099583	-0.033640	0.143485	0.010898	-0.111031	-0.169165	0.102305	0.183982	-0.074361	-0.061387	0.070916	0.225177	0.226794	-0.245443
-0.114868	-0.133541	0.141282	-0.181400	0.039858	-0.074479	-0.135924	0.176735	0.126930	0.324826	0.200277	0.055312	0.139289	0.012161	0.052509	0.188319	0.079595	0.022738	-0.133161	0.088622	0.096345	0.092030	0.036953	-0.123933	0.111199	0.125198	0.012582	-0.168546	0.096385	-0.074394	-0.091149	0.086215	0.229769	-0.215768	-0.296283	-0.082280	0.212263	0.119887	0.089108	-0.149622	-0.213261	-0.043938	0.149310	-0.056299	-0.267119	0.048431	0.145882	0.104989	0.112573	-0.086025
-0.081273	-0.115840	0.113273	-0.141488	-0.078567	-0.122411	-0.196744	0.072418	0.056176	0.101406	-0.119751	-0.130086	0.264559	0.096341	0.061455	0.229017	-0.072602	-0.036399	-0.027376	0.065226	0.089444	-0.081688	-0.092115	-0.026606	0.089606	0.245642	0.153295	-0.254814	-0.221389	0.154214	0.013848	0.247638	-0.016889	0.042751	-0.402187	0.118623	0.050838	-0.180804	-0.009671	0.147334	-0.002087	-0.225743	0.008721	0.121492	0.035942	-0.099214	-0.014140	0.047738	0.216512	0.118040
0.065751	-0.181448	0.111540	-0.083098	-0.198876	-0.040618	0.085649	0.124546	-0.007105	0.043859	-0.097741	0.115864	0.201960	0.139680	0.082569	0.355055	0.185680	0.061919	-0.126101	-0.050275	0.291370	-0.063390	-0.003505	0.158246	0.030990	0.101100	0.038341	-0.172791	-0.127783	0.037915	-0.054583	-0.050670	-0.052338	-0.259272	-0.331450	0.361295	0.089693	-0.053903	-0.057994	-0.016433	0.193215	-0.144466	-0.033963	0.169121	-0.029101	0.047924	-0.073879	-0.041343	0.000075	-0.038590
0.040696	-0.150778	0.091005	-0.111423	-0.080142	-0.137287	-0.014183	0.135448	0.085114	-0.022798	-0.191827	0.211113	0.147934	0.167810	0.128922	0.280952	-0.043899	0.005972	-0.193175	-0.145168	0.144137	-0.095370	0.115615	0.016606	-0.032511	0.026769	0.117335	-0.488850	0.004281	0.103546	-0.113364	0.064500	0.057175	-0.115860	-0.211419	0.113682	0.080466	-0.115704	0.076950	0.049042	-0.064124	-0.296286	-0.048600	0.136524	-0.201172	0.147681	0.014506	0.073152	0.031479	0.077442
-0.029820	-0.116829	0.048524	-0.068970	-0.091676	-0.259005	-0.077956	-0.004345	-0.090766	-0.002438	0.066512	0.159499	0.181523	-0.185133	0.039955	0.112278	-0.162085	-0.076675	-0.084896	-0.071221	0.161068	-0.002201	0.002213	0.214097	0.117865	0.326043	0.090131	-0.068192	-0.238874	0.128957	-0.201354	0.266101	0.107717	-0.062310	-0.180804	0.138410	0.001512	0.024090	0.072639	-0.104071	-0.087109	-0.298165	-0.099420	0.094629	-0.179475	0.285901	0.049994	0.132864	0.066421	-0.071620
0.079664	-0.098156	0.078390	-0.239858	-0.061955	0.107846	0.168530	-0.094935	-0.050285	0.116432	-0.159099	-0.019672	0.030323	0.004503	0.022849	0.060321	0.136150	0.110466	-0.175041	0.204466	0.183710	-0.240407	0.122913	-0.035540	0.197031	0.081519	0.079717	-0.283878	-0.318152	0.094871	-0.298730	0.134756	-0.031192	0.018366	-0.139339	0.134130	0.209516	-0.008219	0.025321	0.066952	0.013336	-0.108753	0.117581	0.047497	-0.219615	-0.029861	0.018316	0.199906	0.084850	-0.216640
-0.108885	-0.195788	-0.220415	-0.274839	0.078649	0.051024	-0.117432	0.078810	0.010969	0.284737	-0.118257	-0.119212	0.114640	0.025168	0.065635	0.074020	0.016199	-0.148913	-0.220159	-0.043741	0.108228	0.087446	0.004071	0.266226	0.169098	0.044247	0.160918	-0.086077	-0.087493	0.110795	-0.191998	-0.026750	0.135718	-0.121120	-0.178512	0.128825	0.191595	0.093372	0.136668	-0.000461	0.135769	-0.404427	-0.012604	-0.024940	-0.084646	-0.074260	-0.074762	0.133443	0.068361	-0.101618
-0.055703	-0.251781	0.150204	0.022322	0.067167	-0.161836	-0.285998	-0.003405	-0.099419	0.096441	0.003367	-0.053491	-0.108040	0.047390	0.086416	0.182741	0.031514	0.190077	-0.048045	0.041642	0.208622	0.143214	0.012666	-0.049127	0.286876	0.116806	0.008633	-0.389180	0.062804	0.192713	0.092308	0.189422	0.021863	-0.157031	-0.061685	-0.074979	0.111426	0.014853	0.056381	-0.048752	0.046378	-0.120125	0.050118	0.045583	-0.295600	0.073497	0.039819	0.172881	-0.285699	-0.023644
-0.237328	-0.204572	-0.218580	-0.150116	-0.032311	-0.035679	-0.160962	0.024434	-0.006869	0.127078	-0.050983	-0.049084	0.316429	-0.006067	0.007186	0.183908	0.034604	-0.178409	-0.016201	0.165500	0.214351	0.116545	-0.146290	-0.021876	0.236407	0.113256	0.047472	-0.146175	-0.144758	0.076237	-0.139686	-0.016844	-0.059314	0.037169	-0.260198	0.038188	-0.095798	-0.041467	-0.147334	-0.073660	0.064524	-0.200125	-0.078564	0.150468	-0.147640	0.266518	0.081615	0.280173	-0.053826	0.021418
-0.068762	-0.237196	0.113546	0.083350	0.209474	-0.001797	-0.171897	0.203854	-0.112745	0.089574	0.019405	0.088750	0.123599	0.051493	-0.031300	0.265127	-0.130360	0.101478	-0.008260	-0.099793	0.225569	-0.003242	-0.036907	0.128088	0.203497	0.178400	-0.018744	-0.005683	-0.056269	0.131310	-0.055340	0.092593	0.259051	-0.143649	0.242694	0.131247	0.173704	-0.143646	0.080067	0.081159	0.039761	-0.181289	-0.160871	0.086105	-0.263080	0.161681	0.000566	0.254407	-0.116732	-0.072349
0.017616	-0.135275	0.119173	0.017626	-0.161489	0.205094	-0.107551	0.084338	-0.028396	0.105289	0.007899	-0.190377	0.436290	0.059445	0.223591	0.094513	0.095621	-0.017143	-0.036911	-0.141350	0.101880	0.002415	-0.017288	0.058961	0.181458	-0.019111	0.259947	-0.103363	-0.122387	0.088705	-0.284071	0.168180	0.105240	0.108357	0.033124	0.076078	0.227335	-0.102503	0.102400	0.094345	-0.064362	-0.158923	0.054084	0.144836	-0.123415	0.124064	0.115062	0.065729	-0.032113	-0.277380
-0.185726	-0.346888	0.062698	-0.065002	-0.031580	0.138568	-0.079398	-0.020427	-0.074151	0.249088	-0.139256	-0.107075	0.165017	-0.051658	0.030967	0.137652	-0.003300	0.210047	-0.014285	0.014286	0.236853	-0.013021	-0.052907	0.149001	0.296233	0.019084	0.154435	-0.172197	-0.195409	-0.014596	-0.299606	0.001318	0.062033	-0.042859	-0.158265	-0.131920	0.151469	0.042852	0.166549	-0.043873	-0.057524	-0.298761	-0.164674	0.068692	-0.018251	0.007168	0.043204	0.123799	-0.145855	0.021621
-0.180065	-0.187175	0.248267	0.015019	0.149283	-0.134379	-0.100703	-0.009951	-0.145268	0.121028	-0.186678	-0.063396	0.126480	0.077363	0.093411	0.126967	-0.083901	-0.040983	-0.094599	0.106067	0.241468	-0.023681	0.235209	0.057230	0.115817	0.082882	0.094854	-0.213739	-0.148584	0.017927	-0.179034	0.081002	0.161667	0.037455	-0.158015	0.038844	0.055411	0.190989	0.057020	-0.117399	0.052442	-0.221789	-0.094238	0.266043	-0.207812	0.077816	-0.132380	0.306218	0.099279	-0.060815
-0.049215	-0.133409	0.065536	0.114325	0.268125	0.065281	-0.024814	-0.090645	-0.106410	0.210109	0.021343	0.129857	0.026394	0.105726	-0.047055	0.262707	0.084527	-0.022201	-0.168609	-0.009842	0.265954	-0.039215	0.131817	-0.076813	0.033969	-0.000697	0.006505	-0.128639	-0.002439	0.022150	-0.206463	0.140013	-0.009672	-0.124478	0.046611	0.294503	0.050426	-0.144122	0.229877	-0.106006	0.213501	-0.391686	-0.137698	0.093537	-0.200732	0.161043	-0.037963	-0.011388	-0.047133	-0.144008
-0.093952	-0.235068	0.027287	0.061570	0.134171	0.006357	-0.054453	0.055929	-0.128070	0.185333	-0.025128	-0.026521	0.277340	-0.029225	-0.095881	0.016242	0.047219	0.016337	-0.107602	-0.052890	0.098107	-0.101024	-0.028728	0.101760	0.157835	0.032443	0.272850	-0.269517	-0.201974	0.162169	-0.245467	0.013208	0.060894	0.044206	-0.282613	0.210120	-0.089790	-0.223956	-0.225059	-0.012392	0.032046	-0.101487	-0.179619	0.121325	-0.092177	0.136012	0.059590	0.270234	-0.117021	-0.072069
-0.073990	-0.149831	0.007895	-0.216400	-0.074869	-0.071480	-0.164390	0.104974	-0.088885	0.138016	-0.221117	0.097410	0.150514	0.011381	0.132131	0.120847	0.071332	-0.037942	-0.238261	-0.046369	0.063837	0.063044	0.178261	-0.006227	0.091471	0.090969	0.229334	-0.142566	-0.191127	0.043002	-0.029974	0.074970	0.225699	-0.211448	-0.345039	-0.114331	0.052756	0.049588	0.156233	-0.027472	0.128863	-0.240197	-0.204399	0.149953	-0.160236	-0.192704	-0.111513	0.092248	-0.112555	-0.057532
-0.114775	-0.286168	-0.144830	-0.179941	0.130585	-0.232978	-0.058521	0.178188	-0.171914	0.198410	-0.020438	0.065615	0.206997	-0.014814	-0.216017	0.238359	-0.030547	0.064205	-0.033366	-0.201206	0.049987	-0.036256	0.166319	0.146381	0.106664	-0.106766	0.171764	-0.023763	-0.016629	0.227248	0.005832	0.222368	0.129610	-0.144983	-0.056263	0.045487	0.133564	-0.202948	0.141827	-0.139298	-0.061602	-0.078337	0.002290	0.070593	-0.119066	0.142512	-0.070736	0.268024	-0.007559	-0.056412
-0.293093	0.064521	0.099558	-0.023833	0.101750	-0.220396	-0.024859	0.120348	0.026166	-0.011065	0.024754	-0.060643	-0.078659	0.220888	0.057349	0.195719	-0.089689	-0.128700	-0.237504	0.015408	0.139606	-0.143963	0.099161	0.237848	0.071705	0.223670	-0.025537	-0.027348	-0.170324	0.210623	-0.315565	0.155557	0.127037	-0.083468	-0.094802	0.008816	0.163980	-0.071859	0.159505	-0.099533	0.033527	-0.060126	0.097061	0.215315	-0.002165	0.271765	0.077303	0.176959	0.035244	0.098352
-0.079301	-0.088949	0.436932	-0.006495	-0.026413	-0.004762	-0.150839	-0.048591	-0.075910	0.205072	-0.213174	-0.037222	0.232582	0.074619	-0.020060	0.058928	0.044716	-0.004611	-0.114204	0.003364	0.022346	0.069368	0.094510	0.064829	0.222462	0.024786	-0.127209	-0.201385	-0.199583	-0.000306	-0.405615	0.035081	-0.141180	-0.163640	-0.121337	0.156651	0.062373	-0.129958	0.135160	0.087088	0.032908	-0.075959	0.165599	0.247240	-0.177361	0.042484	-0.032788	0.046469	0.001972	0.019339
-0.037682	-0.158856	0.041101	-0.298898	-0.097433	-0.103116	0.027327	-0.202311	0.182340	0.109876	-0.014603	0.148281	0.039971	0.255313	-0.086059	0.161240	0.029789	-0.016952	-0.164565	0.014427	0.069563	-0.066584	-0.007139	0.087448	0.156769	0.065397	-0.279106	-0.118605	-0.092003	0.204473	-0.254900	0.087224	0.143396	-0.161588	-0.193082	-0.028950	0.044274	-0.176278	0.019936	0.048185	0.092977	-0.383634	0.017613	0.069052	-0.126452	0.153599	0.005108	0.147299	0.065655	-0.128971
-0.147359	-0.050284	0.190272	-0.144051	-0.093055	0.067797	-0.090335	0.086723	-0.116956	0.106623	-0.060616	0.040009	0.051304	0.219628	0.273060	0.247587	-0.089575	-0.021058	-0.001089	-0.316341	-0.047994	-0.052877	0.217267	0.184975	0.120053	0.305209	0.027099	-0.131441	0.106446	0.132032	-0.086298	0.015819	-0.090292	-0.019363	-0.116055	0.154648	0.049813	-0.098850	0.192615	0.101223	0.012975	-0.240468	0.153928	0.157458	-0.263818	0.109829	0.119438	0.085430	-0.019680	0.010618
-0.098632	-0.000290	0.203235	-0.113386	-0.161301	0.099432	-0.025826	-0.113755	0.017852	0.130109	0.177147	0.080123	0.316634	0.075868	0.117555	0.319432	0.114832	0.120687	0.083614	-0.134580	0.101573	-0.285926	-0.014092	-0.112207	0.274435	0.072006	-0.121891	0.019058	-0.008941	0.019542	-0.310706	0.000879	-0.086683	-0.250283	-0.203986	0.130287	0.065475	-0.060462	0.029578	0.012515	-0.009829	-0.170474	-0.010475	-0.025811	-0.051290	0.157948	0.011710	0.008937	0.251173	0.026736
-0.026159	0.017606	0.181000	-0.127078	0.046760	0.086762	-0.222908	0.014725	-0.175597	0.118176	-0.030899	-0.031465	0.231563	0.026600	0.140725	0.074656	-0.047393	-0.035040	-0.149669	-0.088299	0.195695	-0.106780	-0.070782	0.162442	0.032437	0.108043	0.287891	-0.189440	-0.141515	0.178130	-0.215668	0.083342	0.050702	-0.045437	-0.159517	0.012160	0.186181	-0.078793	0.205067	-0.055829	0.048623	-0.406434	0.153162	0.094595	-0.148788	0.183062	0.009933	0.199401	0.011607	-0.026013
-0.077035	-0.196489	0.177078	-0.184898	-0.105803	0.012762	0.044892	-0.160757	0.095352	0.081589	0.082171	-0.234099	-0.163448	-0.035074	0.206047	0.172250	-0.076031	0.106622	-0.009912	-0.036685	0.136143	0.113712	-0.027932	-0.004542	0.188461	0.223900	0.028235	-0.007827	0.010100	0.163966	-0.199354	0.109355	0.137687	0.079168	-0.091053	-0.024203	0.062287	-0.303434	0.119853	0.143296	-0.033193	-0.342072	-0.211136	0.154811	-0.211209	0.064319	0.017592	0.174925	0.050439	0.153167
-0.166516	-0.221213	0.166320	-0.133747	-0.085863	-0.111583	-0.046022	-0.041270	0.166940	0.205504	-0.080029	-0.198943	-0.092323	-0.022743	0.106138	0.075468	-0.004540	0.021768	-0.081677	-0.089947	0.282557	0.117973	0.122320	0.167763	-0.025183	0.182666	0.086770	-0.045214	0.050671	0.032725	-0.166995	0.103297	0.100669	-0.054996	-0.263572	-0.040730	0.128642	-0.230500	0.307214	0.124104	-0.059304	-0.255397	-0.073563	0.120550	-0.178452	0.219800	-0.119030	0.129550	0.089431	0.051224
-0.092275	-0.187246	0.187551	0.106879	-0.124539	0.026741	0.004402	-0.212541	0.021949	0.147397	-0.167944	-0.013038	0.315506	0.083788	0.275085	0.175197	-0.029971	-0.064719	0.009939	-0.148288	0.195794	0.031063	-0.040506	0.103549	-0.002703	0.008708	0.254020	-0.017314	0.019575	0.195335	-0.189580	-0.037073	-0.025150	-0.069499	-0.146042	0.038033	0.003196	-0.339024	0.077849	0.080142	-0.053134	-0.300649	0.077423	0.144229	-0.170925	0.093786	-0.025734	0.219938	-0.050642	0.002205
0.204544	-0.101881	0.232639	-0.275978	-0.097010	-0.140199	-0.067149	0.044182	-0.152975	0.176208	-0.101046	-0.008539	0.092599	0.121469	-0.064651	0.009261	0.036546	-0.076976	-0.206474	-0.098594	0.113591	-0.108937	-0.107677	0.011136	0.093055	0.207687	0.016968	-0.281002	0.021921	0.079970	-0.095484	0.159019	-0.128388	-0.001773	-0.102534	-0.010053	0.183483	-0.281991	0.178692	-0.134543	0.210486	-0.166487	0.059360	0.263847	-0.122243	-0.151529	0.115310	0.008341	-0.150030	-0.109348
0.086390	-0.055516	0.065650	-0.389807	-0.056534	0.030550	-0.027225	0.060527	-0.039494	0.271062	-0.037942	0.045432	0.260430	0.169765	0.072588	0.102589	0.059358	0.086283	0.119886	-0.330368	0.154276	-0.043583	0.012301	-0.033098	0.049535	0.048822	0.030124	-0.036991	0.119956	0.121894	-0.202010	0.064921	-0.083117	-0.189947	-0.257958	0.150668	-0.120235	-0.244131	0.014741	-0.005694	-0.226008	-0.304873	-0.044106	0.115096	-0.077727	0.113832	0.019328	0.033836	-0.027413	0.062001
0.038866	-0.365421	0.064315	-0.103230	-0.026327	0.020004	0.004783	-0.087237	0.038533	0.212197	-0.111330	-0.002283	0.164176	-0.048030	0.098897	0.179858	-0.118666	-0.025875	-0.250319	-0.020160	0.144480	0.062451	0.054393	0.177704	0.182039	-0.191787	-0.171482	-0.167818	-0.058741	0.059021	-0.108392	0.110847	0.148572	-0.000055	-0.354765	0.112427	0.202310	-0.076212	0.192372	-0.143323	0.142024	-0.233567	0.047246	0.189868	-0.050091	0.046180	-0.021563	0.157524	0.076043	-0.044505
0.040909	-0.227833	0.171038	0.113851	-0.222147	-0.250787	-0.211069	0.020264	-0.025964	0.268166	-0.142703	0.011512	0.127380	0.174619	-0.034565	0.144600	0.071973	0.026370	-0.038655	-0.141904	0.019196	-0.043435	-0.093001	-0.085686	0.185270	0.006096	0.020168	-0.270805	-0.318346	0.204348	-0.142712	0.040397	-0.028593	0.023909	-0.287276	-0.039451	0.044761	-0.026872	0.014626	0.151614	0.017925	-0.150755	-0.006090	0.223059	-0.090344	0.050217	-0.092580	0.018230	-0.249566	-0.004887
-0.001388	0.000968	0.089291	0.099265	0.129040	-0.060490	-0.145078	0.074590	-0.097127	0.223992	-0.050292	0.143539	0.234704	0.108409	0.067053	0.114036	-0.225269	0.010931	-0.031150	0.080454	0.192386	-0.053873	-0.086320	-0.050233	0.127241	0.011976	-0.029453	-0.347645	-0.105642	0.226478	-0.239612	0.082879	-0.005941	-0.205256	0.003158	0.332391	0.015718	-0.117899	0.081342	0.084682	-0.080599	-0.290572	0.031578	0.096445	-0.137703	0.059382	-0.069797	0.226522	-0.143149	-0.119142
-0.064571	-0.012393	0.038439	-0.079691	-0.131379	-0.096924	-0.019459	0.076420	-0.011684	0.202605	-0.092655	-0.112691	0.244424	-0.090198	0.131887	0.092116	-0.181715	0.009018	0.082082	-0.012695	-0.183704	-0.001590	0.017643	0.181137	0.307943	0.105694	0.126585	-0.148986	-0.034915	0.253999	-0.210471	0.049275	0.149761	-0.007832	-0.092395	0.189325	0.119262	-0.180696	0.145307	0.096540	0.160515	-0.140356	0.020491	0.210338	-0.377092	-0.110470	-0.073684	0.170655	0.020452	0.107311
0.095818	-0.043892	-0.089599	-0.073385	-0.142621	-0.163595	-0.149401	0.041917	-0.097201	0.070895	-0.118931	0.049679	0.212122	-0.066976	0.127535	0.061630	-0.042067	-0.020514	0.232294	0.052454	0.076271	-0.007600	0.005402	0.175884	0.126017	0.201220	0.168887	-0.085521	-0.104794	0.215838	-0.227019	0.101244	0.075755	0.085704	-0.325804	0.172687	-0.048548	-0.063217	0.333492	0.112882	-0.014514	-0.066284	-0.049739	0.220782	-0.259782	0.066248	-0.031589	0.241418	-0.120824	0.124170
-0.064622	-0.058013	-0.030686	0.050574	-0.037715	-0.080420	0.052883	0.051046	0.003339	0.070419	-0.007561	-0.088695	0.185673	-0.068400	0.018724	0.108947	-0.031830	-0.038211	0.130806	0.034904	-0.028373	0.013785	0.152649	0.048740	0.089613	0.076859	0.217712	-0.063381	-0.127659	0.183124	-0.049271	-0.005183	0.070643	-0.008181	-0.420797	0.140347	-0.037276	-0.189896	0.366683	0.077941	-0.051624	-0.208263	0.080050	0.072058	-0.401383	-0.047400	-0.190665	0.279277	0.024936	0.174693
-0.213974	-0.010216	0.077531	0.013582	0.068874	0.036635	-0.121823	0.124997	-0.192497	0.041139	0.138872	-0.106349	0.202647	0.130867	0.066854	0.370467	-0.085153	-0.204780	-0.069999	0.060782	0.145219	-0.112098	-0.024663	-0.043329	0.293455	0.213581	0.168729	-0.179982	0.118601	0.088402	-0.048947	0.146699	0.061933	-0.185640	-0.061072	0.180744	-0.086830	-0.208885	0.232515	-0.053348	0.160747	-0.084541	-0.090883	0.012548	0.041672	-0.120241	-0.170809	0.063133	-0.138619	-0.130567
-0.186155	-0.011405	0.247336	-0.091827	-0.091751	-0.108245	0.332145	0.151081	-0.167088	-0.005616	0.177852	0.102367	0.150399	0.168967	-0.044418	0.068839	0.166319	0.023037	0.057720	0.017517	0.198063	0.199883	-0.100021	-0.179909	0.096934	0.136592	0.115636	-0.112224	-0.014523	0.243641	-0.025607	0.139450	0.172999	-0.146396	-0.128193	-0.021612	-0.106157	-0.206043	0.129035	-0.165693	0.053358	-0.103113	-0.000321	-0.124618	-0.147890	-0.194085	0.111411	0.132234	0.057046	-0.198791
-0.186039	-0.135663	-0.084778	-0.212200	-0.114707	-0.001718	-0.002031	0.117062	-0.091794	0.005310	0.130580	0.166631	0.002675	0.022494	0.119713	0.063207	0.010772	-0.096145	0.240295	-0.119543	0.178787	-0.015425	0.052153	-0.091499	0.185297	0.234372	0.083891	-0.073721	-0.145176	0.128326	-0.227652	0.126949	0.215220	-0.236916	-0.121995	-0.040512	0.041633	0.073737	0.147026	0.065082	0.121078	-0.136182	-0.381922	0.249849	-0.077563	0.016528	-0.094895	0.184322	-0.083977	0.118612
-0.306804	-0.318002	0.140787	0.147628	-0.061992	0.115308	-0.032413	-0.199050	-0.032064	-0.035823	0.067020	-0.117108	-0.034714	-0.142687	-0.064431	0.066792	0.243693	-0.041667	-0.014018	-0.119698	0.259155	-0.123337	-0.104379	0.081463	0.249035	-0.005516	0.186396	-0.208666	-0.115633	0.163340	0.006278	0.043505	0.182524	-0.010650	-0.239397	0.178662	-0.020805	-0.036998	0.103302	0.217648	0.043112	-0.039620	0.066127	0.046115	-0.053662	-0.067704	0.233312	0.138410	0.152435	-0.005928
-0.147836	-0.356497	0.181917	0.055735	-0.013180	0.031971	0.096121	0.040977	-0.210853	0.213412	-0.091289	0.011421	0.176311	-0.119107	-0.021111	0.036826	0.048892	-0.046061	0.081456	-0.077763	0.148430	-0.061002	-0.129958	-0.025313	0.245580	0.202522	0.000939	-0.106332	-0.075035	-0.035934	-0.088090	-0.015827	-0.075504	-0.119494	-0.282376	0.309498	0.100622	0.040213	0.006531	-0.018144	0.244087	-0.273382	-0.148301	0.006188	-0.088107	0.180903	0.007529	0.233964	0.051255	0.085321
-0.304435	-0.304141	-0.197699	-0.005023	0.175485	-0.061993	0.069067	0.103889	-0.140598	0.083197	-0.089989	-0.206912	0.140702	-0.104258	-0.048889	0.126475	0.031591	-0.011898	0.206505	-0.126289	0.381108	-0.081414	-0.100123	0.004208	0.184070	0.055264	0.135724	-0.249550	0.023504	-0.033148	-0.193845	0.138552	0.102695	-0.196408	-0.114182	0.051087	0.093262	-0.069456	0.063121	-0.029561	-0.017880	-0.120634	0.054731	0.154608	0.041719	-0.165518	0.096194	-0.136396	-0.049527	-0.129547
-0.310487	-0.140486	0.121450	-0.044200	-0.107800	-0.235114	0.058304	0.196974	-0.022275	-0.043334	0.034896	0.067682	0.103552	-0.034570	-0.076917	0.131625	0.029651	0.055594	0.204228	-0.230432	0.281946	0.084057	-0.128069	0.032597	0.022648	0.113956	0.219766	-0.250878	-0.155218	0.069012	-0.087692	0.187982	0.067964	-0.136262	-0.194782	0.075218	0.080883	0.027801	-0.099832	-0.095385	0.234998	0.085328	-0.009436	0.276195	-0.169116	-0.164065	0.003721	-0.120847	-0.101114	0.053918
-0.176510	-0.200364	0.045224	-0.046010	-0.017976	0.160098	0.046756	0.147094	-0.022996	0.276871	0.183028	-0.184138	0.279690	0.096951	0.025912	0.102863	0.159456	-0.070215	0.252835	-0.024214	0.240782	-0.181589	-0.105319	0.037520	0.164602	0.040545	0.055105	-0.249676	-0.109450	-0.002965	-0.155132	0.126905	-0.043199	-0.006919	-0.429333	0.037544	0.090648	-0.115227	-0.069235	-0.046522	0.116724	-0.037884	-0.117560	-0.060891	0.077458	-0.100103	0.103233	-0.089885	0.056593	-0.006974
0.226072	0.006875	0.317742	0.167135	0.289462	-0.241470	0.112974	0.332895	0.219957	0.260720	-0.019207	-0.028426	-0.012191	-0.007159	0.100905	0.117423	-0.072515	-0.060499	-0.025192	-0.079110	0.108653	0.009630	0.028828	-0.005428	0.003394	0.174881	-0.106812	-0.112561	0.042579	0.030375	-0.125940	0.078734	-0.040614	0.013985	-0.330684	0.135275	0.042058	-0.100862	0.151740	0.008692	0.132813	-0.136148	-0.011271	0.240938	-0.058212	-0.133116	0.026756	0.053993	-0.107343	0.096828
-0.144818	-0.235112	0.056263	-0.159540	-0.218458	0.112746	-0.145770	0.177635	-0.021587	0.080305	0.021643	-0.029826	0.035009	-0.090494	0.059647	-0.076423	0.227295	-0.081881	0.131089	0.278622	-0.095054	-0.072182	0.161864	-0.226442	0.299541	0.067143	0.153535	0.016247	0.025913	0.162519	-0.132536	0.237896	0.113063	0.013190	-0.174707	0.099269	0.072831	-0.123312	0.145532	0.094841	-0.069411	-0.168606	-0.116866	0.110063	-0.189582	-0.232107	0.164643	-0.093752	-0.003728	0.042767
-0.101815	-0.141279	0.129251	0.066930	0.073465	-0.119100	0.158571	-0.044134	-0.190453	0.002000	-0.046046	-0.299938	0.061553	0.127633	0.036746	0.009372	-0.199795	-0.024293	0.118362	-0.110816	-0.021473	-0.189298	-0.187393	-0.236262	0.253511	0.050249	0.326238	-0.098832	-0.125322	0.313309	-0.046926	-0.002163	-0.002257	-0.079626	-0.272979	0.097418	0.243180	-0.003235	0.120529	0.129822	-0.081536	-0.063607	-0.032319	0.064754	-0.142915	-0.115695	0.116537	0.114926	0.034856	-0.014709
-0.255048	-0.162486	0.006151	0.146139	0.128142	-0.018710	0.081636	-0.137091	0.012066	0.041714	-0.033246	-0.250467	0.133766	0.063686	0.042988	0.083198	0.031313	0.137527	0.225767	-0.069378	-0.068672	-0.126576	-0.043359	-0.154824	0.199332	-0.117600	0.186845	-0.095344	-0.166331	0.254481	-0.243318	-0.039228	-0.041402	-0.081098	-0.350679	0.177232	0.009458	0.067679	0.212988	-0.242107	0.090608	-0.120870	-0.200205	-0.030859	-0.098312	-0.084336	0.031613	0.074537	0.085962	0.097866
0.052101	-0.068725	0.220218	-0.007185	-0.017225	0.123019	-0.013137	0.062442	-0.061132	0.021772	-0.007367	-0.075013	0.003987	-0.074571	0.031948	0.286560	0.099882	0.226259	0.118426	0.048729	0.313711	-0.238463	-0.234488	-0.010910	0.356201	0.004878	-0.179475	-0.251621	0.054745	0.133507	-0.190476	-0.041039	0.036080	0.121102	-0.105241	0.065476	-0.236771	-0.114971	0.077105	-0.014230	0.127736	-0.066220	-0.216530	0.198881	-0.143135	-0.050662	0.064158	0.006258	-0.085040	-0.091665
0.032752	0.105926	0.158660	0.012629	0.209003	-0.025852	0.017473	0.080091	-0.035073	0.229404	0.032167	-0.037564	0.218893	-0.220645	-0.071521	-0.043695	0.208080	0.033063	0.140932	0.129865	0.132457	-0.034855	-0.089564	-0.130013	0.040372	0.228802	0.041329	0.020469	-0.105795	0.157849	-0.127070	0.049624	0.110530	0.005924	-0.332124	0.274579	-0.173157	0.175770	0.129101	-0.162387	0.062520	-0.161792	-0.075593	0.240266	-0.038602	-0.245499	0.167100	0.073800	0.046467	-0.151884
-0.049939	-0.147251	0.030528	-0.048973	0.112624	-0.019395	-0.094579	0.211300	0.113469	0.053341	0.231076	-0.063727	-0.062887	-0.157466	0.127411	-0.019771	-0.083215	0.001675	0.197429	-0.007712	0.046188	0.023923	-0.045986	-0.132295	-0.093690	0.238105	0.399097	-0.122188	-0.001122	-0.024637	0.009276	0.165165	-0.047817	-0.265407	-0.290501	0.121033	-0.128304	-0.036604	0.230134	-0.176803	0.159571	-0.220999	0.107685	0.226355	-0.104995	-0.091314	0.088933	0.084847	0.019000	-0.074758
-0.132584	0.047289	0.095811	-0.003854	0.022741	0.021482	0.064456	0.264395	0.240760	0.037497	-0.054536	-0.114516	0.050644	0.045933	-0.265919	0.210406	0.068128	-0.215669	0.027425	0.046793	0.048316	0.023421	0.058408	0.159121	0.194857	0.062350	0.012435	-0.086081	-0.004348	0.097388	-0.053949	0.022638	0.020148	0.071172	-0.396166	0.320210	0.091907	-0.158159	0.110964	0.202422	0.177387	-0.187829	-0.113711	-0.038838	-0.036860	-0.173927	0.165386	-0.148950	0.080980	-0.179400
-0.090957	-0.044660	-0.106334	0.002170	0.075685	0.020538	0.163323	0.329424	-0.169930	0.075563	0.178498	0.009095	0.086802	-0.025873	-0.037720	0.102223	0.000367	0.019865	-0.044463	0.004547	-0.033119	-0.126140	-0.086151	0.069339	0.056621	0.207233	0.134395	0.123517	-0.186519	0.220442	-0.063263	-0.088249	0.148036	0.097361	-0.452809	-0.024122	0.242120	0.117985	0.226201	-0.043478	0.096566	-0.213622	0.064228	0.168392	-0.185219	-0.209510	-0.011815	-0.020898	0.068895	-0.103051
0.008071	0.067155	0.108033	0.130331	-0.240459	0.089989	-0.005892	0.146376	0.139372	0.195819	0.059083	-0.046522	-0.171383	0.026748	0.100475	0.122934	0.100238	-0.015041	-0.076518	0.111017	-0.067851	0.217127	0.058006	-0.028340	0.271560	-0.011549	0.017903	-0.037013	0.006867	0.147415	-0.041085	0.146502	0.144425	-0.170593	-0.347453	0.137394	-0.177750	0.045973	0.180689	0.078003	0.238665	-0.119654	0.060836	0.127232	-0.043307	-0.175871	0.152388	0.202416	-0.054127	-0.320469
-0.133626	-0.013296	0.087530	0.202332	-0.078551	-0.296562	0.195979	0.058658	0.099219	0.158350	0.086480	-0.158687	-0.098608	0.314058	-0.092737	-0.139664	0.213764	0.091084	0.005015	0.031599	0.081837	-0.076601	-0.037290	0.022991	0.152188	0.054865	-0.200198	-0.192072	0.000072	-0.096358	-0.254003	0.127606	0.139914	-0.109773	-0.305014	-0.056360	-0.048953	-0.089236	-0.016514	-0.156577	0.147868	-0.160233	0.045444	0.258405	-0.201804	-0.048338	0.052437	0.058935	-0.035496	-0.026922
0.140900	0.019427	0.272589	0.049373	0.012598	-0.171137	0.199031	0.321222	0.050794	0.001607	0.089239	0.020947	0.033926	0.218739	-0.191634	-0.065493	0.032313	-0.111170	0.214463	0.100542	0.400378	0.013269	0.046636	0.038855	0.106144	0.147645	0.144381	0.141329	-0.179871	0.153048	-0.276791	0.241515	0.073164	-0.143860	-0.064599	-0.029982	-0.138744	-0.068264	0.169647	0.013188	0.056899	-0.110798	-0.052102	0.078679	-0.108128	-0.036449	-0.019600	0.018935	-0.031465	0.091419
-0.197506	0.010400	0.219473	-0.050686	0.151748	-0.197223	-0.104564	-0.084913	0.036359	0.053255	-0.019506	0.127674	-0.025170	0.136605	0.104388	0.215310	0.295945	0.043679	0.106380	-0.011044	0.070890	-0.023306	-0.160747	-0.061635	0.112529	0.249242	-0.144604	0.183454	-0.126434	-0.007693	-0.148206	0.044327	0.035338	-0.111507	-0.143361	0.089511	0.172388	-0.171809	0.091683	0.035297	0.020336	-0.199976	0.039027	0.249683	-0.289564	0.130902	0.214143	-0.213450	0.097181	-0.099892
-0.095564	-0.190606	-0.136070	-0.013556	-0.078972	-0.093039	-0.117043	0.124414	0.088053	-0.022001	0.089841	-0.016524	0.151584	0.130863	0.004808	0.225815	0.230810	-0.021374	0.066591	0.113465	0.093539	-0.197634	-0.027112	-0.111883	0.251464	-0.182234	-0.076995	-0.138039	-0.290611	0.249807	-0.175678	-0.155652	-0.013019	-0.135099	0.160333	-0.040844	-0.201576	-0.113336	0.195919	0.024019	-0.020344	-0.204285	0.023870	-0.026047	0.008330	-0.160228	0.242655	0.234367	-0.043022	-0.074557
-0.081104	-0.451727	-0.169829	-0.043914	-0.053803	-0.011854	-0.103910	0.083890	0.054699	0.084611	0.186712	-0.004005	0.095246	0.071880	-0.005076	-0.085164	-0.032780	-0.003217	0.131508	-0.062652	0.093409	-0.133402	0.016986	-0.114330	0.299455	-0.030988	0.102710	-0.097153	0.178323	0.007120	-0.003958	0.056602	-0.047071	-0.129919	-0.158186	-0.051451	0.120508	-0.008603	0.121833	0.199130	-0.023567	-0.229946	0.292129	0.115223	-0.140027	-0.198878	0.260279	0.168080	0.076457	0.185466
-0.039670	-0.048283	0.083433	0.039954	0.064038	-0.177467	-0.035365	-0.098669	0.164932	0.116831	0.045440	0.079587	0.004327	0.119326	0.225582	0.147503	0.277653	0.008303	0.175445	-0.023538	-0.026686	-0.082424	-0.068522	-0.039300	0.144388	0.128282	-0.143466	0.081661	-0.069061	0.034050	-0.246954	-0.152365	0.193016	-0.195802	-0.173551	-0.098115	0.028643	-0.171460	0.018772	-0.036972	0.057741	-0.096171	0.030193	0.278090	-0.359118	0.174300	0.345595	-0.079486	-0.018097	-0.065901
-0.010236	-0.113540	0.107442	-0.026773	0.083881	-0.144746	-0.013991	-0.064467	0.161303	0.142438	-0.195419	-0.008387	-0.065032	0.129624	-0.005855	0.245868	0.246589	0.176045	0.141764	0.114234	0.066729	-0.017039	0.004890	0.078109	0.099069	0.131886	-0.104953	0.157737	-0.034517	0.164931	-0.154931	0.184262	0.074267	-0.119411	-0.208947	-0.069118	0.189888	-0.139936	0.135511	-0.126583	-0.103430	-0.019764	0.151254	0.251983	-0.359307	0.081482	0.204690	-0.109099	0.199401	-0.077805
-0.116883	-0.015508	0.050880	-0.043594	0.168871	0.218210	0.033602	0.085226	-0.046914	-0.108571	0.062922	-0.162154	0.117606	-0.103652	0.116223	0.324485	0.015566	0.005827	-0.032187	-0.104967	-0.060449	0.031979	-0.061116	0.032125	0.344338	0.030730	-0.013380	0.011130	-0.040979	0.183792	-0.056446	0.117323	0.038058	-0.055011	-0.416951	-0.004125	0.163244	0.160609	-0.012551	0.017267	-0.079814	-0.227051	0.134658	0.068058	-0.357246	-0.106671	0.150843	0.179511	0.012826	0.096934
-0.262933	-0.088869	0.136494	-0.109108	-0.120716	-0.097177	0.261661	0.172857	-0.011813	-0.027875	-0.204493	-0.155885	0.117589	-0.027924	0.057203	0.014184	0.146436	-0.078380	0.192754	0.217263	0.077091	0.051437	0.080736	-0.120889	0.286965	0.069763	0.028923	-0.007529	-0.077410	0.370199	-0.009392	-0.011939	-0.096109	-0.073237	-0.301909	0.014377	-0.111414	-0.058984	-0.018021	0.129051	0.006446	0.035204	0.009566	0.363394	-0.054157	0.083920	0.037249	-0.001604	-0.030631	0.165391
-0.282083	-0.041780	-0.038481	-0.108377	-0.056435	-0.114136	0.081432	0.098356	0.058991	0.190226	0.166055	0.194577	0.026968	0.163638	-0.122079	-0.137685	0.244736	0.021467	-0.159828	0.040805	0.296395	0.077173	0.074021	-0.097978	0.177803	-0.036854	0.003117	0.033447	0.174150	0.070933	0.043109	0.179742	0.115828	-0.036636	-0.313708	0.056685	0.014991	-0.183211	0.094201	-0.075944	0.091775	-0.099702	0.179847	0.398383	-0.083851	-0.004929	-0.082565	0.012858	-0.009074	0.134327
0.016122	-0.055831	-0.043422	0.040825	0.106481	-0.151566	-0.090934	-0.150956	-0.014856	-0.077330	0.138634	-0.044573	0.080521	0.173617	0.011625	0.033266	0.059992	-0.180982	0.132688	-0.116264	0.257488	-0.072750	0.211592	-0.044109	0.463413	-0.176249	0.108061	-0.099463	-0.143749	0.154328	-0.023024	0.350534	-0.128240	-0.017897	-0.048594	0.151046	0.036257	-0.199120	0.216761	-0.120912	0.089710	-0.127741	0.129257	0.051443	-0.148220	-0.069530	0.085850	-0.012291	-0.009577	-0.136840
-0.078482	0.024028	0.219328	-0.085434	-0.137156	-0.207614	-0.076613	0.221790	0.026644	0.254731	0.137977	-0.010238	-0.291475	0.023615	0.104190	-0.020927	0.253581	-0.081628	-0.024329	-0.055655	0.169068	-0.190940	0.223497	0.152140	0.190441	-0.054358	0.017506	-0.296311	0.068744	0.174024	-0.058554	0.109734	0.083404	-0.111516	-0.149395	-0.067648	-0.065099	-0.068335	0.080079	-0.017752	0.044530	-0.174491	-0.103946	0.060682	-0.125143	0.056006	0.123751	-0.245031	-0.127696	-0.171555
-0.075127	-0.056733	0.177222	0.091046	-0.228241	-0.184145	0.066609	0.319249	-0.107795	0.013993	-0.093771	0.062031	0.190370	-0.066824	0.033669	0.326091	0.347783	-0.034052	0.001067	0.155671	0.148319	-0.174537	0.087235	-0.096601	0.237671	-0.080128	0.103453	-0.087347	0.057284	0.110898	0.051752	-0.000203	-0.149662	-0.063834	-0.243015	0.054798	-0.106911	0.161717	0.247483	0.054773	0.058129	0.032931	-0.042869	-0.010471	-0.051774	0.031771	0.189922	0.157724	0.016287	-0.097590
-0.081887	0.016048	0.080611	-0.011153	0.173576	0.107325	0.123291	0.230439	0.169678	0.036483	0.032775	0.031149	0.078256	0.003390	-0.263939	0.101391	0.274527	0.087368	-0.108163	0.132133	0.205558	0.075765	0.005151	0.087143	0.249597	0.125054	0.010166	-0.158079	-0.018037	0.190713	0.009077	0.045227	-0.152267	0.147793	-0.254849	-0.108257	0.112740	0.180450	0.210119	-0.013878	0.019194	-0.127910	0.194928	0.307846	-0.102757	0.081467	0.047894	0.238677	0.085597	-0.063273
-0.082289	-0.121134	0.024234	-0.084995	0.031166	-0.238664	0.349647	-0.088479	0.121562	0.020153	-0.002229	0.010629	0.093230	0.085196	0.066672	0.115519	0.217584	0.171922	0.101955	-0.031079	-0.193294	0.034043	0.045120	-0.201713	0.233939	0.022470	0.142219	-0.009547	-0.104439	0.189421	0.014638	0.012965	-0.156298	-0.190549	-0.152044	0.137447	0.158262	-0.035975	0.302310	-0.019240	-0.054404	-0.173572	0.068282	0.192980	-0.106275	-0.075874	0.252193	0.245095	-0.008915	0.069418
-0.041060	-0.253531	-0.184568	-0.408261	-0.074865	0.005017	0.299309	0.218535	0.139631	-0.003037	0.131899	-0.136433	0.108031	-0.000268	0.062891	0.028183	0.016624	0.026521	0.201336	0.080002	0.144984	-0.033540	-0.017719	-0.046899	0.159807	0.019257	-0.082623	0.008249	-0.099732	0.030375	-0.034002	0.084848	-0.124568	-0.105400	-0.313428	0.115280	0.070273	0.110757	0.270811	-0.049446	0.060052	-0.254829	-0.075536	0.137551	-0.189700	0.169383	-0.048129	-0.028184	0.018744	0.036455
-0.124143	0.162112	0.079127	-0.185457	0.044499	0.047981	0.078021	0.265790	0.161593	0.086613	0.153059	0.133281	0.267212	0.061640	0.014522	0.059382	-0.057202	0.157824	-0.142390	-0.014692	0.195830	-0.142613	-0.056900	-0.133604	0.278714	-0.182870	-0.082310	-0.221220	-0.184191	0.059865	-0.010882	-0.054121	0.222535	-0.183804	-0.115269	-0.162015	-0.003739	-0.221316	0.211266	0.043754	-0.011716	0.041035	-0.150618	0.117984	-0.205820	0.034693	0.144292	0.028881	-0.095755	-0.125916
0.067338	0.073987	0.110076	0.038932	-0.174458	0.128129	-0.022590	0.291877	-0.094826	-0.094505	0.187733	0.158542	0.070769	-0.070536	-0.004355	0.093466	0.154595	0.194024	-0.086883	0.111558	0.162547	0.028105	-0.034346	0.029146	0.225301	0.079786	-0.067155	0.054095	0.120452	0.117804	-0.274730	0.182201	0.066734	-0.240001	-0.067140	-0.061124	-0.129720	-0.027045	0.103749	-0.243067	0.053340	0.053439	-0.031363	0.179064	-0.302815	0.048653	0.196394	0.216452	0.122529	-0.208355
0.156694	0.047453	-0.069765	-0.057756	0.083072	-0.078912	0.153411	0.266166	0.089816	-0.114065	0.123406	-0.100183	0.104335	0.054521	0.199524	0.132277	0.135875	-0.127334	0.184994	0.101786	0.213522	-0.111058	-0.083161	-0.083131	-0.022624	0.025115	0.149965	-0.022439	-0.197826	0.136522	-0.065494	0.099265	0.071442	-0.118176	-0.308336	0.048974	-0.115378	-0.095153	0.033126	0.088100	0.104839	0.189710	0.013536	0.175138	-0.157900	0.228561	0.125049	0.324366	0.234973	-0.118643
0.081015	-0.093307	0.155496	-0.037119	0.072419	-0.206480	0.061021	0.303140	0.210334	0.017214	0.232116	-0.145704	0.058468	-0.182919	0.243014	0.060791	0.060277	0.115924	0.018776	-0.111709	0.012789	-0.059371	0.068991	0.153351	0.247305	0.080228	0.082327	0.119804	-0.126192	0.224056	-0.214625	0.155260	0.113619	-0.069270	-0.041792	0.085910	0.107171	-0.008212	-0.094832	0.367653	0.064692	-0.246320	-0.008552	0.096182	-0.067313	-0.171653	0.075971	-0.030350	0.054274	0.095646
-0.109233	-0.071490	0.231352	0.049186	-0.047839	-0.039901	0.142155	0.018362	0.016170	-0.030548	0.117476	-0.136285	-0.044111	-0.120265	0.059611	0.058330	0.097948	0.109795	0.033740	0.000221	0.121215	-0.108495	-0.120640	0.003250	0.255557	-0.082448	-0.124886	-0.180448	0.192364	0.077288	-0.007722	0.193304	0.219072	-0.163089	0.104462	0.082856	0.031986	0.288406	0.165482	0.080324	0.101349	-0.179581	0.086211	0.499502	-0.201639	-0.039033	0.155096	0.016938	-0.050815	-0.046947
-0.325516	-0.001585	0.086897	-0.009101	0.051446	-0.129483	0.133748	0.249335	-0.122881	0.041229	0.200312	-0.098079	0.122864	-0.089882	0.154741	-0.039693	0.133991	0.045484	0.021894	0.178554	-0.148179	-0.234261	0.046967	0.181457	0.201733	-0.062811	-0.008213	-0.142771	0.285250	0.271728	-0.138115	0.146439	-0.092376	-0.146877	-0.017242	0.039915	-0.031600	0.049130	0.079198	-0.025766	0.068270	-0.134133	-0.132441	0.175133	-0.221784	-0.051051	0.250917	-0.031841	-0.065434	-0.115196
-0.084143	0.002968	0.222418	0.017899	0.031068	-0.026023	0.093993	0.174598	-0.133767	0.128407	0.071291	-0.119156	0.131947	-0.121861	0.059290	0.089660	0.086049	0.028155	0.181396	0.102406	0.089837	-0.183191	-0.149231	0.021608	0.163056	-0.115662	0.023142	-0.225020	0.183736	0.238607	-0.194820	0.053188	0.210658	0.027321	0.026127	0.043423	0.208658	-0.145068	0.034150	0.072988	0.010338	-0.184716	0.142404	0.299326	-0.285271	-0.034226	0.312008	0.002408	-0.078651	0.130982
-0.010918	-0.123629	-0.178494	-0.017131	-0.155446	-0.174487	0.148206	0.269791	0.151421	0.017278	0.131741	-0.051678	0.217609	0.274358	0.037177	0.136773	0.033319	0.094616	-0.027574	-0.074949	0.005282	0.120377	-0.129266	0.036478	0.338021	-0.042374	0.049231	0.104760	-0.032536	0.079836	0.039544	0.097742	0.029267	0.058150	-0.098000	0.152902	0.104605	0.054039	0.067996	0.112712	-0.108986	-0.407350	0.149006	-0.012839	-0.366961	0.110459	-0.042380	0.018848	0.000442	0.050102
-0.075241	-0.127267	0.076058	-0.004914	-0.166705	-0.123768	0.026191	0.399337	0.004536	0.130209	0.157300	-0.094527	0.137475	0.061306	0.074908	0.142129	-0.001037	0.116651	0.049190	-0.062451	0.087308	-0.050877	-0.094254	0.142748	0.407698	-0.012959	-0.087801	-0.132539	-0.057821	0.136386	0.029593	0.227991	-0.059176	0.143592	0.032341	-0.082250	0.140285	0.056962	-0.089817	0.193497	0.049841	-0.098912	0.088349	-0.060782	-0.418536	0.028576	-0.081833	0.161407	0.088312	0.058435
0.014071	-0.078576	-0.065559	-0.006192	-0.254548	-0.251678	-0.131356	0.357748	0.187647	0.050727	0.107093	-0.010259	0.138471	0.120754	0.045008	0.119583	0.100195	0.034553	0.092118	-0.137240	0.096414	-0.023362	-0.125351	-0.117106	0.142972	0.022512	-0.000304	-0.044806	0.005195	0.126104	-0.059739	0.200989	-0.007901	0.057910	-0.050895	-0.029381	0.021378	-0.026154	0.126641	0.137374	-0.160917	-0.323362	0.175244	-0.044985	-0.430196	0.043546	-0.188825	-0.077249	0.143318	0.023797
-0.178764	-0.197550	0.106374	0.049454	-0.041025	0.158758	-0.161962	0.096917	-0.251924	0.165702	0.146343	0.092223	-0.038543	-0.017585	0.097692	0.139712	0.083987	0.052257	0.079723	-0.279376	0.216247	-0.096969	0.101849	0.155305	0.200202	0.272127	0.067439	0.039915	0.041162	0.032557	-0.085419	0.318538	-0.038976	-0.084812	-0.112437	0.135441	0.240737	0.012388	0.173826	-0.065668	-0.028414	0.019621	-0.011672	0.027643	-0.190939	-0.132034	0.207712	0.211480	-0.007870	-0.090293
-0.129299	-0.135573	0.216940	0.084679	-0.018136	-0.088241	-0.156967	0.227999	-0.092387	0.082744	0.157702	-0.087429	0.134321	0.246997	-0.049061	0.061928	0.002626	-0.268370	0.071111	0.084704	0.232319	-0.171924	-0.270890	0.124580	0.452996	0.035207	0.063886	-0.058361	0.040923	0.149768	-0.045114	-0.068786	0.062302	0.022237	-0.082795	0.253718	0.053898	-0.052570	0.167365	0.075706	0.018808	-0.107183	-0.075573	-0.024351	0.036892	0.033259	0.028879	-0.223713	-0.065685	-0.020565
-0.057114	-0.220692	0.116392	0.052324	0.042853	-0.140028	0.142987	-0.018393	-0.148683	0.126636	-0.056173	-0.202542	0.147737	0.168463	0.058383	0.285338	-0.050768	-0.160265	0.110065	-0.109838	0.152631	0.068163	0.002409	0.007173	0.192352	0.209645	0.202634	-0.040649	0.024356	0.200509	-0.129541	0.016596	0.043774	0.068238	0.133112	-0.015054	-0.069098	-0.283362	-0.011441	-0.037606	0.026711	-0.139204	-0.127235	0.202260	-0.262567	-0.216346	0.252086	0.193213	0.060740	-0.039666
-0.162587	-0.188048	0.096276	-0.104225	0.213627	-0.030704	0.032835	0.005794	0.082573	0.148467	-0.085834	-0.012891	0.193019	0.136631	-0.050328	-0.068645	0.289850	0.158036	0.021972	0.157156	0.047359	-0.081373	0.193262	-0.158032	0.114444	0.046840	0.177039	0.140051	0.112921	0.114565	-0.080740	0.104768	-0.124361	-0.215012	-0.141265	-0.068336	0.019498	-0.207005	0.132687	0.077385	0.002703	-0.159877	0.154476	0.456669	-0.022277	0.092699	0.130230	0.114881	-0.070527	0.022211
-0.123256	-0.183209	0.076106	-0.027844	0.083778	0.078636	0.069467	-0.064741	0.019466	0.182636	0.086996	-0.107895	-0.024152	0.236905	0.254629	0.039946	0.263421	0.051323	-0.009750	0.270371	-0.005746	-0.093537	0.111988	0.086207	0.356025	-0.157311	0.194971	0.037906	0.075039	0.318015	-0.020990	0.035550	-0.007963	-0.228434	-0.087031	0.046112	-0.022383	-0.091582	0.062406	0.138789	0.070271	-0.124587	0.127709	0.262623	-0.015763	0.036534	0.005930	0.195639	0.180679	-0.026587
0.041153	-0.066496	-0.155744	0.202510	-0.119340	-0.189014	-0.143545	0.090182	-0.080276	0.150845	0.129721	-0.076285	-0.156692	0.012901	0.072775	-0.163431	0.184155	-0.189995	-0.090077	-0.004356	0.240357	0.002982	-0.155327	-0.047289	0.309972	0.174884	0.041502	-0.189648	-0.129988	0.214047	-0.200286	-0.084756	-0.258861	-0.175130	-0.182154	0.017471	-0.048628	0.011634	0.047131	-0.124653	0.062496	-0.091307	0.237490	0.221407	-0.124313	0.055094	-0.035939	0.065814	-0.013696	0.106289
-0.200930	-0.116734	0.011404	-0.141556	0.019447	0.119500	0.261426	-0.020570	0.123304	0.135003	0.224681	-0.083242	0.120754	-0.055259	-0.110676	0.071169	0.091723	-0.068102	0.057114	0.035702	0.006889	0.024918	-0.206606	-0.200845	0.046208	0.134495	0.212428	-0.055892	-0.065184	0.125495	-0.143610	0.212002	0.088009	-0.112827	-0.285910	0.013427	-0.166114	0.089106	0.208507	0.009037	0.117693	-0.230137	-0.162096	0.211568	-0.148661	-0.074275	0.233394	-0.093099	0.052648	0.220060
-0.034141	0.014168	0.079885	-0.024490	0.082163	0.064981	0.129163	0.000110	-0.022961	0.112850	0.227001	-0.023897	-0.217193	0.072225	-0.066635	-0.095459	0.240398	0.096718	0.042451	0.173879	0.180063	0.033527	-0.145169	-0.073646	0.051169	0.023430	0.113853	-0.050490	0.147798	0.194572	-0.165772	-0.047084	-0.204691	-0.079310	-0.339723	-0.002172	0.027684	-0.043343	0.386223	-0.030146	0.023406	-0.346479	-0.145739	0.234946	-0.036497	0.085945	0.167672	0.074022	0.069582	-0.069782
0.018179	-0.123431	0.194019	0.162314	-0.043640	0.007091	0.287542	0.085054	0.005109	0.038488	0.218856	-0.053429	0.127536	0.048927	0.089572	0.270445	0.116930	-0.161972	-0.178342	0.163501	0.018859	-0.121660	0.179512	0.101967	0.154684	0.188958	0.073614	-0.105136	-0.272420	0.261731	-0.114433	-0.173324	-0.039607	-0.128395	-0.123702	0.182010	0.030083	-0.154915	0.184257	0.019357	-0.131510	-0.078148	-0.027290	0.134190	-0.101067	0.132681	0.091921	-0.169104	0.078435	-0.139387
-0.125388	-0.223633	-0.030070	0.159744	-0.303555	-0.041878	-0.089764	0.025716	0.091496	0.162089	0.213815	0.038050	0.106494	0.029080	0.067499	0.207042	0.176341	-0.187287	-0.012694	0.146898	0.120741	0.041897	0.182183	0.014892	0.158215	-0.076608	-0.054648	-0.056250	0.148393	0.072911	-0.104596	-0.011969	-0.239097	-0.053659	-0.128761	0.076663	-0.062270	-0.197900	0.159826	0.150458	0.330192	-0.315144	0.018910	0.039515	-0.088862	-0.179825	-0.003833	0.094663	0.026667	-0.129493
-0.055012	-0.200759	0.096749	-0.092645	-0.084101	0.018295	0.136736	0.108066	0.071068	0.277799	-0.102868	-0.025140	0.023436	0.041957	0.092980	0.260949	0.007183	-0.044880	-0.128989	0.283721	0.314240	-0.007747	-0.052761	0.041079	0.200391	-0.093972	-0.175455	-0.096232	0.056729	0.121027	-0.028606	-0.184225	-0.189324	-0.066783	-0.028515	0.156926	-0.004946	-0.072005	-0.031911	0.055891	-0.022197	-0.263927	-0.022611	0.000270	-0.324835	-0.155245	0.101425	0.177481	-0.120282	-0.229553
-0.185872	-0.131570	-0.083851	0.058666	-0.118807	0.067400	0.068198	0.306638	0.231931	0.081871	0.015761	0.063348	-0.075698	0.161237	-0.051381	0.045572	0.205626	-0.048305	0.114658	0.037479	0.033844	-0.173625	-0.231561	0.232080	0.171522	0.123788	-0.065264	-0.207847	0.053496	0.156473	-0.084928	0.194994	0.186776	-0.114478	-0.169016	0.178596	-0.030241	-0.022441	0.118887	0.028862	0.184620	-0.210788	0.151242	-0.007601	-0.048192	0.186214	-0.008363	0.098407	0.017545	-0.288205
-0.046837	0.019267	0.041246	-0.089078	-0.067417	-0.098300	0.061516	-0.035475	0.225328	0.165579	0.054246	-0.140341	0.125059	0.072079	-0.163004	0.169600	0.273868	0.010500	0.017824	0.110937	0.009912	0.014168	-0.005429	0.003400	0.087028	0.206480	-0.240402	-0.142060	0.005463	0.210616	-0.201185	0.236925	-0.172541	-0.133768	-0.274550	0.012958	0.240139	-0.081287	0.108540	0.106782	0.049841	-0.212410	-0.121453	-0.041222	-0.167652	-0.014599	0.304335	0.180316	0.076794	0.014904
-0.172517	-0.039517	0.071367	-0.127394	0.149415	-0.024259	-0.105452	0.193249	0.214477	0.206786	-0.066280	-0.232339	0.037919	-0.032250	-0.101604	0.250581	0.273230	-0.014673	0.044572	0.009508	0.281394	-0.000201	0.012442	-0.117131	0.149284	-0.002998	-0.104267	-0.003168	-0.025301	0.005660	-0.059531	-0.069682	0.202344	-0.146798	-0.091842	0.082018	0.104290	0.120199	0.101776	0.081013	0.045521	-0.327709	-0.046529	0.003822	-0.283536	-0.181446	0.228142	0.090325	0.044822	-0.184172
0.002378	-0.137500	0.013749	0.040238	-0.037280	-0.121473	0.018931	0.129665	0.355938	0.160294	-0.006699	-0.031251	-0.031944	0.001631	0.068371	0.342921	0.058314	0.015860	0.278615	-0.052886	-0.031915	0.164720	0.076228	-0.203125	0.286887	-0.022465	-0.182657	-0.033541	-0.016087	0.154410	-0.156048	-0.058858	0.046813	-0.036845	-0.358425	0.138361	0.189072	0.001405	-0.098881	-0.081841	0.009497	-0.092373	-0.175299	0.053479	-0.160362	-0.112676	-0.094593	0.206506	-0.035735	-0.062222
-0.022051	-0.046907	0.144142	-0.106307	0.147513	0.135525	-0.010266	0.190424	0.171655	0.040359	-0.107377	-0.199682	0.162347	-0.037895	-0.284255	0.165150	0.147254	0.078411	0.056847	-0.039620	0.103428	-0.037837	0.036159	-0.180001	0.251452	0.229257	-0.182686	-0.212045	0.069864	0.195841	-0.128625	0.041385	-0.048488	0.010882	-0.254518	0.052400	0.248400	-0.012010	0.005692	0.100659	-0.006072	-0.123113	-0.050166	-0.000040	-0.238450	-0.167887	0.134795	0.229135	0.041520	0.138323
-0.129258	-0.217766	-0.015440	-0.198361	0.234643	0.140998	-0.020002	0.194619	0.184256	0.156043	0.034259	0.035275	0.116738	-0.132850	-0.204712	0.104417	0.010094	-0.094050	0.136305	-0.093008	0.191992	-0.192936	0.078381	-0.309053	0.374501	0.137843	-0.050525	-0.041432	0.096307	0.171030	-0.127282	0.151216	-0.281965	-0.141497	0.014333	0.029327	-0.044675	0.045470	0.112591	-0.052318	-0.011625	0.030313	-0.083678	0.180851	-0.012236	-0.028271	0.039126	0.122470	0.071330	0.042840
0.081562	0.011294	-0.071893	0.227262	-0.057200	0.029868	-0.033062	-0.047821	0.007432	0.159884	0.203058	-0.024757	0.128693	-0.103210	0.058158	0.031363	0.034310	-0.009105	-0.031426	-0.133455	0.169766	0.000915	0.077074	-0.200130	0.114041	0.128680	-0.041627	-0.211360	0.147775	0.027362	0.008974	0.153884	0.007193	-0.144947	-0.381175	0.086382	0.239790	-0.073485	0.201865	0.082535	0.095371	-0.121675	0.005304	0.316844	-0.139217	-0.110776	0.068321	0.044200	0.400183	0.074900
-0.066556	-0.171834	0.125862	0.061952	-0.134047	-0.127974	0.209919	0.392494	0.108922	-0.091457	-0.018046	0.231197	0.042383	0.056470	0.159938	-0.124770	-0.121091	0.039613	-0.144098	-0.067385	0.042416	-0.049704	-0.006339	-0.052877	0.199191	-0.017797	-0.105006	-0.173578	-0.094886	-0.093610	-0.062667	0.032157	-0.039765	-0.380531	-0.237910	-0.047022	-0.116009	-0.134375	0.183115	-0.011154	0.142155	0.065923	-0.129258	0.167323	-0.275381	0.039592	0.020705	0.101700	-0.058306	-0.100215
-0.023885	0.054860	-0.118501	0.163502	0.066827	0.060893	0.166348	0.091762	0.036741	-0.072419	0.022639	0.166778	0.198654	-0.167052	0.001688	-0.034676	-0.146314	0.145898	-0.112907	-0.012174	0.203834	-0.155857	0.088116	-0.037159	0.238555	-0.001587	-0.149640	-0.025076	0.097243	0.109453	-0.099446	0.236367	0.102212	-0.069645	-0.376323	0.121397	-0.079189	-0.185572	0.234252	-0.002815	-0.005574	0.011219	-0.021602	0.159911	-0.156411	0.191841	0.120004	0.165894	0.264859	-0.208333
-0.049694	-0.197091	0.402990	-0.087970	-0.120659	-0.013431	-0.037601	0.333451	0.058975	0.009934	0.090140	-0.058637	0.075765	-0.059222	0.084635	0.220610	-0.195789	-0.008546	0.075559	0.014632	0.035663	-0.010896	0.070348	-0.183454	0.148243	0.319960	-0.131049	-0.144638	-0.011295	-0.017126	-0.075985	0.117887	0.034755	0.002594	-0.111270	-0.042310	-0.062704	-0.325201	0.026908	-0.113393	0.028679	-0.056216	-0.086087	0.170825	0.014329	0.078859	0.234528	0.167559	0.051167	-0.206813
-0.006034	-0.146626	0.450761	-0.039966	-0.142656	-0.179741	0.048138	0.292510	0.061829	0.166709	0.063100	-0.112631	0.043116	-0.020047	0.203801	0.033797	-0.216509	0.032834	0.008722	0.127500	-0.042644	0.033586	-0.052343	-0.143123	0.108687	-0.007232	0.083721	-0.052731	0.085869	0.068721	-0.229824	0.129434	-0.034651	0.035437	-0.115209	-0.114167	-0.053638	-0.244176	0.084690	-0.033505	0.083013	0.043499	-0.020071	0.079062	-0.106321	0.028648	0.233342	0.156660	0.298090	-0.226220
-0.084239	-0.148711	-0.007486	0.147154	0.092876	-0.200324	-0.028300	0.237089	0.012718	0.216189	0.065575	0.223629	0.220262	0.034270	-0.124868	0.239500	0.054811	-0.007106	0.201943	0.054445	0.122378	-0.078972	-0.076742	0.125119	0.052837	0.060915	0.142420	-0.069699	-0.110432	-0.005554	0.044928	-0.032081	0.123324	0.189993	-0.331314	0.173369	-0.053800	-0.124441	-0.036080	0.114546	0.186457	-0.187724	-0.158291	0.053045	-0.022846	-0.062972	0.198242	0.339731	0.039767	-0.019673
-0.019541	-0.152604	-0.004025	-0.043540	-0.232305	0.010005	0.101109	0.446315	-0.007789	0.009405	0.053080	0.128184	0.005018	0.228149	0.094765	0.219596	0.245932	-0.054775	0.146909	0.082633	0.190955	0.031007	-0.092631	0.175835	0.155800	0.077171	0.155796	-0.054778	-0.036199	-0.121144	0.055582	-0.015434	0.095143	-0.287284	-0.128183	0.136472	0.137154	-0.034870	0.041876	0.113191	0.100659	-0.205627	-0.091746	0.034951	-0.096795	0.045551	0.018738	0.227722	0.210256	-0.073993
-0.202910	0.025973	0.149865	-0.061545	0.028584	-0.170896	0.093121	0.123777	0.164963	0.061277	0.080623	0.030565	0.166367	0.034957	0.054199	0.129990	0.051369	-0.075902	0.056613	0.068562	0.279152	0.222036	-0.142439	0.037640	0.059447	-0.079174	0.217011	-0.035925	-0.024731	-0.106781	-0.089731	0.160026	0.207480	-0.071552	-0.106037	0.094251	0.332168	-0.029927	-0.105764	0.174494	0.171570	-0.186597	0.045822	0.099459	-0.205680	-0.240898	0.224352	-0.137425	0.208266	-0.106394
-0.322397	-0.057106	0.065972	-0.181798	-0.002411	-0.150631	-0.017830	0.303163	-0.147965	-0.028750	0.229494	0.027631	-0.006760	-0.118407	0.104573	0.051809	0.109100	-0.158218	-0.073934	0.094971	0.025340	-0.065545	-0.205012	-0.191143	0.147053	0.071415	0.244446	-0.114835	0.142300	0.063160	-0.238645	-0.068150	0.057051	0.047676	-0.281850	-0.041569	0.094129	0.055303	0.210924	-0.104426	-0.171392	-0.072702	-0.192976	0.150182	0.039127	-0.107023	0.177113	0.076437	0.098547	-0.088556
-0.143039	-0.316433	0.039147	0.038335	-0.190208	0.026113	-0.249419	0.000299	0.063074	0.093594	0.119071	0.073024	-0.030354	-0.052917	0.064016	0.200935	0.004506	0.100457	0.000955	0.087431	0.059600	-0.049926	-0.162692	0.170378	0.141817	0.174803	0.163846	0.155827	0.027692	0.297072	0.050058	0.134153	-0.068787	0.000491	-0.264442	0.265560	-0.097923	-0.195027	0.271060	0.031450	0.092535	-0.169761	0.106276	0.150882	-0.177791	-0.029408	-0.038987	-0.151387	-0.046433	-0.092179
-0.105962	-0.082670	0.052898	-0.190905	-0.001237	0.146810	0.150654	0.181427	0.050623	0.173587	0.145734	-0.140698	0.140984	0.056630	-0.130989	0.154833	0.145723	0.021990	0.091340	0.120818	-0.065582	0.024354	0.053477	0.056339	0.122409	0.004062	0.010543	-0.175314	-0.085330	0.042873	0.067756	-0.196290	0.055766	-0.143628	-0.446869	0.109830	-0.029750	-0.123622	0.284583	0.119177	0.028194	-0.014178	-0.077921	0.214306	-0.164415	0.023740	0.174553	0.181666	0.287506	-0.018372
0.023100	-0.221474	0.115654	0.206176	-0.046489	0.104889	0.051572	0.043460	0.173102	0.032080	0.051885	0.012565	0.188676	0.030105	0.084414	0.135590	0.118653	-0.280887	-0.000456	0.012316	0.173103	-0.099970	0.145276	-0.164940	0.417804	0.020992	0.174366	0.001433	0.123289	0.051221	-0.003314	-0.057947	0.074027	-0.035108	-0.142987	-0.280161	-0.071335	-0.040608	0.098444	-0.074408	0.266510	-0.184385	0.214609	0.189706	-0.136071	-0.052266	-0.089592	0.012866	-0.013649	-0.169280
0.016076	-0.032121	0.127529	-0.063111	-0.031831	-0.074819	-0.038366	0.321932	0.117268	0.104530	-0.010309	-0.031085	0.098052	-0.002112	-0.129451	-0.043010	-0.081170	-0.130325	0.256193	0.046055	0.179358	0.137981	0.129466	0.005530	0.514775	-0.168796	0.138114	0.082211	0.256837	0.203979	-0.030086	0.006246	0.104480	-0.149560	-0.109239	0.106772	-0.160040	-0.098436	0.116024	-0.057534	0.052782	-0.149347	-0.003905	0.113275	-0.100933	0.036800	-0.009001	-0.014273	0.101450	-0.238431
0.034170	-0.112245	0.219043	-0.201825	0.086700	0.162751	-0.161700	-0.027339	0.117282	0.081189	0.025993	0.110434	0.011914	-0.079386	-0.030486	0.121454	-0.013978	-0.107208	0.161452	-0.016338	0.037766	0.053875	-0.195062	0.150395	0.550789	0.053326	-0.025977	-0.033812	-0.185336	0.082079	-0.039096	0.070216	0.173452	-0.155412	-0.073422	0.065524	0.155618	-0.013214	0.266068	-0.030280	0.246275	-0.101555	0.020322	0.127334	-0.100263	0.092729	0.160732	0.128503	-0.091691	0.075252
-0.072372	-0.052334	0.151392	0.020464	-0.081033	-0.032072	-0.252285	0.207746	0.147755	0.041964	0.099007	-0.049464	0.024967	0.090750	0.103483	-0.259690	0.045280	-0.078972	0.168479	-0.139112	0.027119	0.024700	0.159034	0.109242	0.244061	0.152550	0.185734	-0.043496	0.066119	-0.007168	-0.148001	0.129701	0.063948	-0.232624	-0.200389	-0.003753	-0.226898	-0.026407	0.270855	0.137873	0.008771	-0.089686	0.086089	0.136384	-0.299829	0.212289	-0.175243	0.001248	0.165421	-0.066096
0.089723	-0.026998	0.129149	0.022463	0.105609	0.013201	0.014124	0.315090	-0.126454	-0.114213	0.130943	-0.047883	-0.064358	0.063664	0.298710	0.052465	-0.164354	0.123851	-0.010009	0.076695	0.236056	-0.132333	-0.001869	-0.201022	0.358072	0.150430	0.099842	0.022515	0.142593	-0.006596	-0.312398	-0.073368	0.053605	-0.165854	-0.076118	0.146405	0.065186	-0.027362	0.216061	0.051963	-0.016622	-0.130694	-0.064468	-0.168876	-0.142675	0.089161	0.149440	0.186617	0.024302	-0.140885
-0.032376	-0.052780	0.163985	-0.120919	-0.004658	-0.194917	-0.048152	0.269433	0.088040	0.040507	-0.032776	-0.045550	-0.143312	0.073865	0.011621	0.098847	0.018562	0.243669	0.099776	0.086537	0.292112	0.136009	-0.094727	-0.171423	0.202833	0.159695	0.085335	-0.037013	0.233813	-0.045500	-0.159924	0.066003	-0.095451	-0.125513	-0.018006	0.142054	0.108438	0.141899	0.380759	0.098817	0.247102	-0.175419	0.011328	-0.027832	-0.147832	0.112818	-0.102779	0.176934	0.010103	0.103328
-0.233351	-0.126826	0.191571	-0.089797	0.073022	-0.074896	0.160644	0.196309	-0.102331	-0.035973	0.096661	-0.007647	0.317487	0.012937	0.102833	0.185088	0.210193	-0.085205	0.237233	-0.002327	0.302216	-0.040954	0.143127	-0.168496	0.168512	0.059563	0.032502	0.054252	0.007733	-0.026742	-0.159421	0.049839	-0.129182	-0.072872	-0.137223	-0.038764	0.025201	-0.159587	0.059270	-0.024883	0.334552	-0.131543	-0.059076	-0.126987	-0.087961	0.185125	0.133476	0.125762	-0.143571	0.102737
-0.007403	-0.103804	0.194994	0.028114	0.031882	-0.098475	-0.118714	0.062613	-0.128748	-0.040152	0.006089	0.107975	-0.055366	0.253998	0.109397	0.047020	0.019215	-0.124932	0.138815	0.004164	0.277681	0.051653	-0.141367	0.140216	0.271183	0.040984	0.287491	0.063659	0.324620	0.186594	-0.130610	0.136695	0.087619	-0.208347	-0.055302	0.134670	0.078489	-0.066760	0.146142	-0.058820	0.133064	-0.210610	-0.117800	0.214970	0.073062	0.056255	0.103182	0.028725	-0.099278	-0.240296
0.071448	-0.215702	0.051926	0.090433	-0.244181	-0.041576	0.179950	0.259747	-0.120406	0.103561	-0.059851	0.106156	0.005362	-0.095184	-0.070930	0.218394	0.211532	0.086079	0.232490	0.001092	0.188324	0.088248	0.069558	-0.170339	0.179182	0.084099	0.277433	-0.071958	0.013580	0.081662	-0.015570	0.088408	0.019980	-0.197769	-0.141382	0.017092	-0.141492	-0.240471	-0.029844	-0.067137	0.136571	-0.250375	0.194018	0.121408	-0.231955	-0.027794	0.060385	-0.043054	-0.109433	0.077703
-0.159489	-0.232284	0.268418	-0.031416	0.031787	0.049257	0.015621	0.285784	0.074488	0.175032	0.124851	0.148158	0.037311	0.030808	0.238675	0.023170	0.070639	0.069123	-0.003245	0.185128	0.232864	-0.071300	-0.018039	0.098976	0.202849	0.152809	-0.051926	-0.009729	-0.172589	-0.058848	0.103022	0.027541	0.044705	-0.028304	-0.286797	0.228114	-0.163164	-0.153839	0.283787	0.125910	0.134010	-0.119378	-0.103511	0.195872	0.134325	-0.043046	-0.017368	0.113571	-0.039421	-0.059604
-0.158715	-0.004126	-0.031222	0.043778	0.027883	-0.141920	-0.166714	0.097697	0.045800	-0.030638	0.253543	0.295478	0.127005	0.157303	0.172186	0.016864	0.070620	0.070111	0.088132	-0.248164	0.242486	0.130553	-0.037599	-0.074058	0.118004	0.028948	0.252521	-0.020857	-0.121657	0.241474	0.115360	-0.044375	0.033652	-0.108964	-0.218860	0.162112	0.266549	0.157035	0.128755	-0.060501	-0.002728	-0.274648	-0.000229	0.108047	-0.236075	-0.045032	-0.004033	0.014614	0.013783	-0.102157
-0.119943	0.039950	0.094988	0.050622	0.071053	-0.100895	-0.210157	0.229516	0.001040	0.110953	0.287179	0.098067	0.109029	0.070152	0.290918	-0.112903	0.069500	-0.033180	-0.002408	-0.277386	0.130485	0.133480	0.153245	0.071382	0.279464	0.086486	0.205102	-0.150104	-0.031321	0.129144	-0.007712	0.009051	0.122294	-0.132176	-0.045678	-0.038487	0.182825	-0.037571	0.004034	0.262810	0.169019	-0.016593	-0.076577	0.075397	-0.269797	0.157402	0.126691	0.090642	0.148636	-0.057068
-0.024280	-0.103175	-0.105222	-0.218711	-0.147792	0.068697	0.031852	0.062325	0.158414	0.005970	0.065966	-0.165790	-0.065077	-0.104817	0.164087	0.274762	-0.124136	-0.200906	0.164811	0.075639	0.103512	0.005756	-0.006274	-0.075407	0.125277	0.154480	-0.148697	-0.079006	0.072544	0.086380	-0.133160	0.255936	0.008007	0.105887	-0.349388	-0.050220	-0.086475	0.019138	0.332620	0.020363	0.156156	-0.111929	0.009434	0.174789	0.021151	-0.120972	0.210995	0.260798	-0.029648	-0.063061
0.106776	0.115267	0.100138	-0.231901	0.004827	-0.068153	-0.032336	0.221194	0.026224	-0.127215	-0.095497	-0.018631	0.197606	-0.001801	0.042008	-0.095433	0.204766	-0.088842	0.095378	0.018216	0.213171	-0.094301	0.240730	-0.058969	0.180487	0.161707	0.027024	-0.236375	0.223765	0.013306	-0.070567	0.033652	-0.123479	-0.098471	-0.303239	0.097087	-0.030935	0.058422	0.017529	-0.015966	0.241186	-0.212692	0.066004	0.130881	-0.314139	-0.011716	0.245438	-0.069706	0.063065	0.099274
-0.315280	-0.141043	0.024820	0.132273	-0.042336	0.044109	-0.032434	0.229986	-0.030019	-0.131688	0.053843	0.019495	0.181621	0.050163	0.188239	-0.056464	-0.111715	0.031548	0.351177	0.099006	0.060827	0.151180	0.095395	0.252169	-0.020237	0.017227	0.048101	0.011904	-0.043876	0.084279	-0.302462	-0.010216	0.076173	-0.081870	-0.284583	-0.038308	0.048765	-0.061022	0.169791	-0.047787	0.134427	-0.110448	-0.017407	-0.088594	-0.287812	-0.047181	0.144959	0.281545	0.034138	-0.050343
-0.099698	-0.141496	0.173733	-0.105953	-0.025665	0.020291	-0.059426	0.266102	0.003131	0.153260	0.048221	0.123677	-0.080936	-0.073536	-0.051772	-0.012323	0.087664	-0.268794	0.127914	0.223477	0.096578	-0.000953	0.056744	0.117808	0.195168	0.177858	-0.131018	0.015136	-0.276515	0.327130	-0.162644	0.011360	-0.200258	-0.169321	-0.338086	0.104303	-0.059892	-0.136550	0.116695	0.111909	0.206789	-0.047213	-0.037909	-0.111872	-0.045900	-0.035208	0.143301	0.027976	0.007780	0.038332
0.133465	0.035702	-0.125731	-0.191918	-0.044761	-0.086631	-0.017841	0.347190	0.040742	0.022020	-0.056628	0.009576	0.085962	-0.077384	0.114525	0.209879	0.351655	0.008558	0.020181	0.060702	0.248749	-0.170490	-0.060853	-0.059943	0.087106	-0.098973	0.321867	-0.206987	-0.095672	0.037569	-0.210163	0.118091	0.124997	0.054184	0.104333	0.016879	-0.157014	-0.063607	0.143115	0.022237	0.139514	-0.183053	-0.026828	0.206550	-0.048729	-0.100424	-0.032969	0.254161	-0.028386	0.092937
-0.104171	-0.095347	0.194646	0.248040	-0.124836	-0.080356	0.032313	0.333661	-0.098855	0.105656	0.064263	-0.012500	0.063278	-0.044674	-0.104788	0.032356	0.074915	0.152853	0.089223	-0.053115	0.066499	0.061841	-0.153545	0.009799	0.204902	0.125582	0.021754	0.031258	-0.140870	0.024055	-0.067029	0.072086	-0.110346	0.126139	-0.276322	0.051481	-0.247336	-0.256599	0.276063	-0.167153	0.238055	-0.307476	0.087876	0.011591	-0.079802	-0.034388	-0.060254	0.139741	-0.076819	0.089716
-0.023086	-0.118878	0.099103	-0.200823	0.000918	-0.029696	0.144916	-0.038763	-0.029730	0.215723	0.114604	-0.069033	-0.117186	0.055921	0.052643	0.182241	0.054803	-0.110252	-0.042780	0.207546	0.194421	-0.079904	-0.309301	-0.098817	-0.118289	0.183655	0.212966	-0.146259	0.012512	0.313969	-0.282695	0.164156	-0.167190	-0.180624	-0.163838	0.062929	0.049060	0.093163	0.139281	0.046406	0.189699	0.052416	-0.022937	0.037273	-0.248126	-0.112109	0.085692	0.014110	0.010749	0.132024
0.153816	-0.135951	-0.152367	-0.017861	-0.180076	0.155769	0.138396	0.114841	0.100987	0.049490	0.140038	-0.039642	0.182063	0.019125	-0.038207	0.152528	-0.102723	-0.132368	0.059579	-0.061639	0.225761	0.039411	0.070983	-0.166898	0.247708	0.108324	0.170760	-0.011122	0.089347	-0.127879	-0.224616	0.003561	-0.168749	-0.337827	-0.301706	0.007343	0.049895	-0.125404	0.149988	-0.023351	0.062825	-0.247070	0.103112	0.013725	0.142265	0.056047	0.220312	0.124707	0.120363	-0.049997
0.034237	-0.128698	0.074785	0.077444	0.081991	0.036785	0.071298	0.076708	0.024815	-0.053133	0.242664	-0.123090	0.065768	0.000009	0.151926	0.151072	0.145333	0.174616	-0.110352	-0.198068	0.236635	-0.203213	0.082057	-0.262016	0.276347	0.034839	-0.169606	-0.022462	0.012230	-0.086496	-0.222621	-0.097123	-0.017283	-0.099998	-0.301648	-0.053398	-0.024414	0.158633	0.088177	-0.018134	-0.124560	-0.195815	0.074108	0.153084	0.046260	-0.245450	0.184253	0.094830	0.121912	-0.183764
0.011095	-0.141135	-0.007301	-0.119837	-0.018024	-0.063848	-0.135293	0.137713	-0.070098	0.258643	0.082806	0.069075	-0.148313	-0.082884	0.018000	-0.002718	-0.025590	0.017345	0.136249	0.232432	0.075689	-0.105300	-0.048175	0.096568	0.268150	0.054954	-0.044469	-0.114212	-0.047046	0.008820	-0.048531	0.106178	-0.072493	-0.215087	-0.162295	0.262735	0.127038	-0.139725	0.032710	0.230145	0.007556	-0.347494	0.244530	0.283057	-0.132105	0.016406	-0.170152	0.016992	0.242893	-0.009737
-0.198834	-0.120008	-0.076710	0.264009	-0.192834	0.184167	-0.070826	0.193132	0.078152	-0.065614	0.128449	-0.020749	-0.045464	-0.022236	0.101017	-0.005289	0.114373	0.082773	-0.072684	0.033006	0.211043	-0.167674	0.329674	0.018131	0.146383	0.230615	-0.055065	-0.027593	-0.027338	0.197853	-0.161359	0.009219	-0.072450	-0.025826	-0.188469	0.118958	0.034432	-0.033663	0.199435	-0.038902	0.249038	-0.293800	0.201870	0.010315	-0.139858	-0.185924	0.044352	-0.081314	0.071342	0.091350
0.007118	-0.246956	-0.110920	-0.191515	-0.074141	-0.181668	0.114253	-0.021508	-0.069012	0.001521	0.144782	0.086194	-0.030107	0.039544	0.157686	0.281225	0.206048	-0.077927	-0.004806	-0.097234	0.098281	-0.166912	0.097195	0.006806	0.329576	0.220850	0.023459	-0.148079	-0.033914	-0.053109	-0.243929	-0.001465	0.008819	-0.198016	-0.193443	-0.068398	0.130912	0.035552	-0.069357	-0.045664	0.014473	-0.301240	0.156532	-0.090780	-0.026244	-0.202696	-0.105373	0.192683	0.150765	0.083091
-0.048206	0.143587	0.154730	0.007449	-0.028453	-0.294876	-0.084024	0.243729	-0.031205	0.004194	-0.053855	-0.205431	0.152519	0.054981	-0.290121	0.053594	-0.024599	0.137988	0.146917	-0.078552	0.005562	0.046525	0.134595	-0.070965	0.224075	-0.049071	-0.026772	-0.164775	-0.138969	0.047950	-0.057433	0.061193	0.010727	-0.132983	-0.253175	0.023293	0.029293	-0.067704	0.102756	0.036561	0.310765	-0.113330	0.186072	0.074943	-0.125559	0.153071	0.224869	0.048310	0.338818	0.034630
-0.120158	-0.020734	-0.003801	-0.108698	0.005560	0.052422	-0.147431	0.117647	-0.032532	-0.102904	0.062684	0.130126	0.102638	0.225750	-0.003674	0.039749	0.059216	-0.034344	0.092636	-0.118099	0.137988	0.164127	-0.152689	0.132515	0.218817	0.045952	0.050046	-0.080070	-0.118590	0.310594	-0.167149	-0.173538	0.179621	-0.016144	-0.231633	-0.186464	0.127999	-0.062139	0.230436	-0.273856	0.061152	-0.443299	0.063730	0.038526	-0.036079	0.074849	0.024892	0.017936	-0.089783	-0.082394
-0.116943	-0.080330	0.041218	0.123871	0.067738	0.014512	0.090388	0.135030	0.160619	0.107384	-0.111527	-0.097522	0.329304	0.039350	-0.027070	0.078699	0.030875	-0.206952	0.123012	-0.154719	0.249648	-0.168583	0.146035	0.175845	0.364945	0.021023	0.088051	0.232482	-0.193025	0.002952	-0.077287	0.169920	-0.028385	-0.159265	-0.218226	0.039514	0.100364	0.133135	0.061140	0.161130	0.048152	-0.172273	-0.054632	0.089934	-0.147301	-0.003918	-0.063184	0.195482	-0.031735	0.145593
-0.143791	0.037195	0.087851	-0.020611	-0.174900	-0.226440	0.088272	0.295558	0.114776	0.253111	0.182931	-0.000847	-0.042704	-0.070454	0.188642	0.107190	0.249566	-0.062858	0.012232	0.011052	0.195970	0.187598	-0.167931	-0.066134	0.070657	0.195001	-0.152389	0.007440	-0.019497	-0.032557	-0.013142	0.211327	-0.031558	-0.012420	-0.044117	0.120152	-0.119495	-0.036721	0.024307	0.021407	-0.120656	-0.195083	-0.085082	0.309061	-0.253239	0.246187	0.079912	-0.025111	0.142638	-0.035948
0.043265	-0.084379	0.010737	0.046425	-0.086169	-0.138059	-0.021890	0.074555	-0.002008	0.344118	-0.016020	-0.034030	0.005918	0.043922	-0.180670	-0.045524	0.148289	-0.109537	-0.057713	-0.075909	0.058581	-0.163961	-0.139339	-0.014748	0.341205	-0.084184	-0.171950	-0.156490	0.129783	0.161862	-0.352754	-0.044624	0.064757	0.179163	-0.333999	0.059300	-0.079036	-0.002904	0.214868	0.175467	0.150984	0.042464	-0.104063	0.139300	-0.075170	0.195654	-0.002731	0.042220	-0.035870	-0.152381
-0.002640	-0.173393	0.035298	0.193063	0.055056	0.042260	0.020135	0.314345	0.191901	0.123623	0.018056	-0.168153	0.200374	-0.038488	-0.205814	-0.116808	0.048552	0.152448	-0.028594	0.004960	-0.129264	0.050200	-0.165252	0.207425	0.413025	0.004419	0.238490	-0.110111	-0.139341	0.290904	-0.123885	0.035608	-0.055235	-0.005667	-0.028417	0.021935	0.031758	-0.188045	-0.028427	0.094942	-0.071702	-0.186073	-0.019263	0.093704	-0.252069	0.033822	0.064797	0.020609	-0.016257	-0.060902
0.090030	-0.308929	-0.026382	-0.065646	-0.139246	0.099417	-0.179289	0.388896	0.000842	0.135846	0.152355	-0.071738	-0.126717	0.030098	0.135860	-0.050909	-0.024923	0.003437	0.100650	-0.131532	0.289619	-0.028971	0.117689	0.030394	-0.013167	-0.127316	0.105847	-0.094204	-0.007303	0.121433	-0.115983	-0.012611	0.081184	-0.119592	-0.332948	-0.160731	0.007046	-0.130394	-0.126637	0.042251	0.263986	-0.166124	0.050615	0.077233	-0.223987	-0.000869	0.113609	0.175847	-0.093563	-0.022729
0.100721	-0.135783	0.179574	-0.108415	0.141144	-0.078339	-0.075494	0.225055	0.304984	0.144301	0.148347	0.073091	-0.039204	-0.145982	0.102480	0.032242	-0.012867	-0.201977	0.092655	-0.031266	0.289418	0.191596	-0.005449	0.089180	0.122944	-0.094569	0.123483	-0.145341	0.041529	0.156205	-0.116927	0.043923	-0.172511	0.050456	0.034449	0.005461	-0.157908	0.101910	0.083740	-0.022857	-0.002393	-0.469205	-0.042997	0.128291	-0.157485	0.003734	0.085535	0.112761	-0.061747	-0.157467
-0.131848	-0.079631	-0.018002	-0.013920	-0.014569	0.075359	-0.118842	0.112569	0.002127	-0.121567	0.208895	0.094902	0.014011	0.014804	0.007740	0.203986	-0.086032	-0.142116	0.043279	0.014330	0.226934	-0.168909	0.137296	0.050638	0.191151	-0.150336	0.174406	-0.165546	0.047349	0.054668	-0.038341	-0.134005	-0.091019	-0.344156	-0.071388	-0.012995	0.052028	0.066986	0.017821	0.301049	0.013519	-0.332341	0.120431	0.075694	-0.307019	-0.137969	0.156949	0.165443	0.157377	0.098736
0.022128	-0.127590	0.211844	-0.025086	0.176065	-0.027604	-0.195863	0.121141	0.168002	0.243341	0.203600	0.030689	0.078628	0.084664	-0.139703	0.013660	-0.048340	-0.046765	0.034783	0.052268	-0.061976	-0.073502	-0.016781	-0.061075	0.226230	0.079009	0.124431	-0.106046	0.124051	0.019522	-0.078137	-0.082807	0.089366	-0.289029	-0.045348	0.386962	0.058081	0.037020	0.030112	-0.208018	0.118554	-0.073289	0.063792	0.278366	-0.341399	0.154483	-0.105057	0.102995	-0.000799	0.011982
-0.032752	0.032701	0.030573	-0.005187	-0.120147	-0.267002	0.182698	0.133319	-0.070073	0.113378	0.194032	0.065923	0.065182	-0.098986	-0.016804	-0.084953	0.176642	-0.100814	-0.090831	-0.256383	0.039033	0.002989	0.102381	-0.038980	0.176964	0.110929	0.082153	-0.176754	-0.232294	0.165547	-0.037649	0.327570	0.004475	0.214790	-0.155999	0.283411	0.092344	-0.089851	0.132638	-0.023775	0.274042	-0.144880	-0.058215	0.190108	-0.017305	0.004637	0.140649	0.084807	0.166691	-0.043151
-0.187675	-0.138551	-0.162628	0.087121	-0.118392	-0.100995	0.107151	0.276259	0.002942	0.162244	0.114046	-0.232232	0.054857	0.053946	0.249879	-0.150040	-0.060506	0.219382	0.158203	0.102768	0.177563	0.188545	0.027488	0.091416	0.063630	-0.086613	0.139363	-0.068096	-0.089970	0.158176	-0.119212	-0.110035	0.081958	0.027634	-0.243385	0.032646	0.227449	-0.108687	0.256962	0.122300	0.021096	-0.240998	-0.042343	0.158041	-0.060169	-0.100560	0.071601	0.047540	0.157009	0.115726
-0.076095	-0.190045	0.013269	-0.133409	-0.115030	0.019293	0.167274	0.121953	0.037923	0.231130	0.065130	-0.216769	0.153391	-0.047473	0.007198	0.110264	0.203767	0.099518	0.090314	0.125500	0.015104	0.078247	-0.078111	-0.126710	0.157517	0.242166	0.098471	-0.242485	-0.013799	-0.005313	0.053038	0.129370	-0.138122	-0.030462	-0.300467	0.296210	-0.087297	0.103800	0.169211	-0.130370	0.059420	-0.301413	-0.236626	0.147075	-0.053883	0.024341	0.032149	0.134408	-0.036225	-0.077838
-0.366199	-0.066667	0.074641	0.110337	-0.132013	-0.165311	0.095148	0.081648	-0.004679	0.063108	0.135623	0.022754	0.092077	-0.168761	0.054116	0.088806	-0.085812	-0.040080	0.024646	0.080959	0.184694	-0.120690	-0.054020	-0.254567	0.113523	0.081972	0.182658	-0.153971	0.141454	0.157987	-0.202870	0.222621	0.196114	-0.044199	-0.345833	-0.092233	-0.061146	-0.130866	0.130052	-0.212400	0.097674	-0.194146	-0.039510	-0.017542	0.136159	0.027846	0.085492	-0.037224	-0.044477	-0.192733
0.025136	0.077424	-0.063668	0.034130	-0.088420	-0.225436	0.119888	0.193123	0.033215	0.296344	0.065914	-0.041978	0.080905	0.041616	0.098109	-0.149645	0.123401	0.131050	0.061511	0.019452	0.206189	-0.204521	-0.115419	-0.130882	0.358474	0.087813	0.170119	-0.253631	-0.166173	0.070831	0.128238	-0.112948	0.072818	0.132346	-0.162011	0.286844	-0.077394	-0.125345	0.165689	0.066601	0.142270	-0.060134	-0.045955	0.094073	-0.216229	0.051721	-0.043681	-0.084437	0.084826	0.120117
0.107934	-0.321735	0.193750	-0.132532	-0.080411	-0.135142	0.163434	0.007140	-0.036543	-0.054196	0.210010	0.022549	0.151440	-0.167741	0.233850	-0.034826	0.005186	0.050170	0.063316	-0.178298	0.291544	0.022125	0.110019	-0.057435	0.252281	0.072167	-0.034714	-0.133362	-0.076821	0.154647	-0.045046	0.073953	-0.038876	0.041482	-0.020403	-0.006749	-0.209753	0.081124	-0.051098	0.048396	0.188023	-0.184438	0.158731	0.365697	-0.108639	-0.192907	-0.041774	0.111003	0.066945	0.053916
-0.003249	-0.156609	-0.213036	-0.030744	0.076051	-0.177113	0.137715	0.085560	0.188400	0.174679	0.014444	0.037310	0.036470	-0.052421	0.143379	0.240779	0.191304	0.017559	0.130936	-0.006935	0.117176	-0.121975	-0.081221	-0.155396	0.412536	0.161296	-0.054364	-0.185858	-0.117322	0.035873	-0.039887	-0.073173	0.251126	-0.077875	-0.169475	-0.040382	0.163900	-0.141472	-0.017010	-0.073833	-0.097314	-0.149753	0.164607	0.207950	0.125442	0.047028	0.135691	-0.036081	0.228634	-0.045386
-0.081879	-0.320548	0.114464	-0.028291	-0.078924	-0.031385	0.175973	0.204917	-0.082340	0.152487	0.011550	0.043360	0.128539	0.084167	-0.037841	-0.179481	-0.100231	-0.056793	0.074865	0.001646	-0.045838	-0.123503	-0.189183	0.012043	0.280090	-0.018313	0.073250	0.062843	-0.113141	0.326154	-0.106820	-0.028686	-0.043080	-0.100830	-0.220836	0.060363	-0.051747	0.088041	-0.047564	0.013280	0.353615	-0.435438	0.074913	0.043515	0.010307	-0.011478	0.093775	0.053701	0.037360	0.052209
-0.109366	-0.010524	0.025122	0.074573	0.014407	-0.013695	-0.036641	0.187194	-0.008652	0.092572	-0.040919	0.196153	-0.232300	0.017630	0.078886	0.012123	0.016520	-0.061251	-0.134469	-0.081942	0.201250	-0.020026	0.033068	0.029593	0.261090	0.139061	0.033588	0.220585	-0.210610	0.102847	-0.212721	0.241376	-0.051888	-0.138300	-0.191267	0.280988	-0.036242	0.254302	0.210054	0.119770	0.043568	-0.168617	-0.086341	0.137422	-0.184954	-0.168637	0.024209	0.057298	-0.049132	-0.284045
-0.119352	-0.101044	0.136003	0.022104	0.220298	-0.137240	0.017977	-0.190209	0.020779	0.265080	0.188212	0.110443	0.025662	-0.103162	0.265268	0.207742	-0.043581	0.009653	0.031705	-0.041144	0.106931	0.005562	0.042890	0.027475	0.166015	0.046114	0.320845	-0.042372	0.070075	0.306242	0.022514	-0.087053	-0.078782	0.074322	-0.136009	-0.079136	-0.146401	-0.114907	-0.076118	-0.026542	0.029504	-0.263541	0.051838	0.176159	-0.384515	0.044109	0.028919	0.130436	-0.008767	-0.014079
-0.007749	-0.224293	-0.094056	-0.119122	-0.088061	-0.023551	0.084447	0.180621	-0.067678	0.047157	0.080696	-0.357723	-0.017324	0.183736	0.163181	-0.031517	0.004172	0.019769	-0.030231	0.093311	-0.102560	0.093752	-0.015940	-0.053219	0.443307	0.011466	0.087680	0.074347	-0.028622	0.244516	-0.119467	0.159241	-0.023760	-0.040669	-0.283546	0.071891	-0.138501	-0.086699	0.227151	-0.053923	0.003096	-0.087664	0.032265	0.090129	-0.302191	0.006720	-0.056053	-0.138687	0.048343	0.176391
-0.309112	0.048461	0.069676	-0.057843	-0.059025	0.022368	0.169282	0.069929	0.084734	-0.143995	0.215496	0.057319	0.026794	0.133657	-0.009408	0.184937	0.016459	-0.095626	0.064876	0.128124	0.184894	0.049088	-0.086118	0.093538	0.156198	0.227274	-0.045927	-0.152270	-0.007856	0.340596	-0.356907	0.111263	-0.151662	-0.113278	-0.287527	0.011516	0.024971	-0.088272	-0.034650	0.107798	0.007382	-0.084413	-0.104109	0.003056	-0.059171	-0.284584	0.151767	0.031146	0.041116	-0.133405
-0.237280	-0.131167	0.128749	-0.229012	0.025587	0.121968	0.008083	0.130348	0.239863	0.047712	-0.024054	-0.138683	-0.122447	0.100068	-0.033367	0.089218	0.096801	-0.021923	0.196393	0.083712	0.033976	-0.174319	-0.055613	-0.026766	0.186251	0.117043	0.130791	-0.010400	0.159690	0.069723	-0.306399	0.148332	-0.165453	-0.135446	-0.223859	0.259333	0.090209	-0.004110	0.093052	-0.029635	-0.212966	-0.059556	0.039583	0.108953	-0.202247	-0.150687	0.029751	0.207580	0.177887	0.161890
-0.099896	-0.015069	0.013637	0.321701	-0.272653	0.061024	-0.008497	0.006070	0.031159	0.123201	0.151800	-0.089048	-0.006428	0.137661	0.152472	0.042147	-0.050187	0.021822	0.047384	-0.012999	0.351770	0.044921	-0.046601	-0.056825	0.266422	-0.087234	0.041504	-0.051794	-0.135410	-0.025688	-0.093859	0.129456	0.292597	0.056225	-0.062641	0.270654	0.010430	-0.001915	0.086963	-0.072281	0.043322	-0.340730	0.099611	0.134158	-0.102593	-0.133813	-0.030538	0.148565	0.240089	-0.137301
-0.091512	0.021956	0.205261	-0.008230	0.122995	0.080702	0.121641	0.450858	-0.163749	0.074495	0.080913	0.041120	-0.040743	0.190526	0.013537	0.084721	0.256843	-0.108452	0.138159	0.060022	0.108354	0.111149	0.111595	0.066111	0.207861	0.048950	0.016151	-0.102536	-0.126743	0.179940	-0.096978	0.102661	0.063390	-0.044712	-0.119687	0.169950	-0.071046	-0.107814	0.290143	-0.209497	-0.052030	-0.239595	0.193091	0.132206	0.087402	-0.030343	0.131513	0.069081	-0.054243	0.121632
-0.275131	0.059122	0.238140	-0.038807	0.113960	-0.180511	0.041870	-0.082315	0.172145	-0.297372	0.028039	-0.132723	0.137480	-0.032226	0.077912	0.091649	0.072754	-0.023515	-0.133761	0.207639	0.108509	0.057246	-0.309537	-0.148148	0.198346	-0.004978	0.057787	-0.227046	-0.175588	0.097090	-0.124868	0.107299	0.074178	-0.200734	-0.076399	0.093579	0.098379	-0.223126	0.194630	0.042081	0.061605	-0.122112	-0.146843	0.039492	-0.064132	-0.164469	0.071285	0.019891	0.150423	-0.125430
-0.398432	-0.296984	0.254760	0.002886	0.118666	-0.193495	0.038394	0.054871	-0.315526	0.190535	0.008820	0.068782	-0.083722	-0.122860	0.036467	-0.004617	-0.011766	-0.044684	-0.003406	0.011744	0.009784	-0.075391	-0.089777	0.057636	0.217745	0.201160	-0.063802	-0.132328	-0.033259	0.144436	-0.094769	0.127596	-0.034605	-0.132874	-0.270496	0.090501	0.028285	-0.050921	-0.042970	0.049826	0.125447	-0.222896	-0.187642	0.131655	-0.067939	0.178112	-0.021407	0.096444	0.120668	0.072936
-0.254432	-0.141707	0.163964	0.066597	0.013036	0.010546	-0.173423	0.195769	0.006007	0.240983	0.016205	0.072227	-0.018800	0.192097	0.044288	0.174755	0.091283	0.089820	0.038610	0.332193	0.265568	-0.168011	0.043762	-0.117252	-0.081514	0.020578	0.074572	-0.185139	0.112675	0.103486	0.029633	0.231939	0.120358	-0.089421	-0.231206	0.070297	-0.018442	-0.137692	0.155522	0.019203	0.114486	-0.274737	0.043300	0.028638	-0.014672	0.023051	0.270468	-0.007140	-0.043273	0.149508
-0.325832	-0.224053	0.077226	-0.032582	-0.088264	0.072776	0.105084	0.142223	0.046675	-0.040491	0.109120	0.025926	0.107209	0.155513	0.093323	-0.008326	0.269901	-0.069942	0.102364	0.281206	0.029383	0.000882	-0.009015	-0.014232	0.311333	0.044339	0.174248	-0.034711	0.052591	-0.025481	0.065464	0.047241	0.034983	-0.137085	-0.184799	0.141363	-0.257025	-0.151197	0.195670	0.138506	-0.018532	-0.101001	0.166283	0.320198	0.030087	0.123567	0.055640	0.156906	0.015801	-0.130988
0.069852	0.076032	0.189027	0.051750	-0.133520	-0.232655	-0.218873	0.281582	0.053808	-0.026561	0.325743	0.036313	-0.120365	0.010283	0.070702	0.181584	0.156211	0.067954	-0.106790	-0.061276	0.080521	0.069653	-0.007548	-0.132335	0.248668	0.027816	0.053616	-0.136751	-0.158835	0.311677	-0.077544	-0.060646	-0.075133	-0.327251	-0.192383	0.088808	0.017633	-0.160386	-0.004904	0.001369	-0.150760	-0.165863	-0.059606	0.024273	-0.134677	0.181228	0.070487	0.029765	0.016132	-0.060687
-0.020072	-0.042794	0.163037	0.143249	0.058884	0.016757	0.168675	-0.009345	0.263358	0.131861	-0.095741	-0.041547	0.114846	0.237399	-0.020581	-0.011613	0.230341	0.084571	0.029009	0.018794	0.065956	-0.252898	-0.175226	-0.116923	0.121709	0.091669	-0.043200	0.118532	0.046419	0.212297	-0.148617	0.024831	0.261198	-0.087187	-0.254882	-0.053336	-0.147338	-0.240127	0.021781	0.021550	0.118776	-0.207459	0.100228	0.138864	-0.219654	-0.098753	0.025557	0.039758	0.046758	-0.307647
0.039022	-0.288135	0.231073	-0.075069	-0.008491	0.077403	0.036069	0.228173	0.379811	0.061648	0.073143	0.132098	-0.174253	0.001221	0.129396	0.167709	-0.077589	0.076649	0.047353	0.121261	0.077170	0.166528	-0.002964	-0.078557	-0.043912	-0.002410	0.138362	0.146315	-0.110664	0.118179	-0.207116	-0.114653	-0.019541	0.099242	-0.233269	0.081278	-0.015821	-0.129652	0.253020	-0.064353	0.198800	-0.197813	-0.071112	0.066631	-0.252421	-0.009227	0.130771	0.133440	-0.041048	-0.111550
-0.141574	-0.108809	0.257637	-0.019443	-0.041251	-0.053808	-0.022515	0.256518	-0.254773	0.090117	0.082569	0.014004	0.161307	-0.144439	-0.017828	-0.008501	0.211348	0.148746	0.177990	0.180245	0.050757	-0.276247	0.107187	0.070414	0.319869	-0.178845	0.110048	-0.115904	-0.131436	0.194870	-0.043698	0.042282	-0.076552	-0.138965	-0.252524	0.126361	0.088360	-0.027185	0.054485	0.137323	0.189169	-0.071647	-0.025982	0.097759	-0.167724	-0.110063	0.065901	-0.103774	0.041783	0.120485
-0.043557	-0.114385	0.249275	-0.059603	-0.124049	0.002852	0.057566	0.236456	-0.127933	0.204420	0.022153	0.005490	0.197324	-0.216100	0.038312	0.179788	0.198055	-0.063492	0.094438	0.218206	-0.077707	-0.040375	-0.026083	-0.054466	0.099336	0.180019	0.186299	0.094560	-0.050082	0.103769	-0.025008	0.039286	0.081253	-0.092829	-0.290826	0.262204	-0.209644	-0.202328	0.120632	-0.109343	0.124528	-0.335208	-0.042882	0.041824	-0.120870	-0.014520	-0.021365	0.020064	0.144771	0.078025
-0.055046	-0.151901	0.000322	0.310997	-0.044879	0.038128	-0.005059	0.067522	0.116112	0.145225	0.007901	0.041576	0.267079	0.110600	0.049130	-0.067567	0.026567	0.034355	-0.032096	-0.198482	0.225228	-0.061082	-0.237081	-0.102847	0.086362	0.238276	0.144443	0.025539	-0.030944	0.189420	-0.153003	-0.074344	0.169665	-0.013013	-0.063721	0.042582	0.000434	0.049275	-0.124175	-0.079497	-0.078362	-0.142097	-0.114800	0.281865	-0.272400	-0.029881	0.278152	0.144061	0.221707	0.163746
0.047591	-0.004621	-0.073996	-0.004964	-0.037472	-0.178432	0.178430	0.115180	0.072168	-0.126487	-0.126610	0.100606	-0.010657	0.043620	-0.113605	0.185827	0.058071	-0.123681	-0.011994	-0.141606	0.079043	-0.126345	0.187856	-0.137521	0.055960	-0.054869	-0.088364	-0.174562	0.082998	0.270376	-0.159474	-0.121449	0.069509	-0.202712	-0.205383	0.193122	0.244636	0.035945	0.054539	-0.147133	0.232249	-0.272237	-0.128125	0.239207	-0.246720	0.113825	0.209556	0.056867	-0.049453	-0.030146
0.027438	-0.052384	-0.183684	0.208723	0.040718	-0.134731	0.052380	0.226372	0.146760	0.117539	-0.023940	0.249076	0.134067	0.196343	-0.053356	0.141258	0.117344	0.267012	-0.130814	-0.123202	0.014616	-0.263302	0.053758	-0.169334	0.188038	0.103735	0.055104	-0.228216	0.065630	-0.012946	-0.363361	-0.048087	-0.020096	0.064590	-0.142333	0.087013	-0.084139	-0.088072	0.010690	0.094708	0.082431	-0.228829	-0.084679	0.066206	-0.159042	-0.121014	0.096607	0.054863	0.104218	-0.139321
-0.136236	-0.046089	0.192731	0.061141	0.048838	-0.305419	-0.042169	0.042505	0.085644	0.190078	0.119335	-0.084101	0.129984	0.107805	0.142050	0.138974	-0.060973	0.142832	0.131839	-0.181312	-0.042390	-0.334609	0.063301	-0.121062	0.188169	0.120067	0.243138	0.107250	0.091081	0.116575	0.023383	0.022819	0.159892	-0.118462	-0.000927	-0.026773	0.030400	-0.093829	0.046441	0.227902	0.013145	-0.291739	-0.054322	-0.008837	-0.290777	-0.123902	0.086383	0.166106	0.152899	-0.073569
-0.229578	-0.063145	0.061867	0.068372	0.039589	0.015385	0.164171	0.213886	0.121882	-0.131159	0.010490	-0.056463	0.131285	-0.155815	-0.005468	0.019435	0.002419	0.088609	0.063172	0.200131	0.073802	-0.065660	-0.036007	0.128233	0.294427	-0.050784	-0.097310	-0.096010	-0.171294	-0.044656	-0.211319	0.141565	-0.082626	-0.081153	-0.289021	0.144488	-0.065246	-0.099794	0.172562	0.073891	0.279020	-0.256377	0.304316	0.162026	-0.020265	0.071956	0.097138	-0.100390	0.061507	-0.202569
-0.064109	-0.169371	0.189291	0.158222	0.056788	0.023620	0.084844	0.261150	-0.022935	-0.148582	-0.062353	-0.061266	0.138616	0.123724	-0.001200	-0.038357	0.123577	0.052978	-0.238091	0.032240	0.060747	0.017355	0.074412	-0.082685	0.168782	0.000605	0.277036	0.016123	-0.126954	0.137832	-0.302761	0.098721	-0.193362	-0.018227	-0.363208	-0.133420	0.042447	-0.166812	-0.016616	0.174111	0.040249	-0.112304	-0.045095	0.014815	-0.276567	-0.080753	0.055157	0.210043	-0.001763	-0.180019
0.102618	0.020720	0.096506	-0.008329	-0.104359	-0.020922	0.121782	0.206785	0.232512	0.072119	0.014503	0.045514	-0.106155	0.101781	0.078322	0.119376	0.110500	0.170191	0.077555	0.004128	0.036106	0.010945	0.093150	0.077404	0.198652	0.296817	-0.034898	-0.079267	0.112985	-0.037731	-0.129111	0.068228	-0.016040	-0.101271	-0.205485	0.328838	-0.235034	-0.188312	0.205257	0.122292	0.093552	-0.105883	-0.168041	0.214230	-0.198877	0.007895	0.054203	0.078116	0.060368	-0.343873
-0.038135	-0.017751	0.070709	-0.086375	0.153389	0.015406	-0.291903	0.097773	0.195527	0.198314	0.170892	0.074575	0.147177	0.229151	0.234447	0.063318	0.052916	0.065642	-0.166620	0.203648	0.111702	-0.234858	-0.182607	-0.057005	0.251241	0.026155	-0.032175	-0.092260	-0.184723	0.099809	0.041620	0.112772	-0.078991	-0.148058	-0.225165	0.141557	0.073595	-0.071537	-0.032535	0.003394	-0.057574	-0.305045	-0.034039	0.161921	-0.036584	0.023945	0.102185	0.101046	0.218031	0.070412
0.039187	-0.185253	0.244343	-0.334494	-0.070306	-0.006232	0.060150	0.188331	0.125441	0.235873	-0.091097	-0.115287	0.102679	-0.135855	0.025040	0.207200	0.084180	-0.019884	0.053893	0.045738	0.107066	-0.153477	-0.167087	0.080386	0.152314	0.088294	0.233324	-0.040636	0.126039	0.190077	0.061444	-0.022372	0.071849	-0.198202	-0.195784	0.205082	-0.081121	0.183669	-0.069290	-0.070846	0.137972	-0.128476	-0.036435	-0.050204	-0.202474	0.165059	0.154924	0.208633	0.012037	-0.086240
-0.090886	0.009973	0.058924	0.013251	-0.008553	-0.070941	0.135512	-0.084274	-0.012008	-0.068654	0.142276	-0.092324	0.102442	0.274285	0.036267	0.317890	0.140354	-0.106983	0.034195	-0.018545	0.253258	-0.118175	-0.228517	-0.079541	0.292802	0.190278	-0.216044	-0.029561	-0.098041	-0.120348	-0.348528	0.010608	-0.073553	-0.067196	-0.026606	0.171594	-0.046830	0.024284	0.068798	0.181097	-0.053082	-0.044153	0.055941	0.152665	-0.224812	0.126114	-0.007765	0.167247	0.024503	-0.211076
0.108234	-0.076939	0.053236	-0.091152	0.107798	-0.049949	0.170479	0.072745	0.163333	-0.102041	0.074023	-0.189669	0.003224	0.009778	-0.090976	0.091621	0.025013	0.009559	-0.002996	-0.071504	0.081494	0.304204	-0.145578	-0.033295	0.210658	0.142708	0.043100	-0.199989	-0.037121	0.323328	-0.204985	0.023702	0.208335	0.204327	-0.218637	0.053835	-0.015842	-0.002572	0.281282	0.026256	-0.087974	-0.052789	-0.106635	0.092250	-0.232122	0.022403	0.202017	0.191242	-0.164693	-0.199495
-0.191638	-0.153240	0.109406	0.192232	-0.169228	0.038354	0.155521	0.309014	0.091338	-0.027800	0.076537	-0.215626	0.030017	0.143617	-0.144800	0.150836	-0.054771	0.128940	0.239027	-0.021958	0.048276	-0.040153	0.028668	0.022361	0.022414	0.043339	0.045006	0.054331	0.022104	0.248105	-0.001026	0.061328	-0.136565	-0.022225	-0.213197	-0.009910	-0.163308	-0.120941	0.137516	0.033222	0.071449	-0.322816	0.143882	-0.101850	-0.324297	-0.019979	0.010413	0.034500	0.111183	-0.270323
0.117718	-0.107375	0.095211	0.065185	-0.014862	-0.138369	0.026248	-0.029734	-0.099130	0.176883	0.045470	-0.069105	0.012680	-0.175892	0.089814	0.342854	0.095150	0.133164	0.145762	-0.166421	-0.100231	-0.114939	0.012280	0.071679	0.332919	-0.129704	-0.065641	-0.264624	0.152246	0.170483	-0.316487	0.152198	-0.071527	-0.097565	-0.024010	0.098446	0.053136	-0.065748	0.177089	-0.009534	0.020205	-0.260918	-0.157064	0.273531	-0.043589	0.047966	0.109621	-0.058292	0.004878	-0.052277
-0.125024	-0.133957	0.057909	-0.159286	0.038276	-0.056554	0.024841	-0.055004	0.154877	-0.033944	0.057939	0.044570	0.007232	0.278836	0.158508	0.021331	0.029817	0.109140	0.076401	-0.066603	0.256084	-0.156884	0.124075	0.158201	0.193309	0.231093	0.008015	-0.088684	0.052121	0.167164	-0.000139	-0.002977	0.013767	-0.054579	-0.076340	0.085514	0.155474	-0.108675	0.273295	0.215030	0.015323	-0.197284	0.011256	0.350468	-0.055902	-0.035690	-0.183047	0.142523	0.257101	-0.229832
-0.090035	-0.131857	-0.038884	-0.150661	0.078644	-0.043869	0.044424	0.063193	0.192534	-0.004246	-0.023291	0.037960	0.256553	0.108150	-0.225518	0.087633	0.232887	0.000133	-0.021531	0.106953	0.154448	-0.168461	-0.023655	-0.193913	0.204342	0.177162	-0.079105	0.052355	0.136478	0.229836	-0.066794	-0.061185	-0.016246	-0.078468	-0.401303	-0.180604	0.014286	0.121951	0.026535	0.139984	0.016269	-0.196615	-0.169151	0.197355	-0.145336	-0.088715	0.167788	0.135037	0.158139	-0.020854
-0.244146	-0.211590	0.134428	0.111201	-0.099356	0.089304	-0.035628	0.112834	0.044245	0.108618	0.024332	-0.058223	0.090033	-0.033595	-0.030975	-0.075051	0.078895	0.032867	0.033093	0.102373	0.120788	0.011870	-0.015761	-0.091044	0.188867	-0.076425	-0.024016	-0.004868	0.009557	0.271807	-0.334483	0.236103	0.013815	0.077634	-0.154302	0.342344	-0.065266	-0.272534	0.225466	0.023427	0.061029	-0.026866	0.127151	0.313619	-0.206878	-0.028436	0.070059	0.034118	0.156609	0.059992
-0.006832	-0.068869	0.201323	0.141186	0.081771	0.025716	-0.086236	0.108273	0.062703	-0.059587	0.228580	-0.058587	0.107836	0.066110	0.075588	0.309112	0.142302	-0.106819	-0.112748	-0.087711	0.405432	0.213531	0.156093	-0.141851	0.428627	0.029873	-0.030302	0.159414	0.072241	0.253534	0.020535	0.042378	0.083894	-0.148943	-0.021844	-0.022381	0.060214	0.062060	-0.040859	0.054136	0.185697	-0.141907	0.029601	0.059359	-0.040054	-0.056829	0.067661	0.128579	-0.106383	0.008290
-0.078163	-0.052449	0.013138	0.038362	0.026781	-0.301646	0.080275	-0.038681	0.082319	0.075277	0.051122	-0.240692	-0.116081	0.251885	0.117909	0.017089	-0.044710	0.029629	-0.098540	-0.022663	0.291800	0.110834	-0.129522	-0.102442	0.285614	-0.098335	0.203547	-0.311876	-0.067139	0.196555	-0.137409	0.143221	-0.066347	0.065337	0.022547	0.124962	-0.278158	-0.041863	0.034783	-0.078505	0.014343	-0.187038	-0.107926	0.229026	-0.088271	-0.116499	0.073359	0.192000	-0.007987	0.034739
-0.170686	-0.166136	0.095736	0.169141	-0.194415	0.064623	0.108454	0.255686	-0.081713	0.083280	-0.061065	0.079684	0.067694	-0.237583	0.001386	0.086747	0.125779	-0.034446	-0.145938	0.246614	0.118327	-0.031397	-0.037087	-0.132274	0.056461	0.230932	0.011672	-0.078904	-0.079754	0.102757	-0.115496	0.205745	0.020697	0.051595	-0.222851	0.203093	-0.076026	-0.258610	0.269794	0.012804	0.028098	-0.094081	0.041661	0.198198	-0.231709	0.234331	0.150505	0.063185	0.012872	0.001806
-0.257308	0.083902	0.200213	0.117388	0.113802	-0.168575	-0.035089	-0.016544	0.166579	0.034405	0.166267	-0.133843	0.142106	-0.016913	-0.086562	0.078382	-0.035257	-0.158829	0.044822	-0.071500	0.043987	-0.043345	-0.189278	0.058809	0.142894	0.242686	-0.000349	-0.108021	0.155995	0.196990	-0.226104	0.110765	0.039773	-0.158572	-0.302679	0.081743	-0.061856	-0.205583	0.174618	0.029524	0.071327	0.096835	0.045606	0.033205	-0.186812	-0.060551	0.301424	-0.003890	-0.167529	-0.222657
0.133855	0.003853	0.131111	-0.194466	0.038090	-0.132968	-0.078414	0.040314	-0.040185	-0.083833	-0.016478	-0.224751	0.073101	-0.005303	0.142812	0.012141	0.072511	-0.113187	0.197868	0.044343	0.089147	-0.030344	-0.001281	-0.092287	0.043861	0.118762	-0.052166	-0.146879	0.258753	0.072180	-0.150857	0.115940	0.063054	-0.020398	-0.348836	0.085320	-0.010921	-0.255268	0.106024	0.290197	0.260438	-0.188831	-0.095565	0.184588	-0.280200	-0.016616	0.114553	0.204720	-0.055184	-0.109102
0.034258	-0.059255	-0.054974	-0.110462	0.068914	-0.194326	0.090615	0.168771	0.246816	0.161067	0.115774	0.032812	0.118763	0.281297	-0.115770	-0.089490	0.105381	0.206055	0.045932	-0.087720	0.084906	0.047142	-0.006207	0.182008	0.208840	0.181940	0.088212	-0.015903	-0.115542	0.207020	-0.133561	0.270653	0.099580	-0.066345	-0.273987	-0.205457	0.100723	-0.145617	0.044848	0.034465	-0.082077	-0.269159	0.179524	0.038586	-0.229772	-0.118673	-0.024382	0.004018	0.018622	-0.000410
-0.081393	-0.126084	0.062546	0.070900	0.059710	-0.118198	-0.100530	-0.005017	0.111514	0.142855	-0.067350	0.071282	0.279106	0.139800	0.220855	0.224036	0.146962	0.074568	0.045783	-0.034184	0.223253	-0.066767	-0.172593	0.197054	0.356892	0.150319	-0.046822	-0.058739	0.017912	0.041516	-0.172202	-0.007166	-0.114826	-0.070128	-0.051202	0.013656	-0.108587	-0.173765	0.180988	0.211949	0.071282	0.008740	0.221874	0.013871	-0.141845	-0.236993	0.070890	0.257078	0.132664	0.033824
-0.002145	-0.228251	0.313906	-0.038442	-0.059044	-0.065835	0.006301	0.215686	0.057381	0.184570	-0.247947	0.049044	0.068140	0.004474	-0.175365	0.165088	-0.091972	0.082637	0.008438	-0.038423	0.011700	-0.065738	0.087456	-0.072480	0.010037	0.040684	0.105283	0.048167	0.033594	0.186772	-0.263800	0.259723	-0.053399	-0.227508	-0.071692	-0.030278	0.021856	-0.227949	0.151019	-0.044783	0.151222	-0.107408	0.214603	0.146840	-0.241981	0.024097	0.137425	0.184402	-0.002183	-0.234958
-0.218506	-0.172668	-0.040149	0.063518	-0.079904	-0.015632	-0.098456	0.291846	-0.141881	0.162335	0.102137	-0.128344	0.150771	-0.071551	0.202094	-0.044959	0.191429	0.159046	-0.049695	0.041107	-0.091260	0.017432	0.000280	0.143532	0.138732	0.018936	0.054213	-0.116670	-0.037743	0.176871	-0.035132	0.044172	-0.043991	-0.101401	-0.218646	0.002945	-0.168044	-0.148711	0.024522	0.069406	0.094421	-0.410592	0.163726	0.212443	-0.295606	-0.150601	0.050182	0.053490	0.099839	0.114707
0.025310	-0.095112	0.150222	-0.007081	0.116440	0.085860	0.056334	0.092826	0.099993	0.037342	0.120741	0.020087	0.062093	0.004327	-0.153896	0.199916	-0.053442	-0.006736	0.054136	-0.293921	0.060588	0.099947	-0.176709	0.218219	0.134163	0.168623	0.010968	-0.176790	0.027418	-0.054989	-0.096892	0.154273	-0.117333	-0.106307	-0.242070	0.093475	-0.064220	-0.276723	0.084966	0.192894	-0.037886	-0.311144	-0.021782	0.155039	-0.373140	0.036109	-0.036367	0.036731	-0.036615	-0.238197
-0.013651	-0.076826	0.305686	0.083977	-0.189113	-0.110596	0.092214	0.247844	0.137610	0.187721	0.230414	0.038470	0.068684	-0.108485	0.020601	-0.102503	-0.031615	-0.106052	-0.124074	0.052290	0.144995	0.010603	-0.159427	-0.077757	0.327974	0.157169	-0.186753	-0.209364	-0.030109	0.072997	-0.092708	-0.027606	0.098130	-0.047860	-0.311318	0.073355	-0.100174	-0.010886	0.150156	-0.048244	0.162723	-0.080643	0.109397	0.220517	-0.169918	0.048277	0.096288	0.157512	-0.123081	-0.080762
-0.133426	-0.220094	0.036030	-0.057291	0.079898	-0.135760	0.021432	0.267321	0.136952	-0.026564	0.074252	-0.034325	0.019857	0.087984	-0.075817	0.162922	0.042882	-0.104086	0.147653	0.087027	0.066828	0.163228	-0.094802	-0.173263	-0.104529	0.169327	0.029894	0.140280	-0.144386	0.254363	-0.225201	0.119482	-0.012419	-0.039079	-0.399461	0.078326	0.042053	0.043514	0.007270	0.089455	0.032837	-0.011420	-0.001542	0.217320	-0.114829	0.030920	0.155105	0.347313	0.231586	-0.054657
-0.073793	0.082345	0.289882	-0.080188	0.088636	0.039316	0.127661	0.163277	0.199715	-0.066627	0.056472	0.006525	-0.076285	0.086118	-0.048051	0.104978	0.251228	-0.042418	0.268444	0.021943	-0.026367	-0.151855	0.188766	-0.029223	0.086502	-0.046363	0.136177	-0.099136	0.009511	0.191868	-0.105283	0.119652	0.000785	-0.165573	-0.231989	0.013945	-0.177803	-0.088341	0.110582	-0.115969	0.056030	-0.177582	0.060139	0.246356	-0.167564	0.045399	0.384441	0.210782	0.067524	-0.019845
-0.149012	-0.107165	-0.041036	-0.173046	0.149194	-0.233267	0.047395	0.291780	0.124436	0.145937	0.030981	0.092722	0.049792	0.137317	0.120788	-0.034748	0.206637	-0.027496	0.121166	0.054129	0.177556	0.133967	0.101578	0.098450	0.215651	0.215432	0.226958	-0.103727	0.016652	-0.052892	-0.078048	0.117116	0.065922	0.060645	-0.207778	0.090423	-0.250736	-0.016780	0.071188	-0.039572	-0.005591	-0.256527	0.027946	-0.151606	-0.157944	-0.156056	0.260658	0.072226	0.131014	0.141979
-0.104407	-0.153186	0.067852	-0.014919	-0.131769	-0.130245	-0.000703	0.241940	-0.002947	-0.019504	-0.086306	-0.056867	0.081285	-0.031912	0.009465	0.105777	0.259516	0.237780	0.179098	0.109678	0.348070	0.105421	0.113049	0.178740	0.184576	0.088338	0.015415	-0.014052	-0.208715	-0.074835	-0.116893	-0.128365	0.051812	-0.042753	-0.103879	0.109742	0.157691	-0.003741	0.065539	0.129516	0.087020	-0.048874	-0.110194	0.148077	-0.278662	0.072893	0.281498	0.248531	0.163281	-0.058388
-0.098946	0.034639	-0.048465	0.071360	-0.224553	-0.021867	0.017288	0.118576	-0.092005	0.047477	0.004111	0.025865	0.165107	0.025783	0.108447	-0.056014	0.050874	0.044839	-0.029944	-0.113073	0.078795	-0.056924	-0.173933	0.112198	0.151125	0.035064	-0.062540	-0.153260	0.105175	0.250476	-0.179292	0.159765	0.257697	0.088903	-0.205290	0.350889	-0.237305	-0.011499	0.060029	0.128114	0.290814	-0.232394	0.068931	0.161058	-0.227798	-0.079278	0.159438	0.144362	-0.132720	-0.034710
-0.073489	0.065427	0.043757	-0.058973	-0.033304	-0.107530	-0.082382	0.108937	0.134505	0.158078	0.055661	0.150860	0.084270	0.144369	0.025077	-0.020875	-0.081959	0.204933	0.240493	-0.012397	0.214580	-0.028128	-0.022273	-0.021312	0.293781	0.069190	-0.096377	-0.062104	0.053724	0.200108	-0.133378	0.205421	0.156823	-0.093426	-0.085154	0.154726	-0.217055	-0.223038	0.079970	0.171997	0.197439	-0.273601	0.139418	0.085581	-0.252689	0.107753	0.229262	0.009624	0.054655	-0.157963
-0.049583	-0.083395	0.293256	-0.020234	-0.021008	-0.101900	0.112744	0.293911	0.208429	0.094170	0.252607	-0.060047	0.054456	0.246199	0.034469	-0.034560	0.211144	0.064514	-0.007522	0.026186	0.132515	-0.324946	0.104521	0.082329	0.040786	0.083315	0.086023	0.076471	-0.036727	0.127161	-0.091041	0.065558	-0.083051	-0.102077	-0.209250	-0.100286	-0.104158	-0.012528	0.114730	0.265786	0.026714	-0.117249	0.056265	0.006484	-0.340349	-0.132622	0.172670	-0.024613	0.136994	-0.004402
-0.026271	-0.120402	0.122993	-0.022564	0.065475	-0.068370	-0.002489	0.163650	0.155773	0.092658	0.135922	-0.310982	0.100401	0.086695	0.244395	0.182908	0.141394	-0.015824	-0.074459	-0.078494	0.169874	0.119155	-0.093933	-0.063476	-0.133522	-0.014335	0.096329	-0.079701	-0.182113	-0.096186	-0.150411	0.182321	-0.067819	-0.030412	-0.315971	0.270620	-0.086982	-0.203235	0.270748	-0.046363	0.249292	-0.068017	-0.030439	0.226303	0.079835	0.019589	0.061256	0.059073	0.114538	0.076527
-0.115350	-0.174817	0.058547	-0.081793	0.111680	-0.085355	-0.067863	0.272828	0.217590	-0.144853	0.063235	-0.098583	-0.006660	0.019724	0.101616	-0.222787	0.156145	0.202745	0.013935	-0.091540	-0.032623	0.061503	0.045773	0.045412	0.246267	0.127196	0.254467	-0.075456	-0.107016	0.069230	-0.002326	0.026458	-0.020973	-0.157204	-0.437034	0.058086	-0.049092	-0.064306	0.133539	0.193298	0.142553	-0.222291	0.053577	0.180512	-0.193050	0.018768	0.030006	0.153730	0.030500	0.089150
0.122013	-0.137038	0.278332	-0.066975	0.007391	-0.000625	-0.163181	-0.125023	0.039402	0.047182	0.100072	0.247721	0.069563	-0.121633	-0.016150	0.123499	0.066867	-0.130222	0.087966	0.266759	0.046869	-0.052493	-0.056995	-0.034996	0.230656	0.072349	0.057540	-0.223382	-0.116517	0.017892	-0.217824	0.037867	-0.047220	-0.130502	-0.151476	0.024854	0.124636	-0.162369	0.074337	-0.112266	0.072153	-0.103258	0.173127	0.184258	-0.381639	-0.178514	0.148842	0.231004	-0.088896	0.063278
-0.040908	-0.017944	0.068287	-0.087377	0.004058	-0.006444	0.156464	0.361295	-0.115065	0.169942	-0.156022	0.181254	0.185060	-0.102566	-0.026105	0.154792	0.173781	-0.020708	0.203576	0.154882	0.032121	0.063157	0.037156	-0.032813	0.152791	0.093540	0.142035	-0.138483	-0.227288	0.213366	-0.137757	0.151105	-0.103422	-0.181630	-0.189082	0.217210	-0.030555	0.136998	0.258837	-0.231681	0.025817	-0.103642	0.010608	0.204224	-0.110999	0.010322	0.019867	0.017035	-0.059330	0.105244
-0.039032	-0.036724	0.170386	-0.163614	-0.058919	-0.107312	0.115591	0.248299	0.147538	-0.038138	0.140729	-0.025864	0.023416	0.134596	0.042734	-0.019175	0.013079	0.357455	0.098518	-0.073993	0.093922	-0.023586	0.051006	-0.023138	0.150583	0.131682	0.006994	-0.170258	-0.194417	0.165026	-0.102706	0.014998	0.421087	-0.031936	-0.202071	0.269993	0.034972	-0.076961	0.295753	-0.049064	0.115909	-0.229195	0.020330	0.040168	0.093188	0.093418	0.012655	0.081007	0.006042	-0.070896
-0.098857	0.113525	0.288096	-0.127890	-0.060951	-0.173032	-0.195708	0.040476	0.156957	-0.043452	0.189151	0.228379	0.186116	0.102203	0.061041	-0.063035	0.190838	0.056760	0.073194	-0.062509	0.071029	-0.011363	-0.134456	-0.021387	0.129334	0.062095	-0.091710	-0.222246	-0.114992	0.298786	-0.041970	0.091404	0.004221	-0.065310	-0.275585	0.203236	0.045354	0.180816	0.018579	-0.011174	0.112048	-0.163606	0.071827	0.032784	-0.242354	-0.073907	-0.083614	0.184319	0.167032	-0.195341
0.047256	-0.250277	0.213350	0.125413	-0.144949	-0.091897	0.121380	0.117916	0.043631	0.044858	0.065154	-0.150545	0.274945	0.068227	0.072577	0.254416	0.149752	-0.045963	0.075761	0.143566	0.038595	-0.035420	-0.135293	0.142721	0.085484	0.171060	-0.187677	-0.225409	0.046522	0.028319	-0.120422	0.057247	0.026966	-0.045132	-0.221946	-0.053586	0.099025	-0.071571	0.153039	0.102440	0.206232	-0.201974	-0.056235	0.133984	-0.093747	-0.055818	0.304296	0.262473	-0.114419	-0.066362
-0.085675	-0.138300	0.037801	-0.071773	0.031479	-0.013814	-0.032330	0.271610	-0.017883	-0.030044	0.132624	0.009845	0.161488	-0.152658	0.163647	0.178291	0.036560	0.032688	0.097623	-0.158288	0.039762	0.012969	0.008163	0.041164	-0.097246	0.023490	0.152547	-0.149769	0.024770	0.230274	-0.274171	-0.088059	0.165431	-0.064460	-0.100924	0.047406	0.111871	0.068622	0.306784	0.111747	0.186554	-0.404114	0.091071	0.171355	-0.085064	-0.073356	-0.096128	0.178067	0.187006	-0.198073
-0.110942	-0.161885	0.136414	0.011921	0.016212	0.042177	0.213320	0.198727	0.189732	0.325829	-0.081054	-0.153545	0.098149	0.120509	0.150904	0.055371	0.312465	0.037824	0.075581	0.042559	0.023406	-0.094564	0.113092	-0.085076	-0.008077	0.167123	-0.132992	-0.288462	-0.138644	0.139356	-0.050689	-0.053591	-0.003805	-0.116213	-0.119683	0.197788	0.032794	-0.186054	0.176329	-0.152641	-0.093696	-0.300313	0.106020	0.078719	-0.152558	0.065429	0.051319	0.088450	0.051990	0.100718
-0.040183	0.120206	0.233980	-0.043691	-0.012554	-0.043930	0.063841	0.316985	0.184554	0.078942	0.045529	-0.057960	-0.009823	0.101804	-0.041020	0.072548	0.197134	-0.058223	0.161008	0.015447	0.029566	-0.063003	0.124498	0.021294	-0.026060	0.081269	0.128796	-0.154216	-0.260522	0.241384	-0.125717	0.134068	0.088980	-0.050238	-0.139056	0.095278	-0.161826	-0.149175	0.122626	-0.040408	-0.018898	-0.189622	0.054997	0.278795	-0.170413	0.025685	0.421972	0.177697	0.007565	-0.017315
-0.062523	-0.016633	0.078790	-0.020163	-0.313924	-0.194095	-0.057280	0.307044	0.220533	0.200474	0.127503	-0.159444	-0.063280	0.090333	0.087206	-0.018703	0.158586	-0.176779	-0.024459	0.001653	0.056421	-0.077237	-0.079937	-0.112907	0.193384	0.253114	0.140726	-0.043149	0.110062	-0.001855	-0.089681	-0.025164	0.018091	-0.237887	-0.072176	0.124086	0.024249	0.018339	0.208076	0.154927	-0.101123	-0.148897	0.088599	0.154540	-0.173174	0.235407	0.184305	-0.068523	0.200410	-0.038455
-0.043451	-0.060315	0.235684	0.151687	0.039515	-0.165925	-0.044271	0.037736	0.076834	-0.133977	0.183270	-0.216831	0.132907	0.175169	-0.119213	0.051433	0.131298	-0.021679	0.043247	-0.066545	0.231924	0.008206	-0.013510	0.036712	0.240963	0.026808	-0.066023	0.131423	-0.078204	0.138819	-0.421415	0.159334	-0.070702	-0.186047	-0.129471	0.060326	0.114144	0.025431	0.380598	-0.084490	-0.115711	-0.124759	0.047101	-0.008253	-0.074451	0.023724	0.220633	-0.093986	0.012519	-0.070072
-0.169431	-0.297546	0.002008	-0.127380	0.022888	-0.018037	0.136684	0.083699	-0.054628	0.190131	-0.073946	-0.080870	-0.070428	-0.133039	0.015554	0.266019	0.155514	0.142931	0.043869	0.023309	0.007332	-0.132406	-0.153897	0.109941	0.287776	0.207796	0.032572	0.165062	0.020611	0.033628	-0.122548	0.009701	0.073689	0.057643	-0.397778	0.197964	-0.124952	-0.227506	0.188902	0.070461	0.173739	-0.216964	0.111814	0.081742	-0.017267	0.047003	-0.000611	0.025787	-0.090245	0.042724
-0.129981	-0.320737	-0.032574	-0.016166	0.183022	0.038417	0.010002	0.358076	0.171514	0.127180	-0.093482	-0.049306	0.142069	0.055083	-0.058787	0.212298	0.140359	0.116735	-0.024947	-0.156811	0.207798	-0.087985	0.026315	0.154229	0.214187	0.005402	0.200462	0.063811	-0.054635	-0.044346	-0.224328	0.111796	0.026885	-0.018940	-0.010808	0.252361	0.022406	0.102227	0.044613	0.272937	-0.058723	-0.184159	0.047190	-0.008791	-0.167333	-0.067325	0.150592	0.115577	0.179778	-0.048584
0.024106	-0.183786	-0.085526	0.142693	0.027530	-0.010209	-0.065709	0.044696	-0.025229	-0.121266	-0.035438	0.094475	0.214433	-0.083830	0.170352	0.208455	0.238262	0.121705	-0.000966	0.090823	0.362710	0.164399	-0.037655	0.060882	0.104827	-0.088439	0.083424	-0.207904	0.077760	0.059332	-0.160382	-0.065416	-0.101060	-0.109863	-0.138824	0.024699	0.185800	-0.203980	0.173263	0.163648	0.277814	-0.300430	-0.106155	0.106787	-0.198959	-0.077287	0.092178	0.017558	-0.004352	-0.089948
-0.085634	0.026520	-0.009598	-0.244083	0.014059	-0.068704	-0.132693	0.068790	0.272051	0.009029	0.110945	-0.027203	0.210145	0.038400	0.137537	0.080010	0.077972	0.072596	0.056266	-0.247573	0.116707	0.047096	0.171503	0.071862	0.263185	0.164010	0.115050	0.061081	0.211278	0.192882	-0.152848	0.037445	0.079189	0.052094	-0.136844	-0.028229	-0.109465	-0.114661	0.146402	0.073798	0.067429	-0.311356	-0.221612	0.037527	-0.333432	-0.005904	0.125865	-0.161103	-0.020362	0.122597
-0.201763	-0.023655	0.165868	0.033111	-0.179762	0.084202	-0.071237	0.245850	-0.038397	0.057914	0.185983	0.068712	0.130744	-0.077893	-0.024756	0.236913	0.310029	-0.059092	0.017595	0.140176	0.199041	-0.076527	0.018799	-0.139888	0.175948	0.143238	0.096548	-0.032502	0.004215	0.005283	-0.105928	0.224960	-0.104570	-0.248574	-0.164983	0.127783	0.011412	0.057883	0.077587	-0.105939	0.270099	-0.275066	-0.163709	0.090961	-0.085131	0.107217	0.124506	0.015986	0.155724	0.114173
-0.107583	-0.013027	0.046269	0.130047	-0.131353	-0.002763	-0.055227	0.344941	0.075650	-0.085450	0.194242	-0.132144	0.056976	-0.085654	0.262895	0.167455	0.138869	-0.032925	0.028504	0.041791	0.036479	0.043888	0.076671	-0.076569	0.045984	0.016408	0.282602	-0.171115	0.060641	-0.003921	-0.282609	0.216144	0.016104	-0.041046	-0.222221	0.154481	0.138157	-0.177639	0.335802	-0.089011	0.228565	-0.053683	-0.107690	0.171660	0.009796	0.041946	0.060603	0.044748	0.147932	-0.045802
-0.131781	-0.052443	0.065892	-0.040277	-0.133565	0.127763	0.122538	0.061621	0.037304	-0.083206	0.051197	0.023548	0.012544	0.051936	0.166695	0.093504	0.295808	-0.067795	0.072046	0.199809	0.102996	-0.063171	-0.070056	0.112711	0.244690	0.088499	0.026762	-0.004438	0.101900	0.147514	-0.127395	0.008222	0.070440	0.042727	-0.222135	0.228226	-0.204070	-0.197438	0.326643	0.073688	0.243097	-0.221221	0.048313	0.278346	0.042159	-0.132739	0.216187	0.074586	-0.072675	-0.134046
-0.089919	0.167806	0.009500	0.051151	-0.087822	-0.032989	0.065364	0.186110	-0.058748	0.060319	0.066805	-0.010529	0.179540	-0.073391	0.174198	-0.065383	0.153126	-0.204708	0.220559	-0.086841	0.084060	0.038509	-0.325989	-0.054698	0.208090	0.106913	0.016795	-0.037137	-0.042664	0.188138	-0.087354	-0.074838	0.175509	-0.078528	-0.367676	0.165546	0.028483	-0.045559	0.229508	-0.078374	0.076835	-0.140622	0.053791	0.258522	-0.238169	-0.019233	0.219666	-0.007051	-0.055334	-0.134588
-0.114577	-0.079433	0.022269	-0.116292	0.044371	0.036050	-0.119395	0.207719	0.033110	0.001699	0.068503	-0.041117	-0.006461	0.170206	-0.075111	-0.017195	0.291349	0.258686	0.088081	-0.054737	0.175566	-0.089904	0.072162	-0.093738	0.149593	0.083491	-0.089964	0.093391	0.080348	0.195464	-0.193056	-0.064453	-0.119405	-0.244495	-0.270337	0.113461	-0.145186	-0.111629	0.048958	0.038855	0.059886	-0.010718	-0.075073	0.325947	-0.241835	-0.014965	0.273369	0.095298	0.098152	-0.224860
0.017880	0.170080	0.106113	-0.056049	0.039108	-0.023291	0.049543	0.213181	0.233181	-0.046118	0.068872	-0.088589	-0.000768	0.118468	-0.038506	0.189229	0.195914	0.165156	-0.080921	-0.004513	0.134320	0.099866	0.178196	-0.125348	0.067475	0.223662	-0.025022	-0.211487	-0.173365	-0.016044	-0.019555	0.087916	0.013197	-0.187551	-0.226579	0.062188	-0.077110	0.019850	0.123280	0.048998	-0.002247	-0.300499	0.015819	0.134446	-0.304983	-0.149133	0.320882	0.165899	0.066397	-0.163164
-0.202357	-0.088260	0.118855	-0.060265	0.002547	-0.104599	0.102496	0.232979	0.005921	-0.047558	0.088918	0.059197	-0.066873	0.101275	0.043201	0.276524	-0.106185	-0.049912	-0.070295	-0.024707	-0.020035	0.189875	0.028073	0.117778	0.288426	0.094796	-0.149035	-0.164436	-0.013406	0.302520	-0.156608	0.062003	0.081226	-0.163306	-0.173478	0.148278	-0.128191	-0.193673	-0.067089	0.046976	-0.194413	-0.235488	-0.010462	0.281725	-0.178806	0.224270	-0.049860	0.048793	0.074964	0.087156
-0.114889	-0.020184	0.065054	-0.175734	-0.023771	-0.193255	-0.048475	0.156814	0.287538	0.091219	0.084849	-0.061848	0.089767	-0.007596	0.047277	0.128736	-0.015377	0.178365	-0.138473	-0.166428	-0.016540	0.145339	-0.216232	-0.007974	0.191619	0.034555	0.042987	-0.241974	-0.037952	0.247547	-0.368879	-0.135246	0.113545	-0.092416	-0.135544	0.156760	-0.046959	-0.045384	0.245589	-0.096778	0.105440	-0.073174	0.129351	0.221806	-0.120250	-0.040912	0.112247	0.042496	-0.072085	-0.196168
0.038110	-0.146640	0.035936	0.131673	-0.114776	-0.140190	-0.046687	0.109714	0.142415	0.197165	-0.019570	0.093791	0.122178	0.152390	0.043871	0.138227	0.172832	0.191753	-0.014726	0.077688	0.230046	-0.299888	0.006152	-0.104958	0.154714	0.084311	0.133013	-0.265657	-0.061962	0.137910	-0.307376	-0.080892	-0.109168	0.064469	-0.302592	-0.073758	-0.029867	-0.088282	0.187964	-0.030715	0.303887	-0.104217	-0.014179	0.057128	-0.155678	-0.064085	-0.013942	0.074672	0.094780	0.077819
0.010619	-0.155638	0.246312	-0.054606	-0.119294	0.106220	0.010133	0.415523	0.001659	0.149145	-0.058112	-0.005153	0.053532	0.129521	-0.006267	-0.043800	0.232045	0.123485	0.059768	0.124461	0.059363	0.113258	-0.108067	0.162034	0.227528	0.102297	0.020273	-0.121092	-0.113464	0.075191	-0.155894	0.063815	-0.037149	-0.083145	-0.284389	0.045096	-0.109877	-0.089193	0.285592	-0.052001	0.143322	-0.183691	0.121505	0.155229	0.041531	0.089129	0.073045	0.303061	0.046274	-0.046918
-0.005802	-0.026187	0.087418	-0.020463	0.124461	-0.038707	0.042600	0.185609	-0.216686	0.315910	0.036741	-0.153505	-0.104354	0.121663	0.045137	-0.135542	0.114815	-0.045847	0.203333	-0.090076	-0.056314	-0.035003	0.084246	0.011617	0.078080	0.086435	-0.063496	0.063173	-0.132061	0.110681	-0.203885	0.225051	0.065565	-0.195013	-0.405003	0.111900	0.075574	0.037250	0.305706	0.138089	-0.053586	-0.144167	0.081398	0.183032	-0.222151	-0.052597	0.046916	0.133282	0.158960	0.026370
