0.950958	0.110943	-0.032963	0.086001	-0.114855	-0.077597	-0.082656	0.044765	-0.024733	0.043584	0.048152	-0.005547	0.019271	-0.005335	0.101588	-0.006467	0.104281	-0.033763	-0.014607	-0.006578	-0.005400	0.021728	0.007664	-0.002797	-0.035042	-0.002958	-0.019994	0.022660	0.010114	0.037620	-0.018669	-0.015261	-0.024491	0.000423	0.000187	0.015784	-0.005943	-0.063001	-0.008393	-0.001909	0.001673	-0.025872	0.008457	-0.050314	-0.028186	-0.014233	0.060883	-0.002405	-0.015506	0.031237
0.947883	0.074992	0.131937	-0.093357	-0.091000	-0.045334	0.134498	0.075343	-0.048616	-0.010297	-0.077872	0.024211	-0.017162	0.003693	0.019323	0.060675	0.020565	0.058946	0.003951	0.018400	0.037599	-0.006607	0.021900	-0.001373	0.071230	0.006201	0.033990	0.021450	-0.013876	-0.021446	0.029800	-0.003146	0.005677	-0.043073	-0.021869	-0.012865	-0.011833	0.018917	-0.004450	-0.018063	0.011327	-0.007826	-0.035365	-0.024131	0.015972	0.009722	0.011956	-0.025992	-0.020605	-0.026946
0.950038	0.101835	-0.031161	-0.110626	-0.016684	-0.102276	-0.131986	-0.032247	-0.016209	0.008894	0.005754	0.014025	-0.023501	-0.010915	0.001743	0.025078	-0.035523	0.095096	-0.056629	-0.019601	0.016604	-0.001358	0.021970	0.018139	-0.041661	-0.010876	0.054829	-0.038724	-0.002230	-0.033383	0.054402	-0.045127	0.015928	-0.001246	0.000534	0.018870	-0.054145	0.008695	0.032374	0.008280	0.012030	0.008864	0.025243	-0.053244	-0.007249	0.000515	-0.048071	-0.059517	0.027433	-0.014967
0.933789	-0.143268	-0.072330	0.122892	0.058013	-0.095442	0.047410	0.166771	-0.075985	0.038173	0.010201	-0.015847	0.003827	0.057976	-0.023279	-0.011122	0.036055	0.027385	0.053294	0.018029	-0.016667	0.001017	0.010362	0.013952	-0.002687	-0.012001	-0.046087	-0.005661	-0.020139	0.060491	0.049252	-0.014546	-0.013818	0.066850	0.013023	-0.005617	-0.049857	-0.028740	-0.040113	-0.066819	0.013922	0.007475	-0.005608	0.028662	0.007374	0.016552	-0.015777	0.002120	0.005391	-0.047426
0.964288	-0.060247	-0.053068	-0.064442	0.065643	-0.114100	-0.024622	0.001655	-0.081745	-0.068285	0.013453	-0.029462	0.010037	0.069863	0.008253	0.018335	0.081054	0.015090	0.028057	-0.044767	0.042012	0.008668	0.004971	0.008251	-0.032545	0.002335	-0.046785	0.002984	0.023010	-0.008462	-0.023230	-0.010974	0.039798	0.013847	-0.013000	-0.003909	-0.025733	-0.000952	-0.020453	-0.011439	0.048440	-0.011580	0.026576	0.006241	-0.019796	0.010899	-0.017267	-0.011073	-0.011785	-0.017856
0.945327	-0.136366	-0.145706	0.122692	0.009853	-0.002895	-0.001662	0.071520	0.016243	-0.000095	0.034430	0.059251	0.000876	-0.087440	-0.039179	0.001947	0.033041	-0.019267	0.008325	-0.013921	0.019882	0.043360	0.027340	-0.045237	-0.048911	0.000135	0.016140	0.076057	0.023276	0.023173	0.008821	0.026179	0.028858	-0.007022	-0.002059	-0.004013	0.007133	0.018467	0.004216	-0.045886	-0.008837	0.005158	-0.049249	0.056116	0.031651	0.052956	0.042486	0.009929	0.013131	-0.007426
0.883322	-0.172742	-0.228739	-0.099232	-0.174297	0.050718	-0.047920	0.073650	0.087366	-0.093556	-0.008086	-0.037009	-0.042921	-0.039770	-0.032955	0.079545	0.123132	0.076815	0.048074	-0.050154	0.000924	-0.054102	0.011012	0.046251	-0.001583	-0.049075	0.047124	-0.014886	0.029040	0.036181	0.069953	0.005775	0.020522	-0.047398	-0.039719	-0.033130	-0.005267	0.030116	-0.008088	0.004946	0.019965	-0.044152	-0.029204	-0.003259	-0.046386	0.009109	0.029472	-0.034350	0.035391	0.016716
0.961528	-0.015011	0.011302	-0.101124	0.086408	-0.037423	-0.043963	0.049102	-0.028273	0.022781	-0.019102	-0.057821	0.010259	0.039741	-0.061560	0.068749	0.003759	-0.013734	0.058352	0.058256	0.053545	-0.022175	-0.048743	-0.043950	0.029944	0.054477	-0.013241	0.054172	0.036686	-0.026196	0.065900	0.042377	0.000778	-0.020104	-0.022868	-0.026415	0.015937	-0.028584	0.015194	-0.003810	0.019984	-0.038879	-0.010540	-0.021404	-0.009667	0.013463	0.008204	0.023193	-0.010727	0.014750
0.924385	-0.207392	-0.189772	-0.025018	-0.036636	-0.143316	-0.040240	0.062061	0.044095	-0.013469	0.060090	0.069648	0.068746	0.046034	-0.030079	-0.034656	0.011781	-0.032106	-0.040101	-0.009174	-0.035068	-0.042088	-0.005573	-0.002627	0.011960	-0.029335	-0.021394	-0.028458	-0.023627	0.031311	-0.004953	0.012804	-0.003664	-0.022177	0.002988	-0.026606	0.016305	0.040127	-0.017604	0.014457	0.023499	-0.001670	-0.020970	-0.029373	0.034655	0.002583	-0.036832	-0.002830	0.013276	0.029145
0.976978	-0.080680	-0.049321	-0.044818	-0.070796	-0.028594	0.028414	0.008480	0.086417	-0.018640	-0.026783	0.027586	-0.082068	0.004838	-0.002936	0.029620	0.022301	0.020841	-0.028615	0.004766	-0.001206	0.004364	0.026240	-0.021450	0.009873	-0.031903	0.014765	-0.026300	0.019422	-0.008061	0.010888	-0.007573	0.021201	-0.015150	0.015190	-0.016315	-0.004764	-0.009553	0.013616	-0.018273	-0.005787	-0.026101	-0.019311	0.000849	0.012637	-0.019575	-0.033962	-0.012960	0.023856	0.000243
0.955772	-0.080410	-0.010056	-0.139355	-0.070046	0.006582	0.052463	0.042404	0.004037	-0.088377	0.068897	-0.030591	0.046773	0.020232	-0.018925	0.012047	0.056108	0.040748	0.045734	-0.020218	-0.014137	-0.065005	-0.031847	0.017988	-0.029116	0.006761	-0.021128	-0.029440	0.032774	0.001334	-0.021049	-0.029616	-0.030117	-0.051368	-0.045843	0.031445	0.032973	-0.040705	-0.015447	-0.010995	0.031020	-0.041679	-0.025210	0.013577	-0.012202	0.021647	-0.024172	-0.031163	0.003399	0.035858
0.939932	0.169700	-0.040236	0.061567	-0.062115	-0.090182	0.060271	0.121799	0.011664	0.124964	0.107449	0.003994	-0.018841	0.042813	0.008875	0.067425	0.029993	-0.055192	0.002558	-0.020412	-0.032279	0.052595	0.006165	-0.009406	0.022407	0.023795	-0.022417	0.023305	0.011459	-0.001227	0.025541	0.022165	0.009428	-0.007414	-0.028032	0.032681	0.019975	-0.004738	-0.005903	-0.009541	0.010955	0.014018	-0.014491	-0.000296	-0.036408	-0.019853	-0.011186	0.004809	-0.029814	-0.014581
0.903302	0.069892	-0.032439	-0.073798	-0.004442	-0.148862	-0.032198	0.117773	0.067748	0.206712	0.118919	0.005684	-0.038938	-0.060968	-0.078101	0.059186	-0.123942	0.003418	0.025714	0.082602	-0.023176	0.080307	-0.034421	0.020633	-0.021897	-0.052859	0.066372	0.053435	-0.003976	0.026588	0.040441	-0.018924	0.017500	-0.028363	0.018371	-0.011575	0.044223	0.007008	0.068838	0.013852	0.043720	0.019456	0.012039	0.022094	-0.015235	-0.036445	-0.022199	0.004688	-0.004983	-0.031626
0.943709	0.153051	-0.004187	-0.036671	-0.098581	-0.039500	0.004524	0.049739	-0.004180	0.102809	0.101303	-0.067310	0.020768	-0.026735	-0.069483	0.049362	-0.024991	-0.053845	-0.028086	0.050491	0.034375	-0.002096	-0.053003	-0.025548	0.015954	-0.025617	0.079526	0.031728	-0.020199	0.011187	0.016358	-0.065970	-0.000562	0.009840	0.045697	-0.022676	0.024454	0.015505	0.017331	0.016127	0.006301	0.037792	-0.022482	0.004937	-0.050880	-0.004350	-0.024838	-0.007696	-0.049530	0.018027
0.916769	-0.051551	0.076650	0.097333	-0.136975	-0.056588	-0.144263	0.171392	0.018679	0.087651	-0.023377	-0.067225	0.025517	-0.005917	-0.008970	-0.098340	-0.048137	0.085466	-0.015791	-0.044234	-0.044907	-0.000575	-0.055273	-0.038638	0.002940	0.036430	0.015605	0.002839	0.024450	-0.020704	-0.064255	-0.029517	-0.054318	-0.004141	0.039858	-0.025172	-0.017679	-0.025765	-0.015114	0.043023	0.049657	0.029881	-0.039059	0.049340	-0.023553	-0.045296	-0.029160	0.000983	0.022462	0.017576
0.873174	-0.145303	-0.051895	-0.130828	0.159621	-0.260471	-0.022758	0.006738	-0.074529	0.105710	0.037079	-0.096502	0.064737	0.078667	-0.102119	0.095501	0.048871	0.012724	-0.053477	-0.043638	0.098479	0.067247	0.021866	-0.074501	0.026072	0.022806	-0.035935	-0.022558	-0.017086	0.072252	-0.000243	0.040110	-0.013927	-0.045923	-0.001913	0.002613	0.012695	-0.030888	0.004526	0.019793	-0.002673	-0.036866	-0.029043	-0.026188	0.006804	0.008195	-0.002192	-0.028977	-0.005124	-0.003042
0.939101	-0.141875	-0.128047	-0.017311	0.067114	-0.015224	0.019375	0.052778	-0.000295	-0.043473	0.004657	-0.015665	-0.154014	0.012977	-0.024592	-0.029011	0.015858	0.020897	0.003907	0.011207	0.024468	0.047576	-0.054056	0.015472	0.108606	-0.038491	0.042853	0.044012	0.011573	-0.014616	0.028775	0.032216	0.011970	-0.049538	-0.034522	-0.020381	-0.041710	0.006426	0.079607	0.025042	0.013943	-0.041300	-0.031602	-0.013495	-0.017023	0.008293	0.042847	-0.018374	0.027133	-0.021456
0.911265	-0.081620	0.056974	-0.011404	0.200194	-0.116005	0.022328	-0.042463	0.079085	0.078427	-0.021720	0.037594	-0.072449	0.001010	-0.074447	0.055655	-0.088551	0.048388	-0.150288	-0.003407	-0.060971	-0.054936	0.028443	-0.008320	0.037697	0.000279	-0.022572	0.051365	0.038127	-0.013724	-0.058867	-0.022376	-0.058939	0.017223	0.005092	-0.031919	-0.032746	0.000518	0.018737	-0.007859	-0.035771	0.022931	0.041443	-0.014904	-0.066168	-0.011683	0.037341	-0.088462	-0.034483	-0.000968
0.826289	-0.234826	-0.173355	0.046797	-0.058596	-0.054635	-0.025945	0.099535	0.014446	0.104077	0.187332	0.088285	0.135550	-0.010360	0.020839	-0.018219	0.062634	-0.159165	-0.005485	0.065529	0.003253	0.073830	-0.062256	-0.041891	-0.027178	-0.031375	0.109977	0.026994	-0.059916	-0.063121	0.006400	-0.043989	-0.035989	0.109166	0.046326	-0.094807	-0.029772	0.035681	0.037854	-0.009564	0.031611	-0.021576	-0.087487	0.016617	-0.076947	-0.004436	-0.008081	0.114026	-0.090048	0.079841
0.940448	-0.159597	0.148410	0.056419	0.117989	0.056664	-0.052527	-0.055649	0.029965	-0.081140	0.025651	-0.026331	0.037475	-0.077755	0.002937	0.001402	0.007108	0.016675	0.058992	-0.020567	0.030849	0.005972	0.021362	-0.010055	0.010818	0.048690	-0.002317	-0.021072	-0.012720	0.013548	-0.019539	-0.021674	0.000204	-0.011320	-0.008924	-0.033258	-0.063651	0.004380	-0.032312	0.023156	0.013401	0.028702	-0.007573	0.027627	-0.006245	-0.059852	-0.030401	-0.004270	0.037243	-0.030751
0.809686	-0.310255	0.181433	0.079434	0.011519	-0.183218	0.025938	0.095447	-0.059994	0.124726	0.067994	-0.101766	0.050645	0.206393	-0.001723	0.061680	0.176982	0.055680	-0.014024	0.015162	-0.018265	-0.040726	-0.028413	-0.051230	-0.041158	-0.084019	-0.012465	-0.009206	-0.028122	0.086138	0.026408	0.005648	-0.022549	-0.063499	0.002691	-0.047394	0.040590	-0.082756	0.053780	0.009312	0.014643	-0.026932	0.030543	0.012221	-0.033962	-0.014648	0.032793	-0.018061	-0.029591	0.013795
0.959554	-0.030341	-0.041725	0.053447	0.000048	-0.065386	0.107813	-0.013940	-0.087035	0.129826	-0.030581	-0.029533	0.003394	0.047277	-0.016110	-0.049304	0.019234	0.034388	-0.045965	0.062921	0.027748	0.037331	-0.007208	-0.002135	-0.002161	0.007038	0.005580	-0.008966	0.018866	0.073502	-0.007194	0.039342	-0.029479	-0.007986	-0.021887	-0.003804	0.031639	-0.007349	-0.016025	-0.012505	0.017612	-0.028640	0.056205	0.026220	-0.005475	0.022483	-0.022272	-0.010006	-0.002971	-0.009533
0.975918	-0.013181	-0.017846	-0.020705	0.026376	-0.096939	0.043617	0.020688	-0.039910	0.084207	0.040428	0.000019	0.047687	0.034161	-0.030811	-0.030870	0.032908	0.042502	0.034634	0.044045	-0.014416	0.015625	0.002616	0.025041	0.020838	0.003361	0.011936	0.028066	0.001426	-0.019890	0.013117	0.012179	-0.017370	-0.051252	-0.038353	-0.017725	0.019275	-0.014586	0.012515	-0.006609	-0.018336	0.003138	0.029489	-0.015814	-0.035951	0.005940	0.007616	0.005674	0.029214	0.011624
0.956936	-0.110866	0.065006	0.099141	0.022564	0.017049	0.077673	0.109282	-0.054063	0.034411	-0.033962	0.065721	0.016304	0.008658	0.001916	-0.006557	-0.051458	0.034376	-0.019899	0.070909	0.010259	-0.008864	0.028212	0.005364	0.078801	0.021380	-0.002385	-0.015420	-0.020581	-0.019281	0.017653	0.051455	-0.014475	0.004339	0.011462	-0.047377	0.017683	0.017303	0.016918	0.004066	-0.028233	-0.025891	-0.013217	-0.002096	0.043576	-0.002134	0.003608	-0.013636	0.007070	0.030664
0.975359	-0.025335	-0.027473	-0.003432	-0.002700	-0.003534	0.098100	0.097207	-0.033177	0.003949	-0.061964	0.069259	-0.010561	0.010899	0.027368	0.001561	-0.023771	0.026877	-0.019601	0.033454	0.009234	0.021638	0.012026	-0.019645	0.030658	0.001982	0.015602	0.020708	0.009876	0.048339	0.004606	-0.000427	-0.039441	0.009340	-0.041513	0.008089	0.031655	-0.015390	0.031919	-0.026843	-0.042318	0.019200	-0.009174	-0.015281	-0.000622	0.010600	0.016518	-0.007373	-0.000741	0.012893
0.956640	0.013358	-0.048938	-0.001106	0.044404	0.047352	-0.006698	0.072723	0.007678	0.081731	0.121186	0.021452	-0.048708	0.051543	0.044646	-0.073465	-0.027412	0.034183	-0.059908	0.054816	0.010493	0.007345	-0.024296	-0.045892	0.054623	-0.023276	-0.057539	0.011647	0.012717	-0.028018	0.029695	-0.052054	0.031089	0.045980	0.019580	-0.028332	0.004456	0.010201	0.037300	0.004415	-0.015313	-0.008573	0.028694	0.026349	0.004644	0.021851	-0.020823	0.019171	0.065827	-0.047634
0.968093	0.141441	-0.009259	0.027392	0.090778	0.081335	-0.007352	0.003449	0.012228	-0.051923	0.011074	0.109092	0.025829	0.002046	0.007663	0.037563	0.026444	-0.004560	0.033668	-0.006577	-0.025842	-0.013201	0.015380	0.003809	-0.000236	0.015390	0.004168	-0.009701	-0.028064	-0.023615	-0.001203	-0.005024	-0.019880	0.018106	0.012888	-0.001028	-0.005781	0.036378	-0.020541	0.009278	0.004926	-0.002717	0.003044	-0.002342	-0.011578	0.016503	0.042840	-0.000567	-0.016392	-0.000604
0.833128	0.117841	0.040122	-0.008690	-0.116551	-0.110765	-0.047413	0.141305	-0.059369	-0.011214	0.047032	-0.013861	-0.002980	-0.106306	-0.029347	0.028213	0.060481	0.004444	-0.061443	0.017675	-0.004121	-0.113647	0.067026	-0.001246	-0.065857	-0.096494	-0.029196	-0.050232	-0.048505	-0.039276	-0.046474	-0.098982	-0.033935	-0.075194	-0.145691	0.069808	0.039226	-0.059016	0.085105	-0.071794	0.100587	-0.201043	-0.121586	0.178349	0.028832	0.027593	-0.073867	0.055198	0.084047	-0.023610
0.772607	-0.029802	-0.044804	-0.035631	-0.225640	-0.131736	-0.093761	-0.073157	0.320092	-0.087946	-0.120234	0.039254	0.076585	0.236785	-0.073490	0.069420	0.079563	0.028884	-0.061629	0.026438	0.023618	-0.070782	-0.053780	0.062617	0.056281	-0.046904	0.032716	-0.058114	0.023841	-0.057809	-0.067034	-0.076231	0.041775	-0.043410	-0.034241	-0.045802	-0.034496	0.114352	-0.057932	-0.130233	0.041797	-0.091622	0.036173	0.034737	-0.082366	-0.032247	0.067540	0.020256	-0.055780	-0.006353
0.981058	-0.050862	0.057947	0.028146	-0.055893	0.012734	0.029008	-0.001251	-0.013819	-0.045829	0.050342	0.005121	0.032482	-0.006680	-0.045219	0.030639	0.029711	0.013613	0.004273	0.030792	0.037480	-0.006224	-0.005296	0.023880	0.032502	0.009096	0.009045	0.016221	0.040423	-0.004542	0.014872	0.006645	0.004499	0.034979	0.006028	0.006049	-0.025960	-0.035308	-0.040413	-0.031807	0.002393	0.027883	0.037895	0.004680	-0.003664	0.013301	-0.003953	0.029077	-0.003408	-0.032525
0.979345	0.106580	0.063979	0.007933	-0.003757	-0.019004	0.049335	-0.015668	-0.040090	0.033395	-0.036468	0.020243	0.012517	0.008399	0.032159	0.029359	0.052734	-0.009972	0.015013	-0.040019	-0.017989	0.002787	-0.002024	-0.049172	-0.015229	0.014320	-0.015052	-0.015050	0.032651	0.009137	-0.003161	-0.035070	-0.016513	0.031083	0.000293	0.010236	-0.004951	0.033555	-0.000843	-0.003671	0.003022	-0.007681	-0.028868	-0.016236	-0.022249	0.024458	-0.005934	0.007465	0.000250	0.011404
0.966799	-0.094596	-0.018976	0.144691	-0.059424	0.045368	-0.079131	-0.002967	-0.073536	0.009372	-0.017779	-0.030997	-0.045814	-0.019971	-0.061196	0.002525	-0.037006	0.013151	0.016737	0.005903	-0.007540	-0.021807	0.029621	0.026184	-0.030097	-0.021094	0.024858	-0.006484	0.024831	-0.017289	0.003986	0.011654	0.006124	-0.001994	0.001284	0.034523	0.007446	-0.018699	0.005987	-0.006768	0.002558	0.002812	0.018567	-0.011670	0.003136	-0.021193	-0.006305	0.014676	0.014545	0.000651
0.970441	-0.139948	-0.068901	0.110775	-0.018482	0.093462	-0.023534	0.010206	-0.016940	-0.031510	-0.017227	0.001438	-0.019891	-0.029993	-0.014255	-0.015857	0.024769	-0.024827	0.001007	-0.004330	-0.000626	-0.004284	0.036673	0.017223	-0.013258	0.003329	0.042823	0.016254	0.020378	-0.000812	0.006537	0.008466	-0.012408	-0.008269	0.008756	0.012683	0.018318	-0.001127	0.022368	0.006142	0.021868	-0.008207	0.001236	-0.018446	0.000048	0.018729	0.005044	-0.014068	-0.007149	0.001984
0.954248	-0.004334	0.035314	-0.073995	-0.169907	0.068654	-0.017442	-0.095319	-0.068399	-0.063416	0.044103	-0.006804	-0.054182	-0.019866	-0.028390	0.030681	-0.039824	-0.075638	0.012730	0.031920	-0.003249	-0.015386	-0.022822	-0.000609	-0.021466	0.008742	0.056298	-0.017275	-0.012653	0.078026	-0.012984	-0.039227	-0.017045	-0.010726	-0.009241	-0.011147	-0.016748	-0.013597	0.016424	0.023164	-0.001547	0.008015	-0.016373	-0.010667	0.001267	-0.001590	0.002965	-0.014696	0.001691	-0.012066
0.962501	0.039255	0.043003	0.015746	-0.035178	0.058320	-0.019553	0.028541	-0.040599	0.006474	-0.031008	0.028790	-0.028638	-0.047402	-0.076978	-0.059745	-0.012725	0.004897	-0.062446	0.032250	-0.016802	0.080233	-0.023474	-0.038838	-0.011003	-0.013734	0.018607	-0.038378	0.005471	0.060661	0.022357	0.118395	0.011783	-0.031554	0.031234	-0.048365	-0.008899	0.030926	-0.026356	-0.007349	0.039486	-0.017344	-0.015379	0.013064	0.022357	0.016477	0.002347	0.033661	-0.058140	0.004867
0.971574	0.134693	0.039748	-0.029706	-0.075735	-0.078593	-0.018022	0.002754	-0.013200	0.010501	0.069558	-0.024970	-0.048802	0.018892	0.053503	-0.004711	0.017419	-0.040820	-0.022250	0.010404	0.034061	0.005715	-0.007765	0.013959	-0.024685	-0.003654	-0.006884	0.006651	0.019960	-0.008467	-0.029054	0.024389	0.030199	-0.030007	0.011280	-0.011486	0.010064	-0.035236	-0.014280	-0.008391	-0.001495	0.015019	0.002723	-0.024492	-0.004318	-0.009607	-0.007817	0.005923	-0.011811	-0.017604
0.938453	0.053620	-0.033137	-0.069825	-0.083524	0.072853	0.171718	0.035472	0.162499	0.002813	0.011334	0.071967	0.027677	0.035886	0.064056	-0.025161	0.018560	0.031443	-0.016341	0.045142	0.059092	-0.075481	0.074195	0.001922	-0.021181	-0.033560	0.001822	-0.007429	-0.022001	-0.007012	-0.016510	0.019244	-0.032898	0.006282	0.015528	0.030814	-0.018083	0.046091	-0.006343	0.002452	-0.012384	0.019771	0.020664	0.020476	-0.006196	-0.019827	-0.001687	-0.008288	-0.010350	-0.030987
0.970127	0.070256	0.090134	-0.020020	0.067126	-0.054574	0.081668	0.008082	-0.033154	0.006682	-0.056032	0.014222	-0.049925	-0.004111	0.027884	0.019798	0.050316	-0.059461	-0.032645	-0.041624	-0.017478	0.023968	-0.034760	-0.013165	-0.055401	-0.016943	0.001427	0.009366	0.031760	-0.036537	-0.028209	0.013652	-0.012782	-0.010712	-0.019606	-0.017171	-0.031928	0.022967	-0.022656	0.014321	0.002864	0.020538	0.011800	-0.006469	0.001609	0.018023	0.011305	-0.018939	-0.004274	0.021071
0.946785	0.104183	0.036942	-0.047506	-0.025662	0.107665	0.048518	0.037588	0.071811	0.011997	-0.059153	-0.061321	-0.020921	0.025613	-0.013813	-0.042503	0.033966	-0.053074	0.038835	0.067883	0.072903	-0.034777	-0.033636	-0.028286	-0.016573	0.002428	0.000493	-0.038762	0.034386	-0.042928	-0.034665	0.007931	-0.080374	0.024884	0.012158	-0.054351	-0.066390	0.069744	-0.000141	0.010800	0.011667	0.060317	-0.016121	0.034241	0.039220	0.040563	0.045253	-0.048621	-0.007490	-0.020282
0.958118	-0.029439	0.099184	-0.141185	-0.123800	-0.031886	0.038290	-0.006172	-0.076742	-0.023973	-0.023480	-0.009253	-0.022637	-0.047245	-0.042688	0.029983	-0.011526	0.006587	0.014583	-0.014336	-0.033364	-0.025229	0.024279	-0.040929	0.004115	0.018750	-0.018985	-0.029306	-0.005176	-0.035801	-0.060022	-0.030777	0.010328	0.016699	-0.003504	-0.008600	-0.014032	0.029745	0.023885	0.042099	-0.041960	0.033640	0.008644	0.006005	-0.023427	-0.007963	0.030023	-0.017967	0.000626	0.012908
0.928531	-0.056528	0.275573	-0.106047	-0.021394	0.014748	0.002287	0.060789	-0.074698	0.002953	-0.053425	-0.080313	0.001374	0.010238	0.052262	-0.053209	-0.000588	0.015322	0.023762	0.001474	-0.024736	-0.022428	0.015123	0.035140	0.007928	0.038312	-0.009306	-0.013226	-0.041887	-0.029760	-0.033144	-0.018950	0.000970	0.025088	0.031761	0.007707	0.000340	-0.024055	-0.008967	0.025614	0.060365	0.026571	0.017795	0.027365	0.028558	-0.001245	0.026029	-0.049284	-0.016299	-0.024927
0.911115	0.007568	-0.034414	0.193628	-0.005162	-0.044997	-0.011520	-0.055934	-0.006923	0.188181	-0.146785	0.036017	0.053485	0.042562	-0.043490	-0.002281	-0.033812	0.034842	0.030153	0.011705	0.046508	0.062911	-0.023581	-0.058057	0.069439	-0.064601	-0.002133	0.005741	0.093624	-0.009482	0.032520	0.030998	0.050189	0.054971	0.007147	-0.032866	-0.052805	-0.071571	-0.004307	0.040591	-0.008701	0.027769	0.076872	0.021041	0.034254	-0.011040	-0.019605	0.018089	0.016297	-0.043285
0.924263	-0.143778	-0.046176	0.041657	0.175334	0.015343	0.125936	0.086009	0.051127	-0.079318	0.070473	0.081405	0.001932	0.047504	-0.019697	0.017089	-0.006052	-0.005191	0.013818	0.034141	0.026526	-0.010832	0.008489	0.012205	-0.004409	0.006817	0.033707	-0.011250	0.005393	-0.007697	0.030243	-0.026756	-0.001034	0.008421	-0.010218	-0.002956	0.048250	0.001898	0.023849	-0.081903	-0.014992	0.004410	0.064303	0.037109	0.058524	-0.020616	0.021627	-0.052865	0.071865	0.100932
0.966956	0.069916	-0.037810	-0.078666	-0.051761	-0.025090	0.042665	0.054053	0.076647	0.056000	0.089274	0.012461	-0.019133	0.059476	0.041723	0.004449	-0.083099	0.039594	-0.005743	-0.031820	0.021433	0.012194	-0.055284	0.003484	0.035180	0.021604	0.020114	-0.026222	0.000139	0.000174	-0.013585	-0.024949	0.001638	0.005824	-0.020675	0.016956	-0.000609	-0.001884	-0.002440	-0.008822	0.000803	-0.002158	-0.005975	-0.000782	0.013031	0.004852	0.028682	-0.007056	-0.006391	0.053413
0.959679	0.032511	0.042938	-0.107842	-0.164422	-0.000247	0.002901	-0.037525	0.023363	0.107961	0.049026	0.017264	-0.000947	0.048168	0.027866	0.065164	-0.011048	-0.036100	-0.008168	0.003814	-0.008967	0.031811	0.007702	-0.007315	0.018388	0.033647	0.038917	0.005930	0.047441	-0.003627	0.007835	-0.003907	0.019907	0.022905	0.017037	-0.012892	-0.006391	-0.012847	-0.020687	0.012961	-0.000947	-0.006384	-0.000332	-0.026748	-0.025426	0.008609	0.011869	0.007437	0.038312	0.019876
0.968322	0.106678	-0.072253	-0.098531	0.019006	0.052641	-0.041817	-0.047766	-0.034308	0.052486	-0.032900	-0.049783	0.024216	-0.018241	-0.003806	-0.067534	0.003655	0.006840	0.009406	-0.033558	0.043320	-0.022520	-0.036168	-0.003585	0.005812	-0.023168	0.026123	0.000848	-0.015477	0.016670	-0.018276	-0.010022	-0.018949	0.015855	-0.008611	-0.008405	-0.026300	-0.021687	-0.035621	0.055311	-0.010919	-0.031644	0.006845	0.008686	-0.002056	0.007839	-0.019857	-0.004863	0.026565	-0.005545
0.961408	0.069745	0.003763	-0.064913	0.057006	-0.085294	-0.009710	-0.095132	-0.058733	0.019327	-0.000145	0.042428	0.012080	0.034540	-0.054988	0.003639	-0.031959	-0.056064	-0.054089	0.024653	0.015141	-0.006905	-0.052014	-0.014122	-0.008722	-0.016732	0.079376	-0.015493	-0.039943	0.057360	-0.053653	-0.008429	0.001094	0.040060	-0.014968	0.007573	-0.024006	-0.016900	0.022060	0.066097	-0.017266	0.004813	-0.020145	-0.035063	0.021505	-0.004047	-0.011009	-0.024969	-0.023103	-0.001854
0.966468	0.117919	-0.082824	0.046083	0.017500	-0.034190	-0.037714	0.024767	0.072100	0.023431	-0.019581	0.046750	-0.012057	0.016847	-0.035794	-0.048649	0.004732	0.009947	0.032960	0.052509	-0.010079	0.003426	0.053743	-0.049879	0.006456	0.001402	0.038158	0.016898	-0.052784	0.013459	0.042204	-0.025658	0.013507	0.001255	-0.037483	-0.019124	0.000015	-0.033577	-0.041446	-0.016277	-0.021214	0.033120	-0.011151	-0.018194	0.012430	0.037604	0.025752	0.015542	-0.016054	-0.026495
0.862826	-0.011024	0.009625	-0.056526	-0.116533	-0.188201	-0.121206	-0.030773	-0.059895	-0.021549	0.033475	0.165407	0.123900	0.003918	-0.012672	-0.071381	0.011281	-0.036335	-0.000655	0.060893	-0.057965	-0.012437	0.117549	-0.116811	0.032348	-0.021395	0.039798	0.098560	-0.043277	0.017092	0.015945	-0.063939	-0.020494	0.032817	-0.138342	-0.051348	0.047237	-0.061174	-0.060865	-0.014559	0.033196	0.050937	-0.063118	-0.010827	0.060595	0.143234	0.042018	0.059712	0.025247	-0.088154
0.966513	-0.000538	0.071818	-0.089284	-0.027622	0.027154	-0.048518	0.026513	0.022151	-0.045732	-0.023300	0.056823	0.029783	0.014591	-0.018956	0.051140	-0.051737	-0.034058	0.025406	-0.030906	-0.024973	0.090427	-0.002059	-0.020803	-0.026542	0.000478	-0.021466	-0.021236	0.026203	0.022670	-0.038101	-0.011373	0.010274	-0.002297	-0.035663	-0.019315	0.021737	-0.033678	0.009559	-0.037483	-0.024177	-0.017689	0.008395	-0.002340	0.055168	0.058944	-0.039112	-0.030685	-0.010713	0.061063
0.985157	0.033144	-0.081661	-0.025701	-0.045925	0.075723	-0.030210	0.026459	0.046126	-0.019279	-0.037509	0.025160	0.007893	0.022464	-0.012052	0.009732	0.003699	-0.006400	0.029501	-0.016102	-0.004998	-0.011439	0.031206	-0.008705	0.008818	0.017135	-0.010940	-0.020096	0.024925	-0.001841	0.002685	-0.002261	-0.017582	0.021926	0.013308	0.007055	-0.002014	0.008704	0.005172	-0.006429	0.010989	0.009768	-0.000131	0.008887	0.010203	-0.017435	-0.019814	-0.005802	0.000220	0.004511
0.974555	0.057537	-0.069757	-0.010138	-0.049461	-0.018568	-0.075702	0.006956	0.021498	-0.059978	0.006326	-0.011130	-0.011258	-0.035040	-0.050371	-0.047504	-0.017324	0.030354	-0.020838	-0.003753	0.052905	-0.047472	0.032230	0.025060	0.018872	-0.004364	-0.005850	0.001428	-0.001489	-0.020904	-0.021533	0.063281	-0.024038	0.019813	0.023144	0.067137	0.007747	0.009036	-0.029190	0.005715	0.001929	0.011283	-0.029897	0.009537	0.014316	0.007702	-0.013093	-0.008862	-0.025329	0.001597
0.953329	-0.163835	-0.021057	-0.006290	-0.124300	0.081709	-0.105316	0.045687	0.057556	-0.034148	0.000103	0.017518	0.080035	-0.003086	0.003538	-0.045325	0.043344	0.020089	-0.012259	-0.023333	-0.007498	-0.044415	-0.005373	-0.030637	0.000701	0.013872	-0.005425	-0.010337	0.018140	0.011945	0.001699	-0.004040	-0.005050	0.045270	-0.015655	0.010902	-0.021196	-0.011541	0.027435	-0.007621	-0.003349	0.039523	-0.001392	0.009481	0.014720	0.020170	0.007846	0.031729	-0.030261	-0.019149
0.977948	-0.021005	0.040439	0.042571	-0.065981	0.025637	0.014578	0.038083	0.106335	0.004101	-0.086217	0.008226	-0.002658	-0.007498	-0.044601	0.003693	-0.044815	0.001023	-0.020125	0.004139	0.024667	-0.002695	0.019907	0.014709	0.020238	-0.006689	0.008404	-0.023809	0.004260	-0.005931	-0.016112	0.010991	0.020579	-0.000840	0.033063	0.030474	0.019839	-0.001544	-0.000862	0.021076	-0.011811	0.021500	-0.031529	-0.011380	-0.001831	0.002530	-0.006748	-0.003112	-0.034626	-0.026496
0.975712	-0.057388	0.016454	0.026768	0.016609	-0.028542	-0.030260	-0.012183	0.042249	-0.031059	-0.067014	-0.011402	-0.008601	-0.054705	-0.063312	0.015566	0.035717	0.055729	-0.019146	-0.019765	0.032347	0.070623	0.016328	-0.006775	0.008088	-0.016300	-0.018048	0.043042	0.048050	0.023275	0.000794	0.004049	0.025021	-0.006626	-0.008053	0.038979	-0.028044	0.033821	0.001305	-0.021755	-0.028593	-0.018264	-0.006772	-0.023982	-0.033141	-0.011110	-0.021924	0.017805	-0.033910	-0.019975
0.927077	-0.137207	-0.144566	-0.004866	-0.039017	0.105788	0.007403	-0.058091	0.165016	0.044990	0.013420	-0.130224	-0.056376	0.032421	-0.044844	-0.040358	-0.005693	0.032611	-0.088150	-0.050437	0.057480	0.053817	0.042614	0.002221	-0.012863	0.032789	-0.035940	0.007772	0.024020	-0.014749	-0.014278	0.007969	-0.019878	0.022973	-0.024773	0.007918	0.016545	-0.017838	-0.022831	-0.011038	0.001847	0.036315	-0.003754	0.026282	-0.004897	-0.012399	-0.036025	0.023045	-0.016736	0.011884
0.961561	-0.052398	0.042467	-0.115859	-0.045186	0.062814	0.063316	0.000593	-0.012599	-0.023787	0.062789	-0.050490	0.001124	0.015377	-0.081335	0.047581	-0.035265	-0.038585	-0.020948	-0.038061	0.013225	0.032603	0.062641	0.017226	-0.017098	-0.035784	-0.052749	-0.038797	0.046947	0.031863	0.010399	0.013216	0.006618	0.013856	-0.001575	0.031371	0.012578	0.012760	-0.026075	0.002124	0.038026	-0.030409	-0.027464	-0.046049	0.044979	0.037099	0.006755	0.022005	0.011081	-0.011480
0.953524	0.123475	0.107728	0.027746	-0.042692	-0.010322	0.003067	-0.039905	0.177119	0.008810	0.033051	-0.056942	-0.006824	0.000528	-0.010442	-0.095044	0.041603	-0.041136	-0.022481	-0.006391	-0.004452	0.025207	-0.013616	-0.002992	0.007476	-0.033267	0.015614	-0.000659	0.005490	0.002735	0.008216	0.015221	0.013555	-0.020389	0.006826	-0.003885	-0.024010	0.021963	-0.031738	0.032285	0.005751	-0.002177	0.045366	0.033217	-0.021002	0.021655	0.002314	-0.000660	-0.007255	-0.012909
0.962214	0.174620	-0.025749	0.063871	-0.129249	0.044666	0.029909	-0.020907	0.040324	-0.042345	0.035657	0.009653	-0.039250	0.064036	-0.017054	-0.014766	-0.014620	-0.008183	0.010556	-0.027319	-0.011397	-0.028307	-0.000061	0.001284	0.001952	-0.025668	-0.009137	-0.015620	-0.007308	-0.021812	0.013559	-0.006184	-0.002563	0.004523	0.030493	-0.030808	-0.003861	0.003301	0.010730	0.008146	0.027083	0.001779	-0.012075	-0.011857	0.011075	0.001825	-0.007129	-0.026843	-0.009024	0.003967
0.967019	0.005874	0.053867	-0.114303	0.023727	-0.001231	0.033978	-0.048975	0.020340	0.030114	0.034562	0.056530	0.005443	0.007812	0.030578	0.050575	-0.001728	-0.025876	-0.005445	-0.008059	-0.047070	0.001478	-0.047407	0.013927	0.013351	-0.005880	0.012167	0.010174	-0.018342	-0.022852	0.004505	-0.074875	-0.028903	-0.002182	-0.035891	-0.047659	-0.022809	0.029183	-0.014838	0.007268	-0.083673	-0.016136	0.045710	-0.031058	-0.048594	0.040229	0.024448	0.033549	0.009662	0.030482
0.978241	-0.058617	-0.070944	-0.040723	0.048789	0.092662	-0.029715	0.027285	-0.006122	0.015828	-0.008154	0.055533	-0.036486	0.006169	0.037087	0.010530	-0.021953	-0.037733	-0.035707	-0.018078	-0.017349	0.008232	0.011983	0.034022	-0.033674	-0.015491	-0.011310	0.011808	0.013725	-0.007489	0.008584	0.022318	-0.006487	0.021377	0.002952	0.000083	0.001310	-0.002776	-0.030488	-0.003983	-0.017896	-0.021860	0.010992	-0.023594	-0.006649	-0.013826	0.034745	0.027049	-0.004966	0.035448
0.948522	-0.124646	-0.171740	-0.006784	0.038723	0.006557	-0.093969	-0.105648	-0.008278	0.006268	0.008899	0.051624	-0.028603	-0.040841	0.001231	-0.001972	0.080369	-0.083474	-0.019391	-0.032680	-0.022490	0.006782	0.004036	-0.039415	-0.013957	0.003637	-0.032177	-0.009639	0.043571	-0.020323	0.000615	-0.007607	-0.038319	-0.001052	0.001734	-0.022421	-0.030925	-0.016973	0.036644	-0.012885	-0.010421	-0.012122	-0.011590	0.005669	-0.008180	-0.033287	0.003951	0.004362	-0.006146	0.035433
0.972195	-0.013464	0.018206	-0.045129	-0.129010	0.047285	-0.018098	-0.018690	0.008188	0.011653	0.013734	-0.042924	-0.046226	-0.019819	-0.050991	0.039938	-0.038418	0.003263	0.012273	0.018025	0.042037	0.035864	0.007932	0.009602	-0.000333	-0.040373	-0.008533	0.019537	-0.001386	-0.054909	0.024236	0.018821	-0.046339	0.000331	0.000027	0.069288	0.007651	0.019838	-0.004923	0.014615	-0.021797	0.023643	-0.003872	-0.025306	-0.017169	-0.000038	0.026420	0.006680	-0.045291	-0.011931
0.983505	0.026389	-0.006798	-0.014987	-0.036683	-0.021897	-0.012163	-0.086811	0.103402	0.006496	-0.028427	0.033562	-0.001386	0.002805	0.025252	0.000143	-0.010560	-0.007200	0.053884	-0.003405	0.036734	-0.011435	0.007213	-0.004135	-0.010486	-0.009314	0.013210	-0.007524	0.018802	-0.022652	-0.010801	0.001227	-0.019229	0.004636	0.011568	0.002639	0.007334	0.011179	0.009383	0.004094	-0.005433	0.022248	-0.008049	-0.010257	-0.008486	-0.003532	-0.021100	-0.022723	-0.008709	-0.015885
0.946555	-0.034150	0.002384	0.222446	-0.106263	-0.016092	0.048215	-0.071831	0.009367	-0.000793	0.001361	0.036159	0.086042	-0.002504	0.010050	-0.036842	0.004244	0.058196	0.050401	-0.018934	0.024369	-0.004542	-0.075515	0.011160	-0.000862	-0.038852	-0.011573	0.006468	-0.029993	-0.024581	-0.017724	-0.027079	0.002919	-0.037379	0.010187	0.007381	0.001557	-0.027433	0.009896	-0.013332	0.042564	-0.000131	0.003277	-0.028835	0.015966	-0.009126	0.027387	-0.021453	0.008955	-0.014831
0.943480	-0.066543	0.042639	0.193036	-0.117763	-0.018155	-0.013608	-0.114321	-0.019802	-0.078093	-0.045254	0.022005	-0.119018	-0.051452	-0.022251	0.057604	0.005653	-0.021921	0.042304	0.004684	-0.026239	0.004952	-0.008764	-0.019803	0.027883	0.014740	0.001687	0.018335	-0.009518	0.013624	0.004527	-0.030747	0.016840	-0.010637	-0.003843	-0.029063	-0.008430	0.005821	0.012355	-0.007338	0.007319	0.005783	0.011999	-0.004178	-0.014703	0.012536	0.028236	-0.006834	-0.010465	0.003383
0.976769	0.040871	0.060385	0.017979	-0.122825	0.024745	-0.000829	-0.000210	-0.003496	0.033790	0.020718	-0.020645	-0.010605	0.007834	0.058102	0.009068	-0.040941	-0.000868	-0.010119	0.000642	0.061776	-0.035417	-0.000716	-0.025772	0.003373	-0.045849	0.022671	0.012035	-0.010202	-0.021168	0.000294	-0.012846	-0.011110	-0.020412	-0.012572	-0.041735	0.039069	-0.004244	0.008705	-0.002233	0.004724	-0.009807	0.013545	0.002860	-0.015033	-0.050124	-0.017047	-0.006714	0.021899	-0.002967
0.944075	0.122376	0.129028	-0.046499	-0.143687	-0.034350	-0.022859	0.003660	0.031510	-0.057684	-0.143031	0.060691	0.012232	0.025808	-0.019041	0.028614	-0.021406	0.020741	0.046041	-0.012715	-0.045966	0.042618	-0.020341	0.028356	0.031910	-0.001018	-0.018580	0.001230	0.015542	-0.014437	-0.025706	-0.014313	0.001850	-0.043053	-0.020726	0.006138	0.032024	-0.030436	-0.034308	0.030118	0.036446	0.032458	0.016036	-0.013170	-0.024241	-0.004114	-0.024487	0.007922	-0.017341	0.019427
0.932559	0.117166	0.032378	0.117813	-0.256175	-0.015622	0.015371	-0.085644	-0.076117	-0.047297	-0.054251	0.030119	0.010194	0.012828	-0.024832	0.015862	-0.002552	0.041162	0.051708	-0.015647	-0.034137	0.020933	-0.042117	0.033045	-0.021474	0.007537	0.022364	0.012895	0.000273	-0.015799	0.019887	0.014807	-0.030065	0.016590	-0.010000	0.005399	0.004714	-0.005649	-0.006367	0.001024	0.014455	-0.024569	0.030996	-0.004067	-0.002221	-0.007876	-0.003754	0.023937	-0.014424	0.005112
0.943682	0.159742	0.001131	0.058328	-0.067115	-0.080290	0.047079	-0.110683	-0.035808	-0.004556	-0.068511	0.075517	0.014699	0.020722	0.006751	0.005492	-0.004562	-0.026059	-0.049562	-0.010303	0.001562	0.006827	0.023122	0.049068	0.016461	-0.003314	0.021694	0.087291	0.018990	-0.013063	-0.033683	0.043696	0.070283	-0.027401	0.013290	-0.051709	-0.019211	0.014966	0.009823	-0.050561	-0.002489	-0.046318	-0.030593	-0.024362	0.036952	0.025719	0.060046	-0.000114	0.052130	0.026191
0.984166	0.024890	0.072985	0.062490	-0.045508	0.018841	-0.059532	0.064818	0.016677	0.029284	-0.009514	0.025948	0.022309	-0.023195	0.045364	-0.011503	0.002491	0.000748	0.001700	0.000767	-0.011203	0.015367	0.012321	-0.003827	0.022724	-0.001969	0.007141	0.020844	-0.003770	-0.010498	0.007990	-0.015686	0.005838	-0.010294	-0.018165	0.002411	0.020851	0.009966	0.002178	0.012338	-0.011618	-0.011347	0.026234	-0.003670	-0.027886	0.020384	0.012912	0.022969	-0.016392	0.001751
0.974856	0.065939	0.060258	0.106254	0.003386	-0.018059	-0.043169	-0.036102	-0.075260	-0.007321	-0.004914	0.006135	-0.069366	-0.021099	0.013789	0.017350	0.000266	0.003773	0.008578	-0.004066	-0.028503	-0.006580	0.036217	0.053311	-0.007945	-0.008527	0.029692	0.029405	-0.041203	-0.022417	-0.010643	0.012716	0.000508	0.000724	-0.000702	-0.014022	0.002683	0.020903	0.008139	0.030010	0.028098	0.028457	0.037167	0.007247	-0.006812	0.026866	0.007909	0.007453	-0.017820	0.006201
0.975806	0.089764	0.034907	0.117891	-0.014683	0.023310	-0.001362	-0.060423	-0.017888	-0.066715	-0.029511	0.036781	-0.049745	0.010079	0.010202	0.013020	-0.039824	-0.005760	-0.021473	-0.017953	0.024728	0.011378	-0.017577	-0.004889	0.029635	0.051200	0.013880	0.018178	0.013657	-0.020559	0.007156	-0.011656	0.001524	-0.005008	-0.026128	-0.014894	-0.010288	0.010820	-0.008225	0.005013	0.003180	-0.003696	0.003812	-0.002850	-0.021742	-0.017380	0.000876	-0.000182	0.002576	-0.000800
0.952607	0.130851	-0.096140	-0.058964	-0.007517	-0.011038	-0.096172	0.043595	0.024288	0.112233	0.009907	0.017827	-0.038673	0.073354	-0.012822	0.047546	0.036945	-0.006312	0.002708	0.045554	-0.052866	0.014622	-0.006194	-0.044040	0.008777	-0.007082	0.020830	0.007974	-0.043124	-0.045747	-0.022561	0.008990	0.033133	0.020471	0.005393	-0.002071	0.055921	-0.012655	-0.020177	-0.051328	-0.012983	-0.012049	-0.023938	0.006075	0.039275	0.033310	-0.022379	-0.013299	-0.047373	0.021181
0.831749	-0.005214	0.013969	0.124245	0.069015	-0.120409	0.141956	0.041083	-0.051634	0.076312	0.124987	0.036851	-0.053246	-0.051505	0.048646	0.033750	-0.019751	0.098750	0.011289	-0.063760	-0.046059	0.035789	-0.105359	-0.028886	0.136717	0.067805	-0.094734	0.045182	-0.050169	0.065128	-0.082090	-0.139980	-0.035513	0.033745	0.163243	0.056186	-0.120260	0.030355	-0.052187	0.026623	0.136506	-0.036289	-0.036689	-0.080611	0.038110	0.118167	-0.003623	0.072831	0.142243	0.010956
0.950429	0.159545	-0.003050	0.054122	-0.017052	-0.114534	-0.004925	0.024420	0.006293	0.066234	0.030688	-0.001061	0.009213	-0.092806	-0.071567	0.063477	-0.028650	0.002694	0.042988	0.012058	0.005758	0.002719	-0.031611	-0.063842	-0.003882	-0.021451	-0.062099	0.046614	-0.031684	0.011183	0.020505	-0.031773	-0.007221	-0.000511	0.027548	-0.056126	0.046407	0.004136	0.037630	0.004551	-0.042483	0.007313	0.004710	-0.013473	0.004603	0.023818	-0.055915	0.018388	0.016234	0.009780
0.952660	-0.041601	0.147953	-0.022977	-0.027612	-0.114096	0.065605	0.030524	0.112837	-0.003232	-0.017793	0.022144	0.005355	-0.034078	0.071656	-0.005152	0.041419	0.005785	-0.008110	-0.020205	0.028398	-0.022504	-0.011456	-0.018718	-0.057299	0.015698	-0.020997	0.045850	-0.057716	-0.022111	0.005517	0.054035	-0.016353	-0.001076	0.052244	-0.023810	-0.030829	0.015864	0.008909	0.052146	0.020415	-0.014222	0.002343	-0.025654	-0.015894	-0.033176	-0.040221	-0.025694	-0.002395	-0.005206
0.867382	-0.204020	-0.079074	0.057642	-0.095793	0.025884	0.251030	0.150210	-0.096966	-0.041888	0.060836	0.001721	0.071162	-0.011979	0.070956	-0.123111	0.132076	-0.024316	-0.013380	-0.081606	-0.042179	-0.000431	0.037632	-0.040376	-0.045573	0.007216	0.014398	-0.007621	0.015929	0.039115	-0.061701	-0.027786	0.045424	0.024795	0.028818	0.019999	-0.025698	-0.065645	0.053372	0.036191	-0.023985	0.022093	0.028761	-0.039851	0.003409	-0.025502	-0.070098	0.001585	-0.008300	0.012055
0.951644	-0.116082	0.006070	0.110772	0.030906	-0.002214	-0.041338	-0.121461	0.040020	0.092384	0.068028	0.053341	0.005754	0.011492	0.091474	0.002780	0.057001	-0.034402	-0.025406	-0.010353	-0.004884	0.065683	-0.013522	-0.028361	0.046432	0.047432	-0.003221	-0.017233	0.013834	0.002391	0.016549	0.012328	-0.003389	-0.018866	-0.031154	0.060356	-0.005079	0.020874	-0.001984	0.020979	-0.006905	-0.023678	0.013142	-0.019122	0.008328	-0.004849	-0.000407	0.014338	0.042644	0.004826
0.943215	-0.131102	-0.095233	0.070244	-0.009395	0.035006	0.012533	0.006172	-0.046024	-0.074310	0.086725	-0.026757	-0.067384	-0.040425	-0.030833	0.027865	-0.027870	0.058130	0.090630	-0.034651	-0.009819	-0.068007	0.125018	0.057401	0.004512	0.016992	0.019967	0.034117	-0.013918	-0.009697	0.015696	0.052687	-0.052365	0.022571	0.024782	0.052128	0.003259	0.023283	-0.025468	0.008166	0.029241	0.004165	0.016204	-0.012772	0.030723	0.009853	0.010423	0.031490	-0.012565	-0.004509
0.953200	0.005620	-0.115487	0.016235	-0.115424	0.066436	-0.007269	0.028201	0.065937	-0.048611	-0.002444	0.009188	0.113394	-0.015030	-0.023478	0.046664	-0.026337	0.014303	0.027014	0.004137	0.105872	0.003949	0.001287	0.055463	0.038472	0.008870	-0.001739	-0.021427	-0.032499	-0.000204	0.025683	0.015159	-0.036313	0.069567	0.020668	-0.034511	-0.040002	-0.016600	0.000348	0.020657	-0.026131	0.004493	-0.031259	0.012704	-0.014787	0.036353	0.044360	0.008829	0.029254	0.017371
0.922544	-0.064970	0.104112	0.110667	0.005895	0.084595	-0.090693	-0.008012	0.030688	0.024253	-0.014749	-0.143109	0.002892	0.027211	-0.077168	0.046551	-0.074658	0.079233	-0.017148	-0.047910	0.030580	0.150336	0.051177	0.016928	-0.093656	-0.004951	-0.019867	-0.035655	-0.049883	-0.026849	-0.059777	-0.057864	0.003383	-0.025198	-0.036296	-0.042966	-0.012262	0.000153	-0.012715	-0.003356	-0.043898	0.044336	0.034981	0.045474	0.009224	0.013774	0.016834	-0.022340	-0.002579	-0.034193
0.942492	0.024320	0.080316	-0.099740	-0.109342	0.099524	0.050362	-0.013244	-0.098258	0.112907	-0.078765	-0.027109	0.045157	-0.027144	0.018324	0.030221	0.042938	-0.001120	0.048945	0.022089	0.021487	-0.028643	-0.016700	-0.051423	-0.074616	-0.015004	-0.033581	-0.020183	-0.027115	0.042818	-0.022923	-0.045158	0.010092	-0.011147	-0.017479	0.028063	-0.060702	0.019997	0.015882	-0.043034	0.035704	0.011240	0.033966	0.035184	-0.019209	-0.024737	-0.022321	-0.049151	0.012027	-0.006626
0.974542	-0.072633	0.068472	-0.052827	-0.051001	0.038132	-0.014209	0.059000	0.050144	-0.019059	-0.019622	-0.011205	-0.020223	-0.000517	-0.002452	0.080597	0.062873	0.003470	-0.033318	-0.000994	-0.016395	0.019415	0.015595	0.025704	-0.019009	-0.000089	0.027985	-0.010003	0.001796	-0.018901	-0.002133	0.005252	0.013840	0.035602	0.014319	-0.020993	-0.027093	0.010133	-0.034174	0.051645	0.027622	-0.021969	-0.002903	-0.010771	-0.027150	-0.007380	0.013759	0.036867	0.020828	0.017100
0.977065	-0.088998	0.085950	-0.009720	-0.098082	-0.036110	-0.026373	-0.036072	0.011097	-0.070679	0.015397	-0.009341	-0.041970	0.010430	0.001485	-0.008832	-0.030606	-0.005763	-0.018377	0.008162	0.022155	-0.033387	0.008389	0.009089	0.000192	0.005090	0.012415	-0.013464	-0.022832	-0.015637	-0.016265	-0.000616	-0.028691	-0.006976	0.008220	0.009392	0.020113	-0.019305	-0.032461	0.007388	-0.029290	0.014429	-0.015831	0.004278	-0.022899	-0.000529	-0.008717	0.010585	0.004587	0.010995
0.937304	0.174173	0.054976	-0.212304	0.012413	-0.010134	0.004252	-0.030309	0.078852	-0.012858	-0.009520	0.057894	0.008973	0.086518	0.009579	0.042264	0.014080	-0.022283	0.030483	-0.005597	-0.036620	0.011994	-0.018307	-0.001985	-0.013516	-0.045933	-0.028855	0.034101	0.030321	0.021908	-0.024845	0.004296	-0.033109	0.014056	0.033304	-0.014337	-0.027255	0.048038	-0.022857	-0.024117	-0.013777	0.037680	0.017476	-0.003642	-0.021576	0.035953	0.015897	-0.022930	0.037732	-0.010631
0.964687	0.034152	0.014262	-0.086404	-0.008659	0.097127	0.101461	-0.087896	0.081886	0.027208	-0.060534	0.046090	0.051562	-0.029303	0.019345	-0.006678	0.017800	0.041499	0.022581	-0.027321	0.029653	0.021728	-0.014817	-0.032044	0.011064	-0.021884	0.011734	0.006639	0.020515	-0.004727	-0.028805	0.008595	-0.037009	-0.004596	-0.000746	0.005713	0.028970	-0.005807	0.012937	-0.007134	0.031778	0.032989	-0.000653	-0.019002	-0.024420	0.023387	-0.013931	-0.006478	-0.038265	-0.002052
0.968297	-0.032064	0.031825	-0.061083	-0.044670	0.040256	0.068933	-0.052869	0.021139	-0.070267	0.003025	-0.003462	-0.061329	-0.066714	0.019014	-0.008572	0.021399	-0.035414	-0.065735	0.033213	0.045895	-0.001188	-0.046054	-0.041441	-0.013144	0.027734	-0.015954	0.013316	-0.017319	-0.037456	-0.001751	0.003564	-0.019715	0.012305	0.010744	-0.035765	0.022736	0.007714	0.028151	0.010988	-0.044716	-0.051590	-0.017358	-0.020213	0.031876	-0.050397	0.003342	-0.018380	-0.038369	-0.032667
0.978346	0.038009	-0.014708	-0.018349	-0.043094	-0.132224	-0.059562	-0.020299	-0.020090	-0.034890	-0.037298	0.024319	0.014675	0.003379	-0.018757	-0.059363	-0.024590	0.013094	0.016149	-0.002815	-0.002432	-0.016767	-0.027896	-0.001812	-0.012913	-0.012918	-0.047942	-0.013356	0.000738	-0.001641	0.003075	-0.018714	-0.000513	-0.001922	-0.014307	-0.007674	0.014643	-0.020766	0.005682	-0.035274	-0.009756	0.015469	0.012393	0.014969	0.009070	-0.010665	-0.011868	-0.018208	0.007075	0.030466
0.949195	0.022083	0.081868	0.057178	-0.036579	-0.060984	0.091499	-0.011017	-0.065744	-0.076459	0.008111	-0.044377	-0.068324	0.052798	-0.007397	-0.018939	-0.036104	0.009684	-0.092273	-0.004845	-0.007078	-0.016139	-0.065075	0.068009	0.026804	-0.045499	0.051842	0.011816	-0.037832	0.056406	-0.034320	-0.083396	-0.010238	-0.015727	-0.019675	-0.027956	-0.002121	0.001918	0.037820	0.042834	-0.033087	0.000730	-0.023099	0.013090	0.014196	-0.048795	-0.002028	0.018452	-0.043499	0.077885
0.963464	0.120083	0.029403	-0.062394	0.149483	-0.098444	0.015903	-0.065491	0.063324	-0.033985	0.016127	0.008044	0.011074	0.006223	0.011255	-0.026389	0.019264	-0.012242	0.026099	-0.039298	0.024590	-0.019757	-0.005147	-0.015630	0.006922	-0.008163	-0.029286	-0.012761	0.014854	-0.000491	-0.010658	-0.023794	-0.006358	0.012050	0.004824	-0.023101	0.012284	-0.011515	0.010043	-0.029108	0.010305	0.015462	-0.011137	-0.009250	-0.014602	-0.013213	-0.002503	0.003461	-0.021309	-0.008348
0.970876	0.145897	-0.024860	0.098789	-0.003868	0.043545	-0.011651	-0.077015	-0.004444	-0.035179	0.013553	0.048335	-0.008394	0.002666	-0.014009	-0.017430	0.025471	0.029736	0.000460	-0.002449	-0.031512	-0.013549	0.031878	-0.026166	0.012340	0.010001	0.011884	-0.003711	-0.034257	-0.001925	0.037585	-0.009913	-0.007348	-0.006469	-0.014377	-0.024541	0.002807	-0.020907	-0.011904	-0.027933	-0.020652	0.012096	-0.022022	-0.015777	-0.000319	0.025147	-0.030584	-0.014339	0.013067	-0.019190
0.928830	0.055719	0.010378	0.093981	0.135044	0.062057	0.097879	0.099171	0.086170	-0.003114	0.027116	0.020992	-0.006765	0.109864	0.007453	-0.003931	-0.034748	0.002567	0.006088	-0.066657	-0.013246	0.038919	0.021776	-0.033569	0.025151	0.100938	-0.061383	-0.045669	0.020589	0.063843	-0.062041	0.000151	0.021109	-0.031887	-0.041903	0.077507	-0.001321	0.088579	-0.006065	0.041321	0.052655	-0.005063	-0.025138	0.047592	-0.018920	-0.052195	-0.006929	-0.001862	0.035044	0.006814
0.952804	0.018966	0.058918	-0.100052	0.150968	-0.031453	0.021635	0.050220	0.021811	-0.013368	0.045343	0.012671	-0.022008	-0.012659	0.051259	-0.002948	-0.024855	-0.041047	0.044916	-0.013721	0.027567	-0.007337	0.039871	-0.035319	-0.009317	-0.022290	-0.028330	-0.022394	0.065344	0.014643	-0.000455	-0.006596	-0.050938	0.064449	-0.019723	0.016121	-0.031717	-0.042305	0.037558	-0.044499	0.020612	-0.042494	-0.079418	0.029187	0.019853	0.005203	-0.042708	-0.034037	-0.048429	0.045855
0.962641	-0.023512	0.009702	0.057479	-0.067059	-0.074634	0.100654	-0.079459	-0.001825	-0.005269	0.005882	0.068709	0.045254	-0.115165	0.003218	-0.028447	0.002332	0.062543	-0.031039	0.032287	0.050401	0.005564	-0.008172	-0.005392	0.020217	0.029378	-0.016861	0.019176	-0.014208	0.001891	-0.008746	0.027916	-0.006532	-0.018424	0.007602	-0.053801	-0.008087	0.039701	-0.013006	-0.016016	0.011593	-0.000607	-0.042654	0.007381	0.013762	-0.011078	0.040353	-0.002054	-0.012464	-0.029272
0.912964	-0.042990	-0.128278	0.073110	0.012906	-0.033454	0.001189	0.218149	-0.059697	0.021497	-0.098446	0.078178	0.000612	-0.007881	0.139571	-0.096720	0.002554	0.079809	-0.038247	-0.070004	-0.001449	0.009315	0.011655	0.034306	-0.043245	0.070465	0.034020	0.011825	-0.005511	-0.003754	-0.019126	0.012329	0.011805	-0.021610	-0.009951	-0.027482	0.033291	-0.033173	-0.020993	0.047914	-0.037840	-0.037935	0.016611	-0.046451	-0.013956	-0.019134	-0.074568	0.033629	0.044189	0.038671
0.424534	0.052098	0.000162	0.145035	0.024030	-0.053478	-0.019491	-0.110885	-0.003168	-0.023928	-0.080653	0.241946	0.117906	0.261280	-0.038444	0.092591	-0.081244	0.102668	-0.017100	0.067304	0.001694	0.005211	-0.005722	0.077903	-0.096862	-0.066516	-0.178527	0.049883	0.195448	0.000745	0.272613	-0.193276	-0.015526	-0.250244	0.173541	0.065482	-0.134427	-0.177405	-0.151373	0.224602	-0.049766	0.022963	-0.178398	0.161757	0.203574	-0.078729	0.034914	0.040945	-0.120188	0.223113
0.926459	0.226675	-0.029217	0.044171	0.000158	-0.113211	0.094794	-0.059075	-0.025248	-0.018546	-0.064752	0.024184	-0.029868	0.126316	-0.017313	-0.030202	-0.018610	0.009775	0.041934	-0.060287	0.010205	-0.009995	-0.034585	0.048161	0.019321	-0.020314	-0.037132	-0.009843	0.001666	-0.039040	0.023488	-0.001836	-0.029027	0.000449	-0.006335	-0.039226	-0.023780	0.046326	0.010333	0.013448	0.025368	-0.085654	0.025022	0.000255	0.048586	-0.059185	-0.009119	-0.066739	0.003641	-0.006089
0.858716	0.097746	0.061199	0.151696	0.019292	-0.204054	-0.166444	0.123018	-0.001213	-0.051443	0.047265	-0.010311	-0.086521	0.067950	0.079235	-0.026759	0.009501	-0.017051	-0.010597	-0.046408	-0.024147	0.040570	0.018481	-0.033347	-0.167161	-0.022787	0.047038	0.010474	0.129286	-0.031271	-0.037103	-0.007209	-0.170994	0.077592	0.040821	-0.049127	-0.019659	-0.003752	0.065345	-0.022970	-0.043610	-0.017869	-0.049893	-0.022268	0.063416	0.006517	0.021257	-0.051780	-0.024261	-0.059989
0.963786	-0.058229	0.062308	0.008995	-0.078697	-0.090800	-0.012160	-0.069856	0.016463	-0.087474	0.034569	-0.010240	-0.018868	-0.037633	-0.033826	-0.022528	0.045395	-0.044027	0.045486	0.048244	0.018435	-0.000653	-0.017935	-0.009478	0.025981	0.044752	-0.008067	-0.001878	0.020522	-0.005182	-0.044921	-0.001193	-0.025059	-0.028222	0.037211	-0.021945	-0.011679	-0.047186	0.004205	-0.029752	0.061483	0.003075	0.036669	0.001488	-0.001352	-0.040517	-0.028344	0.048599	-0.017466	-0.021972
0.959017	0.018736	-0.078189	-0.080404	0.025452	0.171921	0.017964	0.014622	-0.036130	-0.052725	0.055234	-0.006818	-0.025270	0.056193	-0.060667	-0.021474	-0.014727	0.005168	-0.022215	-0.041116	0.006085	-0.016976	0.034876	-0.027376	0.003512	-0.026014	-0.010275	-0.024227	0.043819	-0.017348	0.020009	-0.000415	0.015387	0.001840	-0.003460	0.019584	-0.009495	-0.041999	0.022816	-0.012116	0.013311	0.017245	-0.043372	0.048508	-0.031339	0.009864	0.018206	-0.013365	0.056747	0.009912
0.964500	-0.113639	-0.005938	0.000956	0.033106	-0.174273	0.093740	0.009323	0.004774	-0.003466	0.000860	0.012344	-0.002398	-0.016921	-0.025605	0.002315	0.005559	0.023518	0.068797	-0.021711	0.014046	-0.017428	-0.006793	0.018992	0.012154	0.003416	0.020856	-0.011084	-0.032564	0.018383	-0.019466	0.045540	-0.022227	-0.005363	0.007251	-0.022680	-0.004841	-0.003860	-0.021084	0.016132	-0.005503	0.000629	0.016203	0.027840	0.016960	0.009317	-0.018404	0.008570	0.018788	-0.001493
0.970170	-0.003541	-0.115110	0.072374	0.008772	0.043751	-0.029822	0.000077	-0.078615	0.039931	-0.081836	0.020245	0.001121	0.000202	-0.031904	-0.074733	-0.031069	0.010534	0.022656	-0.017911	0.012379	-0.018901	-0.002710	0.016836	-0.013389	-0.002285	-0.030734	0.008468	-0.001182	-0.042791	-0.004037	0.030441	-0.046248	-0.004546	-0.009010	0.050974	-0.013407	0.028710	-0.002716	-0.005167	0.010575	-0.025239	0.033047	-0.012648	0.008457	-0.016180	0.002768	0.025837	0.013649	-0.011961
0.967101	-0.082125	0.062081	0.168160	0.038838	0.080957	-0.028788	0.000945	-0.007860	-0.013133	-0.019911	-0.042069	0.002577	0.007205	-0.066575	0.002756	-0.002996	-0.011533	0.039600	-0.005570	0.001545	0.011629	-0.021493	0.012890	0.016247	-0.004906	0.021277	-0.007788	0.023463	-0.016388	0.026304	-0.023920	0.011678	0.010911	-0.011267	-0.000070	0.014996	-0.015550	0.022843	0.000512	-0.005537	0.013685	0.001780	0.012958	-0.031554	-0.029231	-0.004227	0.007215	0.019549	-0.024366
0.948441	0.034008	0.145728	-0.148944	0.050619	-0.024348	0.031492	0.073422	-0.058311	-0.007494	-0.008165	-0.035121	-0.055786	-0.000028	0.033963	-0.016989	-0.011649	-0.077720	0.001846	-0.010028	-0.060888	0.024727	0.015299	0.080514	-0.029712	0.026417	0.030056	0.003236	0.028794	-0.028007	-0.029825	0.048360	-0.031320	-0.003842	0.003015	-0.031799	-0.061379	-0.010493	0.040944	0.024317	-0.001441	-0.004173	0.006402	0.004474	0.032021	-0.004785	-0.048873	-0.015360	-0.006351	0.020655
0.887242	-0.027164	-0.054326	0.192440	-0.052638	-0.221630	-0.123576	0.068916	-0.072327	0.051065	-0.040511	-0.005677	-0.037170	0.070152	-0.071741	-0.060354	0.007845	-0.034722	-0.033201	0.068821	0.000018	0.029204	-0.027340	-0.025809	-0.053407	-0.035446	-0.006768	-0.097185	-0.018841	0.092323	0.020443	0.102421	-0.086563	-0.028893	0.038066	-0.044565	-0.011689	0.002630	-0.013923	0.039535	-0.022146	-0.048228	0.000241	-0.038048	-0.016621	-0.053437	0.035485	0.040149	0.086683	-0.036898
0.919690	-0.126522	0.110980	-0.131499	0.042019	-0.113050	-0.073457	0.146518	-0.130902	-0.119520	0.037087	-0.051218	-0.035567	0.018433	0.014444	-0.063446	0.050415	0.008169	0.011198	-0.029433	0.004373	-0.014490	-0.027781	-0.011875	0.010514	-0.041737	-0.022757	0.026413	-0.025442	0.018059	0.034407	0.013052	-0.055174	-0.032251	-0.003457	-0.012000	-0.034541	0.029009	0.039709	-0.016893	0.021934	-0.012712	0.006243	0.017795	0.007286	-0.063413	0.009595	-0.015953	0.041622	-0.021477
0.917647	0.065402	-0.138210	0.000805	0.211073	0.116151	-0.075126	-0.043778	-0.021397	0.044948	0.010218	-0.002924	-0.074673	0.028696	-0.006420	-0.084646	0.029751	-0.052074	-0.019278	0.005380	0.015566	-0.003179	-0.020891	-0.043757	-0.063656	-0.089037	-0.021865	0.036643	-0.012265	-0.024843	-0.008313	0.037688	-0.022171	0.015011	-0.047057	0.079968	0.024700	0.036787	-0.086341	0.014232	0.066378	0.028528	-0.024430	0.020213	0.049734	-0.004242	-0.027483	-0.030875	0.013257	-0.023187
0.972092	-0.079697	0.070835	0.095888	0.027584	0.084736	0.039378	-0.019593	-0.079404	-0.003254	0.023593	0.025552	0.046954	0.040790	0.000429	-0.026272	0.017731	-0.015213	-0.025462	-0.017753	0.024540	-0.022406	0.001034	-0.034532	-0.007361	-0.021267	0.029784	-0.043145	-0.031003	-0.028708	0.042886	-0.002291	-0.001323	0.001300	-0.005376	-0.008441	-0.009190	-0.007120	-0.006019	0.015997	-0.001415	0.017560	0.011610	0.013732	-0.006655	-0.005842	-0.005552	0.021804	0.008493	0.000166
0.963148	-0.060630	0.130105	-0.001025	0.032647	-0.091410	0.003380	-0.051826	-0.030681	-0.011477	-0.020536	0.008358	0.002586	-0.075789	0.026297	-0.035661	0.015437	0.064651	0.019862	0.025300	0.043681	-0.000078	0.052238	-0.019792	0.002774	-0.007538	0.016246	0.005083	-0.009888	0.021769	0.030474	0.007555	-0.018078	-0.031091	-0.009816	-0.043015	-0.012193	0.021606	-0.035721	0.011236	0.049327	0.004532	0.052501	0.023381	-0.046520	-0.045976	-0.016087	0.045927	-0.013756	0.010111
0.908939	0.065078	0.060240	0.010125	0.212079	-0.163458	0.076576	-0.011418	0.039844	-0.074691	0.015927	-0.025348	0.006523	-0.016242	-0.037084	-0.015017	0.037955	0.093341	0.080749	0.041003	0.077831	0.050774	-0.072278	0.036482	-0.003634	0.048092	0.003570	-0.016318	-0.019603	-0.020904	-0.018304	-0.008493	-0.065795	-0.027996	-0.001310	-0.100926	-0.032408	-0.035305	-0.064538	0.008816	0.018016	0.036409	0.039730	0.048302	-0.036457	-0.073194	-0.033530	-0.033933	0.032465	-0.058362
0.891156	0.031146	0.072894	-0.043031	-0.054073	0.130921	0.024008	-0.095377	0.079883	-0.119611	0.139009	0.048158	0.191645	-0.054012	-0.020087	-0.088189	0.171286	-0.033124	0.004450	0.050984	0.042962	-0.045725	-0.039213	-0.071349	0.012176	0.013922	0.009966	-0.015802	0.013223	-0.006907	-0.099095	-0.002830	-0.000670	-0.071270	0.043831	0.009840	0.026251	-0.057640	0.041366	-0.017590	-0.040225	0.019782	-0.027158	-0.066866	0.038409	-0.021270	-0.031771	-0.010014	-0.005397	-0.005933
0.973642	0.087996	0.093448	0.036140	-0.007208	0.128115	-0.021562	0.017578	0.017869	-0.034326	-0.028915	0.013961	0.014645	0.012428	-0.004482	-0.026479	0.018419	-0.002861	0.010439	-0.020809	-0.050290	-0.016048	0.029577	0.002432	0.021941	0.002567	0.012048	-0.007012	-0.051973	-0.001368	0.011317	-0.002201	-0.013798	-0.008096	-0.026023	-0.002975	0.016407	-0.020773	-0.027552	-0.030042	-0.008640	-0.004897	-0.000676	-0.008369	0.012533	0.031782	-0.012564	0.016326	-0.006285	0.014188
0.953247	-0.131549	-0.021252	-0.023052	-0.024459	-0.067918	0.163408	0.109700	0.008986	-0.033640	-0.023487	0.002449	-0.065674	-0.011681	0.019065	-0.037043	-0.012885	-0.058144	0.056474	0.016112	0.026621	-0.006372	0.031696	-0.011112	0.014911	0.003863	-0.006868	-0.014397	-0.026823	0.007220	0.001252	0.011255	-0.003506	0.000451	-0.009827	0.009019	0.005724	-0.029391	0.042583	0.006719	-0.026827	0.041204	0.012758	0.038496	-0.013187	-0.025162	0.052985	0.000058	0.012181	0.009754
0.953930	-0.077844	0.074216	-0.128096	0.061312	0.087778	-0.107891	0.063529	-0.043660	-0.012497	-0.021285	0.004199	0.009342	-0.009443	0.037271	-0.099353	0.013151	-0.063958	0.043538	0.010085	-0.009081	0.021743	-0.029591	-0.022656	0.000693	-0.042512	-0.005201	-0.000892	-0.047723	-0.026382	-0.001689	0.016791	-0.049888	-0.030988	-0.013472	-0.009792	-0.031040	0.033211	0.001487	-0.009459	-0.006737	0.006023	-0.017785	0.003430	0.018024	0.005711	-0.014844	-0.006717	0.019802	0.017983
0.982592	0.058815	-0.038493	0.013159	-0.020315	0.102713	0.017028	-0.023134	-0.036935	-0.031250	0.019805	0.056077	0.009497	-0.013761	-0.041732	0.010173	0.015521	-0.010378	0.030801	0.009831	-0.035977	-0.025337	-0.003124	-0.005766	-0.017656	-0.001368	0.012228	-0.000201	-0.004935	0.015297	-0.012517	-0.008199	-0.002502	-0.032274	-0.015373	0.015264	-0.013657	-0.012035	0.005135	-0.010677	-0.016251	0.021033	0.005075	-0.030690	0.010362	-0.003434	-0.017321	-0.017829	0.029483	0.004588
0.964691	0.133806	-0.051388	0.041748	-0.022298	0.123278	0.031921	-0.073680	-0.032172	-0.040597	0.011270	0.025687	-0.079901	0.033541	-0.051408	0.030064	-0.004075	-0.000053	0.008341	-0.019182	-0.042647	-0.012670	-0.011401	-0.020539	-0.025971	-0.010744	0.034365	0.005293	0.012731	0.023383	-0.010548	-0.005041	0.012390	-0.001728	-0.006035	0.006024	-0.011830	-0.033137	0.015188	0.003765	-0.011440	0.015778	-0.004175	-0.015928	0.008363	-0.007566	-0.034330	-0.022985	0.017399	0.009288
0.958637	0.140920	0.021160	0.015512	-0.032366	0.108794	-0.011458	-0.106677	-0.038248	-0.012173	0.051090	-0.041703	-0.059559	0.036971	-0.028575	0.024886	0.026010	-0.022042	-0.007245	-0.018315	0.006663	-0.014322	-0.025040	-0.026074	-0.029420	-0.032448	0.052767	-0.039228	0.000241	0.022618	-0.025818	-0.028126	-0.010414	0.004469	-0.048080	-0.011405	-0.039631	-0.026326	0.029043	0.003624	-0.034132	0.019523	-0.004667	-0.027663	-0.027719	-0.018307	-0.025129	-0.009449	0.032547	-0.039228
0.966563	0.092096	-0.072729	-0.051485	0.004377	0.144991	0.054057	-0.051333	-0.043848	0.002358	-0.001685	0.011090	0.013632	0.011682	-0.003864	-0.028646	-0.004718	0.036915	0.013549	0.021411	0.028418	-0.034045	-0.011117	-0.022978	-0.006154	0.037661	0.018338	-0.058885	0.019199	0.011487	-0.027865	-0.041428	0.002104	-0.012874	-0.020587	0.033135	-0.042846	0.021140	-0.003218	0.005879	-0.038290	-0.011478	0.017864	0.004452	-0.020699	0.013301	-0.003103	0.006715	0.002683	0.001194
0.966591	0.116927	-0.006838	0.064604	-0.007046	0.090202	0.020135	0.053397	-0.084909	-0.008446	-0.003604	0.057993	0.015586	-0.034503	0.001449	0.005718	0.002122	-0.022335	0.000119	0.046566	0.023201	-0.032089	0.083131	-0.049890	0.011016	0.016121	0.028877	0.018347	-0.001335	-0.001378	0.028921	-0.007357	0.018124	-0.022949	0.011603	-0.013047	-0.021987	0.012149	0.011891	0.039421	0.000864	0.024475	-0.000011	0.008244	-0.017769	0.020605	-0.010127	-0.020232	0.044765	-0.027312
0.975464	-0.128148	-0.055755	-0.066500	-0.020328	0.072032	-0.073806	0.004593	-0.004503	0.034470	-0.001263	0.000416	-0.024040	-0.022284	0.016560	-0.012084	-0.004446	-0.024953	0.016895	-0.008960	0.009184	0.034237	-0.015888	-0.002983	-0.030877	-0.031529	-0.018107	0.013682	-0.020643	-0.005659	-0.014031	-0.014510	-0.024863	-0.002908	-0.010192	0.048986	0.012194	-0.020945	0.001902	-0.002515	-0.003386	0.023446	0.009357	-0.010579	0.012401	0.005611	-0.005306	0.011417	0.007090	-0.002570
0.972443	-0.045569	-0.008962	-0.089341	-0.053060	0.027329	-0.002627	-0.107907	0.024414	-0.016198	0.004835	0.039152	-0.062737	0.093785	0.037866	-0.006820	-0.075208	0.028030	0.010608	0.002476	-0.008491	0.002188	-0.017487	0.008443	-0.014776	-0.008461	-0.015967	-0.018396	0.000474	-0.003335	0.018283	-0.015530	0.026044	0.010963	-0.022519	-0.005106	0.011082	-0.003578	0.036355	-0.000134	-0.015467	-0.007724	0.006290	-0.014590	-0.013565	0.002241	0.014387	0.004995	0.011309	-0.001743
0.971282	-0.025635	0.051000	0.068696	0.100897	0.045714	-0.066394	0.051288	0.052428	-0.010636	-0.071457	0.091954	0.027683	0.004689	-0.006686	-0.012739	0.005132	-0.025439	0.026242	0.011202	-0.024621	0.034569	-0.006320	-0.020676	0.015104	-0.024930	0.008225	0.017125	-0.043702	0.021751	-0.006677	0.001783	-0.004683	-0.002937	-0.028648	0.000661	-0.005512	-0.037277	-0.028431	0.007181	-0.001710	-0.006112	0.004274	-0.015858	0.026194	0.011715	0.012810	-0.003120	-0.006013	-0.005832
0.977177	-0.032347	0.158229	-0.007588	-0.011739	0.024102	0.010912	-0.027875	-0.022040	0.031715	-0.048682	-0.026034	0.033377	0.053877	0.019096	-0.021681	-0.009228	0.010179	0.010925	-0.026090	-0.043557	-0.024863	0.013013	-0.006682	-0.011756	0.007875	-0.010565	-0.005861	-0.008640	-0.001564	0.009713	-0.005217	0.013010	0.017093	-0.020184	-0.024400	0.009637	-0.008245	-0.011168	0.001364	-0.010790	-0.008478	0.013413	-0.014731	0.007190	0.015373	-0.007099	0.028475	-0.008039	-0.012843
0.914650	-0.124740	0.217212	-0.067696	-0.013845	-0.095460	0.010795	-0.152491	0.051481	0.041864	-0.119841	-0.042766	-0.017220	-0.001405	0.043071	-0.013913	-0.006965	0.054039	-0.047508	-0.015303	0.006238	0.034568	0.085737	-0.007621	0.005091	-0.013069	0.051793	0.009620	0.025470	0.036722	0.003290	-0.042822	0.051432	-0.040614	-0.012078	0.010207	-0.024031	-0.039084	-0.017330	0.010748	-0.031142	0.015780	0.027669	-0.058132	-0.017615	0.024171	-0.047253	0.017986	-0.059636	-0.011099
0.955526	-0.000427	0.129448	0.026027	0.017841	0.014174	0.091110	0.004652	0.014638	-0.070559	-0.088958	0.102572	0.005146	0.024632	0.040185	0.121507	0.009035	0.000034	-0.010955	-0.010878	0.002624	-0.026692	-0.045752	0.014662	-0.048877	0.005808	0.024020	-0.041286	0.016352	-0.013840	-0.023391	-0.003026	0.020367	-0.023837	0.007082	-0.002115	0.073482	0.018637	0.029268	-0.011170	-0.020618	0.011144	0.041283	0.013830	0.014754	-0.004959	-0.006739	-0.012105	-0.016421	0.008551
0.977910	0.000328	-0.059167	0.017599	-0.051872	-0.053981	-0.016608	-0.035664	0.122039	0.036217	0.023395	0.052852	-0.003607	0.033539	0.023986	-0.015627	0.002863	0.008559	0.050667	0.010159	0.002648	0.013254	0.037753	0.015510	0.001255	0.002564	-0.002727	-0.018179	0.013386	-0.009091	0.012371	0.024754	0.012408	-0.028796	0.000351	-0.005329	-0.003132	-0.009846	0.018653	0.020790	-0.006992	0.013050	0.033318	0.016779	0.012533	0.002245	-0.020438	0.008633	-0.015796	-0.028974
0.969381	0.061425	0.002232	-0.031813	-0.089173	0.070391	-0.000291	-0.021989	0.125034	0.031921	0.026201	0.026385	-0.024097	0.026907	0.015045	0.035150	-0.058360	0.034327	0.000885	0.050934	-0.018529	0.011796	-0.018268	0.030147	-0.027655	-0.047486	-0.034408	-0.005078	0.027217	0.048940	0.020501	-0.011474	0.007530	0.018928	-0.002504	-0.007325	0.013048	-0.005128	0.002964	-0.027526	-0.014849	0.028487	-0.017243	-0.008561	-0.009890	-0.005064	-0.022893	-0.026604	-0.003867	-0.016886
0.979255	-0.120137	-0.041890	-0.055164	-0.012936	0.024340	-0.011626	-0.039600	0.036803	-0.003793	-0.017080	-0.016786	-0.011551	-0.024892	-0.022173	0.024005	0.027777	-0.028313	0.075098	0.006328	-0.002715	-0.001338	0.014957	0.006464	0.038218	0.020030	0.023165	0.006052	0.015912	0.019350	0.002338	-0.019181	0.001573	-0.003246	0.002452	-0.022513	0.029683	-0.004747	-0.004960	0.031946	-0.002207	-0.017195	0.015432	-0.002608	-0.013908	0.004172	0.006537	0.020311	0.029599	-0.008731
0.964753	0.154503	-0.083335	0.063130	-0.057440	-0.074222	0.002614	-0.034688	0.008379	-0.029345	-0.013001	-0.013047	-0.027199	0.077529	-0.059610	0.016737	0.022679	0.019127	0.049616	0.015132	0.015996	-0.014991	-0.004140	0.015740	-0.051818	0.006649	-0.025580	-0.014747	0.016858	0.006872	-0.015016	-0.020418	0.014710	0.007736	0.021541	0.009408	0.014657	-0.009803	0.003315	-0.007993	0.003352	0.016722	-0.020817	-0.001757	-0.004609	0.016216	0.016870	-0.002116	0.031885	-0.012383
0.982759	-0.010261	-0.044393	0.003956	-0.026885	-0.002108	0.016673	0.019641	0.033898	-0.046036	-0.017020	-0.011980	-0.039751	0.066262	-0.031036	-0.003850	-0.019758	-0.010124	0.048623	-0.032357	0.022609	0.002490	-0.014538	0.052932	0.023163	-0.020993	-0.007204	-0.013876	0.011552	-0.010486	-0.018417	0.055471	-0.015322	-0.001644	-0.014493	0.021017	-0.031204	-0.005393	-0.010334	0.047367	0.004641	-0.014340	0.027290	-0.009551	-0.009026	0.022184	0.018276	0.028990	0.026081	0.001190
0.972913	-0.084707	0.021365	0.015702	-0.029045	0.076677	-0.052754	0.040873	0.004835	-0.022152	-0.094041	0.056800	0.002894	-0.013323	0.031504	0.039901	0.010322	0.050935	0.019584	0.052693	0.010412	0.017348	0.018795	0.034137	-0.000022	0.043812	0.022702	-0.017744	0.015788	0.000100	0.014634	-0.011860	0.032253	-0.008286	0.009022	0.011980	0.003356	0.008253	-0.012846	0.026804	-0.010241	-0.003653	0.019486	-0.044527	-0.025483	0.025498	-0.025061	-0.025728	0.004302	0.022433
0.950836	-0.057065	-0.112394	0.111615	-0.089265	-0.089537	0.033447	0.023500	0.060369	0.029261	-0.005428	0.056041	0.045784	-0.044776	-0.058997	-0.069534	-0.021640	-0.079752	-0.014701	0.034601	-0.015083	0.016134	-0.007247	0.045673	-0.010666	-0.017905	0.000247	0.043471	0.024277	0.011448	-0.009504	0.009261	0.012323	-0.020563	0.001559	-0.005669	0.000165	-0.037024	0.011589	-0.013729	0.005444	-0.050983	-0.023299	0.042220	0.024148	-0.059790	-0.026890	-0.027734	0.045385	-0.027636
0.971201	0.046927	-0.026928	-0.129027	-0.092659	0.017100	0.034347	-0.010278	-0.016543	-0.035610	0.021425	0.033548	0.002682	0.007777	-0.005821	0.002310	-0.009776	-0.008000	-0.032051	0.057323	0.033559	0.022785	-0.019789	-0.006961	-0.006092	0.047820	0.043266	-0.043984	0.043002	-0.010175	-0.022114	-0.021936	0.011425	0.012881	0.021932	-0.000142	-0.003548	-0.012418	-0.046481	-0.027315	-0.026739	-0.008148	0.002218	-0.026514	-0.014833	-0.024216	-0.021154	0.013654	-0.028400	-0.024482
0.958650	0.091205	-0.001475	-0.061778	0.016047	0.167478	-0.016488	-0.022235	-0.076006	-0.000707	0.092331	-0.022148	-0.000700	0.043219	-0.024742	0.053365	0.002177	-0.035570	-0.048640	0.077168	0.018979	-0.003098	-0.007114	0.014606	-0.019339	0.011444	0.024715	0.024203	0.042126	0.016069	0.003451	0.013162	-0.018662	0.017623	0.000644	-0.000061	-0.016770	-0.017730	0.012936	0.001833	0.016255	0.040596	0.000557	0.004412	-0.000860	0.027205	-0.028782	-0.019477	-0.012053	0.007947
0.949582	-0.043435	0.087714	-0.131933	0.123700	0.048971	0.039055	0.106361	0.113020	-0.039909	0.055172	0.036444	0.012293	-0.020034	0.030548	-0.033083	0.020949	0.047530	0.031409	0.010515	-0.044280	0.010393	-0.006682	0.011690	0.023950	-0.017809	-0.021426	0.015346	-0.031086	0.014264	0.016392	0.002806	-0.038818	-0.028271	0.004376	0.010881	0.021664	-0.026622	0.029373	0.006574	-0.010147	0.044307	-0.024575	-0.027937	-0.006362	0.017325	0.037305	0.018174	-0.017921	0.003363
0.879161	-0.274582	-0.021207	-0.132654	0.151867	-0.149435	0.131845	-0.105142	-0.069020	-0.040291	0.065327	0.085104	0.010044	0.124020	-0.005480	0.003879	0.020220	-0.030349	0.012785	0.069645	-0.000406	0.051184	-0.041349	0.025826	0.030666	0.040539	-0.020059	0.020681	-0.050959	-0.019737	0.014857	-0.011307	0.001249	0.023177	-0.011289	0.031792	0.039261	-0.000955	0.009790	-0.027695	0.004602	-0.014193	-0.006554	-0.003864	-0.006278	0.020239	0.020961	0.033411	-0.041521	-0.014010
0.925855	0.166312	0.106631	0.030985	0.170665	0.000900	0.043228	-0.041047	-0.036066	-0.053586	0.034585	-0.001255	0.022121	-0.058142	-0.004041	-0.001269	0.020431	0.045479	0.028117	0.047615	0.024259	-0.022679	0.049684	0.029440	-0.041147	0.012040	-0.029008	-0.059998	0.074462	-0.076912	0.000644	-0.043238	-0.026313	0.039164	0.006115	-0.015463	0.011358	-0.082394	0.048143	-0.006622	0.056401	0.015474	-0.040650	0.028150	-0.075110	-0.057987	-0.043492	0.006566	0.050370	-0.012231
0.986057	-0.018199	-0.062950	-0.029658	-0.028031	0.032146	-0.037038	0.016207	0.050868	0.008840	-0.000159	0.041264	0.002810	-0.027348	0.010106	-0.016504	0.016962	-0.021367	-0.001308	0.004430	0.036741	0.011835	-0.035337	-0.031237	-0.015372	-0.001948	0.025503	-0.003767	0.005427	-0.021473	0.002376	0.034354	-0.009883	-0.003784	-0.001920	0.010216	0.004795	-0.005363	0.042302	0.016122	-0.023730	0.026063	0.005836	0.046302	0.014886	-0.012973	0.001395	0.015379	-0.011555	-0.001447
0.979266	-0.060178	0.069629	0.085290	-0.026039	0.009431	0.066434	-0.068199	0.005552	-0.016130	0.024857	0.034154	0.010142	-0.005115	0.042014	-0.003953	0.011261	0.036234	0.031353	0.018421	-0.013002	-0.003343	0.015119	0.046433	-0.001879	0.000202	-0.005790	0.007508	-0.017759	-0.009467	0.009039	-0.010985	-0.001005	-0.019753	0.004141	-0.004085	-0.014489	-0.000475	0.017487	0.001790	-0.039406	-0.016152	-0.009778	-0.022383	-0.032467	0.001692	0.005337	0.008041	-0.011861	-0.028363
0.980581	0.022012	0.048646	0.084653	0.064257	0.006827	-0.003237	-0.017203	0.040249	-0.006130	-0.070688	0.052949	-0.013074	0.029633	0.022378	-0.009211	-0.028675	0.006913	-0.006356	0.040190	0.028560	0.000904	-0.000990	-0.002856	0.006896	-0.030639	-0.039934	0.019710	-0.015465	-0.001610	-0.007987	0.012454	-0.018185	0.021379	0.000556	0.033771	-0.012359	0.017780	-0.028288	-0.015218	-0.034846	0.021324	-0.013968	0.016215	-0.014385	-0.013648	0.007863	-0.006223	0.000604	0.006178
0.957960	0.089354	-0.082093	-0.129845	-0.009643	0.019630	-0.020977	0.082052	-0.014151	0.135774	0.043235	-0.002215	0.018782	0.011421	-0.002437	0.026336	-0.074093	-0.023140	0.034446	0.016277	-0.001523	0.014357	-0.011996	0.009228	-0.012523	0.000319	0.034545	0.018322	0.005973	0.003200	0.043554	-0.028091	-0.014823	-0.020250	-0.000868	-0.004243	0.031117	0.031324	0.038259	-0.002600	0.039323	0.022586	0.006945	0.011060	-0.021586	-0.028757	-0.013627	-0.002145	0.035722	0.000265
0.959239	0.015946	-0.005515	0.054034	0.091042	0.143585	-0.014632	-0.032158	-0.044761	0.014310	0.074426	0.061967	0.052177	-0.058076	0.085374	0.020321	0.057552	-0.027388	-0.039075	-0.012297	0.014723	-0.001989	0.003228	0.035087	0.021079	-0.011279	-0.005449	0.029555	0.007847	-0.030186	0.005719	0.040040	0.000871	-0.006502	0.057971	-0.032608	0.001834	-0.012066	0.000371	0.008727	-0.025010	-0.061110	0.003028	-0.014730	0.006151	-0.003821	-0.013878	0.001504	0.001359	-0.017477
0.958111	0.051317	0.014478	-0.047645	-0.016358	0.077037	-0.022390	-0.007926	-0.087923	0.046602	0.051108	-0.008344	0.027415	0.009497	-0.001942	-0.010494	-0.033361	0.001228	-0.046710	0.052992	0.052444	0.049631	-0.012688	0.036034	-0.021986	0.030425	-0.047389	-0.041684	0.017879	0.065955	-0.026557	0.123246	0.032246	-0.016701	-0.019186	-0.000997	-0.001131	0.001718	-0.040218	0.003527	0.020900	0.059336	-0.044557	-0.023665	0.015163	0.054270	0.035380	0.033038	-0.018773	-0.046618
0.951828	-0.049998	0.046400	-0.020796	0.104552	-0.010414	-0.079368	-0.054207	-0.057300	0.066046	-0.061092	0.064159	0.064644	0.040119	0.046523	-0.003363	-0.007942	0.042712	0.045629	0.011586	-0.014260	-0.040364	0.043336	-0.028369	-0.034182	-0.014696	-0.036120	0.077045	-0.053156	0.058933	-0.049342	-0.070818	-0.005215	-0.004851	-0.002014	0.021995	-0.044578	-0.051721	-0.033855	0.006655	0.048509	-0.025915	0.029010	-0.016915	-0.025883	-0.040910	0.010071	-0.027337	0.020935	-0.006079
0.971256	0.010516	-0.021840	0.119113	0.049670	0.010916	0.041626	-0.068845	0.076694	0.009347	-0.032961	0.011781	0.003081	-0.049722	0.026490	-0.036012	-0.010588	-0.030197	-0.013507	-0.021162	0.071984	0.001819	0.005531	0.007195	0.027494	-0.034911	-0.000480	-0.002842	0.026573	-0.020156	-0.014694	0.028963	0.035150	-0.009820	-0.000884	-0.028044	0.048232	-0.016202	-0.032833	-0.016038	-0.003679	-0.002578	0.000513	-0.017975	0.008682	-0.018828	0.049236	-0.028255	-0.001493	0.006273
0.934437	-0.058819	0.186926	0.107746	-0.012847	0.031630	-0.097432	0.050190	-0.020017	-0.031074	-0.009684	-0.067477	0.009973	0.005976	0.078307	0.019816	-0.054957	-0.069234	-0.013642	-0.002051	-0.031180	0.064725	-0.064810	-0.017595	0.039153	0.078165	-0.010257	-0.033240	0.025919	-0.001614	-0.045120	0.001295	0.031935	-0.017578	-0.056397	0.060699	-0.009301	0.060246	-0.056566	0.025427	0.015315	-0.011955	-0.001748	0.051269	-0.016281	-0.032743	0.013045	-0.016750	0.008086	0.033286
0.957952	-0.087307	0.019649	0.107316	-0.073903	0.117284	-0.036280	-0.075027	-0.017526	-0.063816	-0.020140	-0.003828	-0.008302	0.022211	-0.006529	-0.068209	-0.018579	0.012589	-0.015479	0.024979	-0.060331	0.029776	-0.004924	-0.004696	0.020486	-0.041837	-0.000072	0.020246	0.032507	-0.061542	-0.023761	0.020252	0.087495	0.004775	0.012241	0.014751	0.021788	0.027027	0.013155	0.007148	0.012313	-0.033022	0.015000	0.021099	0.006493	-0.023201	0.006811	-0.009436	0.007308	0.009407
0.948579	-0.079940	-0.041184	0.057822	0.019538	0.084330	-0.104089	-0.058651	-0.043337	-0.036416	0.017138	0.097676	-0.012617	0.067704	-0.016009	0.010825	-0.069842	-0.071735	-0.045023	-0.013909	-0.055531	0.046129	-0.053560	0.090498	0.003247	0.020075	-0.001590	0.025833	-0.008012	0.005540	-0.005065	0.011672	-0.010329	0.040780	0.058277	-0.057346	-0.027636	0.015574	0.006085	-0.001790	0.041524	0.023533	0.014354	0.028762	-0.006442	0.066184	-0.003254	0.024988	0.031858	0.010283
0.921325	0.071300	-0.042404	0.190203	-0.123255	0.070647	-0.039429	0.035248	-0.081518	0.074610	-0.055012	-0.042244	-0.055464	0.070042	0.052245	-0.017730	-0.012876	-0.006811	0.019429	-0.009862	0.002095	-0.039196	0.128761	-0.084541	0.054976	0.061938	0.016599	-0.014816	0.054580	-0.029211	-0.013542	-0.017171	-0.062626	0.017587	0.031284	0.040509	-0.041244	0.052430	0.061845	-0.018731	-0.006888	-0.027474	0.036647	0.004096	0.004316	-0.025191	0.004608	0.021598	-0.005413	-0.025405
0.970329	0.034831	-0.006428	-0.041496	0.012799	0.031995	0.117219	-0.071309	-0.074747	0.053508	0.032650	0.013698	-0.007564	0.033595	0.040248	0.009556	0.022516	0.016131	0.041730	0.002119	0.022020	-0.036543	-0.025085	-0.015580	-0.047714	-0.039668	-0.036533	0.012038	-0.033549	-0.022121	0.005721	0.023664	-0.012750	-0.016880	0.036280	0.005881	0.000353	0.007948	-0.006695	0.035498	-0.015167	0.046168	-0.014296	0.054956	-0.013458	0.014498	0.011631	-0.014930	0.001426	-0.024986
0.950859	-0.033562	0.161139	-0.003879	-0.080952	0.000554	0.127580	-0.026385	-0.100969	0.014908	-0.030219	-0.056146	-0.033442	-0.023524	0.021169	-0.043274	0.006634	0.015602	-0.023042	-0.010773	-0.042818	0.009392	-0.013599	0.042691	0.031841	0.014475	-0.021835	-0.002240	-0.013787	-0.054423	-0.005907	0.000939	0.047662	0.032066	0.044105	-0.007979	0.000459	0.007716	0.040739	0.051141	-0.032438	-0.045067	-0.011903	-0.029197	0.041037	-0.009421	0.017572	-0.012504	0.029422	-0.013307
0.940465	0.066857	0.092785	-0.119975	-0.059923	-0.022249	0.112748	-0.072234	-0.064622	0.000417	0.034691	-0.048045	-0.096752	-0.037952	0.022045	-0.032192	-0.031477	-0.038740	-0.042427	0.000661	0.041968	0.019582	-0.036016	0.043267	0.056840	-0.022836	-0.023060	0.047124	-0.019607	-0.056123	0.051913	0.000685	-0.017879	-0.062703	-0.012632	0.058548	-0.011440	0.008510	-0.032582	-0.003024	-0.061343	0.047755	0.037341	-0.025220	-0.051265	0.002131	-0.015954	-0.018698	0.028228	0.049647
0.932693	0.011560	-0.082911	-0.118403	-0.155718	0.138117	0.091480	-0.066478	0.026145	0.035849	-0.083005	0.011985	0.001343	-0.014702	0.028235	-0.046829	0.104265	-0.052798	-0.070287	-0.043886	0.008588	0.014376	-0.034719	-0.034930	0.000720	-0.024113	0.001091	-0.006007	0.048869	0.015069	-0.044524	-0.007343	-0.004785	-0.009398	0.009072	0.019312	0.018115	0.031729	0.009177	-0.031944	0.019669	0.029175	0.018544	0.035951	0.057470	-0.008921	-0.045780	0.010837	-0.027485	0.000217
0.963287	-0.049599	0.117914	-0.083725	-0.020516	0.144371	0.015975	-0.037594	-0.052010	-0.029800	-0.009433	-0.004528	0.002523	-0.003131	0.013758	-0.005504	0.007640	-0.012840	-0.027744	0.042360	-0.024818	-0.011138	0.026088	-0.016845	-0.000069	-0.008086	-0.036566	0.008865	0.055561	0.032809	0.000519	-0.027063	-0.036738	0.042243	-0.019192	-0.034186	0.001258	0.030593	0.001438	-0.026139	0.016040	0.032153	-0.002369	0.045265	-0.014633	0.001971	0.016484	-0.027042	-0.007533	0.006848
0.924152	0.124791	0.015004	-0.195173	0.084924	0.138917	-0.012035	0.045753	0.063880	-0.057145	0.043774	0.006582	0.008227	-0.042146	0.039865	-0.059229	0.030342	0.129924	0.022757	-0.030267	-0.006811	-0.027168	0.055495	-0.017023	-0.007971	0.008360	0.022879	-0.000765	0.047929	0.004074	-0.018115	-0.029231	0.017680	-0.049779	0.014558	-0.010121	-0.017458	-0.040141	-0.007375	0.021973	0.045601	0.035104	0.010008	-0.028417	0.001635	-0.004872	-0.003653	0.024373	0.093592	0.018530
0.939503	0.227811	-0.041685	0.061987	-0.021340	0.050269	0.056720	-0.041492	0.094220	-0.024889	-0.021531	0.061598	-0.031805	-0.032304	-0.070642	0.029699	-0.002265	-0.022675	0.019645	0.027558	0.007412	-0.025703	-0.002191	0.020277	0.013232	-0.052221	0.048342	-0.027306	-0.063991	0.019369	-0.042062	0.042133	0.031867	-0.027128	-0.029005	-0.044812	-0.001579	0.017149	0.017418	0.029987	0.039188	0.013231	-0.046849	0.020158	0.023377	0.043277	0.006974	0.008821	-0.016335	0.015291
0.929816	-0.154439	-0.093366	-0.160031	0.028630	-0.030732	0.104028	0.030850	-0.047753	0.058463	-0.028948	0.049181	-0.024708	-0.010460	0.084643	-0.027853	0.046562	0.013519	0.015359	0.026950	0.049573	-0.024378	-0.033598	-0.007015	-0.092413	-0.047821	-0.003607	0.006266	-0.022209	-0.045834	-0.045626	0.052217	-0.014728	0.004413	0.021359	0.083472	0.007174	-0.002242	-0.006010	0.067321	-0.002264	0.034710	0.018891	0.020429	0.041564	0.036190	-0.005366	-0.000282	-0.051094	-0.018455
0.933320	-0.075242	0.041589	-0.181234	0.151187	-0.005459	-0.040136	-0.012257	-0.114829	0.082303	-0.015213	-0.030562	0.003280	0.004872	0.075789	-0.101744	-0.013139	0.030621	0.072674	0.013300	0.021374	0.006669	-0.013826	0.002585	-0.023334	0.014101	-0.009340	-0.041217	0.012797	-0.031010	-0.027584	0.045943	-0.001262	-0.039575	0.012054	-0.053652	0.004582	-0.002552	-0.028638	0.054047	0.008007	-0.000464	0.023476	0.008749	0.030027	0.023266	0.016846	0.024864	0.038117	-0.011309
0.941045	0.061200	-0.080960	0.149748	0.074091	-0.089834	0.119690	-0.049084	-0.049972	-0.006764	-0.052925	0.092233	0.107274	-0.044710	-0.011983	-0.041841	-0.027518	0.006053	0.024384	0.016208	0.044952	0.009244	-0.011518	0.019027	-0.004865	0.014971	-0.002838	0.028540	-0.003613	0.009728	-0.013641	0.048742	-0.008730	-0.004551	-0.012810	-0.043900	0.030186	0.031023	-0.048647	-0.011295	0.034076	0.023289	-0.045406	0.018274	-0.043528	-0.009122	0.001088	-0.038775	-0.004663	-0.003419
0.959903	0.044549	0.059118	0.058162	0.080718	0.046586	-0.049124	0.048560	-0.056295	0.023882	-0.054454	0.050612	0.030248	-0.123287	-0.044168	0.008926	0.057720	0.002082	-0.066945	0.015422	-0.023838	0.017019	0.011869	-0.007036	-0.039167	0.018245	0.000838	-0.036236	-0.036147	0.007682	0.008937	0.031041	-0.001787	-0.067726	-0.001479	0.008328	-0.048862	0.004038	-0.019363	0.013952	0.021570	-0.007086	0.028202	0.009341	-0.045434	-0.039871	-0.011611	-0.005163	0.018742	0.031024
0.978972	0.035897	0.140337	-0.020538	-0.000874	0.021947	0.039386	-0.044347	0.024597	0.000000	-0.051713	-0.035846	-0.002406	-0.000216	0.010144	-0.006516	0.038478	0.016686	-0.021355	-0.020742	-0.015438	0.007447	0.003925	-0.020195	-0.035306	-0.015813	0.003359	-0.006411	0.014740	-0.036594	0.022322	-0.023806	-0.004484	-0.011658	-0.008072	0.047393	0.004236	-0.017712	0.002580	-0.008544	0.021749	-0.017246	0.007178	-0.001619	-0.005305	-0.008847	-0.000096	-0.008614	-0.007695	-0.004298
0.973737	-0.125315	0.081871	0.025962	-0.062049	0.034043	0.005458	0.032808	-0.020197	0.025680	0.023523	-0.024197	0.006704	0.044033	0.041516	-0.033806	0.024927	-0.004411	-0.019083	-0.021515	-0.030983	0.007143	-0.004803	-0.009413	-0.062792	-0.019250	0.021571	-0.002617	0.006938	-0.016226	-0.004823	0.007995	-0.022831	0.021659	-0.032594	-0.000617	0.038529	-0.024158	0.016109	-0.029550	-0.005434	-0.031880	0.008776	0.032082	0.001710	0.009706	-0.010974	-0.011133	-0.000008	-0.007792
0.988110	0.037160	0.074545	0.002128	0.015818	-0.013632	0.032856	-0.015247	-0.050708	0.025443	-0.062376	0.030871	0.028537	-0.044442	0.003298	0.011672	0.019588	-0.018245	-0.007966	0.015910	-0.012974	0.008469	0.020685	0.005958	-0.010434	-0.012169	0.010027	0.012376	0.007135	-0.002009	-0.000522	-0.001639	0.006820	-0.006106	-0.007032	-0.000886	0.013359	0.010352	-0.003333	-0.007582	0.017012	-0.019373	-0.010838	-0.006430	0.003714	-0.008968	-0.000877	0.009156	0.008630	-0.008943
0.960070	-0.070563	0.078060	0.084279	0.084682	-0.022307	0.132094	0.071400	0.040108	-0.092935	0.002277	0.022068	-0.012704	-0.036935	-0.057398	0.026763	0.011141	-0.000494	-0.011957	0.009843	0.001878	0.007666	0.044675	-0.009328	-0.008135	0.036740	-0.023003	0.004670	-0.029681	-0.008641	-0.006014	0.028288	0.015433	0.053350	0.029657	-0.006322	-0.014087	-0.013178	-0.002961	0.034486	-0.006845	0.018875	0.000972	0.018506	-0.007218	0.008356	0.020053	0.019845	-0.006494	0.007156
0.974944	0.047253	0.000256	-0.094767	-0.029200	-0.035253	0.051699	-0.062052	0.109619	-0.017211	-0.040532	-0.011584	-0.025617	-0.007182	-0.022711	-0.014027	0.007898	-0.061679	0.033138	0.003707	0.012360	-0.018879	0.016538	-0.012707	0.004093	0.022632	-0.011197	0.000673	0.025187	0.015378	-0.006334	-0.009135	-0.016935	0.008296	0.014255	-0.011123	0.003213	0.016672	0.024056	0.001895	0.026453	0.007355	-0.019260	-0.022762	-0.026727	-0.009375	0.008123	-0.040953	0.024356	0.015314
0.975050	-0.003604	0.052172	-0.062630	0.038593	0.085138	0.000298	0.038792	0.093531	-0.056189	-0.012817	-0.033748	-0.070708	0.033729	0.029046	-0.029935	0.013309	-0.026382	0.004089	0.009604	0.013560	-0.020469	0.048694	-0.022981	-0.032864	-0.008516	-0.024104	0.011925	-0.010394	-0.036013	-0.003698	-0.019919	0.022241	-0.004554	0.005652	0.022816	0.013873	0.007614	-0.007980	0.027518	0.015216	-0.004406	0.000914	0.013492	-0.002423	-0.004572	0.005956	0.015267	-0.007712	0.013699
0.971968	0.104100	0.073386	-0.119670	0.030818	-0.009757	-0.058751	-0.061274	-0.014071	-0.018757	-0.015360	-0.027719	-0.044323	-0.032090	0.023201	-0.010198	-0.011454	-0.009014	0.047258	0.013827	0.008622	-0.019763	0.040519	-0.004772	-0.037141	-0.014515	0.010625	-0.006240	0.007692	-0.015105	0.020389	-0.005301	0.007788	0.005662	-0.002496	0.000480	0.010770	0.026240	-0.004823	0.011990	-0.008480	0.020932	-0.004664	0.001706	-0.010822	0.033865	0.008478	0.010020	-0.031802	0.000722
0.968606	-0.102280	0.119624	-0.021681	-0.011780	-0.083426	0.045592	0.025283	-0.025419	-0.011847	-0.049859	-0.080777	-0.000729	0.064241	-0.000010	-0.005479	-0.019947	-0.011737	0.045224	-0.054208	0.017705	-0.035013	0.011190	-0.007573	0.008400	0.009215	0.006807	0.020683	0.010867	-0.014963	0.017491	0.016483	-0.033050	-0.008723	0.005156	-0.007584	-0.028454	0.014556	0.017105	-0.013452	0.011039	-0.005324	-0.007524	-0.015177	-0.011859	-0.006630	-0.007845	-0.008190	-0.020127	0.009796
0.925531	-0.080508	0.148485	0.084096	-0.058865	-0.086036	0.021666	0.076120	-0.017801	-0.137332	0.020552	0.019688	0.053175	-0.054404	-0.005278	0.012077	0.011625	0.079659	-0.031473	0.006125	0.047899	-0.030737	0.028110	0.018937	0.036807	-0.055921	-0.003266	0.040528	0.082419	0.039042	-0.074482	0.003586	0.060153	0.087378	-0.009127	-0.003179	-0.035432	-0.001961	0.054699	0.007015	0.032627	0.011807	0.067758	-0.032992	0.024380	0.057857	-0.070401	-0.014184	-0.034155	0.002442
0.960149	-0.051171	0.056965	0.060467	0.084056	-0.108415	0.041279	0.040132	0.121523	-0.078607	0.053237	-0.031254	-0.031536	-0.023602	-0.014247	-0.025481	-0.001421	-0.052298	0.026999	-0.008336	0.044993	-0.017440	-0.020236	-0.031924	-0.014856	0.037724	-0.008674	0.041001	0.023989	0.005232	0.015968	0.004335	0.012678	0.006068	-0.021760	-0.038859	0.019562	-0.022473	-0.007169	0.019241	-0.013301	-0.006804	0.028874	-0.015074	0.005850	-0.041327	0.006337	0.000384	-0.032735	-0.010011
0.707866	-0.015494	0.210995	-0.069407	-0.050581	-0.091420	-0.118595	-0.014325	-0.061689	-0.155811	0.026499	0.065475	-0.089382	0.020115	0.044243	0.059164	0.042101	0.020758	0.053754	0.170204	-0.002859	0.058041	0.031890	-0.052571	-0.155187	0.077284	0.173774	-0.063698	0.170878	-0.142099	-0.162391	-0.014206	-0.194870	0.063147	0.124553	-0.075521	-0.164317	-0.022816	-0.010178	-0.008902	-0.122338	-0.037941	0.006139	-0.082349	0.019896	-0.000942	0.125425	0.194719	0.125169	-0.109213
0.975328	-0.050422	-0.009112	0.054184	0.008929	-0.043365	-0.022996	0.104912	0.099746	-0.019912	-0.059651	-0.017847	-0.033646	0.026911	-0.014254	-0.010790	-0.003444	-0.021231	0.031262	-0.011577	0.012436	-0.025091	0.001552	-0.011292	-0.036156	-0.015155	0.017607	0.032536	-0.035527	0.000127	0.015201	0.009900	-0.000162	-0.016401	0.024918	0.008265	-0.001451	0.031457	0.008814	-0.024281	-0.012090	0.022317	0.006523	0.006304	0.019746	0.029944	0.000957	0.032529	0.010216	0.022402
0.967450	-0.179792	-0.035620	0.038105	-0.031547	0.009262	-0.072073	-0.029703	-0.040792	0.001647	-0.062501	-0.003962	-0.013734	0.025146	0.004326	0.031387	-0.077664	-0.008235	0.018217	0.003069	-0.001352	0.006587	0.011412	-0.018098	0.012515	-0.006319	-0.018466	0.025041	0.038446	-0.008860	-0.007441	-0.015069	-0.009819	0.006228	0.003872	0.005740	0.037654	-0.023451	-0.005807	0.022001	-0.000073	-0.023210	0.027689	-0.012244	-0.000334	0.005403	-0.005936	0.010304	-0.012627	0.004660
0.956268	0.099579	0.042139	-0.107897	0.043427	-0.082994	0.007864	-0.027757	0.097687	-0.069820	-0.031031	-0.057945	-0.022406	0.083277	-0.087147	0.031205	-0.005029	0.005298	0.010730	-0.050507	0.031020	0.003541	0.019362	0.021637	0.054433	-0.029368	0.021046	0.006759	-0.002659	0.009385	-0.003941	-0.015665	0.008098	0.005361	0.000782	0.011317	-0.005559	0.010496	0.033561	-0.017330	-0.021760	0.020682	-0.002886	0.048736	-0.007697	0.000080	-0.027280	0.037302	0.036999	-0.004591
0.923311	0.155437	-0.109965	0.166313	0.025879	0.024023	-0.099791	0.132452	0.006145	-0.052618	-0.071004	-0.038602	0.013620	0.013416	-0.034635	-0.002291	0.028489	0.059131	0.047080	-0.044699	0.026034	-0.065331	0.004770	0.036468	0.012525	-0.045048	-0.015774	-0.002029	0.050894	0.000361	-0.047784	-0.004103	0.106632	0.044650	-0.009811	0.007275	-0.014212	0.008326	-0.032473	-0.024689	0.011974	0.011275	0.034293	-0.046871	0.021890	-0.003398	-0.024669	-0.028610	0.024396	0.013109
0.932478	-0.004267	-0.028965	-0.171196	0.027714	0.129287	0.052805	0.060860	0.141606	0.048171	-0.006460	-0.085632	-0.013166	-0.020977	-0.107784	0.061552	0.007930	-0.020289	-0.046393	-0.059261	-0.011494	0.054237	0.041626	-0.040115	-0.019472	0.002387	0.032514	-0.055899	-0.005038	-0.043982	-0.021285	-0.033188	0.046124	0.028134	0.029518	0.007565	-0.019787	0.008934	-0.013176	0.012775	-0.012435	-0.034343	-0.022910	-0.008242	-0.040385	-0.017669	0.027662	0.012389	0.005341	0.021660
0.942289	-0.197452	0.105687	0.105809	-0.037339	0.085281	0.017404	-0.003351	0.025281	-0.123500	-0.024946	0.058544	0.065419	0.003119	-0.036003	0.018688	-0.002289	-0.016684	0.012854	0.038497	0.030297	-0.049193	-0.009721	-0.007922	-0.020209	0.012778	0.010369	-0.030529	-0.000533	-0.005779	0.021176	0.013386	0.015389	-0.012390	0.034754	0.010428	-0.009255	-0.002338	0.029740	0.016120	0.004972	0.007610	-0.029820	-0.039037	-0.043854	0.010486	-0.003923	0.023165	-0.006822	0.010614
0.947194	-0.074874	0.101516	0.114707	-0.038332	-0.049926	0.182766	-0.023026	-0.019556	0.003977	-0.051350	0.034515	0.026361	0.040586	-0.027610	-0.015500	-0.055317	-0.003437	-0.016198	0.002667	-0.027369	-0.026924	0.000109	0.031853	-0.007471	-0.025450	-0.012042	-0.003886	0.023007	0.018129	-0.025874	-0.057070	-0.041471	-0.020038	-0.009946	-0.019909	-0.010264	0.010562	0.025567	-0.028400	-0.030283	-0.055802	-0.000027	0.004041	-0.033667	-0.011716	-0.068465	0.014701	0.033858	-0.033888
0.957796	0.159779	-0.079447	-0.004288	0.069357	0.112434	-0.020418	0.001921	-0.019435	0.062072	-0.022275	-0.040354	-0.072963	0.020257	-0.029940	-0.048466	-0.037567	-0.040911	0.021708	0.003151	0.019497	-0.018272	0.009879	-0.022777	-0.019729	-0.046657	0.055896	0.027775	-0.016057	-0.003820	-0.011879	-0.007648	-0.011494	-0.019858	-0.009531	0.039414	0.012547	0.012180	-0.023594	0.029873	-0.030030	0.008766	-0.008444	-0.011767	0.003838	-0.001642	-0.016743	0.007785	-0.005202	0.015159
0.945713	0.132267	-0.089581	0.130971	-0.048239	0.030552	0.066070	-0.154418	0.021182	0.061683	-0.004168	-0.080251	-0.095063	0.038961	-0.017161	-0.020066	-0.015520	-0.004188	0.011269	-0.027590	0.018343	-0.003961	0.003656	0.034566	-0.017325	-0.019351	0.003028	-0.016465	-0.026164	-0.025476	0.001421	0.000577	0.028928	-0.014910	0.017413	0.006960	0.006124	-0.010808	-0.007023	-0.011981	0.001771	-0.011615	0.022812	-0.029443	-0.013265	0.010796	0.010204	-0.011969	-0.020238	-0.017064
0.969879	0.030373	0.027925	0.004699	0.068647	0.061065	0.000451	0.014231	0.049797	0.004904	-0.124364	0.039873	-0.020682	-0.014721	-0.007483	-0.015373	0.023243	0.047102	-0.003300	-0.036380	0.009455	0.009290	-0.041051	-0.029236	-0.025103	-0.034195	0.064825	0.000718	0.013799	0.037970	-0.053207	0.006970	0.013161	-0.008167	-0.056886	0.009503	-0.006848	-0.003367	0.019029	0.022059	-0.014233	0.029380	-0.004741	0.008226	0.018317	0.012744	-0.068837	0.010609	0.010983	0.006947
0.956640	0.003215	0.062031	0.014033	-0.009394	0.139253	0.113003	0.050068	0.031553	-0.011705	0.001724	-0.062785	-0.087439	-0.009380	-0.011452	-0.019305	0.037093	-0.061378	0.043805	0.004696	0.014585	0.004752	-0.039215	-0.030783	-0.002704	-0.056157	0.008790	-0.011060	-0.021823	0.048588	-0.019721	-0.008888	0.019376	-0.021365	-0.002090	0.010943	-0.046270	0.001161	0.070238	0.024553	-0.007139	0.039705	-0.038506	-0.016160	0.026306	-0.002109	-0.042403	-0.020151	0.004318	-0.036306
0.967956	0.003861	0.115906	-0.076919	0.089236	0.055813	0.047866	-0.012401	-0.030073	-0.071920	0.020795	-0.033402	-0.058005	-0.005785	-0.018852	0.007639	0.003845	-0.065538	0.033220	-0.007303	-0.021750	-0.003413	0.017374	-0.004032	0.031357	0.014465	0.029148	0.029771	-0.018108	0.010437	0.005262	-0.004440	-0.002409	0.001447	-0.002324	0.012169	-0.015829	-0.030103	-0.003275	-0.001102	-0.009527	0.029131	0.017869	-0.003853	0.032726	0.022919	-0.047869	0.038456	0.032308	0.006210
0.945134	0.136858	0.084597	-0.048044	-0.086393	-0.052791	0.027637	0.077387	-0.091011	0.000836	-0.051891	-0.056642	0.069126	-0.078947	-0.033020	-0.091742	0.006346	-0.041874	0.047976	-0.041163	0.007892	-0.047743	-0.013471	0.003350	0.018014	0.006613	-0.000428	-0.001904	-0.034138	-0.020281	-0.044806	0.038758	-0.014841	-0.020255	0.025974	0.003630	0.014902	-0.010339	-0.033882	0.029450	0.015192	-0.009777	-0.005387	0.046251	0.032082	0.033483	0.048158	-0.021264	-0.028743	-0.033658
0.963307	0.022056	-0.037806	0.152718	-0.033211	-0.080774	-0.014510	-0.132904	0.047338	-0.003853	-0.046471	-0.002034	-0.065373	0.058996	-0.022019	-0.033227	0.002785	0.013534	0.008775	-0.011626	-0.002035	0.009104	-0.035059	0.004979	-0.003514	-0.021774	-0.010535	0.000568	-0.025499	-0.009744	0.017683	-0.008828	0.018182	0.004199	0.004496	-0.000116	-0.001794	-0.016941	0.008557	-0.011934	0.007636	-0.004690	0.052147	0.006443	0.006789	0.008217	-0.004133	0.001337	-0.004407	0.013844
0.912892	0.214080	0.113057	-0.141950	-0.105154	-0.100614	0.097291	0.000814	-0.093048	0.029028	-0.055893	-0.043071	0.113457	-0.002035	-0.010207	-0.033466	0.015873	-0.067037	0.049675	-0.040004	0.038631	0.002896	0.012047	-0.027049	0.026127	-0.007377	0.002222	-0.007768	0.054853	0.006351	0.004972	-0.008347	-0.041910	0.044811	0.008163	0.065272	0.009859	-0.012799	0.034607	-0.017042	-0.020967	-0.006450	0.019663	0.018290	0.019160	-0.004043	0.007904	-0.012794	-0.030211	0.030601
0.945885	0.068599	-0.137363	-0.061241	-0.087222	0.050426	-0.085960	-0.063836	0.013625	0.108667	0.097468	0.044424	-0.011334	-0.040134	-0.003307	0.046610	-0.041734	0.017677	0.060060	0.026101	-0.071928	0.016345	-0.002631	0.053152	-0.037147	0.013951	0.024798	0.009018	-0.001982	0.016711	0.031266	-0.006671	0.004074	-0.011261	-0.027931	0.007899	-0.000318	0.041118	0.039020	-0.026255	0.052737	0.023086	0.013193	0.028924	-0.004981	-0.019251	0.008107	0.004760	-0.007005	-0.032147
0.948933	0.129983	-0.033327	0.231440	-0.020010	0.017625	0.015768	-0.029807	-0.003145	-0.046963	0.053632	-0.010876	0.012486	0.024223	0.018739	-0.020672	0.023935	-0.073063	-0.005165	-0.015444	-0.028122	-0.000300	-0.010680	0.022013	0.029766	0.050631	-0.027112	-0.013843	0.009288	-0.007376	-0.000930	0.004532	0.016324	-0.015061	-0.000784	0.015626	-0.021532	0.029003	-0.015272	-0.001478	-0.002359	-0.022869	0.008453	0.023852	-0.012730	-0.049497	0.008452	-0.006444	0.016284	-0.028888
0.968803	0.050399	0.041558	-0.030597	0.095004	-0.039486	-0.036402	0.033553	-0.016056	0.049364	0.070840	0.019854	0.017052	-0.065764	-0.047293	-0.022941	-0.002257	-0.007687	-0.080885	0.010290	-0.089870	-0.020744	0.003597	0.027797	-0.014927	0.007926	-0.031176	-0.005120	-0.024924	-0.036104	-0.009257	0.019651	-0.014749	-0.034132	-0.030541	-0.029616	-0.012532	0.023573	-0.003273	-0.010795	-0.035958	-0.003061	-0.008681	-0.032984	0.018106	0.014230	-0.018787	0.019778	0.001078	0.015424
0.944445	0.030520	0.071315	0.039712	0.030230	0.027179	0.011076	-0.067321	0.093771	0.036282	-0.119499	-0.008096	-0.005249	-0.066765	-0.025036	0.091170	0.041149	-0.067804	0.014042	0.001947	-0.037349	0.036115	0.021150	0.068631	-0.000693	0.015843	0.031472	-0.084194	-0.080432	0.015188	0.007759	-0.063796	-0.026967	-0.039207	-0.020641	0.000697	-0.014044	0.010469	0.093526	-0.002297	0.028599	-0.037882	-0.005993	-0.015416	0.049902	-0.037763	-0.006560	-0.027061	0.033687	0.051295
0.942064	0.087995	0.156799	-0.125905	-0.106578	-0.140182	-0.030865	-0.056855	-0.002575	-0.003352	0.062434	0.017316	0.024868	0.027052	0.030406	0.024302	0.014929	0.000077	-0.021620	-0.027976	-0.044324	-0.029492	0.035347	-0.011706	0.018828	-0.035104	-0.032710	0.011836	0.027745	-0.008285	-0.013375	-0.019393	-0.029378	0.021138	-0.011347	-0.028984	0.022029	0.027824	0.044869	-0.027618	0.013898	0.008128	-0.017643	-0.013055	-0.024816	0.028832	-0.007405	0.012900	-0.046173	0.036311
0.969885	-0.035692	-0.126695	0.019748	-0.002483	-0.049970	-0.088120	-0.051134	0.023473	0.076105	-0.006208	0.073981	-0.040068	0.030172	0.019886	0.008105	-0.009831	0.003738	0.006659	0.015140	-0.014554	0.011935	0.004961	-0.038857	0.040007	0.056928	-0.007030	0.009782	-0.012199	0.002520	-0.021368	-0.001731	0.025864	0.027277	0.015323	0.028265	0.012309	0.020757	-0.008604	-0.000076	-0.011729	-0.028849	-0.016669	-0.009284	0.031296	0.024072	0.002659	0.002562	0.000078	0.003035
0.975045	0.101726	-0.022153	0.003165	-0.017360	-0.034606	-0.063808	-0.009502	-0.047373	0.084043	-0.001948	-0.033420	-0.025370	-0.025352	-0.007351	-0.035871	-0.070030	-0.023463	0.013217	-0.006690	0.033221	-0.010199	-0.024316	-0.005314	-0.007271	-0.012697	-0.010795	0.008181	-0.000688	0.008958	0.019084	0.008802	0.024984	-0.027572	0.028911	0.003402	0.009907	-0.006883	-0.001675	-0.030892	0.032091	0.037243	-0.002126	-0.000074	-0.019929	0.019401	-0.017420	-0.029340	-0.028199	-0.053024
0.969669	0.117268	-0.005948	-0.053281	0.064244	0.030218	-0.029869	0.016308	0.117343	-0.015802	-0.000832	0.018125	0.008238	-0.007846	0.025621	-0.041230	0.068252	-0.043210	-0.016013	-0.044284	-0.002786	0.021309	-0.024237	-0.008917	-0.005585	-0.020664	0.003390	0.019251	-0.009886	-0.020844	-0.025337	0.012800	0.034956	-0.010929	0.025548	-0.003724	0.016216	0.028766	0.018754	0.015655	-0.002641	-0.013121	0.032342	0.002115	0.006683	0.017912	0.001453	0.027661	-0.044028	0.006157
0.938602	0.265369	0.081543	-0.003607	0.080376	0.012999	0.069118	0.042973	-0.056885	-0.045527	-0.007919	0.036603	-0.019985	-0.003106	0.010290	0.038473	0.039921	0.047354	0.018614	0.035352	-0.010191	-0.008702	0.036912	0.036492	0.005261	-0.006713	-0.000917	0.009480	-0.007255	-0.035453	0.003096	-0.035913	-0.000416	0.007610	0.059366	0.008709	0.002546	0.033944	-0.002434	0.009481	-0.012386	-0.018582	0.004656	-0.038095	0.010885	-0.002681	0.003950	-0.014818	0.008792	0.039786
0.926981	-0.068716	-0.154786	-0.014743	0.075892	-0.153954	0.006352	0.011247	0.117621	0.073616	0.042014	0.002601	-0.105602	0.016862	0.102126	-0.025121	0.001011	-0.038468	-0.048760	-0.054153	0.025436	-0.008106	-0.017402	-0.043360	-0.002779	0.070451	-0.026224	0.002546	-0.024173	0.002532	0.011702	-0.043274	0.039867	0.051085	-0.009410	0.017610	-0.011244	0.070344	-0.024872	0.046032	-0.038425	-0.015020	0.028766	0.019396	0.025385	-0.017583	-0.008013	0.039944	0.036744	0.037766
0.922418	-0.081424	0.142511	-0.064011	-0.221774	0.093788	-0.040951	-0.018907	0.058257	0.042920	0.043886	-0.027355	0.118728	0.038849	0.001189	-0.052657	-0.023507	-0.093731	-0.031967	0.024309	0.004050	0.013275	0.008037	-0.028560	0.051744	-0.016674	-0.005046	-0.019262	0.049255	-0.021698	0.058640	-0.016979	0.041066	0.021596	-0.008469	-0.028476	0.047479	0.002870	-0.015501	0.010963	-0.034010	0.029704	0.028524	0.010490	0.010608	-0.021356	-0.013148	-0.018485	-0.005138	-0.008632
0.947031	-0.029583	-0.046279	0.110561	0.039771	0.225389	0.000156	-0.037431	0.057462	-0.009703	0.072517	0.025075	0.006888	0.044675	0.022035	-0.028356	0.040970	-0.049123	0.058018	-0.012913	-0.025262	-0.015619	0.027840	0.026116	0.006119	-0.025526	-0.033785	-0.008653	-0.044974	0.029291	0.004871	0.021793	0.041083	-0.004229	-0.018400	-0.029248	-0.007385	-0.017952	-0.006080	-0.012453	-0.012151	0.006093	-0.019078	0.025937	-0.017565	-0.015951	0.002559	-0.007295	0.018211	-0.024493
0.935909	0.054207	0.069334	0.102121	-0.004128	-0.095085	-0.099722	0.121101	0.082964	0.102608	0.011946	-0.025868	-0.044101	-0.055957	0.057501	-0.003021	-0.064263	-0.009354	-0.047792	-0.011587	0.017616	0.001125	-0.053320	-0.014254	0.039169	0.025136	-0.032306	-0.032046	0.009083	0.048290	-0.045051	-0.024851	-0.034211	0.014106	0.084815	0.021544	-0.020364	0.080304	-0.027442	0.011220	-0.004021	-0.003644	-0.017698	0.025169	0.007742	0.076669	-0.029025	-0.015188	0.039591	-0.000345
0.948624	0.017272	0.079614	0.045502	-0.141406	-0.048065	0.058299	-0.082501	0.005255	0.040863	0.056509	0.105182	0.111092	0.070297	0.012962	0.008691	0.023816	0.061589	0.039210	-0.008196	-0.040288	0.003136	0.027935	0.026567	-0.010690	-0.029956	0.031625	0.015289	-0.031497	-0.015322	0.008437	0.035380	0.058729	0.006933	0.005003	-0.002269	0.039561	0.002934	0.000145	-0.014334	-0.037781	0.007573	0.016760	0.015511	-0.018915	-0.012166	0.027237	0.015760	0.017573	-0.049166
0.983796	-0.106227	-0.002073	0.049051	-0.016170	-0.030346	-0.046003	-0.022752	-0.028387	-0.053754	0.009665	-0.026180	-0.041368	-0.000956	-0.041514	0.001918	-0.026177	-0.037388	0.012107	-0.018526	0.002497	0.004371	0.017320	0.000746	-0.001833	0.005987	-0.009501	-0.001132	0.024896	-0.012394	-0.004490	0.005855	0.013581	0.005512	0.014190	0.006768	0.008300	-0.010288	0.008692	0.003064	-0.009847	-0.006945	-0.006991	-0.016717	0.021560	-0.015885	-0.013426	-0.020704	-0.016869	0.007583
0.942446	-0.070561	-0.018658	0.074813	0.195406	0.059920	-0.159925	0.022276	-0.036030	-0.025482	0.029552	-0.023407	-0.040911	0.009942	-0.046273	0.069393	-0.022627	0.052818	0.050943	-0.046622	-0.017962	-0.043202	0.012554	0.037514	-0.004386	-0.024437	0.015418	0.010635	0.006408	-0.002555	0.018336	0.006241	-0.008772	-0.009994	-0.019789	-0.002904	0.002122	0.003253	0.020747	-0.035673	0.025750	-0.009939	-0.026602	-0.043313	0.012754	0.011533	0.019644	-0.023345	0.024841	-0.015159
0.945119	0.016252	-0.063592	-0.061592	0.142467	0.150308	-0.103741	-0.059501	-0.022425	0.048843	-0.109618	0.086294	-0.020673	-0.042700	-0.005182	0.027239	-0.014789	-0.015651	0.048717	0.006039	0.004718	0.004370	-0.018280	0.008955	0.010605	0.001012	0.013346	-0.012235	0.001772	-0.017628	-0.014888	0.055345	-0.022577	-0.026202	0.015294	0.008306	-0.006435	0.023249	0.004541	0.012753	0.037826	0.007819	0.002742	-0.009087	0.048851	0.032896	0.030989	0.000319	-0.019854	-0.006881
0.970291	-0.046779	-0.119715	-0.028764	-0.012201	0.097627	-0.004115	0.017675	-0.016419	-0.032404	0.029524	0.008887	-0.021482	-0.018011	-0.020505	0.023026	-0.016481	-0.005972	0.022504	-0.016518	0.008679	-0.059624	-0.016028	-0.027842	-0.002340	0.039957	-0.025532	0.032976	0.013857	-0.021345	0.011565	0.019957	0.020563	0.008988	-0.011815	0.029945	-0.024310	0.011031	-0.026537	-0.008300	-0.007820	0.069109	0.031670	0.007030	0.044562	-0.028336	-0.004043	0.001954	0.068596	0.021716
0.949287	-0.168566	-0.127787	-0.033156	0.064599	-0.054184	-0.076425	-0.030007	-0.058982	-0.031403	-0.027168	0.032520	0.015066	0.019443	-0.037290	-0.017607	0.015557	-0.004813	-0.012511	-0.071577	0.019168	0.015186	-0.016654	0.031013	0.041607	-0.026162	0.024895	0.023564	-0.007017	0.008735	0.013991	0.026944	-0.066444	-0.017458	0.012231	-0.020337	0.019801	-0.013347	-0.035937	-0.056558	-0.014191	0.033983	-0.031114	0.017504	0.038313	-0.007050	-0.054389	0.032271	-0.007632	0.005052
0.957365	0.099256	-0.030515	0.089585	0.001978	-0.028627	-0.016757	-0.037968	0.143516	-0.053554	-0.040626	-0.034482	-0.013176	-0.028190	-0.088213	-0.060291	0.012560	0.026972	-0.059500	-0.035730	0.042803	-0.014283	0.023139	-0.034405	0.055185	-0.003730	-0.019524	-0.031569	0.037612	0.017989	-0.014923	0.017466	0.014158	-0.000540	0.024103	0.028840	0.005438	-0.024932	-0.008662	0.001772	-0.036099	0.015857	-0.009389	-0.012069	-0.037881	-0.028206	-0.014141	-0.000369	-0.026206	0.000503
0.980439	-0.016589	-0.044939	0.052125	0.112754	-0.018827	0.007136	0.029534	-0.029889	0.001235	-0.024094	0.049413	0.017424	-0.008758	-0.019706	-0.017363	-0.020179	0.000440	0.032662	-0.020750	0.011514	0.028029	-0.012257	-0.020188	-0.029821	-0.002511	-0.041506	-0.006207	0.007341	-0.005838	-0.025962	0.027548	-0.018408	0.004601	-0.000371	0.033988	0.014341	-0.020858	-0.024118	0.013005	-0.037828	0.044143	-0.015071	-0.016199	-0.003525	-0.004263	0.011151	0.003499	-0.014540	-0.005980
0.947004	-0.110511	0.016081	-0.073690	0.133381	0.154793	-0.013296	-0.026300	0.080515	-0.011878	0.078869	-0.030434	0.054009	0.001700	-0.091030	0.014641	-0.041971	-0.045802	-0.024045	-0.011247	0.035184	0.053486	0.030405	-0.026114	-0.020352	-0.013320	-0.003250	-0.017710	-0.013445	-0.018032	-0.028354	0.008476	0.023163	-0.009493	0.028179	-0.027922	-0.002641	-0.004148	0.000700	-0.010105	0.002925	-0.026990	-0.006829	0.007219	0.000623	-0.000705	0.028859	-0.002601	0.029124	-0.007307
0.963888	-0.090449	-0.031265	0.043530	0.102587	0.007927	-0.135440	0.007340	-0.039476	-0.003377	-0.047945	0.025029	-0.019001	0.061240	-0.040939	-0.015038	-0.033542	-0.003863	-0.033812	-0.030020	-0.025560	0.027852	-0.009964	0.000664	-0.034148	-0.005990	-0.006042	0.044929	0.035673	-0.028748	0.016383	0.024801	0.022331	0.045824	0.027178	0.026401	0.012196	-0.014176	-0.002973	0.002818	-0.043393	0.015761	0.017212	-0.020021	-0.013292	-0.025757	-0.015173	0.031361	0.011505	-0.002414
0.979104	-0.066661	0.084225	-0.017683	-0.067165	-0.051907	-0.082392	0.002247	0.009816	-0.023974	-0.024407	-0.017223	-0.015454	0.025872	-0.022413	-0.013618	-0.041431	0.020042	-0.007413	-0.033941	0.003788	-0.010939	-0.004506	-0.032217	0.039671	-0.015845	-0.008227	0.019785	0.019999	-0.004935	0.001546	-0.006136	-0.002071	0.011140	0.027369	0.022899	0.041688	-0.012718	0.009867	-0.007208	-0.006120	0.000212	0.010463	-0.030927	-0.000046	0.000064	-0.011616	0.004430	-0.011123	-0.015771
0.960400	0.024235	-0.018306	0.067927	-0.084471	0.003090	-0.094018	0.021054	0.089962	-0.028084	0.080958	-0.033869	-0.021087	-0.032593	0.032646	0.028082	0.028264	0.095809	0.050849	-0.064185	-0.014692	-0.011875	0.019007	0.050744	0.005728	-0.006226	0.030896	0.048231	-0.009477	0.008534	0.002210	-0.001500	-0.001202	-0.048108	-0.010547	-0.032719	0.021916	0.004907	0.003941	0.016720	-0.065250	-0.022614	-0.018542	-0.004989	-0.029111	0.020410	0.000784	-0.008948	0.037853	-0.003538
0.914182	-0.008439	-0.142223	-0.139181	-0.026139	-0.127278	-0.151266	0.127591	-0.015726	-0.039853	-0.096751	0.035913	0.001523	-0.041085	-0.001586	0.017943	-0.004012	0.038585	0.104770	-0.030295	0.029913	-0.029410	-0.025671	-0.010207	-0.003988	-0.016879	-0.027808	0.019693	0.044514	0.007007	0.022752	-0.046754	0.005282	-0.053926	0.029222	0.025884	-0.025117	-0.050543	-0.024894	0.082447	-0.057656	-0.002002	0.007645	0.048307	0.063199	-0.031556	0.014693	-0.028732	-0.023623	0.067576
0.954797	-0.017376	-0.002005	-0.018627	0.043983	-0.078788	-0.044901	0.041890	0.025720	0.100272	0.070660	0.008808	-0.013000	-0.066510	-0.090505	0.017005	-0.035065	0.051055	-0.096655	0.019497	-0.095304	-0.057878	0.004539	-0.014204	0.023090	-0.000298	-0.046502	-0.016660	0.011225	-0.040039	-0.055582	0.006101	-0.030759	0.033079	-0.005041	-0.023664	0.009964	-0.011981	-0.014536	0.044644	-0.024278	0.051615	-0.004781	0.002289	-0.012546	-0.011906	0.042309	-0.042537	0.004637	0.024924
0.958645	0.056267	-0.051344	-0.025758	0.070020	-0.058512	0.048338	0.015753	-0.019745	0.039559	0.024316	0.047375	-0.031905	-0.028885	-0.106167	-0.028667	-0.030538	0.065437	-0.072251	-0.046819	-0.096270	-0.070393	0.016386	-0.028434	-0.003987	0.009796	-0.036923	-0.033208	-0.001313	-0.045108	-0.072283	0.002247	-0.027521	0.027272	0.002301	0.023305	-0.019277	-0.003934	-0.028370	0.010855	-0.004728	0.041180	0.009711	-0.027093	0.008553	-0.005353	-0.002310	-0.026993	-0.004464	0.018847
0.896394	0.001303	0.009043	-0.102119	0.151479	0.142889	0.020245	-0.042742	0.068861	0.039919	0.027190	0.045756	-0.063716	-0.068417	-0.058440	0.027761	0.016591	0.167123	-0.163944	-0.058575	-0.148966	-0.041180	-0.024110	0.005687	-0.020016	0.050565	-0.021215	-0.002711	-0.000370	-0.025782	-0.051502	0.006238	0.005465	0.028048	-0.036086	0.010855	-0.001437	-0.013454	0.002971	0.017613	-0.046661	-0.030935	0.049899	-0.056046	-0.067441	-0.062497	0.038994	-0.073283	0.007920	0.039681
0.909616	0.043751	-0.162813	-0.138250	-0.035557	-0.104173	0.034069	-0.076899	0.099328	0.092850	0.018518	0.042761	-0.012568	-0.077247	-0.074823	-0.086322	-0.044787	0.073524	-0.019644	-0.035275	-0.090384	-0.062567	0.037967	-0.043902	0.009397	0.046956	-0.050219	0.013777	0.011904	-0.007125	-0.059688	-0.034321	-0.003377	0.051733	0.044232	-0.004242	-0.003618	-0.004884	0.002358	-0.010454	-0.070392	0.029579	0.038675	-0.030543	-0.046557	-0.015307	-0.051461	-0.045476	0.071588	0.079315
0.976199	-0.051528	0.085735	-0.055171	0.025910	0.089273	0.025447	0.045219	-0.010569	-0.041342	-0.025470	0.007724	0.019301	0.034565	0.043111	-0.071420	-0.044696	0.011150	-0.002574	-0.003748	-0.035901	0.004671	0.025807	0.031819	0.036593	0.013316	0.021491	-0.001131	-0.023757	-0.032495	-0.010964	0.010787	-0.014157	-0.016854	0.006226	-0.012988	0.019606	0.002256	-0.001838	-0.007424	-0.014211	-0.017193	0.002598	-0.001606	0.004372	-0.007002	0.011978	-0.027389	-0.000861	-0.004460
0.973497	-0.008736	0.050117	0.032125	0.104520	0.062209	0.094847	0.028018	-0.039091	-0.055735	0.041239	0.007345	-0.024651	-0.004258	0.004913	-0.056932	-0.013157	0.028031	-0.020411	-0.023772	0.000463	0.028333	-0.051842	-0.006995	0.021972	-0.009988	-0.000415	0.009609	0.019056	-0.024491	0.006771	-0.040593	-0.009444	-0.010357	-0.002824	0.002444	0.024614	-0.004779	0.010838	-0.015129	0.022140	-0.024995	-0.032466	-0.017743	0.009816	-0.008564	0.026774	-0.010570	-0.017782	0.005730
0.960573	0.079013	-0.078212	-0.082907	-0.050269	0.035814	0.114592	0.120014	-0.074359	-0.032853	-0.038398	0.039806	-0.016137	-0.032433	0.033621	-0.040178	0.001215	-0.054980	-0.001148	-0.012561	0.009720	0.018131	0.006942	0.018681	0.021938	0.024572	0.000258	0.003460	-0.015088	-0.023787	-0.004519	-0.016394	0.031752	-0.000919	0.007459	-0.022495	-0.020316	0.013457	0.023550	0.002695	0.013685	-0.004575	-0.007208	-0.020226	-0.038933	-0.008422	0.016379	0.007345	-0.038224	0.006912
0.974418	-0.100303	0.025689	0.036404	-0.030533	0.082956	0.053530	0.066551	0.000307	-0.026495	0.025002	-0.009379	-0.027412	-0.068391	0.023938	0.007580	-0.018279	-0.016000	-0.014051	0.000549	0.035434	-0.080382	0.019942	0.012412	-0.001775	0.005484	0.006570	-0.017242	0.008844	-0.008003	-0.006645	-0.014198	0.004005	-0.025924	0.025926	-0.024012	-0.014103	0.000133	0.025066	-0.027901	0.018661	0.012431	0.013683	-0.010492	0.030796	0.024556	0.007295	-0.002941	-0.000953	0.010315
0.951380	0.010003	0.056957	-0.124378	0.062501	-0.114657	-0.059003	-0.062918	0.013095	-0.064601	-0.001472	0.091168	0.038590	-0.008064	-0.009476	0.001122	-0.032990	0.024900	0.038091	0.012466	0.001566	-0.002842	-0.096401	-0.012692	-0.049754	0.013676	0.026535	-0.029914	-0.039213	0.000337	-0.011769	0.054865	0.009400	-0.019623	-0.045803	0.028754	0.000422	-0.017325	-0.086599	0.007399	-0.024287	0.008460	0.002258	-0.021090	0.022690	0.019589	0.000124	-0.006097	-0.013128	-0.045448
0.942803	0.048166	-0.088712	-0.003855	0.187724	0.020601	-0.098556	-0.011931	0.006778	0.119374	0.066853	0.061071	-0.006324	0.006291	-0.063744	0.010095	-0.019752	-0.021732	-0.008741	0.089767	-0.015748	0.006877	-0.017951	-0.027310	-0.013990	-0.026737	-0.022754	-0.022231	0.013009	-0.030422	0.012574	-0.022504	0.042613	0.005266	-0.023087	-0.005259	0.035987	-0.044360	0.029058	-0.024710	0.035722	-0.026175	-0.003757	-0.029683	0.031263	-0.035122	0.010031	-0.001935	0.036824	-0.031090
0.973061	-0.080446	-0.031001	-0.086906	-0.044846	0.045646	0.047049	0.022944	0.056309	-0.034853	0.063721	0.070789	0.073829	-0.025040	-0.026125	-0.031618	-0.006371	-0.058400	0.025035	-0.016553	-0.036492	0.002044	-0.000214	-0.010570	0.011613	0.023806	0.004048	-0.002667	0.016016	-0.012528	0.013904	0.003976	0.006592	0.003719	-0.001060	-0.017330	0.034511	-0.003841	-0.013344	-0.016390	-0.002160	0.004448	0.009781	-0.001546	0.014486	-0.017429	0.012845	-0.006717	0.000308	0.010509
0.968426	-0.078124	0.028746	0.064102	-0.110337	0.086580	0.056947	-0.045730	0.086953	-0.004470	-0.005154	0.004548	-0.022753	0.018198	-0.004719	-0.052643	-0.012463	0.040031	-0.033345	0.032999	0.027301	0.005032	0.018024	-0.011540	-0.005779	0.016646	0.052775	-0.013937	0.021169	-0.020958	0.011234	0.017423	-0.028351	-0.012981	0.005454	-0.006666	-0.020186	-0.005070	-0.017899	0.007554	-0.030592	-0.004461	0.020622	-0.003082	-0.030988	0.001657	0.012096	0.002915	0.002614	-0.025884
0.975043	0.008563	-0.101102	0.018278	0.108806	0.017230	-0.021747	0.010977	-0.054038	0.082414	-0.000675	0.015424	0.021398	-0.005096	-0.017915	-0.053933	-0.046230	-0.026955	0.036693	-0.001453	-0.000005	0.022405	0.008469	0.019229	-0.010739	-0.005293	0.008592	0.019351	0.016300	-0.013385	-0.025156	0.001387	0.033207	0.012563	-0.004732	-0.006237	-0.003457	-0.005368	0.008039	-0.020541	0.030478	-0.019673	0.018407	-0.023382	0.033809	0.006768	-0.003216	0.001608	-0.011787	-0.007155
0.926374	-0.069031	0.077133	-0.103010	0.016845	-0.004216	0.008178	-0.055660	0.107240	0.184472	0.074588	-0.078896	0.100400	-0.064642	-0.099014	-0.056471	-0.049596	0.002619	-0.025127	-0.036747	-0.013378	-0.029898	-0.055381	-0.023982	0.015094	0.014757	0.074287	-0.001848	-0.013800	-0.054671	-0.006734	0.020240	-0.038663	0.062778	0.011862	0.016227	0.029624	-0.005300	0.031943	0.035411	-0.018109	-0.038247	-0.020980	0.039020	0.013836	-0.021723	-0.000933	-0.010633	-0.007201	0.010101
0.932416	0.020344	0.032163	-0.158409	-0.012958	0.021233	-0.025119	0.171812	0.036980	0.123370	-0.020329	-0.028686	0.082089	-0.035080	-0.013313	-0.069670	-0.054674	0.058450	-0.012084	-0.051164	-0.037969	-0.014735	-0.054997	-0.025516	-0.028336	0.010721	0.061201	0.018158	0.009452	-0.013468	-0.041685	-0.019647	-0.003173	0.010677	-0.043620	-0.030191	0.034228	-0.035686	-0.027929	0.092285	0.013343	0.022729	0.008249	0.006276	0.020646	-0.036243	-0.033484	0.015325	0.024592	0.037311
0.968293	0.090538	0.102925	-0.095778	0.015589	0.051778	-0.024803	0.026537	-0.049936	-0.055263	0.034164	0.035016	-0.012037	0.037243	0.010003	-0.016250	0.008962	-0.035367	-0.046434	0.007775	-0.007662	0.010064	-0.005407	-0.012322	-0.014045	-0.044929	-0.029091	-0.040163	0.003071	0.040968	0.014013	0.035277	-0.006300	-0.024719	0.030418	-0.031143	0.019722	0.027210	0.016439	-0.022230	0.027602	-0.004345	0.019422	-0.021274	0.011257	0.013299	0.005327	0.040684	-0.023031	-0.010222
0.918440	0.280046	-0.070506	0.063359	-0.123147	-0.048913	0.101133	-0.070370	-0.066114	-0.031824	-0.049291	0.002082	-0.086871	-0.018002	-0.022294	-0.004802	0.082714	0.007734	-0.024340	-0.045542	-0.010673	-0.019848	-0.016352	-0.068403	-0.013929	-0.020113	-0.025345	-0.003172	-0.019148	-0.005711	-0.018161	-0.016305	0.027840	-0.002877	0.011800	0.022698	-0.004512	0.004194	0.014726	-0.007561	0.014904	0.009021	-0.015125	-0.012415	0.005289	-0.001004	0.000091	-0.005723	0.017787	0.005261
0.923243	0.185775	-0.102792	0.116128	0.175078	0.042463	0.133101	-0.026080	-0.048340	-0.016437	-0.041578	0.020982	0.031040	-0.017708	-0.030719	-0.039141	0.029884	0.019993	0.085921	-0.064295	-0.011946	-0.061651	-0.002017	-0.025349	0.000506	0.025341	-0.027301	-0.016784	0.002259	-0.014856	-0.001537	-0.009754	0.018691	-0.004663	0.003722	-0.011607	0.002023	0.025203	-0.034864	0.008393	-0.023674	0.005838	-0.005179	-0.008555	-0.061182	0.045112	-0.015350	0.008515	-0.019586	0.026007
0.976025	0.050152	-0.034559	-0.097383	0.010907	0.002143	-0.028042	0.102527	-0.040831	0.004022	0.021854	0.015652	0.040832	0.081896	-0.021195	0.001475	0.012920	0.019358	-0.004027	-0.007995	-0.026294	-0.028240	-0.012241	0.036417	-0.029221	0.014342	0.029061	-0.016609	-0.005637	0.004135	0.014799	-0.001438	0.033045	-0.011160	-0.020232	0.003159	-0.012958	0.003951	0.022021	0.006826	0.025020	0.009397	0.005074	-0.009123	-0.002119	0.021536	0.026688	-0.017398	-0.018417	-0.022244
0.853129	0.142923	-0.068716	0.035978	0.001812	-0.223756	0.143670	0.126795	-0.046682	-0.055343	-0.168371	0.083844	-0.019683	-0.024277	-0.012750	0.038029	0.004903	-0.009193	-0.006904	-0.039125	-0.087172	0.073161	0.026655	-0.107242	-0.067996	0.063366	0.056319	0.040117	0.090180	-0.047157	-0.046548	-0.085481	0.009829	0.051501	0.065721	-0.076915	0.079686	-0.004926	0.017320	-0.038752	0.002577	0.017549	-0.043136	0.023195	-0.140532	-0.037613	0.001661	0.090502	-0.009783	0.048029
0.911488	0.061981	-0.003604	0.115042	-0.112028	-0.116992	-0.044095	0.055919	0.018525	-0.031520	-0.118404	0.146025	0.040652	-0.026590	-0.053062	-0.000928	0.116608	0.014351	-0.083003	-0.020383	-0.093381	0.013286	0.010831	-0.082587	-0.012759	-0.004521	0.008639	-0.105655	-0.041267	0.005377	0.024219	0.000214	0.036015	-0.024439	0.053881	0.007379	-0.003599	0.061187	0.016003	0.013654	0.008228	0.017628	0.014095	-0.005291	-0.035193	0.079341	-0.002169	-0.000710	-0.090482	0.053576
0.970746	0.015968	-0.061271	0.176185	0.048435	-0.006978	-0.010691	-0.022905	-0.024958	0.039083	0.060000	0.062382	0.019300	-0.035835	0.019257	0.001947	-0.010818	0.014261	-0.000171	-0.003352	0.004160	-0.000259	-0.021295	0.010112	-0.003101	-0.004551	-0.002909	0.023857	-0.020107	-0.004908	-0.004970	0.010781	0.021567	0.014290	0.030932	-0.030289	0.005119	-0.017706	-0.006257	-0.026855	0.008532	-0.006442	-0.011386	-0.011350	0.003540	-0.002202	0.023961	0.012309	0.026156	0.019235
0.980436	0.022823	-0.066808	0.071096	-0.049789	-0.003047	0.050463	0.020253	0.056164	0.023362	0.024455	0.050695	-0.038701	-0.008545	0.020112	0.039584	-0.017441	0.063673	0.067784	0.008860	-0.001696	-0.002428	0.015882	0.020973	-0.024494	-0.014056	-0.002177	-0.001031	-0.018865	0.008955	0.009156	-0.003044	0.001720	-0.000265	-0.001935	-0.009951	-0.005122	0.002920	0.007026	0.013055	-0.009398	0.015092	-0.021214	0.009403	0.017979	-0.006907	0.009582	0.009255	-0.004624	-0.001385
0.956481	0.074699	-0.120528	0.117978	-0.096078	-0.066777	-0.032544	-0.071908	-0.043155	0.027056	0.030337	0.072226	0.056184	-0.058044	0.021489	-0.036422	0.050699	0.036747	0.014700	-0.005158	0.011525	0.020209	0.028508	-0.014133	0.000168	0.007571	-0.019470	0.025348	-0.018052	-0.012715	-0.006855	0.022965	-0.034576	0.018361	0.020007	-0.017067	0.004670	0.036775	-0.001467	-0.010879	0.013192	-0.008555	-0.017651	0.024673	0.000785	-0.006673	-0.014998	-0.031652	-0.011590	0.001333
0.976749	-0.006305	0.048657	-0.041864	-0.074506	-0.118588	-0.056853	-0.017305	-0.048204	0.022134	0.029459	-0.021968	-0.016778	-0.038647	-0.006122	-0.032733	-0.021841	0.013851	0.021755	0.000959	-0.000624	0.019907	-0.046359	0.002869	-0.005421	0.016983	0.017625	0.014284	-0.029686	0.007332	-0.002008	-0.038914	0.016737	0.015867	0.049596	-0.002249	0.000334	-0.000486	0.011977	-0.017513	0.005043	0.003413	0.006925	0.021018	-0.007069	-0.001043	-0.021190	-0.003710	0.011462	0.002217
0.973652	-0.071455	-0.016490	0.136957	-0.007229	0.001507	0.043030	-0.004309	-0.061410	0.037641	-0.028159	0.026586	0.039429	0.011138	0.056253	-0.044972	0.017964	-0.041278	0.015237	-0.027516	0.048662	-0.004288	-0.027680	-0.013812	0.000950	-0.010342	-0.009811	-0.007787	-0.022800	-0.024031	0.004323	0.017035	-0.005624	-0.037592	-0.013154	0.020134	-0.007284	-0.004194	0.000224	-0.018289	0.009157	0.001487	-0.006701	-0.023579	0.003129	0.015350	0.010780	-0.015270	-0.025015	-0.004726
0.973681	0.088865	0.007611	0.077870	-0.062239	-0.002837	-0.073572	0.020133	-0.067310	0.030983	0.028421	0.015805	-0.066864	-0.031021	0.007341	0.022466	-0.012212	-0.017799	0.028594	0.000109	-0.004528	0.025736	0.028435	-0.037379	0.015058	0.010873	0.018233	0.018707	-0.018828	-0.018473	0.023900	-0.007006	0.008535	-0.035726	-0.003757	-0.024503	-0.039216	0.001717	-0.019733	0.007805	0.042651	0.023422	0.015013	0.030194	-0.005040	0.019140	-0.021651	0.004323	0.000731	0.028843
0.983492	-0.005441	0.044984	-0.068955	-0.024679	-0.023544	-0.028991	-0.042664	-0.019454	0.079200	-0.072369	0.014801	-0.015388	-0.007368	0.017804	0.007562	-0.027365	-0.039181	0.015619	-0.008380	0.005235	0.010167	0.000054	-0.044326	0.018776	0.010344	0.022394	-0.008240	-0.001844	-0.008410	0.012417	-0.035281	-0.000139	-0.019941	0.002304	-0.018258	0.000924	-0.011385	-0.014312	-0.009034	0.015155	-0.001825	-0.012764	0.010546	0.000514	-0.004919	-0.019981	-0.003461	0.004459	0.005176
0.971210	0.118169	0.012261	-0.045345	0.040935	-0.089588	-0.016882	0.022046	-0.048479	-0.014977	-0.026633	0.044022	-0.075653	-0.035892	0.025473	-0.012105	-0.011365	0.033119	-0.019706	0.006346	-0.016697	0.007602	-0.034114	0.028723	-0.010098	-0.020084	-0.018686	-0.004251	-0.031291	-0.046395	-0.044355	-0.017481	0.004396	-0.019668	-0.045053	0.017434	-0.017351	0.023711	0.014384	-0.006368	-0.025665	-0.013774	0.000930	-0.004564	0.005744	-0.012131	0.025594	0.009326	-0.007981	0.033406
0.963654	0.009322	0.097446	-0.053939	-0.057211	-0.093577	-0.091077	-0.044209	-0.013206	0.005600	0.002540	0.025915	0.012453	0.063599	0.005915	-0.017970	0.002740	-0.044583	0.041941	0.060185	-0.005126	0.018687	0.023481	0.017829	0.003267	-0.004831	-0.011096	0.000644	0.020944	-0.019728	-0.056149	0.043144	-0.029134	0.016717	-0.008447	0.098637	-0.039290	0.013872	0.030590	0.022433	-0.016091	0.009075	-0.006382	0.027200	0.026411	0.003946	0.002068	0.008499	-0.005264	-0.022254
0.959804	0.080522	-0.004935	-0.059381	-0.028495	-0.089466	-0.030983	0.008793	-0.000460	0.097017	0.139293	-0.064822	-0.027603	-0.024924	0.072704	0.015643	0.011138	0.048327	0.047024	-0.053098	0.005928	-0.004376	-0.012351	0.011765	-0.045152	-0.002365	-0.030984	0.030086	0.019943	0.022398	-0.021339	0.008205	-0.000678	-0.000874	0.006210	0.012121	0.007179	0.000286	-0.019256	-0.012087	0.029897	0.021572	0.022256	0.020522	-0.008248	-0.023327	-0.042568	0.004376	0.006495	-0.016566
0.934891	0.170330	-0.046355	0.066712	-0.047843	0.046566	-0.053406	-0.059300	-0.025362	0.063518	0.096872	0.086990	-0.022749	0.061968	0.074591	0.088632	0.019752	0.006374	-0.001710	-0.022983	-0.057289	0.056586	0.013619	0.076720	-0.029174	-0.008902	0.013325	0.005310	0.057462	-0.001708	0.045146	0.080985	-0.001861	0.015243	-0.017539	-0.043079	-0.045666	-0.008917	0.010524	0.028608	-0.035022	-0.043983	0.002419	-0.002015	0.013388	-0.007784	-0.050491	-0.037995	-0.001647	-0.026076
0.915731	-0.136991	0.021630	0.047310	-0.062244	0.047746	-0.098514	0.032435	-0.093181	0.054290	0.030308	-0.106179	-0.000142	0.054974	0.021655	0.067878	0.202875	0.092127	0.009543	-0.085472	-0.015393	-0.038887	-0.000485	0.001979	-0.016878	-0.087677	0.039787	0.046100	0.031475	-0.027737	0.019172	0.005481	-0.031454	-0.051410	-0.011569	-0.011557	-0.014529	0.038641	0.012558	0.052826	0.018476	-0.035542	-0.034694	-0.046740	0.008011	0.042739	0.000817	0.004412	0.039900	-0.038092
0.949592	0.044728	-0.008125	0.077664	0.013686	-0.113476	-0.058250	0.044732	0.145904	0.042880	-0.019599	-0.024188	-0.017801	0.075782	-0.017362	-0.064683	0.020232	-0.025794	-0.035631	0.059891	-0.008392	0.002009	0.005173	0.018644	0.035053	-0.008604	-0.053511	-0.004005	-0.010800	0.036944	-0.042931	-0.054602	0.028299	-0.007670	0.082738	-0.010566	-0.049650	-0.060765	-0.019230	-0.000919	-0.039259	0.007896	0.016871	-0.002197	0.026519	-0.037971	-0.038520	0.015387	-0.008226	-0.006261
0.969962	0.089646	0.065951	-0.096890	-0.083925	-0.026831	-0.014494	-0.033686	-0.018228	0.024218	0.036908	-0.029765	-0.050899	-0.001987	0.024311	-0.015148	0.002867	-0.045901	0.004853	-0.005627	-0.004947	0.022199	-0.022247	-0.030099	0.042488	0.065666	-0.017925	-0.005901	0.000042	0.026181	-0.018311	-0.037225	0.045315	-0.004779	0.019117	0.035487	-0.011867	0.031315	0.003367	0.037073	0.012355	-0.022973	0.031289	0.015220	0.018358	0.013309	-0.006551	-0.006812	-0.004265	-0.004552
0.961726	0.081956	-0.021311	0.126941	0.067524	-0.119680	-0.063651	-0.055869	0.028223	0.060491	0.025807	-0.000290	-0.020266	-0.007319	0.016722	-0.026496	0.003814	0.034427	0.040299	-0.045498	-0.007746	0.006538	-0.021452	-0.046895	0.004819	0.027075	0.025734	-0.023127	-0.019231	0.021553	0.005076	-0.012927	-0.009141	0.005898	-0.006364	0.016174	0.012557	0.003923	-0.039057	-0.025472	-0.006434	-0.005276	0.002027	-0.007357	0.018148	-0.000301	0.049757	-0.043830	0.027853	-0.011920
0.961457	0.072864	-0.088575	-0.036178	0.102430	0.028639	-0.020005	-0.012711	0.012861	-0.056821	0.115116	0.077084	0.024627	0.094738	0.033824	-0.010097	-0.034725	-0.042250	-0.022453	0.004257	-0.007153	0.014519	-0.024398	0.037157	-0.006503	-0.004807	-0.043032	-0.013447	0.004395	-0.016334	-0.000906	-0.015202	0.013515	0.004777	-0.009807	-0.011564	0.034415	-0.006393	-0.014222	-0.045817	0.022136	-0.027949	0.001564	-0.027699	-0.017274	-0.006915	-0.006771	-0.012755	-0.020288	0.022617
0.942589	0.117648	0.059757	0.127100	-0.001271	0.050482	-0.039713	0.108376	0.010684	0.013013	0.031317	0.032307	0.019370	-0.030936	0.056483	0.044447	0.006852	0.052194	0.061157	-0.038318	-0.021036	0.032419	-0.012669	-0.013501	-0.030281	0.092371	0.025308	0.009191	0.011845	0.048458	0.000315	0.014032	-0.029158	-0.020676	0.029536	0.051833	-0.027543	0.040818	0.084806	-0.044305	0.005429	-0.018812	0.033845	0.032809	0.010847	0.067124	-0.041521	-0.039846	0.018425	0.057528
0.946390	-0.133030	0.120936	0.092269	0.033030	-0.065666	-0.001245	-0.006854	0.049967	0.065023	-0.019701	0.016401	-0.048467	0.001799	0.050990	0.042660	-0.035222	-0.002712	-0.049764	0.018402	0.032367	-0.037954	0.075704	0.016502	0.035898	0.010373	-0.029163	-0.005185	-0.038923	0.044662	-0.012956	-0.017002	0.029178	0.006796	0.043697	-0.014585	0.004206	-0.034957	-0.046579	-0.021219	0.026523	-0.016991	0.005422	0.015160	-0.038207	-0.004013	0.052910	0.028700	-0.081999	-0.071806
0.948778	0.000854	0.159607	-0.006119	0.019449	0.009134	-0.071298	0.094210	0.077645	0.015884	0.058329	0.020709	0.003476	0.008746	0.057665	0.009790	-0.067558	0.012848	-0.046131	0.033768	0.028518	0.034756	-0.042006	-0.022574	0.010815	0.044448	0.006993	-0.036346	0.031806	0.059776	0.016302	-0.028578	0.048950	0.006865	0.049415	0.088499	-0.018368	0.055790	-0.032712	-0.002396	0.024652	-0.006900	0.012806	0.006950	-0.019858	0.062913	-0.035393	-0.026251	0.012774	0.016581
0.952680	0.067994	0.074535	0.065683	-0.161777	-0.126533	-0.058695	0.058822	-0.001239	0.012635	0.010507	0.017481	-0.040466	0.030631	0.036471	-0.002938	-0.023536	0.009801	0.020806	-0.037781	-0.049877	0.032152	-0.001376	-0.008840	0.049377	0.037778	0.005736	-0.005513	-0.022224	0.014881	0.016565	-0.012258	-0.027597	-0.030515	-0.041773	-0.032617	0.010841	0.009191	-0.016603	0.008162	0.021532	-0.030528	-0.003766	-0.004571	0.037452	0.012792	0.026634	0.036326	-0.051631	0.020253
0.927988	0.040730	0.270022	-0.028406	0.036166	-0.017511	-0.023575	0.068956	0.001247	0.029807	0.056013	0.050117	0.090997	0.021866	0.026845	0.108577	-0.069358	0.034428	0.048551	0.009200	0.042250	0.016895	-0.001008	-0.027272	0.055691	0.036535	0.049119	-0.014271	-0.004590	0.037893	0.009024	0.011426	0.009469	-0.013103	0.002577	0.048654	0.016722	-0.005738	0.007295	-0.027381	0.003525	0.018901	-0.018886	-0.019432	-0.017498	-0.028684	-0.020970	-0.008415	-0.045352	-0.014200
0.944926	0.012022	-0.010900	0.111360	0.153743	-0.044472	-0.136405	-0.094612	0.057109	0.044133	0.043269	-0.013173	-0.049609	0.031615	0.079274	-0.070412	0.004864	0.067729	0.038963	-0.029298	-0.017713	0.022712	0.021403	-0.010873	-0.001896	0.003270	0.016591	-0.015768	-0.007249	-0.005941	-0.007315	0.012039	-0.003783	-0.008531	-0.029049	0.035913	0.000986	0.005719	0.003329	-0.025083	0.027509	-0.024807	0.035645	-0.013656	-0.008794	0.028747	-0.008590	-0.015602	0.016357	0.053763
0.947705	-0.030792	0.057720	0.126208	0.114681	-0.034851	-0.123867	-0.006961	0.007266	0.035455	0.023503	-0.016775	0.024143	0.028884	0.040919	-0.064242	0.000534	-0.030622	0.033091	-0.042320	-0.003993	-0.016309	-0.067990	0.006404	-0.065006	0.020082	0.005291	-0.051954	-0.025914	-0.013481	0.024617	-0.023255	0.058545	-0.027086	-0.003535	0.007062	-0.059634	0.054890	0.001684	-0.039052	0.030545	0.002271	-0.027559	0.014740	0.010865	0.063331	0.047959	-0.034948	-0.047501	0.016124
0.814033	0.010508	-0.018061	0.249657	-0.038868	-0.029365	-0.178739	-0.012168	0.073284	0.044401	0.226922	0.058314	0.014663	0.069102	0.089966	0.034624	-0.045059	0.014770	0.016604	-0.026749	-0.004316	0.033379	0.011932	-0.045269	0.092100	0.190718	-0.017878	-0.015060	0.090304	0.071545	-0.013179	0.000394	-0.014411	-0.092341	-0.144829	0.135438	-0.019298	0.170614	-0.045100	0.079930	-0.006044	0.000383	-0.013828	0.056557	0.018404	-0.041309	0.032100	0.057192	0.048295	-0.010979
0.933910	0.092678	-0.030944	0.171231	-0.026477	-0.025033	-0.130014	0.096006	-0.076134	0.062716	0.008048	0.004784	0.042390	0.041831	0.033571	-0.015431	0.029369	0.034184	0.090801	-0.056300	-0.017186	0.055433	-0.025689	0.010522	0.036975	0.098399	0.010877	-0.015264	0.027185	-0.001870	-0.035156	0.051990	0.012391	-0.028819	-0.024344	0.046466	-0.050339	0.051848	0.022741	0.014015	0.018631	-0.030001	0.009543	-0.020242	0.017046	0.021499	0.023926	0.000066	-0.017204	-0.007780
0.968153	-0.020013	-0.048278	-0.032739	-0.137450	-0.063919	0.112608	-0.054893	0.025409	0.005561	0.019084	0.057756	0.008832	0.043479	0.036472	0.011732	0.044366	-0.036420	0.016638	-0.024917	-0.010958	-0.005048	-0.019705	0.008815	-0.019933	-0.003378	-0.014257	-0.007670	0.000888	-0.006330	0.005240	0.021296	-0.024912	0.010631	-0.001140	0.002617	0.019911	-0.008614	0.026402	-0.031124	-0.002342	0.021683	-0.025577	0.036504	0.012086	0.013503	-0.002577	-0.019863	-0.016131	-0.008092
0.954521	0.155389	0.018289	0.088860	0.011396	0.086851	0.009377	0.045090	0.027036	0.071844	0.020160	-0.017981	-0.042664	0.017075	0.123017	0.007760	0.027592	0.087631	0.000062	-0.028521	0.038905	-0.011992	0.012270	0.023524	0.013904	0.019082	-0.010737	0.001821	-0.001740	0.005562	-0.024553	0.031880	0.029964	-0.051304	-0.023415	0.009451	-0.003334	0.006561	0.007620	-0.020854	0.010407	0.028556	0.005297	-0.000922	-0.028530	-0.035660	0.032969	0.001059	-0.001252	0.002321
0.831242	0.108203	-0.002471	0.227217	-0.135051	-0.002389	0.044034	-0.004395	0.031609	0.171931	0.158766	-0.040129	0.005051	0.010352	0.128717	0.101263	-0.110531	0.044421	0.038274	-0.067227	0.100435	0.071508	-0.011081	0.002104	0.112571	0.085594	-0.005533	-0.088644	0.083721	0.168363	0.038203	0.057308	-0.094806	-0.028239	-0.101281	0.080059	-0.017043	0.004649	0.008391	0.004166	-0.017124	-0.039864	-0.019281	-0.042510	0.062602	-0.024644	0.045436	0.007383	-0.010660	0.000164
0.983941	0.065567	0.040769	0.055543	-0.021223	0.001502	0.021248	0.040863	-0.047347	0.038380	0.010360	0.012188	-0.011997	-0.051965	0.030973	0.020419	0.005541	0.043735	0.023622	-0.024860	-0.012427	-0.005846	-0.020503	0.034633	-0.043511	-0.008033	0.007371	0.019459	-0.008546	-0.019925	-0.003038	0.034631	-0.001759	0.010365	0.016981	0.009621	-0.001804	0.008275	0.009861	-0.010338	0.012525	0.026123	-0.002585	0.020297	0.015098	0.001369	0.021942	0.002055	0.017511	0.002274
0.986661	-0.093944	0.018092	-0.020937	-0.029346	-0.053775	0.027606	0.035538	-0.015784	0.028419	-0.026514	0.009497	0.025736	-0.028212	-0.017535	0.041163	0.021943	-0.002809	0.011599	-0.006382	-0.007033	0.035854	0.019217	-0.012556	-0.002826	-0.011214	0.017992	-0.000664	-0.000754	-0.009354	0.001219	0.010169	0.014522	-0.009950	-0.008967	-0.012551	0.003789	-0.005413	-0.009195	0.008119	-0.018605	-0.003427	0.023386	-0.002129	0.003538	0.010292	0.009255	0.017583	-0.021809	-0.001571
0.983948	-0.111689	-0.030910	0.049059	-0.051650	-0.029586	-0.014255	-0.031512	-0.021694	0.026959	0.013563	0.022792	0.018084	-0.037154	0.013291	0.022633	0.021898	-0.002793	0.031359	-0.015064	0.009683	0.010414	-0.000297	-0.002015	0.018400	-0.000923	0.009529	0.012025	-0.002216	0.005216	0.003109	-0.010653	0.004754	-0.014361	0.008624	0.011092	0.013622	-0.029260	0.013763	-0.019379	0.017536	0.006900	0.014815	0.016058	-0.007215	0.005751	-0.010048	0.031238	0.015931	0.007558
0.970995	-0.112880	-0.049524	-0.000275	0.085455	0.048990	0.009357	0.052257	-0.059711	-0.031937	0.034460	-0.043562	-0.009711	-0.006253	-0.026036	0.007315	-0.034260	0.056361	0.042581	-0.053983	0.026130	-0.029655	0.005779	0.027592	-0.028781	0.003697	-0.005798	-0.031974	0.001678	0.009484	0.010806	0.018788	-0.041519	0.012159	0.021475	0.038786	0.026946	0.009574	0.012069	-0.014015	0.012645	0.007331	-0.001829	0.003201	-0.000592	0.018676	0.025484	0.026530	-0.008300	0.005234
0.982838	-0.000152	-0.007648	0.045069	0.024904	0.027109	0.086402	-0.046443	-0.065024	0.010635	-0.041419	-0.032909	-0.051078	0.005386	-0.023013	0.000222	0.018497	-0.051277	0.005226	-0.024444	0.011277	-0.000204	-0.033934	-0.002232	-0.021066	0.012194	-0.009541	-0.011287	-0.003898	-0.012675	0.020266	0.019216	0.009528	-0.002173	0.002065	0.022030	-0.009361	-0.004694	-0.014221	-0.036519	0.018429	-0.007244	0.018981	-0.009122	-0.009874	-0.015125	-0.005705	0.009870	0.011598	-0.018740
0.966964	-0.148098	-0.066163	0.090274	-0.011023	-0.027502	0.041462	0.042240	-0.066524	-0.028252	0.023173	-0.023395	-0.007072	-0.039043	-0.033284	-0.039385	0.027297	0.060872	0.005455	-0.037487	-0.010556	0.003468	-0.032628	-0.015966	0.011706	0.010850	0.029336	-0.004597	0.023197	-0.024184	0.032816	-0.011865	0.005949	-0.004268	-0.024072	-0.003671	0.010751	0.006137	0.018881	-0.009363	-0.021819	-0.019467	0.023560	-0.009720	0.002966	0.029486	-0.016683	-0.011676	-0.021912	0.016475
0.967386	0.010797	0.000916	-0.074920	0.089073	-0.053392	0.070747	0.064299	0.012522	0.028088	0.078852	-0.060010	0.015261	0.006815	-0.056013	0.046578	-0.039914	0.045132	-0.016209	-0.063105	0.028782	0.024837	0.035819	0.023959	-0.057106	-0.000139	0.017041	0.003637	-0.036783	-0.017804	-0.016584	-0.001302	0.023925	-0.011181	0.039823	0.012890	0.028992	0.018150	-0.014086	0.002435	-0.005661	-0.016829	0.001004	0.013840	-0.007168	0.012415	0.004465	-0.003610	-0.014744	-0.026147
0.975231	-0.044680	-0.156402	0.025975	0.010846	-0.012191	0.063118	0.021702	-0.064603	0.015418	-0.006679	-0.004071	0.020628	0.020761	-0.005486	-0.026465	-0.015754	0.012637	-0.011803	-0.016340	0.048179	-0.024360	0.006433	0.027437	-0.001489	-0.003155	-0.028394	0.014522	-0.009630	-0.003563	0.003125	0.022540	-0.017772	0.010725	-0.006196	0.005803	0.007004	0.017907	-0.018961	-0.022390	-0.007002	-0.040554	0.024605	-0.022603	0.008616	-0.002429	-0.006658	-0.011683	-0.005570	-0.001173
0.922158	-0.105473	-0.053739	-0.064407	-0.147724	-0.029534	-0.025521	0.112632	0.089077	-0.010155	-0.010595	-0.108928	0.052914	0.073928	-0.086274	0.044158	0.086003	0.028228	0.035233	0.010949	0.056416	-0.038386	0.007715	0.025527	0.082294	-0.012529	-0.010304	-0.053030	0.079798	0.032693	0.050233	0.011091	0.025159	-0.027615	-0.044922	-0.018648	-0.023508	0.022633	-0.046360	-0.008761	0.005175	-0.027709	-0.075717	-0.037932	-0.039418	-0.025147	-0.043486	-0.033902	0.051167	0.006610
0.969718	-0.047821	-0.037299	0.100140	0.043883	0.002555	0.127652	-0.055859	-0.011979	-0.048402	0.032569	0.028215	-0.067061	0.033347	0.005308	-0.030753	-0.021550	0.015899	-0.021206	-0.005802	0.008154	0.019078	-0.016445	0.036295	-0.033499	-0.034804	-0.017260	0.010860	0.010208	0.023611	0.016781	0.011760	-0.005610	0.009845	0.006799	-0.005552	0.050380	0.011631	-0.014343	0.035106	0.015062	-0.004845	0.013844	-0.000115	0.014410	0.026764	0.015258	0.024023	0.002954	0.010783
0.957561	-0.132179	-0.060822	-0.016812	-0.008335	-0.019660	-0.102270	0.076657	0.030421	0.032518	0.102127	0.006524	-0.013358	-0.007580	0.065516	0.015223	0.051537	0.077493	0.029357	-0.042583	-0.039719	-0.025360	0.008851	-0.004006	-0.046673	-0.030801	0.021976	0.025878	-0.018392	0.030010	-0.031118	-0.038023	-0.011521	-0.007044	-0.012685	0.007908	0.005199	-0.026895	0.010582	0.008601	0.010762	0.004317	0.045353	-0.005106	0.014420	0.035532	0.001889	0.020286	-0.004533	-0.023814
0.921809	0.005846	-0.121170	-0.088439	-0.112204	-0.188936	-0.091469	0.089878	-0.059382	0.009679	-0.022098	-0.086080	0.047360	-0.005623	-0.059309	0.040667	0.061561	0.041468	-0.025113	-0.057004	0.063207	-0.016061	0.023804	0.033359	0.032710	-0.031246	0.035065	0.000843	0.028794	0.020177	0.051428	-0.004528	-0.007534	-0.020132	-0.037307	0.020713	-0.061806	0.050039	0.037261	0.011103	-0.035386	-0.049959	-0.048383	-0.048551	-0.016090	0.018007	0.011931	-0.042421	-0.021045	0.001308
0.926006	-0.180129	-0.096419	-0.072449	-0.061282	-0.153001	0.066611	-0.006039	-0.020222	0.027543	0.086758	-0.058240	-0.101540	0.007950	-0.115394	0.082591	-0.059609	-0.062089	-0.025755	0.005448	0.017234	0.015686	0.037091	-0.026130	0.002300	0.021149	-0.028422	0.003886	-0.039181	-0.021055	0.017583	0.038852	-0.000052	0.019171	0.003244	0.003623	-0.015938	-0.033509	-0.026387	-0.004043	0.015646	-0.002885	-0.039162	0.008043	-0.006330	-0.025326	-0.010333	0.009139	-0.009334	0.014793
0.926199	-0.088489	-0.053101	-0.076043	0.041741	-0.158964	-0.020075	0.098989	0.051892	0.066225	-0.008477	-0.027727	0.071906	0.036827	-0.065809	0.091548	0.125001	0.001161	0.058690	0.049453	0.082059	0.027424	-0.020210	-0.069977	0.043586	0.015362	0.001347	0.006923	-0.048790	0.010360	0.020949	0.025182	0.045161	-0.018082	-0.016509	-0.011490	0.011625	-0.068477	0.039351	0.038747	0.017574	0.070841	-0.001009	-0.010738	0.023122	0.045414	0.031103	0.007604	0.039170	-0.007266
0.957741	-0.003999	-0.059734	-0.019356	0.113325	0.013674	0.102592	0.105925	0.047613	0.006117	0.045905	-0.062209	-0.007697	0.032803	-0.051704	0.047394	-0.002035	0.051585	0.000687	-0.050289	0.040448	0.062510	0.029628	0.034440	-0.007659	-0.013481	0.008210	-0.015210	-0.040220	-0.016550	-0.005144	-0.055684	0.002831	0.015504	0.032831	-0.040435	-0.010619	-0.007373	-0.017985	-0.018177	0.038431	-0.018049	0.032059	0.010488	-0.000431	0.009894	0.010514	0.056771	-0.033827	0.001777
0.717264	-0.103544	-0.096080	-0.055444	-0.251873	0.050137	0.014797	-0.009674	0.036479	-0.121355	0.125614	-0.055993	0.131940	-0.011411	-0.135585	0.123034	-0.071528	0.078727	-0.063355	-0.044812	0.121805	0.352889	0.190754	-0.034050	-0.101803	0.010788	-0.143841	0.005490	-0.177432	-0.069995	-0.105031	-0.039923	0.006008	-0.105693	-0.014472	-0.068856	-0.069365	0.029449	0.060184	0.036459	-0.051456	-0.032001	-0.009954	0.012767	0.035777	0.047617	0.029069	-0.013162	0.021284	0.003349
0.922142	-0.128430	-0.253055	0.022206	-0.089245	-0.052273	-0.047131	-0.060755	-0.033297	0.084954	-0.020012	-0.003657	-0.015140	-0.061897	-0.023418	0.064619	-0.009284	-0.041068	0.064794	-0.024111	0.070216	0.049841	0.014458	-0.033846	-0.033989	-0.000334	-0.018773	-0.045079	-0.025404	-0.028102	-0.000537	-0.039323	-0.020954	-0.010707	-0.038610	-0.039871	-0.009354	-0.033238	0.039592	-0.019852	0.021326	-0.020526	0.013201	0.016716	0.013332	-0.009015	0.035283	0.040116	0.032609	-0.018932
0.962143	-0.073636	-0.123018	-0.066115	-0.099413	0.103496	0.039238	-0.010631	0.000900	0.010476	0.042952	-0.012295	0.030363	-0.003041	0.005248	-0.051641	0.023283	-0.014909	0.051926	-0.032338	-0.019337	-0.038862	0.035005	0.016930	-0.015150	0.007460	-0.011296	0.003156	0.031887	0.019712	0.049583	-0.005879	0.071219	-0.039291	-0.008067	-0.023344	-0.007607	0.013063	-0.026191	-0.006680	0.007360	0.007170	-0.004797	-0.001434	0.005287	0.011929	0.020030	0.013694	0.001908	0.008515
0.959631	0.040958	-0.113825	-0.014877	-0.058480	-0.083783	0.066761	0.066192	-0.033197	-0.025190	0.098541	-0.026792	0.040759	-0.036123	-0.083773	-0.029070	-0.057801	0.013741	0.019364	-0.026301	0.038027	-0.036752	-0.038062	0.012057	0.002259	0.028262	0.036793	0.004373	0.017411	-0.028429	0.005811	-0.028526	-0.014573	0.009650	0.029027	0.003234	0.023846	-0.015531	-0.022098	-0.034585	-0.002127	0.016445	-0.014200	0.016601	0.018295	-0.032570	0.006876	0.042738	-0.016952	-0.029944
0.895751	-0.211076	0.112404	0.018089	0.177397	-0.060787	0.229754	-0.007664	0.093636	0.034320	0.019032	0.000372	0.051428	0.003024	0.023630	-0.007034	0.008401	-0.004747	0.051717	-0.037412	0.007420	-0.044294	-0.028453	-0.017113	-0.053462	-0.000484	-0.011888	-0.010880	-0.044544	0.009588	0.011381	0.024799	-0.028041	-0.042868	0.028752	-0.016633	0.061289	0.035439	-0.060979	-0.046354	-0.012004	0.011333	0.038878	-0.015739	0.034699	0.023935	-0.057464	0.000094	0.021617	0.055891
0.967276	0.043598	-0.008138	0.111566	0.053000	-0.102141	0.098421	-0.045496	-0.017774	-0.059683	0.024197	-0.006982	-0.033139	-0.003359	-0.022480	0.029272	-0.014717	0.032132	0.047335	-0.004252	0.055309	0.007419	-0.015158	-0.014842	-0.018735	0.010519	0.025012	-0.045625	-0.007610	-0.003501	-0.005565	0.018319	0.031174	0.004774	-0.002385	-0.011941	0.003217	-0.041246	-0.002220	-0.019808	-0.018644	0.008386	0.016858	-0.012301	-0.010316	0.027191	-0.021685	-0.022560	-0.036393	0.006985
0.948790	-0.115699	-0.105843	-0.037972	0.173393	-0.024566	0.121800	-0.000987	0.004919	0.015645	0.022129	0.036865	0.049012	0.027903	0.008333	0.049657	0.014574	0.016457	0.008435	-0.042237	0.070933	0.003093	0.000271	-0.041572	-0.011502	0.004433	0.020249	-0.012157	-0.022711	-0.040214	0.005806	-0.018754	0.025272	0.010491	-0.007720	-0.007740	0.054274	0.014441	-0.033067	0.020568	0.030475	-0.006609	0.017040	-0.023543	-0.016070	0.007115	-0.010316	0.005213	-0.009552	-0.014220
0.957595	-0.138327	0.018546	-0.125814	-0.114996	-0.055346	-0.019851	-0.034596	-0.061192	0.060488	0.000971	-0.013756	0.040479	-0.029172	-0.019405	0.040304	-0.032027	0.021989	-0.020763	-0.027310	0.033612	-0.011500	-0.021412	-0.030687	0.009446	-0.005481	-0.005991	-0.005988	0.034459	-0.038906	-0.004583	-0.011376	-0.020412	0.059861	0.012052	-0.003663	0.003854	0.017915	-0.035325	0.013654	0.003920	-0.022920	0.025683	0.005412	0.013117	-0.004125	0.023405	-0.019371	-0.019018	-0.026819
0.947280	-0.076692	-0.009243	0.011895	-0.115898	0.054697	0.107001	0.003916	-0.043065	0.011940	-0.030535	-0.001182	0.095417	-0.002099	0.029795	0.003176	-0.073351	0.103473	-0.035856	-0.049947	0.046025	0.050070	-0.008329	-0.033217	0.028640	-0.016005	-0.009919	-0.058333	0.020066	0.064283	0.022285	0.034447	-0.038954	-0.050476	-0.020153	-0.028458	-0.009347	-0.002934	-0.004029	-0.053779	-0.039448	-0.019084	-0.024591	-0.035429	0.008727	-0.047598	-0.001140	-0.004501	-0.032684	-0.061385
0.990355	-0.061700	-0.022435	0.008844	-0.042893	0.015462	0.018515	0.041264	0.000365	0.026799	0.008713	0.013901	-0.001967	-0.038400	-0.022351	0.023841	-0.002907	-0.012729	0.007681	-0.003784	-0.023482	-0.012070	0.017961	0.007560	-0.011937	-0.011548	0.001214	0.002385	-0.001236	0.002478	-0.000054	-0.032156	-0.039845	0.001367	0.006205	-0.017733	0.005948	0.010759	-0.005809	-0.011649	0.018282	-0.005066	-0.029992	0.002396	0.019326	-0.006126	0.003172	0.002053	0.020035	-0.012257
0.989189	-0.022627	-0.015054	-0.056319	-0.052391	0.013947	0.019588	-0.002161	-0.061655	0.021675	-0.023276	0.015030	-0.039074	-0.000567	-0.006654	-0.011579	-0.031214	-0.012279	0.003869	-0.013972	-0.008081	0.014230	-0.043644	-0.000003	0.007697	0.015115	-0.005021	-0.022228	0.009319	-0.002063	0.006329	0.013257	-0.010353	-0.019088	-0.012877	-0.015723	0.000734	0.001581	0.004405	0.007200	0.025224	0.014391	0.009464	0.022501	0.017493	0.006801	0.001477	0.001633	-0.012066	0.000653
0.951579	-0.023877	0.018525	0.081327	-0.077597	-0.036214	0.133885	0.096666	-0.064630	-0.009775	-0.070820	0.002720	-0.035598	-0.054130	0.014635	-0.001539	0.002645	-0.011479	0.057827	0.023330	0.025214	-0.022121	0.051104	0.003780	0.029063	-0.005453	-0.069284	-0.009310	0.004877	0.012941	-0.013624	0.002222	0.010694	0.047086	-0.013044	-0.039361	-0.008713	0.029419	-0.064237	-0.029164	0.037784	0.026525	-0.043042	-0.027673	-0.029563	0.001885	0.028445	0.023429	-0.079662	0.037914
0.961720	-0.051864	0.045127	-0.069182	-0.184222	-0.047475	-0.021969	-0.050322	-0.074707	-0.046625	0.014048	-0.033032	-0.092755	-0.023260	0.015120	-0.050372	-0.032167	-0.024721	0.007662	0.003707	-0.005839	-0.001492	-0.003949	-0.007407	0.016944	0.003498	-0.011914	-0.005476	-0.012092	-0.006841	0.001198	-0.002963	-0.013995	-0.014885	-0.001329	-0.026503	0.006989	-0.012907	-0.004479	-0.004751	0.024965	-0.007282	-0.020012	0.000062	0.013112	-0.003484	-0.007827	-0.000943	-0.010892	0.010048
0.974161	0.010574	-0.031635	-0.032590	-0.086210	-0.089348	0.002321	0.014193	-0.047831	0.017156	-0.036483	0.038880	0.020564	0.036566	0.039528	-0.005695	-0.047833	0.015701	0.029338	0.030873	0.035188	-0.000656	0.029773	0.003902	0.022306	0.044951	0.024311	0.030162	-0.000993	0.015521	-0.044052	-0.021560	-0.013950	-0.014351	0.024330	0.056323	0.024728	0.054737	-0.004464	0.007070	-0.003577	-0.013142	0.021007	-0.009432	0.010657	-0.000137	0.007798	0.010660	0.037754	0.031744
0.972601	0.071957	-0.076213	0.074594	0.009673	0.010431	0.095027	-0.048425	-0.033246	0.026695	-0.011407	-0.000397	-0.030105	0.015947	-0.004647	0.002705	0.043608	-0.043094	0.003232	-0.048834	0.002257	0.007297	-0.011908	-0.030983	-0.007485	-0.003344	0.049820	-0.003972	-0.006561	0.028487	-0.017129	-0.035067	-0.039752	-0.001935	0.001975	-0.009671	-0.028146	-0.024945	0.007069	-0.024220	-0.017624	0.016140	-0.038499	0.018651	0.024253	-0.026525	-0.038682	0.037822	0.013086	0.001486
0.952811	-0.018851	0.141216	-0.069276	0.128194	0.052878	0.120805	0.078744	0.055635	-0.026727	0.067839	-0.051281	0.005754	0.002211	0.000382	-0.017440	-0.040030	-0.037517	0.045048	-0.028043	-0.016629	-0.022627	-0.011145	0.035903	-0.013713	-0.003407	0.002063	0.026658	-0.023189	-0.000773	-0.009723	-0.014370	0.019058	0.023768	0.018829	-0.022955	-0.030162	0.014875	-0.019938	0.010081	0.005880	0.002297	-0.006297	-0.022266	0.008007	0.002365	-0.013821	-0.004711	0.016428	0.036029
0.945683	-0.055054	-0.031750	0.015263	0.061021	-0.037493	-0.030561	-0.085820	0.028170	-0.100288	0.122111	0.036923	0.077558	-0.119125	-0.086841	0.006980	0.028500	0.056013	-0.006263	-0.013205	0.070940	0.022975	-0.026693	-0.030509	0.010700	-0.033702	0.006082	0.020054	0.035915	0.027102	0.030873	0.052240	-0.010595	-0.034247	-0.014075	-0.050669	0.017836	0.034762	-0.012098	0.019430	0.039775	0.002334	-0.011451	0.019147	-0.045559	-0.047131	-0.007582	0.021994	-0.015004	-0.032388
0.954021	0.142638	-0.026435	-0.078045	-0.051340	-0.049020	0.012655	0.002034	-0.098375	0.015496	-0.037074	0.024049	-0.045399	-0.049099	0.029086	-0.060781	0.012031	0.033666	-0.005565	-0.013036	-0.001028	0.001005	0.029566	-0.064837	0.046888	0.052078	0.061435	0.016268	-0.036388	-0.016209	-0.012619	-0.048336	-0.004873	0.006038	-0.032702	-0.027022	-0.016001	-0.028831	-0.075487	0.001902	-0.009026	-0.005867	-0.000891	-0.023523	0.058231	0.038759	0.027558	0.029720	0.013972	-0.031335
0.973791	0.043066	-0.029490	-0.039790	0.115120	0.001799	0.064740	-0.012468	0.008115	-0.045651	0.048496	0.046121	-0.024276	-0.024207	-0.000098	-0.081133	0.028659	0.045385	-0.044473	-0.011509	-0.027800	0.021376	0.002548	0.037837	0.040962	-0.012469	-0.008742	-0.015260	-0.032621	0.026523	0.009465	-0.005592	-0.001662	-0.000302	-0.018983	0.011972	-0.010435	-0.023151	0.021268	0.013467	-0.026926	-0.004165	0.006633	0.009247	0.006847	-0.023671	0.002037	0.013590	0.006401	-0.015816
0.987096	0.065970	0.014702	0.055230	0.038582	0.056006	-0.043709	0.001821	0.013074	0.006510	0.007722	0.037902	-0.011746	0.038306	0.031495	-0.007775	-0.041932	0.003360	-0.012351	-0.015334	0.003662	0.020601	-0.002118	0.022131	0.028310	0.008992	0.011514	0.010729	-0.002980	0.017953	-0.007209	0.003086	-0.015545	0.012124	-0.005104	0.009660	-0.001613	-0.016882	-0.007173	0.002695	0.001830	0.009588	0.002030	-0.011575	-0.011966	-0.004663	-0.006951	-0.010777	0.019343	-0.026723
0.982808	0.063787	0.061289	0.101715	0.021418	0.027345	-0.039975	0.026174	0.018544	-0.003092	-0.022564	0.013355	-0.012148	0.040590	0.044802	-0.001787	-0.033086	0.000625	-0.004254	-0.019197	0.018602	-0.002970	0.018182	0.005688	0.006171	0.023283	-0.000479	0.019267	-0.004531	-0.008607	-0.013577	-0.006829	0.017004	-0.017579	-0.001340	0.007519	-0.007950	0.010744	-0.034563	0.005494	0.021872	0.002001	-0.001694	-0.005664	-0.017796	0.015683	-0.016105	0.021204	0.013481	-0.008573
0.971935	-0.024921	0.053000	0.061723	0.020942	0.100203	0.033255	-0.008055	0.046196	0.074990	-0.019150	0.015280	0.004415	-0.031750	0.053815	0.012051	0.054597	0.016125	-0.053282	-0.052708	-0.019452	0.010310	-0.056193	-0.001453	0.029959	0.029740	0.016197	-0.016127	0.002395	-0.016147	-0.024812	0.019499	-0.032278	0.003239	0.013223	-0.016474	0.023070	-0.017350	-0.005298	0.016079	0.030560	-0.011781	-0.036308	0.030369	0.011349	-0.026579	-0.008250	0.009873	-0.026501	0.017948
0.977032	-0.001606	0.113061	0.062661	0.103038	-0.042730	-0.050452	-0.002940	0.034981	0.028080	-0.023826	-0.015466	-0.007201	-0.031493	0.047921	0.020028	-0.012220	0.005639	-0.005082	-0.027547	0.011930	0.014476	-0.014339	-0.018650	0.016139	-0.001293	-0.002727	-0.001380	0.015951	0.016968	-0.027628	0.010809	0.001179	0.007627	-0.005881	0.012617	0.020733	-0.022250	-0.008289	-0.022361	-0.018325	0.013930	0.016101	0.018818	-0.002902	-0.005227	0.000139	-0.017442	-0.014232	-0.011883
0.970232	-0.021368	-0.003990	0.100995	0.000842	0.042825	0.028597	0.015641	-0.047485	0.139655	-0.060050	0.008826	-0.000348	0.013486	0.058395	0.007141	0.020786	-0.046968	-0.017480	-0.031711	0.014765	0.008157	0.011528	-0.009640	0.024154	-0.015471	-0.033611	-0.000107	-0.003658	-0.044086	0.000359	0.021329	-0.017893	-0.002131	0.004748	0.060797	0.014911	-0.021477	0.001450	0.033003	-0.004268	-0.014905	0.017914	0.003283	-0.022515	0.001520	-0.000656	0.009846	-0.001166	0.013110
0.967105	-0.068441	0.124402	0.093416	-0.032579	-0.074470	-0.042283	-0.042824	0.089285	-0.000316	0.000097	0.010476	-0.058692	0.022150	0.054298	-0.001344	-0.030029	0.006868	-0.019734	0.012019	0.005417	0.014353	-0.000414	0.037070	0.012256	0.019529	0.009620	-0.016754	0.006567	-0.003532	-0.040779	0.005416	0.026566	-0.023339	0.033864	-0.010093	0.007516	0.010430	-0.006807	0.010428	-0.002523	-0.001415	-0.004947	-0.032363	0.008028	-0.014080	-0.020619	0.011659	0.000795	0.012492
0.946776	0.167744	0.038595	-0.003677	-0.202097	-0.068040	0.009669	0.040105	0.058305	-0.046717	-0.000278	0.040770	-0.018982	-0.025810	0.013468	-0.017683	0.006730	-0.014629	-0.010549	0.016146	0.006544	0.032908	0.046276	-0.008207	0.051544	-0.009972	0.051114	0.052451	-0.008361	-0.010847	-0.008509	-0.006373	0.017557	-0.007381	0.012754	0.008250	-0.001030	0.018302	0.001407	0.009406	0.040203	-0.002397	0.030294	-0.007563	-0.004025	0.002425	-0.012238	0.017787	0.004600	0.039003
0.922408	0.175883	-0.107145	-0.138016	-0.045640	-0.102776	-0.137804	0.134082	-0.060252	0.059822	-0.038537	0.022463	-0.019658	0.005739	0.074057	-0.013395	-0.032186	-0.041946	-0.019287	0.002243	0.029244	0.044668	-0.001989	0.023724	0.004493	-0.042029	0.020603	0.052107	-0.003792	-0.019895	0.014666	0.017900	0.012997	0.044198	0.012104	-0.017261	-0.008670	-0.027103	-0.010977	0.016243	0.021605	-0.030560	0.041055	-0.013112	-0.028649	0.018870	-0.037627	-0.022328	0.008773	0.012454
0.905775	0.086569	0.000168	0.006659	0.105535	-0.034877	0.157972	0.176963	0.247511	0.051019	-0.007258	-0.028268	-0.031894	0.039248	0.068354	0.017826	-0.034947	-0.048182	-0.035082	-0.014105	-0.068720	0.031670	-0.009386	0.033100	-0.023798	-0.014593	0.034887	-0.038652	0.015572	0.018000	0.016985	0.001576	-0.029900	-0.025802	-0.013620	-0.027481	-0.002163	0.029247	-0.011605	-0.007414	-0.009310	-0.010365	-0.077692	-0.008329	-0.024355	0.005314	0.050777	-0.008191	-0.020078	-0.037335
0.929410	-0.178803	0.049941	0.190811	-0.080222	-0.019450	-0.045392	0.047574	0.103041	-0.012987	-0.024177	0.092013	0.039840	-0.022269	0.016073	0.013090	0.011736	-0.055282	-0.010313	-0.007629	0.009953	0.040111	-0.049881	-0.037719	0.051457	0.035353	-0.018424	0.009773	-0.026658	-0.012703	-0.021759	0.037390	0.021400	0.000863	0.017725	-0.004527	-0.039435	-0.024332	0.040492	0.029834	0.060204	-0.013027	-0.015938	0.041505	0.003499	-0.042473	-0.026521	-0.005360	-0.042880	-0.012428
0.951419	0.080809	0.095852	-0.030377	-0.092932	-0.123631	-0.078051	0.057111	0.042744	-0.035794	-0.000337	0.074807	0.048444	0.039103	0.035783	0.026516	0.010039	-0.013843	0.057542	-0.008558	-0.028106	0.046775	-0.027324	0.014082	-0.046286	0.016604	-0.001399	-0.054035	-0.013494	-0.024537	-0.031555	0.009435	0.010872	0.014555	-0.029216	0.031396	-0.015623	0.051240	0.031861	0.024208	0.021440	-0.035097	0.020908	0.031333	-0.040601	0.012488	0.005403	0.018583	-0.007200	0.059446
0.959980	-0.057704	0.151991	0.073253	0.077452	0.067799	0.039411	0.005583	0.074704	0.000898	-0.035403	-0.002727	-0.020828	0.008403	0.046006	0.050711	0.022271	-0.045329	0.002901	0.000797	0.035274	-0.012409	0.054925	-0.023000	0.022268	-0.017077	-0.033502	-0.029059	-0.032711	0.017942	0.010857	0.067917	-0.025778	0.041194	0.019309	0.014398	0.014588	-0.028285	0.011344	-0.032790	0.006608	-0.002258	0.015370	0.017415	0.006497	-0.003182	-0.015362	0.002241	0.002494	0.000212
0.954584	0.050630	0.076993	-0.059735	0.041847	-0.012764	-0.088835	-0.061030	-0.057886	-0.065465	-0.028656	0.010297	-0.011139	-0.029936	0.024698	0.004852	-0.038051	-0.030957	-0.021979	0.026564	0.059550	0.025333	-0.018369	-0.011610	-0.027496	-0.018369	-0.048520	-0.014244	-0.037269	0.015676	-0.074145	0.015813	0.034746	0.021780	-0.047195	0.102700	-0.024461	-0.073163	0.019535	-0.039866	-0.026810	-0.031291	-0.072908	-0.022465	-0.015856	0.028244	-0.027373	0.032977	0.026389	-0.013974
0.950174	0.101448	0.047529	0.066547	0.080814	0.132902	0.051018	0.048611	-0.017509	-0.007519	-0.001317	0.067317	0.021997	-0.025871	-0.018783	0.073127	0.031846	0.013208	0.056343	0.016860	-0.012836	-0.002801	-0.018140	0.002605	-0.026173	0.016992	0.081973	-0.033146	-0.072803	0.019272	-0.050852	0.007769	0.008963	0.018106	-0.050015	0.004055	-0.043002	-0.035585	-0.010132	-0.050955	-0.024229	-0.023284	-0.066889	0.014594	-0.019819	-0.011014	-0.013771	0.038785	-0.015759	0.000895
0.957058	0.073973	-0.009504	-0.027517	-0.013134	0.097848	-0.018277	0.178510	0.035521	-0.048130	-0.011150	-0.019631	-0.038569	-0.025210	0.028701	0.029146	-0.014790	-0.043195	0.022494	-0.031564	-0.020154	0.036888	-0.006904	0.014770	-0.082222	0.022992	-0.047831	-0.014028	-0.061791	0.008421	-0.009770	-0.025445	-0.007840	0.011051	-0.009394	-0.046115	-0.000476	0.010042	-0.004444	0.000100	-0.013262	0.016613	-0.018337	0.003324	-0.017271	-0.003400	0.038170	-0.010539	-0.050269	0.011904
0.987159	-0.021556	-0.044344	0.072487	-0.036846	0.060551	0.025423	-0.046148	-0.009838	-0.024647	-0.027339	0.033440	0.006573	-0.028227	-0.032912	0.023346	0.019442	-0.007736	-0.009663	-0.014828	0.010490	0.009652	0.026573	-0.028458	0.011052	0.014445	-0.008136	-0.007864	-0.007557	-0.015064	-0.000163	0.001725	-0.006120	0.007843	0.019944	0.005543	-0.001153	-0.006322	0.017878	-0.005605	0.005488	-0.002817	0.021765	-0.006856	-0.003383	-0.007544	-0.014832	0.001798	-0.002129	-0.001652
0.976342	-0.118343	0.114724	-0.018522	0.005207	0.033518	0.012457	-0.001190	-0.000494	-0.071583	0.045437	-0.019075	-0.011909	-0.034131	-0.030453	0.036346	-0.025161	0.017990	0.004860	-0.027350	0.004293	-0.007314	-0.001921	0.019653	-0.016660	-0.008783	0.009936	0.001868	0.021023	-0.015694	0.015657	-0.007562	0.008161	0.031759	0.020878	0.013288	-0.006199	-0.007930	-0.001927	-0.001091	0.003815	-0.014516	0.014734	-0.012825	-0.005687	-0.005704	-0.019112	0.008637	-0.016016	0.005589
0.971181	0.049503	0.038151	0.112855	-0.074784	-0.035614	0.032080	0.075000	-0.061987	0.005679	-0.042418	0.006228	-0.039507	-0.017406	0.018497	0.017310	-0.007637	0.011536	0.023227	0.005952	-0.011282	-0.036843	0.062575	-0.003946	-0.005069	0.005115	0.010186	0.020605	-0.018217	0.015095	0.014295	-0.011759	0.000282	0.026309	-0.006775	-0.039565	-0.016309	-0.012780	-0.015449	0.037279	0.022013	-0.015362	0.036444	0.010157	0.042616	0.011216	-0.032318	-0.008881	0.015590	0.030752
0.951396	-0.021368	-0.136622	0.138435	-0.148971	-0.003670	-0.050160	-0.074873	-0.064686	-0.014027	-0.015058	-0.042670	-0.064004	-0.033739	-0.032716	-0.054404	0.003885	0.007668	-0.011947	-0.037092	0.000343	0.014997	-0.000415	0.005297	-0.041710	0.031781	-0.014483	0.002528	0.047776	-0.026525	-0.001467	0.005982	0.018592	0.012576	0.014531	0.007977	-0.006868	-0.019222	0.001426	-0.018499	-0.009646	0.001623	0.006523	-0.010648	0.004862	0.023604	0.009342	-0.005967	0.002436	0.014183
0.964832	-0.147599	-0.090340	0.090015	-0.035590	0.051798	-0.026823	-0.057647	0.086862	-0.017491	-0.019457	-0.025462	-0.018831	-0.010273	-0.031973	0.003344	-0.007731	-0.013960	0.020544	-0.026708	0.015142	0.020580	-0.005439	-0.031803	0.005011	-0.002151	-0.004249	-0.033678	-0.010317	-0.019426	-0.007757	-0.010920	0.027590	0.018962	-0.000487	-0.002371	-0.019380	-0.000872	-0.012581	0.034887	0.004515	-0.026486	0.024034	-0.013464	-0.020969	-0.032057	0.021601	0.012163	-0.016294	-0.032395
0.973149	-0.005401	0.065441	-0.039784	0.029252	0.107625	-0.074469	-0.002314	0.053270	0.014381	-0.023436	-0.067972	-0.054668	-0.021038	-0.000395	-0.008245	-0.008965	-0.028907	-0.044682	-0.027973	0.030215	0.041736	-0.031616	-0.019601	-0.000148	-0.027879	-0.013296	-0.008441	-0.005624	-0.055542	0.016066	-0.003212	-0.009927	-0.004220	-0.000058	0.038463	-0.002197	-0.008070	0.001991	-0.003385	0.009730	0.000160	0.005509	-0.041899	0.002408	0.018656	0.011362	-0.004662	-0.031682	0.013047
0.981827	-0.073055	-0.038609	0.008668	0.038957	0.012749	0.036665	-0.015181	0.070301	-0.004642	0.003512	0.031504	-0.039905	0.023127	-0.031966	0.009356	-0.062012	0.028675	-0.032800	-0.033118	-0.004527	0.010040	0.047916	0.011596	-0.021639	-0.001787	-0.008825	-0.034077	0.011688	-0.010016	0.016039	0.022195	0.007837	0.019917	0.027958	-0.013289	0.011880	0.010022	-0.015717	0.012446	-0.009777	-0.020916	-0.001367	-0.015386	0.003446	-0.026738	0.006885	0.008949	0.005487	-0.029109
0.926349	-0.109878	0.066617	0.004499	0.056817	0.157273	-0.042394	0.063181	0.027503	0.048447	-0.008783	0.091117	0.005568	-0.097428	0.049733	0.040666	-0.004611	0.070456	-0.055496	-0.018873	0.010745	0.040317	-0.088851	0.024281	0.005981	0.014176	0.012063	-0.005525	-0.008969	-0.072032	-0.055382	0.009347	-0.028185	-0.047938	0.017257	-0.050655	-0.022419	-0.057279	-0.077908	0.033984	0.128633	-0.027953	-0.037695	0.024886	0.018207	-0.026776	-0.023513	0.024374	0.009685	-0.018913
0.966792	-0.137579	0.052061	0.029139	0.109034	0.030984	-0.084791	0.022233	0.022973	-0.057203	-0.047013	-0.018010	-0.052554	-0.026621	-0.009149	-0.013556	0.005938	0.028935	-0.018832	-0.024352	0.026689	0.041554	-0.012752	-0.031115	-0.000921	0.003261	-0.005280	0.005901	0.005514	-0.023367	-0.027551	-0.003034	0.015719	0.011758	0.011191	0.025581	-0.021811	0.010158	0.015488	0.023469	0.004499	0.011371	0.016379	-0.014128	-0.010835	-0.001670	0.016102	-0.041307	-0.010715	-0.007712
0.943688	-0.123735	-0.030383	-0.037388	0.115336	0.151844	-0.101360	0.021174	-0.026810	-0.002202	-0.049407	-0.039935	-0.022513	-0.038072	-0.021997	0.075555	0.076565	-0.017318	0.052618	-0.029004	-0.006781	-0.004005	-0.045429	0.035380	-0.006085	-0.003883	0.030860	-0.043422	0.044916	-0.000703	0.030497	-0.029211	0.006222	-0.024806	-0.012961	0.012598	-0.001419	-0.028551	0.029681	0.014327	0.006547	-0.065642	-0.020970	-0.017588	-0.031369	-0.028851	-0.001574	-0.026450	0.029685	-0.024634
0.950097	0.049032	-0.107641	-0.019807	0.067118	0.077773	0.013022	0.073559	-0.037126	0.036449	-0.027720	0.070410	0.012609	0.024392	-0.012546	0.023924	-0.055463	-0.069799	0.050095	-0.003462	-0.064759	0.023594	-0.004156	0.146178	-0.035659	0.008479	0.000051	0.012445	0.014595	-0.029753	-0.012985	0.061388	0.002675	0.006207	0.012075	-0.017173	-0.018734	-0.002945	-0.021134	0.034480	-0.063988	0.008570	0.031986	0.022607	-0.018460	0.005760	-0.053880	0.044164	-0.010968	-0.014560
0.929163	-0.050872	-0.012734	0.084900	0.001445	0.173536	0.094531	-0.086449	-0.026756	0.080560	-0.027965	0.038079	0.109442	-0.005104	0.005313	0.019534	-0.096457	0.067633	-0.025787	0.000061	0.068711	-0.034678	-0.061636	0.080632	0.041894	0.024276	-0.024896	-0.000850	0.004414	-0.026678	-0.038455	0.018597	-0.041427	-0.010970	0.036542	0.091506	0.013173	-0.042835	-0.028899	0.005347	-0.030925	0.025037	0.038836	0.010289	-0.024552	-0.021333	0.008578	0.038943	0.037806	0.018474
0.939838	-0.136075	-0.013463	0.138474	-0.003499	-0.026201	-0.174458	0.066339	-0.069558	-0.018884	-0.002660	0.039797	-0.082234	0.001252	-0.041950	0.009960	-0.056271	-0.012747	-0.003238	0.024631	-0.032176	0.017183	-0.004473	-0.031596	-0.037327	-0.014694	0.011491	0.036523	0.063386	-0.023997	0.023314	0.023773	-0.020800	0.003385	0.019275	-0.002127	-0.030087	-0.028952	0.036400	0.001028	-0.002844	-0.028782	-0.005741	0.036962	0.066370	-0.018920	-0.033787	-0.007959	-0.023628	-0.012806
0.956049	-0.130010	0.026841	-0.017738	-0.013949	0.124338	-0.104936	-0.036102	0.034370	-0.006668	0.072357	-0.004513	0.002564	0.014220	-0.063528	0.012220	0.002799	0.044623	-0.033997	-0.026397	0.005659	0.017888	-0.011236	-0.049040	-0.033480	-0.044227	0.055000	-0.019892	-0.000532	-0.005142	0.020822	0.000317	0.023008	0.012496	0.044076	-0.020405	0.043208	0.044794	0.027741	0.000360	-0.031501	-0.014560	0.026683	0.020595	0.007390	-0.025429	0.019885	0.031724	-0.037796	-0.043995
0.969462	-0.059054	0.027071	-0.076961	-0.061609	-0.009450	-0.081337	0.113231	-0.015978	-0.032837	-0.099161	0.011415	-0.010981	0.012273	-0.032017	-0.007554	-0.044969	-0.035490	-0.002510	0.004315	-0.012467	-0.040911	0.002472	0.011945	-0.006455	-0.000784	-0.014776	0.003566	-0.017350	-0.007478	-0.003888	0.013768	0.002891	-0.013807	-0.033634	0.051723	0.001892	0.027066	-0.025877	-0.031699	-0.000840	0.003633	-0.008737	0.000675	0.010897	-0.000797	0.000732	-0.010631	-0.034204	-0.000130
0.965902	-0.016104	0.024910	-0.023418	0.089878	-0.106155	0.039396	0.047455	0.044071	-0.083288	0.040146	0.042719	-0.000433	-0.007652	-0.014621	-0.010859	0.005245	-0.076193	-0.033752	0.040105	0.001771	0.028345	0.030623	0.087453	0.038490	0.007753	0.028770	0.020419	-0.011025	0.024392	-0.016513	0.007824	-0.001433	0.007754	-0.001283	-0.009019	-0.021358	-0.027267	-0.023771	0.021512	-0.006007	-0.055691	0.011900	0.032358	-0.007530	-0.004697	-0.011951	0.013442	0.010182	-0.027079
0.964940	-0.115497	-0.031694	-0.101687	-0.064856	-0.073221	0.009218	0.036020	-0.000547	-0.093343	0.077454	0.043782	0.062084	-0.016172	0.009105	0.003149	0.055462	-0.039178	-0.007230	-0.003866	0.016081	-0.021548	0.049412	0.010269	0.020340	-0.005744	0.015465	0.030098	-0.002305	0.011866	0.000864	0.011655	0.008994	-0.010674	0.022626	-0.004030	0.009243	-0.010065	-0.017876	-0.014260	0.008842	-0.016827	0.009917	0.005018	-0.008732	-0.018290	-0.010341	-0.009748	-0.005699	0.005704
0.968183	0.025640	0.087063	0.056339	0.091884	-0.008383	-0.060540	-0.016557	0.001593	-0.058112	-0.028776	-0.003046	0.005242	-0.088769	-0.014137	-0.004097	-0.007729	0.012558	0.016014	0.020126	0.050451	0.014479	-0.007884	0.005567	0.008716	0.001556	0.004306	-0.003628	-0.013006	-0.004295	0.013895	-0.023033	-0.007520	-0.023938	0.008551	-0.053837	-0.037150	-0.010661	-0.001434	0.010862	0.093106	-0.006480	0.013095	0.029314	-0.017897	-0.062473	-0.027038	0.027521	-0.029738	-0.010768
0.963220	-0.003410	0.025397	0.014633	0.058807	-0.022970	-0.066026	-0.058439	0.008075	0.010040	0.067135	-0.062020	0.040233	-0.043032	0.063622	-0.043392	0.035320	0.084582	0.040532	-0.051687	0.049558	-0.034358	-0.028783	0.036576	0.002898	0.031318	0.012708	-0.036543	-0.037203	0.024066	-0.026262	0.007799	-0.062479	-0.019048	0.007917	-0.041508	0.015121	0.018183	-0.000643	0.038007	0.017537	0.010509	0.035337	0.042885	-0.019529	-0.046507	0.002838	0.060050	-0.004494	-0.013986
0.914053	0.092740	0.104792	0.049545	0.171707	-0.009613	-0.076791	-0.059531	-0.082693	-0.045996	-0.042396	-0.026743	-0.004757	-0.133696	-0.035710	0.024240	-0.005951	0.021091	-0.089166	0.024472	0.093039	0.013710	0.042888	-0.016041	0.016369	0.016347	-0.028796	-0.064239	-0.031200	0.090748	0.041293	0.055976	-0.059465	-0.008784	0.026549	-0.043435	-0.014522	0.028440	0.006097	-0.018404	0.069631	0.002963	0.034320	0.035863	0.017038	-0.066770	-0.056086	0.092112	-0.025710	-0.027512
0.926728	0.229406	-0.034068	-0.100234	0.005632	0.020366	-0.021062	-0.120552	0.030339	0.008098	-0.031695	0.047554	-0.026721	-0.000607	-0.023696	0.007632	0.010040	0.108333	0.091268	0.043062	-0.000362	-0.038936	0.048037	-0.018471	0.013150	0.007356	0.001586	-0.004737	-0.008711	0.027024	-0.016442	0.045933	-0.021914	0.001015	-0.001167	-0.060667	0.027041	0.022407	-0.021323	0.064173	0.100486	-0.009744	0.016135	0.016617	0.013486	-0.024752	-0.015048	0.023833	0.058179	-0.032181
0.946450	0.126089	-0.005393	-0.116055	0.074753	-0.035453	-0.066652	0.015311	0.056967	-0.044767	-0.033398	0.001390	0.016559	-0.045766	-0.020325	0.027951	0.033649	0.089836	0.125058	-0.067275	0.011863	0.005546	-0.023449	-0.010232	-0.016504	-0.006311	0.027229	-0.015181	-0.002123	-0.023962	-0.000612	0.004562	0.012333	-0.043199	0.004875	-0.069135	-0.019964	-0.005983	-0.017986	0.053795	0.001642	0.012095	0.064353	0.051369	-0.007964	-0.038586	-0.034847	-0.023312	-0.003765	0.024064
0.963473	-0.129807	0.077003	-0.044056	-0.009376	0.085226	0.044067	-0.131479	0.035539	-0.058420	0.007154	0.062963	0.004822	0.008310	0.007965	0.040202	-0.025351	-0.020614	0.013752	0.012322	-0.013935	0.003345	-0.016628	0.031848	0.003869	0.035144	0.023235	0.001063	-0.026260	0.017186	-0.005296	-0.028946	0.009842	-0.012390	-0.015520	-0.029195	-0.003465	0.005471	-0.018783	-0.004830	-0.007162	-0.022631	-0.007932	0.002314	-0.024256	-0.010277	0.002731	-0.011510	-0.004306	0.012817
0.916590	-0.160307	-0.135626	-0.071318	-0.152515	-0.016374	0.091230	0.102655	0.008303	-0.035693	-0.065313	0.023307	-0.130545	-0.062466	0.021933	-0.057138	0.061591	0.084954	-0.028108	-0.001043	-0.002316	0.081402	-0.024758	-0.035093	0.027297	0.034921	0.062631	-0.018096	0.021967	-0.012878	0.029259	-0.027017	0.012580	-0.010148	-0.042782	0.007141	-0.007294	-0.040627	0.017684	-0.011491	-0.054630	-0.021673	-0.016614	-0.000511	-0.002164	0.013594	0.020151	-0.001768	0.002715	-0.009873
0.898187	-0.016155	-0.096764	-0.192164	-0.090530	0.032169	-0.064611	-0.039516	0.048298	0.105663	-0.057962	0.055071	-0.101306	-0.115310	0.109031	0.111302	0.054533	0.056945	-0.016106	-0.072661	-0.051938	0.026724	-0.072249	-0.006082	-0.009667	0.020591	0.023092	-0.046871	-0.060382	-0.001383	-0.002303	0.022395	-0.001922	0.027330	-0.034650	-0.016046	-0.032232	-0.091703	-0.046203	-0.048483	-0.060856	-0.071432	-0.090512	0.004665	-0.027176	0.031492	-0.004514	0.022210	-0.017541	0.021853
0.963859	-0.110327	-0.112381	-0.115012	0.093362	0.067441	-0.015961	0.017842	0.013967	-0.011425	0.029807	0.004117	-0.009923	-0.008031	-0.020845	-0.051834	0.040995	0.006603	0.000725	-0.021916	0.016372	0.018361	-0.030989	-0.026631	0.030741	-0.023817	0.004424	0.014066	0.046711	-0.039164	0.023468	-0.006173	-0.010995	-0.005717	-0.018046	0.017156	-0.022647	0.013277	0.008615	-0.001601	-0.002229	-0.018706	-0.015704	-0.016031	-0.001756	-0.018076	0.014140	0.001441	0.021211	-0.026458
0.966748	0.073602	-0.014358	-0.068995	-0.103449	-0.000306	0.046692	-0.008429	-0.073662	-0.056577	0.018890	-0.006146	-0.069550	-0.057456	-0.000147	-0.029441	0.011164	0.011856	-0.042301	-0.023970	0.000086	0.037084	-0.038025	0.056642	0.045474	-0.008987	-0.036618	0.045146	0.044077	-0.033517	0.023714	-0.001498	-0.026815	-0.005979	-0.031675	-0.037013	-0.016400	-0.008455	0.004204	0.017280	-0.022538	-0.018420	0.002859	-0.000455	-0.007666	-0.014273	-0.005577	-0.019995	-0.009598	0.028141
0.942833	0.037905	-0.038108	0.014366	0.056277	-0.003051	0.133034	0.130999	0.127982	0.023970	-0.101544	0.030373	-0.026446	-0.053855	-0.059015	0.007536	-0.011784	-0.079871	0.041048	0.046430	0.034151	0.005286	-0.045114	-0.009330	-0.003537	-0.010714	0.011707	0.020995	-0.006340	0.079630	-0.040777	-0.010929	-0.041968	-0.013092	-0.000319	0.013763	-0.018268	0.021063	0.003184	-0.014286	0.019560	0.002650	-0.000729	0.034170	-0.019411	-0.066085	0.017479	-0.008042	-0.033021	-0.034475
0.949885	0.129830	-0.072025	0.016563	0.063476	0.132339	0.094746	0.020401	-0.095609	0.033252	0.021695	-0.033340	-0.053993	-0.016369	-0.056799	0.013411	0.013249	-0.061979	0.034181	0.026891	0.040104	-0.003493	-0.056971	-0.041523	-0.015158	-0.014984	-0.010222	-0.001725	0.005344	0.015914	-0.029134	0.013730	0.013217	-0.020777	-0.024428	0.050169	-0.050343	0.017523	-0.024539	0.027223	0.000932	0.022253	-0.032081	-0.021503	0.004137	-0.018560	-0.010208	-0.005976	-0.029823	-0.019603
0.895154	0.039463	-0.015692	0.043675	0.015742	-0.032916	-0.063939	-0.203572	-0.052384	0.064042	-0.056488	-0.025398	-0.013326	-0.008487	-0.052733	-0.020820	-0.027186	0.000271	-0.035460	0.030013	0.021102	0.014031	-0.092013	0.051006	-0.061233	-0.025065	0.201905	0.013205	-0.117534	0.127894	-0.086893	-0.037302	0.002142	0.048502	-0.033078	0.008871	0.023800	0.030676	0.033057	0.064578	-0.051438	0.003865	-0.074622	0.048095	0.058585	-0.054299	-0.049409	0.053944	-0.021066	0.043874
0.906847	0.083444	-0.200945	-0.104969	0.051882	-0.032173	-0.062756	0.033786	-0.055426	0.169374	-0.008539	-0.085492	0.105880	0.108695	-0.125135	0.012844	0.030590	-0.005329	0.004226	-0.013667	0.054929	0.021464	-0.028140	-0.020416	0.018536	0.021027	0.061049	0.029957	-0.010773	-0.014762	-0.046111	0.018276	0.008852	-0.041670	-0.044471	-0.002413	-0.019257	0.049951	-0.033735	0.047211	0.048787	-0.065142	-0.002813	-0.012982	0.008340	0.002711	-0.006588	-0.036231	-0.007450	-0.009589
0.940793	0.070702	-0.013142	0.041939	0.124864	0.067096	-0.026853	0.065279	-0.032045	0.075362	-0.009467	-0.048553	0.001468	0.162350	-0.079497	0.038569	-0.026561	-0.036530	0.029534	0.102772	0.024740	0.007057	-0.021303	0.017246	0.069034	0.079836	0.048394	-0.000711	0.035768	-0.003035	-0.031866	-0.018165	-0.005274	-0.027437	-0.038180	-0.015759	0.009050	0.011328	0.017172	0.017819	0.013322	-0.042271	0.025957	-0.011611	-0.031946	-0.003231	-0.027110	-0.001190	-0.001225	0.026975
0.871606	0.128435	0.020949	-0.054750	0.089017	0.275543	-0.104046	-0.006638	-0.109615	0.059573	0.041804	-0.082374	-0.085798	0.067598	-0.098174	0.022036	-0.001260	0.063322	-0.054145	0.093002	0.004605	0.098455	0.032317	-0.061439	-0.025998	0.041150	0.102340	0.033843	0.081655	0.003867	-0.020464	-0.002642	0.037768	0.015334	-0.057597	-0.020452	0.032068	-0.024023	-0.094933	0.017285	0.008268	-0.049953	0.036062	-0.008618	0.003885	0.019379	-0.062086	0.000343	0.047625	-0.038908
0.770628	-0.220195	-0.245223	-0.105245	0.088348	-0.108986	-0.018321	0.096762	-0.044138	0.181933	0.008403	0.015865	0.021266	0.087657	-0.136667	0.085282	0.086399	-0.017080	-0.177679	0.099442	-0.113847	-0.213540	0.041187	0.051083	0.070058	0.091683	-0.077336	-0.019317	-0.009918	-0.020800	-0.129409	0.014032	-0.058460	-0.023400	-0.051649	-0.061505	-0.076927	0.053856	-0.053742	0.030918	-0.039352	0.009207	0.040356	0.106843	0.012430	0.001533	0.012523	0.011177	-0.004572	-0.012618
0.953661	0.052842	-0.039235	-0.081811	0.092300	-0.080649	-0.014719	-0.094395	-0.034440	0.086404	0.075768	-0.007812	0.008645	-0.026127	-0.075542	-0.001377	-0.040254	0.052625	-0.060088	-0.034551	-0.082928	-0.085910	-0.008462	0.008936	-0.014486	0.004696	-0.044762	-0.001432	0.035900	-0.028872	-0.034254	-0.024834	-0.023929	0.025544	-0.030666	-0.012020	-0.017167	0.009196	0.006554	0.018029	-0.012487	0.017113	-0.008927	-0.008781	-0.009037	-0.011673	-0.016506	-0.004992	0.022339	0.002522
0.960024	0.075880	0.034570	0.012620	0.023267	0.049061	-0.139002	0.016929	-0.110003	0.038234	-0.013300	0.045955	0.043892	-0.035589	0.023307	-0.032471	0.018131	0.026938	0.003867	-0.029074	-0.025842	-0.026661	0.025699	-0.037865	0.025117	0.037727	0.027455	0.015525	-0.066870	0.017016	-0.000055	-0.016167	0.002927	-0.036636	-0.043786	-0.004864	-0.017385	-0.015462	-0.058098	-0.029614	-0.003414	-0.001830	-0.031303	-0.037331	0.038720	0.036513	0.020472	0.007887	0.017219	-0.022349
0.897893	0.074237	0.055552	-0.141378	-0.181126	-0.029609	0.033406	-0.040468	0.049497	-0.009376	-0.117818	0.072970	0.066572	0.054051	0.025239	-0.027964	0.027311	-0.019250	0.036768	0.034907	-0.022926	0.026778	0.048143	0.040501	0.135198	-0.000233	0.008464	-0.022921	-0.083289	0.019107	0.056474	-0.095001	-0.021588	0.052513	-0.088870	0.020979	-0.022253	-0.083543	-0.060163	-0.038917	-0.031722	0.030369	-0.016631	-0.042497	0.034776	0.042470	0.067295	0.045457	0.079567	-0.082769
0.942828	-0.092093	0.032090	-0.008671	-0.087954	-0.013527	0.036331	-0.104642	-0.097830	0.026139	-0.032124	0.018786	0.033482	-0.114177	-0.057416	-0.044868	0.005543	0.003352	0.014657	0.015296	-0.029973	0.051396	-0.021675	-0.035882	0.007226	0.011483	-0.033492	-0.081789	0.000302	0.103547	0.046692	0.097838	-0.026373	-0.020004	0.064994	-0.013095	0.040318	0.038799	0.015232	0.001962	0.011701	-0.022668	0.014943	-0.011517	0.011995	-0.024573	0.049982	0.014887	-0.019189	0.015358
0.942577	0.070923	0.051443	0.002515	0.022287	0.056242	-0.115500	0.071589	-0.002742	-0.078088	-0.032874	-0.054597	0.041878	-0.021724	-0.064588	-0.136268	0.036438	0.012846	-0.000100	0.033634	0.003001	-0.029068	0.022698	-0.056885	-0.017437	-0.003741	-0.041439	-0.075581	-0.011131	0.100851	0.056665	0.057563	0.001408	-0.019447	0.029626	-0.002828	-0.006016	0.059381	0.006145	-0.030610	-0.008813	-0.001484	0.062319	0.012059	0.048866	-0.006980	0.027103	0.007298	-0.009463	0.039808
0.968675	-0.095207	0.046662	-0.028994	-0.016357	0.022739	-0.041503	-0.003185	-0.084097	-0.053512	0.046246	-0.048765	-0.107945	-0.002508	0.018644	-0.056882	-0.000825	-0.035629	-0.049452	0.019316	-0.003515	-0.008370	-0.003523	0.003778	0.028651	-0.029218	-0.050097	-0.001536	0.006514	0.026249	0.039810	-0.012723	-0.025235	0.003497	-0.018432	-0.013853	-0.013393	-0.010614	-0.020308	-0.023100	-0.017920	-0.019194	0.003393	-0.000339	0.046726	0.009087	0.029123	-0.003549	-0.003609	0.015880
0.951056	-0.074921	-0.078015	0.001225	-0.073987	0.052307	-0.030799	-0.089131	0.019218	0.092302	0.024576	0.045689	0.049470	-0.058491	-0.037764	-0.074760	-0.003464	0.031505	0.054125	0.055721	0.002512	0.019072	-0.064570	-0.036814	0.036495	0.020767	-0.024807	-0.008101	-0.038568	-0.013980	-0.039157	0.040973	-0.021742	-0.080619	0.058871	-0.020592	-0.063660	0.020676	0.007757	0.017356	0.024937	0.043166	-0.035907	0.001675	-0.004508	0.038225	-0.023160	-0.018303	0.009480	0.005399
0.908016	-0.037719	0.044173	0.175600	0.094073	-0.178881	0.019396	-0.095622	-0.007537	-0.018723	-0.040674	0.102564	-0.026329	0.017608	-0.072758	0.083225	-0.029310	-0.030485	-0.062048	0.049776	-0.012955	-0.026767	-0.034521	0.068495	-0.000231	-0.051242	0.013004	0.018785	-0.052986	0.060066	-0.049237	-0.066922	0.006897	-0.066223	-0.074502	0.007869	-0.021206	0.006947	0.101877	-0.023710	-0.001213	0.061589	0.006177	-0.044281	-0.030669	-0.036579	-0.009919	-0.011478	0.021948	0.059216
0.959166	-0.119873	-0.023090	0.034908	0.031924	0.017947	0.075362	0.043006	0.018870	0.025952	0.048489	0.005455	0.041004	-0.020969	0.058017	-0.009080	-0.050561	0.025192	-0.032657	0.005402	0.032242	-0.025178	0.010809	0.075296	-0.068175	0.032553	0.047499	0.060129	-0.031565	0.022014	-0.030991	0.013325	0.035683	0.005637	-0.025658	0.012232	0.019728	-0.004849	0.009662	-0.031191	0.025520	0.036961	-0.010776	-0.015616	-0.022848	-0.078213	-0.077221	0.005900	-0.027823	0.026523
0.966643	-0.004384	0.042920	0.177808	0.017088	0.047460	0.029924	0.002058	0.093554	0.056037	0.053488	-0.002807	0.007248	-0.006750	0.033203	-0.015417	0.015889	-0.009349	0.006626	-0.001255	0.027123	-0.014276	-0.012166	-0.024880	0.011161	-0.008161	-0.004555	-0.003111	-0.042020	0.018544	-0.040761	-0.004449	0.005848	-0.043265	0.009341	0.035290	-0.004812	0.016313	-0.011774	0.002182	0.023605	0.013585	-0.018998	0.015704	0.004103	-0.000658	-0.015281	0.027009	0.018634	0.005218
0.966521	0.040910	0.155986	0.055611	-0.079911	-0.048188	0.084145	0.051120	0.014248	0.021955	-0.045126	-0.029535	0.016104	0.022840	-0.007288	0.048615	0.014112	-0.000826	-0.038082	-0.003187	0.002069	-0.032024	0.001924	0.008569	-0.003658	0.012765	-0.012033	0.026824	-0.028764	-0.028559	0.020091	0.016688	-0.013235	0.006968	0.028614	-0.021079	0.018964	-0.006397	-0.017133	-0.019647	-0.033821	0.001004	-0.029242	0.022240	0.008355	-0.008042	0.006388	0.006532	0.010052	-0.005677
0.974028	0.036228	0.096439	0.123889	-0.023898	-0.048072	-0.062242	0.035902	-0.028386	-0.016085	0.015304	-0.001853	0.015409	0.000572	0.071963	0.001768	0.016792	-0.018372	-0.005039	0.020798	-0.004845	0.010299	-0.003134	0.002049	-0.016200	-0.012625	-0.038216	0.033734	0.006739	-0.002496	-0.021039	0.015353	-0.006500	0.023358	0.010707	0.011111	-0.007214	0.016616	-0.029240	-0.004583	-0.017951	-0.003336	0.011769	0.000569	-0.019914	0.019527	-0.006042	0.012254	-0.032767	0.032077
0.964306	0.129582	-0.072371	0.138032	0.028943	-0.062890	0.052477	0.024714	-0.011036	0.041077	0.067880	0.027299	-0.033061	-0.015537	0.019909	0.033049	-0.008880	0.025826	0.043159	-0.036279	-0.013174	0.019962	-0.022250	0.006248	-0.002084	0.028767	-0.008079	0.012855	0.038128	0.007784	-0.004966	0.000956	-0.002105	0.003277	-0.018631	0.002105	0.002839	0.006710	0.004210	-0.020397	-0.006874	-0.021207	0.015443	-0.004902	0.008130	0.018995	0.023875	0.005788	-0.023088	-0.008962
0.937508	0.094488	-0.149350	-0.048393	0.010459	0.026945	-0.006246	0.037086	0.047096	0.144557	0.164599	0.017912	0.012619	-0.011162	-0.017998	-0.007064	0.003451	0.003435	0.006196	0.096703	-0.018064	0.025234	-0.017868	-0.001825	-0.027271	-0.016569	0.020041	0.007324	0.033044	-0.008175	0.039221	-0.006890	-0.038018	-0.024444	-0.027009	-0.041014	0.024742	-0.042985	0.053112	-0.029378	0.032418	0.036950	0.001778	0.003983	-0.022111	-0.051105	-0.049410	-0.005621	0.005978	-0.022543
0.919939	-0.040812	0.188703	-0.083607	-0.026856	0.026987	-0.094427	-0.120268	0.048631	-0.081916	0.169509	0.032292	0.125371	0.019750	0.022234	-0.028144	0.056586	-0.073185	-0.019300	0.020710	-0.014658	0.023887	-0.015071	0.014361	0.006353	0.020522	0.007628	-0.015882	-0.018184	-0.046161	-0.004390	-0.016980	-0.000142	0.052583	-0.021640	-0.009676	-0.048298	0.028003	-0.000597	0.052046	-0.004395	-0.029023	0.019980	0.012863	-0.053082	-0.006608	0.005631	0.023616	-0.006558	0.013391
0.946921	-0.123749	0.142136	-0.014902	0.158370	-0.068195	-0.019187	0.032131	0.102289	0.018781	-0.059151	0.028837	0.006927	0.038394	0.012976	-0.017936	-0.045703	0.001634	0.027138	0.004334	0.008609	0.013586	0.057667	-0.004976	0.009688	-0.000551	0.013690	0.009274	0.043098	-0.027054	0.020533	-0.012216	0.006998	0.009314	-0.013119	0.036241	-0.006994	0.000893	-0.001974	0.019453	-0.007761	0.027274	0.052923	0.002919	-0.008711	0.025883	-0.009854	0.006680	-0.049717	-0.017391
0.950857	0.045340	0.067892	-0.031537	-0.143541	-0.140708	0.032595	-0.077166	0.013023	0.050689	-0.025051	-0.001962	-0.035314	0.092854	0.093172	0.020976	0.040625	-0.001515	-0.019190	-0.028413	0.024482	-0.014937	-0.006055	-0.042354	0.002085	0.004127	-0.045509	0.003775	-0.000823	0.002409	-0.010320	-0.000954	0.013775	-0.032232	0.020319	-0.002624	0.040555	-0.001549	-0.011889	-0.059158	-0.008108	0.005797	0.016802	-0.010464	-0.025754	0.003379	0.002888	-0.004662	-0.041292	-0.029866
0.957620	0.010386	0.107529	-0.039910	0.115939	-0.110557	-0.031031	-0.045404	0.024513	-0.013684	0.076496	0.042473	0.013805	0.038249	0.073127	0.040757	0.001525	-0.024250	0.006725	0.013020	0.050974	0.002883	-0.025301	-0.023433	-0.034611	0.021276	-0.012145	-0.005038	0.042117	-0.038358	-0.031818	0.012109	-0.016662	-0.004230	-0.005754	0.003112	0.003295	0.031483	0.011003	-0.042446	-0.044932	-0.004135	0.039390	-0.013899	0.021240	-0.019255	-0.008353	-0.046209	0.003532	0.054722
0.937492	-0.081613	0.076009	0.108473	0.056094	0.006367	-0.015697	-0.095520	0.037025	-0.041889	0.124585	0.037484	-0.016252	0.041811	0.079283	0.008021	0.040362	0.001624	0.001314	-0.001110	-0.004619	0.009308	0.024184	0.004559	0.072047	0.131202	-0.006653	-0.024754	0.006820	0.025756	-0.044083	0.014384	-0.039532	-0.024856	0.006818	0.044394	-0.015032	0.062961	-0.008637	0.058626	-0.025937	-0.033606	-0.064109	0.033238	0.043265	-0.052736	-0.028487	-0.023887	-0.035652	0.037942
0.954661	-0.008787	0.095158	0.010722	-0.059586	-0.060831	-0.008217	0.004583	0.014422	0.086391	0.124359	0.005358	-0.007794	0.011257	0.060406	0.096897	0.088536	-0.044196	-0.050691	-0.057147	-0.024861	0.004954	-0.021401	-0.009825	-0.014543	-0.073598	0.011030	0.055690	-0.013087	0.012393	-0.000448	-0.002077	0.017719	-0.020991	0.037282	-0.015504	-0.009432	-0.003142	-0.008925	0.007507	0.011505	0.027951	-0.004956	-0.039141	0.041689	-0.001081	-0.040557	0.018041	-0.021862	-0.019047
0.893606	0.007517	0.214395	0.032595	0.087258	0.148741	-0.108058	-0.065036	-0.024805	0.080320	0.017040	-0.072852	-0.001238	-0.052030	0.113559	0.070446	-0.003701	0.086499	-0.032193	-0.020757	-0.007432	0.025037	-0.059224	-0.039763	0.075413	0.115151	0.009348	0.005821	0.043861	-0.038464	-0.045439	-0.037094	-0.000761	-0.039521	-0.055704	0.030061	0.004046	-0.002907	-0.070147	0.050006	0.108440	-0.011328	0.009671	0.026260	0.011880	-0.069084	-0.037952	0.038250	0.029532	-0.022107
0.949387	0.011325	0.036507	0.092583	0.064310	-0.126715	-0.059019	0.004515	0.009610	0.056677	0.060969	-0.024806	-0.052841	0.071783	0.085208	-0.018661	0.055729	0.054495	0.012773	0.035545	0.012774	0.022844	0.054186	-0.012635	0.024800	0.053556	0.018909	0.014172	-0.000531	-0.000170	0.008174	-0.004587	0.033226	-0.022099	-0.022760	0.002184	0.071960	0.046831	0.045947	0.045494	0.028995	0.057223	-0.026803	0.028874	-0.052195	0.012561	0.021141	-0.009391	0.047740	0.036074
0.893266	0.154349	0.053150	0.121153	-0.092659	-0.082078	0.025032	0.085139	0.061565	0.013126	0.118825	-0.010574	-0.024581	0.026365	0.110461	-0.002243	0.020657	-0.084441	-0.052211	-0.056513	0.023337	-0.032197	0.062433	0.111508	-0.014842	-0.031895	-0.023023	0.072693	-0.051888	0.064283	-0.065995	0.068428	0.062403	-0.025937	0.095364	-0.004186	-0.081430	-0.072249	-0.013579	-0.012252	0.043124	0.045889	0.003306	-0.066119	-0.035186	-0.042594	-0.054841	-0.048769	-0.012199	-0.093534
0.952658	-0.053138	0.018359	-0.028106	-0.044849	0.141518	-0.067603	-0.051286	0.001804	0.071527	0.003347	-0.034656	-0.058415	-0.035793	0.097614	0.006497	-0.021031	0.027340	-0.019350	0.033034	0.031674	-0.004270	0.016412	0.033360	-0.080014	-0.031848	0.000372	-0.013723	0.031487	0.006622	0.002081	0.005300	0.012070	-0.012692	0.036553	-0.012797	0.052634	-0.033439	-0.060979	0.027078	0.027290	0.011963	-0.012570	-0.043917	-0.077102	0.030210	-0.004469	0.066833	-0.021345	0.002043
0.938570	0.039836	-0.105285	0.056710	0.140593	0.017924	-0.054753	0.004022	0.021370	0.041952	0.142651	0.043419	-0.030448	0.024555	-0.007148	-0.034359	-0.049100	-0.075111	-0.075399	0.008082	0.016777	-0.021311	0.071342	-0.070177	-0.021810	-0.011957	-0.008094	0.033381	0.048458	-0.015906	0.046786	-0.034098	0.040010	0.006288	0.049282	-0.022313	-0.007063	-0.024169	-0.042991	-0.036371	0.019926	0.044169	-0.061804	-0.054173	0.000164	0.014264	-0.008585	0.018981	-0.016983	-0.046680
0.938914	0.050935	-0.020731	-0.048813	0.116008	0.010190	-0.153560	-0.120740	-0.019019	0.076391	0.026095	0.037017	-0.079699	0.005049	0.082130	0.083571	0.029822	-0.008581	0.026290	0.086342	0.034381	0.019496	0.049739	0.013434	0.021888	0.007194	-0.012129	-0.002939	-0.066491	0.007565	-0.006601	0.034007	0.016554	0.051556	-0.008073	-0.055727	0.008358	0.016733	-0.017028	-0.023884	-0.009530	-0.014082	-0.011645	0.020063	-0.016882	-0.008488	0.029628	-0.051648	-0.032880	0.011929
0.944764	0.007989	0.212424	-0.053196	0.030819	0.072278	-0.047655	0.061522	0.014762	-0.047717	-0.028978	-0.009728	-0.029481	0.098705	0.020490	0.063068	-0.028417	-0.030484	-0.051954	-0.038211	-0.007520	-0.051308	0.047388	-0.026331	0.006651	0.006685	0.036332	-0.019812	0.021198	-0.013901	-0.020403	0.009166	0.032340	0.016418	0.022590	-0.038058	0.003351	0.012230	-0.037460	-0.029887	0.017408	0.037678	-0.044577	0.016248	0.028601	0.006223	-0.000124	-0.033682	-0.028145	0.042166
0.940663	0.137037	-0.084957	0.094211	-0.088287	0.045180	0.139529	-0.020691	-0.016627	-0.015614	0.005694	-0.006082	-0.073807	-0.008313	-0.014316	0.063074	0.031275	0.012021	0.075126	-0.001335	0.017854	-0.049218	-0.015369	0.032728	0.011422	0.052804	0.032147	-0.025481	-0.066705	-0.012469	-0.000395	0.031571	-0.002231	0.027100	0.027946	-0.069681	-0.018701	-0.005781	0.014422	-0.005519	0.040378	0.020900	-0.042647	0.002393	0.032224	0.014468	0.005753	-0.003809	-0.082562	0.015394
0.931435	0.034226	-0.010865	-0.088751	0.076010	0.129194	-0.055927	0.096017	0.013939	0.035765	0.107106	-0.013401	-0.028313	0.070589	0.085388	-0.018248	0.116692	-0.009841	-0.004662	-0.007033	0.021344	-0.021874	0.004959	-0.042741	-0.008184	-0.007403	-0.060673	0.052625	0.022611	-0.030088	0.040686	-0.048633	0.017600	-0.101304	0.025296	-0.031060	0.029288	-0.059832	-0.017294	0.025052	-0.050451	0.044043	0.019337	0.038066	0.071135	-0.051037	-0.008545	0.009227	-0.016820	0.037122
0.901796	0.058485	0.057069	0.029871	0.112419	-0.129778	-0.221440	0.103803	0.069504	0.061393	-0.022915	-0.012539	-0.017922	-0.021088	0.103269	0.000983	-0.049748	0.056400	0.070474	-0.014155	0.052514	-0.009867	0.020411	-0.016698	-0.067774	0.005790	-0.038242	-0.081077	0.001603	0.024120	0.004520	-0.033456	0.080532	-0.016227	-0.023922	0.030514	0.005002	-0.028549	0.098551	0.025765	0.003963	0.100903	-0.029139	0.003506	-0.080777	0.005509	0.031561	0.024370	-0.040113	-0.012169
0.929985	0.036310	0.101201	0.040897	-0.013266	0.041207	-0.042598	0.084392	-0.059297	-0.016268	0.020103	0.033818	0.025614	0.057202	0.095152	0.008877	-0.000131	0.071499	0.030451	0.086900	-0.001813	-0.025920	0.042237	-0.015771	0.046548	0.109754	-0.100623	0.064157	0.030085	0.022367	-0.036396	0.020658	-0.027807	0.049199	-0.038195	0.045442	-0.013411	0.017447	0.169542	-0.017905	-0.027212	-0.007963	-0.038865	-0.024262	-0.045674	0.015608	-0.025929	0.044721	-0.023881	-0.006537
0.924343	0.016403	-0.102311	-0.142597	-0.076774	0.001332	-0.018116	0.004234	0.127656	0.067085	0.096288	0.014312	0.045866	0.012195	0.020791	0.026181	-0.056887	-0.078983	0.057697	-0.014803	-0.005086	0.028559	-0.036970	-0.068981	0.030836	0.088880	-0.059223	0.038532	0.088226	0.035850	0.031956	-0.021873	0.022597	-0.026816	-0.059611	0.041638	-0.006566	0.068666	-0.004135	0.082018	-0.024887	-0.065898	0.052643	-0.002814	0.013095	-0.023407	-0.032977	0.050372	-0.011134	-0.002574
0.888567	-0.053796	0.196569	-0.000959	-0.006538	0.056105	0.001952	0.122719	0.056675	-0.161177	0.050833	0.075731	0.014869	0.141285	0.044300	-0.059000	-0.045783	0.030387	-0.086635	-0.006419	0.027603	-0.014359	-0.047143	-0.029437	0.105062	-0.000011	-0.019903	-0.058590	-0.038799	0.026001	-0.027739	-0.048364	0.059154	0.095662	-0.059015	0.085537	0.021265	0.010008	-0.034558	0.036399	0.029820	0.007873	0.012488	0.076011	0.056264	0.022444	0.115943	-0.016193	0.040238	0.018571
0.953061	0.077063	0.021438	0.005271	-0.128810	-0.090211	-0.130783	0.024693	0.048816	0.026798	0.043558	-0.001181	-0.014695	0.031513	0.063822	-0.045295	0.036413	-0.071498	-0.038386	0.006020	-0.052716	0.026652	0.024583	0.038484	-0.011885	-0.028552	-0.047017	0.021578	-0.046585	0.022281	-0.003817	0.054052	-0.006574	0.019745	-0.000865	0.026593	0.002630	-0.027440	-0.005405	0.027664	-0.023409	-0.010584	-0.028175	0.004745	0.003983	-0.022916	-0.015268	-0.025686	0.045695	-0.004497
0.931665	0.146227	0.023041	0.015482	-0.163621	-0.128613	-0.046413	0.111487	0.001786	0.043292	0.090811	-0.031480	-0.052260	0.026598	-0.022886	-0.012467	-0.046445	0.018809	0.009254	0.048482	-0.013345	0.043713	0.001435	-0.034305	0.024427	0.106901	0.018422	0.015218	0.030260	0.005004	0.006767	0.003625	0.024284	-0.003459	0.005496	0.069522	-0.005671	0.021828	0.036584	0.006669	0.016133	0.044179	-0.035009	0.030767	0.003652	-0.008532	-0.024551	0.040354	-0.012663	0.026262
0.951314	-0.057921	0.075556	-0.087941	0.006140	0.067258	0.088089	0.044007	-0.007334	-0.112536	0.002281	0.036667	-0.090932	0.055446	0.082687	0.075681	0.024087	-0.039427	-0.056831	-0.021342	0.020773	-0.029882	0.091819	-0.044645	-0.016429	0.051155	0.007516	0.001755	-0.016223	-0.009274	0.004015	-0.014010	0.014373	-0.027276	0.015227	0.001888	-0.002706	0.027002	-0.010108	-0.009641	0.001305	-0.009366	-0.010965	-0.022775	0.009352	-0.034305	0.002188	-0.007262	0.026990	0.000232
0.960313	0.146540	0.023546	-0.020074	-0.016446	-0.035800	-0.056560	0.060880	0.006883	0.043917	0.072317	0.017373	-0.014698	0.015657	0.095703	0.000025	-0.029865	0.005991	-0.058763	-0.006308	0.082051	0.023423	0.023690	-0.031860	0.044002	0.033291	0.005579	0.038487	0.059125	-0.010476	-0.019180	0.015754	0.013347	-0.026108	-0.016067	0.032985	0.016701	0.016438	0.017854	-0.048314	0.015506	-0.002161	0.001438	0.009938	-0.007030	-0.023874	0.015885	0.008007	-0.030306	-0.010807
0.988316	-0.059870	0.013561	0.012738	-0.007506	0.041550	-0.030097	-0.017433	-0.012341	-0.040076	-0.009887	0.009265	-0.070989	-0.029786	-0.017450	0.022838	0.027159	-0.017852	0.004314	-0.001157	-0.014200	-0.007528	0.032700	-0.007860	-0.009579	-0.006236	0.000798	-0.004970	0.007053	-0.028244	0.016713	0.002015	-0.006394	0.022174	0.002571	0.035243	0.004633	-0.006808	-0.030153	-0.000913	0.015575	0.008068	-0.001285	0.008286	0.015192	-0.005673	-0.009798	0.009588	0.015611	-0.005406
0.964521	-0.186763	-0.046970	0.035303	0.010648	0.067454	-0.061853	0.035542	-0.032871	-0.000171	-0.035287	0.027527	0.002592	0.010492	0.002543	-0.020018	-0.023581	-0.028008	0.051959	0.013599	-0.029198	-0.022369	0.065663	0.001668	0.028982	0.033739	0.018806	0.001986	-0.037645	-0.009187	-0.011629	-0.014205	0.007089	-0.010360	-0.011645	0.022686	-0.002094	-0.003014	-0.015612	-0.008091	0.017610	0.018005	0.005191	-0.014402	0.036370	0.003579	-0.020756	0.001334	0.013120	0.000400
0.971698	-0.018498	0.049845	0.061130	-0.074900	0.052509	-0.006097	0.036809	-0.002238	0.000777	-0.060886	-0.036830	-0.013622	0.029106	-0.044990	-0.003298	0.005646	0.041726	0.014218	-0.034388	-0.017697	-0.003314	0.069816	0.032673	-0.015890	-0.032151	0.061026	0.025647	0.038170	-0.007097	-0.013580	0.047529	0.008850	-0.009702	-0.005197	0.014491	-0.051632	0.025126	-0.041980	0.021891	-0.000022	-0.021581	0.014564	0.010594	0.004202	0.051596	-0.044763	0.008242	0.020968	-0.019296
0.974620	-0.080552	0.050193	0.024262	-0.018542	0.065898	-0.008934	0.108705	0.000478	-0.042138	0.018643	-0.026746	-0.009841	-0.013118	-0.005751	-0.008564	-0.001145	0.025557	0.020470	-0.002510	0.017443	-0.021645	0.056159	0.026146	-0.003280	-0.007493	0.007650	0.031978	0.041518	-0.000589	0.004483	0.008992	-0.016396	0.023865	0.021027	0.034039	-0.003052	-0.036631	0.003990	0.023545	0.008601	0.035080	-0.012818	-0.040143	0.028459	0.017877	-0.005762	0.023918	-0.034557	0.041100
0.959541	-0.141628	0.118913	-0.040560	0.071527	0.105497	-0.055103	-0.058663	0.040403	-0.038252	-0.017894	-0.019255	-0.061517	0.019103	-0.015909	0.062855	0.002156	0.010667	0.013551	-0.010381	-0.007853	-0.003819	0.016826	-0.008913	0.033010	-0.022441	0.044738	0.030337	-0.019578	0.024928	0.014031	-0.004300	0.020398	-0.004448	-0.024291	-0.010833	-0.007861	0.015048	0.001384	-0.012923	-0.004884	0.000724	-0.003644	0.002316	0.006391	0.001074	-0.006502	0.010959	0.006164	0.010257
0.981731	-0.013568	-0.008389	0.001402	0.041234	-0.059707	0.037581	-0.031450	0.035266	-0.012592	-0.043994	0.024850	0.014943	-0.004836	0.037376	-0.008134	-0.014473	0.011015	-0.007014	-0.019355	0.036092	-0.037558	0.007585	-0.001314	-0.051592	-0.017400	-0.035527	-0.028148	0.007705	0.015170	-0.004735	-0.042399	0.009016	-0.000496	0.009565	0.022596	-0.006408	0.020509	-0.022676	-0.069419	0.010892	-0.011190	-0.007433	-0.016719	-0.027855	-0.018353	-0.027959	-0.033158	-0.014093	0.041374
0.934537	-0.021756	-0.075132	-0.087603	-0.127272	-0.040941	-0.043526	-0.045573	0.168303	0.004298	0.007563	-0.042427	-0.082093	-0.002104	-0.036672	-0.009605	-0.005808	-0.016786	0.081927	0.014067	0.041265	-0.020222	-0.010711	0.037421	0.039396	-0.026993	-0.023882	-0.035196	-0.008514	0.018247	-0.025827	0.031596	0.042255	0.024315	-0.025884	0.034053	-0.003498	-0.090440	0.034712	0.088561	-0.020444	0.000906	0.023722	0.059037	-0.064871	0.035498	-0.012188	-0.007138	0.061085	-0.017200
0.964001	0.098389	-0.031075	0.062017	-0.177683	-0.004393	0.028399	0.020437	0.047868	-0.021194	-0.064922	-0.026156	-0.029370	0.030154	-0.050375	-0.005063	-0.004278	-0.009699	0.000325	0.000708	0.030450	0.025535	0.027799	-0.038424	-0.002093	0.011737	-0.024546	-0.011485	-0.030889	-0.015734	-0.004209	-0.024021	0.023147	0.012293	-0.017058	-0.029215	0.016936	0.015173	-0.016554	0.000119	-0.026226	-0.021529	-0.001447	-0.004089	-0.011114	-0.006856	-0.004460	0.003833	-0.025776	-0.012049
0.949531	-0.112550	0.054612	-0.092099	0.106041	0.120353	-0.044034	-0.073882	0.072405	0.001252	0.063976	-0.052880	-0.053424	0.013182	0.027410	0.019055	0.023043	-0.057484	-0.021496	0.008613	0.009059	-0.047842	0.057818	-0.013591	0.025105	-0.000817	0.001598	-0.016873	-0.002099	0.007472	0.004992	-0.025754	0.036801	-0.036234	-0.019662	-0.020523	0.011586	-0.019454	-0.035459	-0.043902	0.042561	-0.014914	-0.014202	-0.028023	-0.038137	-0.016220	0.025660	0.010087	-0.008032	-0.013545
0.897559	-0.184900	-0.165253	-0.113026	0.073150	0.021912	0.013185	0.001849	0.168411	-0.033179	-0.046714	0.096343	0.109115	0.085298	-0.010787	-0.062736	0.051252	-0.079182	0.050768	-0.074048	0.015826	-0.001772	0.015053	-0.017822	0.083914	0.015858	0.007436	-0.025717	0.008217	0.001593	-0.006364	0.055468	-0.039536	0.023272	0.012288	0.003820	-0.053135	-0.006675	-0.005754	0.024197	0.011525	-0.017777	0.009625	0.001168	0.001506	-0.032435	-0.003606	-0.108299	-0.025293	-0.035492
0.942032	-0.187456	-0.100998	-0.074393	-0.058091	0.095829	0.053020	0.092856	-0.009640	0.009162	0.036347	0.012081	-0.002314	0.007171	0.018150	-0.020530	0.013361	0.021600	0.042111	0.076378	0.002460	-0.040241	-0.016071	-0.007032	0.003018	0.001738	-0.046848	-0.006824	-0.048972	-0.013846	-0.003465	-0.026327	0.028433	0.005642	0.000386	0.033903	0.031962	0.016734	-0.037396	-0.033099	-0.023600	-0.000329	-0.010421	-0.017566	-0.018003	-0.105590	-0.008190	-0.034673	0.001054	0.004652
0.952783	0.037868	-0.166214	0.023712	-0.066610	-0.046839	0.002172	-0.090039	0.070941	-0.034273	0.063176	-0.034081	-0.069825	-0.054687	-0.026081	-0.066165	0.027002	-0.061547	-0.025073	-0.022361	0.015314	0.016046	0.033017	-0.001376	0.010555	-0.030233	-0.036096	0.023708	-0.023902	-0.000405	-0.020410	0.011358	-0.037969	-0.004590	0.017764	0.073854	0.008698	-0.034853	0.007722	-0.009182	0.003364	0.017271	0.010918	-0.046974	0.006162	-0.009969	-0.015701	0.006110	-0.004383	0.023953
0.989438	0.005963	0.008761	-0.027239	-0.045238	0.086928	0.011042	-0.026128	0.015524	-0.016882	-0.006560	0.027523	-0.022868	0.001039	0.014710	-0.016550	-0.010479	0.000446	0.002739	0.000003	-0.018591	-0.006888	-0.027192	-0.005930	0.004687	0.000423	0.002456	-0.006061	-0.003657	-0.027059	-0.006602	-0.029448	0.001186	-0.004504	-0.016039	-0.044864	0.020098	0.018255	-0.001168	0.000826	-0.015221	-0.000924	0.013896	-0.008798	-0.011193	0.007546	0.019844	-0.014634	-0.008392	0.002955
0.986581	-0.061990	0.069082	-0.023807	0.047850	-0.042581	-0.015669	0.002824	-0.008643	-0.012602	0.014856	-0.001062	-0.003230	-0.016609	-0.041809	-0.031883	-0.040535	-0.018698	-0.031439	-0.020777	-0.028604	0.007109	-0.031616	-0.000924	0.006299	0.012350	-0.010280	-0.019590	-0.007516	-0.004554	0.013872	-0.013934	0.018829	0.006629	-0.006291	-0.012887	-0.000001	-0.017906	-0.009011	-0.003446	-0.020913	0.010842	0.011550	-0.002615	0.018292	-0.014368	0.003970	0.001094	-0.028368	0.010547
0.981688	0.019202	0.053402	0.015422	-0.038925	-0.025898	0.032856	-0.012656	-0.027741	0.062275	0.068290	-0.010330	0.019427	0.056435	-0.011917	0.018266	-0.023186	0.005873	-0.047633	-0.028376	0.004452	-0.008774	-0.040054	-0.012604	-0.017464	0.002075	0.047496	-0.015255	-0.028336	-0.023471	-0.014078	-0.031836	-0.007914	0.027492	0.032244	-0.001693	0.006759	0.024883	-0.000760	-0.013171	0.005839	0.023564	-0.017500	0.016756	0.007010	-0.021780	0.006682	0.013901	-0.017561	0.011582
0.969950	-0.039549	-0.038225	-0.074022	0.118281	0.051122	-0.023593	-0.100052	0.008354	0.014025	0.046248	0.074934	-0.023869	-0.026383	0.057859	0.028734	0.017842	-0.019586	0.001890	-0.004912	-0.016325	-0.016475	0.023134	-0.011152	-0.005923	-0.006288	-0.043662	0.020812	-0.013825	0.022571	0.008558	-0.006400	-0.002686	-0.006140	0.021586	0.033966	-0.008550	0.001380	0.023597	-0.023472	-0.002676	0.001977	-0.019308	0.007596	-0.002363	0.004891	-0.036756	0.003767	0.009519	-0.011433
0.968918	0.007417	-0.079038	-0.051752	-0.027807	0.095372	-0.046012	0.048424	-0.012622	0.014500	-0.005864	0.027742	-0.051337	0.001800	0.093143	-0.012039	0.043666	-0.053567	-0.029292	-0.006784	-0.002340	0.011671	-0.030026	0.014320	-0.057729	-0.018512	-0.004376	0.007196	-0.028285	-0.036765	-0.032000	0.003908	-0.023239	-0.017901	0.023945	-0.015495	0.002119	-0.026715	-0.026072	0.015774	0.052379	-0.024852	0.000428	0.019568	-0.005146	0.027460	0.050076	0.030483	0.003248	0.009779
0.956827	-0.030384	0.106442	0.001267	-0.063182	-0.098890	0.004886	0.014855	-0.103546	-0.026602	0.018098	-0.055674	-0.067376	0.050199	-0.026529	-0.088035	0.016766	0.042088	-0.065314	0.002600	-0.063981	0.023291	-0.066918	0.039858	0.016959	0.045866	-0.006205	-0.038774	-0.010828	-0.000767	0.009553	-0.010295	-0.017225	-0.027496	-0.033330	-0.020117	0.001321	-0.024045	-0.020757	-0.019539	-0.004395	-0.027517	0.022375	0.019182	-0.007504	-0.000141	0.022086	-0.018176	-0.007248	-0.005711
0.969887	-0.015936	0.163020	-0.012045	0.037810	-0.042558	0.008578	0.011554	-0.061526	0.049799	-0.026303	-0.018698	0.041331	0.014831	-0.010031	-0.043783	-0.033777	-0.019234	-0.026835	-0.011304	-0.015297	-0.007337	-0.023702	0.032037	-0.017959	-0.006796	0.018709	-0.006982	-0.034768	-0.029294	0.004364	0.031950	0.010501	0.016751	0.008559	0.002721	-0.011129	-0.003689	-0.026834	0.042072	0.000461	-0.015563	-0.031941	-0.006750	0.050312	0.035906	0.025279	0.003622	0.008480	0.024140
0.943828	0.029376	0.011309	0.000634	-0.010343	0.098260	0.100245	-0.082710	-0.115473	0.008650	0.035597	-0.014241	0.004634	0.024754	-0.043017	-0.040184	0.045769	0.016640	0.043408	0.133315	-0.007965	0.056871	0.032779	0.040239	0.045759	-0.009883	-0.118485	-0.002860	0.015139	0.009649	0.067486	0.021574	0.034680	0.018412	0.033708	0.011803	0.004482	-0.028597	-0.025244	0.000271	-0.017407	-0.016599	-0.019914	-0.019858	-0.039990	-0.035109	0.007789	0.058749	-0.026175	0.016600
0.931300	0.103161	-0.070713	-0.085597	-0.053643	0.107267	-0.107876	0.090962	-0.079240	-0.010391	-0.018158	-0.023714	-0.063741	-0.042191	0.014473	-0.110442	0.063053	0.066418	0.022741	-0.006481	-0.058595	0.033106	0.005622	0.003135	0.087276	-0.043452	-0.048384	0.006415	-0.057785	-0.002502	0.012610	-0.011595	-0.010535	0.080870	-0.032553	0.034021	-0.056082	-0.012562	0.026254	0.009208	-0.059118	-0.013925	0.018079	-0.010914	0.049177	0.003966	0.035319	-0.008726	0.000294	0.002439
0.918798	0.102117	0.121491	-0.079508	-0.094398	0.100142	-0.150686	0.068859	-0.018441	-0.055084	-0.034724	-0.001910	-0.014994	0.127519	-0.043519	-0.023031	-0.067511	-0.001250	-0.025699	0.077343	-0.031092	-0.042177	0.012890	-0.007625	-0.020306	-0.012963	-0.066441	0.006105	0.037632	0.000334	-0.033428	-0.000856	0.070623	0.070896	-0.064945	-0.019185	0.005430	-0.038450	0.036051	0.028703	0.034993	0.030198	-0.002815	0.076350	-0.050360	0.010958	-0.051129	0.029790	0.004864	-0.017200
0.932754	0.067058	-0.113952	-0.097085	0.075699	-0.155052	-0.105110	-0.150051	-0.077165	0.026003	0.082303	-0.008066	-0.025984	0.057169	-0.032918	-0.022428	0.056761	0.033914	0.019809	0.082591	-0.012005	0.021052	-0.011946	0.005930	-0.001110	0.034221	-0.014892	0.015681	0.024356	-0.009648	0.021908	0.014579	0.013559	0.000854	-0.010872	0.013193	0.026497	-0.000313	-0.027504	-0.013528	0.022520	0.001994	0.020719	-0.002186	-0.001574	0.033443	-0.018360	-0.020352	-0.019534	0.006416
0.982039	-0.029033	0.052972	-0.004081	0.002726	0.073000	0.047205	0.018869	0.031648	-0.075813	-0.034220	0.023987	0.004715	-0.008333	0.018982	-0.018980	-0.008768	0.002494	0.011203	-0.012617	0.032993	-0.028620	-0.016427	-0.015667	-0.010154	0.029825	0.037901	0.011424	-0.012823	0.004055	0.003905	-0.019468	0.009165	-0.000558	0.003234	-0.021411	0.023971	-0.019376	0.007002	0.038943	0.004281	0.041970	0.008411	0.052819	-0.007003	-0.028278	-0.005910	0.012445	0.001264	0.005461
0.968526	0.058890	-0.019634	-0.073747	0.124529	0.035696	-0.009944	-0.033941	0.088778	-0.055008	-0.004252	0.015832	-0.075039	-0.014099	0.024500	0.006330	0.000781	-0.063212	-0.003566	0.002991	0.053482	-0.017185	-0.030792	-0.021757	-0.047448	-0.000331	0.011019	-0.007228	-0.001580	-0.033819	-0.003515	0.010084	-0.042524	0.007821	0.006436	0.001154	-0.008255	-0.010553	-0.002680	-0.001963	-0.009695	0.000380	-0.000954	0.001432	-0.001268	0.019356	0.022976	-0.008014	0.031851	-0.022856
0.980210	0.006656	0.101302	-0.002797	-0.003858	0.053866	-0.000786	-0.044409	-0.023873	-0.027783	-0.001625	-0.029526	-0.043020	0.035409	0.030055	-0.038558	-0.016924	-0.011518	0.018744	0.035862	0.017933	-0.008764	0.034667	-0.000484	-0.057070	0.011358	-0.006709	-0.025056	0.010639	-0.009684	0.005765	0.002254	-0.018439	-0.028863	-0.018585	0.003744	-0.032698	0.041499	-0.003518	0.012034	-0.018962	0.042256	-0.001434	0.022165	-0.001694	0.024322	0.004202	-0.018349	0.015581	-0.001162
0.915265	0.127587	0.172064	-0.120401	-0.008118	0.119759	-0.050180	-0.017490	0.021375	-0.076114	0.006681	0.070779	0.033184	-0.002543	-0.004584	0.006958	-0.004973	0.018375	-0.031529	0.061609	0.037462	-0.054301	-0.017681	-0.035092	-0.116041	-0.034654	-0.001178	0.021419	0.027439	0.052912	-0.079023	0.038719	-0.037676	0.025464	-0.019412	-0.000391	-0.004523	-0.001460	0.010388	0.015263	-0.099249	0.009503	-0.016492	0.012082	-0.047436	-0.048962	-0.045631	-0.058010	0.082570	-0.068151
0.960692	-0.015025	0.013180	-0.024061	-0.027697	0.012990	0.128723	0.035536	0.086755	-0.000501	0.086564	-0.000182	-0.041923	0.031957	0.026880	0.019007	-0.022616	-0.071202	-0.022241	0.006698	0.080570	-0.037797	0.062008	-0.041958	-0.022511	-0.028547	0.015601	-0.027169	-0.020298	0.035182	-0.015865	-0.009269	-0.019443	-0.016014	-0.014435	-0.016416	0.011680	-0.013702	-0.007300	-0.048444	0.005575	0.037710	-0.026650	0.032473	0.010929	-0.022041	0.040953	0.030924	0.025513	-0.059673
0.961300	0.113137	-0.047127	-0.024576	0.014901	-0.075924	-0.070542	-0.056712	0.022820	0.031102	-0.057989	0.076544	0.010835	0.059519	-0.002308	0.033802	-0.004768	0.054301	0.005190	-0.054046	-0.006033	0.029722	-0.051963	0.011980	-0.068183	-0.006973	-0.001668	-0.015165	-0.003669	-0.010992	-0.047181	0.014553	0.019983	0.008530	-0.039293	-0.030165	0.026189	-0.001384	-0.009896	0.042192	-0.056733	0.009070	-0.042792	-0.002610	-0.035375	0.006108	-0.000829	0.002878	0.006916	-0.037689
0.975422	0.101731	0.038843	-0.077216	-0.033549	0.075840	0.013544	-0.014366	0.090864	-0.012640	0.030260	-0.045403	-0.000649	0.030189	0.009317	-0.022230	-0.013798	-0.020483	0.017106	-0.036080	-0.001057	-0.034436	0.005459	0.022894	-0.039709	0.005685	0.012786	-0.025424	-0.000652	-0.016333	-0.009444	-0.009391	0.008635	-0.000798	-0.016194	-0.030386	-0.012519	-0.005451	0.006253	-0.010174	-0.026453	0.009926	-0.016604	-0.016947	-0.019422	-0.010674	0.006008	0.014809	0.004269	0.007340
0.981840	0.006478	-0.027846	-0.027087	-0.015461	0.036098	-0.033442	-0.030519	-0.021916	-0.014169	-0.036031	0.059768	0.007602	0.013714	0.021236	-0.001182	0.003381	-0.026653	0.020490	0.031840	0.027334	-0.004279	0.020238	-0.041078	-0.025328	0.036701	0.033570	-0.020917	0.007043	-0.047787	0.014404	-0.014484	-0.026056	-0.002755	-0.007928	-0.028225	0.020102	0.008957	-0.018147	-0.034224	-0.025294	0.055499	0.038538	-0.016068	0.000966	0.004774	0.006344	-0.020000	0.061134	0.008952
0.968471	-0.013746	-0.047740	-0.043015	-0.126529	-0.060515	-0.015014	-0.096350	0.019038	-0.042984	-0.001588	0.069896	0.045258	0.005659	0.020300	-0.068449	-0.002998	-0.042151	0.008534	0.010621	0.029272	-0.024158	0.013160	-0.038483	-0.019168	0.006839	-0.003846	0.026213	-0.035581	-0.009582	-0.006701	0.021036	-0.027582	0.020045	0.017906	0.036836	-0.011801	0.015556	0.029374	0.015725	-0.006674	0.001195	0.004017	-0.003549	0.001656	-0.009352	-0.035190	-0.006264	-0.022107	0.000441
0.957701	0.013899	0.111900	-0.132285	-0.049190	0.116540	0.076406	0.005652	-0.015541	-0.059225	-0.050899	0.024220	-0.000959	0.037905	0.004436	0.062828	-0.014535	-0.055273	0.017438	-0.002556	-0.000886	-0.025999	-0.060457	0.000790	-0.029501	0.017668	-0.006850	-0.016586	-0.011306	0.007018	0.011001	-0.021903	0.002238	0.012850	0.004220	-0.014254	-0.008699	0.014231	-0.022601	-0.001259	0.018779	0.024561	-0.033889	0.019680	0.045457	0.004517	0.024130	-0.010605	-0.030776	-0.028263
0.942529	0.018351	0.028486	-0.109317	-0.055735	-0.118771	0.026554	-0.075524	0.039841	-0.005716	-0.021320	0.006689	-0.119951	-0.033971	-0.010087	-0.089991	-0.017063	0.075213	-0.047472	0.002272	-0.009951	0.057167	-0.074026	-0.010227	0.037328	-0.067394	0.014090	0.046605	0.015843	-0.032114	-0.048519	0.019090	0.018690	-0.037175	-0.018578	0.019500	-0.006297	0.014559	0.048065	-0.036048	0.035513	-0.011530	-0.031627	0.043978	0.072063	-0.011368	0.053316	0.006549	0.003797	0.026902
0.915443	0.009903	-0.067518	-0.228764	-0.119135	0.050967	0.167901	-0.008631	-0.021149	-0.091831	-0.010019	0.030402	-0.061620	0.030702	0.034942	-0.120790	0.022616	0.025392	-0.003040	-0.001391	-0.062743	0.005928	0.039372	-0.019615	0.000497	0.007221	0.041419	0.022805	-0.006743	0.040528	-0.006330	-0.036511	-0.003511	-0.044613	-0.036675	-0.013652	0.019053	0.066916	0.051552	0.040234	0.007694	0.006485	-0.047954	0.003406	0.010898	0.037374	-0.009876	0.014242	-0.001979	0.012477
0.937103	-0.043916	-0.003475	-0.112201	0.040774	0.028645	0.049128	-0.079150	-0.026089	0.008308	0.046997	0.090798	-0.072136	-0.002783	-0.012653	-0.029620	0.047713	0.105893	-0.002517	0.095302	-0.058375	0.015201	0.079262	-0.038746	0.112749	0.037114	0.011047	0.058638	-0.052861	-0.040165	0.036740	-0.001046	0.007896	0.003110	0.055225	0.017871	-0.003134	0.082801	-0.007705	-0.020933	0.022089	0.026851	-0.056713	-0.018206	0.032478	0.030337	0.040706	-0.013030	-0.013492	-0.041719
0.930565	-0.046050	0.158755	-0.185233	0.002845	-0.139637	0.096820	-0.035926	-0.059745	-0.011358	0.005740	0.010173	-0.071345	0.010963	0.052791	0.017017	0.007318	-0.031833	0.028668	-0.005499	-0.070012	0.002503	0.024776	0.030664	0.022630	-0.002671	-0.045395	0.056599	-0.042803	0.024051	-0.045201	-0.005891	0.022060	-0.026024	0.005485	-0.004648	-0.047804	0.010726	-0.023270	-0.032874	0.016542	-0.025130	-0.057350	-0.035127	0.012687	-0.004781	-0.019899	0.013759	-0.005633	0.000954
0.938105	-0.037191	0.069468	-0.169480	0.086203	0.024718	0.140319	-0.036039	0.082983	0.023701	-0.070209	0.040667	-0.068351	-0.051463	-0.006824	0.020461	-0.005557	-0.009740	0.051379	0.023320	0.018922	0.014718	-0.026721	-0.045390	0.082242	0.003939	-0.001346	0.017899	-0.026041	0.026057	-0.004585	-0.024706	0.031820	-0.042079	0.000387	0.024007	-0.033732	-0.035561	0.006294	0.033990	-0.033375	0.029702	-0.031185	0.029439	-0.006513	0.012111	0.060474	0.049963	-0.018588	-0.030847
0.917323	-0.102546	0.227974	-0.042977	-0.070659	-0.030262	0.101535	0.003684	0.008136	-0.084390	-0.027306	0.001515	-0.102964	0.065771	-0.022232	-0.073024	-0.060551	0.014432	-0.006664	0.021176	-0.057543	0.075281	-0.070639	0.011042	0.067733	-0.041642	-0.016138	0.059037	0.018042	-0.039173	-0.006857	0.011336	-0.022418	-0.033692	0.015285	-0.017974	-0.086445	0.034934	0.012404	0.014850	0.020568	0.028310	-0.053601	-0.005393	0.011176	0.020537	-0.044511	-0.010254	-0.025497	0.005415
0.918672	0.030478	0.111509	-0.147074	-0.175141	0.069110	0.051998	0.137373	0.020664	0.044632	-0.054786	-0.077667	0.009175	0.059586	0.016894	-0.057784	0.028440	0.012098	-0.025470	0.009479	-0.044502	-0.025997	-0.001238	0.004338	0.094173	0.011292	-0.043423	-0.003851	-0.002754	0.007076	-0.061011	-0.027956	0.056630	-0.036522	-0.002819	-0.037071	0.035241	-0.053706	0.024140	-0.007175	-0.014228	0.047408	-0.086650	-0.005262	0.024723	0.033047	0.048531	-0.018709	0.001680	0.020058
0.919712	-0.111487	0.044740	-0.201909	-0.100826	0.089802	-0.014940	-0.020853	-0.072016	-0.111715	0.028865	-0.030832	-0.153826	-0.019196	0.079630	-0.066166	-0.073774	0.017718	-0.099295	-0.005045	0.037316	0.017388	-0.010208	0.034096	0.003062	0.000923	0.040248	-0.004196	0.033406	0.019713	0.024354	-0.005251	-0.003128	-0.005811	-0.007030	-0.004441	0.009331	0.016997	0.021831	-0.010556	-0.017710	0.017244	-0.008523	0.013779	0.015327	-0.004635	-0.013033	0.023136	-0.022802	-0.005945
0.931664	-0.201477	0.062191	-0.154029	0.068784	0.038428	0.102391	0.020107	-0.001926	-0.106734	0.050727	-0.001220	0.016822	-0.028268	0.014020	-0.108953	-0.029436	-0.042197	0.037578	-0.032107	0.018728	0.006046	-0.021550	-0.051738	0.016995	0.018980	-0.001131	-0.004533	0.053660	0.005811	-0.024658	0.000326	-0.023835	0.009707	0.000841	-0.006760	-0.035226	-0.007721	0.031148	-0.013916	0.001245	0.020759	0.009311	0.010509	0.014834	-0.019404	-0.024486	-0.034078	-0.012482	-0.021758
0.821134	-0.219022	-0.044938	-0.145036	0.036329	0.021088	0.155678	-0.111191	-0.090736	0.111255	-0.017500	0.088747	-0.045942	0.221795	0.008058	-0.060730	-0.022090	0.144089	-0.053740	0.086943	-0.085598	0.096718	-0.023910	0.035589	0.050352	-0.050201	0.054583	0.105184	-0.028851	-0.032251	-0.034359	-0.027540	-0.058283	-0.020062	-0.016657	0.007369	-0.049524	0.046369	0.192145	-0.023753	0.062439	-0.013844	-0.035691	-0.045590	0.010616	-0.003907	-0.058856	-0.000968	-0.037355	-0.026944
0.691896	-0.249228	-0.041377	0.009297	0.023002	-0.024480	0.264299	-0.048411	0.202060	0.181542	0.136578	-0.125829	-0.105755	0.086937	-0.069264	-0.087853	0.015465	0.197013	0.046107	0.206929	-0.052711	-0.015497	0.006361	-0.013569	0.073273	0.139997	0.011441	-0.037564	-0.075726	-0.030499	0.051592	-0.013660	-0.023000	-0.045730	0.170580	-0.042144	0.073579	0.055541	-0.033238	-0.062951	0.008301	0.004342	-0.130400	0.014722	0.023174	0.186026	-0.080210	-0.070676	-0.068189	-0.075207
0.943842	0.082019	-0.027071	-0.025878	0.068290	0.046618	0.160986	0.016848	0.080816	0.000238	-0.020411	0.031644	-0.027261	0.019534	-0.050394	-0.045739	0.030447	-0.043485	0.000388	0.072104	0.043951	-0.007313	0.012252	-0.015733	-0.044062	-0.067462	-0.000481	0.009824	-0.044797	-0.044845	-0.004707	0.021834	-0.058009	-0.002692	0.004322	0.122754	-0.021582	0.022457	-0.066339	0.022874	-0.019289	0.034722	-0.021367	-0.037980	-0.020898	-0.021349	0.028200	-0.000969	-0.055304	-0.014377
0.923454	0.197822	-0.115087	0.042390	-0.073762	0.095680	0.134479	0.070288	-0.046845	0.024777	-0.069625	0.035999	-0.046571	-0.033694	-0.031324	0.071036	0.041523	0.004795	0.074299	0.056919	0.008806	-0.024235	0.000568	-0.031387	-0.005466	-0.017416	0.051669	-0.001782	-0.030081	-0.006554	-0.029648	-0.013798	0.001231	0.056048	0.000451	0.016480	-0.048680	0.016517	-0.045408	0.027108	-0.010787	-0.003890	0.074409	0.027795	0.003792	0.032173	0.040923	-0.014765	0.019507	0.036808
0.919789	0.161078	-0.029802	-0.039240	-0.066487	-0.010669	0.228444	-0.002710	-0.015539	-0.045088	0.092331	0.066950	-0.022087	0.090518	-0.016159	0.018653	-0.042609	0.007604	-0.064986	0.009494	0.055648	-0.063568	0.009852	-0.018982	-0.012448	-0.037308	0.054063	-0.020490	0.009945	0.058968	-0.009570	0.053899	0.003258	0.018033	-0.032422	-0.045857	0.008425	-0.043403	-0.025105	0.033096	0.007081	-0.030451	0.042805	0.016184	-0.020388	-0.015394	0.014370	-0.077493	0.041237	-0.016217
0.955624	0.062297	0.090314	0.172618	-0.047438	-0.103141	-0.014566	0.036565	-0.080191	0.009233	-0.014210	-0.012842	0.056735	0.043239	-0.056735	-0.036169	0.004298	-0.067760	0.023218	-0.026054	0.004920	0.013813	-0.039622	-0.022830	0.005102	-0.009249	0.013214	-0.015067	-0.033878	-0.021445	0.001604	0.000810	0.027423	0.019531	0.000068	0.006496	0.008794	-0.005737	-0.017442	-0.001804	0.003811	0.010923	-0.001286	0.020712	0.003705	-0.008534	0.007693	-0.005752	-0.021347	-0.031030
0.948926	0.142924	0.074700	0.083455	-0.073512	0.086229	0.027121	-0.135452	-0.092770	0.038297	0.010074	-0.044318	0.035303	0.027267	-0.041882	-0.041341	-0.011447	-0.006759	-0.015554	-0.001216	0.015461	-0.011911	-0.005560	-0.022802	0.010622	-0.021834	0.008173	0.016779	0.006250	-0.013057	0.013670	-0.043295	-0.000665	0.022325	0.001471	-0.008583	0.002422	0.018482	-0.038810	-0.053437	0.002651	-0.008885	-0.014874	0.005490	-0.015173	-0.067453	-0.039065	0.009350	0.002790	-0.021684
0.895093	0.254733	-0.026908	0.124225	0.071561	-0.053100	0.063680	-0.063352	0.007529	-0.031978	0.098420	-0.036447	-0.107497	-0.028998	-0.054019	0.045525	-0.002600	0.054641	0.012836	0.007041	0.022363	-0.058497	0.068071	-0.061453	-0.081593	0.007620	0.041061	0.074439	-0.014297	-0.012935	0.048744	0.008233	0.001622	-0.014753	-0.029845	0.008799	-0.024216	0.008661	0.042183	-0.110951	-0.032316	0.055275	0.083278	0.042378	0.057456	0.038782	0.044199	-0.021034	0.051498	0.036776
0.931461	0.043749	0.103819	-0.046066	0.114845	-0.021886	-0.183768	-0.019819	-0.035365	-0.093750	0.097799	0.034140	-0.042768	-0.014417	-0.001229	-0.012106	-0.015020	-0.024555	0.012567	0.036276	-0.042863	-0.040779	0.098001	-0.042267	-0.025206	0.020205	0.061787	0.054195	-0.051767	0.002730	0.019819	-0.042830	-0.000110	-0.006605	-0.014222	-0.025610	-0.009727	-0.020566	-0.049328	-0.009130	-0.015790	0.015911	0.035973	-0.004538	0.087215	0.020562	0.036862	-0.009204	0.033108	0.023472
0.943608	0.062522	0.148220	0.021976	-0.177286	0.012152	-0.030291	0.008925	0.027774	-0.021937	-0.028574	-0.092719	0.008835	0.001561	-0.058704	-0.045338	-0.038852	0.019164	-0.009429	-0.038888	-0.042974	-0.044826	-0.070696	-0.040706	-0.039418	0.055546	-0.029793	0.060789	-0.009017	-0.012306	0.020579	0.015008	0.002722	0.004251	0.000276	-0.021114	0.017147	-0.046243	-0.017272	0.002378	0.026377	0.003000	-0.019457	-0.011822	0.061031	0.012281	-0.024232	0.028724	-0.023127	0.008562
0.926619	0.112690	0.028873	-0.181737	-0.011989	0.041559	0.057797	0.045996	-0.087355	-0.015267	-0.036257	0.045864	0.089933	-0.001418	-0.050527	-0.058929	-0.019911	0.013337	-0.002014	-0.009436	-0.022295	0.047898	0.005960	-0.058277	0.012405	-0.037841	-0.058281	-0.081102	0.033031	0.135305	0.052532	0.052048	0.007978	0.056349	0.001493	-0.014613	0.059385	0.029501	-0.001696	-0.045721	-0.012529	-0.024396	-0.013084	-0.012483	0.017181	-0.032513	0.045680	0.065510	-0.004046	0.001552
0.889240	0.186467	0.019383	-0.074235	-0.034551	-0.095700	-0.102593	-0.005033	-0.088349	-0.056276	-0.003648	0.049879	-0.001105	0.028277	-0.040899	-0.058309	-0.024753	0.033447	-0.017936	0.057829	0.011552	0.017897	0.064389	-0.043558	0.005806	-0.044263	-0.046655	-0.183662	-0.044983	0.143041	0.091228	0.109816	-0.037581	-0.012697	0.044450	-0.015268	0.083662	-0.016178	0.032268	-0.010173	0.020151	-0.029258	0.052700	-0.018154	-0.001370	-0.024534	0.073225	0.100155	0.023254	0.050884
0.963817	0.117946	0.099637	0.024896	-0.094221	0.074606	-0.007915	-0.053662	0.028525	0.024313	-0.073873	-0.047525	0.043788	-0.075082	-0.006580	-0.034402	0.000176	-0.017012	-0.002420	0.021713	0.011754	-0.019021	-0.020270	0.002867	-0.013206	0.002378	-0.007517	0.003988	0.035583	0.028831	-0.007144	-0.023779	0.040661	-0.010564	0.011107	-0.007269	0.005619	0.018813	0.012147	-0.042262	-0.010752	-0.003781	-0.026371	0.002780	-0.001337	0.015962	0.026102	-0.020744	-0.010288	-0.009502
0.915194	0.055514	0.114905	0.073412	0.027533	0.121861	0.001807	0.024094	0.154076	0.122493	-0.075158	-0.120020	0.056828	-0.073116	-0.036761	-0.108568	-0.011984	0.061506	0.077792	0.013381	-0.013701	-0.052029	0.031318	0.027962	0.064774	-0.041720	-0.016131	-0.053292	0.038735	-0.003767	0.024769	-0.009282	-0.036190	-0.002414	-0.054935	-0.046954	-0.071224	-0.011997	0.011619	0.004061	-0.015334	0.011018	-0.064701	0.020297	0.007854	0.023698	0.009272	-0.009197	-0.015576	0.008982
0.962849	0.021960	-0.081103	-0.095237	0.054100	0.095140	0.083296	0.014742	-0.053830	-0.020676	-0.022256	0.034972	-0.073236	0.007784	0.007534	-0.070066	-0.008442	0.028527	-0.005073	-0.012256	-0.041271	0.040547	-0.027004	0.035148	0.013107	-0.012059	-0.049027	-0.003281	-0.019426	-0.054871	0.030211	-0.004744	-0.000697	0.003370	-0.016667	0.042071	-0.016535	0.022048	0.008641	-0.045521	0.024270	0.003811	0.014753	-0.019093	0.017929	-0.015641	0.001832	-0.015872	-0.042263	-0.006100
0.956336	0.039890	0.013420	0.004945	-0.125897	0.026814	-0.105316	0.135612	0.021062	-0.001848	0.025247	-0.046729	0.001541	0.062949	0.028400	-0.070300	0.048256	-0.024182	-0.036786	-0.021340	-0.007831	-0.040664	0.031205	-0.071041	-0.011282	-0.002469	-0.014902	0.034349	-0.000946	-0.000228	0.009313	-0.004978	0.011169	-0.016553	-0.012122	-0.036636	0.028457	-0.044368	0.010070	-0.000398	-0.006013	0.061728	-0.024102	-0.017583	-0.000635	-0.006676	0.006955	-0.024219	0.010768	-0.013693
0.986490	0.015788	0.003982	-0.057601	0.046700	0.022314	0.032255	-0.010425	0.045268	-0.001080	-0.012171	-0.036410	-0.054627	0.048092	0.018845	-0.026489	-0.010017	-0.031761	0.021550	-0.017774	0.010361	-0.026334	-0.023308	-0.009171	-0.036212	0.017975	-0.025102	0.002405	-0.002385	-0.017949	0.013894	0.024561	0.000458	0.002581	0.013165	-0.020145	0.011514	-0.005591	0.015472	0.023416	0.013442	0.006916	0.008481	0.027235	-0.004995	-0.011750	-0.004106	0.001124	0.004875	-0.007193
0.982130	0.056426	0.083221	-0.018846	-0.011982	-0.062659	0.004538	0.029765	-0.066718	-0.019474	0.075107	0.022691	0.022352	0.014961	0.002804	-0.006764	-0.010785	-0.033793	-0.004021	-0.013441	-0.002691	-0.006487	-0.020072	-0.032160	-0.010572	0.006527	-0.003305	0.007423	-0.000715	-0.019892	-0.011316	-0.006390	0.023700	0.029392	0.012788	-0.010261	0.003347	0.006947	-0.019974	0.028968	-0.004151	-0.008882	0.004749	-0.021781	-0.000457	0.002459	-0.018780	-0.012745	-0.001174	0.019508
0.961126	0.172671	0.114069	-0.044356	-0.035414	-0.039377	-0.015128	0.028034	0.039055	0.003987	0.031646	0.001558	-0.064369	-0.014260	0.024170	0.088356	-0.057848	0.007014	0.022148	0.001093	-0.009971	0.023408	-0.017862	0.024107	0.004238	-0.017894	-0.010316	0.013702	0.034093	0.015818	-0.009046	-0.001247	-0.019212	-0.009134	-0.023541	-0.002374	-0.001508	-0.020635	-0.012551	-0.031541	-0.005805	0.019860	0.012509	-0.034479	-0.012276	0.001015	-0.000559	-0.014460	0.002254	0.006617
0.970448	-0.066441	0.069955	0.048752	-0.120060	0.059118	-0.055260	0.011195	0.081471	-0.028817	0.014037	-0.011653	-0.017905	-0.011866	0.021463	-0.033564	-0.074191	0.027491	0.019372	0.025379	-0.006003	-0.015126	-0.003689	0.018548	0.010978	0.008032	0.006418	0.006610	-0.005798	-0.024664	-0.005621	-0.028792	-0.036916	0.004219	-0.012681	-0.024190	-0.002347	-0.016534	0.018803	-0.000088	-0.005703	0.002416	0.015203	0.005078	-0.039499	0.017394	0.008516	-0.024926	0.004880	-0.017306
0.962795	-0.044678	0.048803	0.181413	0.001813	0.075009	-0.084084	-0.032594	0.041513	-0.075117	0.033921	0.010857	-0.015191	-0.031018	-0.023767	0.031683	0.015575	-0.043355	0.023524	0.012837	-0.021046	-0.005750	-0.011226	0.010401	0.010814	0.016353	-0.002527	-0.007883	0.001826	0.025971	0.026360	-0.010316	-0.011399	0.017623	0.006632	-0.031343	-0.014957	0.009810	0.033334	0.012702	-0.011500	0.026913	-0.004335	0.018142	-0.003177	0.020588	0.002661	-0.018153	-0.005131	0.005924
0.966184	0.066878	-0.033742	-0.025809	0.065309	0.018393	-0.011731	-0.074659	0.044841	-0.059285	0.022907	0.035359	-0.017675	-0.070737	0.018807	0.049880	0.020732	-0.035802	0.034064	-0.061848	0.037333	-0.016290	-0.003086	0.012718	0.053972	0.030103	-0.022689	0.007557	0.054176	0.044471	-0.024642	-0.013464	0.038362	0.017416	0.030751	0.017912	-0.021245	-0.015654	-0.013917	0.015309	0.002413	-0.063913	0.032017	-0.000108	-0.006127	0.013499	0.046449	-0.026104	-0.058937	-0.002094
0.965224	-0.022678	0.103026	0.059105	-0.105448	0.014425	-0.013659	-0.146047	0.025006	-0.003894	-0.002769	0.030461	0.007035	0.036067	0.023123	0.019502	0.045398	0.017489	0.012310	0.022261	-0.006071	-0.033308	0.051424	-0.039396	0.038398	0.020721	-0.002374	0.023442	0.010383	-0.010661	-0.006967	-0.018835	-0.018424	-0.035411	0.009602	0.004031	-0.019693	0.029075	-0.017158	0.023106	-0.002768	0.001072	0.011135	0.023918	0.026297	-0.009411	-0.007862	0.012186	0.009952	-0.006123
0.953273	0.197271	-0.006252	0.135327	-0.052588	-0.009424	0.060677	-0.006813	-0.070071	-0.044961	0.050552	0.018437	-0.019511	0.007095	-0.023767	0.035081	-0.017668	0.008487	0.038854	-0.035893	-0.012606	-0.002882	-0.044670	0.025327	-0.023751	-0.020470	-0.002919	0.013665	-0.002644	0.008898	-0.002301	0.010762	-0.029147	0.000873	0.006286	-0.023949	0.003734	0.027206	0.006459	-0.008404	0.022738	0.008800	-0.029506	-0.001415	-0.014601	0.032347	-0.013007	-0.018713	-0.025247	0.042198
0.948764	0.121066	-0.101747	0.121834	-0.018722	0.050622	0.130400	-0.044413	-0.034376	-0.024515	0.038775	0.065033	-0.030935	0.051706	0.068174	0.034073	0.041559	-0.003251	0.026283	-0.054321	-0.018062	-0.005925	0.051268	0.002413	0.000588	0.029722	-0.010832	-0.012786	0.059881	0.000916	0.013720	0.010139	-0.042438	0.005339	0.028130	-0.025215	-0.005679	0.013545	0.004289	0.007404	-0.011258	-0.030298	-0.013781	-0.004817	0.032625	0.028919	0.006321	-0.031015	-0.004847	-0.001782
0.959789	0.121994	0.154436	0.080302	-0.001199	0.026755	0.003397	0.026149	-0.042990	-0.054330	0.045945	-0.060261	-0.050826	-0.004059	-0.003110	0.031567	-0.003075	0.035800	0.066851	0.026782	-0.003302	-0.004232	-0.013698	0.053380	-0.027688	-0.011530	-0.004971	-0.008477	-0.007476	0.018538	-0.014647	0.016939	0.005568	-0.027423	0.001775	-0.023443	0.040498	-0.008787	-0.014118	-0.010700	0.009061	0.002451	0.011519	-0.032302	-0.022884	0.013733	-0.029576	-0.010911	0.003952	-0.016431
0.973575	-0.005961	-0.011736	-0.023016	0.021363	0.037988	-0.004516	-0.040111	0.041683	0.028128	0.046135	0.115249	0.086699	0.007278	0.041406	0.056747	-0.019179	0.000714	0.052931	-0.006778	0.021123	-0.012171	0.032494	-0.015024	0.060045	0.054265	0.035140	0.038671	-0.031774	-0.001230	-0.001109	0.003320	-0.013144	-0.007789	-0.002157	0.010519	0.028635	0.002742	0.018337	0.001390	0.003068	-0.014353	-0.014259	0.004389	0.003241	0.006137	-0.004120	0.006413	-0.000610	-0.004674
0.948122	0.097890	-0.020121	0.088491	0.005915	0.020815	-0.055505	-0.014254	-0.026733	0.107913	0.071383	-0.017745	-0.071052	-0.047244	0.053059	-0.017205	-0.006125	-0.050161	-0.020770	-0.027660	0.029071	-0.005241	-0.029938	-0.056048	0.011085	-0.033474	-0.007183	0.045518	-0.060706	-0.019183	0.024816	-0.003877	-0.014656	-0.003733	0.123082	-0.032600	-0.052106	0.040800	-0.016968	-0.030344	-0.000785	0.020820	-0.013519	-0.006372	-0.021944	0.061889	-0.037275	-0.021544	0.011424	0.075094
0.957035	-0.018553	-0.052357	0.104861	-0.030318	0.077624	-0.132904	-0.026045	0.073083	-0.038312	0.045794	-0.026200	-0.102445	-0.006855	0.006359	-0.043961	-0.034916	-0.052199	0.039024	-0.004816	-0.006376	-0.002179	-0.010887	0.039821	0.002840	-0.005613	-0.019478	0.007980	-0.023180	0.022486	-0.016811	-0.015629	0.019849	0.016729	0.048319	-0.024939	-0.049835	0.020255	0.018141	-0.000595	0.044954	0.025706	-0.013990	0.025510	0.012773	-0.019406	-0.033423	-0.029858	-0.015287	0.012364
0.971716	0.097466	0.015701	0.027318	-0.113559	0.030607	-0.015765	-0.111633	-0.016443	-0.030212	0.053055	0.007567	-0.002035	0.009161	-0.003305	0.019862	-0.005229	-0.027020	0.034766	-0.023893	-0.016030	-0.006335	-0.030194	-0.017438	0.039194	0.039188	-0.039697	-0.040931	0.016649	0.008103	0.008795	-0.031994	-0.015090	0.006255	-0.012937	0.005020	0.002678	0.008730	0.000974	-0.017038	0.003427	-0.003223	0.005404	-0.001620	-0.021094	-0.012200	0.014184	-0.018098	0.002788	0.018675
0.961004	0.022756	0.076808	0.034318	-0.075578	-0.079172	-0.072626	0.033010	0.033135	0.006907	0.055711	-0.088475	-0.057371	0.012953	0.075837	-0.017913	0.007232	-0.099962	0.027407	-0.040064	-0.012290	-0.013647	0.026987	0.062698	-0.041908	-0.029492	-0.023491	0.019351	-0.004711	0.010263	-0.036044	0.023706	-0.000403	0.007886	0.023997	-0.033982	0.020469	-0.026890	0.030565	0.010433	-0.023753	0.003722	0.008847	-0.019519	-0.006620	0.004007	-0.018020	-0.022372	0.007803	0.004903
0.983068	0.142262	0.008274	0.022535	-0.014517	-0.006428	-0.038849	0.025585	-0.018222	0.022057	0.033151	0.011051	-0.008831	0.013247	0.039622	-0.001301	0.020658	-0.026153	-0.009915	-0.017921	0.010496	-0.023990	0.001918	-0.026825	-0.010854	-0.005358	-0.025082	0.009753	0.001865	0.002568	-0.016962	0.004049	0.000229	-0.022082	0.005075	-0.000226	-0.000494	0.009397	0.011927	-0.006957	0.004086	-0.008054	0.002143	0.005039	-0.012841	0.029948	0.003434	-0.014115	-0.006693	0.011672
0.974655	0.104302	0.080915	0.049629	-0.071100	-0.020147	-0.060025	0.077186	0.017426	0.031177	0.067817	-0.004055	-0.001522	0.024251	0.031564	0.024454	0.005849	0.017022	0.015467	0.008652	-0.017401	0.029586	-0.015415	-0.027115	0.014043	0.031205	0.003665	-0.004803	0.013563	0.000726	-0.010017	0.001843	-0.000604	0.024522	-0.014256	0.008191	-0.012498	0.023333	0.005451	0.016673	0.015247	0.006124	-0.003151	0.008279	-0.003336	0.000639	0.002006	-0.011691	-0.000915	0.019832
0.979460	-0.070069	-0.100905	-0.041552	-0.062472	-0.015024	-0.042443	0.070644	0.010052	0.021104	0.022120	-0.007934	0.024389	-0.004045	-0.023144	-0.014735	-0.017008	-0.018497	0.024558	-0.023619	0.026839	-0.016047	-0.005049	0.003996	0.005135	0.013986	0.007308	-0.008093	0.001617	-0.034843	0.031647	0.011136	-0.017902	0.006817	0.020724	0.014264	0.016569	-0.017133	0.007182	0.004954	-0.014205	0.014527	0.005283	0.005073	0.025839	-0.014506	0.011084	0.042839	-0.003624	0.001455
0.980358	-0.087058	0.050145	-0.013506	-0.043542	0.116999	0.032764	0.009540	0.020158	-0.034494	0.014373	-0.014141	-0.034277	-0.022771	0.004027	0.010729	0.013966	-0.037685	0.016263	-0.005500	0.004937	-0.028863	0.002617	-0.004600	0.009804	-0.014350	-0.004053	0.001628	0.034255	-0.011061	-0.007143	0.004262	0.003061	-0.010787	0.004415	-0.003024	-0.015590	0.038952	-0.009431	0.007764	0.005579	0.003294	0.011475	0.017870	0.016344	-0.011189	-0.012784	0.014635	-0.011924	0.009727
0.983626	-0.017495	-0.043834	-0.043227	0.008368	-0.060504	0.035509	0.058986	0.011931	-0.037293	0.027582	0.020500	0.052899	0.039420	-0.027484	0.007186	-0.032663	-0.026669	0.021357	-0.019899	0.054639	-0.027393	-0.008279	-0.010248	-0.001057	0.001043	-0.012911	-0.015606	0.012792	-0.021565	0.030633	0.019658	0.027733	0.020291	-0.000100	-0.021605	0.000369	0.004084	0.007067	-0.003783	0.016723	0.001957	-0.011077	0.015735	-0.003382	0.014540	0.018630	0.005259	-0.000148	0.012424
0.961034	-0.169522	-0.061144	-0.029343	-0.023393	-0.038757	-0.125249	-0.046377	-0.031887	0.011470	-0.056834	0.013129	-0.002329	0.008918	-0.015318	-0.017140	-0.064503	-0.021667	0.062650	-0.015053	0.009514	0.009366	-0.032505	-0.018554	-0.015419	-0.002776	-0.028254	0.019240	0.024699	0.001615	-0.020670	-0.015409	-0.013134	0.017876	-0.002093	0.033522	0.006202	-0.010928	0.026387	-0.002942	0.016828	-0.007195	0.016804	-0.011490	0.015788	0.007377	0.027029	0.010423	-0.023758	0.005751
0.981542	-0.065688	0.065721	-0.090388	-0.054671	0.058589	0.004975	0.002164	-0.045758	0.038090	0.005611	-0.023735	-0.022315	-0.030043	-0.008504	0.044165	0.001453	-0.025698	-0.008903	-0.008794	0.005051	0.006679	-0.010312	0.006816	0.033592	-0.006434	0.007388	-0.016226	0.019601	0.003897	0.003082	0.003901	0.006359	0.020879	0.017194	0.003767	-0.002263	0.000665	-0.008207	0.010918	0.017016	-0.017872	-0.004740	-0.016144	0.001425	0.005641	0.005266	-0.018120	-0.001277	-0.023287
0.973889	-0.008578	-0.074606	-0.025453	-0.141523	0.111922	-0.013166	0.016755	0.007533	-0.000637	-0.012140	-0.011890	0.004484	-0.013305	-0.011812	-0.017351	-0.012933	-0.042467	-0.001810	0.004889	0.021706	-0.004697	0.030773	-0.018868	0.002120	-0.005679	-0.015983	-0.021362	0.040032	0.012988	0.017696	-0.023996	0.016059	-0.016669	0.003206	0.007384	-0.027131	-0.000869	-0.020226	-0.002899	-0.003025	-0.002849	0.012137	-0.025094	-0.010035	0.010705	0.014524	0.016608	-0.019124	-0.020989
0.971942	-0.135804	-0.009389	-0.090116	0.032593	-0.065442	-0.018795	0.021712	-0.004033	-0.041940	0.007928	0.009199	-0.015601	-0.033027	-0.065026	0.025712	0.001953	0.007180	-0.006600	-0.035130	-0.012127	-0.006629	-0.023756	-0.009038	-0.022653	0.000602	-0.032978	-0.002107	-0.028121	-0.024647	-0.000540	-0.003656	-0.014976	-0.002945	0.029969	0.056345	0.002891	0.015527	-0.004080	-0.020098	-0.005224	-0.018203	0.014192	-0.014424	0.035824	-0.028185	0.021547	-0.023903	-0.006055	0.016712
0.968784	-0.135209	-0.026239	0.026055	-0.109876	0.063102	-0.016782	-0.030868	0.017786	-0.038650	-0.009932	0.021267	-0.061644	0.021601	-0.022918	0.038966	0.060803	-0.012704	0.049021	0.044904	-0.014870	-0.002666	0.006710	0.021758	0.036517	-0.000182	0.031722	0.010118	-0.007815	-0.007950	-0.005539	-0.000798	-0.016433	-0.040879	0.010124	-0.009404	-0.008762	0.003030	-0.004911	-0.009258	0.001520	-0.010831	0.005638	-0.012521	0.031845	-0.001231	0.006679	-0.003512	0.009637	-0.020626
0.979853	-0.036289	0.034464	-0.035214	-0.064829	0.048917	-0.020796	-0.025349	0.009937	-0.097877	0.022700	-0.027140	-0.066905	0.009145	-0.012795	0.002559	-0.026556	0.003672	0.042581	0.008833	0.011125	-0.036230	-0.021926	0.009743	-0.008210	-0.010002	-0.020440	0.022348	-0.016902	-0.001423	0.040070	0.017933	-0.005584	-0.008022	-0.026292	0.040121	0.005771	0.023105	-0.017808	0.008758	-0.003402	-0.011352	-0.017171	-0.011861	-0.020979	-0.007772	0.002996	0.006919	0.019286	0.005335
0.966640	-0.067623	0.034162	-0.114382	-0.141969	0.022865	-0.056522	-0.045302	0.078437	-0.026619	0.012053	-0.001571	-0.050998	0.039773	-0.010306	0.016695	-0.019756	-0.024999	0.039227	0.002934	-0.026011	-0.021330	0.015585	0.006477	0.004847	-0.027610	-0.014453	-0.016254	-0.001079	0.014489	0.011916	0.015234	-0.019264	-0.002733	0.017992	0.003384	0.005564	-0.000391	0.020899	-0.014136	0.031772	0.003082	0.015156	0.001977	0.008029	-0.019325	0.008296	-0.006909	-0.009397	-0.013546
0.965481	-0.017089	0.000132	0.033958	0.032231	0.157760	-0.119211	0.052204	-0.060154	-0.055848	-0.045050	0.001438	-0.052041	0.015403	-0.015947	0.016795	-0.016475	-0.059304	-0.004029	-0.005943	-0.010347	-0.017566	0.031323	0.006858	0.029738	-0.002742	-0.007101	0.034741	0.007895	-0.009735	0.023061	0.007691	0.021939	0.004185	-0.003268	0.007293	-0.000586	-0.017436	0.007079	-0.020382	-0.009199	-0.021087	-0.014273	0.020641	-0.003143	0.002096	-0.008870	-0.022660	-0.002445	-0.001528
0.961269	-0.090044	0.032622	0.004894	-0.002904	-0.003771	-0.102685	0.043317	-0.071307	0.086945	-0.042499	0.023209	0.068470	-0.042416	0.037320	0.008360	0.102801	-0.019515	0.014288	-0.022494	-0.031246	0.016432	0.027546	-0.075254	-0.025496	0.003192	0.013868	0.036496	-0.007958	0.006213	0.025015	-0.029621	-0.005056	0.010752	0.027697	0.010536	0.027694	0.048765	0.011636	-0.011882	0.011227	-0.018178	0.000003	0.022520	-0.007077	0.011968	-0.004638	-0.038625	0.033725	-0.004213
0.954121	-0.145402	0.051470	-0.093020	0.025659	-0.117119	-0.022677	-0.046245	0.047029	0.004427	-0.006509	-0.022195	-0.033653	0.014380	-0.067994	0.049599	-0.040480	0.048359	0.028916	0.029323	0.009891	-0.008962	-0.051791	-0.027813	-0.018101	0.019174	0.055839	0.008454	0.016907	-0.035665	-0.033482	0.059455	-0.004177	0.046974	-0.010866	0.008612	-0.018421	-0.022831	-0.010804	-0.003281	0.004109	-0.008217	-0.025941	0.018336	0.001222	0.016827	-0.042528	0.029136	-0.036780	0.028190
0.916056	-0.088557	-0.109836	0.100834	0.015901	0.131514	-0.238274	0.115278	-0.077448	-0.028486	-0.018026	-0.001646	-0.015200	-0.071811	0.030030	-0.074830	-0.020818	-0.045362	0.072036	0.004183	-0.027013	-0.000605	0.025985	0.038896	-0.022767	0.003151	-0.031070	-0.005568	-0.000918	0.020076	-0.007275	0.041602	-0.025961	0.045249	-0.028782	-0.019705	-0.002213	-0.021204	-0.020598	0.015829	-0.006005	0.027362	-0.001924	-0.015202	-0.011471	-0.024939	0.036808	-0.032380	-0.004600	-0.023158
0.951873	0.071009	0.072979	-0.064413	0.017765	0.091721	-0.040762	-0.047424	0.058660	-0.018627	-0.128151	0.078438	0.006257	-0.010021	-0.059537	0.025280	0.034030	-0.037760	0.010846	0.016211	-0.029657	-0.002012	0.032116	-0.048972	0.033242	-0.003233	0.067347	0.016812	0.060934	0.012415	-0.001512	0.032692	-0.013328	-0.031246	-0.032323	-0.003655	-0.063131	0.055475	-0.005200	-0.019144	-0.022174	0.023794	0.034280	0.020757	0.022775	-0.050380	-0.002917	0.007183	0.046589	-0.018041
0.918972	-0.057287	-0.197858	-0.055865	-0.161767	0.062851	0.081118	-0.147499	0.034521	0.014163	0.051371	0.046518	0.011993	-0.072781	-0.034377	-0.004937	0.079661	-0.025069	0.035725	-0.041737	-0.005903	0.031153	-0.018800	-0.038400	0.021668	-0.016856	-0.012814	0.003818	0.043843	-0.005971	0.035428	-0.048379	0.018040	0.016571	0.008893	0.029526	-0.000415	-0.062150	-0.015363	-0.037531	0.071496	0.002746	0.066816	0.024221	0.023911	0.012448	-0.002208	0.010776	-0.018469	-0.030226
0.970090	0.053349	0.041022	-0.036947	-0.090646	-0.074550	-0.096024	-0.067053	-0.038478	-0.088943	-0.006770	-0.029058	-0.039940	0.025803	-0.022955	-0.001869	0.004554	-0.044902	-0.013539	-0.028725	0.027848	0.014033	-0.002114	0.012083	0.026461	-0.020385	0.008302	0.024952	0.025897	0.003302	0.003393	-0.020440	-0.017396	0.004427	-0.022281	0.006201	0.012155	0.005779	-0.016021	0.016941	0.040333	0.000322	0.022145	-0.003254	-0.018739	-0.019763	0.009213	-0.000460	-0.019090	-0.021897
0.953741	-0.171316	-0.014281	-0.042481	-0.106403	-0.006335	-0.003502	0.002186	-0.073795	-0.052737	0.027427	-0.052849	0.005049	0.020459	-0.010332	0.038704	0.079367	-0.002251	0.036166	0.015177	0.022064	-0.085560	0.014311	-0.041410	-0.028337	0.013848	0.006077	0.051733	-0.016889	-0.016432	0.041602	0.034141	0.002274	-0.022204	-0.001368	0.017202	0.057328	0.015469	0.013549	-0.003810	0.009783	0.003462	0.015256	0.020346	-0.014979	0.009686	0.004513	0.009338	0.025662	0.052272
0.914447	-0.140188	-0.178117	0.163807	-0.086569	-0.013319	-0.049042	0.022617	0.039719	0.026839	-0.028967	0.081085	-0.122035	-0.092684	-0.012749	0.071708	0.012144	0.005307	-0.010191	-0.000679	-0.015793	-0.033490	-0.003764	-0.064437	-0.020800	0.035327	0.008858	-0.006011	-0.058204	0.005493	-0.033799	-0.016779	0.003842	0.002291	0.079235	0.036916	-0.021291	-0.050420	-0.006860	-0.030735	0.006621	0.014348	0.048688	-0.010530	-0.016953	-0.039454	0.065181	-0.051513	0.025099	0.016698
0.944744	-0.089774	-0.110432	-0.041104	0.051603	0.155876	-0.109514	-0.091089	-0.046487	-0.060331	0.047156	0.066342	-0.049213	-0.006860	0.049252	0.026522	0.013069	-0.016243	0.029006	-0.007135	-0.003111	-0.053253	0.009524	-0.017616	0.003526	-0.004779	-0.042798	0.006250	-0.017846	-0.017240	-0.002135	0.003471	-0.030174	0.009448	0.014528	0.006414	0.037575	0.012611	0.000174	-0.039324	0.014644	0.013897	0.001109	0.038102	0.012137	0.054002	-0.002856	0.018276	-0.027064	0.052545
0.952797	-0.150587	-0.091872	-0.080439	-0.014048	0.095308	-0.146950	0.016000	-0.028301	-0.045611	-0.005624	-0.030169	-0.065009	0.010964	-0.004041	0.022101	0.019250	-0.032882	0.001832	-0.060458	-0.005452	0.049113	0.039979	0.009899	-0.010097	0.001968	0.012707	0.002646	-0.034192	0.009915	-0.014363	-0.010041	0.036104	-0.024288	-0.000143	-0.017899	-0.003461	-0.007996	0.011054	0.001015	-0.020629	0.000229	0.019184	0.006694	0.013116	0.013097	0.002636	0.006746	0.000068	-0.006367
0.906157	-0.223322	-0.127057	0.000637	0.056345	0.019142	0.052416	0.231511	-0.033267	-0.032325	0.021959	0.058728	-0.064366	-0.023926	0.051141	-0.031459	-0.057606	0.051489	-0.006614	-0.008515	0.015045	-0.062175	0.019437	-0.039466	0.031887	0.022582	-0.026348	0.078850	-0.079138	-0.018358	0.034224	-0.014574	0.010162	-0.020581	-0.000880	0.006770	0.024354	0.021736	0.028865	-0.014357	-0.045629	-0.010573	-0.050741	0.001705	0.014055	-0.010714	0.024337	0.019586	-0.011590	-0.034144
0.896677	-0.059975	-0.121195	0.191182	-0.180512	0.224134	-0.076521	0.021887	-0.080436	0.017769	0.001094	0.006423	0.007401	0.037400	0.052825	-0.042418	0.082537	-0.039171	-0.049186	-0.038488	-0.056712	0.006889	0.003190	0.044178	0.005681	-0.035670	-0.025662	0.019071	-0.002435	0.022637	0.009778	-0.035474	0.068912	0.003438	0.004176	-0.011204	0.052010	-0.027760	-0.025588	-0.001680	0.005947	-0.052852	0.014813	-0.022992	0.001480	-0.029630	-0.054812	0.028143	0.011184	-0.004575
0.923781	-0.008444	-0.000308	0.036346	0.142072	0.123766	-0.068011	0.107942	-0.064502	0.080398	0.112542	-0.051705	0.020053	0.043212	-0.048067	0.049435	0.021216	0.060043	-0.049820	-0.027937	0.044097	0.027614	-0.001093	0.003609	-0.079433	-0.068491	-0.048535	-0.005627	-0.093158	-0.073815	0.006702	0.007157	0.010950	0.026267	0.031888	0.068199	0.020126	0.001745	-0.025405	-0.015347	-0.003442	0.071833	0.001682	0.038156	-0.006400	0.020684	0.000660	0.039860	-0.060508	-0.051990
0.967969	0.016047	0.052395	-0.120948	0.034728	0.009996	-0.029153	-0.043779	0.009809	0.056543	-0.031840	-0.084668	-0.019309	0.003057	-0.041527	0.069013	0.017077	-0.008149	0.054689	0.005320	-0.002525	0.017067	-0.051449	-0.035946	-0.005880	0.019503	-0.050572	0.043235	-0.026374	-0.007978	0.021016	0.024209	0.002465	0.009979	-0.008278	-0.006403	0.003478	-0.008488	0.064879	-0.030378	0.015634	-0.007991	-0.008570	-0.008243	0.015778	-0.001335	0.018205	0.026948	-0.038581	0.008157
0.913857	-0.117335	-0.004272	-0.112853	0.150711	-0.102929	-0.000844	-0.077704	0.008255	-0.048825	-0.008933	0.078513	0.201683	-0.037362	0.057855	-0.107571	0.017720	-0.036934	0.022817	-0.030122	0.046704	0.014896	-0.022805	0.036514	-0.012605	0.016315	-0.027422	0.014846	0.014857	0.016412	-0.048371	0.041789	-0.063426	0.007408	-0.014246	0.016351	0.039854	-0.034017	-0.049559	0.047513	0.008150	0.011320	-0.004840	-0.045810	-0.028341	-0.000164	0.007173	-0.063054	0.010190	-0.026748
0.779244	-0.205778	0.030012	-0.182145	0.308763	-0.123696	-0.257395	0.025315	-0.031154	0.041295	0.017306	-0.116368	0.025555	0.025268	-0.037513	0.056140	0.021718	-0.033963	-0.030689	-0.138360	-0.036944	-0.071367	0.042363	0.200761	0.068189	0.009842	-0.003820	0.008339	-0.026026	0.045753	-0.070680	0.072924	0.044903	0.068549	0.093455	0.031299	0.000818	-0.000090	-0.008467	-0.010062	-0.013062	0.034425	-0.071044	-0.012185	0.029448	-0.024392	-0.034094	0.036118	-0.010600	-0.032909
0.982896	-0.077102	-0.075360	-0.034094	0.043653	0.060649	-0.018138	0.027244	0.022624	-0.005040	-0.002546	-0.048757	-0.015815	0.002469	-0.017145	-0.051903	-0.003745	-0.019696	-0.014841	-0.039446	0.015342	-0.008812	-0.007841	0.025032	0.003871	-0.008410	-0.009613	0.011445	0.031812	0.002471	-0.013961	-0.019516	0.004174	0.007628	-0.006388	-0.006004	-0.001656	-0.013102	0.013634	0.007081	-0.010396	0.010237	0.035010	0.000054	0.002786	0.007036	-0.012701	0.028413	-0.009245	-0.010674
0.983582	-0.036291	-0.030156	-0.024411	-0.018198	-0.048603	0.008040	0.013448	-0.000621	0.037777	0.087471	-0.001448	-0.029473	0.005613	-0.045132	0.054132	0.051981	-0.012348	-0.023603	0.013271	-0.023494	-0.030365	0.009859	-0.027574	-0.000381	-0.027561	-0.003339	0.003660	0.027810	-0.009858	-0.002511	0.010346	-0.009077	0.002741	0.003813	0.008230	-0.014648	-0.026827	-0.021554	-0.019649	0.013248	0.019215	0.020544	-0.019623	0.007238	-0.003076	0.002442	0.015037	0.006463	-0.022918
0.983531	-0.036936	-0.006597	0.037422	-0.050478	-0.024410	-0.024000	-0.020209	0.041623	0.004296	-0.028411	-0.000319	-0.066483	0.006605	-0.006126	-0.025053	-0.012169	-0.007275	-0.006176	0.016162	0.043467	-0.023357	0.036181	-0.019981	0.029088	-0.025969	0.001179	0.006780	-0.005435	-0.025221	0.025335	0.021019	0.005802	-0.002644	-0.004634	0.045061	0.026748	-0.019528	0.000091	0.041725	0.024101	0.010677	0.041221	0.014104	-0.022520	-0.021148	0.019068	0.016883	0.028980	0.010742
0.986063	-0.104489	-0.081898	0.026502	-0.035998	0.039055	-0.019541	0.013697	-0.012766	0.004234	-0.018685	0.003634	-0.007518	-0.030620	-0.024026	-0.011512	-0.004262	-0.007489	0.001719	-0.026718	0.008427	-0.002667	-0.016141	0.007138	-0.002138	-0.004828	0.009904	-0.014651	-0.004253	0.004966	0.011398	0.007454	0.000317	-0.003472	-0.015101	-0.015957	0.001554	-0.006045	0.003336	0.002016	-0.009765	-0.021573	-0.003041	0.004563	0.018617	0.002270	0.020644	0.006459	0.001945	0.001341
0.991095	0.011341	-0.010814	-0.010901	0.032385	0.032871	-0.055011	0.006278	0.043237	0.019346	0.015494	0.046736	0.013624	0.020764	0.028196	0.003650	-0.020183	-0.013311	0.006394	0.033376	0.016072	0.006947	0.011990	0.010733	-0.000265	0.013078	0.007956	0.013526	0.029166	-0.014704	0.010157	-0.002786	-0.000092	0.021294	0.006446	-0.007334	-0.009521	0.004467	0.002612	-0.029229	0.010654	-0.010769	0.008210	-0.010269	-0.004495	-0.010190	0.011227	-0.000151	-0.002413	0.000447
0.974023	-0.090510	0.026242	-0.032770	-0.026193	0.127750	0.035542	-0.087634	-0.029777	0.021123	0.004921	0.038985	-0.002518	-0.011567	0.043993	-0.005840	0.012761	-0.020792	-0.016534	-0.005421	-0.004583	-0.026525	-0.027866	-0.011439	-0.021261	0.007293	-0.019394	-0.036035	0.002935	0.007456	0.002931	-0.007605	0.000491	-0.019409	0.035063	-0.016070	0.005791	0.036531	-0.006442	0.009278	0.019764	-0.008250	-0.001625	-0.000914	-0.007413	0.005212	-0.009904	-0.015946	0.019405	-0.030259
0.980917	0.052000	0.090132	-0.099257	-0.028809	-0.046942	-0.000300	0.058718	0.014470	-0.025167	0.019352	-0.005534	-0.002263	-0.036450	0.027879	-0.033585	0.000779	-0.019276	0.003458	-0.027741	-0.014123	0.007030	-0.041803	-0.003444	-0.025868	0.009737	0.013240	-0.010803	0.005240	-0.010347	0.007220	-0.003391	-0.000671	-0.006167	0.016853	-0.007547	-0.018998	-0.006208	-0.015197	-0.001741	-0.007845	0.000154	0.008551	-0.001437	0.004448	-0.000862	0.005474	-0.007458	-0.010002	0.019560
0.985536	0.044126	0.014230	0.063854	0.042315	0.049722	-0.008873	0.041735	0.019936	-0.015897	-0.010320	-0.008016	-0.062245	0.000843	-0.001664	-0.024650	0.008683	-0.005456	0.008579	-0.001451	-0.022158	0.008477	-0.038846	0.010524	0.037321	-0.019816	-0.031119	-0.011278	-0.021081	-0.028747	0.011161	-0.012495	-0.007674	-0.019663	0.016236	-0.033309	0.004158	-0.006126	-0.012755	-0.001623	0.013600	-0.014861	0.019293	-0.003409	0.012827	-0.002763	0.024339	0.014114	0.009920	0.020370
0.959251	0.060453	0.016565	0.137670	0.129867	-0.080484	0.108317	0.092752	0.016454	-0.017146	0.043516	0.021866	-0.017139	0.005769	-0.017528	-0.005742	0.001780	0.009118	-0.013661	-0.043961	-0.019673	-0.017253	-0.002518	0.016129	-0.027139	0.006136	0.008691	-0.012080	-0.015531	-0.002272	-0.021044	-0.012603	0.033151	0.013027	0.019245	0.005183	0.004424	0.004673	-0.020355	0.004430	0.007383	-0.009058	-0.007119	-0.002440	-0.024554	-0.022501	0.031033	-0.004581	0.015611	-0.000996
0.889662	-0.059974	-0.068348	0.063937	0.140828	0.107416	0.047326	0.090554	-0.044070	0.137528	-0.040890	0.029895	-0.042844	-0.035833	0.039911	0.021005	0.025256	0.105423	-0.086135	0.091315	0.043510	-0.004836	0.034196	-0.074256	0.054878	0.051226	0.068434	-0.065728	0.043848	-0.036458	0.035320	-0.010968	0.022338	0.065902	0.002654	-0.064936	0.061020	-0.131960	-0.014343	0.098319	0.021403	-0.055341	0.002950	-0.004119	0.033161	0.049317	-0.130540	-0.078538	-0.000365	-0.005336
0.910336	0.002887	0.146026	0.097073	0.009521	-0.057999	0.129829	-0.136209	0.162197	0.146673	-0.150285	-0.085356	0.017636	0.061924	0.002277	0.019680	0.023262	-0.022433	0.024332	-0.026816	-0.014767	-0.014731	0.000553	0.013576	0.036929	0.001227	-0.046536	-0.000752	-0.003860	0.000431	0.024099	0.017042	-0.000063	0.040418	0.015613	-0.013534	0.019672	-0.015966	0.024708	0.015485	0.015043	-0.069676	-0.021312	0.001641	-0.016467	-0.007059	-0.042148	0.014718	0.025227	-0.002684
0.886869	-0.217098	-0.134304	-0.051988	-0.045523	-0.020338	0.094165	-0.051808	-0.016436	-0.078459	0.061336	0.145290	-0.009452	0.044613	0.039645	-0.014429	-0.115573	0.152918	0.042177	0.000690	0.017406	-0.062791	0.014384	0.005790	-0.001379	0.006762	0.024853	-0.035287	-0.043372	0.045551	-0.024499	-0.043441	0.030071	0.082159	-0.020927	-0.011967	-0.003503	-0.057570	-0.081825	0.018977	0.091908	0.009569	0.080370	0.018309	0.060677	0.001391	-0.024817	0.021704	0.002560	-0.079430
0.876709	-0.287089	0.030815	-0.190016	-0.016269	-0.108181	0.052623	0.072479	-0.031502	0.025393	-0.053939	0.014074	0.032276	0.127589	0.007914	-0.017601	0.043382	0.045196	0.053564	0.114175	-0.020906	-0.005698	0.021145	0.042575	-0.039253	0.077372	0.050069	-0.039987	-0.043797	-0.014168	0.024813	0.024082	0.094879	0.071267	0.002046	-0.007498	-0.033435	0.006657	-0.014089	0.056555	0.005035	0.000599	0.025923	-0.006989	0.007972	0.051143	-0.057494	0.037365	-0.059154	-0.040532
0.924775	0.055794	-0.146953	-0.121885	0.122500	0.113495	0.008118	-0.002335	-0.075707	0.013568	0.048713	-0.090123	0.028928	0.031594	-0.085031	0.019898	0.084555	0.014332	0.078327	0.037137	0.022599	0.014713	0.082463	0.013065	0.051082	0.001298	-0.027105	0.012530	0.027295	0.024019	-0.023755	0.030430	0.060788	-0.048594	-0.029136	0.026441	-0.027414	-0.075000	0.000536	0.009266	0.022058	-0.017859	0.001204	-0.034741	-0.032440	0.051871	-0.037663	-0.017467	-0.030374	-0.006539
0.976924	0.024712	-0.026325	0.008638	0.009309	0.014514	-0.076941	-0.056345	-0.017229	0.006783	-0.073433	0.036892	0.001960	-0.020043	-0.024571	-0.018098	-0.047199	-0.030208	0.047617	0.025282	-0.026944	0.038096	-0.006156	0.051639	0.024639	-0.037113	0.003704	0.000254	-0.016290	-0.045443	-0.012194	0.037066	-0.018982	-0.005877	-0.030595	0.016683	0.042008	-0.011570	-0.010485	0.007343	-0.013522	-0.028680	0.024980	-0.005192	-0.034446	0.032613	-0.015423	-0.011877	-0.022279	0.034384
0.955013	0.087421	-0.062204	0.077690	-0.081470	0.020301	-0.079042	0.093305	-0.025407	0.037511	0.019599	-0.060136	-0.002955	0.030883	-0.050521	0.058952	0.116192	-0.028593	-0.003179	0.005031	0.009620	-0.033946	0.033275	-0.012332	0.010704	-0.052740	0.044717	0.032254	0.003219	-0.012039	0.054673	0.003299	0.031564	-0.027758	0.000775	-0.040739	-0.038462	0.026275	-0.020763	-0.003471	0.018064	-0.024988	-0.013326	-0.020547	-0.031179	0.006048	0.024691	-0.010995	-0.008335	-0.002676
0.969115	0.000934	-0.037309	0.054049	-0.082525	0.018162	-0.050176	0.067747	-0.042044	0.017737	0.096135	-0.029654	0.071651	0.059186	-0.009868	0.006909	0.085670	-0.031177	-0.036810	-0.027928	0.014820	0.003818	-0.010638	-0.010852	0.009394	-0.019050	0.009538	0.009181	0.018017	0.040963	0.032957	-0.008708	0.005193	-0.027505	-0.009072	0.000161	-0.007813	-0.032308	0.002795	0.017915	-0.009421	-0.024131	-0.005983	-0.041762	-0.031145	0.003149	0.021544	-0.001548	-0.012584	-0.014556
0.945022	0.042533	0.024217	-0.034948	0.005557	-0.032735	-0.031864	-0.103285	0.018973	-0.006238	-0.012031	-0.018224	-0.003169	-0.057918	-0.026606	-0.056954	0.000446	0.029559	0.004591	0.006157	-0.024287	-0.019952	0.048033	0.060935	-0.061603	0.059473	0.067477	-0.123687	0.027416	-0.020789	0.117684	-0.053080	0.080127	-0.031014	-0.006995	0.062335	-0.065792	0.000995	0.017952	-0.037074	0.061094	0.033701	-0.010670	-0.025462	0.018736	0.034825	-0.020130	-0.047505	-0.026544	-0.038220
0.942241	-0.121288	0.093602	-0.181548	-0.020363	0.158845	-0.020882	-0.028700	0.018021	-0.063356	0.070045	0.049956	0.071399	0.010339	0.039121	-0.033947	0.015094	-0.038152	0.000879	0.005565	-0.029981	0.004880	-0.009590	-0.002420	-0.026273	-0.008343	0.021197	0.021848	0.016049	0.015353	-0.001497	-0.004294	-0.027832	-0.018629	0.005778	0.012844	0.016575	0.020514	0.006111	-0.015186	0.007118	0.014467	0.003262	0.010007	0.003412	0.015184	0.003460	-0.020901	0.009028	-0.029203
0.977738	-0.071518	0.029845	-0.029947	-0.091003	0.078033	0.019707	-0.092194	0.036526	0.034690	-0.016954	-0.003465	-0.008169	0.035049	-0.005499	-0.032034	-0.026735	-0.003553	0.006465	-0.002531	0.019879	-0.026600	-0.031421	-0.007103	0.006738	-0.024711	0.007852	-0.004268	0.004682	-0.019049	-0.028095	-0.006827	0.014604	-0.004623	0.009309	0.002494	0.035882	0.015227	0.017585	0.001328	0.012175	0.004195	0.004836	0.005950	0.023039	-0.004301	-0.005816	0.009658	0.004986	-0.026858
0.963154	0.061409	0.050530	-0.021470	-0.103277	-0.022793	-0.046911	0.033255	0.105306	-0.024309	-0.033580	0.075646	0.036504	0.070168	-0.034943	-0.037524	-0.028119	-0.031488	0.014037	0.020435	-0.037412	0.023285	0.009657	-0.033462	0.020456	-0.033937	0.032019	-0.001228	0.019117	-0.007365	-0.003288	-0.010445	0.023294	-0.015614	-0.017893	-0.076796	0.018293	-0.010638	-0.020394	0.005431	-0.043387	0.030692	0.007169	-0.002125	0.035663	0.003602	-0.003653	0.041439	-0.028509	-0.018640
0.937915	-0.056022	0.170743	0.044898	-0.087579	0.092042	-0.012483	0.159990	0.024249	-0.017797	0.049585	0.035774	0.009469	0.023984	0.011725	0.022457	-0.007012	0.033498	-0.050281	-0.023590	-0.061718	-0.032180	0.042729	-0.060439	0.007182	0.028047	0.018267	0.026283	-0.062981	-0.000688	0.014201	0.004999	-0.013620	0.001057	-0.034490	0.006678	0.027338	-0.039586	-0.049249	0.004329	0.000720	0.055592	-0.045234	-0.034469	0.056619	0.029473	0.000132	0.017810	-0.012761	-0.021662
0.970778	-0.125295	0.087026	0.105001	0.027915	0.041309	-0.052133	-0.022305	0.045736	0.010926	0.002975	0.023391	-0.026363	0.002312	0.049320	-0.001491	-0.030259	-0.011600	0.008346	0.006681	0.006592	-0.012048	0.023191	0.021338	-0.002296	-0.002177	0.022537	0.035011	0.020839	-0.019128	-0.000630	0.020626	0.019046	-0.011145	-0.015991	-0.031854	0.002487	0.029632	-0.011015	0.036829	-0.016159	0.006547	0.029751	0.020704	0.002329	0.006028	0.015683	0.016874	-0.007563	-0.002357
0.977512	0.046298	0.037634	-0.044291	-0.006714	0.038399	-0.000898	0.013256	-0.006330	-0.004052	-0.014773	-0.034897	-0.040997	0.008103	0.017700	-0.060264	-0.036518	0.023996	-0.013272	0.034209	0.027649	-0.001457	-0.015713	0.023160	0.017842	-0.051361	-0.009128	0.030451	-0.031903	-0.068874	-0.008544	0.044009	-0.019516	0.002739	0.014972	0.073353	0.022289	-0.010702	-0.013314	0.041631	-0.014456	0.026377	0.009336	0.016772	0.013782	0.014349	0.051220	0.010870	-0.016090	0.018428
0.972468	-0.027422	-0.033330	-0.080737	0.027523	0.028020	-0.045566	0.035541	0.064272	0.007846	-0.038981	-0.009029	-0.035610	0.070031	-0.046697	-0.073228	-0.004706	0.038605	-0.019285	-0.008701	0.000391	0.044598	-0.048616	-0.000659	0.073166	-0.027033	0.011625	0.020159	0.004745	-0.010694	0.026294	-0.014207	0.022252	-0.014418	0.000406	0.011122	-0.010372	0.007136	0.049681	0.012485	-0.011738	-0.011808	-0.039936	-0.018492	-0.006169	-0.009071	-0.002031	-0.004482	-0.008677	-0.039014
0.920343	-0.082531	-0.168199	0.042081	0.094787	-0.124492	0.034456	-0.049615	0.055021	0.018013	-0.088038	0.010459	-0.095512	0.030576	-0.031226	-0.034903	0.094201	0.126056	-0.066707	-0.112533	-0.008198	0.006819	-0.039450	0.004965	-0.001231	-0.034379	0.081731	0.029945	0.026405	-0.000068	-0.028202	0.026347	0.014820	0.015951	0.004945	0.000654	-0.040686	0.034704	-0.014498	0.006070	-0.018389	-0.005436	0.006668	0.031691	0.063994	0.022419	-0.005051	0.016561	0.006741	0.004108
0.942063	0.062664	-0.095913	-0.161959	-0.026844	-0.045717	0.039380	-0.046977	-0.100418	0.030436	-0.047562	0.084560	0.059351	0.005800	0.028509	-0.045181	-0.039972	0.049644	0.054934	-0.022246	-0.020157	0.035039	0.024820	0.031966	-0.032345	0.038489	0.074345	-0.001685	-0.002964	0.071950	-0.009124	0.028530	0.005623	-0.002654	0.020273	0.004808	-0.024100	0.024232	0.052118	0.013430	0.025778	0.053421	-0.020754	-0.005830	0.013274	0.002666	-0.028179	-0.027567	-0.065014	-0.016937
0.883912	0.251804	-0.148304	-0.134160	0.089730	-0.003702	-0.073244	0.027136	0.025014	0.086987	-0.022742	0.070525	0.027613	-0.050407	-0.076234	-0.076272	-0.045394	-0.011441	-0.055751	0.029503	-0.027263	0.091044	0.004032	-0.052263	0.019757	-0.034873	-0.042089	-0.066147	0.057168	0.102632	0.042561	0.134249	-0.010361	0.015103	0.050566	-0.049813	0.020076	0.012172	-0.029389	-0.015689	0.013947	-0.014100	-0.006058	-0.031733	0.035362	-0.004955	-0.011682	0.035017	0.039798	0.022080
0.912516	-0.052368	-0.244553	-0.127168	0.117944	-0.045795	0.019627	-0.002462	-0.021449	0.037347	-0.082250	0.017903	-0.032261	0.062362	-0.064916	-0.010000	0.063869	-0.009222	0.096846	-0.061483	0.021212	-0.048765	0.018633	-0.101029	-0.015782	-0.064289	0.030541	0.020876	0.011841	0.009006	0.009255	0.025486	0.026431	-0.043661	-0.063067	-0.032165	-0.006207	0.036820	-0.026034	-0.028731	0.027025	-0.013684	-0.012560	0.012032	-0.016338	0.009003	-0.024405	0.037357	0.047491	0.016386
0.875326	-0.218259	0.007033	-0.130347	-0.125110	-0.141115	0.013945	-0.020176	0.031649	0.181839	0.074168	-0.042883	-0.028532	-0.101985	-0.087791	0.051637	-0.071027	-0.064953	-0.010206	0.017554	-0.152042	-0.088102	-0.010025	0.000237	0.004643	0.040919	-0.042641	0.023294	-0.032054	-0.000313	-0.027569	-0.050098	-0.023969	0.017483	-0.063529	-0.040586	-0.023389	-0.063502	-0.021921	-0.004252	-0.009845	-0.005711	0.040530	-0.017629	-0.021385	0.003576	0.021822	0.077931	0.014023	-0.003741
0.932378	-0.105819	-0.051853	0.129466	0.039859	-0.156827	0.018008	-0.054720	0.002432	-0.012190	-0.045669	0.096582	0.015058	0.075702	0.006682	-0.043595	-0.024452	-0.001305	0.020465	-0.001608	0.010933	-0.035031	-0.011579	0.001909	-0.015469	-0.050944	-0.108182	0.014444	-0.047799	0.051902	-0.081742	0.004455	0.027944	0.030273	-0.018791	-0.001987	0.009168	0.010321	0.056092	0.000354	0.032827	0.037119	-0.094176	0.011931	0.028022	-0.034340	-0.007782	0.020331	0.047672	-0.023419
0.965941	0.029956	0.092514	0.048352	0.000422	-0.096962	0.141287	-0.007433	-0.048191	0.025552	-0.058149	-0.021800	-0.052874	-0.003460	-0.034719	0.008482	-0.019057	0.034673	-0.042818	0.007903	-0.037287	-0.043220	0.031919	0.022480	-0.012637	0.007185	-0.010772	-0.004161	-0.001728	-0.007267	-0.006574	-0.031013	-0.008134	0.009975	0.018777	0.020245	-0.013348	-0.001603	-0.013258	-0.019832	0.001945	-0.007995	0.004512	0.017824	-0.007295	-0.012983	0.040965	-0.009697	0.016597	-0.028734
0.981283	-0.033199	0.078875	0.036172	0.087546	-0.010663	-0.065430	0.000027	0.018724	0.015267	0.059478	-0.012474	0.003786	0.027939	0.034353	-0.003608	-0.009333	-0.035966	0.003195	0.012326	0.015316	0.016022	-0.024001	-0.019241	0.015113	0.040246	-0.006900	-0.009743	-0.012558	0.012069	-0.008702	-0.011760	0.021236	0.015581	-0.016178	0.031686	-0.000931	0.019825	-0.012723	0.007925	-0.012599	-0.032849	0.000465	0.004213	-0.004070	-0.022261	0.009926	-0.003847	-0.013158	-0.002697
0.979657	-0.009078	-0.088725	-0.022408	0.004129	-0.033890	-0.030134	-0.000249	0.046638	0.059784	0.044635	0.011152	-0.049357	-0.010603	0.006395	-0.016406	-0.072083	0.012506	0.019521	-0.013388	0.017275	-0.006694	-0.028791	-0.009603	-0.040078	0.011017	0.014007	0.002900	-0.014497	0.012489	0.005229	-0.021685	0.023640	0.005634	0.032773	-0.003978	-0.014501	0.003131	-0.001041	-0.056383	-0.021346	0.031680	0.005341	0.016160	-0.040423	-0.011777	-0.011487	-0.004399	-0.016967	0.001564
0.974007	-0.000578	0.096225	0.072083	-0.011263	-0.008668	-0.089460	-0.046201	0.093731	0.018443	-0.028235	0.036868	0.036276	-0.003419	0.020295	0.005874	0.021980	-0.026361	0.020272	-0.011447	0.005628	0.031375	-0.014003	-0.055168	0.021877	0.009394	0.003535	0.034291	0.011488	0.020774	0.009125	0.027663	-0.001955	-0.013207	-0.000462	0.029736	-0.030462	0.000228	0.029979	-0.014395	0.004144	0.021063	0.000610	-0.001682	-0.003933	0.013903	-0.008299	-0.019237	-0.000754	0.010393
0.954037	0.015688	0.100851	0.024437	0.164679	0.098747	-0.105452	-0.012534	0.031279	0.015348	0.056657	0.058692	0.049008	0.038494	0.046921	0.024554	0.027190	-0.049771	-0.011216	-0.006021	-0.036265	-0.004075	0.024309	-0.044121	-0.015142	0.009236	-0.015879	0.032301	0.022349	-0.007970	0.018658	0.022797	0.026223	-0.000787	0.001526	0.003992	-0.017230	0.035392	0.012293	-0.018373	-0.040435	-0.000463	-0.002634	-0.002110	-0.002361	0.008191	-0.014552	0.028285	0.001948	-0.018090
0.947815	0.145277	-0.005385	0.191492	-0.080524	0.072892	0.013524	-0.043121	-0.043524	-0.064593	0.036090	0.061803	0.025438	0.067714	0.019871	0.002187	0.022044	0.042086	0.027120	-0.021743	0.000209	-0.018424	-0.037864	-0.002114	-0.001815	0.001475	0.003841	-0.035636	-0.000278	-0.022203	-0.000989	0.004330	-0.024835	0.007633	-0.013979	-0.009706	-0.004943	0.013732	0.019711	0.027340	-0.005629	-0.015151	0.001880	-0.005395	0.023723	0.029200	0.014960	-0.036898	-0.014002	0.018263
0.944758	-0.166633	-0.150800	0.120352	-0.045853	0.093403	-0.070023	-0.036434	-0.086468	0.030523	-0.012069	0.049271	-0.011409	0.034853	0.021277	0.005705	-0.014903	-0.062679	0.014681	-0.026961	-0.014966	0.015966	-0.038831	0.027482	0.017210	-0.001074	-0.008115	-0.004195	-0.014802	-0.009858	-0.001760	-0.003299	0.005189	-0.000484	0.003312	-0.025934	0.009098	-0.007116	0.006610	-0.018595	-0.010603	-0.007812	0.006960	-0.021689	0.029502	0.021024	-0.014013	0.022551	-0.009012	0.000098
0.969585	0.101102	-0.029454	0.134336	-0.058246	0.037763	0.026604	0.048682	-0.010372	-0.017998	0.046979	0.004833	0.000662	0.049585	-0.009309	-0.040619	-0.047871	-0.018140	-0.030346	-0.007542	0.017358	-0.021531	-0.030724	0.003236	-0.014916	0.002563	0.001195	0.019708	-0.041868	-0.036311	0.024256	-0.000201	0.030350	0.035997	0.005911	-0.010736	-0.002427	0.013796	-0.000727	0.007829	0.034996	-0.008671	0.006604	0.027036	-0.014931	0.002444	-0.035391	0.014215	-0.002070	0.005700
0.966146	0.066083	-0.003855	0.108489	0.059465	-0.015172	-0.079816	-0.066756	0.071660	-0.008543	0.061703	0.055378	0.057425	-0.049991	-0.020650	-0.024455	0.034028	-0.058283	-0.033884	0.006866	0.021023	-0.004780	0.001450	-0.014347	0.058377	-0.000904	-0.005083	0.016981	-0.014652	-0.011098	-0.013698	0.012558	0.027796	0.034302	0.019028	-0.003373	0.000355	0.014044	-0.008185	0.001406	0.016524	-0.000926	0.006293	0.029625	-0.007185	-0.022154	-0.011630	-0.013495	-0.018944	-0.032958
0.975839	0.012345	0.001274	0.131238	-0.031535	-0.017314	0.008137	-0.016184	-0.020699	0.019670	0.006346	0.057699	0.012047	-0.034304	0.036329	0.017683	-0.008158	0.013501	-0.001534	-0.054372	0.016261	0.026654	-0.074014	0.010015	0.006954	0.030212	0.012915	-0.046858	-0.002328	-0.003242	-0.002759	0.025923	0.045518	0.018805	-0.010142	0.021082	-0.018555	-0.017712	0.004604	-0.022655	0.006667	-0.008882	-0.019195	-0.013556	0.035948	0.010017	0.025572	-0.012907	-0.027060	-0.005709
0.928229	-0.024573	-0.104340	0.130589	-0.148447	-0.017909	-0.098936	0.165384	0.076501	-0.008909	0.011933	0.082971	0.048190	0.032089	-0.037148	-0.012001	0.009197	0.047673	0.026035	-0.014353	-0.052907	0.060239	-0.018958	-0.040045	-0.004670	0.045418	0.055305	-0.007179	-0.047566	-0.006848	-0.009993	-0.031994	0.018608	0.023133	-0.033634	-0.009407	-0.014301	0.015580	0.000571	0.025739	-0.058439	0.008785	0.048102	0.022771	0.003694	0.023438	0.040757	0.004177	0.019372	0.010149
0.945871	0.085834	0.080505	0.092326	0.069531	0.025341	-0.030379	0.201435	0.036281	0.067735	0.064790	-0.016082	0.012764	0.010448	-0.030756	0.026444	-0.053095	-0.080417	-0.010950	-0.012314	-0.004619	0.020905	-0.019262	0.021317	0.002143	-0.040071	0.020731	-0.011549	-0.035815	-0.023407	0.010357	0.037978	0.017616	-0.007659	0.005029	-0.057646	0.004590	-0.036298	-0.021050	0.006377	0.011560	0.003687	0.006875	-0.014485	-0.029635	-0.004910	0.002402	-0.001985	-0.020864	-0.003959
0.937235	0.026604	0.100606	0.117613	-0.021020	-0.219239	-0.081171	0.102171	-0.004828	-0.015375	0.050487	-0.025893	-0.033466	0.028925	0.030214	-0.083558	-0.014862	-0.033210	-0.006747	-0.025539	-0.010051	0.052749	0.010753	-0.010262	0.024459	0.003942	0.036107	0.002407	-0.012725	0.000339	0.037709	0.002827	0.053790	0.026966	-0.025245	0.017223	-0.020754	0.001927	-0.027168	-0.005752	-0.021250	-0.027050	0.018321	0.018781	0.002911	0.013119	-0.010546	-0.012006	-0.036548	-0.004348
0.886077	0.203390	-0.013238	0.214890	-0.081008	0.025451	0.042482	-0.010035	-0.065750	-0.003574	0.041857	0.141235	0.102485	0.143124	-0.014281	0.030938	0.009648	0.136207	-0.054074	-0.029949	-0.043622	-0.053278	0.071824	0.005521	-0.042841	-0.039574	-0.002735	0.035494	0.022154	-0.066129	0.027888	0.009862	-0.048395	0.064239	0.048165	0.025196	0.042869	0.023856	0.020565	0.003267	-0.011198	0.003781	-0.029586	-0.009014	-0.044114	-0.023446	-0.008360	0.004874	-0.025204	0.021414
0.886025	0.259374	0.022551	-0.045515	0.139839	0.078700	-0.092166	0.193761	0.057465	-0.009881	0.060946	0.076536	0.105684	-0.002990	0.032425	-0.034036	-0.072677	-0.012887	-0.007902	-0.027492	0.052968	0.003913	0.005871	-0.087385	0.029047	0.035438	0.061313	0.014666	0.016551	-0.062744	0.002412	-0.009703	-0.014435	-0.008189	0.006489	-0.026365	0.021849	0.000332	0.033926	-0.050653	-0.019495	-0.027914	-0.015791	-0.035269	0.028584	-0.001556	-0.020831	-0.052485	-0.084507	0.028403
0.973827	0.061395	0.021874	-0.000253	0.050680	-0.007494	-0.078843	0.039374	0.071233	0.072098	0.019826	0.060212	0.011285	0.068861	0.028267	0.038881	-0.004700	-0.033236	0.005453	0.007512	-0.021095	0.039168	0.020258	-0.034353	0.043651	0.010647	-0.011616	-0.004100	0.001157	0.037463	0.038816	-0.007932	0.003458	-0.019863	0.003912	-0.015561	0.046543	0.001190	-0.002011	-0.005704	0.003458	0.004902	0.039278	-0.011370	-0.017049	0.013053	0.019748	-0.012045	-0.002535	0.006760
0.973251	0.119903	0.025054	-0.003696	0.013104	-0.134378	-0.004327	0.062707	-0.002735	0.039471	0.015311	0.016012	-0.015026	0.048424	0.001000	0.004460	-0.061705	-0.019160	0.018728	-0.013784	-0.003177	0.023636	0.009252	-0.017800	0.006194	0.013340	0.000105	0.039212	-0.001379	-0.004617	0.022940	-0.004649	0.010090	0.009863	0.011939	-0.007384	0.010049	-0.007500	-0.017564	-0.008463	0.018162	0.020805	0.005245	-0.015515	-0.017631	-0.005632	-0.004870	0.002419	-0.002000	0.024191
0.897310	0.247350	-0.008251	-0.041787	-0.143061	-0.156647	-0.057031	0.182287	-0.001560	0.037847	0.047199	0.014092	-0.023690	0.005288	0.041110	0.006434	-0.105365	0.016543	0.007203	-0.010001	0.051531	0.064717	-0.023829	-0.008992	0.050518	0.094156	0.031923	-0.011976	0.040694	0.002743	-0.013325	-0.009180	-0.018009	-0.016310	-0.045497	0.059179	-0.022847	0.019598	0.009371	-0.013377	-0.013748	-0.037851	-0.014575	0.003560	0.006839	-0.032411	-0.012015	0.009689	0.000634	0.011311
0.985096	-0.054119	-0.016051	0.096636	-0.029551	-0.032537	-0.054793	0.007319	0.008718	-0.012526	-0.048553	0.053191	0.010146	0.039310	-0.019323	0.012439	-0.006295	-0.005107	-0.002032	-0.014592	-0.013955	-0.006779	0.010635	-0.007558	0.006238	0.004973	0.023267	0.014394	0.004742	-0.015460	0.010563	-0.010181	0.004558	-0.003291	0.003914	-0.012057	0.008459	0.005765	-0.006742	-0.020651	0.021549	-0.012960	0.015233	-0.006175	0.022283	-0.000571	-0.017073	0.002399	-0.001159	-0.005292
0.979627	0.062041	0.074699	0.026247	0.045274	0.021220	0.017650	-0.034832	0.039548	-0.081721	-0.016996	0.024662	0.006566	0.027729	-0.066546	0.000307	-0.003425	0.008083	0.001436	-0.023223	-0.011923	0.014514	0.047890	-0.024172	0.007835	0.019426	0.007412	0.018682	0.015195	-0.031923	-0.011714	-0.003508	-0.024116	0.015156	0.026930	0.016283	-0.010062	0.009432	0.016299	-0.030456	0.015716	-0.009357	0.007503	-0.009736	0.011891	-0.028988	0.003871	-0.026049	-0.019027	0.002865
0.975104	-0.072696	0.071517	0.019156	-0.072022	0.013486	-0.065322	-0.048593	0.062030	-0.077410	-0.034722	-0.038065	-0.036268	-0.009127	-0.013087	0.047489	0.011496	0.002716	0.055263	-0.024915	-0.002837	-0.012931	0.020383	0.048366	0.020291	-0.014072	0.003618	-0.002375	-0.019326	0.005502	0.012017	-0.012865	0.001920	0.007498	-0.000256	0.006310	0.006087	-0.013147	0.015880	-0.005704	0.002471	-0.018491	-0.011964	0.010504	-0.016475	0.014525	-0.003246	0.011079	0.003143	0.013457
0.974135	0.029523	0.018174	0.025705	-0.106305	-0.032371	-0.087796	-0.005198	0.034098	-0.102948	0.031305	-0.009088	-0.021465	-0.039480	-0.015726	0.027612	-0.006564	0.050520	0.029223	-0.033443	0.032071	-0.033155	0.017006	0.045490	0.015107	-0.006812	0.000176	0.000654	-0.009615	-0.010983	-0.001690	0.009298	0.017220	-0.011954	0.017785	-0.009563	0.040936	-0.007078	-0.001070	0.022032	0.001777	-0.003479	-0.007459	0.012140	-0.003657	-0.005131	0.012098	-0.006043	-0.009429	0.006357
0.963192	-0.057679	0.064713	-0.004214	0.106463	-0.000953	0.102631	0.060727	-0.026769	-0.062008	0.027264	0.001162	0.002756	0.019251	-0.061023	-0.002151	-0.043255	0.016717	-0.025793	-0.051877	-0.009653	-0.013371	0.066084	-0.020802	0.010643	0.022097	-0.038833	-0.047713	-0.033549	-0.000939	0.010165	0.000976	0.043135	0.026722	0.065752	0.001171	0.041394	0.018114	0.002018	0.015673	-0.028405	-0.018024	-0.005948	-0.013149	0.015668	-0.047579	0.013762	0.009611	-0.013381	0.007912
0.975019	-0.061593	0.054084	-0.032626	-0.021752	-0.023735	-0.064090	0.009305	0.057886	-0.045403	0.033563	-0.054572	-0.051572	0.010690	-0.056699	-0.000077	-0.043910	0.046603	-0.026445	-0.059129	-0.013676	-0.011549	0.030589	-0.011996	-0.021778	0.010674	0.002997	-0.013484	-0.039015	0.016247	0.009863	0.020771	0.000865	0.063500	0.020379	0.012885	0.011590	-0.009757	-0.030695	-0.000733	0.012758	-0.004165	0.002654	-0.018892	-0.009687	-0.024617	0.017619	-0.009109	0.008335	0.023138
0.972969	-0.005973	-0.089242	0.012905	-0.003060	-0.000605	-0.000917	0.058910	0.041991	0.014909	0.033563	-0.079085	0.038884	-0.000794	-0.088020	0.015096	-0.038322	-0.009460	-0.008092	-0.025738	0.049560	-0.022741	-0.029941	-0.011289	-0.000917	-0.005870	0.030781	0.044406	-0.032229	-0.021385	0.053218	-0.048181	0.002118	0.038043	0.009209	-0.027283	0.005116	0.013175	0.019992	0.010282	-0.003303	-0.016527	0.000940	-0.021164	0.023231	-0.036989	0.003937	0.032834	0.008761	0.012035
0.974253	-0.050728	0.038945	-0.014815	-0.036490	-0.051309	-0.050557	-0.000714	-0.045173	-0.066413	0.050209	-0.003241	-0.040397	0.043455	-0.035714	0.080103	-0.062551	-0.051450	-0.009305	0.006196	0.008743	0.037205	-0.007860	-0.016632	-0.037543	0.020977	-0.048822	0.038914	0.001692	-0.020273	0.014595	0.011431	0.004754	0.029699	-0.023827	-0.025622	0.000310	-0.004719	0.008616	-0.004300	-0.033480	-0.010703	0.005243	-0.000480	-0.019462	-0.004463	-0.017245	0.000380	-0.023384	-0.008149
0.913845	-0.217137	-0.041060	0.120122	0.052383	-0.133470	0.022698	-0.031960	0.016542	-0.011840	-0.037506	-0.037364	-0.064661	-0.072135	-0.121071	0.052704	0.082012	0.078363	0.028294	0.014996	0.017030	-0.013227	-0.096035	-0.032039	-0.012068	0.038105	0.018245	0.022947	0.011173	-0.028462	0.010998	0.073187	0.038468	-0.023595	0.000059	0.005120	-0.057713	-0.001588	-0.035219	0.000276	0.047616	0.018022	0.021010	-0.045874	0.051021	0.027099	-0.005338	-0.020969	0.001235	0.020827
0.936581	-0.020305	0.144403	0.131216	-0.085817	0.086210	-0.049752	0.115358	-0.026513	-0.084166	-0.008609	-0.068764	0.088054	-0.004325	-0.035989	0.001939	0.016956	0.035045	-0.007382	0.018320	0.084018	-0.034170	0.012976	0.035272	0.047061	-0.049718	0.053651	0.018418	0.006679	0.012976	0.018725	-0.061608	-0.007571	0.023542	0.009268	0.016726	0.014212	0.019341	0.001679	0.028712	-0.022933	-0.021491	0.012546	-0.015239	0.016670	-0.022678	-0.015302	-0.008036	-0.058483	0.003974
0.934329	-0.088456	0.086606	0.158873	-0.018043	-0.054677	0.026417	0.074129	0.022452	-0.006335	0.014968	-0.072180	-0.039997	-0.042417	-0.103193	0.053154	-0.060889	0.048525	0.004608	0.044615	-0.030833	0.023355	0.058349	-0.042078	0.038933	0.016468	0.028028	0.034807	-0.049269	-0.063764	0.017218	0.087359	0.003292	0.067002	0.018988	0.063942	-0.016969	-0.044681	0.011167	0.013538	-0.010552	0.006404	-0.015673	0.039558	-0.039154	-0.013282	0.048051	-0.035648	-0.027928	0.039741
0.934019	-0.100147	0.103224	0.025466	0.119791	-0.033948	0.110936	0.047938	0.010281	-0.013983	-0.043131	-0.052567	-0.018112	-0.012051	-0.139551	0.057246	-0.017856	0.026053	-0.050457	-0.067887	0.005103	0.017761	0.079475	-0.009997	0.038790	0.025228	0.010658	-0.050003	-0.044697	-0.042642	0.000108	0.053863	0.037682	0.035503	0.052568	0.038797	-0.005668	0.014422	-0.034346	0.015662	-0.009191	-0.015561	0.007281	-0.023735	-0.040578	-0.065056	0.041154	-0.054411	-0.000723	0.039319
0.964145	-0.016713	0.022818	0.072430	0.123521	-0.000234	-0.077150	0.003654	-0.013834	-0.068280	0.029381	0.025467	-0.081063	0.039601	-0.079386	-0.017936	-0.046802	-0.048313	-0.020887	0.005491	-0.014124	-0.009234	0.042978	-0.026704	0.026862	-0.018398	0.005517	0.026641	-0.016527	-0.023003	0.030691	0.025957	0.009472	0.032263	-0.004471	0.052732	0.000221	-0.026063	0.008349	-0.026939	0.007902	0.010628	0.006709	0.017631	-0.023270	0.011977	0.031321	-0.037634	-0.024786	0.018409
0.963437	0.095647	-0.085739	-0.090252	-0.043843	-0.042624	0.007054	0.031441	-0.133026	-0.014148	-0.029037	-0.036347	-0.037938	-0.023487	-0.026687	0.028410	-0.014450	0.014356	0.007633	-0.047365	0.055320	0.007101	0.020546	-0.049821	0.016753	0.019337	-0.037896	0.016588	0.045720	-0.007650	0.014343	-0.009142	0.004170	0.001849	-0.022697	0.003312	0.008060	-0.003154	-0.046374	-0.009904	0.003518	-0.013953	0.012469	-0.009669	0.016011	-0.018314	0.006907	-0.029872	0.007451	-0.018636
0.988641	-0.048811	0.064022	0.024704	-0.028625	-0.014065	-0.009320	0.027825	-0.035826	-0.046731	-0.025602	-0.025089	-0.004068	0.021503	-0.009285	0.034205	-0.024961	0.017570	0.007686	-0.016182	0.031311	0.006907	0.017729	0.015509	-0.015026	-0.013817	0.004817	-0.015364	0.021659	0.007631	-0.010810	-0.005648	0.000991	0.031966	0.004757	-0.023728	-0.003136	0.002497	0.004602	-0.003948	0.000433	-0.003841	0.017887	-0.009494	-0.012712	0.007989	0.012438	-0.000235	-0.011188	0.018772
0.963573	-0.034178	0.133981	0.019076	-0.040492	-0.080071	-0.055611	-0.001632	0.089093	-0.005289	-0.046448	-0.040408	-0.005765	-0.047469	-0.030772	-0.045599	0.011231	0.043903	-0.013531	-0.004156	-0.022908	0.009505	-0.034200	-0.001494	0.008218	-0.013450	0.020083	-0.029489	-0.018619	0.009325	-0.001439	-0.031152	0.024495	0.082077	0.004227	0.046231	-0.011636	-0.009161	-0.024750	0.019923	-0.029417	-0.038681	0.019095	0.005082	0.035059	-0.038035	0.023922	-0.002065	-0.005325	0.010339
0.977759	-0.091391	0.043417	0.097389	-0.024762	-0.008830	-0.024875	-0.064162	0.032231	-0.022402	0.002729	-0.014518	-0.036907	-0.007085	-0.014794	-0.057029	-0.041103	0.022792	-0.026363	-0.011500	-0.002659	-0.015707	-0.049345	0.034463	0.008540	-0.012586	0.015995	0.002195	-0.017766	-0.023565	-0.011250	0.011976	-0.002954	-0.002551	-0.007596	-0.033100	0.018902	0.015380	0.020054	0.007513	0.000624	-0.032301	0.008239	0.007258	0.000273	0.005399	0.012471	0.001812	0.000636	-0.008724
0.894486	-0.065693	0.126424	0.144863	-0.066862	-0.035585	-0.116267	-0.109934	-0.050320	-0.096996	-0.019963	0.152443	0.089076	0.158587	-0.062853	0.059573	-0.097790	0.087484	-0.024020	-0.019178	-0.075350	0.008188	-0.099485	0.079533	0.002903	-0.010358	-0.003732	-0.000509	0.012563	-0.033089	0.001097	0.004250	0.017028	-0.018347	-0.006849	-0.040305	0.020975	-0.008599	0.023602	-0.047739	0.030985	-0.012118	0.017401	-0.010776	-0.019616	-0.005896	-0.015210	-0.039669	-0.013369	0.001440
0.965054	-0.037791	0.059969	0.056463	0.117911	0.120185	0.006852	-0.063088	-0.052928	0.019425	-0.037268	-0.029084	-0.027088	-0.050620	0.032777	0.011752	-0.015140	0.015249	-0.051534	-0.016145	0.052391	-0.027511	-0.025324	-0.019992	-0.019917	0.024252	0.001437	-0.020959	-0.007878	-0.041442	0.041303	-0.007370	-0.023839	0.030018	0.014416	0.001829	-0.006571	-0.018489	0.012288	0.009176	0.023507	-0.019755	-0.018921	0.001757	-0.017150	0.008864	0.000497	-0.032051	-0.007403	-0.014646
0.969317	0.080915	0.057841	-0.021564	0.046536	0.019561	-0.103562	-0.038467	0.054717	-0.052607	-0.029331	-0.013678	0.028744	-0.032889	-0.063213	0.051369	-0.009932	0.023826	-0.017471	-0.036615	0.047887	0.040460	-0.015225	-0.011582	0.024452	-0.014114	-0.003202	-0.048255	-0.022909	-0.005907	-0.002423	0.016579	0.014041	0.026831	0.015353	-0.022190	-0.014295	0.034868	-0.020829	0.019707	0.004238	-0.016048	0.015872	-0.026924	-0.034672	-0.020821	0.020492	-0.001975	-0.041537	0.021277
0.974844	0.062674	0.069588	0.022303	0.009338	0.039145	0.003404	-0.067228	-0.001658	-0.046723	0.055814	-0.021815	0.004636	0.011823	0.001829	-0.076068	0.004297	0.049916	-0.010075	-0.034352	-0.017098	-0.001070	-0.031121	0.020128	0.010134	-0.035920	-0.002059	-0.061838	-0.033953	0.039253	0.024321	0.038769	-0.011657	0.004705	-0.011794	-0.026091	0.031251	-0.009899	0.004924	0.017243	-0.027269	0.001979	0.038408	0.000597	-0.000387	-0.004415	0.040013	0.019303	-0.017175	0.013358
0.976741	-0.028819	0.048784	-0.061203	-0.061808	0.057339	0.077965	-0.016120	0.035056	-0.017231	0.035876	-0.012331	-0.035014	-0.001136	0.037791	-0.013447	0.009239	0.003896	0.024011	-0.006849	-0.034040	-0.000093	-0.040507	0.067739	0.004221	0.022213	0.014682	-0.056656	-0.038405	-0.022420	0.012398	-0.001879	-0.004648	-0.008624	-0.016488	-0.051832	-0.015978	-0.025422	-0.012125	0.009355	-0.018313	-0.005181	0.019016	0.009931	0.010895	0.010030	0.016448	-0.005016	-0.006930	-0.003772
0.971756	-0.055696	0.101955	-0.015184	-0.031179	0.046687	-0.035535	0.041196	0.013621	-0.028230	-0.020688	-0.026790	-0.032145	0.036181	0.010894	-0.106851	-0.004881	-0.042796	0.003701	0.003493	-0.047447	0.047033	0.020874	0.048694	0.007687	-0.011006	0.020619	-0.006637	-0.020373	-0.034707	0.049632	0.019853	0.003568	-0.014368	-0.028461	0.012618	-0.000564	-0.017954	-0.013135	0.022577	0.005599	0.022063	0.005509	-0.014460	-0.015316	-0.006181	0.026377	-0.040187	0.001706	0.005452
0.926053	0.010532	0.073467	-0.092389	-0.061207	0.000514	0.043487	0.008364	-0.167303	0.028016	0.026252	-0.021828	0.016343	0.008954	0.007995	-0.066646	-0.050054	-0.026874	-0.016292	-0.005998	-0.028696	-0.065589	0.021684	-0.051781	0.005376	0.057515	0.011680	-0.075636	-0.083290	-0.002294	0.092095	-0.054238	0.042632	-0.018999	-0.077748	-0.054684	0.034962	-0.049984	-0.031843	-0.088428	-0.116306	0.012153	0.023166	-0.076710	-0.000476	-0.000881	0.044671	0.009552	-0.041220	0.029398
0.976237	-0.036292	0.051287	-0.048021	0.029736	0.049715	-0.021636	-0.044162	-0.050119	0.049071	0.065055	-0.009024	-0.055956	-0.009727	0.006628	0.045772	-0.051026	-0.033379	0.026046	-0.011792	-0.015773	0.039713	-0.056506	-0.032247	0.024311	0.039920	-0.025084	0.011598	-0.002983	0.005050	0.042187	-0.020770	-0.010774	0.010241	0.027988	0.015972	-0.023416	0.031495	0.000290	-0.001131	0.023017	0.010468	0.005734	0.001457	-0.007332	0.018100	0.004351	0.022533	0.012535	0.002720
0.963297	0.152429	0.004243	0.046936	0.010890	0.041209	-0.084805	0.036967	0.042889	0.022762	-0.017240	-0.038883	-0.048960	-0.019449	0.011415	-0.028499	-0.042904	0.037159	-0.008098	0.005688	0.025996	-0.055240	0.028530	-0.039071	-0.006697	0.046150	-0.023135	-0.005025	-0.050097	-0.038126	0.021770	0.012993	0.055028	0.022516	0.033693	0.007771	-0.019658	0.038061	0.007052	0.007685	0.047381	0.016124	-0.019321	0.004841	-0.034432	-0.014185	-0.007412	0.018845	-0.014317	0.006130
0.923543	0.060335	-0.150793	-0.013392	-0.140947	-0.007302	0.023218	0.067647	-0.102879	0.083109	-0.016036	0.060209	-0.034462	-0.005412	-0.018042	-0.014394	0.020355	0.080725	-0.136253	-0.065219	-0.007054	-0.029606	-0.090776	-0.016192	0.016690	0.065335	0.017462	-0.052111	-0.050626	-0.019360	-0.028465	0.039755	0.040287	0.017975	-0.015034	-0.012000	0.011347	-0.021513	-0.071305	-0.021259	-0.052960	-0.010755	-0.043323	-0.002627	0.050596	-0.030384	0.024217	-0.028940	-0.004766	-0.045839
0.932724	-0.108402	-0.018620	-0.009973	0.107504	-0.148834	0.059630	-0.045755	-0.058481	0.064513	0.007092	0.040323	-0.012285	0.015719	-0.076394	-0.065133	-0.049483	0.010300	-0.021093	-0.004094	-0.063834	-0.011520	0.088118	-0.050243	0.017269	-0.004783	0.062799	-0.059681	-0.039122	0.069048	-0.022315	0.092668	0.001059	0.048035	0.018646	-0.035151	-0.015810	-0.003372	-0.006811	0.008513	-0.050708	0.024653	-0.011906	-0.011213	0.020102	-0.017970	-0.018499	0.079386	-0.036841	0.039574
0.957008	-0.111654	0.015723	0.034455	0.128445	0.073003	-0.057004	0.044112	0.117606	-0.000271	-0.004556	-0.021246	-0.047189	-0.040117	0.003521	-0.010567	-0.011132	-0.057625	0.048310	0.000587	-0.003435	0.022904	-0.033995	-0.022309	-0.022450	-0.021265	-0.001359	-0.031831	0.050042	0.001249	-0.009571	-0.029350	-0.031355	0.006606	-0.014231	-0.006807	0.008574	0.037749	-0.038392	0.009163	0.018085	-0.001381	0.000694	-0.045228	0.017439	-0.028835	0.060051	0.009148	-0.004088	0.000459
0.947550	-0.042731	0.028577	-0.039179	-0.009350	0.018114	0.084015	0.115187	-0.130851	-0.080214	0.043177	-0.056648	0.091692	0.054154	-0.021695	-0.027454	-0.033317	-0.022152	0.021999	-0.057006	0.045368	-0.036469	-0.004461	0.041538	-0.010215	-0.018938	0.045006	0.012412	0.002512	0.058900	-0.009258	-0.047420	0.011267	-0.027368	0.012129	0.037507	-0.044153	0.005095	0.046336	0.011468	-0.022872	0.030319	-0.013463	-0.071713	-0.002336	-0.000457	-0.049191	-0.022141	-0.023769	0.013584
0.894894	0.257544	-0.118030	-0.059940	0.003241	-0.067842	0.011015	-0.114501	-0.030950	-0.147363	0.075455	0.052012	0.060987	-0.128629	-0.028444	-0.057834	0.091976	0.028856	0.069781	-0.020210	0.027883	-0.003818	0.003030	0.036354	0.045875	0.033757	0.010473	0.006087	-0.035726	-0.035904	0.027342	0.020629	0.000048	-0.003239	0.002768	-0.038332	-0.052573	0.010693	-0.024964	0.038880	-0.001800	-0.033296	-0.007923	-0.013612	-0.082134	-0.043181	-0.015790	-0.035856	-0.003859	0.011482
0.944809	0.065677	-0.004366	-0.101037	0.121914	0.089437	0.003965	0.101103	-0.056991	-0.068788	0.040239	-0.001899	-0.030813	0.031155	-0.017665	-0.019898	-0.043912	-0.005301	0.058278	-0.035160	-0.048423	-0.005392	-0.024779	0.052258	-0.024405	-0.011769	0.048300	0.020138	-0.050528	0.004717	0.024535	-0.069189	-0.004014	-0.054755	-0.050477	-0.006789	0.007925	0.036130	0.010613	-0.054164	-0.008051	-0.008971	-0.033639	-0.036403	0.006232	-0.013228	-0.036565	0.023287	0.021864	0.092322
0.835577	0.038719	0.088055	0.146252	0.019714	-0.106049	0.009691	0.240556	-0.007641	-0.037490	-0.124411	0.083264	0.089595	-0.108246	-0.024820	-0.043648	0.018783	-0.025063	-0.026464	0.082113	-0.051557	0.039191	0.004882	0.151751	-0.133682	0.035973	0.027169	-0.152639	-0.042411	-0.034024	0.100090	-0.122088	0.011742	-0.077333	-0.095500	0.107288	-0.034132	0.018079	0.053282	-0.021770	0.064762	0.011217	-0.004846	-0.039695	0.036466	-0.022178	0.040799	0.015800	0.037728	-0.077764
0.924663	0.087425	0.131848	0.023431	0.022933	-0.104964	0.010075	0.080853	-0.036586	-0.103627	-0.028065	0.075047	0.039418	0.161154	-0.012585	-0.014962	0.011922	-0.001310	-0.036117	-0.052951	-0.081955	0.047954	-0.002818	0.115077	0.032686	0.002849	0.016297	-0.013479	-0.032185	-0.032843	-0.006134	0.050522	0.021878	0.013874	0.018878	-0.018121	-0.018318	-0.027041	0.036398	0.007227	0.036458	-0.086151	-0.001420	0.057685	-0.071206	-0.004671	-0.016959	0.021591	0.012288	-0.014555
0.838152	-0.051350	0.245120	-0.023242	0.028531	0.004118	0.192804	0.181400	-0.158307	-0.090177	0.029481	-0.060240	-0.038839	0.013981	0.051448	-0.094167	0.006253	0.069443	0.000337	0.047645	0.010290	0.059982	-0.088785	-0.055328	0.008009	-0.013333	-0.070259	-0.098644	-0.009760	0.083647	0.066959	0.051934	-0.084772	-0.015718	0.078185	-0.082402	-0.056401	0.071787	0.001683	0.005647	0.065710	-0.041715	0.090932	0.029300	-0.088970	-0.045952	-0.016687	0.039780	0.069694	0.028704
0.903591	0.060175	0.020146	-0.090211	-0.055163	0.124559	-0.110970	-0.008441	-0.178125	0.174677	-0.016274	-0.032634	0.051886	-0.102242	0.075339	-0.067374	-0.045710	0.042602	-0.048892	-0.039387	0.089485	-0.014795	-0.087109	-0.070651	0.023893	0.005023	0.004765	0.005272	0.002830	-0.107891	-0.013205	0.032882	-0.044163	-0.021194	0.058705	-0.051542	-0.030356	-0.012206	-0.003742	0.013647	0.003279	-0.003141	-0.021096	-0.003291	-0.011721	-0.003801	0.011574	-0.006517	-0.017012	-0.020339
0.873097	0.202688	0.100857	0.115859	0.102150	-0.111288	-0.022738	-0.154892	0.007434	0.117192	0.005150	-0.012354	0.086160	0.029570	-0.040449	-0.054447	0.060969	0.041043	-0.034075	-0.055568	-0.069841	0.012555	-0.037159	-0.016251	0.073705	-0.074597	-0.114107	-0.057778	-0.001463	0.005204	0.022927	-0.003848	-0.040052	0.003648	-0.138309	-0.054332	-0.033580	-0.109617	0.038879	-0.054416	-0.052164	0.010610	-0.029110	0.014536	-0.065922	-0.024478	-0.024592	0.023309	0.031225	-0.047923
0.939734	0.055516	0.081929	-0.002225	0.117633	-0.069616	-0.121857	-0.102086	0.017520	0.029322	-0.047909	0.011746	-0.025589	0.000061	-0.027302	0.041719	-0.016734	-0.052100	0.011573	0.011275	-0.048270	-0.000036	0.027340	0.009861	0.047569	-0.011124	-0.043330	-0.008426	0.039154	-0.008025	0.010685	-0.060793	0.012153	0.040003	-0.017517	0.032643	-0.013316	-0.040694	0.045103	-0.063794	0.108876	-0.007246	0.086853	-0.022940	0.022545	0.078451	-0.026146	-0.018117	0.021391	0.032672
0.981213	-0.083246	0.037096	-0.038059	0.018568	-0.028397	0.083053	-0.056614	0.007262	-0.056854	0.041526	0.046138	-0.007768	0.022978	0.018636	0.001700	-0.021729	-0.046543	0.014919	0.003115	0.027278	-0.015276	0.003243	-0.007008	-0.001635	-0.010995	-0.006888	0.012670	-0.010878	-0.021524	0.006874	0.006679	-0.013148	0.005103	-0.006315	-0.012634	0.020475	0.015271	-0.005881	0.015196	0.016901	-0.010156	0.017462	0.012890	-0.023861	-0.003220	0.007192	0.013368	-0.014066	0.006246
0.955865	-0.119434	0.122245	-0.112369	-0.003533	-0.068487	0.039454	-0.098274	-0.059203	-0.033015	0.046310	0.007366	0.029681	0.024713	0.006604	0.012461	-0.001923	-0.032966	0.076384	0.006381	-0.036527	0.009962	-0.014415	0.004303	-0.037202	0.030435	0.006635	-0.007949	-0.015261	0.001536	-0.002052	-0.030586	-0.017962	0.009530	0.060509	0.002599	0.033619	0.014694	0.002750	-0.011724	-0.015403	0.008692	0.023522	-0.002422	-0.022289	0.002189	-0.013774	-0.019704	-0.012029	-0.014079
0.966714	-0.032613	0.159466	-0.061223	-0.012166	-0.087334	0.006393	-0.059242	0.048981	-0.039832	-0.002390	-0.060119	-0.049291	-0.017842	0.003367	-0.016637	-0.001906	-0.014100	0.059282	-0.000186	-0.008964	0.007594	0.018072	-0.008093	0.005738	0.010747	0.001766	-0.002913	0.029023	-0.002868	0.008090	-0.009890	0.002504	0.012700	-0.017355	-0.015724	0.045371	-0.003389	-0.012517	0.022829	0.001031	0.017503	0.016113	0.018833	-0.025790	-0.031415	0.016180	-0.019923	-0.024136	0.023562
0.955016	-0.055284	0.112641	-0.037906	0.086666	-0.072133	0.123185	0.058234	0.059298	0.046030	0.028842	-0.015794	-0.030839	0.026388	0.015413	-0.005652	-0.059792	-0.026852	0.004153	0.060364	0.065190	0.025973	0.009024	-0.015145	0.030355	-0.019609	0.030795	-0.005627	0.002459	0.002581	-0.006753	0.007044	-0.052297	0.004826	0.037136	-0.037824	-0.029953	0.012398	0.020193	0.014866	-0.005460	-0.017534	0.007856	-0.027871	-0.042718	-0.038607	0.014754	0.006227	0.035750	-0.044622
0.959265	-0.137177	0.098555	-0.120541	0.100533	0.060825	-0.003593	-0.010806	0.009800	0.000606	-0.009852	0.010874	-0.057713	-0.018691	0.035299	-0.057202	0.005219	0.015020	0.004836	0.000257	-0.050273	0.033674	0.025476	-0.011169	0.036782	0.001025	0.000643	0.049792	-0.025814	-0.023000	0.021673	-0.008799	-0.006883	-0.021413	-0.007452	0.008636	0.033998	0.020005	-0.008549	0.010352	0.003342	-0.008725	-0.015550	0.008831	0.013235	-0.010707	-0.013932	-0.026599	-0.003677	0.005709
0.972263	0.040901	-0.019678	0.002125	-0.030136	0.055133	0.117276	-0.014987	-0.045983	0.002413	-0.032854	0.002816	-0.074682	-0.004112	-0.030608	-0.055425	-0.028359	0.067910	0.009840	-0.036073	-0.040872	0.018747	-0.034807	-0.008301	0.040571	0.006780	-0.041621	0.007440	-0.000880	-0.050958	-0.002476	0.005765	0.012359	0.016135	0.006900	0.004615	0.004744	0.014063	0.011782	-0.026494	-0.018537	-0.010699	-0.046199	-0.013395	-0.007960	-0.023771	0.010970	-0.013339	-0.015629	-0.013589
0.947974	-0.131220	0.091773	0.040876	0.061869	0.001249	0.164314	-0.049391	-0.090817	-0.072036	0.016225	0.043425	-0.004622	0.007731	0.000020	-0.033384	0.034304	-0.000538	-0.001419	0.002618	-0.068834	0.046330	-0.017625	-0.002931	0.046437	0.028870	-0.026725	0.045613	-0.008403	-0.001954	0.037066	-0.002141	0.006323	0.048397	-0.008184	-0.027027	-0.000136	0.012433	0.018242	-0.028841	-0.018774	-0.009940	-0.027927	0.005185	-0.016619	-0.010336	0.029734	-0.031429	-0.012155	0.014033
0.965810	-0.107382	0.067477	0.013095	0.057953	-0.023630	0.089725	-0.033543	-0.042660	-0.083251	-0.031916	0.025990	-0.076026	-0.041803	0.006164	-0.037559	-0.004194	-0.037407	0.016113	-0.008434	-0.020154	0.034753	-0.035960	-0.033117	0.037316	0.001353	-0.019593	0.040709	-0.044263	-0.000728	0.013587	0.005505	0.005303	-0.026704	-0.033588	0.000290	0.027227	-0.012817	-0.006397	-0.036574	-0.027132	-0.008968	-0.022895	-0.018079	0.013353	0.010157	-0.015537	-0.002752	-0.019908	0.018238
0.952317	-0.139647	0.064411	-0.066311	-0.007480	-0.003694	0.033913	-0.053223	0.059375	0.020608	-0.045639	-0.020914	-0.064725	-0.094759	0.057420	-0.061729	0.014492	0.094658	-0.001666	0.000064	0.014107	0.019080	-0.070141	0.042762	0.019027	0.020682	0.016938	0.015999	-0.036544	-0.041724	0.006315	0.031431	0.023133	-0.040844	-0.028177	-0.013519	-0.016638	-0.004514	0.053431	0.017389	-0.013749	0.020734	-0.014945	-0.008178	0.012514	0.005815	0.031615	-0.050773	0.031565	0.004261
0.940874	-0.070586	0.161861	-0.110283	-0.043515	0.105053	0.138220	0.003320	-0.033195	-0.034175	-0.031353	-0.063088	-0.010195	-0.011175	0.058716	-0.031361	-0.012751	0.008010	-0.012786	0.019018	-0.063821	0.055956	-0.033451	0.003194	0.068487	-0.002705	-0.023982	0.054997	0.010150	-0.012042	0.034282	-0.014694	-0.011073	-0.031857	-0.036333	-0.003017	-0.026777	0.015378	0.034495	-0.025812	0.012766	0.021030	-0.014190	-0.039040	-0.020781	-0.007735	0.010704	-0.007276	0.009950	-0.009304
0.948699	-0.086114	0.091893	-0.214496	0.065150	-0.003026	0.074133	-0.010099	-0.003098	-0.018376	0.011496	0.038000	-0.029308	0.059512	0.026303	-0.029612	-0.047447	0.024840	-0.012297	0.015918	-0.035328	0.041456	-0.016540	0.016912	0.032514	0.003099	0.003962	0.028058	-0.024535	-0.016474	0.003404	0.021336	-0.031761	-0.036702	-0.030836	0.007693	0.045752	-0.032238	-0.009077	-0.012166	-0.023189	-0.004887	-0.013258	-0.041476	-0.001569	-0.000535	-0.029028	0.004927	0.005163	0.016289
0.977395	0.137341	0.058197	0.032476	0.041318	0.000427	-0.003650	-0.074776	-0.047010	-0.035145	0.036022	-0.010860	-0.022659	-0.005688	-0.009522	0.015540	-0.016995	-0.031092	-0.019634	0.004834	0.035919	-0.033539	0.001683	0.009577	-0.006486	-0.005479	0.019916	-0.004912	-0.037746	0.005111	0.004650	0.001977	0.005199	0.012617	0.000196	-0.007435	-0.000485	-0.016608	-0.004306	0.011155	-0.011158	0.004687	0.013554	-0.026185	0.003816	-0.006442	-0.000833	-0.008134	-0.008286	-0.018251
0.953593	0.071991	0.086558	-0.007448	-0.042068	0.206593	-0.024675	-0.077831	-0.052580	-0.043316	0.076249	-0.003632	-0.013005	0.006914	-0.026200	0.040825	-0.008670	-0.032200	0.009975	0.050356	0.005357	-0.015542	0.005919	0.033664	0.029216	-0.017285	0.017730	0.022153	-0.036389	0.011350	0.036606	0.002114	-0.007037	0.020186	-0.014510	0.045178	0.006654	-0.005971	0.003116	0.010541	-0.013358	0.015640	0.003327	-0.004102	0.005620	-0.001667	0.004544	0.003967	0.008438	-0.018237
0.964710	0.084275	0.023819	0.047897	-0.052253	0.144362	0.009653	-0.014661	-0.080103	-0.060895	0.068776	-0.012310	-0.008034	-0.006854	-0.057403	-0.055299	-0.011338	-0.029190	-0.021893	0.000182	0.022815	-0.031614	-0.001846	-0.029496	-0.025366	-0.011224	0.035238	-0.016478	-0.015798	0.040432	-0.013153	0.017425	0.007530	-0.007832	-0.010773	0.012723	0.004028	-0.001133	0.005360	0.019405	-0.021290	-0.005311	-0.028392	0.005594	-0.004329	-0.004652	0.002555	-0.037207	-0.028059	-0.034171
0.940991	0.069098	-0.036840	0.097066	0.130353	0.133603	0.133128	-0.008996	0.072789	0.031923	-0.064680	0.011200	-0.062745	0.089831	-0.031278	-0.048388	0.003511	0.055552	-0.004879	-0.047556	-0.010533	-0.025462	-0.000930	-0.036542	0.001085	-0.038920	-0.020666	-0.015626	-0.021281	-0.048520	-0.013414	0.013960	0.034429	0.038441	0.004610	0.020020	-0.014337	0.041010	-0.015265	-0.019048	0.010517	0.003411	0.007746	0.013621	0.020863	-0.003437	0.011344	-0.002623	-0.016407	-0.027362
0.943573	0.123150	0.057456	0.024390	0.139099	0.047467	0.103961	-0.009562	0.020403	-0.052700	0.085332	0.006271	-0.062402	0.075929	-0.039386	0.022810	0.020413	0.004714	-0.019781	-0.014647	0.019416	-0.036148	-0.057897	-0.045862	-0.030430	-0.064401	0.007783	-0.003303	-0.039066	0.016391	-0.021693	-0.018455	0.012242	0.012883	-0.046309	0.009722	-0.030426	-0.008470	-0.048213	0.043557	-0.028095	0.037720	-0.009702	-0.025475	0.076845	0.036848	-0.001543	0.007168	0.022682	-0.036963
0.955531	0.106958	0.037452	0.057858	0.015845	0.062920	-0.076367	-0.042797	-0.108986	-0.016280	-0.028047	0.084433	0.044356	0.068337	-0.034072	-0.005850	-0.031908	0.042018	-0.060013	-0.003561	-0.032135	-0.002321	0.022305	-0.007132	-0.004405	0.054455	0.033703	-0.016420	-0.013421	-0.028336	-0.016307	-0.034822	0.040533	0.034388	0.009585	0.014015	-0.031485	-0.017283	-0.021544	-0.007482	-0.007544	-0.013629	-0.039514	-0.086472	-0.036742	0.009948	-0.013127	-0.008660	0.012234	-0.010927
0.956216	0.074108	0.096282	0.019686	0.039533	-0.006946	0.051652	-0.074242	-0.024612	0.082188	-0.115906	-0.014920	0.048385	0.102704	0.016266	-0.028301	-0.018059	0.023311	0.034104	-0.054607	0.020093	0.014203	-0.018409	-0.017297	0.011583	-0.032955	0.048568	-0.016677	-0.012046	0.000522	-0.009545	-0.038008	0.021159	0.022370	0.005297	-0.011730	-0.056756	0.018605	0.043671	0.020057	-0.009616	0.015540	0.013584	-0.020651	-0.027701	0.048442	-0.037174	0.020424	-0.025771	-0.020734
0.955445	0.142359	-0.015049	-0.010251	0.076374	0.070824	0.024954	0.025432	0.003601	0.006783	-0.000007	0.060464	0.055293	0.038460	-0.043797	0.019936	0.021803	-0.072791	-0.022962	0.007843	0.020176	-0.039114	-0.023979	-0.025509	-0.022298	0.012043	0.085561	0.005849	-0.082916	0.043861	0.005308	-0.037461	-0.002859	-0.008973	-0.003514	-0.005531	-0.056401	-0.000202	-0.013919	0.049731	-0.031176	0.005254	0.011407	-0.040980	-0.006096	-0.018941	0.031395	-0.073405	0.020380	-0.010748
0.964756	0.001707	0.107628	0.082587	0.060436	0.111430	-0.033572	0.049406	0.055710	0.007742	0.039052	0.004797	0.063560	0.011669	0.013396	-0.025982	-0.011570	-0.024546	-0.020373	-0.022854	-0.032116	-0.018151	-0.004311	-0.009723	-0.013324	0.027557	0.018066	0.014775	-0.031301	0.031094	0.034789	-0.002967	-0.008398	-0.017868	-0.001123	-0.057521	-0.026526	-0.049529	-0.050520	-0.010146	-0.025966	0.013735	-0.036644	-0.035475	-0.004254	0.015906	-0.005407	0.005040	0.010993	-0.015575
0.967221	-0.049580	0.113175	0.096171	-0.046820	-0.014965	0.002142	-0.077710	0.015425	-0.050859	-0.010848	-0.045297	-0.028231	-0.005769	-0.013311	-0.014909	-0.014442	-0.035525	0.061751	0.000282	-0.014866	-0.035394	0.017517	-0.013218	0.020820	-0.000187	-0.034157	-0.038300	-0.055236	0.052754	0.023769	-0.007471	-0.008288	0.012546	-0.032891	-0.016202	0.021721	-0.040866	-0.034333	-0.031792	-0.013520	-0.008702	0.011080	-0.010544	0.021644	-0.022510	0.021140	0.025957	-0.002268	-0.005367
0.970735	0.011428	-0.001153	-0.046488	-0.097409	-0.048163	0.037189	-0.004716	0.029520	-0.058556	-0.018802	0.117070	0.042022	0.047965	0.019527	-0.015663	-0.029475	-0.016825	-0.015793	-0.009618	-0.007418	-0.014403	0.055395	-0.027373	0.036552	0.016897	0.036081	-0.001691	-0.062061	0.003531	-0.018752	-0.002845	0.029308	0.029536	0.002435	-0.019174	0.011962	-0.021560	-0.025106	-0.013564	-0.011501	-0.000489	0.003100	-0.022881	0.017050	-0.004527	-0.024593	0.000546	-0.009598	-0.034477
0.937154	0.126162	0.148287	-0.046515	0.063865	-0.008580	-0.005206	0.006707	-0.036098	0.057201	0.018797	-0.018473	0.095223	-0.010878	0.032071	0.008020	-0.008657	0.038746	0.071757	-0.092727	-0.024474	-0.039286	-0.001826	-0.009826	-0.000019	0.061643	-0.008902	-0.022638	-0.086261	0.046057	-0.013625	0.005513	-0.026475	-0.007398	-0.068285	0.020888	0.007132	-0.073077	-0.042821	0.002551	-0.054622	-0.034157	-0.058745	-0.023750	0.047443	0.003702	-0.008920	-0.011824	0.036111	-0.071597
0.952332	0.082618	0.048788	-0.085381	-0.055109	-0.013637	-0.210658	0.050246	0.017972	-0.051160	-0.014395	-0.001801	-0.045329	-0.042802	0.029630	-0.007570	0.014465	-0.015994	-0.027846	-0.034777	-0.023857	0.001013	-0.011247	-0.043729	0.022941	-0.011265	0.014610	-0.013381	-0.033784	0.045665	-0.017910	-0.016079	0.017012	-0.004469	0.035974	-0.009550	0.027313	-0.015613	-0.028447	-0.022160	0.003397	0.013803	-0.019788	-0.035924	0.007450	0.028053	-0.015247	-0.008074	0.000790	0.039382
0.953361	0.035401	0.091482	-0.047050	-0.054049	0.042050	0.035075	-0.124967	0.030779	0.028097	0.052968	-0.038430	0.030362	0.012356	0.035909	-0.022381	0.067237	-0.006730	-0.058287	-0.023415	-0.030333	-0.023259	0.031019	-0.039352	-0.009190	0.114944	0.010128	-0.048194	-0.024241	0.013801	0.047476	0.010155	0.028399	0.014689	-0.023340	0.031923	-0.033091	-0.017882	-0.061772	-0.009943	-0.032750	-0.011025	-0.047359	-0.058515	0.014131	-0.019181	-0.003847	0.017537	-0.003505	-0.042739
0.914868	-0.053223	0.071886	-0.164355	0.073114	0.041163	-0.192241	-0.012899	0.079178	0.001420	-0.006702	0.077864	0.061268	0.001176	0.035324	-0.067563	-0.022026	0.008730	0.058269	0.036465	-0.028361	0.011735	0.129197	-0.028444	0.017815	-0.012364	0.026661	-0.050278	-0.026084	0.023458	0.067013	0.016841	0.009282	-0.014345	-0.051384	-0.018893	-0.017161	-0.117031	-0.029668	0.021966	-0.051313	0.058217	-0.039718	0.006777	-0.014683	0.004479	-0.015450	0.013865	0.033533	0.019268
0.957264	-0.026631	-0.052734	0.009782	0.123861	0.096857	0.063328	0.095373	-0.071172	-0.070811	0.010137	0.019153	-0.051311	0.009165	-0.017866	-0.058680	0.000048	0.046257	-0.006823	0.009249	-0.001633	0.005348	-0.018181	0.024893	0.015152	-0.047146	-0.014942	0.041038	0.022032	0.015748	0.020459	0.006004	-0.012735	-0.014933	-0.034603	0.040931	-0.004219	-0.000557	0.045987	-0.000248	-0.016530	-0.046054	-0.034105	0.005597	-0.064115	-0.003042	0.052574	0.007651	0.021844	-0.001654
0.967554	-0.124688	-0.018511	-0.061024	-0.013895	-0.040795	-0.058314	0.037728	-0.046151	-0.061349	-0.003158	-0.001395	-0.058165	-0.004396	-0.007718	-0.082981	0.014245	0.085487	-0.005059	0.040002	-0.023192	0.029511	-0.017426	0.015527	0.025115	-0.001415	0.012887	0.044027	-0.008709	0.024690	0.011851	0.012203	0.020536	0.003422	-0.040572	0.002165	0.000004	0.010053	0.033993	-0.003912	-0.021818	-0.026704	-0.015597	-0.006375	-0.002371	0.003648	0.024225	-0.018148	0.007704	-0.025809
0.941306	-0.149760	0.088841	-0.058219	-0.147186	0.088939	-0.033640	-0.077699	-0.022934	0.015259	0.060067	-0.053222	-0.011178	-0.059520	-0.039317	-0.037500	0.013710	0.038264	0.034578	0.005144	-0.055336	0.020808	-0.030067	0.001100	0.037014	-0.011181	-0.001163	-0.020566	-0.015888	-0.029045	0.047728	-0.033078	0.004393	0.028909	0.003655	0.018306	0.030626	0.020158	0.041255	0.019010	-0.028698	-0.040625	-0.035521	-0.034673	0.020237	-0.027417	0.049089	-0.014906	-0.030597	-0.041606
0.956578	0.041607	0.129915	0.022533	0.042705	-0.077030	-0.113088	0.049715	-0.005700	-0.002364	-0.051811	-0.045049	-0.084265	-0.056043	0.009145	-0.053932	-0.019008	0.005504	-0.009123	0.025557	0.005713	0.040662	-0.019052	-0.008223	0.057646	-0.001810	0.008721	0.020326	-0.009932	-0.005237	0.039177	-0.033970	-0.025003	-0.020128	-0.017500	-0.009800	-0.009280	0.009584	0.015495	-0.004691	-0.074726	-0.020791	-0.028686	-0.024539	-0.021132	-0.012500	0.035436	-0.020203	-0.028161	-0.050879
0.960098	-0.055220	0.131591	0.062280	0.089285	-0.003921	-0.047329	0.032347	0.025954	0.012833	-0.039784	0.026464	-0.009798	-0.084624	0.001050	-0.041146	0.040831	0.049687	0.014852	0.017506	-0.044886	0.068859	0.033199	-0.036722	0.061865	-0.022993	0.038181	0.067306	0.002127	-0.007024	0.023530	-0.006725	-0.000217	0.001409	0.009988	-0.002672	0.011564	-0.023853	0.050071	-0.004819	-0.020120	0.005627	0.029982	-0.004519	-0.009308	-0.004627	0.004973	-0.015974	-0.015766	-0.020515
0.971794	-0.126573	0.025040	-0.024493	0.034685	0.008702	0.025895	-0.072280	-0.054768	0.029135	0.009358	0.007667	-0.035045	0.008852	0.009657	-0.071430	0.013154	0.000217	-0.036640	0.000916	-0.041042	0.050509	-0.020981	-0.001738	0.014475	-0.011300	-0.017091	0.033000	-0.003448	-0.063461	0.055151	0.002750	-0.010270	0.000350	-0.002791	0.008376	0.016381	-0.007323	0.018968	-0.031679	-0.016048	-0.018781	-0.043249	-0.000912	0.017796	-0.016595	-0.008749	-0.005722	-0.020658	0.014764
0.961760	0.011437	0.040193	0.009605	0.064728	-0.038726	0.026844	-0.080200	0.001757	0.016467	-0.050013	-0.016299	-0.051109	0.002262	-0.027579	-0.084995	-0.003043	0.002135	-0.026846	0.037489	0.012783	0.035355	-0.053814	-0.047333	0.069790	-0.067114	-0.025947	0.020024	-0.011527	-0.073807	-0.025471	-0.053045	-0.014005	0.000849	0.010767	0.069380	-0.023315	0.010009	0.007692	-0.046504	-0.006323	-0.021415	-0.045013	-0.001121	-0.045071	-0.030534	0.006344	0.063461	-0.012404	0.028437
0.776747	-0.158785	-0.174610	-0.019244	0.052761	-0.084970	0.295080	0.167291	0.004626	0.073537	-0.128889	0.048272	-0.029474	-0.072736	0.085443	0.033911	0.039379	-0.074222	0.076377	-0.017957	-0.007267	0.155673	0.010429	0.042693	-0.022951	0.021038	-0.019516	0.054685	0.058904	0.149285	0.014041	0.030828	-0.098491	0.062257	-0.093028	0.022633	0.041995	-0.071978	-0.072098	-0.017682	0.093892	0.170309	-0.064386	-0.002173	-0.093528	-0.007455	0.077667	-0.113824	-0.016254	0.025424
0.956442	0.065596	-0.004950	-0.117731	0.024680	0.123954	-0.148765	-0.086204	-0.024682	-0.038809	0.030423	0.014240	0.026698	-0.007338	-0.014523	0.020945	-0.026939	0.031561	0.027410	-0.025006	-0.003369	-0.022103	-0.002129	-0.021393	0.030535	-0.004180	0.034890	0.015386	0.002439	0.008772	0.017338	-0.046542	0.019085	0.045989	-0.022035	-0.003934	0.043845	-0.004536	-0.006052	0.006358	-0.021071	-0.011901	-0.006075	-0.017860	-0.006558	-0.027237	-0.003577	-0.025893	0.000251	0.020258
0.969042	0.111272	-0.050311	-0.050905	0.029838	0.035430	-0.063658	-0.057645	-0.099051	-0.030475	-0.017242	0.008871	-0.009243	0.060708	-0.026299	0.040306	-0.009574	-0.027086	-0.003520	-0.045412	0.017970	-0.024265	-0.011407	-0.029707	0.023264	0.008434	0.035045	0.006915	0.012250	-0.000557	-0.007819	-0.026944	-0.005175	-0.007255	-0.016321	0.021774	0.010277	0.037204	-0.001869	0.002922	0.001138	-0.009235	-0.040603	-0.039787	0.001299	-0.041708	-0.022859	-0.012496	0.019188	0.025518
0.951624	0.013205	-0.151234	-0.020296	0.048333	0.128460	-0.082366	-0.108566	-0.047450	-0.039735	0.081303	-0.000395	0.039032	0.014841	-0.026853	-0.071922	-0.043665	-0.048322	-0.010591	-0.020794	0.036459	-0.010829	0.005663	-0.004052	0.024848	0.026649	0.019501	-0.006440	0.014626	0.015183	0.009672	0.019524	-0.000797	0.022197	0.005357	0.055605	-0.006464	0.015750	0.001790	-0.024706	0.007537	0.003578	0.036364	0.000398	-0.002117	-0.015280	0.009196	0.007407	-0.010561	0.010877
0.973239	-0.089242	-0.016381	0.042820	0.091347	-0.106902	0.033898	-0.028848	0.035949	-0.019315	0.043571	0.041035	0.026946	0.020254	0.021603	-0.020061	0.035722	0.015329	0.038017	-0.019924	0.005867	-0.008020	0.006584	-0.019119	-0.045470	-0.032244	-0.002095	0.030614	-0.029410	-0.007083	0.034255	0.026740	-0.022161	0.015259	-0.001956	0.005584	-0.011163	-0.000704	0.013765	0.004556	0.008237	-0.018745	-0.003562	-0.031193	0.003565	-0.012758	-0.003631	0.002650	0.015425	-0.009290
0.927253	-0.146770	-0.081085	0.084865	-0.075715	-0.111003	-0.028174	0.104118	-0.068217	-0.008157	0.027201	-0.048157	0.005347	0.117699	0.038998	0.010516	0.147132	-0.022981	-0.035274	-0.019634	0.073578	-0.065029	-0.048402	-0.040077	-0.032320	-0.025491	-0.013902	-0.015210	0.014732	-0.022746	-0.037638	0.030971	0.031644	-0.003781	-0.001025	-0.009722	-0.006846	-0.009301	-0.007878	0.015324	-0.019532	0.011245	-0.021717	0.004255	-0.042292	-0.025887	0.033826	-0.035082	0.043604	0.001839
0.946012	0.008425	-0.029128	-0.040044	0.154250	0.073927	-0.055758	-0.095697	0.044745	-0.012897	0.067088	0.028161	0.031446	-0.026043	0.007879	-0.062693	-0.036111	0.068843	-0.013808	0.013611	0.005909	-0.027854	0.013141	0.063948	-0.018471	0.062526	0.023862	-0.055150	-0.026059	-0.012038	0.103513	-0.022534	0.029644	0.002211	0.003944	0.027829	-0.023806	-0.016344	0.041229	-0.051673	0.040863	-0.002666	0.028132	-0.020300	0.030890	0.018367	0.028052	-0.018612	-0.038545	-0.053135
0.878716	-0.108931	0.100645	0.011800	-0.038687	-0.185129	-0.024186	-0.097843	0.053127	-0.038547	-0.018834	0.039233	0.074628	-0.087387	0.015960	-0.071444	0.036240	0.034556	0.006206	0.077400	0.031204	-0.045515	0.067311	0.044218	-0.064631	0.077010	0.050529	-0.178171	-0.027083	-0.005498	0.085802	-0.085821	0.128711	0.004527	0.041018	0.113495	-0.088783	-0.031191	0.081741	0.007858	0.029711	0.064929	-0.008065	0.014051	-0.002453	-0.053794	-0.003890	-0.032123	0.030912	0.007122
0.941298	-0.026703	-0.096600	-0.081327	0.065384	0.032856	-0.107159	-0.015191	0.078041	0.095367	0.028306	0.056802	-0.052287	0.021824	-0.101302	0.044071	-0.056186	0.055382	-0.102815	-0.007436	-0.085182	-0.067616	0.003523	-0.012717	0.023947	-0.014252	-0.057870	-0.037758	0.019013	-0.014728	-0.029631	-0.033094	0.003185	0.047762	-0.000480	-0.007559	-0.010900	0.013993	0.003849	0.024517	-0.004286	0.050015	0.007794	0.028979	0.000657	0.021617	0.007441	-0.008517	0.023049	-0.028670
0.969888	-0.030391	0.023287	0.015497	0.072857	0.048786	-0.072175	0.106614	0.005008	0.042640	-0.065948	0.042610	0.052292	-0.018378	-0.030640	-0.007948	-0.030477	0.012920	0.062127	0.001866	0.017221	-0.034269	-0.009592	-0.042473	0.024281	-0.042738	0.003797	0.001377	-0.008411	-0.017778	0.009066	0.010481	-0.008342	-0.012469	-0.052327	-0.001738	0.039427	0.014627	-0.034327	0.026577	-0.019292	0.011685	0.002351	-0.001000	0.036285	0.028732	-0.006617	0.009905	-0.005151	0.021983
0.976107	0.085853	0.066742	-0.004081	0.014086	-0.029328	0.066137	-0.017162	0.050210	0.030520	-0.063159	-0.062512	-0.032260	-0.007938	-0.043163	-0.035616	0.015165	0.024603	0.048363	-0.023290	-0.010639	-0.026072	-0.001277	-0.022768	-0.001468	0.004555	0.020795	-0.042505	0.011662	-0.015741	-0.011266	0.001062	0.001931	-0.024481	0.027516	-0.019517	0.010603	0.026879	-0.028272	-0.003953	-0.015458	-0.012911	-0.035580	0.006821	0.023753	0.019487	0.006373	-0.006192	0.010337	0.004283
0.939626	0.192799	0.091659	-0.092854	0.069847	-0.003502	0.071244	-0.063346	0.088547	0.014599	-0.124106	-0.023642	-0.040554	0.033737	-0.000115	-0.016362	0.047862	-0.024950	-0.009274	0.003656	-0.010379	0.003830	-0.015442	-0.023601	-0.010036	0.008594	-0.027142	0.047718	-0.006098	-0.015699	0.046192	0.036006	-0.001393	0.005487	0.015784	-0.005361	0.002553	0.047120	0.003908	-0.004718	-0.021227	-0.032349	-0.006873	-0.028063	0.038521	0.017830	-0.027164	0.008406	0.013876	0.057638
0.937934	0.005781	0.192273	-0.143642	0.020027	-0.103557	-0.063969	-0.122990	-0.048026	-0.015974	-0.026527	-0.020965	0.059300	-0.002556	0.046093	-0.053553	-0.051506	0.035947	0.006101	-0.019334	0.029222	-0.018780	-0.043200	0.007918	-0.013021	0.015700	-0.005590	0.037474	-0.011440	-0.020964	0.003664	-0.013668	-0.027930	-0.039398	-0.019643	-0.014457	0.024541	-0.003751	0.026202	-0.027256	0.034699	-0.025836	0.005206	-0.021563	0.009157	-0.020589	-0.010851	-0.016135	0.032954	0.025655
0.745037	-0.171232	-0.020253	-0.069098	0.108282	0.171206	0.198901	-0.037717	0.054904	0.266534	-0.012477	-0.102140	0.066524	-0.012802	0.066578	-0.046417	-0.066739	0.009691	-0.026693	0.011536	0.047719	-0.009508	-0.005915	-0.001428	-0.007433	-0.072901	0.087006	0.157431	0.105988	0.199436	-0.034270	-0.074040	0.103213	0.080038	-0.093648	0.024511	-0.074746	0.012345	-0.025855	-0.185208	-0.020984	0.055174	0.009900	0.011969	-0.020643	-0.056616	0.168849	0.056428	0.059000	0.140411
0.951241	-0.080615	0.092532	0.089538	-0.027272	0.019971	0.137280	-0.053018	-0.021198	0.046312	-0.088077	-0.004313	0.005779	-0.019711	-0.017268	0.003036	0.053422	-0.026622	-0.062476	-0.031108	-0.054937	0.061295	0.047865	0.053160	-0.032246	0.031752	-0.003337	-0.048645	0.007786	-0.043447	0.007909	0.008857	0.036393	-0.007875	0.011671	0.063498	-0.022927	-0.024081	0.000352	-0.015776	0.006749	0.014082	0.020816	-0.040853	-0.025265	-0.006418	-0.024759	0.001324	-0.004163	0.027483
0.986251	-0.013704	0.060060	-0.013341	-0.043083	-0.010638	-0.032736	0.043053	-0.048256	-0.011754	-0.038804	0.001758	0.044032	-0.022588	-0.015636	0.051077	0.023341	-0.023968	0.008962	-0.000640	0.017420	-0.009442	0.000475	0.010289	0.010890	-0.004734	-0.002645	0.024856	0.009413	0.035430	-0.001942	0.019295	-0.010108	-0.038075	0.005376	-0.005107	0.005759	-0.008312	-0.012605	-0.015966	-0.008899	-0.016948	-0.011659	-0.026957	0.006760	0.023767	0.007349	-0.022931	-0.013019	-0.016324
0.989467	-0.066552	0.018926	-0.096598	-0.028538	-0.016687	-0.003610	-0.000719	-0.010422	0.000747	-0.007323	0.015702	-0.008053	0.022398	-0.005121	0.033063	0.008364	-0.023312	-0.020894	0.011001	0.008598	0.004065	0.004264	-0.008330	0.000843	0.000669	0.005463	-0.004446	-0.001666	-0.015275	0.008061	0.002109	0.007941	0.010460	-0.004699	0.000706	0.010762	-0.007568	-0.000497	-0.008438	0.017884	0.010786	0.017756	0.009783	0.006542	-0.006612	-0.009175	0.021026	0.003698	-0.003990
0.982558	-0.112009	0.070488	-0.025721	-0.001700	-0.053021	0.012297	0.005117	-0.035718	-0.054198	0.002563	0.028055	0.020442	0.025566	-0.009884	0.043188	-0.001846	-0.032316	0.007615	-0.019796	0.017719	-0.001805	-0.000474	0.005448	0.002103	0.001290	0.019336	0.018809	-0.023754	-0.004918	0.012678	-0.004139	0.009453	-0.003156	0.009724	0.007545	-0.006430	0.006119	-0.012177	-0.000655	0.001870	-0.001991	0.015204	-0.018877	0.013705	-0.007991	-0.003929	0.005611	-0.001588	-0.025513
0.968991	-0.133541	-0.138894	-0.044019	0.040362	0.020390	0.003479	0.039322	-0.033143	-0.007422	0.019748	-0.015344	0.007251	0.039921	0.007354	0.026427	0.072331	-0.015000	-0.016405	-0.018971	0.056939	-0.026471	-0.014193	0.009235	-0.012285	0.005323	0.001680	-0.005992	0.006897	-0.013008	0.006342	0.024358	0.018245	-0.022580	-0.006998	-0.019805	0.015303	-0.001728	-0.006481	0.011232	0.015546	0.008746	-0.007074	-0.012447	-0.016852	0.000066	-0.001407	-0.016396	0.007839	-0.000929
0.990487	-0.031112	-0.035838	-0.040817	0.026940	0.030319	0.065499	0.000216	0.025197	0.022282	-0.025934	-0.002390	-0.009716	0.029789	0.004289	0.017469	-0.002603	-0.006717	0.010801	-0.028047	0.015898	-0.004612	0.011747	-0.013404	-0.003644	0.001613	-0.005943	-0.023681	0.015606	-0.011923	-0.007653	-0.003629	0.007404	0.013263	-0.002175	0.010099	0.018515	0.011595	-0.026986	0.000101	-0.001270	-0.001370	0.020700	-0.006304	-0.018079	-0.019927	0.020833	0.012539	-0.003782	0.002374
0.984498	0.067683	-0.035921	0.004253	-0.059947	0.021472	0.037351	-0.010383	0.004003	0.008177	0.024454	0.027494	0.007428	0.017996	-0.049599	-0.014201	0.017741	-0.023624	-0.012937	0.029438	-0.005257	0.009524	-0.000951	-0.028993	-0.022403	-0.017531	0.052684	0.005678	-0.002755	0.024898	-0.020133	-0.012858	0.026409	0.003043	-0.021848	-0.001937	-0.025410	-0.008123	-0.004953	0.019836	-0.017326	0.024969	0.031678	-0.013301	0.036659	0.031443	-0.012650	-0.013585	0.007168	-0.002596
0.978210	-0.031417	-0.088188	-0.095587	-0.067483	-0.031736	0.036256	0.056247	-0.008859	0.022573	-0.036617	-0.043840	0.014588	0.044001	-0.010576	0.006649	0.002834	-0.000449	0.019207	-0.022869	0.041328	-0.015823	0.013191	0.015618	-0.021308	-0.001840	-0.005183	-0.001716	0.002975	-0.000892	0.000895	-0.001397	0.007464	-0.020424	-0.022383	0.035194	0.009357	0.006858	-0.018792	-0.004212	0.010658	-0.023836	-0.009062	-0.024569	-0.017290	0.024124	0.007935	-0.013911	-0.003125	-0.000856
0.979608	-0.048170	-0.011448	-0.038224	-0.027447	0.086474	0.090168	-0.011880	0.053536	-0.030558	-0.021023	0.034386	-0.000439	0.000677	-0.002920	-0.031362	-0.005140	-0.034350	-0.017714	0.018795	0.043223	0.007908	-0.000928	-0.013968	-0.019887	-0.012525	0.015928	-0.010638	0.018322	-0.029704	0.008586	0.015910	-0.035401	-0.008617	-0.024423	0.024631	0.006908	0.001396	-0.018141	0.027450	-0.020388	0.032136	0.016440	-0.004221	-0.031312	-0.004485	0.013083	0.012352	-0.005647	-0.017775
0.969886	0.086187	-0.001264	-0.004388	-0.058987	0.023834	0.059011	-0.119078	-0.057869	-0.060009	0.071866	0.000742	0.013822	0.005203	-0.052203	-0.029357	0.036258	-0.034877	-0.021861	0.039255	0.015100	-0.016475	-0.016932	-0.020979	-0.013727	-0.002049	0.046737	-0.005482	-0.011486	0.027271	-0.025494	-0.030373	-0.013774	0.014091	-0.006789	0.011460	-0.002892	0.003077	0.001480	0.032990	0.007147	-0.000383	0.012045	-0.019489	-0.021062	-0.006657	0.002624	-0.020614	-0.017881	0.011014
0.943136	0.166461	-0.061226	0.087851	0.015673	0.077404	0.034083	-0.036649	-0.013943	0.002600	-0.055390	0.001123	-0.040239	0.017563	-0.076059	-0.045885	0.041586	-0.035407	0.007996	0.065433	0.014624	0.004868	0.013041	0.016372	-0.016175	-0.040075	0.006967	0.023856	-0.047266	-0.033807	-0.009051	0.041410	-0.038705	0.018781	-0.017479	0.128958	-0.018413	-0.014904	-0.042537	0.071169	-0.002350	0.031404	0.049639	-0.011325	-0.014598	0.038935	0.012406	0.002605	0.003153	0.046035
0.872859	0.218632	-0.177988	-0.061181	-0.016954	0.044986	-0.058129	0.013888	-0.015388	0.113813	0.007916	0.053638	-0.026644	-0.035686	-0.041148	0.021047	0.018885	0.016163	-0.014231	0.056873	0.020292	0.007940	-0.059650	0.035531	-0.062482	-0.144508	-0.006925	0.048924	-0.060728	-0.073664	-0.031391	0.092423	-0.044970	0.009384	-0.050985	0.191107	-0.020782	0.014637	-0.060115	0.101102	-0.027961	0.060229	0.028444	-0.022474	-0.041739	0.035889	0.016809	0.062909	-0.041947	0.055465
0.908778	0.156379	0.080658	-0.108516	-0.020806	-0.096182	-0.105030	-0.133110	-0.035396	0.073635	0.061824	-0.024572	-0.018948	0.061189	0.075550	0.022249	0.077170	0.005595	0.093851	-0.005794	-0.004870	-0.019025	0.112394	-0.057917	0.019832	0.030589	0.021208	0.004656	0.041032	-0.032450	-0.029185	0.037839	-0.046482	0.046977	0.003610	0.017486	0.013606	0.002416	0.088964	0.034095	-0.029414	0.009622	-0.040813	0.086191	-0.056648	0.035548	0.044518	0.022739	0.034923	0.036443
0.973047	-0.025080	-0.069175	-0.096959	-0.040323	0.042502	-0.029211	0.015271	-0.095718	-0.026983	0.000706	-0.070513	0.023622	0.004516	-0.017511	-0.007335	-0.002264	0.004941	0.030712	-0.004036	0.065576	0.036173	0.007157	0.000948	-0.036606	0.031250	-0.042565	-0.006035	-0.002435	-0.007578	-0.029530	-0.004445	0.006686	-0.026267	-0.021742	0.023380	0.020065	-0.014833	-0.023421	-0.001636	0.015231	0.038699	-0.001276	-0.000754	-0.022118	0.020218	0.009891	-0.023356	-0.007206	0.004523
0.975749	0.002736	0.000392	-0.129133	-0.096245	-0.046545	-0.049781	0.026067	0.052074	0.009381	-0.027560	-0.047170	0.015052	0.004113	-0.012950	0.000719	0.023880	0.012554	0.006434	-0.015001	0.046291	-0.002705	0.014387	0.022163	0.025418	-0.028931	-0.008299	0.006384	-0.022292	0.007339	-0.000246	0.014731	-0.007257	-0.024088	-0.033878	0.015138	-0.004537	-0.008185	-0.008699	-0.009020	-0.013816	-0.005808	-0.010966	0.009771	-0.008992	-0.001304	-0.009126	-0.030402	0.009504	-0.019232
0.964442	-0.119600	-0.067528	0.028596	0.000380	-0.053505	-0.104912	0.084960	-0.031649	-0.015318	-0.046134	-0.028548	-0.019483	0.010198	-0.034493	0.026043	0.050577	0.044715	-0.004799	-0.013279	0.040518	0.019395	-0.007211	0.037800	0.010587	-0.039452	0.009989	0.055016	0.021203	-0.023342	0.026430	0.023065	-0.046636	-0.029227	-0.003899	0.008803	-0.018412	0.008081	0.032610	-0.008902	-0.008694	0.029903	-0.001107	-0.014619	-0.030831	0.015243	-0.006232	0.013158	-0.004581	0.002343
0.959925	-0.016939	-0.033776	-0.108902	-0.198588	-0.013419	0.011356	0.013206	0.008370	0.000809	-0.030430	-0.057102	-0.033323	0.012850	-0.059712	0.031845	0.043205	0.033405	-0.005702	-0.031472	-0.020004	0.012274	0.014211	0.027036	0.020696	0.002975	-0.039446	0.002761	0.039600	0.007068	-0.013273	0.012645	-0.011284	-0.016680	-0.007595	0.022480	-0.020274	0.020673	0.003845	-0.001695	-0.011362	-0.018768	-0.022735	-0.017621	0.034166	-0.022333	-0.017108	-0.026185	-0.000180	-0.000648
0.957016	-0.172008	0.077976	-0.010482	0.005312	-0.052231	-0.064827	-0.072790	0.082753	-0.047471	0.042299	-0.024997	-0.005297	-0.006058	-0.067270	0.055604	0.012808	-0.026281	0.054942	0.004221	-0.005242	-0.014352	0.010376	-0.015617	0.049693	-0.024551	0.047142	0.052455	0.002563	0.021094	0.031710	0.009623	0.010759	-0.020198	0.001159	0.005197	0.002017	-0.010395	0.006649	-0.001117	-0.004081	-0.004158	0.003321	-0.020229	0.001929	0.008477	-0.008141	0.005970	0.036877	-0.010796
0.956070	-0.111694	0.016567	-0.082114	0.065187	-0.140229	-0.026219	-0.040819	-0.048391	0.098359	-0.004160	-0.024213	0.033188	0.012250	-0.083772	0.042997	-0.010560	0.035055	-0.031256	-0.055639	-0.032942	0.005257	-0.030887	-0.020363	0.002977	0.010528	0.028745	-0.006314	0.018945	-0.019753	-0.005591	-0.018806	0.023815	0.055038	0.042793	0.006347	-0.005030	0.006986	-0.004725	-0.006627	0.031761	0.001980	0.017522	-0.006295	-0.012344	0.002697	-0.008927	0.002583	-0.009377	0.010825
0.962549	-0.072406	0.134743	-0.114208	0.062911	-0.021141	-0.041777	0.054491	-0.027457	-0.047619	0.007435	0.002708	-0.042278	0.042941	0.012999	-0.048700	-0.027411	-0.024849	-0.020838	0.028307	-0.026467	0.044477	-0.006089	0.024032	-0.009977	-0.037551	-0.018288	-0.001039	0.008636	0.031174	0.015214	0.017773	-0.042554	-0.008780	0.040077	-0.001754	-0.002375	-0.005966	-0.006541	-0.005074	-0.025683	0.006695	0.031763	0.045122	0.031768	-0.009544	0.024979	0.008400	0.013627	-0.003043
0.984026	-0.006199	0.044052	-0.073494	0.021335	0.005991	-0.062599	-0.007081	-0.013650	-0.017006	0.073113	-0.004257	-0.012475	-0.001388	0.050921	-0.008747	0.027478	-0.066314	-0.001099	-0.012471	-0.001647	0.011159	0.000263	-0.012526	0.000340	-0.007816	-0.035214	0.017474	0.023260	-0.007835	-0.003737	0.009212	0.000160	0.009134	-0.004742	-0.008781	0.005990	-0.025618	-0.001258	-0.013291	-0.011518	-0.006831	0.015862	-0.017331	0.000741	0.004469	-0.007221	-0.018789	-0.029732	0.013809
0.973727	0.099797	0.042018	0.059959	0.014265	-0.001369	-0.012183	-0.028914	0.126725	0.012326	0.012372	-0.015554	-0.011640	0.023748	-0.046791	-0.039126	0.036763	-0.026955	-0.001823	0.028181	0.017930	0.006925	-0.001540	-0.039349	-0.023005	-0.020790	0.012244	-0.000060	0.041901	-0.001895	-0.023725	0.035388	-0.024263	0.004334	-0.001700	-0.030835	-0.014242	0.010263	-0.021561	-0.005649	-0.011135	0.021102	0.005737	0.009164	-0.011601	-0.003182	0.017060	-0.005899	-0.013586	-0.033626
0.986084	-0.044323	-0.007139	-0.029144	0.000974	-0.026716	-0.006940	0.091268	-0.059177	-0.019952	0.021905	-0.013368	0.021635	0.025903	-0.022681	0.033098	-0.003215	-0.019042	0.018190	0.004533	0.025686	-0.021304	0.024987	0.003051	0.001032	-0.003952	-0.015250	-0.012300	0.024670	0.005382	0.023609	-0.037633	0.016234	0.007578	-0.010522	-0.021529	0.005367	-0.017830	0.018035	-0.015782	0.021496	0.013316	0.009137	0.001119	-0.007051	0.007340	0.008290	-0.009516	0.008478	0.003772
0.965768	0.100761	-0.105044	-0.055834	-0.078992	0.021870	0.047446	-0.067597	0.000050	0.001180	0.056626	0.033472	0.061510	0.030153	-0.023179	-0.027496	0.060381	-0.044615	-0.002249	0.029309	0.003252	-0.025894	-0.010619	-0.046952	0.001517	-0.032329	0.027028	-0.028792	-0.015821	-0.005311	-0.009575	-0.007704	0.018626	0.004729	-0.007913	0.006015	-0.020137	-0.009101	0.012533	0.051247	-0.010052	0.014363	0.019960	0.011675	-0.017630	-0.015399	-0.009742	-0.019609	0.025679	-0.018175
0.973457	0.140571	-0.007882	-0.047320	0.022557	-0.007600	0.035472	-0.050680	0.077830	0.078213	0.063205	0.033546	-0.000895	0.028135	0.025757	0.026966	0.006165	-0.015172	0.008903	-0.036015	-0.014812	0.003495	0.012965	-0.022863	0.024143	-0.007860	-0.018460	0.005611	0.000200	-0.007774	0.008338	0.001589	-0.013751	-0.023165	-0.004832	0.022678	-0.011743	-0.011105	0.003397	0.012027	0.000248	0.001271	0.014526	-0.017897	-0.000110	0.007070	-0.000896	-0.020674	0.005693	-0.002658
0.988249	-0.009344	-0.014544	0.028915	-0.024665	0.016914	-0.005952	-0.004370	0.029109	-0.046634	0.035931	0.014480	-0.029580	0.032085	-0.012959	0.026828	-0.039795	-0.005241	-0.021146	0.009939	0.031040	-0.012366	0.042759	-0.009185	0.006439	0.008481	-0.010350	-0.009863	0.017422	-0.006042	-0.011690	-0.009640	0.004229	0.024198	0.021706	0.010308	-0.029073	-0.027749	0.044375	-0.021850	0.004883	0.004778	-0.006924	0.004791	0.015830	0.004403	0.012169	0.017322	-0.013693	0.040327
0.985768	-0.017427	0.093547	-0.026624	-0.001914	0.013909	0.011234	-0.024702	0.049269	-0.018349	-0.035394	-0.031523	-0.064019	0.003277	-0.000904	-0.015290	0.010166	0.032400	0.023558	-0.005271	-0.026945	0.037702	0.010098	0.003012	0.019701	-0.008506	-0.020017	-0.003862	-0.010982	-0.006667	-0.010468	-0.011729	-0.017978	-0.011791	-0.024810	0.002273	-0.011973	-0.012002	-0.005570	-0.001113	-0.002009	-0.000048	-0.016708	0.010782	0.006059	-0.023257	-0.017030	-0.013692	0.006537	0.005322
0.945970	0.239857	-0.104889	-0.061221	0.013694	0.094097	0.024573	-0.005582	0.015482	0.002236	0.056704	0.018419	-0.051361	0.048692	-0.047921	-0.001557	-0.020100	-0.035751	-0.006999	0.016245	0.004394	0.012448	-0.022035	0.002661	0.008701	-0.044576	0.022106	-0.020600	0.016175	0.019248	0.019244	0.008464	0.041176	0.000713	-0.018526	-0.006809	-0.009797	-0.023666	0.001603	0.028567	0.005257	0.012834	0.015114	-0.006266	0.012965	0.002405	-0.018611	-0.012805	0.025657	0.001367
0.972257	0.091167	-0.056355	-0.095345	-0.050913	0.052275	-0.006936	0.057740	-0.022374	0.041288	-0.028792	0.008779	-0.031260	0.048718	-0.000506	-0.057814	-0.027470	-0.003145	-0.013041	0.033693	-0.002299	0.022789	-0.009044	0.009789	-0.007983	-0.001941	-0.000930	0.009038	0.006168	-0.046963	0.007341	0.021207	-0.041682	0.006264	0.014187	0.013348	-0.009911	0.002421	0.070694	0.004173	0.008497	0.006047	0.024204	-0.001570	-0.002726	-0.015308	0.015995	-0.021318	-0.025326	-0.019787
0.903037	-0.096837	0.272267	-0.112735	0.070607	-0.064114	-0.088945	-0.084493	-0.048716	0.072711	-0.104466	-0.053952	-0.012971	0.023772	0.024590	0.006011	-0.005815	-0.066964	-0.013033	-0.027411	-0.058851	-0.012815	0.016854	0.076166	0.028971	0.027581	-0.014579	-0.004986	-0.017314	-0.070825	-0.003661	0.011100	-0.028197	-0.035338	-0.006634	-0.030279	-0.003854	0.027494	0.014049	-0.022782	0.010228	0.056440	0.085832	0.035700	0.028097	0.010858	-0.032123	-0.017088	0.007200	0.012411
0.937568	-0.074747	0.005604	-0.102409	-0.091683	-0.041691	0.017321	-0.008245	-0.035267	0.024770	-0.099139	0.039289	-0.079109	-0.121036	0.032423	0.106475	0.040323	0.025951	-0.021145	0.026062	-0.012853	-0.042099	0.060675	-0.051411	-0.040098	0.063218	0.001404	-0.003314	0.003135	-0.052168	0.013538	0.043802	0.027603	-0.001673	0.036265	-0.018692	-0.005203	0.011471	-0.021452	-0.054226	-0.029000	0.043193	0.010012	0.064591	-0.020155	-0.045350	-0.044782	0.046382	-0.068823	0.036885
0.940112	0.109026	0.065667	-0.010911	0.029445	-0.104661	-0.056768	-0.078413	-0.098752	-0.036367	-0.019603	0.074330	-0.066619	0.032009	-0.077511	0.051223	-0.075545	-0.082316	0.034227	0.046178	-0.005697	-0.001675	-0.036475	-0.005034	-0.020079	0.003625	0.029291	0.034971	-0.008011	0.060759	0.029495	0.015187	0.003348	-0.046734	0.045867	-0.027777	-0.036438	0.049748	0.000004	-0.002838	-0.016026	0.002425	-0.022737	0.031833	0.015471	0.005528	0.026587	-0.068825	0.021346	-0.078901
0.976861	0.005715	0.017346	0.029252	0.007435	0.008392	0.003589	0.055437	-0.043787	-0.011620	-0.014442	0.042079	0.042882	0.005111	-0.026599	0.031083	-0.003740	0.019037	-0.014059	0.025783	-0.010089	0.046496	-0.036834	0.035917	-0.030013	0.015173	0.015430	0.012261	0.027469	0.032019	0.055791	-0.024846	0.012045	0.016007	0.044824	-0.009885	0.015629	0.063003	-0.024232	0.008854	0.006532	0.035961	-0.026095	-0.021128	-0.085621	0.029864	-0.016988	-0.020887	0.039616	-0.015012
0.978692	-0.111550	-0.052385	-0.021895	-0.019238	0.002988	-0.008793	-0.051488	-0.029945	0.084569	-0.001348	0.015400	0.004542	0.003147	-0.045256	0.058351	0.022216	0.014204	-0.030994	-0.014825	0.009815	0.008892	-0.010799	-0.029611	0.015827	-0.007385	-0.003469	0.006490	0.012050	-0.018438	0.020680	0.008346	0.010312	0.009413	0.015934	0.023983	0.011181	-0.010556	-0.029930	-0.030233	0.005614	0.013246	-0.013745	0.013818	0.025862	-0.001093	0.012632	-0.018967	0.012046	-0.015428
0.978243	-0.010223	0.049305	-0.048992	0.004795	0.000415	-0.007008	-0.018375	0.106050	-0.007942	-0.058880	0.006133	-0.030486	0.044934	-0.041592	0.053687	0.018838	0.001061	-0.038561	-0.040835	0.007466	0.033366	0.011724	-0.001457	-0.000137	-0.010713	-0.000128	-0.036005	-0.032455	0.021580	-0.021810	0.050258	0.026248	-0.012420	-0.003774	-0.015170	-0.008919	-0.017142	-0.015629	0.006275	-0.003515	-0.001115	-0.019759	0.017715	0.016090	-0.019182	-0.023359	-0.004363	-0.017991	-0.024323
0.883412	0.231237	-0.094602	-0.118738	0.076914	0.129482	-0.136264	0.197416	0.083208	-0.010210	-0.037243	0.017883	0.048947	0.119981	-0.001327	-0.020631	-0.050353	-0.083807	-0.003493	0.041992	0.014173	0.042798	-0.009329	0.067374	0.009692	-0.008675	0.006880	-0.047752	-0.018395	-0.012831	-0.009853	-0.038088	0.057206	0.063960	-0.006315	-0.015912	-0.008388	-0.003625	-0.013774	0.009127	-0.015847	-0.024684	0.037609	-0.019972	-0.014061	0.023544	0.033978	0.031672	-0.016394	0.021974
0.937404	0.093504	-0.049699	-0.029031	0.014855	-0.088106	-0.060163	-0.148160	0.045807	0.016834	0.064178	0.043532	-0.105999	0.024179	-0.011446	-0.012297	0.008617	0.096906	0.004253	-0.012166	-0.063878	0.014673	0.061629	-0.015361	0.011795	0.008141	0.094257	0.031928	-0.068130	0.106054	0.010380	-0.019515	-0.007758	-0.032048	-0.050627	0.011847	0.002951	-0.036543	-0.038126	-0.010765	-0.014514	-0.045058	0.017303	-0.006199	0.018720	-0.006312	0.025284	-0.011059	0.007196	-0.015218
0.870928	0.017228	-0.018888	0.034178	0.007009	-0.075994	0.002294	-0.109341	-0.106713	0.020778	-0.004674	-0.001646	0.036584	-0.001105	-0.153175	0.149629	0.002077	0.152307	0.049629	-0.081120	-0.034442	-0.070820	-0.114885	0.084379	0.049808	0.040190	-0.032942	-0.008832	0.034444	0.006368	0.021529	0.013164	-0.104288	-0.000238	-0.053829	-0.029918	-0.103878	-0.013475	-0.082527	-0.074797	-0.168768	0.128817	-0.014320	0.018029	-0.046518	-0.031435	-0.034110	-0.002128	0.058705	-0.074403
0.858287	0.041159	-0.123133	-0.241810	0.003136	0.133077	-0.069333	0.066343	-0.058056	-0.085299	-0.011054	0.057077	0.083247	-0.015138	-0.132828	0.028988	-0.024195	0.008597	-0.089658	-0.090679	-0.027216	-0.091471	-0.002564	-0.047064	0.066687	0.016061	-0.076943	-0.073990	0.048592	0.083959	0.044911	0.144232	-0.083914	-0.019026	0.042257	0.041505	0.016753	0.085590	0.029027	-0.030544	0.041149	-0.067968	0.059977	-0.065230	-0.032627	0.004522	0.013844	0.082527	-0.045144	-0.015957
0.874451	-0.132303	-0.074565	0.007177	-0.044337	0.076695	-0.099938	0.058477	0.027122	0.015834	0.110832	-0.102696	0.029554	0.143129	-0.028200	0.082905	0.259162	0.119357	-0.035332	-0.013437	0.009246	-0.085893	-0.065912	-0.006785	-0.069784	-0.036503	0.064884	-0.063400	-0.039730	-0.005972	0.095488	0.042872	-0.010684	-0.043224	-0.016435	-0.012563	-0.001984	0.045262	0.000979	0.009571	0.086104	-0.002743	-0.020745	-0.028860	-0.006236	-0.001706	-0.033380	-0.015219	0.025263	0.034030
0.941113	0.068278	0.125370	0.072584	0.063619	0.013708	-0.024819	0.018043	0.006045	0.005381	-0.033162	0.026650	-0.048197	-0.015367	0.047498	0.081325	0.097489	-0.041979	0.010677	-0.000323	-0.029456	0.034663	0.019083	0.007080	-0.012780	-0.020886	-0.022548	0.025041	0.049816	0.014418	-0.009892	-0.018882	0.104249	0.021838	0.053104	-0.004981	0.107336	0.052294	0.076537	0.049818	-0.092082	-0.005410	0.009442	-0.023277	0.021716	-0.026709	-0.027598	0.030154	0.026880	-0.043954
0.939628	0.008932	0.044117	0.088707	0.135032	0.043427	-0.043597	0.040252	-0.049410	-0.001823	0.005065	0.024517	-0.022036	-0.032339	-0.019531	0.043241	0.088460	0.011180	-0.030621	0.030877	0.007012	0.014495	-0.029927	-0.036441	-0.029214	-0.023847	-0.023212	0.027603	0.035027	-0.003081	0.006655	-0.014670	0.117448	0.007660	0.042329	0.004749	0.115547	0.043175	0.097393	0.084979	-0.094532	0.020566	-0.004984	-0.029177	0.008252	-0.013917	-0.009670	0.027135	0.025060	-0.024956
0.931394	-0.038585	-0.002289	0.009026	0.173960	0.097335	0.040504	-0.055167	-0.052526	-0.011913	-0.060208	0.060060	-0.039770	-0.060888	0.021748	0.044444	0.056734	-0.022209	0.011120	0.025710	0.001795	0.036293	-0.041934	0.009253	0.009181	-0.001904	-0.035523	0.028945	0.034463	0.008579	-0.023721	-0.023952	0.074569	0.005864	0.049815	0.022174	0.133119	0.048160	0.091184	0.045307	-0.099416	0.000746	-0.045252	-0.038711	0.012035	-0.026686	-0.009118	0.012218	0.021720	-0.049260
0.926241	0.112307	-0.025171	-0.012012	0.077726	-0.054762	0.127967	0.018836	-0.133355	-0.046803	-0.026763	0.015167	-0.049483	0.052224	-0.009459	-0.035326	0.072699	0.026787	-0.029058	0.084829	0.048174	0.002391	-0.097762	-0.055856	0.001677	0.056190	-0.046752	0.051887	0.016217	-0.046332	-0.010532	0.012057	0.056947	-0.013851	0.009531	-0.020331	0.083340	0.026307	0.106841	-0.012990	-0.089971	0.018607	-0.018324	-0.005152	0.058502	-0.008231	0.004361	-0.012735	-0.008295	-0.005302
0.960112	0.077006	0.043586	0.109114	-0.060705	-0.094809	0.033996	-0.006753	0.021079	0.043687	0.078484	0.005729	0.004629	0.031118	0.096067	0.044650	0.084331	0.000788	-0.045272	-0.061074	0.021066	0.035880	0.023211	-0.005302	-0.004373	0.020022	-0.041125	-0.011237	-0.005875	0.018373	-0.021144	0.027060	0.001225	-0.020852	-0.024901	0.033465	-0.017922	-0.010505	0.024203	-0.017039	0.013360	0.013845	-0.009539	0.013232	0.007604	0.002568	-0.013612	0.005629	-0.002528	0.020745
0.974816	0.059399	0.032555	0.075791	-0.033474	-0.030841	0.051352	0.028502	-0.034276	0.048457	0.106292	0.037276	-0.007262	0.008831	0.072580	0.063214	0.007142	-0.001427	-0.034127	-0.019294	-0.003324	0.021707	0.022915	0.015324	0.021092	0.027657	-0.040198	-0.005655	-0.006235	0.003574	-0.010852	0.023981	-0.000468	-0.013512	-0.025316	0.002034	-0.003457	0.012823	0.009920	0.013182	0.002706	-0.013859	-0.001873	0.006128	-0.000007	-0.008299	-0.004829	-0.010296	-0.004932	0.010111
0.977666	-0.023869	-0.018262	-0.035537	-0.119405	-0.054279	0.021229	0.100448	-0.028828	-0.001160	-0.005657	0.016784	0.006501	-0.011428	-0.007095	0.017855	0.031060	-0.002855	-0.013022	0.036416	0.021323	-0.004351	-0.020024	0.002095	-0.020087	0.007560	-0.023940	0.001827	-0.001501	-0.020948	-0.001094	-0.007725	-0.016416	0.033876	0.007730	0.015962	0.009023	-0.014246	-0.034784	-0.013117	0.019634	0.025141	0.030198	0.010116	0.036166	0.001254	0.025676	0.004573	-0.016219	0.001379
0.985635	-0.070074	-0.022653	-0.045588	-0.004194	0.027337	0.009712	0.009908	0.072490	-0.004591	-0.008569	0.008934	0.000121	0.067674	0.000298	-0.010216	-0.002534	-0.035290	0.039773	-0.018603	0.000399	0.000163	0.000754	-0.026458	-0.003431	0.004824	-0.008356	-0.007498	-0.001864	-0.001760	0.004041	-0.021888	0.022929	0.005065	-0.010260	-0.018264	-0.013383	-0.006270	0.005438	-0.009816	0.012313	0.017455	0.023177	0.034807	0.029902	-0.009907	0.003518	0.019185	0.010152	0.019800
0.634188	0.123151	-0.036613	-0.013731	0.094897	-0.025229	-0.045319	0.101604	0.000543	-0.011579	-0.004184	-0.085570	-0.045579	0.145839	-0.050973	-0.046671	0.226944	0.051475	0.043158	0.479416	0.102601	-0.013229	-0.029614	0.000715	0.024704	0.233673	-0.021255	-0.071211	0.105969	-0.076351	-0.218065	0.049462	-0.033501	-0.141346	0.106248	0.013990	0.062458	-0.135701	-0.026489	-0.150636	-0.027049	-0.033143	0.029389	-0.070170	0.058749	-0.028802	-0.026625	0.058590	-0.022315	0.058590
0.974925	-0.023582	-0.008146	-0.078214	0.147803	-0.063769	0.020776	0.032775	-0.038743	-0.000458	-0.017071	-0.028531	-0.034032	0.033007	0.024090	-0.012690	-0.014968	-0.035401	0.019452	-0.037037	0.021211	0.012736	0.018932	0.010129	-0.006666	-0.012520	-0.026150	-0.000174	0.012518	-0.004039	-0.002255	-0.026088	-0.007480	0.010370	-0.013770	-0.026352	0.003587	-0.009757	-0.030595	0.002373	0.028740	-0.016931	0.006427	0.004457	-0.001439	-0.012021	-0.007094	0.014506	0.005853	0.003223
0.948462	-0.067207	-0.101057	-0.021979	-0.166626	0.036260	-0.043754	-0.104671	-0.039434	0.015286	-0.028043	-0.014042	0.009977	0.026254	0.018209	0.022190	0.071140	0.019934	-0.018824	-0.003663	0.055122	-0.010377	-0.046119	0.003313	-0.062141	0.011607	0.026593	-0.019440	-0.010811	-0.053464	0.011455	0.000313	-0.018147	0.012748	0.005906	0.020360	0.027202	0.034554	0.015300	-0.037482	-0.038461	0.033114	0.090304	0.019816	0.044310	0.020455	0.004662	-0.003423	0.015422	0.035838
0.969472	-0.016922	-0.094567	-0.040925	-0.016917	-0.012628	-0.051146	-0.087695	-0.002802	0.009669	-0.008304	-0.039600	0.001977	0.080010	-0.031598	0.024134	0.022471	-0.045532	-0.005331	0.040507	0.087643	0.004280	-0.012263	-0.021159	-0.033805	-0.005415	-0.011269	-0.020253	-0.020406	-0.036059	0.008724	0.038021	0.005024	-0.015105	0.005658	0.021029	0.016382	0.028699	0.005656	-0.004851	0.011318	0.011831	0.061674	0.004809	0.014658	0.036759	0.032022	0.000633	-0.013187	0.050144
0.974189	-0.062257	-0.011379	0.088010	0.057978	-0.031833	-0.018228	0.048569	0.011271	0.011148	-0.097617	0.003022	0.021144	0.018178	-0.004595	-0.018442	0.035168	0.014963	0.078602	-0.042895	-0.006370	-0.018147	0.042003	0.007002	0.001796	0.000330	0.035182	-0.001725	0.012637	0.010015	-0.050758	0.009039	0.032808	0.013956	0.014929	-0.004763	-0.022616	-0.005076	0.031919	0.004999	-0.009566	-0.004715	0.014429	-0.028802	0.023319	-0.013803	-0.010916	-0.015641	-0.001223	0.006054
0.964316	-0.141955	-0.060899	-0.074079	0.064104	-0.078242	0.030210	0.040827	0.004693	0.012292	-0.045927	0.053510	-0.018035	0.021853	0.003084	0.059185	-0.009557	0.001381	0.023198	-0.047608	-0.002541	-0.017312	-0.022858	-0.023028	-0.014811	0.004244	-0.014516	-0.016561	0.009907	0.024486	-0.004802	-0.008649	0.051429	0.016184	-0.011292	0.005165	0.045004	-0.002794	0.001587	-0.040068	0.004519	0.047880	0.001748	-0.018193	0.015257	0.014278	0.025271	-0.044546	0.017036	0.001593
0.959190	0.164380	-0.007448	-0.098264	-0.102785	-0.010901	0.036378	-0.021564	0.015930	-0.052428	0.040987	0.023584	0.089193	0.011305	-0.030050	0.013976	0.000983	-0.000173	0.021727	-0.015473	0.044172	0.008600	0.028718	0.014514	0.021830	-0.008733	0.009022	-0.027543	-0.045771	-0.009016	-0.007428	-0.020219	0.042238	0.020786	0.018695	-0.015799	-0.048652	0.000131	0.027623	0.019863	-0.006019	0.009025	-0.012704	-0.000902	-0.034979	-0.011563	-0.002919	0.007786	-0.006305	0.020939
0.958126	-0.014554	0.070411	-0.019746	-0.048534	-0.187886	-0.038645	-0.046945	-0.007062	-0.067338	-0.061069	-0.013371	-0.013307	-0.016984	-0.021550	0.041876	0.020552	0.022391	-0.046717	-0.029155	0.052820	-0.037249	-0.070399	-0.002809	0.016444	0.002691	-0.011776	-0.016486	-0.003176	0.001086	0.006713	0.004265	0.018999	0.025284	-0.052831	0.011024	-0.009801	-0.007476	0.026031	-0.013420	-0.020282	0.007428	0.026441	-0.020450	-0.018490	0.038215	0.007360	-0.009852	-0.005196	0.039467
0.914290	0.110948	0.156208	0.042154	0.014458	-0.048401	-0.044162	-0.027555	-0.037697	-0.114319	-0.130384	0.169801	-0.034808	0.010134	-0.051606	0.087375	-0.035961	0.020782	-0.033124	0.010807	-0.036129	0.077200	-0.002864	-0.060312	0.003693	-0.018092	0.048295	0.009428	0.085798	-0.007670	0.009431	0.025798	0.013446	-0.005785	-0.038387	-0.021813	0.050419	-0.034013	0.008355	-0.040665	0.056427	0.034469	-0.010717	0.058885	-0.025088	-0.040787	-0.047778	0.002325	0.054861	0.021739
0.891168	-0.146813	-0.061520	-0.009645	-0.066944	0.187784	-0.019321	-0.080116	-0.087019	-0.008668	-0.072784	0.122779	-0.024453	0.080987	-0.012744	0.050511	-0.011658	-0.036545	-0.009873	0.018018	-0.056256	0.032307	-0.032106	0.051649	-0.020360	0.001103	-0.011655	0.021055	0.080014	0.005966	-0.020556	0.090028	0.031015	0.026118	0.030339	-0.038823	-0.104505	-0.019997	0.026568	-0.033368	0.015540	0.112171	-0.047497	0.121014	0.115115	-0.046328	0.002618	-0.069604	0.052042	-0.017537
0.909712	0.112901	0.106212	-0.051250	0.183894	0.138306	-0.124485	-0.018361	-0.070469	0.072877	-0.058391	0.019591	0.095238	0.022028	-0.062837	-0.001262	0.020695	-0.010354	-0.027865	-0.056053	-0.043232	-0.028767	-0.042072	-0.026307	-0.023840	0.000416	0.013820	-0.080008	-0.020453	0.088124	-0.022175	0.073880	-0.017638	-0.039123	0.055900	0.022364	-0.023564	0.007858	0.050553	-0.028362	-0.001882	-0.000517	0.007470	-0.048351	0.027834	-0.065132	-0.002130	-0.009280	-0.038967	-0.006395
0.877074	0.167662	0.163056	-0.156380	-0.048410	0.020563	0.041732	0.040675	-0.026727	0.013995	0.041143	0.021618	-0.041612	-0.201681	-0.001804	0.143861	0.018952	0.021659	-0.043732	0.042996	-0.003778	-0.085984	0.019841	0.028980	-0.056836	0.045781	-0.009485	-0.017952	-0.044263	-0.041618	0.060000	-0.018772	0.097720	0.000300	0.082982	0.076773	0.038332	0.038996	0.027097	-0.036447	0.073103	-0.023138	-0.030883	0.014482	0.018178	-0.044805	-0.088044	-0.005176	-0.008648	-0.089564
0.956010	-0.161572	0.075598	-0.046474	0.040584	-0.018400	0.001913	-0.075902	0.031550	-0.026189	0.000963	0.013315	0.038050	0.015286	-0.026538	-0.101746	-0.008686	0.075851	-0.024145	-0.009294	-0.004989	0.009487	-0.011089	0.000795	0.067379	-0.011816	-0.029314	0.037478	0.012786	0.041078	-0.035241	0.002040	-0.009939	-0.046333	0.051525	0.012867	-0.012137	0.002530	0.068979	-0.004909	-0.005862	0.023260	0.002373	-0.022103	-0.028753	-0.006503	-0.016015	-0.008692	0.024997	-0.006525
0.966696	0.065949	-0.012644	0.009499	-0.065995	-0.117374	-0.028564	-0.064767	0.067452	0.100884	0.043128	-0.011951	0.002140	0.029689	0.033381	0.012759	-0.026398	-0.057027	-0.014495	0.029547	0.040638	0.023884	-0.003485	-0.020694	0.050339	0.005640	-0.015330	0.007397	0.029215	0.003961	0.013982	0.005607	0.027732	-0.030158	0.025829	0.021387	-0.004878	-0.001083	-0.015846	0.014454	-0.016169	-0.006099	0.043374	0.010623	-0.034656	-0.003064	-0.004901	0.010136	0.012278	-0.012228
0.976215	-0.031013	-0.080515	-0.039619	-0.088072	-0.076039	-0.002911	0.052025	-0.036215	0.043426	-0.050274	0.019484	0.019398	0.040067	-0.029536	0.028832	-0.005727	-0.017233	0.017518	0.027232	0.047015	-0.013146	0.029965	-0.010219	0.043064	-0.021269	0.000612	0.002981	0.014059	-0.000369	0.012623	-0.007791	-0.009017	0.015829	-0.023513	-0.010322	0.000069	-0.013663	-0.006489	0.006268	-0.027645	0.001927	0.018623	-0.001408	-0.002866	-0.010079	0.013813	-0.004753	0.033818	-0.024630
0.914094	-0.181066	-0.163947	-0.100164	-0.112829	0.051414	-0.141214	0.069474	0.030996	-0.073517	0.032004	-0.032661	0.045256	-0.001899	-0.055504	0.004270	0.107100	0.052655	0.040777	0.073832	0.035604	-0.026145	-0.008259	0.027736	0.059425	0.041855	0.015778	0.010397	0.013877	0.008320	0.010923	0.021954	-0.022282	-0.016876	0.010250	-0.005682	0.010059	-0.015750	0.028323	-0.001373	0.010346	-0.033776	-0.001526	-0.032131	-0.019509	0.012133	-0.012689	-0.058820	-0.041026	0.012349
0.983727	0.031221	-0.054341	-0.031363	0.036017	0.028199	-0.037351	0.043324	0.032877	-0.002832	-0.070198	0.000476	-0.015639	0.007225	0.018815	0.027681	0.009223	-0.008961	0.028351	-0.045119	-0.012933	0.000641	-0.016424	0.054037	0.048014	-0.013398	-0.026511	-0.002991	-0.011359	-0.000295	-0.009472	0.016255	0.008724	-0.011111	0.032418	-0.007186	0.001290	0.021245	-0.018854	-0.007326	-0.017672	-0.023575	-0.010271	-0.014793	-0.015939	0.008509	-0.002410	-0.021329	0.018552	0.006496
0.969966	0.011135	0.008620	-0.106994	0.008419	-0.046575	0.067659	0.056639	0.006886	0.062351	-0.068384	-0.033034	-0.061087	-0.064593	-0.016354	0.035150	0.017852	-0.024455	0.017978	-0.029941	-0.052012	0.007765	0.012399	0.021594	0.024668	0.020471	0.001919	0.007827	0.007559	0.068916	-0.037182	0.022301	-0.010169	0.030625	0.028507	0.002739	-0.006481	-0.008937	-0.027599	0.033509	0.004778	-0.012546	-0.002207	0.016525	-0.000734	-0.011868	0.009519	-0.019079	-0.010043	0.007728
0.954642	-0.099198	-0.099441	-0.099250	-0.051381	-0.107356	-0.034837	0.083638	-0.009782	0.077905	0.020270	0.021084	0.036475	0.048314	-0.059308	0.033492	0.000880	-0.002694	-0.038031	-0.001206	0.010728	0.015065	-0.015902	-0.029924	-0.015611	-0.023651	0.035637	-0.008279	-0.021767	-0.042002	-0.012429	0.019837	0.007482	0.030908	-0.009023	0.044072	0.013188	-0.019763	-0.032895	0.009968	0.008410	0.022685	-0.054771	0.017595	-0.032615	-0.037466	0.015981	0.007226	-0.004274	0.045134
0.985746	-0.056633	0.026958	-0.029810	-0.077534	0.022633	-0.003252	0.010542	0.007131	-0.022092	-0.025698	0.019307	-0.021065	-0.015890	-0.039325	0.053516	-0.011131	-0.005697	-0.000586	0.033302	0.025758	0.014287	-0.001235	0.006265	0.032713	0.005495	-0.002976	-0.007129	0.024172	0.000425	0.003320	0.011576	-0.011653	-0.000733	0.025630	-0.001121	-0.010661	-0.021969	-0.037456	-0.023559	0.004242	0.001140	-0.002901	-0.015195	0.019709	-0.024250	0.022860	-0.010817	-0.024831	0.015932
0.961170	-0.013824	0.184153	-0.003259	0.020650	-0.008136	-0.038240	0.112909	0.018356	-0.027196	-0.026674	-0.040724	-0.029571	-0.046340	-0.009834	-0.027543	0.001451	-0.005144	-0.004161	0.037713	0.007867	0.030543	0.000035	0.044971	0.034109	-0.024239	-0.004889	-0.005912	0.027858	-0.005893	-0.015624	0.039139	-0.009921	0.025809	0.027804	-0.001580	-0.003248	-0.032269	-0.011157	0.029300	-0.025468	0.026926	-0.011103	0.048494	0.035430	-0.008032	0.041874	-0.012551	0.021388	0.004238
0.980238	0.007743	-0.005820	-0.076046	0.030023	-0.035852	0.039989	0.053611	0.007907	-0.044367	0.002665	-0.003806	-0.027558	0.068492	-0.018138	-0.000119	0.023617	0.019559	0.063997	0.051623	0.047931	-0.007617	0.015254	-0.018897	-0.022147	0.001799	-0.015937	-0.045715	-0.020977	-0.007730	-0.018544	-0.002333	0.023769	-0.014664	-0.019927	-0.039981	-0.024086	0.003009	0.008788	0.008224	-0.006642	0.007138	-0.007458	0.005493	-0.009087	0.002605	0.011619	-0.013562	0.015074	-0.010331
0.975431	-0.095143	-0.059609	0.002368	-0.066601	-0.016611	-0.012603	-0.012760	-0.016221	0.074869	-0.110590	0.010701	0.005811	0.018270	0.021036	0.013160	0.029764	-0.044808	-0.022971	0.030523	-0.001041	-0.008339	0.025941	0.013213	0.011018	-0.010692	-0.029368	0.017111	0.008433	-0.000193	-0.056660	-0.009521	0.003949	0.001680	-0.000328	0.007541	-0.015787	-0.013903	0.023144	-0.003458	-0.006627	0.008343	-0.001149	-0.006924	-0.014973	0.005388	0.001980	0.003914	-0.002553	-0.012365
0.976559	-0.072299	-0.061502	-0.045075	0.037367	0.062149	-0.016447	0.040772	0.078707	-0.076424	0.056395	0.019994	-0.004636	0.024805	-0.007454	0.028244	-0.002315	-0.003013	0.009270	-0.036154	0.028414	-0.013652	0.019368	0.019326	-0.015794	-0.037776	0.037503	-0.007188	0.014003	0.005181	-0.010280	0.018641	-0.025571	-0.000237	0.003532	0.010753	-0.010727	-0.024805	-0.015035	-0.015713	-0.017081	0.000666	0.022489	-0.020756	-0.010257	-0.008354	0.009550	0.022294	-0.003677	0.006472
0.959075	0.059174	0.033964	0.050884	-0.001332	0.128353	-0.067657	0.081148	0.040433	0.023539	0.050926	0.017200	0.022983	0.126689	0.079033	-0.005855	0.048560	-0.035482	-0.011616	-0.020877	-0.019671	0.025428	-0.013991	-0.018463	-0.005015	-0.008839	-0.014272	-0.023393	0.024824	0.007886	0.005816	-0.004496	-0.009755	0.047773	-0.006371	-0.029112	0.006096	-0.036405	0.030659	0.011909	0.003042	0.003763	0.031709	0.006604	0.000090	0.030412	0.029836	-0.036656	0.005039	0.006688
0.980350	-0.060835	-0.019600	-0.095454	0.029501	-0.045660	-0.064009	0.027143	-0.007437	0.029792	0.013994	0.034031	-0.004634	-0.049970	0.036194	0.002911	-0.018008	0.022051	0.016067	-0.005813	-0.019490	0.015769	0.022039	0.033283	-0.037942	-0.023885	0.043126	0.015496	-0.004087	0.008313	-0.002257	-0.012973	0.005490	-0.016334	0.005361	-0.005177	0.024273	-0.019267	0.002080	0.008221	0.020453	-0.014780	-0.010646	-0.017727	-0.017776	0.009763	0.014651	0.011472	-0.020023	-0.022202
0.715898	0.126671	0.195741	-0.069117	-0.084061	-0.005269	0.110538	-0.008924	-0.032210	-0.088372	0.102641	0.027872	0.082448	-0.057252	-0.063187	0.013307	0.039721	-0.042737	-0.049646	-0.002973	0.015050	-0.045696	-0.000042	0.005551	0.018576	-0.057248	0.103802	-0.011220	-0.052002	-0.009631	-0.053931	0.102915	0.072658	0.016742	0.011017	0.260781	0.047629	-0.137315	-0.029892	-0.093083	-0.093391	-0.208653	-0.117729	0.317840	-0.103938	0.209718	-0.041840	-0.040289	0.007689	-0.076064
0.971874	-0.062679	0.119339	-0.081379	0.051044	0.010635	0.023294	-0.020660	0.034161	0.003217	0.036575	-0.000364	-0.022238	0.079253	0.037840	0.051265	-0.018542	-0.037194	0.022960	-0.013387	-0.031436	-0.019026	0.002022	-0.002075	-0.001400	0.026786	0.015838	-0.024156	0.010762	-0.020013	-0.029007	0.011253	-0.011777	0.017763	0.027165	0.004206	-0.027174	-0.005004	-0.007987	-0.003636	0.000705	0.045177	-0.036881	-0.006416	0.032964	-0.004784	-0.005010	0.005876	-0.007497	-0.008949
0.971938	0.124606	-0.062458	0.076355	0.052864	0.000661	-0.032748	0.020531	0.021962	-0.006642	0.054091	0.014920	-0.093771	-0.023210	0.029454	-0.016097	0.028373	-0.046162	-0.014706	-0.003554	0.008664	0.017438	0.010266	0.005074	0.018819	0.029367	-0.015331	0.024282	0.018299	-0.019218	0.009725	-0.001517	-0.026150	-0.026397	-0.020485	-0.001103	-0.011867	0.001547	0.017119	-0.001198	0.002258	0.014125	0.009885	0.016208	0.028088	-0.025266	0.025387	0.004693	0.006458	-0.014155
0.939237	-0.165287	-0.070642	-0.036386	0.009278	-0.207395	0.068068	0.065490	-0.049071	-0.014929	0.003313	-0.045821	0.013667	0.039867	-0.071500	-0.006742	-0.001781	-0.019673	0.087804	-0.042843	0.008543	-0.020417	0.013793	0.026842	0.008906	-0.005696	0.004052	0.010705	0.018457	0.001241	0.007771	0.009940	-0.001680	-0.026976	0.002676	0.021311	0.003585	-0.035620	0.000715	0.032043	0.016576	-0.046504	-0.027742	-0.019623	-0.017927	0.004204	0.007470	-0.001249	0.030262	-0.004304
0.946219	-0.116925	0.057525	-0.034057	-0.134107	-0.048735	-0.120930	0.002740	0.083821	0.011525	-0.032668	0.027207	0.019955	-0.121350	-0.021849	0.046269	-0.017517	0.005950	-0.063933	0.028076	0.044019	-0.017085	-0.037008	0.014728	0.010913	0.010314	0.031756	-0.006016	0.036045	-0.058786	0.035614	0.024703	-0.030021	0.013336	-0.017250	0.009285	-0.006018	-0.013609	-0.014359	-0.005063	0.014657	-0.010029	-0.044376	-0.001745	-0.008921	-0.039710	-0.016022	-0.029170	-0.029576	0.007025
0.966310	0.006693	-0.002647	0.132130	-0.107873	-0.031540	-0.008271	0.002844	-0.055295	-0.064462	-0.021254	0.084717	-0.006606	0.001522	-0.003769	0.060092	0.005234	-0.003239	-0.045429	-0.007551	0.011962	0.024962	0.002637	-0.018459	0.021363	0.020847	0.029326	0.005311	0.051802	0.010851	0.014328	0.018812	-0.037647	0.036935	-0.003688	0.007009	0.018759	-0.001198	-0.017489	-0.048249	0.001809	0.017101	0.003748	0.014473	-0.002335	0.011758	0.011173	-0.039820	-0.029828	-0.002682
0.973740	0.064116	-0.029449	-0.002961	-0.016057	-0.016133	0.020904	0.090686	0.031823	-0.063875	-0.040079	0.027372	0.035137	-0.059964	0.016657	-0.080010	-0.001818	-0.020545	0.054560	-0.017511	0.013753	-0.017307	-0.015365	-0.001437	-0.013005	0.017445	-0.016820	0.019083	-0.018554	0.007361	-0.033233	-0.027156	-0.031892	-0.003192	0.013706	-0.022729	-0.038192	-0.023776	0.014186	0.004570	0.022816	-0.037933	-0.020543	0.039213	-0.009949	-0.033515	0.009821	-0.026822	-0.027268	0.015232
0.960947	-0.064649	0.005043	-0.038023	-0.009918	0.010988	-0.024860	0.102149	-0.071840	-0.001946	-0.103585	0.013141	-0.029311	-0.078235	0.013015	0.111567	0.053042	0.004824	0.006638	-0.014659	0.053537	-0.012053	-0.031555	-0.004924	0.020340	0.022512	0.046766	-0.027509	0.005715	0.015610	-0.005072	0.024869	-0.018764	-0.012274	-0.026867	-0.013589	-0.001403	-0.036934	-0.019483	-0.006221	-0.021336	-0.017818	-0.027085	0.003282	-0.056421	0.046477	0.008416	-0.039654	0.009833	-0.017011
0.954820	-0.023151	0.013525	0.073394	-0.036153	-0.207082	-0.018120	-0.012990	0.082473	-0.063171	0.023014	0.030057	0.051811	-0.014886	0.019194	-0.000156	0.065585	0.028288	0.006378	-0.039800	0.023768	0.013560	0.005545	-0.002484	0.017408	-0.032996	0.045965	0.043634	0.011250	-0.010632	0.022766	-0.016300	-0.013423	0.009107	0.024305	-0.042208	0.005306	-0.015040	-0.016574	0.035081	-0.036392	-0.032897	0.024794	-0.003149	-0.012209	-0.002885	-0.004356	-0.007968	-0.015042	0.013751
0.910022	-0.112106	0.029604	-0.128800	0.089598	-0.140348	-0.041345	0.059806	0.020835	0.108255	-0.096355	0.065050	0.190917	0.139924	-0.046270	0.020708	-0.003785	-0.019516	-0.002516	-0.027377	0.014506	-0.049669	0.045452	-0.015380	0.043162	-0.007890	0.004116	-0.002452	-0.009522	-0.011966	0.032184	-0.006094	-0.006105	0.035895	0.007484	0.000814	-0.010732	0.080527	0.027328	-0.033260	0.022599	0.028747	-0.050153	-0.017800	-0.018685	-0.006483	-0.006377	0.012119	-0.013151	-0.020160
0.945456	0.133499	-0.039554	0.008123	0.013591	0.092288	0.057760	0.148795	-0.041424	-0.026609	-0.022521	-0.047219	-0.017276	0.055104	-0.042654	-0.092897	-0.002533	0.027217	-0.001933	-0.001945	0.018561	0.012491	0.041239	0.009983	0.035144	0.012555	0.015041	0.031085	0.090215	-0.049290	-0.004878	0.025909	0.044030	-0.022066	-0.018644	-0.001126	-0.018829	-0.032222	-0.003645	0.022449	-0.010287	-0.005619	0.015272	0.033531	-0.013463	-0.051482	0.037997	0.001476	0.077451	-0.013322
0.941428	0.139364	0.100146	-0.007587	0.018861	0.008829	-0.029730	0.068613	0.141756	0.052117	-0.036894	-0.025448	-0.027708	0.020089	0.121487	0.032422	0.058876	0.002810	0.042439	-0.053498	0.009088	-0.000886	-0.041198	0.001897	0.040423	0.012020	-0.063943	-0.045075	-0.009063	0.010332	-0.056585	-0.013696	0.003706	-0.001691	-0.002009	0.027249	0.031485	0.057224	-0.013614	0.062192	-0.011687	-0.009747	0.041983	0.010131	0.029134	-0.027205	0.029374	-0.015834	0.022165	-0.024622
0.862556	0.129873	-0.025924	-0.086750	0.225838	-0.056905	0.059454	-0.125697	-0.144892	0.005224	0.035786	-0.060510	-0.040187	0.146027	-0.060456	0.022840	0.091315	-0.002672	-0.020899	0.098896	0.009340	-0.004225	-0.068686	0.012660	-0.037653	0.054425	0.126467	0.008356	-0.049015	0.118361	-0.094529	-0.055160	-0.003985	0.040611	-0.011261	0.007343	0.051272	-0.041119	0.049498	0.034265	0.034054	-0.001372	0.021066	0.043444	-0.016796	-0.019680	-0.007377	-0.030410	-0.075547	0.106111
0.870056	0.220009	-0.020148	-0.092286	0.232510	0.036328	0.156060	0.049665	0.059718	-0.035513	-0.049615	0.068481	-0.015596	-0.013664	-0.004016	-0.034174	0.047043	-0.010353	0.055748	-0.012910	0.056566	-0.047849	0.045475	-0.109264	0.028817	-0.056468	0.011941	-0.036497	0.002333	-0.029674	-0.023465	-0.019336	0.012900	-0.055501	-0.027614	-0.028235	-0.082736	-0.069293	0.032284	0.055375	0.130508	-0.011212	-0.082473	0.013191	-0.023019	-0.008379	-0.058992	0.010495	0.089686	0.023593
0.929229	0.129445	-0.139516	-0.021534	-0.126531	-0.092804	0.010190	-0.123059	-0.040089	0.102724	0.012368	-0.030662	-0.044725	0.044273	-0.052559	-0.004647	0.019134	-0.028448	-0.031516	0.003287	0.007998	-0.032153	-0.038288	-0.031774	-0.041299	-0.030845	0.058663	-0.009854	-0.007860	0.017300	-0.039798	-0.074919	-0.018000	0.029764	0.026049	0.005544	0.037466	-0.007461	0.086150	0.047365	0.013643	0.015410	-0.011506	-0.006296	-0.002295	-0.071128	-0.012021	-0.037322	-0.008155	-0.012960
0.939657	0.021721	0.019690	-0.124701	-0.060501	-0.147947	-0.102090	0.014267	0.110177	-0.047962	-0.019648	-0.013539	-0.018398	-0.034488	0.020663	0.026726	0.092077	0.020089	0.048448	0.040502	0.067019	-0.024757	-0.025125	0.021862	0.022347	-0.031404	-0.029653	-0.028639	0.026493	-0.005175	-0.043295	0.049202	0.014058	0.035249	0.034120	0.038063	0.050034	-0.005328	0.003847	0.076595	-0.047889	-0.034667	-0.022829	-0.021491	0.034922	-0.020637	0.028772	0.006226	-0.003895	0.004262
0.942174	-0.036957	0.029171	-0.174292	-0.134569	0.047553	-0.034525	0.036375	-0.038280	-0.017879	0.069024	0.026597	0.021630	-0.025787	-0.035997	0.026276	-0.020287	0.033208	0.029075	0.000327	-0.063576	-0.069821	-0.018955	0.029410	-0.055867	-0.004800	-0.058117	-0.014735	0.003061	-0.011936	-0.019631	0.006708	-0.000346	0.014955	0.079933	-0.023617	-0.056693	0.032841	-0.074143	0.009460	0.016353	0.000052	-0.053610	0.035254	-0.007569	-0.036718	0.026337	-0.051276	0.012892	0.017357
0.955578	-0.024839	0.149894	-0.101789	-0.020995	-0.023389	-0.020681	0.039431	-0.057127	-0.070127	0.050286	-0.027652	0.002161	0.004111	-0.076477	0.083576	-0.028942	0.070565	-0.028649	-0.056192	0.001210	0.016764	0.012609	-0.006692	0.017596	-0.020746	0.001095	-0.035969	0.021261	0.004267	0.004750	0.044108	0.000983	-0.003070	0.000656	0.038313	0.034471	-0.013516	0.025028	0.022752	0.029077	0.025973	0.025905	-0.017166	-0.039805	0.007984	0.046614	-0.000470	0.011126	0.030749
0.952128	-0.023030	0.089918	0.020910	0.002730	-0.039631	-0.029241	0.013192	-0.079865	-0.080787	-0.068891	0.023398	-0.096371	-0.096714	-0.000425	0.063283	0.032638	-0.067431	-0.025749	0.050808	-0.074835	0.053991	0.027679	-0.031607	0.018828	-0.004613	0.023994	-0.040705	0.034407	-0.014389	0.038549	-0.035367	0.006199	-0.022436	0.018044	0.017537	-0.018293	-0.047259	0.004804	0.010547	0.023377	-0.054934	-0.039965	0.018421	-0.000661	0.020420	-0.040018	0.008436	0.058900	-0.011725
0.978904	0.015186	-0.059434	-0.007175	-0.098490	-0.059344	-0.028048	0.055880	-0.009361	-0.055826	-0.032562	-0.017079	-0.008442	0.017648	-0.022349	0.052996	0.030506	0.005317	0.013756	-0.009256	0.042892	-0.038578	-0.000844	0.019683	0.036644	0.005326	-0.029376	0.017689	0.019507	0.014278	0.013063	-0.002148	0.009258	0.015355	-0.000787	-0.002236	-0.009624	-0.006795	0.013056	-0.009109	0.010520	0.020119	-0.025943	0.007977	-0.001164	-0.020923	-0.027254	-0.023607	0.023393	-0.006372
0.976456	-0.056350	0.008788	-0.027262	-0.064070	-0.112151	-0.011124	0.049466	0.043405	-0.065999	0.018194	-0.000960	0.048929	-0.007467	-0.073549	-0.010290	0.002599	-0.032839	-0.020088	0.004203	0.040917	0.029387	0.023869	0.003200	-0.000495	-0.010279	-0.015284	0.004825	0.001765	-0.001334	-0.012498	-0.011554	-0.011408	-0.010960	-0.015156	0.030104	-0.020227	-0.011054	-0.002505	-0.002360	0.007743	0.012415	-0.000201	-0.014513	-0.004699	-0.005750	0.000100	-0.020348	-0.017995	-0.017845
0.962646	-0.026950	0.053237	-0.085579	0.123690	-0.035512	0.049278	-0.022069	-0.098574	0.032522	0.020827	-0.040548	-0.044202	0.077543	0.017886	0.015066	0.028665	-0.029498	0.010930	0.024258	-0.009777	0.013520	-0.031264	0.055071	-0.011878	0.030660	-0.005167	-0.012832	-0.013550	-0.010691	-0.019566	0.026368	0.029616	-0.005776	-0.030388	-0.018207	0.033431	-0.020223	-0.057261	-0.016579	-0.001911	-0.043043	-0.011863	-0.003761	-0.010977	0.006448	-0.045563	-0.024594	0.010627	0.006009
0.912001	-0.138072	-0.133779	-0.016263	-0.101282	-0.056847	-0.118238	0.067637	-0.015417	-0.033555	-0.037570	0.113902	0.047841	0.110398	0.063510	0.094734	-0.072222	0.053940	-0.076418	-0.050551	0.129542	-0.067260	-0.044881	0.036067	0.029854	-0.042200	-0.012577	-0.004339	0.005904	-0.016406	-0.031388	0.029833	-0.001088	0.003202	0.003530	-0.020886	-0.018201	0.003510	0.031431	-0.035924	0.036119	-0.003249	-0.025586	-0.054589	-0.003515	0.018028	-0.010909	-0.005334	0.003941	-0.032404
0.991619	0.016119	0.001216	-0.034332	-0.045972	0.039308	-0.046555	0.016915	0.008891	-0.026253	0.006038	-0.014717	-0.023304	-0.004273	-0.023440	0.026895	0.001539	0.001420	0.002745	-0.038559	0.008477	-0.017798	-0.017544	0.009382	-0.004309	-0.037742	0.007236	0.004762	0.024452	-0.010617	0.009003	0.020775	0.004503	-0.010630	-0.011715	0.013644	0.014791	-0.007415	-0.005058	-0.002776	0.000041	-0.002375	0.014156	0.000723	-0.004325	-0.007948	-0.008985	0.007427	-0.005867	-0.006118
0.978772	-0.048950	-0.080988	0.038950	-0.059232	-0.059130	-0.060032	-0.046759	0.019594	-0.050860	0.013333	-0.014953	-0.053144	-0.017010	-0.028015	-0.037412	0.030946	-0.012610	0.041889	0.033580	0.016517	-0.004461	-0.005865	0.003111	0.017570	-0.013955	-0.021972	0.001945	-0.016720	0.003152	0.023545	-0.015820	-0.025428	-0.016764	0.014569	0.017479	-0.002043	0.009325	0.007043	0.001728	-0.001205	0.003756	0.002328	-0.019912	-0.028672	0.014794	0.000764	0.009887	-0.022023	0.004189
0.951950	0.021103	-0.132971	-0.123229	-0.145017	-0.056243	-0.027213	0.011903	-0.085581	0.002865	0.095061	0.026798	-0.016391	-0.013718	-0.063039	0.004094	-0.029071	-0.012981	0.015666	-0.020064	-0.021760	-0.027418	-0.003001	-0.040502	0.001310	-0.003172	-0.049443	-0.000919	-0.018977	-0.031328	0.007164	0.005125	-0.003473	0.004772	-0.011002	-0.021025	-0.032890	0.001800	-0.000837	0.015537	0.005219	0.017014	-0.031837	0.024542	-0.011299	-0.014967	0.003116	-0.025949	0.016227	-0.017362
0.962553	-0.094749	0.061075	-0.082023	-0.072993	-0.104027	-0.004491	-0.057046	-0.027227	-0.037972	0.014144	0.047224	0.026015	0.085130	0.000691	0.074686	-0.044294	-0.018335	0.012569	0.011964	0.041849	0.027637	-0.035073	0.011285	-0.001195	-0.023209	-0.024136	-0.022304	0.008849	-0.000796	-0.021536	0.008837	0.004730	0.032298	-0.015543	0.026289	0.029282	-0.036558	0.002720	0.028841	-0.026551	0.010448	-0.007386	0.004788	-0.020437	0.027609	0.005286	-0.005586	0.022269	0.012132
0.984441	0.003169	0.020764	0.039696	-0.026504	-0.063328	0.024492	0.053082	-0.059843	-0.004154	-0.050706	0.000439	0.022866	-0.015127	-0.028700	-0.051515	-0.006875	-0.010538	0.036835	-0.006909	-0.007009	0.039758	0.031326	0.030248	-0.015400	-0.018142	-0.017878	0.013593	-0.001488	-0.014071	0.005134	-0.012318	0.003394	0.008913	0.002054	0.015481	-0.003695	-0.002787	0.000165	-0.010511	0.002614	-0.025469	0.021171	0.002704	-0.001117	-0.037999	-0.001002	0.022828	-0.009044	-0.012858
0.977135	-0.051155	0.063610	-0.033936	0.052977	0.112089	0.045080	0.042364	-0.002701	0.018268	0.057262	-0.009320	0.036830	0.016435	0.000625	-0.011398	-0.011454	-0.016689	-0.014973	0.045902	-0.030433	0.027594	0.000921	0.035433	0.029406	-0.002313	0.013926	0.014508	0.000752	-0.004919	0.026718	0.020806	-0.017587	0.036676	0.000213	-0.019008	0.007316	0.000063	-0.032088	-0.008446	-0.018747	0.022588	-0.009798	0.014914	-0.001590	-0.002232	-0.003039	-0.002110	-0.000321	-0.015093
0.961061	0.161543	0.012251	0.034643	-0.059426	-0.038003	-0.070735	0.089951	0.053716	0.086757	0.029338	0.014834	0.016984	-0.031940	0.053610	0.007901	0.046653	-0.042980	-0.029178	0.002437	-0.012696	0.034850	0.004725	0.037079	-0.002902	-0.007133	0.017273	0.001401	-0.014724	-0.006560	0.026257	0.001041	0.041202	-0.013645	0.002855	-0.009312	-0.009639	-0.011085	-0.013263	0.026558	0.006202	0.008115	0.045570	-0.023443	0.005229	0.009402	-0.011195	0.000876	0.001925	0.009622
0.988122	-0.003748	0.096231	-0.013936	-0.000260	-0.056426	0.006856	0.012820	-0.006531	-0.014560	0.027450	-0.001623	-0.028199	0.006397	0.042834	0.003286	0.003204	-0.029718	0.002693	-0.003725	0.005804	-0.001038	-0.019223	-0.039091	-0.021127	-0.006839	0.007527	0.003641	-0.011932	0.005251	-0.021990	-0.013635	0.007888	0.021127	-0.010205	-0.003943	0.013983	-0.015234	0.018215	0.018113	-0.008332	0.010465	0.004899	-0.015514	0.018787	-0.001107	0.006328	-0.014970	0.005442	-0.000894
0.962514	0.004715	-0.048633	-0.135706	-0.093999	-0.076296	0.040410	0.056836	0.013864	-0.091097	0.009469	-0.022202	-0.002925	0.029538	0.036205	-0.011077	-0.032057	-0.040721	-0.045194	-0.023641	0.001325	0.003084	-0.014877	0.046639	-0.003291	-0.026141	0.022360	-0.006245	0.015700	0.024873	-0.043117	-0.006874	0.008267	0.020441	0.022346	-0.004334	-0.008278	-0.009646	-0.030955	0.010646	0.037623	0.027264	-0.005168	-0.018149	0.028141	-0.028820	-0.022698	0.026244	0.012535	-0.049178
0.951656	0.073083	-0.188987	-0.116574	0.108167	-0.053332	0.039529	0.028386	0.015033	0.010854	-0.019515	-0.077960	0.014727	0.027234	0.018664	-0.000365	0.014270	-0.042477	0.019209	-0.033408	0.024557	0.042726	0.016258	0.035221	-0.000666	0.002594	0.004456	-0.026953	-0.009237	-0.023748	-0.000683	-0.035284	-0.015276	0.000760	0.010315	0.004633	0.014708	-0.029509	0.025747	0.006250	0.018083	0.020566	-0.013196	0.005897	-0.011631	-0.015136	0.022005	0.004067	0.015211	0.020034
0.803914	0.147907	-0.176656	0.090799	-0.081070	-0.003121	0.036692	-0.007070	0.139981	-0.138426	-0.141524	-0.256966	0.131742	-0.038686	0.098476	-0.000177	-0.095930	0.024779	-0.053823	0.081709	-0.127765	-0.014046	-0.060958	-0.102489	-0.098830	0.103417	-0.092197	0.103577	-0.085372	0.006959	0.083956	0.091693	0.035040	0.039168	-0.028228	0.011782	-0.054643	-0.047821	0.067922	0.004047	-0.017211	-0.020701	-0.042831	-0.007335	0.023944	-0.023893	-0.008307	0.019133	0.003567	-0.025057
0.697375	0.009990	-0.073149	0.120051	0.193315	0.124294	0.042587	-0.045025	0.031483	-0.095882	-0.001422	0.071289	0.035372	-0.145198	0.196675	0.191364	-0.081805	0.047439	-0.070551	0.087769	0.095954	-0.027925	-0.029421	-0.088292	0.205323	-0.102099	0.006787	-0.161368	0.014207	0.015126	0.073396	0.007076	-0.021396	0.225965	-0.001822	-0.072682	-0.057533	-0.159635	0.110675	0.098017	0.054924	-0.133289	0.014617	-0.033895	0.078299	0.179571	-0.121618	-0.046540	0.002489	0.120402
0.840512	-0.088655	-0.242482	0.061775	-0.053485	-0.107195	0.043485	-0.023487	0.033436	-0.051698	0.013863	-0.171698	0.109232	-0.016269	0.091763	0.133134	-0.169935	0.023783	-0.052434	0.092072	-0.220000	0.043422	-0.015817	-0.092628	-0.010658	-0.098453	0.014023	-0.056738	-0.029343	-0.035671	-0.016958	0.010540	0.011252	-0.064045	-0.018173	0.000183	-0.007026	0.009073	0.023449	-0.032938	0.018487	0.055613	-0.015810	0.033860	-0.004950	-0.072214	0.011919	-0.004744	-0.025788	-0.041255
0.940040	0.057063	-0.104318	-0.006205	0.047234	0.128147	-0.043351	0.054596	-0.012492	-0.003286	-0.032382	-0.135152	0.046706	0.010235	0.012023	-0.041278	0.069906	-0.028676	-0.001990	-0.035508	0.033146	-0.012986	-0.036185	0.140783	0.009569	0.067915	0.010427	-0.000077	-0.012427	0.002078	0.063078	-0.019581	-0.002185	0.027774	0.024731	-0.005825	-0.015881	-0.001809	-0.018267	-0.031776	-0.047304	0.046508	0.024628	0.034744	-0.012370	0.040167	-0.001129	0.070537	-0.013390	0.012572
0.914926	0.091832	-0.291325	-0.027040	0.065097	0.095815	0.053995	-0.077941	0.013464	-0.011965	0.040017	-0.029385	-0.016288	0.021011	0.060660	-0.017989	0.016506	-0.030491	-0.017740	0.030261	-0.048437	0.059913	0.004117	0.084089	-0.039445	0.022330	0.010614	0.009663	-0.038807	0.063331	-0.068701	-0.037576	-0.049378	-0.009577	0.006516	0.003810	0.012449	-0.008779	0.025893	0.002135	-0.022511	-0.019136	-0.012889	-0.021776	-0.006109	-0.029011	0.002700	-0.008180	0.007768	0.059850
0.954543	0.052113	-0.088230	0.105233	0.131468	-0.036095	0.052216	0.020807	0.011877	0.010801	-0.105282	-0.078586	0.040886	0.008229	-0.018774	-0.011238	-0.006385	0.002403	0.007887	-0.020285	0.097878	-0.020739	-0.025189	0.007699	0.020328	0.027536	-0.025421	0.034883	-0.001689	0.017197	-0.002778	-0.057222	0.002130	0.013319	-0.005622	0.002017	0.017127	-0.013648	-0.049044	-0.011911	-0.002743	-0.045799	0.008660	0.026725	0.019027	-0.001963	0.035169	0.002097	0.005145	0.013389
0.968473	-0.063468	0.034162	-0.029710	-0.013095	-0.007423	-0.028901	-0.059007	-0.049146	0.054312	0.001357	-0.056176	0.009842	-0.060001	0.058227	0.068288	-0.087997	-0.065075	0.035029	0.028142	0.017621	-0.002857	0.004613	0.018098	0.010039	-0.026152	0.013842	-0.000540	0.055085	-0.021784	-0.030651	0.037959	-0.001348	-0.020416	0.000425	-0.050950	-0.016439	-0.019942	-0.010501	-0.003048	0.039793	-0.046113	-0.010603	-0.021778	0.009838	-0.002733	-0.013300	0.007222	0.018536	0.029322
0.932627	-0.071100	-0.076849	0.011774	0.043660	-0.107843	-0.114573	-0.230272	-0.070101	0.067304	0.024632	-0.013616	0.023668	-0.052745	-0.023045	0.002393	0.020365	-0.050823	-0.026426	-0.004525	0.019105	0.078151	-0.011135	-0.011754	0.007048	-0.011979	0.006327	0.010607	-0.023964	0.005518	0.018542	-0.041843	-0.003606	0.016836	-0.023581	-0.019750	0.016910	-0.006178	-0.056687	-0.011724	-0.028772	-0.019078	0.000562	-0.030535	0.006766	0.015287	-0.043590	0.013295	0.036374	0.032950
0.900041	-0.027563	-0.240448	0.067472	0.130834	-0.042121	-0.082268	0.067695	-0.049504	-0.123342	-0.044202	0.026529	0.161963	0.003242	0.033920	0.008839	-0.032347	0.007513	-0.066924	0.055175	-0.108934	-0.012571	-0.028214	-0.000428	0.013690	-0.025772	0.098343	0.011102	0.001285	0.049651	0.006156	-0.015085	0.016730	-0.000362	0.004636	0.011358	-0.033675	0.044772	0.049928	0.008279	-0.015564	0.047807	-0.029495	0.000165	-0.025629	-0.047279	-0.008384	-0.001766	0.032195	-0.020186
0.964471	-0.070753	-0.145445	0.067291	0.074405	-0.068077	-0.026527	0.005564	-0.056298	0.009925	-0.063622	0.001376	0.001914	-0.003838	0.028060	0.002356	0.036553	-0.050906	-0.013609	-0.003237	0.027179	-0.002101	0.007678	0.044082	0.043262	0.008199	-0.005254	0.028403	-0.031066	0.041222	-0.032175	-0.015201	-0.013552	-0.013558	-0.025112	0.007706	0.021617	-0.004370	-0.002339	-0.002959	-0.012591	0.015433	-0.041149	-0.011204	-0.036580	-0.019800	-0.020114	-0.000110	-0.005859	0.023613
0.875291	0.041923	-0.278484	0.066361	0.051568	-0.070432	-0.069746	-0.037598	-0.026779	-0.101170	-0.002758	-0.204322	0.007497	0.043033	0.099222	0.064212	-0.020851	0.006575	-0.026238	0.123855	-0.161150	0.021175	-0.032789	-0.035681	0.029068	-0.011052	0.009589	0.003764	0.049997	-0.026096	-0.016634	0.041241	0.026125	-0.032417	0.029226	0.030537	0.027049	-0.045245	-0.039716	-0.007419	0.028331	0.009610	0.018948	0.050143	0.027373	-0.013098	-0.010330	-0.042353	-0.017597	-0.036523
0.939269	0.003566	-0.112418	0.076773	-0.103944	0.047544	0.168813	-0.075551	-0.005076	0.005252	0.016652	0.066153	0.006920	0.037252	0.048853	0.009253	0.084915	0.047423	-0.033187	-0.032264	-0.062521	0.020321	-0.011216	0.023283	-0.067601	-0.049851	-0.029671	0.004576	0.043718	0.022761	0.017003	0.002126	0.004031	0.034866	-0.011608	0.055691	0.000159	-0.016105	-0.046250	-0.015615	-0.038370	0.018942	0.062567	-0.015498	0.020612	0.037522	0.002200	0.022009	-0.025193	-0.004399
0.824669	-0.072629	0.075698	0.033111	-0.071184	0.083066	0.066135	-0.040399	0.219679	-0.000732	-0.133631	-0.029206	0.125589	0.031484	-0.029610	-0.022122	-0.037138	0.057519	-0.127850	0.107053	0.035689	-0.113315	-0.096571	-0.077596	-0.153486	0.167133	-0.066479	0.203049	-0.044331	0.097602	0.029468	0.082906	-0.012064	0.073893	-0.058295	0.009398	-0.049500	-0.075140	0.035742	0.013046	0.025028	-0.045077	0.022231	-0.015432	-0.008487	0.037577	0.002608	0.052079	-0.002608	0.013513
0.937239	0.063290	-0.053208	0.008226	0.015943	0.049798	0.022143	-0.157010	-0.031846	0.124568	-0.170931	-0.069517	0.050867	0.055697	0.016499	-0.007276	0.035167	-0.026913	0.014893	-0.042474	0.041176	0.021317	0.002096	0.003224	0.050919	-0.000600	-0.021045	-0.017602	0.039530	-0.021759	0.030619	-0.018039	-0.027029	0.033740	0.026713	-0.006142	0.043670	0.012811	-0.013015	0.020574	0.045598	0.061894	-0.012055	0.003438	-0.028855	0.029599	0.000341	-0.037464	0.038288	-0.038464
0.915471	-0.095191	-0.247282	-0.077784	-0.070488	-0.043387	0.051978	-0.146895	-0.002018	0.001976	-0.053159	-0.054134	-0.032483	-0.020959	0.028662	-0.033145	0.069555	-0.006411	0.025190	0.023229	0.052689	-0.028012	0.041279	0.052002	0.035005	0.039998	0.031482	0.033897	-0.017969	0.048186	0.003746	-0.001617	-0.005149	-0.012433	0.028545	0.026070	0.051683	0.051105	-0.021398	0.027164	0.042340	0.065279	-0.032031	0.027200	0.006353	0.078214	-0.024343	-0.020505	-0.000869	-0.023449
0.749977	0.230881	-0.207768	-0.111870	0.094625	-0.197518	-0.079613	-0.124775	0.157980	0.056454	-0.100637	-0.034774	-0.023982	-0.038690	0.096301	0.003439	-0.005291	-0.062450	-0.098711	-0.037496	0.106830	-0.030589	0.045482	0.293127	0.030729	0.071517	0.041466	-0.116788	-0.085288	-0.042684	0.060578	-0.055844	-0.059725	0.021909	0.078592	0.047036	-0.024267	-0.037593	0.066681	-0.083528	0.022340	0.049004	0.070923	0.047610	0.090631	-0.059393	-0.015416	0.036539	0.053097	-0.054030
0.955331	-0.021303	-0.045907	0.076515	0.083037	0.004138	0.027582	-0.060395	0.097994	0.023941	-0.090578	-0.035795	0.058098	0.023951	-0.033593	0.001969	-0.054143	-0.016162	-0.062402	0.062469	0.038872	-0.014151	-0.007965	-0.046783	0.030331	-0.063350	-0.026931	-0.011526	0.019255	-0.039624	-0.052600	0.013940	0.041183	0.003414	-0.011350	-0.061019	-0.034317	0.022764	0.043442	-0.033392	0.047310	-0.013215	0.003777	0.038015	-0.002464	0.051903	0.014040	0.001695	-0.013129	0.003772
0.938425	-0.000661	-0.092058	-0.059554	0.110370	-0.149747	0.120102	-0.090980	-0.000846	-0.097781	0.084874	-0.001300	0.071067	-0.013950	0.028738	0.010815	-0.038760	-0.080688	0.024147	0.015789	-0.069256	0.002256	0.020223	-0.037056	-0.005765	0.005140	0.005287	0.025172	0.010916	0.006932	0.009698	-0.012631	-0.020909	0.019645	0.016733	-0.005002	0.027878	-0.007198	-0.024254	0.025813	0.045165	-0.030109	-0.017399	0.015040	-0.006170	-0.018764	0.038404	-0.022066	-0.021177	-0.031869
0.949424	0.136617	0.015698	-0.071862	0.065373	-0.045327	0.002771	-0.015356	-0.030322	-0.130668	-0.054761	-0.060649	-0.053648	-0.021030	0.023165	0.064414	0.009355	-0.041081	0.008428	-0.030477	-0.017513	0.009831	-0.088186	-0.035572	-0.031281	0.050749	-0.007131	0.064526	-0.016189	-0.013843	0.027213	0.052964	0.019140	-0.005019	-0.039181	-0.023886	-0.046518	-0.004639	-0.008216	0.024001	0.016516	-0.026714	-0.013167	-0.031171	0.000523	-0.002822	0.034015	0.019604	-0.010477	-0.046525
0.845902	0.071963	0.262873	-0.203356	-0.004464	-0.020600	0.088250	-0.115983	-0.034444	-0.000154	-0.075008	-0.092471	0.077604	0.060719	0.051582	0.012480	-0.011360	-0.054471	-0.032896	-0.001081	0.022256	-0.043378	-0.089150	-0.009757	-0.108615	0.125798	-0.026396	0.032127	-0.074125	-0.015053	0.162027	0.066431	0.005605	0.070202	-0.059512	-0.033538	-0.048424	0.016321	0.028169	0.022170	0.057509	-0.017406	-0.010767	-0.058747	-0.002875	0.041351	-0.038883	0.031603	0.111294	0.039862
0.899491	-0.145819	-0.162336	-0.046597	0.131346	0.056408	-0.002509	-0.033782	-0.048819	-0.066094	-0.037450	-0.062820	0.112961	0.022488	0.057592	0.066483	0.039453	0.024327	0.011684	-0.050884	-0.015157	0.000949	0.035009	0.143749	0.079434	0.027778	0.101363	0.012160	-0.020089	0.021473	0.021578	-0.002372	-0.075936	0.074988	0.052342	-0.016772	-0.016927	0.041632	0.021934	-0.000277	-0.006082	0.064821	0.029617	0.080809	-0.024856	0.034209	-0.016837	0.093117	0.012680	0.033904
0.898812	-0.000089	-0.226100	0.087395	0.089143	-0.117267	0.024480	-0.040209	-0.135873	-0.042605	-0.116463	-0.109224	0.158080	-0.024807	0.052038	0.021885	-0.017901	-0.048381	0.013943	0.005835	-0.069134	-0.022824	0.021186	-0.051324	0.078967	-0.045567	0.019923	0.009206	0.056897	0.011751	0.019925	0.035035	0.042146	-0.007283	0.014318	0.015986	-0.032945	0.028122	0.011520	0.039045	0.015564	-0.030347	0.004806	-0.015493	-0.009052	0.008221	-0.033707	-0.028967	-0.001582	-0.021424
0.908806	0.107506	-0.161363	-0.003264	-0.000166	0.126883	0.107429	0.022768	-0.075876	-0.083294	-0.045464	-0.177576	0.061061	0.004995	0.058354	0.118413	-0.039823	-0.022778	-0.085433	0.018626	-0.021128	0.100320	0.011038	-0.017237	0.008586	0.019661	-0.049920	0.009361	-0.011454	0.001158	-0.024677	-0.036184	0.008116	0.002306	0.049775	-0.015808	-0.023340	-0.056703	0.006787	0.001336	-0.015315	-0.006113	0.057979	0.048256	-0.004835	-0.003907	0.014204	-0.039973	-0.020979	-0.014595
0.886245	-0.003197	-0.100722	0.026373	-0.123185	-0.044135	0.031685	0.004169	-0.056817	-0.138980	0.144716	-0.144183	0.079646	-0.110925	0.106052	0.061360	-0.067254	0.018655	-0.142926	0.064809	0.057573	-0.014337	0.007641	-0.032420	0.033470	-0.129846	0.055436	0.028751	-0.014959	-0.011071	-0.054870	0.001419	-0.043801	-0.065780	-0.033572	0.048185	0.009673	0.003795	-0.010233	0.057826	-0.013980	0.048858	-0.000866	-0.054779	0.035610	0.015777	-0.058120	-0.028605	0.040669	0.045500
0.839933	0.004571	-0.098576	0.021022	-0.112432	-0.043822	0.012945	-0.065537	0.263159	-0.073711	-0.180990	-0.250811	0.028054	0.024130	0.026675	0.067715	-0.047692	0.005028	-0.030090	0.009616	0.007202	-0.088560	-0.011758	-0.070321	-0.041618	0.079697	-0.043607	0.137236	-0.043964	0.021871	0.087819	0.076038	0.005674	0.016859	-0.048427	0.002505	-0.055418	-0.022424	0.071202	-0.024191	-0.032816	-0.010247	0.013018	-0.014517	0.056813	-0.043610	-0.054715	0.060827	0.044349	-0.006664
0.867017	0.264928	-0.120750	-0.035041	-0.100259	-0.038346	0.069297	-0.006114	0.103662	-0.149054	-0.032760	-0.061804	0.071327	-0.002709	0.013908	-0.009705	-0.085961	-0.032555	-0.060859	0.049107	-0.022438	-0.076699	-0.034696	-0.024630	-0.089165	0.127523	-0.079714	0.134922	-0.022015	-0.007358	0.116227	0.070884	0.015487	0.030710	-0.030553	-0.007330	-0.002615	-0.018009	0.039072	0.043127	0.004405	-0.011263	0.002700	-0.032941	-0.025862	0.036400	-0.035685	0.035484	0.008301	-0.018975
0.949267	-0.055619	-0.084453	-0.033547	0.141758	0.069158	-0.026108	-0.031353	0.019024	-0.006993	-0.080460	-0.022238	-0.012282	-0.024858	0.128350	-0.006388	-0.014017	-0.002774	0.017498	0.001041	0.021482	-0.048202	-0.026822	-0.060519	0.035574	-0.055372	-0.054107	-0.021649	-0.021926	-0.021161	-0.033305	-0.015731	0.051023	0.035954	0.007154	0.011305	0.044905	0.036761	0.004760	0.028632	0.035454	0.019466	-0.001872	0.028170	0.030616	0.045625	0.068383	-0.003955	0.012677	-0.007385
0.904072	-0.169439	-0.218079	0.133421	0.028878	0.008512	0.116857	-0.035631	-0.031232	-0.015001	-0.024685	-0.170143	0.067175	0.041696	0.039749	0.014324	-0.066785	0.004612	-0.044811	0.038981	-0.010494	0.031752	0.001050	-0.012549	0.030188	-0.057370	0.076333	0.049726	-0.005827	0.000391	-0.043603	-0.018043	0.008628	-0.034505	-0.009493	0.051721	0.004929	0.023171	0.020591	0.036101	-0.007109	0.008727	0.019177	0.008866	0.012425	0.001555	-0.041540	0.033650	-0.000894	-0.001601
0.902772	0.143621	0.088795	-0.085448	0.188550	-0.042254	-0.102905	0.000399	-0.011842	-0.085214	0.020677	-0.050803	0.034973	-0.032962	0.063998	-0.065710	0.014014	0.083425	-0.076186	0.008148	0.015795	-0.038288	-0.043986	-0.046533	0.077382	-0.066490	-0.072964	0.005584	0.019711	-0.046095	-0.016615	-0.045803	-0.005350	-0.026797	-0.048095	-0.013920	-0.055742	0.057494	0.056467	0.007952	0.087500	0.074410	0.068402	0.007913	-0.026911	0.020029	0.031518	0.037716	-0.024882	-0.075000
0.885638	-0.058424	-0.042207	0.140537	0.256072	-0.009404	0.056444	0.082757	-0.002742	-0.016195	0.085627	0.046847	0.101537	0.018548	0.012806	0.033909	0.095151	0.006688	-0.059173	-0.013847	0.045401	0.080690	0.103626	0.042627	0.014672	0.060654	0.015599	0.076683	-0.025388	0.000498	0.013672	0.036899	-0.022659	-0.033391	-0.017587	0.069276	0.035634	0.019480	-0.053586	-0.044217	0.013650	0.065207	0.062612	0.070215	0.051857	0.021241	-0.047999	-0.016750	0.106839	0.058900
0.919790	-0.071076	-0.143540	-0.163831	0.024621	0.052315	0.133280	0.025634	-0.033039	-0.082777	0.013808	0.095261	0.035359	0.033273	0.030488	0.013387	-0.009006	0.054203	-0.070854	-0.032529	-0.041837	0.083305	0.079231	0.017979	-0.020992	0.070308	-0.012539	-0.018596	0.029727	-0.070049	0.019839	-0.025510	0.047383	0.017487	-0.023773	-0.030608	0.018449	0.004879	-0.037502	0.073743	-0.012705	0.013520	-0.023525	-0.021593	-0.051215	-0.057130	-0.007140	-0.020512	0.053487	0.009806
0.937605	-0.102504	-0.185131	-0.065978	-0.103122	0.030209	-0.007234	-0.027673	-0.005340	-0.035475	0.067134	-0.046121	0.017956	-0.022232	0.004599	-0.077664	-0.021503	-0.023910	-0.002777	-0.004362	0.019260	0.087711	0.039055	0.061341	-0.012579	0.017986	-0.019267	0.043111	0.026538	0.012442	0.022571	-0.010542	-0.011625	-0.000663	-0.054140	-0.024879	0.032328	-0.004563	-0.010759	-0.028764	0.020076	0.070843	-0.004294	0.029004	-0.078415	-0.037828	0.000147	-0.058277	0.055221	0.001345
0.908116	0.057529	-0.217959	-0.036889	-0.014631	0.033660	0.041501	-0.052760	-0.080735	-0.050421	-0.030347	-0.109066	0.049859	-0.029197	0.109062	0.004560	-0.028002	0.023946	-0.019761	-0.003359	-0.064947	-0.055754	-0.017744	-0.066492	-0.033831	-0.047721	-0.060244	-0.036671	0.078362	-0.030220	-0.044508	-0.032830	-0.013921	0.015230	-0.009462	-0.012205	-0.014889	0.016610	0.004894	-0.053848	0.085454	-0.028585	-0.020780	0.011811	-0.135632	0.037818	0.049917	0.105717	-0.020294	0.033965
0.877200	0.185673	-0.174862	0.041642	0.079124	0.047449	0.095457	-0.039761	0.024439	-0.121599	-0.047463	-0.067321	0.086962	0.032081	0.113245	0.147515	-0.066298	-0.004918	0.036130	0.080010	-0.195923	-0.008292	-0.026029	-0.063096	0.050229	-0.077135	0.014886	-0.055806	-0.044661	-0.012028	-0.022575	0.010525	0.023194	-0.040549	-0.001069	-0.031893	-0.035265	0.000031	0.000351	0.010192	-0.021158	0.025860	0.042046	0.029050	0.010548	-0.010179	0.018231	0.002823	-0.023249	0.002063
0.871632	0.157597	-0.276689	-0.071530	0.049016	-0.173568	0.019509	-0.075535	0.030363	-0.078435	-0.038117	-0.144756	-0.016791	-0.092998	0.056041	0.013271	-0.031628	0.015402	-0.014325	0.045741	-0.057619	0.094748	0.072016	-0.019480	-0.009261	0.024286	0.005806	0.006592	0.038074	0.000661	0.023318	0.011843	0.019489	-0.041638	0.024826	-0.007334	0.078514	-0.011804	-0.051191	0.001744	0.046119	0.048765	-0.017151	-0.006741	-0.040277	0.020444	0.004496	-0.099683	-0.022979	-0.006292
0.829720	-0.002031	-0.038763	-0.037994	0.133119	0.182838	-0.003259	-0.016793	0.203714	-0.100414	-0.050943	-0.143016	0.083381	0.063449	-0.114393	0.031162	0.019445	0.027209	-0.061959	0.020446	0.029749	0.022149	-0.028060	-0.013376	-0.146964	0.205515	-0.062316	0.195014	-0.057449	0.067691	0.103849	0.016916	-0.056695	0.045788	-0.033182	-0.015650	0.020071	-0.086697	0.018144	0.050026	0.035194	-0.037802	0.034601	0.029610	0.017068	0.025557	0.033995	-0.010826	0.021558	0.015975
0.905518	0.061154	-0.121087	0.066293	-0.011292	0.028571	-0.045016	-0.107181	0.093771	-0.005415	-0.105747	-0.122590	-0.062727	0.015679	-0.039027	-0.034926	-0.002720	-0.034193	-0.105280	0.078290	0.020803	0.056610	0.058766	0.070095	-0.045784	0.049237	-0.004273	-0.030442	0.005515	0.039201	0.019028	-0.065898	-0.026586	0.118413	-0.019162	0.003751	0.010059	0.067949	-0.056316	0.049110	0.042926	-0.056196	-0.140101	-0.030852	-0.021138	0.036753	-0.041254	0.008701	0.020231	0.060977
0.924434	-0.075126	-0.249859	0.186739	-0.030980	-0.067214	0.010079	-0.008410	-0.056145	-0.035639	0.021877	0.037889	-0.028228	-0.001213	-0.041250	-0.077597	-0.046574	-0.071372	0.016639	0.006249	0.025739	0.027310	-0.023898	-0.024364	-0.015881	0.024413	0.007730	-0.015069	0.027262	-0.018243	0.029827	-0.033950	0.019399	0.042519	0.007642	-0.034154	-0.011162	-0.003445	-0.004830	0.023379	-0.004457	-0.026636	0.019263	0.000619	-0.005785	0.014605	-0.002765	-0.004186	-0.035802	-0.028171
0.898940	0.141376	-0.213389	-0.148819	0.075924	-0.091432	0.135625	0.057542	0.057056	-0.012909	-0.016078	-0.005805	-0.041404	0.046283	0.014966	-0.059330	-0.029461	-0.024134	-0.039456	-0.012901	-0.059386	0.068074	-0.002848	-0.024186	-0.049849	-0.034099	0.052194	-0.053804	0.086308	0.002661	0.048212	-0.028239	0.067816	0.028539	0.017466	0.064947	-0.029836	-0.021378	-0.002076	-0.010647	0.017243	-0.011020	0.058650	-0.023675	0.015165	0.006632	-0.060348	0.011829	0.024412	-0.069631
0.916413	0.125515	-0.139080	0.182680	-0.024890	-0.121076	-0.055914	-0.050138	-0.078523	-0.012504	-0.021558	-0.155241	0.066485	-0.048384	0.084769	-0.006878	-0.031543	0.010161	0.012586	0.056739	-0.072866	0.005838	0.017380	0.017598	-0.042232	0.039593	-0.019847	0.017818	-0.043502	-0.016674	-0.002316	0.003257	0.007273	0.001265	0.032564	-0.026997	0.032278	-0.020221	-0.027988	0.036317	0.003638	-0.019943	-0.009588	-0.007832	0.020260	-0.001758	0.013926	-0.034414	0.027717	-0.026769
0.911850	-0.017383	-0.148065	-0.179980	0.139237	0.064866	-0.005854	-0.016070	-0.073402	-0.097032	0.015374	-0.128930	0.079139	0.067457	0.076211	0.095864	0.076979	0.002463	-0.004308	0.007128	-0.028070	0.032853	-0.019634	-0.056295	-0.015759	-0.035722	-0.080384	-0.027457	-0.017708	-0.033123	-0.008039	-0.016860	-0.012680	-0.025191	-0.002526	-0.021429	-0.010223	0.024001	-0.018681	-0.053762	0.007907	-0.019670	-0.022732	0.032184	0.013258	-0.017379	0.016815	-0.039825	-0.005717	-0.032653
0.927780	0.223447	-0.163092	-0.153067	-0.016461	-0.027278	0.014270	0.044604	0.008420	0.029648	0.030104	-0.035603	-0.032938	-0.005995	0.026603	0.027182	0.025688	0.005766	0.012196	0.026495	-0.022145	-0.043185	0.012310	0.056564	0.013155	0.067196	0.027936	-0.025364	-0.047285	0.007409	0.015087	0.002606	-0.004250	0.026681	0.009081	-0.030306	-0.003617	-0.012919	-0.018406	0.009309	-0.038510	-0.031663	-0.044240	-0.064461	0.004682	-0.013934	-0.007798	0.041798	0.024354	0.030482
0.894752	0.029037	-0.126062	0.028553	-0.020534	0.117900	-0.106581	0.171906	-0.067675	-0.089493	-0.037896	-0.168963	0.030488	0.009844	-0.021030	-0.035249	0.105897	0.057897	-0.033191	0.048727	0.072497	-0.027474	-0.057766	0.097989	0.098009	0.002959	-0.033953	0.005278	0.014847	0.033952	0.013266	-0.068111	-0.048720	0.022886	-0.053580	-0.026229	0.065449	0.037399	-0.033580	-0.065283	-0.005937	0.038085	-0.001919	0.024340	-0.028435	0.065910	-0.011172	0.016788	-0.046635	0.005639
0.863560	-0.082909	0.083797	-0.171738	0.212298	-0.117844	-0.022137	-0.011718	0.012278	-0.072484	-0.103151	-0.092614	0.094791	-0.020063	0.092272	0.126782	0.114957	0.001860	-0.100546	-0.014980	0.014025	-0.033998	-0.084919	0.006026	-0.060033	0.006977	0.048981	0.047749	0.033328	-0.001653	0.133472	0.011935	-0.020868	-0.009792	-0.014445	-0.015420	-0.033980	0.101686	-0.000594	0.027173	-0.068731	0.019453	-0.037031	-0.014167	0.002160	0.101858	0.039438	0.026391	0.000424	-0.024890
0.866622	0.048170	-0.033064	-0.090983	0.181711	0.108591	0.009640	0.051717	0.137899	-0.021730	-0.090058	0.074380	-0.097639	-0.087390	0.080949	-0.046899	0.062417	0.162838	0.008330	0.064726	-0.001547	0.007267	0.127338	0.029061	-0.014560	-0.066005	-0.006407	0.091725	-0.008743	0.022774	0.013777	0.070639	-0.073968	-0.057262	-0.061754	0.041322	-0.126653	0.039491	-0.023015	-0.042037	-0.115259	-0.020009	-0.018680	-0.027509	-0.089506	0.001604	-0.011111	0.015987	-0.045637	0.024998
0.928298	-0.018383	-0.159033	-0.120893	0.008068	-0.050800	0.132793	-0.025003	0.014283	-0.009853	-0.002993	0.107562	-0.012226	-0.095936	-0.028058	0.016143	0.037611	-0.042458	0.048586	-0.021263	-0.012123	0.062468	-0.019546	-0.018878	0.063194	0.020794	-0.001319	-0.008507	0.005608	-0.001098	0.024798	0.124820	0.008446	-0.005753	-0.002549	-0.042599	-0.025500	-0.040148	-0.003177	0.032998	0.009480	0.079669	-0.054767	0.082114	-0.008711	-0.030424	-0.021236	0.006583	0.001507	-0.018006
0.886627	0.116543	-0.227701	0.038684	0.019033	-0.043968	0.116340	0.004208	0.089976	0.018492	-0.049147	-0.156383	-0.023020	-0.002654	0.140142	0.050510	-0.062943	-0.043067	-0.025404	0.140159	-0.033449	-0.044324	0.032756	0.001370	0.033457	-0.043784	-0.034197	-0.078895	-0.025328	-0.052104	-0.055254	0.064763	0.010648	-0.046189	0.046002	0.005736	0.049731	-0.020489	-0.018056	0.051976	0.006217	0.008980	0.030920	-0.057026	0.010203	0.028791	0.044661	0.011106	-0.062902	0.011444
0.921724	0.053526	-0.168609	0.053894	0.025052	0.048542	0.070309	-0.123429	-0.164035	-0.038640	0.003905	-0.111680	0.062693	0.030543	0.008928	0.036042	0.005223	-0.061275	-0.026355	0.034810	0.029914	0.022211	0.064957	0.028599	0.086551	-0.015840	-0.032994	-0.004077	-0.058052	0.019456	-0.030297	-0.042111	-0.055742	0.033387	0.035863	0.009834	-0.026492	-0.016399	0.007642	0.046916	-0.039252	0.037073	-0.014284	-0.027934	0.041513	0.022367	-0.035255	0.030149	0.037401	-0.004907
0.952260	-0.016829	-0.012042	-0.148781	0.032816	-0.010650	0.060185	-0.033212	-0.059430	-0.074853	0.067392	-0.105878	0.054741	0.023489	0.044819	-0.023761	-0.067886	-0.034148	0.019069	-0.002490	-0.035543	0.000253	-0.030767	0.036932	0.026661	0.009076	0.060268	-0.013975	0.004159	0.039472	-0.043332	-0.023249	-0.022472	0.030724	0.008568	0.035627	0.045917	-0.016211	0.013749	-0.011170	-0.002580	-0.000351	0.009343	0.028529	0.016618	-0.010688	-0.053842	0.023864	-0.039915	0.059527
0.883609	-0.135630	-0.194811	0.110386	-0.048008	0.035345	-0.024205	-0.009077	0.005780	-0.061118	-0.016175	-0.043109	0.036481	0.020815	0.038239	0.013969	-0.053145	-0.106306	0.012935	0.083983	-0.005209	-0.054182	0.039461	-0.019204	-0.026081	-0.010612	0.042883	-0.050646	0.094032	-0.100101	-0.099186	-0.016196	-0.055195	0.009528	0.040183	0.050906	-0.063341	-0.022261	-0.008858	-0.041339	0.028992	-0.068975	-0.102468	-0.053090	-0.090301	0.001217	0.061277	0.158922	0.059797	0.058981
0.887271	-0.073115	0.065342	0.185515	0.071224	0.057749	-0.078070	0.048911	0.095409	-0.029381	0.041816	-0.215113	0.117983	0.010989	0.039082	0.043870	-0.094135	0.054503	0.032437	-0.029166	-0.016359	-0.014446	0.067051	0.045281	-0.000515	-0.081444	0.015119	-0.005601	-0.003019	0.000220	-0.053304	0.040807	-0.082756	-0.043687	0.012322	-0.033159	-0.005135	0.055524	0.070780	-0.049872	-0.024127	0.043398	0.024752	0.061693	0.076235	0.065646	-0.046201	0.003003	-0.066212	-0.005403
0.899046	-0.109975	-0.127629	0.126424	0.092608	0.077602	-0.124110	0.040861	-0.083844	0.099314	-0.066296	-0.033175	0.045725	0.060683	0.041620	-0.075696	0.009349	-0.088004	0.009250	0.027026	-0.014744	0.035069	-0.042768	0.116567	-0.085115	0.089327	0.002436	-0.113054	0.017476	-0.017966	0.071108	-0.058478	0.041886	0.000809	0.002628	0.009638	0.015772	0.008817	0.040009	-0.007209	-0.019895	-0.019455	-0.009037	-0.053409	0.008173	0.046331	0.019901	-0.037066	-0.015300	-0.075278
0.850628	0.039636	0.040983	-0.002020	0.194460	-0.238557	-0.068498	-0.115058	0.098369	-0.010963	0.010188	-0.049756	0.166768	-0.030014	0.085357	0.040468	0.013289	0.060236	0.003246	-0.047819	0.014356	-0.090274	0.010243	-0.075352	0.010536	-0.004647	0.041376	-0.049688	0.035747	-0.052835	-0.007873	0.046434	-0.053749	0.080052	0.021428	0.064037	0.009925	0.047422	-0.005219	-0.075397	-0.088905	-0.034535	0.026203	0.004917	0.116856	-0.027833	0.047295	-0.135633	0.062887	0.094487
0.912290	0.067708	-0.059572	-0.003816	0.160534	-0.120665	-0.162327	-0.045029	0.051364	-0.025834	-0.021329	-0.058407	-0.032620	0.003377	-0.030498	-0.008573	0.001582	0.049563	0.022367	-0.002097	-0.047178	0.026338	0.036963	0.062067	-0.061944	0.017301	-0.032785	0.058255	0.103000	0.033156	-0.014162	-0.020795	-0.063947	0.048544	0.016596	-0.015227	0.088318	-0.042766	-0.085503	0.013572	0.105364	0.033005	-0.087695	-0.003328	-0.023555	0.019088	0.018573	-0.065745	-0.000053	0.004026
0.911818	0.181650	-0.178049	0.122830	-0.086396	0.034142	0.000228	-0.151481	-0.021573	-0.070177	-0.005983	0.002199	0.036188	0.003692	-0.040941	-0.041372	-0.031617	0.084467	0.013650	-0.039544	0.018475	0.084220	0.005936	0.027218	-0.040783	0.028490	-0.027957	-0.006020	0.011163	-0.016127	-0.026809	-0.039765	-0.020175	0.041053	-0.017309	-0.037991	0.090521	0.008959	0.001450	0.031396	0.011435	0.012091	0.029478	0.046410	-0.004469	0.045246	0.013116	-0.065338	0.010043	0.002355
0.727856	-0.226845	-0.039431	-0.043081	0.194946	-0.275303	-0.193286	-0.038462	-0.069731	-0.018764	-0.027158	0.059065	-0.092248	-0.071488	0.174047	-0.094873	-0.148935	0.058213	-0.130318	0.101759	0.178853	-0.066950	0.068865	-0.030273	-0.128124	0.043659	0.063435	-0.115095	0.026912	-0.032556	0.090171	0.003221	0.093815	-0.066130	-0.057534	-0.075966	-0.092902	0.019623	-0.066714	-0.009492	-0.092126	0.071377	-0.019054	0.004926	-0.065563	0.012842	-0.022647	-0.023497	-0.047116	0.047766
0.719728	0.192247	-0.279862	0.028051	0.057998	-0.143625	-0.022793	0.065650	0.007205	-0.211763	0.027496	-0.156058	0.240137	-0.074441	0.177851	0.100695	-0.127791	0.066006	0.029833	0.089162	-0.262158	-0.005130	-0.069226	-0.114833	0.054245	-0.101526	0.047555	-0.035035	-0.028608	-0.057306	-0.011655	0.079814	0.010590	-0.047729	0.040598	0.029953	-0.018416	-0.026259	-0.004365	0.011800	-0.002950	0.015446	0.003668	0.020588	0.027867	-0.062389	0.037541	-0.040610	-0.010626	-0.062166
0.776518	-0.136905	-0.357676	-0.155924	-0.160197	-0.043350	-0.045947	-0.076080	-0.028392	-0.087551	-0.033327	-0.146962	0.053125	0.013174	0.135434	0.103619	0.003238	-0.031650	-0.034835	0.071212	-0.106496	-0.050282	-0.003055	-0.043634	0.069924	-0.116626	0.057022	-0.033633	0.040904	0.013238	0.019954	0.039806	0.056165	-0.099104	-0.007075	0.065104	-0.032536	0.079417	-0.146054	-0.073141	-0.057348	-0.047966	0.045518	0.054229	-0.006675	-0.015781	-0.121402	0.012290	0.019474	-0.008714
0.978920	0.008876	-0.081863	0.029350	0.076911	-0.025596	0.011047	0.039385	-0.019093	-0.085970	-0.011007	-0.064144	0.008443	0.008766	0.053979	-0.016434	-0.029615	-0.021031	-0.030710	-0.004895	-0.042216	-0.016643	-0.008090	-0.039317	-0.002889	-0.009271	0.007282	0.013477	0.022437	-0.000744	0.010752	-0.011435	-0.001703	0.013161	0.007946	0.017963	-0.015084	-0.019533	0.005547	-0.010846	0.018946	0.001805	-0.018748	0.007386	0.003878	0.030175	0.013789	0.007344	0.014574	0.001114
0.981278	0.009772	0.006935	0.012892	0.006904	-0.057901	0.024923	-0.026759	0.008457	-0.088217	-0.004485	-0.054083	0.078905	0.040426	0.056442	0.026739	0.024545	-0.029667	-0.037132	0.025449	-0.043944	0.007498	-0.020791	0.005059	-0.000613	-0.001279	0.018424	0.018768	-0.013871	0.009987	0.004329	-0.017302	0.005917	0.015908	0.009753	-0.018904	-0.003989	0.009620	0.000448	-0.005987	0.005970	0.012620	-0.009033	0.002055	-0.004063	-0.027446	-0.011936	0.004816	0.001877	0.011087
0.949059	-0.048251	-0.194570	-0.065509	0.096051	-0.000707	0.075805	0.006098	-0.008632	-0.089978	-0.044849	-0.065899	0.023003	0.005502	0.074652	0.074907	-0.018132	-0.013694	-0.035054	-0.025807	-0.037303	0.012505	-0.032634	0.032697	0.010344	-0.000576	0.027523	0.029859	0.021558	0.031504	0.007332	0.012150	0.014226	0.010221	-0.003135	0.006092	-0.015551	0.001465	-0.015446	0.044307	-0.001814	0.005672	-0.010938	-0.003026	-0.009811	0.002667	0.018964	0.004764	0.014990	0.018717
0.969055	0.057477	-0.125026	0.080503	0.034143	0.005964	0.032522	0.028754	-0.013217	-0.047235	-0.064999	-0.100901	0.029093	0.015331	0.026047	0.041663	-0.007433	-0.003977	0.026053	0.032523	-0.049845	0.024023	-0.006712	-0.012529	0.048597	-0.002853	0.018355	-0.015452	0.015047	-0.015140	0.004999	-0.019275	0.019018	-0.006132	-0.002581	0.016664	-0.002746	0.021647	-0.019914	0.001194	0.027068	0.015416	0.011422	-0.013863	-0.002941	-0.002237	0.012419	0.004421	0.014656	-0.001540
0.959871	0.075819	-0.142565	0.035089	0.110996	-0.049347	0.056864	0.019033	-0.006897	-0.025964	-0.013878	-0.109646	0.040117	0.035746	0.022170	-0.005479	-0.014497	0.022501	-0.004361	0.047380	-0.041412	0.043095	0.035630	-0.021254	0.015734	-0.031225	0.015051	-0.018488	0.011634	-0.021402	0.020157	-0.027154	0.039940	0.019650	-0.010127	-0.001556	0.002550	0.013930	-0.000808	0.016575	-0.015319	0.000365	0.003551	0.012880	-0.016270	0.022940	0.011684	0.024408	-0.017771	0.005640
0.949380	-0.026647	-0.091836	0.011689	0.095463	-0.029521	0.049550	-0.037791	0.027834	-0.105221	0.030501	-0.067747	0.112374	0.019401	0.115229	0.075785	-0.035549	0.051639	-0.004516	0.053187	-0.072925	0.011422	0.024011	-0.030036	0.047542	-0.021414	0.016254	-0.016166	-0.003962	-0.016266	-0.001030	0.005208	0.003866	-0.005925	0.004404	0.040608	-0.009085	-0.003928	-0.021667	0.007079	0.045206	0.043412	0.001927	0.001246	-0.007149	0.018785	0.035909	0.012484	0.021893	-0.016715
0.972348	-0.025429	-0.040856	0.088537	0.039860	-0.062286	0.087735	-0.016909	-0.043781	-0.039426	-0.014648	-0.074214	0.089228	-0.022993	0.016023	0.031367	-0.011936	-0.036847	-0.024222	0.025525	-0.035332	0.031924	0.001175	0.016146	0.012655	0.005144	0.030315	-0.011097	0.015507	0.020813	0.031726	0.004448	0.013966	-0.002590	0.006734	0.017435	-0.016281	0.020770	0.004832	0.029114	0.012515	0.009153	-0.008963	-0.018242	-0.020786	-0.012239	0.007073	-0.002433	-0.012311	-0.015850
0.971456	-0.043786	-0.081716	-0.046737	-0.034393	-0.021328	0.125356	-0.030091	-0.013069	0.015959	-0.001231	-0.042332	0.066280	-0.012255	0.013885	-0.069504	-0.010828	-0.029715	0.015100	-0.010024	0.036725	-0.000348	0.001669	0.035092	-0.032229	0.026102	0.002054	0.020036	0.018773	0.022451	-0.006449	-0.030702	-0.017737	0.006260	0.030752	-0.009905	0.024860	0.006284	0.018410	0.005333	-0.036465	-0.030407	-0.027599	-0.005711	-0.003204	-0.005180	0.003164	0.016694	0.026953	-0.032405
0.969161	-0.095415	0.022318	0.052119	-0.014639	-0.076621	0.018991	-0.026120	-0.071292	0.005135	-0.108186	-0.065546	-0.012857	0.012697	0.050878	0.030376	-0.033697	0.001648	-0.001205	0.019529	0.005058	0.034733	0.017869	-0.008652	-0.045492	-0.008772	0.007106	-0.018020	0.006711	0.031553	-0.006059	-0.021678	-0.012225	0.053590	-0.016291	0.001173	-0.034687	0.015513	0.003036	0.012237	-0.014712	0.027990	-0.014231	0.017544	0.015621	0.006039	0.001099	0.027102	0.037339	-0.017472
0.979307	-0.048491	-0.072129	0.087608	0.023841	-0.014543	0.023746	-0.009233	0.023108	-0.050220	-0.031537	0.020725	0.020336	0.016814	0.012374	-0.043481	-0.042834	0.041385	-0.011882	0.012576	0.006153	0.048426	0.032502	0.002942	-0.034378	0.021983	0.017949	-0.015431	-0.009728	0.001879	-0.033055	0.001189	-0.019781	0.005907	-0.016681	0.020251	0.034241	0.000620	-0.028034	-0.008336	-0.031628	-0.035901	-0.009262	0.013540	-0.008873	0.007030	-0.012243	-0.016574	-0.010600	-0.001202
0.941897	-0.094403	0.048635	-0.148594	-0.078290	0.058657	-0.013092	-0.145066	0.060558	0.081334	-0.067334	-0.038717	-0.050053	-0.025064	0.057543	0.028742	0.040096	0.016113	-0.038259	-0.007677	-0.052700	0.067920	-0.039578	0.010304	-0.055744	-0.020405	-0.026997	0.013513	0.016264	0.028675	0.010419	-0.012202	-0.022551	0.019333	0.004700	0.006754	0.031935	0.016315	0.018721	0.010539	-0.030734	-0.018055	-0.033608	-0.025173	0.010778	0.006333	-0.008197	-0.006354	-0.008772	-0.028208
0.973619	-0.129791	-0.045562	-0.056158	0.014397	-0.065351	-0.046678	-0.048199	0.050174	0.040132	-0.040421	-0.018773	0.026777	-0.052826	-0.004166	0.003156	0.021047	0.009799	-0.026221	0.020673	0.054648	-0.021964	0.017794	0.007730	-0.008418	-0.021878	0.010589	-0.002783	0.002472	0.019501	0.022839	0.012347	0.006175	-0.015951	0.002271	0.016583	0.015064	0.029358	-0.020753	-0.004491	-0.023848	0.000670	-0.019924	0.002072	-0.015968	-0.002532	-0.017469	-0.014938	-0.012525	0.010153
0.965374	-0.115242	0.072158	-0.007017	-0.094909	-0.038553	-0.036633	-0.087432	-0.042323	-0.004246	-0.039718	-0.014352	-0.025747	-0.066991	0.034905	0.015354	-0.039160	-0.040679	0.003942	0.048794	0.023936	0.026956	-0.004053	0.044289	0.037040	-0.012035	-0.001816	0.004770	0.007297	0.022890	-0.013367	-0.021229	0.007786	-0.004117	-0.025544	-0.012619	0.052152	-0.004500	-0.010139	0.009903	0.031917	-0.014234	-0.022973	-0.002462	-0.015205	-0.010180	-0.035274	-0.011625	0.019240	0.023604
0.979821	-0.018319	0.052949	-0.068612	-0.001894	-0.066306	0.047316	-0.014181	-0.018940	-0.031748	-0.020467	0.043820	0.020836	-0.042508	0.021872	0.020033	-0.004831	-0.014907	0.014425	0.043995	0.033015	0.009059	-0.014314	0.047937	-0.014949	0.011225	0.028231	-0.006303	-0.010197	0.016853	-0.007920	-0.016451	0.061121	-0.009301	0.010956	0.029019	0.015550	-0.009617	0.038174	-0.031329	-0.010737	0.005186	-0.009057	0.017904	-0.027486	-0.006548	-0.035732	0.011856	0.012079	-0.001109
0.959738	-0.040257	-0.016835	-0.012665	-0.029705	0.102505	0.042829	-0.041523	-0.048713	0.048473	0.011222	-0.013283	0.090142	-0.038349	-0.019606	-0.046569	-0.072843	-0.033167	-0.093974	0.050166	0.036708	0.017362	0.004574	0.046604	0.067284	0.041618	0.062359	-0.004366	0.010488	0.024852	0.006852	-0.031551	-0.015681	-0.026334	0.014941	-0.008729	0.012952	0.009268	-0.026118	-0.004433	-0.023477	0.016767	-0.040313	0.023106	-0.008858	-0.040607	-0.037961	0.015740	-0.034646	0.037169
0.949001	0.066276	-0.164897	-0.025374	0.086542	0.033608	-0.022214	-0.012016	0.130287	-0.075040	-0.069620	-0.052113	0.021900	-0.004995	0.022957	-0.012521	-0.010152	0.093145	0.057306	-0.034931	0.022025	0.004061	-0.033873	0.001902	-0.034486	-0.019976	0.005518	-0.006223	0.031020	0.008442	-0.057745	0.000728	0.006466	-0.030281	-0.020711	-0.012024	-0.002468	0.004041	0.000213	-0.028709	-0.012127	-0.010840	0.007988	0.011475	0.016676	-0.010407	0.014275	-0.021163	-0.028625	-0.029966
0.943518	0.042529	-0.087367	-0.115123	0.004301	0.158447	0.026572	0.028045	0.117259	0.057289	-0.014487	-0.025871	-0.013028	-0.016982	-0.037706	0.026699	-0.042700	0.011441	-0.052517	-0.002870	-0.043892	-0.018728	-0.005454	0.075407	-0.009196	0.008250	0.045797	-0.002052	-0.023857	-0.027450	0.036406	0.031507	0.045312	-0.013702	0.054551	0.014860	0.001804	0.066537	0.000443	0.017252	-0.000773	0.016433	-0.046469	-0.072208	0.001614	-0.029426	0.027168	0.020949	-0.000204	0.038652
0.945932	-0.166811	-0.074726	0.060919	0.062375	0.023110	0.026612	-0.004359	0.048200	-0.008247	-0.007347	-0.080097	0.056617	-0.068373	0.056533	0.067190	0.012784	0.084573	0.040818	0.047580	-0.055869	0.033029	0.009448	-0.014977	0.005457	0.035228	0.054047	-0.010526	-0.003588	0.026936	-0.022403	-0.008630	0.037163	-0.038162	0.007826	0.003638	0.029145	-0.023787	-0.021772	-0.028939	-0.033608	-0.007165	0.016178	-0.029691	0.043081	0.019637	-0.054297	0.062758	0.001573	0.002068
0.950163	0.123756	0.135384	0.059722	-0.060555	0.013102	-0.122810	0.009705	-0.015899	-0.007370	-0.024530	-0.114708	0.028653	0.026241	-0.062676	-0.005923	-0.005811	-0.026797	-0.019162	0.012742	0.006993	0.007831	0.052115	0.046712	0.018427	0.018679	-0.002558	0.035352	0.034725	-0.018276	0.001077	0.018567	0.005732	0.053753	0.018008	-0.058189	0.022737	0.021469	-0.007376	-0.004011	-0.001529	0.032635	-0.013176	0.023109	-0.013800	0.039065	-0.004832	0.003752	0.007576	-0.006162
0.953575	0.024342	-0.104131	0.106651	0.080067	-0.061078	-0.049884	0.011049	-0.017224	-0.033298	-0.067370	-0.076143	0.100322	-0.026391	-0.031732	-0.020440	-0.012341	-0.045756	-0.011239	-0.016797	0.022398	-0.000276	-0.035342	-0.011917	0.013732	0.019963	0.009835	-0.067637	-0.014056	0.071802	-0.032941	-0.038871	0.008193	0.022457	0.021782	-0.006789	-0.011922	-0.006271	-0.011836	-0.000008	-0.050456	0.053688	-0.050009	0.012741	-0.007265	-0.037515	0.019551	0.020452	-0.003104	0.040916
0.921862	-0.040581	-0.138481	0.100513	0.127310	-0.152864	0.056902	-0.001423	0.006097	-0.090887	-0.049825	-0.026049	0.000377	0.027941	0.072113	0.049493	-0.112302	-0.013984	-0.016169	0.111980	-0.098760	-0.007312	0.010983	-0.014367	0.047163	-0.063356	0.000205	-0.056347	-0.065505	0.005467	0.047024	0.020564	-0.015772	0.004462	-0.008421	0.014178	-0.001792	0.004755	-0.000116	0.009387	0.030198	-0.002597	0.021462	-0.010873	0.005076	0.000731	0.040552	0.021575	0.004517	-0.010946
0.933747	0.055382	-0.190487	0.049610	0.046800	0.084299	0.081081	-0.120057	-0.003166	0.061075	0.064529	-0.019862	0.029227	-0.030212	0.073732	-0.015185	0.023418	-0.006860	-0.013042	-0.041637	-0.004307	0.015258	0.034338	0.057064	-0.034127	0.033663	-0.015654	-0.002844	0.018789	-0.006728	-0.010962	0.036694	0.006977	0.044018	-0.019691	-0.049059	-0.024922	0.002979	-0.035031	-0.022844	-0.068778	-0.041295	0.006267	-0.059279	0.051103	0.039774	0.054028	-0.010736	0.033653	0.056343
0.944231	-0.002982	0.156092	0.011402	-0.102784	-0.026098	0.070759	-0.082764	-0.023831	0.041651	-0.053263	-0.062710	0.130231	0.003351	-0.001189	-0.000976	-0.026174	0.002852	-0.052326	0.024158	-0.036020	-0.053161	-0.005492	0.005631	-0.000837	-0.038501	-0.002287	-0.035360	0.042817	-0.001748	-0.014499	-0.004524	0.015749	-0.000160	0.026920	-0.010174	0.039053	0.017072	-0.069120	0.043141	-0.037151	0.041901	-0.029729	0.004966	0.030895	0.005971	0.047757	-0.023647	-0.006138	0.065781
0.955729	0.044989	-0.168085	-0.017912	0.092360	-0.017867	-0.070662	0.079687	0.004977	-0.079107	-0.045067	-0.035162	-0.007472	-0.065239	0.056121	-0.001053	0.036493	-0.011295	-0.033348	-0.006423	0.022793	-0.011450	-0.023342	0.006607	0.038387	0.011621	0.006962	0.033497	-0.011092	0.008745	0.040031	-0.029628	0.020632	0.018302	0.010731	-0.008427	-0.026536	0.059451	0.004506	-0.019309	-0.006940	-0.024500	-0.020866	-0.031445	0.000089	0.001093	0.033847	-0.022987	-0.010023	-0.006522
0.968387	-0.110858	-0.170549	0.010130	0.014998	-0.023648	0.022741	0.010012	-0.010199	-0.012125	-0.071716	-0.028929	0.001892	-0.020259	0.003030	-0.006716	0.007454	-0.039817	0.003996	0.007618	-0.028254	-0.004783	-0.030720	0.003261	0.036678	0.009674	0.028545	-0.010553	0.005744	0.018919	-0.033949	-0.001853	0.014557	-0.006896	0.015680	-0.010715	0.032679	0.007809	0.007270	-0.005003	-0.028040	0.017587	-0.004697	0.033466	0.003505	0.001784	0.003234	0.022846	-0.015485	0.019794
0.978668	0.043155	-0.122621	0.044258	0.032390	0.024217	0.003881	-0.072684	-0.030177	-0.031607	-0.049248	-0.038138	0.049043	-0.016325	0.044683	0.024840	-0.008715	-0.002827	-0.005939	0.021161	-0.003571	0.027457	0.000722	0.013620	-0.003094	0.009489	-0.007848	-0.021736	0.001321	0.013442	-0.023588	-0.009610	-0.026441	0.008599	0.011913	0.008585	0.009736	0.004010	0.011466	-0.007895	-0.021810	0.014471	-0.004249	0.008760	-0.001766	0.004301	0.002241	-0.015287	0.005025	-0.000736
0.973633	0.018844	-0.053813	0.065269	-0.045768	-0.088675	0.008952	-0.064963	0.063301	0.015251	-0.009132	-0.042741	0.056968	0.028810	-0.009209	-0.005982	0.016293	-0.031826	-0.001881	-0.027971	-0.042551	-0.047062	-0.024963	-0.017615	-0.059677	0.018885	0.009662	0.031859	-0.002155	0.001626	0.051351	-0.005804	-0.023856	0.011449	0.013291	-0.007680	0.013033	-0.005456	0.001004	0.006359	-0.012268	-0.026547	-0.016160	-0.028457	0.025939	0.006441	0.013494	-0.004219	0.031843	-0.012838
0.977246	0.008677	-0.060497	0.048634	0.134789	0.001733	0.029543	-0.022913	0.052848	-0.057368	0.024586	-0.061769	0.002092	0.000879	-0.009328	-0.013446	0.003474	0.012507	0.002669	0.012046	-0.013895	-0.012484	-0.022541	-0.007011	0.013391	0.007994	0.034620	0.002928	0.032514	-0.029001	-0.001724	0.017679	0.003405	-0.004215	0.010073	-0.011384	0.015241	0.013359	-0.003194	-0.041355	-0.009905	-0.004400	0.010857	0.006750	-0.009743	-0.021113	-0.003882	-0.002071	0.000656	0.020466
0.964505	-0.014482	0.017206	-0.028485	0.088490	0.030593	-0.028773	-0.055210	0.009934	0.071532	-0.042841	-0.065666	0.028797	0.065642	0.037865	-0.009665	-0.074783	-0.022082	-0.021882	0.020428	-0.005652	-0.001663	-0.016843	0.033862	-0.010231	-0.040529	0.063213	-0.003635	-0.014735	-0.032015	-0.064035	-0.022670	-0.015889	-0.037153	-0.038316	-0.080842	-0.028203	0.039677	-0.010401	0.019444	0.023550	-0.003458	0.013420	-0.004225	-0.031215	-0.001021	-0.016153	0.016114	-0.041272	0.035103
0.944317	-0.002617	-0.090696	0.183408	0.073949	-0.109091	-0.024013	-0.083039	-0.026204	-0.001919	-0.011741	-0.032037	-0.080913	0.008528	0.025671	0.002824	-0.002744	0.043081	-0.066340	-0.034417	0.047380	0.017474	-0.044538	0.020169	0.005046	-0.023377	0.037750	0.035691	0.002113	0.015189	0.019080	-0.017353	0.027576	0.044592	-0.040206	0.014221	-0.008642	-0.039055	0.011234	-0.009504	-0.015931	-0.057251	0.040219	0.017581	-0.015844	0.010104	0.015454	0.057643	0.005805	-0.007744
0.970532	-0.108761	-0.058113	0.066837	-0.023329	0.075129	-0.033100	-0.083867	0.041829	-0.000687	-0.007885	-0.017381	0.003943	-0.052201	0.004129	0.020982	-0.017701	-0.039319	0.062669	0.002217	-0.035928	-0.001806	-0.044348	-0.045525	-0.020364	0.026974	0.029183	-0.008167	-0.000924	-0.008228	-0.020607	0.003934	-0.001858	0.006548	-0.003980	-0.010301	-0.005673	-0.024567	-0.002820	-0.000946	-0.017673	-0.002997	0.032414	-0.015106	0.018185	0.002620	0.038639	-0.004929	0.019217	-0.020798
0.947651	0.060166	0.014416	0.220196	0.136077	-0.042995	0.005295	-0.046356	-0.057880	-0.001641	-0.058690	-0.043062	0.019797	-0.038547	-0.027835	0.019906	-0.047967	-0.029041	0.032159	-0.017958	-0.014519	0.023571	-0.008865	-0.033206	-0.030636	0.003065	-0.003820	0.004629	0.013998	0.003336	0.013549	-0.023905	-0.029109	-0.004671	0.001875	0.010989	0.034343	0.010504	-0.010299	-0.042714	-0.019765	-0.026770	-0.013182	-0.013822	-0.001972	0.008376	-0.000401	-0.026113	0.023239	-0.004986
0.946184	-0.167266	-0.126488	0.109483	-0.034255	0.113488	-0.006662	-0.051695	-0.010483	-0.045456	-0.052031	0.028301	0.046563	0.003228	0.041123	-0.021435	-0.003335	-0.039097	0.010683	0.004300	0.070194	-0.011354	-0.012501	-0.013400	-0.016906	0.015746	-0.016428	-0.018442	-0.029184	0.000043	-0.015779	-0.047689	-0.000952	-0.004979	-0.008760	-0.032927	0.009478	0.018246	-0.020168	-0.021487	-0.036521	-0.038444	0.044407	-0.012987	-0.012001	0.008096	0.035070	-0.029130	-0.025552	0.005966
0.954482	0.055565	-0.037293	0.147232	0.026221	0.120987	0.030744	-0.081822	-0.026957	-0.134254	0.052118	0.030873	0.050398	0.035848	-0.001808	0.003640	-0.046698	0.020796	-0.024621	0.011789	0.011553	-0.022444	-0.038874	0.002831	-0.029758	-0.034351	-0.025632	-0.011558	0.031617	-0.019311	0.007931	-0.013482	0.002699	0.009581	0.002943	0.004131	0.004945	0.014506	-0.002639	0.006719	-0.000256	-0.013899	0.006774	-0.014118	-0.024021	-0.013325	0.030607	0.009335	-0.017964	-0.025325
0.968211	-0.082726	0.055549	0.071035	0.064992	-0.012165	0.083108	0.013518	0.000347	-0.022717	-0.010909	-0.057099	-0.015784	-0.017867	-0.010479	0.042738	0.023714	0.047615	0.028080	0.009795	-0.066240	0.055423	0.073877	-0.044311	-0.006238	-0.012748	-0.003525	0.026485	-0.039739	-0.036005	-0.006748	-0.011079	0.027276	-0.016899	-0.018334	-0.021927	-0.020916	0.031962	-0.029144	-0.003527	-0.016739	-0.005111	0.015903	0.025760	-0.012508	-0.019928	-0.025430	-0.016396	-0.009798	-0.014872
0.977048	-0.053379	-0.068667	0.126588	0.018251	-0.054480	0.057103	-0.043501	-0.013896	-0.047963	-0.012495	-0.065504	0.018793	-0.013647	0.020840	0.023970	0.014762	0.009220	-0.006119	-0.010015	-0.023541	0.007455	-0.007948	-0.009503	-0.009871	0.017661	-0.007583	-0.011291	-0.005723	-0.012092	0.000970	-0.017481	0.019921	0.005517	0.017339	-0.005913	0.011584	0.000235	-0.004100	-0.008956	-0.006359	-0.002244	0.018819	0.005996	-0.001333	-0.012377	0.014714	0.023846	-0.005170	-0.012876
0.982110	-0.027181	-0.078176	0.113685	0.030288	-0.043900	-0.005810	-0.029009	-0.040547	-0.013590	-0.047632	-0.060079	0.017097	-0.011845	0.018922	-0.021608	0.014305	0.004729	-0.003287	-0.014154	0.009792	-0.023044	0.001502	0.001176	0.009435	0.004930	0.006690	0.013425	-0.010462	-0.006007	0.005362	-0.008340	0.008552	0.015262	0.015955	-0.002210	-0.000587	0.008097	-0.001169	0.003193	-0.015199	-0.010432	0.006624	0.001867	0.002562	-0.009387	0.004414	0.008386	0.008620	-0.007857
0.968584	-0.016722	-0.085205	-0.104983	0.012744	0.081312	-0.063886	-0.017457	0.045006	0.019216	-0.009787	-0.067388	-0.019901	0.036684	0.004000	-0.014176	-0.034301	-0.023171	-0.034543	-0.027168	0.029336	-0.027101	0.072498	0.043403	0.028300	-0.009284	0.018684	0.021361	0.051917	0.000637	0.014373	-0.011515	-0.020040	0.004682	0.016212	-0.022904	-0.000328	0.005152	-0.029080	0.024724	0.000002	-0.044670	0.003681	-0.022538	0.013928	-0.000910	0.002601	0.007981	0.018577	-0.014328
0.980518	-0.072401	0.024434	0.012444	-0.001144	0.034975	-0.014204	-0.019406	-0.042548	0.046896	-0.039031	-0.054927	0.053431	0.020473	-0.013956	-0.008512	0.040948	0.005033	-0.012930	0.029657	0.051712	0.021587	-0.009606	0.001853	-0.022282	-0.004878	-0.033345	-0.022526	0.011398	-0.003985	-0.037831	-0.036178	-0.029673	0.038351	0.002186	0.017194	-0.010859	0.017992	0.012852	0.016634	-0.013408	0.028257	-0.002068	-0.018785	-0.025248	0.041156	0.008401	0.007557	-0.009588	-0.016288
0.957183	0.097026	-0.099690	-0.015961	-0.013497	-0.050773	0.041785	-0.008251	-0.038025	-0.058053	-0.010178	-0.113053	0.058733	0.012573	0.100485	0.031341	-0.081670	0.042398	0.008055	0.016938	-0.047978	-0.011762	0.040317	-0.049798	0.036014	-0.059225	0.007680	-0.029591	0.005332	-0.017070	-0.009466	0.012558	0.021614	-0.036614	0.008596	-0.004478	-0.001175	-0.024123	0.024720	0.014989	-0.014982	0.022691	-0.002693	-0.010364	0.016401	-0.012365	0.004483	0.003361	0.021400	-0.021770
0.973122	0.025733	-0.132951	-0.038264	0.074647	0.015734	-0.069893	-0.017789	-0.032371	-0.090568	-0.001856	-0.012986	0.035556	0.001997	0.011270	0.009067	0.004268	-0.007814	-0.023235	-0.015550	-0.001129	-0.008965	0.026889	-0.005411	-0.016867	-0.011567	-0.029367	0.030476	0.003083	-0.002460	-0.006908	-0.038334	-0.016762	-0.007432	-0.006383	0.029157	-0.029479	-0.025543	0.004029	-0.009538	0.008496	0.018499	-0.008132	-0.011987	-0.026728	0.003457	0.007174	0.023574	0.014405	-0.029183
0.943686	0.006681	-0.030474	-0.101279	-0.052685	0.154380	0.089337	-0.016931	-0.007845	0.081394	0.030728	0.058455	0.039054	-0.072320	0.061551	0.066639	-0.084322	0.052775	0.029757	0.014177	0.035637	0.027278	-0.006804	0.066191	-0.026482	-0.015165	0.014918	0.037739	0.021661	-0.033145	0.023841	0.017412	-0.004807	-0.045485	-0.037818	0.004632	0.053981	-0.018848	-0.030550	-0.016986	0.016589	-0.000050	0.018943	-0.035906	-0.041700	-0.047332	-0.006919	0.012359	0.026220	0.007127
0.889201	0.117252	-0.110143	0.079304	-0.074031	0.042365	0.091526	-0.061206	-0.083246	-0.117167	-0.019111	-0.036331	0.136558	-0.046236	0.004913	-0.040685	0.037727	0.053991	-0.081525	0.007474	-0.057145	0.124010	0.039219	0.034000	-0.066632	0.031281	0.056733	0.001758	0.079020	0.060987	-0.000192	-0.006943	-0.086148	-0.002164	-0.008666	-0.005338	0.084893	0.048443	-0.027884	0.081977	0.061703	0.067581	-0.095587	-0.029349	-0.026704	0.086133	0.033110	-0.081627	0.042459	-0.035608
0.872191	0.085504	-0.041301	0.023376	0.156996	0.032350	0.013138	0.127162	-0.013112	-0.106944	-0.019090	0.067437	0.106042	-0.001543	0.021301	-0.035836	0.105242	0.101868	-0.159798	0.015532	0.089742	0.032533	-0.072338	0.074178	0.073490	-0.006928	-0.067800	0.050097	0.035744	0.018870	0.012270	-0.116350	-0.114937	0.065583	0.024755	-0.053657	0.047590	-0.010162	-0.011985	-0.098552	0.036346	0.060721	0.080053	0.092245	0.046135	0.017209	0.036825	0.027324	-0.016429	-0.072600
0.893504	0.139181	-0.037885	0.000379	0.093780	-0.058105	-0.132756	0.110835	0.007959	-0.079793	0.031028	-0.007013	0.079278	-0.002711	-0.031792	-0.021575	0.136466	0.071962	-0.148775	-0.019641	0.032050	0.018751	0.034555	0.100564	0.045409	-0.035559	0.010696	0.086341	-0.040236	0.063204	-0.040516	-0.096808	-0.093131	0.021373	0.054137	-0.009596	-0.026279	-0.014917	0.041280	0.010278	0.009019	0.046994	0.008912	0.069862	0.066692	0.012308	-0.020241	0.072611	-0.039259	-0.055451
0.952789	-0.013667	-0.197890	-0.056350	0.003735	-0.018987	-0.063433	-0.012578	-0.000852	-0.054114	-0.021322	-0.125965	0.075828	-0.037944	0.053807	0.035228	0.012084	-0.001078	-0.012496	0.010724	-0.025281	0.058234	0.005305	0.034388	0.023359	0.013372	0.050513	-0.016248	-0.001162	0.003912	-0.008768	-0.007861	0.010486	-0.031962	0.002456	0.010293	-0.005863	0.028362	0.010332	-0.003198	-0.037219	-0.011602	0.006854	0.011104	0.013683	-0.025331	0.004018	0.006021	-0.017167	0.010819
0.974036	-0.065967	-0.102936	0.046321	0.052182	-0.052961	0.070107	-0.027071	-0.023195	-0.032990	-0.001041	-0.069508	0.029847	-0.035310	0.062022	-0.037916	-0.010529	-0.012375	-0.010345	0.011884	-0.027776	0.017637	-0.015601	-0.004185	-0.005337	-0.003937	0.029686	-0.004680	0.002687	0.013516	-0.016047	-0.018331	-0.026107	0.006606	0.005675	-0.003362	0.038489	0.000978	-0.029592	-0.010807	-0.021015	0.023939	-0.016184	0.026919	0.009928	0.001131	-0.011232	0.003876	0.004730	-0.003226
0.977276	0.068590	-0.076222	-0.038861	0.071956	0.024118	0.013299	0.073123	-0.005126	-0.072924	-0.007558	-0.063061	0.013902	-0.012013	0.032704	-0.004238	-0.025007	-0.002926	-0.002206	-0.027073	-0.026457	-0.043816	-0.012106	0.008650	0.015682	0.004377	0.007919	0.004409	-0.008425	0.014283	-0.029069	-0.036483	0.009111	0.006769	0.003920	0.000223	-0.009280	-0.024185	0.019487	-0.000191	0.005677	0.012962	-0.016520	-0.021204	-0.005319	-0.002801	0.022358	0.022482	0.000280	0.025517
0.966780	-0.008353	-0.193220	0.016216	0.009339	0.051614	0.001090	-0.002073	-0.058407	-0.049624	-0.048813	-0.039574	0.054708	-0.006984	0.009088	0.045668	-0.035633	-0.000266	0.043533	-0.036024	-0.034774	-0.009991	-0.031433	-0.004090	0.018467	0.005702	-0.007974	-0.008039	-0.004638	-0.009898	0.001616	-0.003963	0.016191	-0.006953	0.024458	-0.008534	0.011125	-0.002515	0.000394	-0.015702	-0.007416	-0.009196	0.017795	0.012933	0.011954	-0.003916	0.017097	0.004511	-0.003369	0.000832
0.967380	0.054303	-0.168047	0.095539	0.082918	0.045571	0.020822	-0.025549	0.007532	0.006807	0.006938	-0.029616	-0.005018	-0.041871	0.020521	-0.007016	-0.019708	0.014711	0.019922	0.012191	0.021107	-0.008208	0.003399	0.015650	0.002157	0.008441	0.022374	0.034303	0.028259	-0.005932	0.009004	0.007346	-0.032730	0.004556	-0.011652	0.004045	0.018327	0.008372	-0.039079	0.008758	0.017493	0.007649	0.004776	-0.009885	-0.028600	0.025006	0.017153	0.010926	0.001658	0.017417
0.932445	-0.044312	-0.006721	-0.056351	-0.060975	0.106747	-0.057079	-0.196260	-0.075090	-0.020886	-0.004385	0.060009	0.116828	-0.001194	-0.007570	0.010261	-0.007194	-0.016454	-0.012404	0.035036	0.071296	0.097636	0.055468	-0.030807	-0.028662	0.026098	-0.071894	0.016880	-0.053119	-0.014262	-0.056048	0.013986	0.010056	-0.014167	-0.043048	0.034249	0.007686	0.024206	-0.023914	0.010749	0.046964	-0.044626	0.010357	0.032416	-0.007105	-0.006744	0.005685	0.025144	-0.002836	-0.022754
0.854739	-0.271855	-0.056224	0.282985	-0.125504	0.029070	0.027909	0.022595	0.023727	-0.080540	0.021868	0.029231	-0.027939	-0.108185	-0.075052	-0.096852	0.002414	-0.067064	-0.076745	0.030482	-0.004335	0.027845	-0.008399	-0.070631	-0.027641	0.059443	0.106570	0.006300	0.064879	0.039169	-0.019465	-0.051249	-0.008731	0.033073	-0.031127	0.006137	0.008872	-0.028395	-0.067035	0.028213	0.018072	0.018006	-0.035528	-0.005037	0.041411	-0.027915	0.009535	-0.031197	0.053011	0.015216
0.911082	-0.286926	-0.078556	0.086578	0.052598	-0.058510	-0.037751	0.107724	-0.033653	-0.024463	-0.074885	0.044648	-0.046917	-0.072231	0.018489	0.019340	-0.039381	-0.018625	0.008281	0.029437	-0.008925	-0.018117	0.003588	0.014868	-0.083301	-0.008637	-0.045754	-0.009772	0.013361	0.061189	-0.033602	-0.052656	-0.005403	0.049795	-0.027994	0.014260	0.022605	0.020438	-0.015742	0.000442	0.016703	-0.049127	-0.076912	0.002328	0.014270	-0.038661	-0.002280	-0.010567	0.038604	0.012563
0.919773	-0.267487	-0.016010	0.116123	0.084661	-0.066396	-0.124942	0.047838	-0.044489	-0.057024	0.003678	-0.062838	0.014702	-0.072096	0.010389	0.027474	-0.036019	-0.019508	0.061690	0.001605	-0.038333	-0.032930	-0.017270	0.013740	-0.031042	-0.003107	0.026929	0.002586	0.015884	0.036794	-0.021674	-0.043273	-0.013720	0.014802	-0.004439	0.003203	0.041598	0.010330	0.000458	0.046980	0.012998	-0.018427	-0.044346	-0.035488	0.007623	-0.003742	-0.001473	-0.007151	0.035237	-0.004341
0.945452	-0.040469	0.157003	0.118193	-0.109398	0.114000	-0.003320	-0.083799	-0.007594	0.082632	0.054048	-0.044803	0.069379	0.025875	0.014024	-0.017646	-0.017797	-0.022338	0.005821	-0.009859	-0.004434	0.008249	-0.046901	0.016063	0.026089	-0.046363	0.014798	0.002130	-0.029353	-0.002642	0.006998	0.021467	0.021356	0.004608	0.002146	-0.012331	-0.037060	0.017160	-0.038877	0.008560	0.010725	0.009183	-0.011230	-0.010148	0.013639	0.036916	0.011506	0.017272	0.041158	0.012143
0.922606	0.286881	0.086264	0.014211	-0.052000	-0.024913	-0.069064	0.108477	0.021287	0.074090	-0.033483	-0.054814	-0.009062	-0.085676	-0.000613	0.006462	-0.005744	0.017548	0.028381	-0.029646	-0.006926	0.024881	-0.080754	0.032160	-0.024630	-0.025310	0.008637	0.014532	0.007595	-0.030255	-0.004935	-0.025762	0.000682	-0.023160	0.028994	-0.028010	0.015999	-0.004101	-0.029982	0.031986	0.025364	0.001111	0.006310	0.009530	-0.035067	0.002794	-0.015965	0.032478	0.018375	-0.001046
0.935484	-0.133017	-0.013254	-0.017827	0.008395	0.033073	-0.049272	-0.091012	0.123567	-0.067552	0.104097	0.090158	0.157241	-0.092803	-0.017074	-0.053312	0.041760	-0.030350	0.010379	0.023153	-0.037126	0.018780	-0.024271	-0.000994	0.068544	0.010845	0.003860	-0.016188	-0.023474	-0.012875	-0.000130	0.016004	0.013559	0.020389	0.050942	0.011501	-0.007479	-0.022024	0.013925	-0.000055	-0.012438	0.003290	0.025555	-0.023910	0.008617	-0.013653	0.021738	0.009782	-0.037572	-0.012305
0.954519	0.042577	0.169546	0.138546	-0.081906	0.048858	0.003932	-0.050136	-0.004827	0.020190	0.024209	0.003359	0.033055	0.022998	0.029553	0.046208	0.033276	0.027504	0.010224	-0.016641	-0.027234	-0.008224	0.070562	-0.004199	0.003316	0.014288	-0.043252	0.008557	0.002119	-0.014292	-0.012196	-0.014976	-0.001340	-0.022662	-0.003308	-0.024712	-0.021912	0.050294	-0.018697	0.005765	0.000367	-0.009523	-0.014683	-0.001226	-0.050050	-0.019833	-0.001637	0.013077	0.046278	0.031842
0.976611	0.004948	-0.050450	0.083884	0.028981	0.009657	0.036140	-0.053017	0.009420	0.046969	-0.037524	0.005372	-0.033201	-0.038877	0.055495	-0.031486	-0.002570	0.012699	0.001515	-0.002167	0.046885	0.000638	0.022733	0.018942	0.007048	-0.028974	0.045741	0.015577	-0.015045	0.006313	-0.005401	-0.030351	0.008113	0.002255	-0.006473	-0.071485	0.039781	-0.000477	-0.036217	0.019356	0.037204	0.017947	-0.011869	0.004047	0.006283	-0.035868	-0.021476	0.023697	-0.018533	0.020517
0.948040	0.073540	-0.051647	0.104095	-0.068353	0.070651	0.038875	-0.025484	0.094839	-0.056715	0.187822	0.034970	0.048585	-0.031136	-0.003969	-0.027531	0.083386	0.004716	0.005734	-0.018686	-0.028779	0.008226	-0.035078	0.023983	-0.006000	-0.021627	0.005239	-0.012696	-0.006118	-0.034873	-0.006169	-0.011998	-0.007829	0.005739	0.024542	-0.000976	0.005671	-0.026106	0.023563	-0.023530	0.007016	-0.025002	0.007159	-0.001883	-0.018381	0.022880	0.024705	0.003009	-0.002635	-0.027326
0.968744	0.017138	0.104923	-0.032397	-0.012398	0.016182	-0.047980	0.014781	-0.063247	0.007869	0.123473	0.009669	0.042784	-0.038456	0.065277	0.023141	0.078338	-0.051471	-0.007032	-0.015940	-0.013531	0.005631	-0.006468	-0.005378	-0.012385	-0.008522	-0.005705	0.006864	-0.019566	-0.023702	0.021925	0.009152	-0.027766	-0.012391	0.021949	-0.025829	0.030579	-0.035199	-0.004171	0.014920	0.026387	-0.000517	0.021409	0.019768	0.004870	-0.008257	0.015413	0.008855	-0.023476	0.023631
0.977606	0.051800	0.048145	0.013657	-0.040796	0.069245	0.024555	0.018498	0.071341	0.001914	-0.010934	-0.013080	0.025125	-0.036408	0.043424	-0.074204	-0.005270	0.056906	-0.009849	-0.013909	0.009596	-0.015960	0.004669	0.020464	0.020662	0.001473	0.005570	-0.005180	-0.014522	-0.037174	-0.011084	0.000845	-0.014418	-0.037157	-0.019886	-0.031800	0.053550	0.011730	-0.021316	-0.009322	-0.009628	-0.013475	-0.028287	-0.014947	-0.009269	-0.024959	-0.009696	-0.027152	-0.012253	0.029747
0.907876	0.058389	-0.061184	0.134985	0.086019	0.022295	0.062179	0.010635	0.056242	0.028382	0.002878	0.138672	0.127086	0.014365	-0.026392	-0.073707	0.037422	0.068375	0.106602	0.093363	-0.031081	0.035178	0.040064	0.076410	0.026769	-0.023332	0.019365	0.022119	-0.065544	-0.053026	0.019732	0.069414	0.012285	-0.092790	-0.055357	-0.023595	-0.013456	0.055175	-0.050211	-0.040587	-0.013507	0.013161	0.021251	-0.089202	-0.026997	0.012461	-0.050024	0.010232	0.034578	0.096683
0.948061	0.080525	0.156806	0.045570	0.100720	0.144713	0.042507	0.050436	-0.067387	0.002596	-0.002023	-0.028234	-0.032060	-0.081177	-0.037048	0.033813	-0.005216	-0.043983	-0.038983	0.032888	-0.012145	-0.057392	0.032312	0.014117	0.015422	-0.015897	-0.028747	-0.005011	-0.019487	-0.002457	0.004658	-0.007113	-0.012896	0.009019	-0.009440	0.003359	0.009330	0.014476	-0.033288	0.001505	0.025536	-0.034368	-0.003245	0.010884	0.033478	-0.014310	0.029222	-0.001947	0.010484	0.007268
0.978944	0.109592	-0.008121	-0.000347	0.004873	0.016382	-0.066796	-0.024306	0.056783	-0.013836	0.015082	-0.013054	-0.014476	-0.031420	-0.002413	-0.044432	-0.014768	-0.013455	0.011926	0.018555	0.017347	0.038624	-0.021776	-0.020437	-0.036540	-0.012242	-0.005158	0.025948	-0.019428	0.018443	0.007937	-0.007899	-0.012755	0.009097	-0.029160	0.056002	0.016434	0.036170	-0.007781	0.014684	-0.015334	0.040358	0.016358	0.028191	0.001350	0.003717	-0.038035	0.007477	-0.011321	-0.000004
0.968949	0.043038	0.065110	0.078725	-0.009029	-0.003880	0.008865	0.150508	-0.073717	-0.049521	-0.023618	0.022898	-0.040884	-0.063225	0.014602	-0.017475	-0.025159	-0.007879	0.021119	0.032757	0.023638	0.014088	0.001166	-0.036208	-0.016821	-0.016803	0.013834	0.005304	-0.021980	0.012863	0.000185	-0.014442	-0.004265	-0.019611	0.020199	0.030849	-0.002281	0.007841	-0.024227	0.012919	-0.014417	0.021158	-0.005788	-0.021850	0.004130	0.010731	-0.031824	0.002885	-0.003995	0.004510
0.959840	0.063119	0.046527	-0.063479	0.072888	0.041062	0.090767	-0.057241	-0.105988	0.042781	-0.060299	-0.005388	0.064030	-0.035128	-0.058490	-0.036410	0.011323	0.006858	0.018200	-0.007084	-0.042420	-0.010852	-0.021218	-0.000262	-0.047379	0.001063	-0.054851	-0.017456	0.025959	-0.019276	0.025354	-0.030396	0.020809	0.047265	-0.053537	0.032309	-0.011814	0.027074	-0.016609	-0.011534	-0.004919	-0.043699	-0.027107	0.012349	0.010511	-0.003195	0.004949	0.012408	-0.030062	-0.015094
0.967768	0.043388	-0.030716	-0.070398	0.054570	0.114016	0.008938	0.026993	-0.031130	0.092344	0.056408	-0.007465	0.062880	-0.065654	-0.009880	-0.011742	0.006203	-0.044044	0.028382	-0.001478	-0.019356	-0.037008	0.015235	-0.033630	-0.014602	-0.022581	-0.012126	0.006055	0.005287	-0.008933	0.041948	-0.044623	-0.027439	0.009125	0.015845	-0.008776	0.026259	0.012888	-0.000807	-0.030068	0.002818	-0.001182	-0.023462	0.014639	0.051227	0.012409	-0.000901	0.018015	0.012333	0.003223
0.970375	0.066710	0.128185	-0.065652	0.042214	0.039244	-0.022279	-0.036611	-0.004009	0.102564	0.022614	-0.049485	0.031938	-0.015214	0.002559	0.001504	-0.005299	-0.017220	-0.000506	0.002221	0.012338	-0.006671	0.013695	-0.034631	-0.004126	-0.012309	0.046941	0.000988	0.001572	-0.022846	0.023106	0.016542	-0.015428	-0.012022	-0.004208	-0.009825	0.019401	-0.003347	-0.012857	-0.044984	-0.023460	-0.020435	-0.008950	0.026314	-0.021444	0.026306	-0.014211	-0.010494	-0.035788	0.009395
0.965854	0.061260	0.118154	-0.006252	-0.014057	-0.059610	0.036776	0.064636	-0.020816	0.098697	-0.026399	0.017534	0.080830	-0.010472	0.004370	0.044880	0.017046	-0.004501	-0.018197	0.002342	-0.027379	0.025638	0.020939	0.010047	-0.040814	-0.000710	0.026717	0.029721	0.009346	0.029208	-0.000334	-0.018693	-0.041078	-0.009846	-0.003299	0.008202	-0.013863	-0.027767	0.033677	-0.015549	0.008700	-0.073261	0.024156	0.010559	-0.006477	0.018483	0.027910	-0.028332	-0.027691	0.004355
0.946753	0.016465	0.059087	-0.142565	0.024154	-0.064309	-0.060971	-0.061498	-0.063166	0.118376	-0.066576	-0.016495	0.084480	-0.022828	-0.009015	-0.057324	-0.046251	-0.044764	0.009535	0.012713	-0.013384	-0.004811	0.022834	0.049796	-0.052576	0.029574	0.016701	-0.031320	0.009846	-0.001371	0.062641	-0.006054	0.029434	-0.018076	0.011132	0.042368	-0.041706	0.028956	0.009450	-0.019832	0.050803	0.025175	0.006489	-0.015958	0.048320	0.015587	-0.029874	-0.011357	-0.012186	-0.060262
0.972520	-0.094209	0.070586	0.008809	-0.014295	-0.052195	0.119224	-0.033374	-0.018835	0.034093	-0.005008	-0.022268	0.023198	0.021804	0.009190	-0.051036	-0.042463	0.000498	0.012105	0.006162	0.004641	-0.060203	0.034268	0.003689	-0.036059	0.026660	-0.012735	-0.006415	-0.007388	-0.006647	0.009610	-0.015896	-0.006172	-0.027446	-0.009522	-0.009649	-0.005124	0.028251	0.003999	-0.022413	0.016260	0.008955	0.003035	0.021141	0.029251	0.044033	-0.020571	0.002352	-0.000372	0.021219
0.859345	-0.134665	0.021703	0.344816	-0.007555	0.087732	-0.018783	-0.074596	-0.123945	0.027330	0.069660	-0.106822	-0.038487	0.084376	-0.038396	-0.075052	0.065712	0.047166	0.020343	0.136389	0.018300	0.014726	-0.052725	0.019817	0.046714	0.009929	-0.049011	-0.006820	-0.027337	-0.016514	0.089772	-0.048311	0.006073	-0.050891	-0.008627	-0.018505	-0.034468	0.024868	0.047498	-0.013994	-0.020003	-0.042264	-0.044545	-0.016690	-0.048120	-0.004218	0.033371	-0.039928	0.003463	-0.006324
0.975194	-0.023923	-0.028544	0.012698	-0.035125	-0.015799	0.087914	-0.004525	0.067561	-0.044708	0.084654	0.044456	-0.007287	-0.006798	0.039899	0.051830	0.006555	0.019007	0.027803	-0.017658	-0.015972	0.031374	-0.061704	0.044196	-0.027513	0.039365	-0.010039	0.032063	-0.037205	0.015493	0.023683	0.003602	-0.002071	0.010885	0.005459	0.015840	0.037963	-0.026171	0.019914	0.010138	0.002034	0.002123	-0.000942	0.017303	-0.003580	-0.003232	0.005027	0.017902	-0.015093	0.008615
0.833778	0.405640	-0.071035	-0.063368	-0.199611	0.008353	0.062884	-0.066923	0.015008	-0.046119	-0.024526	0.024458	-0.075480	-0.074335	0.010200	0.123400	0.072555	0.035887	0.021451	-0.040786	0.011561	0.029272	0.007795	0.058620	0.112162	0.068553	-0.003271	0.009442	-0.002733	0.067843	0.024643	-0.050615	0.009621	-0.000117	0.031005	-0.009242	0.005996	-0.018962	-0.006060	-0.042520	-0.046566	0.029662	-0.006714	0.040128	0.043161	0.000238	0.019962	0.063233	-0.007419	-0.005883
0.979236	-0.075889	0.025001	-0.011574	-0.075538	0.069622	0.023844	0.053518	-0.004992	-0.035524	-0.020760	0.033366	-0.018872	0.043557	-0.013921	0.079856	0.004221	0.005085	-0.002226	-0.010443	-0.013710	-0.006154	-0.001836	0.024794	0.007024	-0.024112	-0.005587	0.004793	0.024133	-0.020211	0.006237	0.011843	-0.008927	0.014971	0.001898	0.018377	-0.016671	0.022265	-0.003357	0.013325	-0.005076	-0.020067	0.034799	-0.047243	-0.010849	0.010823	0.011635	-0.001538	-0.008912	0.012212
0.961637	-0.027378	-0.156379	-0.094314	-0.023055	-0.009206	-0.043567	0.051831	-0.011345	-0.041237	-0.033846	-0.003611	0.012041	-0.015908	-0.032605	0.008388	-0.007444	0.042808	0.034273	-0.044435	0.053475	0.037300	0.068771	-0.047467	-0.026415	0.008724	-0.016589	0.012731	-0.002584	-0.005683	-0.028739	-0.017230	0.009321	0.009825	0.003442	-0.005132	-0.056555	0.003271	0.037582	0.010471	0.016486	-0.040522	0.024576	0.004830	0.009410	0.021686	-0.036498	-0.022786	-0.004894	0.053515
0.925892	0.138856	-0.126719	-0.001255	-0.071831	0.091226	0.023572	0.048357	-0.124156	-0.003217	-0.025517	-0.025665	-0.066171	-0.052682	-0.066492	0.051930	0.006816	-0.028999	-0.051679	-0.025442	0.015789	-0.027827	-0.017269	0.064457	0.084743	0.007854	0.020486	0.011227	0.014882	0.100319	-0.015513	-0.060566	0.009049	-0.011495	-0.024652	0.020563	-0.029757	0.033132	0.041058	0.026871	-0.071304	0.093823	-0.006638	0.003662	0.024858	-0.023151	-0.030124	0.073735	-0.035085	0.005292
0.891920	0.302123	-0.078542	-0.053488	0.020380	-0.117997	0.048553	-0.036123	-0.069704	-0.018117	-0.033009	0.007872	-0.069927	-0.054520	0.030308	0.099386	0.069457	-0.008507	-0.021646	-0.048865	0.076135	0.038954	-0.047987	0.062699	0.095814	0.033746	-0.035500	-0.011937	-0.022684	0.047595	0.037702	-0.029718	-0.032912	0.009380	0.014792	0.002304	-0.007802	-0.053168	-0.020612	-0.061499	-0.061645	0.033559	-0.007015	0.038638	0.051133	-0.016226	0.005047	0.051635	-0.003068	-0.050296
0.957025	0.041299	-0.080767	0.044325	0.079714	0.067672	0.066096	-0.056384	0.014127	0.095913	-0.055683	-0.023242	0.027237	0.037752	-0.029404	-0.031457	-0.086022	0.013254	0.050515	-0.008861	0.066167	-0.038543	0.046120	0.005407	0.016908	-0.009898	-0.005109	-0.019774	-0.034834	-0.040056	-0.040618	-0.024252	-0.015138	0.035209	-0.022598	-0.038317	-0.016017	-0.003112	0.029394	0.035542	0.025034	-0.054062	0.024932	0.029913	-0.036532	0.014454	-0.014360	-0.006432	0.007779	-0.039065
0.979412	-0.000472	0.156453	0.064469	-0.004950	-0.025511	0.025911	-0.004932	-0.033709	0.005676	-0.063997	-0.016233	0.005224	-0.015230	-0.012316	0.011950	-0.023498	-0.026043	-0.001098	-0.000760	-0.005483	-0.000502	-0.007702	0.029495	-0.004142	-0.003476	-0.006480	0.016519	0.007499	-0.017775	-0.004283	0.009703	0.004087	0.009155	0.012172	0.011455	0.003169	-0.006102	-0.022337	-0.003888	-0.010938	-0.005864	-0.000583	0.000721	-0.003988	0.008681	0.006604	0.011509	-0.013972	0.009286
0.964580	-0.032684	0.084448	0.142646	-0.078580	-0.093515	0.063077	-0.013893	0.052392	0.029235	-0.064134	0.025485	-0.003194	-0.002459	-0.047960	0.036945	-0.013181	0.005486	0.007404	-0.002299	-0.019129	-0.020782	-0.028985	0.002574	-0.017403	-0.008997	-0.005002	0.012613	-0.021114	-0.014278	0.009969	0.033512	0.010151	-0.004427	-0.022453	-0.009742	0.014236	0.007489	0.004820	-0.009150	-0.010816	-0.043330	-0.004049	0.026134	0.026304	0.001980	-0.025160	0.015007	0.013133	-0.006846
0.965207	-0.069902	0.062565	0.116866	0.061856	0.115394	-0.010268	-0.010817	-0.114498	0.012036	-0.014875	-0.055114	0.009809	0.015585	-0.003502	0.012211	0.033510	-0.040856	0.000144	-0.025627	0.035024	-0.015725	-0.025044	0.008244	0.042759	-0.014693	0.025492	0.001757	-0.022796	-0.005180	0.003963	-0.008718	0.011826	0.011621	0.005920	-0.004646	0.010579	0.008967	0.010298	0.001376	-0.015125	-0.012908	-0.030699	0.008357	0.000579	0.003884	-0.012437	-0.011512	-0.015384	0.002514
0.981621	-0.084753	0.003144	-0.054312	0.026788	0.000825	0.007370	-0.015791	-0.064116	0.026491	0.023719	-0.012940	0.023444	-0.025101	-0.002861	-0.044234	-0.043929	-0.018214	-0.030009	0.018815	0.030313	-0.023506	0.002374	0.017380	-0.008770	-0.007498	0.008008	0.028439	-0.007730	-0.002440	-0.009717	-0.010792	0.012100	-0.008463	0.004642	0.038346	0.007815	0.031185	0.036019	0.051995	-0.000266	0.039210	0.012827	-0.003032	0.002668	-0.036804	-0.004283	-0.000208	0.008793	0.008821
0.976628	0.008186	0.125681	-0.034557	0.094136	-0.031254	-0.011337	-0.088045	-0.011142	-0.000614	-0.022206	0.025591	0.005114	-0.000871	0.017574	-0.000897	0.027795	-0.020329	0.017491	-0.022793	-0.020878	0.029551	-0.033945	0.026837	-0.026280	-0.016968	-0.005292	0.008761	-0.013409	-0.019221	-0.008107	0.018277	0.005006	0.001833	-0.005393	0.010776	-0.010036	-0.002264	-0.041015	0.002889	0.001865	-0.013198	0.007786	0.005960	-0.004040	0.008814	-0.005971	0.002864	-0.014376	0.000439
0.982801	-0.047332	-0.018417	0.013595	-0.084372	-0.027390	-0.022235	-0.031243	-0.002150	0.038617	-0.040303	-0.031097	0.011654	-0.058690	0.003576	-0.030595	-0.000918	-0.059077	0.030297	-0.017526	-0.014551	-0.037551	-0.005004	0.004319	0.002052	0.019905	-0.018766	0.007422	-0.024981	0.029488	-0.020272	0.006239	-0.007778	0.003464	0.014426	0.000635	0.044839	0.002957	0.007324	0.023831	-0.000499	-0.009612	-0.000816	-0.010527	0.017363	-0.000438	0.002019	0.003791	0.027872	-0.005134
0.958528	-0.077615	0.129180	0.007474	-0.050572	-0.065730	0.130567	-0.012442	-0.003799	-0.052281	0.004967	-0.025601	-0.051286	0.065256	0.009185	0.022522	-0.053977	0.014935	0.055066	-0.040408	-0.020036	-0.032261	0.010661	-0.004367	-0.041549	-0.011448	-0.004515	-0.023836	0.043487	0.021626	-0.031760	-0.013417	-0.012182	0.017119	-0.026776	-0.000130	-0.007121	-0.005000	0.001658	0.002448	0.014252	0.040071	0.029738	0.000723	0.002369	-0.001601	-0.043024	-0.006444	-0.047532	0.000975
0.959603	0.027559	0.196450	0.052082	0.022813	0.073866	0.090099	0.066627	0.010314	-0.005670	-0.016111	-0.014150	0.008689	-0.085350	-0.020816	0.037082	0.041945	0.017615	-0.000261	-0.005464	-0.040981	0.007304	-0.004324	0.010304	0.001450	0.002734	0.022352	-0.016157	0.010837	0.018589	0.012068	-0.003639	-0.015952	0.021971	0.008288	-0.013077	0.012462	-0.006307	-0.029584	0.006208	-0.007490	-0.004678	0.009268	-0.011845	0.006706	-0.021363	0.021459	0.008169	-0.005381	0.000945
0.953957	0.057946	-0.030642	-0.050289	0.160337	-0.079695	-0.111778	0.012001	-0.054487	0.017552	0.050808	0.026638	-0.048955	0.051481	0.064199	-0.050386	0.033222	0.023783	-0.047640	-0.003994	0.012359	-0.029536	0.000819	-0.013229	-0.009812	-0.003947	-0.021302	-0.040728	-0.037401	-0.021159	0.005688	0.022423	0.047880	-0.000708	-0.004853	-0.025224	0.021100	-0.048812	0.009142	-0.003494	-0.017827	0.007756	-0.027243	0.015896	-0.018076	0.010318	0.045998	-0.005529	0.006307	0.023171
0.934166	0.074202	-0.012430	-0.084052	0.036645	-0.086364	-0.004280	0.150372	-0.076676	0.000349	-0.013062	0.013228	-0.046895	0.035107	-0.023053	-0.090385	0.000378	0.029622	-0.015853	-0.017537	-0.055002	0.038112	0.007971	0.038309	-0.003966	-0.014706	-0.011438	-0.080666	0.017802	0.046821	0.016687	0.110158	0.026337	-0.009271	0.023298	0.025976	0.040503	-0.088241	0.050754	0.043166	-0.021512	-0.016698	-0.014754	0.096867	-0.027673	0.004836	0.024357	0.026018	0.073471	0.043811
0.971895	0.090986	-0.013981	0.057165	0.048429	-0.025269	-0.063514	0.032335	-0.009871	-0.005036	-0.023302	0.061480	0.031206	0.041732	-0.055567	-0.018644	-0.066667	0.016586	0.033095	0.020825	-0.035792	0.013680	0.012032	0.028901	-0.000591	-0.052767	-0.037385	-0.004690	-0.011519	0.018444	0.001829	0.017834	-0.026384	0.001488	-0.005869	0.021772	0.044730	-0.008566	-0.012458	-0.034540	-0.033632	0.001807	-0.018858	-0.013928	0.001542	-0.013620	-0.025739	-0.012074	0.059205	0.022552
0.967295	-0.028325	-0.110223	0.022924	-0.010778	-0.039157	-0.033877	0.127897	0.068174	-0.022179	-0.038959	0.050954	-0.008928	-0.026478	-0.033568	0.011303	0.033424	-0.081445	0.002617	0.033683	0.003018	-0.023554	0.008545	0.017985	0.018873	-0.005709	-0.017901	-0.007605	0.019331	-0.006790	0.026488	-0.008722	0.031700	-0.015806	-0.006908	-0.019115	0.003968	-0.026008	0.041808	0.009053	-0.003193	-0.038473	-0.007528	0.026421	-0.020585	0.003145	-0.005067	-0.031398	0.018649	0.019374
0.964141	0.109964	0.027998	0.044214	0.035308	0.155934	0.026825	0.028027	-0.073131	-0.039079	-0.010279	0.057478	0.002724	0.040321	-0.052864	0.016984	-0.007011	-0.022645	0.000850	0.010722	-0.013256	-0.034021	0.029094	-0.046300	-0.012944	0.004245	0.027165	-0.008680	0.015648	0.036807	0.002797	0.004469	0.010456	-0.025088	-0.028933	-0.018224	-0.012046	-0.008436	0.005004	-0.015079	-0.007650	0.003776	0.008446	-0.012429	-0.006425	0.003238	0.004492	-0.020375	0.052349	-0.001685
0.956704	0.185414	-0.005785	-0.046297	-0.038635	0.130809	0.062360	0.001917	0.004419	0.005777	-0.009161	0.037723	-0.037282	-0.000064	-0.053188	0.056147	0.005852	-0.042597	-0.018966	0.023596	-0.009113	-0.001410	-0.043782	-0.034655	-0.002730	-0.044794	-0.011156	-0.014716	0.042783	0.030369	-0.005518	-0.009887	-0.013596	0.018932	-0.005274	-0.018144	-0.011184	0.008843	0.009588	0.016778	0.009619	0.031769	0.023835	-0.007475	0.000751	0.035325	0.007798	-0.026972	0.015243	0.007644
0.872816	0.125603	-0.022205	-0.013845	-0.028148	0.244494	0.037888	-0.073822	-0.087598	0.072976	-0.004542	-0.015707	-0.086749	0.003259	-0.035767	0.048273	0.007475	-0.000854	-0.072380	0.039335	0.038448	-0.040844	-0.057555	-0.051210	-0.048502	-0.049437	0.130288	-0.027421	-0.110420	0.209788	-0.045286	0.032558	-0.060807	-0.046746	0.031296	0.004551	-0.007636	0.017838	0.069517	0.085020	0.046618	-0.034011	0.011689	0.041062	0.020241	-0.028531	0.058985	-0.009827	0.006650	0.052774
0.963919	-0.124945	-0.016848	0.118535	0.041908	-0.013038	0.111698	0.064203	-0.053755	-0.021760	0.004013	0.038317	-0.001427	-0.018287	-0.034883	0.034136	-0.037485	-0.035810	-0.004913	-0.004081	0.017054	-0.039642	0.004502	-0.003300	0.006391	0.005249	-0.022778	-0.010023	0.019980	0.010391	0.032282	-0.047115	0.024609	-0.009668	-0.008843	-0.012347	-0.008456	0.012215	-0.035231	-0.035628	0.033076	-0.014514	0.000983	0.002027	0.006529	0.011286	0.023863	0.002506	0.000374	-0.005256
0.979553	-0.044372	-0.020027	0.111059	0.024009	-0.038406	0.010331	0.018505	0.011354	-0.025136	-0.076606	0.019988	-0.022312	0.025193	-0.046752	0.016132	-0.037295	0.024556	0.015762	0.021486	0.019649	-0.015171	-0.018405	0.034420	0.005196	0.001428	-0.028406	0.017977	0.025468	0.027151	0.001642	-0.009245	-0.003927	0.012802	0.005174	-0.004317	0.040414	0.009871	0.010625	-0.013311	0.006215	-0.015819	0.002863	-0.013791	-0.014581	-0.002092	0.023692	-0.028621	0.019500	-0.021827
0.970761	-0.064456	0.004409	0.031015	0.088853	0.019718	0.108720	-0.027411	0.095390	0.025774	-0.052195	0.002310	-0.012672	-0.032197	-0.036376	0.032863	0.008069	0.038397	-0.030508	-0.047997	0.001533	0.006739	-0.029955	-0.025264	-0.001020	0.025078	-0.030554	-0.012847	0.032589	0.011704	0.005436	-0.000335	-0.018878	0.015303	-0.002583	-0.015452	0.005649	0.000590	-0.001734	-0.014747	-0.013339	-0.010598	0.025611	0.021576	-0.006204	0.020319	0.001523	0.048964	-0.027987	0.009443
0.977729	-0.060829	-0.064688	0.088375	-0.042851	-0.012912	0.016659	0.049210	-0.028071	-0.010154	0.003494	0.051453	0.017357	-0.016297	0.083652	-0.044639	0.023138	0.008116	0.032896	-0.037662	0.003002	0.004456	-0.015878	0.022972	-0.035472	0.005609	0.010930	0.001029	-0.021593	-0.003238	-0.013500	0.009428	-0.004668	0.017732	0.004936	-0.010134	0.013890	-0.018431	-0.022420	0.019002	-0.016512	-0.006153	0.009990	-0.005000	0.007848	0.033295	0.027881	0.005295	-0.005676	0.013003
0.969431	-0.010872	-0.012076	0.058217	-0.079232	0.009555	0.083860	-0.100766	-0.072044	0.069718	0.066600	-0.000300	0.046401	0.006789	0.007461	-0.015416	-0.048756	-0.041889	-0.001204	-0.011933	0.048644	-0.011415	-0.011190	-0.015802	-0.008361	-0.024325	0.000746	0.042454	0.013986	-0.007873	0.025355	-0.004458	0.020499	-0.027994	0.041920	-0.023705	0.014014	0.014332	0.003238	0.004192	0.017811	-0.006885	0.001730	0.013147	-0.003377	0.018295	-0.011926	-0.003611	0.018960	-0.011352
0.953312	-0.142578	-0.073446	-0.160471	-0.015998	-0.036246	-0.045763	0.037700	0.023117	0.006896	-0.022313	0.045288	-0.021328	0.036713	0.032546	-0.068057	0.020345	0.013739	-0.026808	-0.049966	-0.060580	-0.020306	0.028025	-0.055871	-0.004887	0.012426	0.010811	0.004218	0.026853	-0.012621	-0.028920	-0.015049	0.026100	0.040158	-0.011000	-0.029300	0.001249	0.020261	-0.030821	0.023219	-0.014317	-0.019709	0.046140	0.012328	0.038974	-0.015832	-0.001885	-0.003648	0.003187	-0.010134
0.943021	-0.146491	-0.017575	0.167504	0.052401	0.007471	0.090872	0.108734	0.069592	0.024710	-0.017572	0.048773	0.034805	-0.036718	0.000201	-0.003627	0.020130	-0.068111	0.032758	-0.004241	-0.011835	-0.005254	-0.014886	0.044193	-0.032617	-0.011038	0.004086	-0.051358	0.017933	-0.005567	-0.026739	0.054631	0.011707	-0.001774	-0.051567	-0.037174	-0.035919	-0.043384	-0.001015	0.016800	-0.019809	0.010142	0.006790	0.028405	-0.008592	0.028141	0.010073	0.012517	-0.024164	0.015046
0.961475	-0.011792	-0.072447	-0.070263	-0.014206	-0.027114	-0.011385	-0.055801	0.015330	0.065736	0.052131	0.064101	-0.026840	-0.006329	-0.003770	0.062930	-0.065421	-0.071102	-0.036522	0.002446	0.004490	0.061525	0.046282	0.063865	-0.000361	-0.007786	0.023223	0.052832	0.008160	-0.009984	0.029155	0.079486	-0.014590	-0.029978	0.050211	0.000123	-0.016603	0.005964	-0.004712	0.036650	-0.044397	-0.017396	0.017925	-0.036873	-0.014145	0.008521	-0.049106	0.038561	0.007433	0.005162
0.959130	0.066349	0.024641	0.014089	0.143907	0.052183	-0.009801	-0.020068	0.012403	-0.068302	-0.027447	0.063336	-0.023588	0.003027	-0.069963	0.066166	-0.016731	0.066787	0.005919	-0.005952	-0.013948	-0.036889	0.029986	-0.018489	0.054248	0.000790	-0.040008	-0.016781	0.000419	0.041041	0.036890	0.035910	0.005873	0.027092	0.042354	0.001770	0.035197	0.057269	0.050680	0.021383	0.001392	-0.012957	-0.001380	-0.028197	-0.031672	-0.036200	-0.003548	0.031925	0.013438	-0.011743
0.964653	0.111636	0.007579	0.111932	-0.033581	0.052678	-0.007456	0.041223	0.047007	0.053394	-0.029310	0.044899	0.003854	-0.052166	0.031934	0.043576	0.029841	0.038232	0.052225	-0.011675	-0.011091	-0.039769	0.032207	0.010796	-0.024589	-0.008335	-0.003053	0.009937	-0.016731	-0.034877	0.009615	0.005542	-0.022284	-0.027303	-0.005095	0.017906	0.037802	-0.002165	0.042755	0.005001	0.020750	-0.033433	0.009033	0.020645	0.079015	-0.008780	-0.022229	-0.021485	-0.005448	0.020863
0.945251	0.083483	-0.010976	-0.074416	-0.041796	-0.059562	0.053851	0.151646	-0.074206	0.013393	0.107650	0.017465	-0.071936	-0.030953	-0.036605	0.031978	-0.081862	-0.041737	-0.025146	0.038920	-0.005424	-0.020032	0.015244	0.005956	-0.051513	-0.026388	0.003675	0.041109	0.013845	-0.018676	0.015218	-0.006557	0.017711	-0.013324	0.051302	0.024895	-0.033435	0.029545	-0.015374	-0.076970	0.001720	-0.016170	0.034145	0.022441	0.036964	0.004970	-0.007313	-0.015132	0.062792	0.002205
0.969596	0.044692	0.085970	0.049090	0.090071	0.040193	-0.047386	0.031717	-0.023852	0.031719	0.057355	0.030155	0.061350	-0.046148	0.003174	-0.001788	-0.028378	0.040078	0.038967	-0.007297	-0.023970	-0.035946	-0.020927	0.033282	-0.045727	-0.022320	0.007171	0.010685	-0.012220	-0.001120	0.003430	0.012875	0.020544	-0.013370	0.036885	-0.032738	0.020094	0.009947	-0.014878	-0.003015	-0.003700	0.006965	0.000597	0.061215	-0.024041	0.041889	-0.025857	-0.005760	0.045870	-0.015219
0.959362	0.003910	0.128847	0.066354	0.028867	0.078881	-0.009240	0.035034	-0.094626	-0.054283	-0.013034	-0.031853	-0.043250	-0.050846	-0.015846	0.032171	-0.005511	0.036053	0.045834	-0.015131	-0.020282	-0.062611	0.037496	-0.027095	-0.009128	-0.012735	0.030179	-0.021294	-0.003813	0.009808	-0.000421	-0.037376	0.015635	0.013510	-0.013666	-0.025440	0.030740	0.019491	0.022515	-0.000715	-0.036340	0.015087	-0.028514	0.042608	-0.033249	-0.004783	0.028275	0.055912	-0.017428	0.074387
0.968726	-0.054584	0.109787	-0.040586	0.037208	0.139083	0.042111	0.027544	-0.028387	0.038840	-0.014365	-0.012664	0.021464	-0.023115	0.034266	-0.006508	-0.029197	0.033533	0.044307	-0.002319	-0.008168	0.000204	-0.004627	0.009307	-0.046073	-0.018446	0.027071	-0.018936	0.038492	-0.009129	0.015503	-0.023107	-0.032132	0.008158	-0.017053	-0.008467	0.020550	-0.022257	-0.009405	-0.005183	0.024006	-0.001221	0.041602	0.007603	-0.028522	-0.027702	-0.009714	0.009720	-0.004592	0.008421
0.960083	0.161049	0.007547	0.036722	-0.053073	-0.120039	0.045475	-0.036549	-0.049237	-0.036141	-0.050746	-0.038807	-0.027501	0.016930	-0.004488	-0.037692	-0.025363	0.022728	0.061993	-0.031572	0.011442	-0.051533	0.004658	-0.019387	-0.047023	0.032081	-0.033470	-0.026461	0.027215	0.002904	-0.016559	-0.011867	-0.035197	-0.010760	-0.009937	-0.012767	0.032415	-0.007704	-0.019293	-0.002959	-0.005708	-0.026305	-0.004943	-0.005230	0.001679	0.005993	0.004197	0.015047	-0.004033	-0.019536
0.945144	-0.014334	0.040528	0.071857	0.026720	0.023961	0.019212	-0.049833	-0.080513	0.057637	0.024737	-0.050328	0.001491	0.011338	-0.013386	-0.016612	0.003392	0.089008	0.152697	0.009278	0.016051	-0.052090	0.016136	-0.030497	-0.013886	-0.006873	-0.034008	-0.058895	0.004448	0.001449	0.010479	0.009496	0.071089	0.034095	0.042495	-0.046081	0.073135	-0.035318	0.065168	0.076559	-0.049864	0.068366	-0.029375	0.047655	-0.026214	-0.017422	-0.002093	0.016516	0.052282	0.016921
0.573711	-0.054076	0.019620	-0.163411	-0.167444	0.048886	0.056889	0.169763	0.010605	0.120360	0.105398	-0.001251	0.008858	-0.053701	0.088740	0.121730	0.178604	0.186266	0.188085	0.379146	0.001701	0.056719	-0.066244	0.122532	-0.104699	-0.147614	-0.150615	-0.035165	-0.025161	0.109530	-0.007954	-0.057522	0.089382	0.307157	-0.054724	-0.063200	-0.034929	0.165810	-0.086613	0.007973	-0.039202	-0.113111	0.007122	0.020852	0.097123	-0.105726	-0.031876	-0.056616	-0.022103	0.015399
0.954715	-0.168727	0.097139	0.104106	0.038561	-0.020968	0.072556	-0.051380	-0.022660	0.008940	-0.058942	-0.010197	-0.033808	-0.035979	-0.003394	0.024278	-0.023029	-0.038623	0.076412	0.009258	0.011060	-0.002218	-0.003254	-0.001746	-0.010143	-0.027643	0.026268	0.001972	0.009052	-0.003585	0.002589	-0.006292	-0.033873	-0.035687	-0.022408	0.022301	0.038419	0.025711	-0.042370	0.012348	-0.042027	0.032746	-0.002163	0.010541	-0.001177	0.025446	-0.011697	0.038473	0.002892	-0.014550
0.957537	0.086505	0.117384	0.058850	-0.013766	0.086747	0.066832	0.065054	0.002522	-0.036041	0.021738	-0.092889	0.000909	0.034828	0.021570	0.045128	-0.014471	-0.012842	-0.043099	0.035276	0.023718	-0.070262	-0.033316	0.007991	-0.011609	0.056716	-0.002802	-0.022512	0.011709	-0.014674	0.018311	-0.009337	0.037257	-0.012286	-0.032776	-0.012015	0.033247	0.032085	-0.011204	-0.006853	-0.038720	0.042535	0.021008	-0.005435	0.004528	0.032982	-0.018967	-0.029925	0.028509	0.032424
0.986513	-0.010815	0.011254	0.084421	0.028370	0.012616	-0.044560	-0.009724	0.054674	0.025899	-0.028625	0.021421	-0.063966	-0.038829	0.007115	-0.004797	0.008523	0.018379	-0.016416	0.014551	-0.000848	0.010044	-0.004629	-0.001598	-0.010546	-0.005132	-0.003224	-0.009634	0.002054	-0.025909	-0.024546	0.005600	-0.003331	-0.007745	0.013194	0.027821	0.004638	-0.016626	-0.002596	-0.012857	0.023340	-0.006800	-0.009231	0.008029	0.016873	-0.017217	-0.005880	-0.014604	-0.011217	0.003844
0.954024	-0.028907	-0.066351	0.016359	0.014192	-0.105723	0.032733	-0.026033	-0.032339	0.022032	0.029942	0.005848	-0.013753	0.020635	0.062791	-0.035919	0.149088	0.004548	-0.017735	-0.096176	-0.068789	0.008419	0.008904	-0.054546	-0.086090	-0.045732	-0.027964	0.008407	0.030332	-0.000663	-0.022855	-0.021412	-0.013129	0.016413	0.013015	-0.002877	0.014347	-0.011999	-0.022916	-0.028564	0.011465	0.025776	-0.037799	0.015492	-0.011867	-0.014373	-0.013651	0.071358	0.014739	0.018713
0.943343	0.121157	0.003659	-0.178894	0.119878	-0.105349	-0.103582	-0.047479	-0.042805	-0.003135	0.022777	-0.030852	-0.050965	0.036218	-0.028727	-0.028491	0.009627	-0.009453	0.039937	0.063915	-0.013246	0.018866	-0.046898	0.002353	-0.036765	0.021422	-0.018343	0.005106	0.016055	0.011292	-0.013084	-0.002079	0.015273	0.007490	0.012323	-0.013410	0.042345	0.004369	-0.006175	-0.017041	0.006333	-0.002339	-0.000881	0.029157	0.007750	0.021172	0.006490	-0.017491	-0.014545	-0.006161
0.984221	0.016684	0.038867	-0.078016	-0.032228	-0.068415	0.035892	0.017316	-0.038835	-0.002276	-0.013569	0.018287	-0.004219	-0.033143	-0.035510	-0.013251	0.010587	-0.002189	-0.001335	0.013605	-0.024645	-0.009594	-0.048496	-0.025732	-0.008198	0.022792	-0.026512	0.000728	0.000488	0.026724	-0.016611	0.019982	0.036606	0.017226	-0.010601	-0.023736	0.004845	0.008298	0.009391	-0.003137	0.000799	0.016838	-0.021791	0.022434	0.000516	-0.023897	-0.006915	-0.015403	0.002066	0.014798
0.986769	0.005289	-0.052286	-0.081123	-0.002541	0.009641	0.018546	-0.017139	-0.023019	0.044904	-0.011605	-0.011192	-0.038308	-0.028012	0.017115	-0.040029	-0.023011	0.016366	0.019148	-0.025958	-0.021527	-0.006383	-0.019011	0.013660	0.017738	0.042200	-0.025462	-0.039061	-0.007848	-0.017817	-0.001598	-0.004321	0.012177	-0.009209	0.009518	-0.014164	-0.001024	-0.004172	0.004566	0.014139	0.016461	0.004676	0.000028	-0.004141	-0.018857	-0.003467	0.010737	-0.007145	-0.009244	-0.000449
0.981846	0.047404	-0.038119	-0.061933	-0.061344	-0.008174	-0.009005	0.004678	-0.010895	0.022741	-0.004935	-0.045594	-0.053183	0.005878	0.022370	-0.053526	-0.003926	0.064660	0.022368	-0.005173	-0.003437	-0.020219	-0.031274	0.033928	-0.000489	0.024847	-0.003744	-0.032506	-0.004791	-0.007644	-0.011241	0.005931	0.010113	-0.007811	0.019162	-0.026541	0.006931	-0.041175	0.004154	0.017555	0.003045	-0.023799	0.015712	0.003345	-0.004611	-0.005441	0.030352	-0.028996	-0.018482	0.006764
0.974421	-0.042432	-0.057588	-0.034650	-0.041784	-0.052659	-0.060632	-0.032922	-0.023653	0.033157	0.039135	0.073439	0.004360	-0.043431	-0.029892	-0.004909	0.001131	0.047076	-0.080528	-0.026043	-0.064283	-0.026224	-0.000066	0.000446	0.005833	-0.011418	-0.022182	0.028061	0.030456	-0.036549	-0.024634	-0.010097	-0.019815	0.016790	0.005444	-0.021902	0.009984	-0.015079	-0.023163	-0.004564	0.008923	-0.001330	0.024705	0.002844	0.025423	-0.003407	-0.023638	0.001542	-0.025056	-0.016399
0.948001	-0.008700	-0.112778	0.058830	0.002997	0.018929	-0.020744	-0.044191	0.034557	0.095625	0.073140	0.043573	0.010126	-0.116491	-0.097558	-0.016417	0.039788	-0.040650	-0.132909	0.004721	-0.097981	-0.032882	-0.031095	0.002370	0.007729	-0.004728	-0.024937	-0.011710	0.000402	-0.035261	-0.036987	-0.027244	-0.040151	-0.009793	-0.021209	-0.024764	0.008003	-0.008395	0.000617	0.006234	-0.017746	0.001915	-0.018217	0.002529	0.003386	-0.011887	0.009714	0.019175	0.006208	0.014675
0.974035	-0.024640	-0.060789	0.024518	-0.085820	-0.034880	-0.011137	-0.060411	-0.043058	-0.026424	0.036920	0.060926	0.002800	0.018365	0.114607	0.002999	-0.021396	0.014186	-0.026752	0.000857	0.055814	-0.035997	0.025613	-0.005092	-0.008805	-0.004691	-0.016420	0.000666	-0.031908	-0.005239	-0.020458	0.013878	0.002590	0.017025	0.002745	0.028129	0.003244	-0.011022	-0.010825	-0.020323	0.011136	-0.004194	0.025976	-0.022754	0.015244	-0.023972	0.009738	-0.017772	0.006852	-0.005476
0.948699	0.130184	-0.105190	-0.015007	-0.035679	-0.075447	-0.067655	0.155872	0.020733	0.046271	-0.044335	0.007296	-0.010925	-0.001155	-0.013087	-0.083310	-0.040459	-0.005538	0.046264	-0.014056	0.031635	-0.004790	-0.037213	-0.027984	0.004716	0.009137	-0.004487	-0.024415	-0.068645	-0.038175	-0.027033	-0.001212	0.010417	-0.046100	-0.009635	-0.029733	0.013138	-0.003460	-0.005879	0.002949	-0.003638	0.004496	-0.038198	-0.006778	0.003936	0.020065	0.018672	-0.017190	-0.051714	-0.023193
0.961072	0.085898	0.173895	-0.029471	-0.029281	-0.032637	0.051742	-0.020162	0.033730	0.050435	0.019136	-0.052570	-0.023999	-0.014478	-0.053190	0.005446	-0.020180	0.026711	-0.003105	0.008593	-0.045729	-0.013229	0.037031	0.017340	-0.002549	-0.028955	-0.006772	-0.000989	0.005244	-0.018312	0.024611	-0.039616	-0.009697	0.004910	-0.021920	0.045179	0.017324	0.000855	-0.044556	-0.010520	0.050160	-0.002795	0.032614	0.014171	0.006906	-0.003524	-0.034216	0.049041	0.015621	-0.033409
0.928535	-0.072910	0.114301	-0.108458	-0.143780	-0.001477	-0.044411	-0.012146	-0.016009	0.060587	-0.039979	-0.086167	0.047326	-0.034262	0.036492	-0.087028	0.011703	0.005628	0.068908	-0.005630	-0.073292	-0.017715	0.000524	0.036688	-0.110784	-0.042686	-0.048796	-0.045708	0.022884	0.017895	-0.035127	-0.007058	-0.089861	0.008835	-0.039848	0.075203	-0.009241	0.002733	0.014446	-0.027027	-0.038016	-0.031256	0.043911	0.062821	0.023826	0.012847	-0.021958	-0.031284	-0.002722	-0.003972
0.968298	-0.101113	-0.047664	0.138115	-0.023953	0.022344	-0.011950	0.033563	0.001339	0.010756	-0.036522	-0.017537	-0.025560	-0.002737	0.007100	-0.036452	-0.044187	0.013197	0.012378	-0.013535	0.066405	-0.073198	0.004879	0.002945	-0.011347	-0.028782	0.013267	0.034483	-0.022666	-0.011223	-0.037089	-0.019777	-0.020262	-0.040972	0.009315	0.018799	0.013367	-0.005961	-0.004345	0.014693	0.046279	-0.007476	-0.005795	0.014427	0.026232	0.024327	0.008122	0.024309	-0.003157	-0.018145
0.966022	-0.055729	0.099253	-0.001316	-0.043166	0.000427	-0.045475	-0.035104	-0.032134	-0.063675	-0.038463	-0.021041	-0.078712	-0.060437	-0.011982	0.081079	0.005444	-0.008036	-0.009405	0.057686	0.051414	-0.006239	-0.034156	0.007062	0.019325	-0.048546	-0.036755	-0.018449	0.051390	0.016612	-0.000122	-0.009321	0.024038	0.035517	-0.013169	0.037556	0.017933	-0.001093	-0.032157	0.023942	-0.021222	0.009042	0.017241	-0.008302	-0.035218	-0.024418	-0.025269	-0.036167	-0.006986	0.013654
0.963138	-0.018154	0.034641	-0.018240	0.107099	-0.068034	0.034080	-0.147896	-0.036846	-0.040926	0.036166	0.045912	-0.034734	-0.024242	0.033827	0.002301	-0.062967	0.030864	-0.009080	0.027433	0.048138	-0.015870	0.006624	0.048897	-0.049152	-0.008558	0.018879	-0.034557	0.001923	-0.004075	0.030016	-0.003733	-0.001610	-0.018058	-0.013329	0.040642	0.005456	-0.003530	-0.025263	0.006337	0.003830	0.000141	-0.029350	-0.026580	-0.024847	0.022510	0.012879	-0.011519	-0.018613	0.004050
0.968845	0.054054	0.005349	-0.069900	-0.048009	0.017728	-0.062475	-0.014123	-0.067014	-0.083333	0.026894	0.031663	-0.001975	-0.019488	0.025238	-0.046049	0.021928	-0.050112	-0.026368	0.041677	0.036410	-0.037283	0.021920	-0.005295	-0.007993	0.004886	0.004243	-0.027982	-0.051882	0.021476	0.029888	0.008674	-0.023977	-0.028016	0.010256	-0.042042	-0.034708	0.037535	-0.014434	-0.044519	-0.038140	-0.008345	0.013274	0.008636	0.033096	-0.061779	-0.017845	0.023919	0.010769	0.033007
0.956656	-0.112906	-0.065545	0.068936	0.048645	0.145725	-0.049682	-0.118168	0.060946	0.043719	0.001659	0.007942	-0.036638	0.024285	0.022682	-0.034220	-0.037582	-0.019804	0.048447	0.011626	-0.015006	-0.027115	0.023320	0.049063	-0.002759	-0.011814	-0.003938	-0.009303	-0.038809	-0.011693	0.002382	0.011844	-0.001391	0.001165	0.020443	-0.029929	-0.005721	0.016926	-0.000797	0.014095	-0.016904	-0.009911	0.015137	0.010301	-0.016423	-0.004492	0.009377	0.001969	0.002811	-0.022116
0.911322	-0.052604	-0.020768	0.290923	0.114827	0.015406	-0.107818	-0.139260	-0.014162	-0.076540	0.087013	0.041385	-0.077171	0.000656	0.022256	0.002584	0.031946	0.063199	0.018323	0.009557	0.003391	0.016617	-0.049749	0.010658	-0.029669	0.009135	-0.004786	-0.011564	-0.008169	-0.014496	0.004177	0.006770	-0.016276	-0.015452	-0.007324	-0.032458	0.004475	-0.045069	0.004521	-0.023823	0.001022	-0.002040	-0.011556	0.005375	-0.016718	-0.006421	0.002686	-0.028066	0.009957	-0.002483
0.949973	-0.042113	0.184757	0.003594	-0.114998	-0.030667	0.082697	-0.092117	0.005020	0.000248	0.050020	-0.006481	0.025209	-0.071408	0.029644	0.063535	0.044222	-0.035284	0.006886	0.019522	0.001169	0.000883	0.065803	-0.018513	-0.012203	-0.020034	0.030033	-0.011487	0.003093	-0.007876	0.019105	-0.004527	0.008934	-0.026537	0.014353	-0.017168	0.003052	-0.009897	-0.012456	-0.051144	-0.009827	0.039895	-0.009789	0.019959	-0.002801	0.025343	0.030444	0.024491	-0.006339	0.003761
0.877968	-0.161763	-0.037255	0.260582	-0.137424	-0.022781	0.043693	-0.016785	0.027425	0.058044	0.098695	0.003295	-0.079247	0.060182	0.118916	0.006644	0.146729	-0.101312	-0.090354	-0.064489	-0.067454	-0.004751	0.021278	0.061063	-0.037558	-0.028355	-0.030456	-0.017391	-0.057870	-0.021166	0.003274	0.043382	0.048066	-0.031442	0.012317	-0.030472	-0.001044	-0.027336	-0.028576	0.003383	-0.000627	-0.003954	0.014046	0.019993	-0.037009	-0.050535	-0.022648	0.028190	0.001787	-0.018753
0.906986	0.297893	-0.130065	0.080782	0.083822	-0.105645	0.081324	0.029641	0.055340	-0.027413	-0.031710	0.111154	0.009751	-0.006703	-0.072917	0.017610	-0.030935	0.024136	-0.004303	0.041617	0.030100	-0.022198	-0.012785	0.027400	-0.020788	-0.002005	-0.019218	-0.003798	0.021629	-0.003059	0.002960	-0.019327	0.048599	0.004492	0.014662	0.016016	0.023986	0.025681	-0.010718	0.008573	-0.014731	-0.016903	-0.017526	0.011839	-0.033205	0.017212	-0.015636	-0.005062	-0.031324	-0.037592
0.954501	0.052757	0.072769	0.127596	-0.065835	-0.037346	0.051994	0.003038	-0.094718	0.001268	-0.085841	-0.037881	0.083338	-0.008105	-0.019936	-0.072360	-0.067408	-0.008865	0.024480	-0.023190	0.062621	-0.034889	-0.030096	0.009266	-0.043377	0.013726	-0.012247	0.047757	0.001211	-0.004761	-0.047468	0.040907	0.041711	-0.025656	-0.008452	0.012665	0.005828	0.009248	-0.010375	-0.032429	0.005511	-0.009532	-0.001739	-0.013035	0.019972	0.014882	-0.022548	-0.002042	-0.005440	-0.000402
0.935304	0.008055	-0.037307	-0.039029	0.081847	0.048048	0.116125	-0.010973	0.000767	0.054364	0.207201	-0.000810	0.044745	-0.043068	-0.027242	0.019013	-0.093070	-0.042598	0.044733	-0.025158	-0.008643	0.006885	0.027425	0.043090	0.000045	0.019983	-0.003688	0.030989	0.117128	0.025814	0.021515	0.010794	0.001747	0.014152	-0.006487	0.010480	0.015399	0.008909	0.014270	0.059691	-0.041048	-0.068457	0.014482	0.009267	0.022800	-0.019155	-0.011602	0.025384	-0.055211	-0.027660
0.961549	0.005159	0.019088	-0.015386	0.059135	-0.007606	0.092701	-0.032142	0.042698	-0.005918	0.077162	0.011271	0.006464	-0.037543	0.033531	0.046733	-0.027099	-0.005269	0.009059	-0.020509	0.048633	-0.042701	0.015968	0.018125	-0.070613	0.003070	-0.076570	0.021544	0.070552	0.005244	0.001374	-0.015300	0.048629	-0.020604	-0.007139	-0.038956	0.062930	0.025694	0.037523	0.079484	-0.057285	-0.021060	-0.001141	0.018922	0.014794	-0.017703	-0.021889	0.045801	-0.014850	-0.046871
0.983043	-0.015169	0.062354	-0.070079	0.048832	0.038050	-0.016679	0.004947	-0.027471	0.029634	0.020242	0.051830	0.014798	0.001377	-0.007219	0.021490	-0.017507	-0.005627	-0.016680	0.020583	-0.053397	-0.029719	-0.001008	-0.001001	-0.012880	-0.020225	-0.053233	-0.011177	-0.010126	-0.001437	-0.009726	-0.026958	-0.021894	-0.018162	-0.045006	-0.011658	0.022558	0.010359	0.024776	-0.024352	0.017776	0.002664	0.013445	0.011746	0.006871	-0.000353	0.002497	0.009986	-0.002441	-0.012952
0.954340	-0.033534	-0.133797	0.023523	-0.082842	-0.103724	0.010748	0.056913	0.001545	-0.020052	-0.098378	0.070664	-0.001023	0.000554	-0.049728	0.014701	-0.019726	-0.075770	0.049173	-0.001495	-0.035940	-0.010309	-0.008405	-0.001941	-0.020405	0.006964	-0.064761	-0.007045	0.023508	0.031010	-0.045936	-0.026614	-0.011204	-0.024444	-0.054034	-0.032923	-0.008896	-0.012294	0.028550	-0.014814	0.013429	-0.004886	0.021801	0.013182	0.022050	0.033767	-0.001086	-0.001636	-0.053654	-0.022269
0.959628	0.007010	0.126750	0.150814	-0.016893	0.081498	-0.030300	-0.009937	0.075129	0.054591	-0.038947	0.005456	0.032006	0.023490	0.024434	0.032176	-0.045775	0.027416	-0.053152	-0.012955	0.042516	0.035028	0.030028	0.009398	0.012508	-0.013599	-0.000319	-0.009183	0.006617	0.000206	-0.019338	0.001951	-0.050529	-0.022621	-0.012574	0.007565	0.042656	-0.009066	-0.008625	-0.023429	-0.013422	-0.027627	-0.018102	-0.004385	0.002997	0.001108	-0.001295	-0.021157	-0.000345	-0.025760
0.984401	0.068041	0.007634	0.058201	-0.020293	-0.005815	0.017506	0.078179	-0.045850	0.021679	-0.015754	0.024494	0.040230	-0.021972	0.011654	-0.032979	0.011095	0.028502	0.052583	-0.047791	-0.016854	0.008355	-0.019442	-0.004095	-0.032980	0.009818	0.000146	-0.003739	-0.005171	0.001414	-0.008203	0.012777	0.009533	0.001931	0.004111	0.000938	-0.004372	-0.003927	0.010089	-0.009789	0.004947	0.000366	0.016940	0.011588	0.004977	0.003869	-0.007549	-0.008395	-0.010799	0.002642
0.977585	-0.130906	-0.073650	0.055466	-0.000178	0.020139	0.043422	0.035269	-0.028589	-0.029499	-0.026449	-0.033447	-0.018770	0.019288	-0.009246	-0.016672	0.024409	0.003709	-0.005312	-0.054084	0.025604	-0.026329	0.002877	0.001518	0.012021	-0.012810	0.010177	0.004209	0.017187	-0.013892	0.006993	0.002546	0.000514	0.002367	0.008853	0.037988	-0.002535	0.008844	-0.011483	-0.013511	-0.001644	-0.033996	-0.003473	-0.028722	0.006470	0.012158	0.015425	0.011078	-0.002175	-0.013769
0.958257	-0.068275	0.021463	-0.071830	-0.012292	0.105807	0.011889	0.050061	0.033821	0.088313	-0.054235	0.033742	0.085918	-0.013768	0.046442	0.013459	-0.043572	0.072027	0.075690	0.033115	-0.015006	-0.023361	0.014887	0.034052	-0.068590	0.006169	-0.010217	0.016779	-0.003517	-0.015251	0.001266	-0.002506	-0.021485	-0.005462	-0.016755	0.050489	0.016945	-0.022048	0.014910	-0.041596	0.022643	-0.025783	0.012519	0.024922	-0.044663	-0.032768	-0.020040	0.029410	0.027119	0.004172
0.964798	0.134763	0.101922	-0.047523	0.066263	-0.060628	0.028511	-0.030542	0.046547	0.017366	0.027324	0.043929	-0.017596	0.023349	0.030324	0.054380	0.013884	-0.028510	0.009389	0.000957	0.009868	-0.000175	0.053885	-0.017356	0.050738	-0.030417	-0.009630	0.031013	0.008048	-0.009442	-0.003436	0.001804	-0.012117	0.024127	0.004473	0.006926	-0.012869	0.017449	0.020202	-0.050268	-0.001099	-0.010563	-0.040195	-0.020297	0.033297	0.034593	-0.006559	-0.009155	-0.024757	0.012720
0.964874	-0.004936	-0.114302	-0.111413	-0.072816	0.097932	-0.016776	-0.010043	0.054052	-0.010274	-0.015837	0.119025	0.019940	-0.012114	-0.016016	0.033563	0.004617	0.024242	0.007074	-0.018035	-0.044101	0.039194	-0.029316	0.004340	0.005168	0.007615	-0.005382	-0.013348	0.003445	0.009013	-0.003764	0.012339	-0.002142	-0.005702	-0.018009	-0.015235	0.029312	-0.004222	0.011197	0.021929	0.004245	0.001331	0.014456	-0.014852	-0.005579	0.015699	0.006866	-0.009292	0.001439	0.005876
0.980787	0.040444	-0.044040	0.041926	0.044175	0.077911	0.034073	0.048115	0.035308	-0.061559	-0.024996	0.004133	-0.010915	0.041660	-0.034140	-0.031551	-0.046820	0.005682	0.045919	-0.008015	-0.009169	-0.036885	-0.011194	0.000075	-0.007100	0.028423	-0.013488	-0.007603	-0.020173	0.010989	0.000551	-0.001150	-0.004308	-0.003555	-0.018545	-0.043404	-0.005523	0.006852	0.010211	0.021936	0.019568	-0.002274	-0.004581	-0.007146	0.009915	-0.011025	-0.008826	-0.003463	-0.015674	-0.000038
0.975427	0.007637	0.063107	-0.067553	-0.022630	0.085691	-0.008580	-0.057194	0.043700	-0.024349	-0.076827	-0.019348	0.037025	-0.024498	-0.012317	0.002151	0.031340	-0.049048	-0.029445	-0.013494	0.017929	0.003992	0.010241	-0.013613	-0.044494	0.035455	-0.004925	-0.000809	-0.026675	-0.012101	-0.034375	0.015976	0.006468	0.004230	-0.016802	0.009974	-0.016944	0.011758	0.020536	-0.022530	-0.001831	0.020153	-0.014500	0.039192	0.036643	-0.005147	-0.013045	0.004164	-0.001810	0.041202
0.975404	-0.101414	0.095473	0.065914	0.035889	-0.034772	0.021297	-0.033103	-0.013032	0.040877	-0.060899	0.026066	-0.049587	-0.014981	-0.013525	0.055530	-0.006974	-0.034893	0.037208	0.028186	-0.028260	0.029375	-0.011186	0.013957	-0.024277	-0.010244	0.001889	0.010064	0.001989	-0.003142	0.015980	0.004828	-0.010746	0.002865	-0.016552	0.003732	-0.018011	-0.018959	-0.024509	0.007128	0.006250	0.005228	0.005416	-0.002858	0.003478	0.011740	0.001161	0.009233	-0.003448	-0.000801
0.750077	-0.059797	-0.079007	-0.118521	0.024249	0.149512	-0.011950	-0.006906	-0.032739	-0.046829	0.016598	-0.125416	0.100473	-0.005323	-0.120606	0.163084	-0.077718	0.058896	-0.054258	-0.076232	0.145243	0.350153	0.186042	-0.056339	-0.137698	0.026531	-0.157866	-0.052575	-0.156609	-0.043073	-0.120832	-0.073355	0.015066	-0.054251	-0.009103	-0.077177	-0.044661	0.040824	0.044793	-0.009038	-0.047743	-0.023800	0.001965	0.043961	0.055785	0.036144	0.018801	-0.025416	0.031822	0.014674
0.964092	0.030505	0.052614	-0.102348	0.033197	-0.074949	0.102581	-0.036854	0.024436	0.084503	-0.060346	0.020890	-0.031430	-0.030057	0.036148	0.040623	0.001512	-0.017506	-0.011230	0.002775	-0.007065	-0.039351	0.026364	0.051299	-0.017736	0.013573	-0.036177	-0.056492	0.010326	-0.029266	-0.009121	-0.017321	-0.022497	0.003872	-0.013297	0.035923	-0.007362	0.030080	0.020147	-0.037898	0.040022	-0.021878	-0.010746	0.004135	0.034274	0.013891	-0.011962	-0.010893	0.009299	-0.025639
0.959768	0.088720	-0.061844	0.012405	-0.105007	-0.088273	0.050285	0.094749	0.026869	0.072531	-0.070395	-0.047058	0.016547	0.041805	-0.034543	-0.065929	-0.052260	-0.055594	-0.013115	0.000373	0.000748	-0.015370	-0.001570	0.007960	0.003212	0.018648	0.022048	0.019240	0.008284	-0.016835	-0.029119	-0.012532	-0.007699	-0.014410	-0.001474	-0.010275	-0.026026	0.014301	-0.014447	0.025457	-0.017244	-0.039409	0.027437	-0.015230	-0.014545	-0.009512	0.012206	0.039757	-0.009424	-0.004540
0.973000	0.026109	-0.022714	-0.047043	0.099537	0.021219	-0.073092	-0.046925	0.014090	0.017711	-0.015404	0.027346	0.027316	-0.029945	0.013447	-0.048343	0.013924	-0.045336	0.047827	-0.022401	-0.052207	0.048809	-0.027088	0.074325	0.007949	0.011214	-0.025980	0.014012	0.003055	-0.008313	-0.018990	0.034842	-0.007748	0.016338	-0.007638	0.009946	-0.030108	-0.030623	0.035422	0.013249	0.002748	-0.039579	0.029152	0.004510	-0.008361	-0.014637	-0.004574	-0.023264	-0.007625	0.008703
0.945025	0.024509	0.073110	-0.159105	-0.077395	-0.081648	-0.110271	-0.061949	-0.046700	0.001301	-0.022483	-0.052881	-0.003892	-0.015250	0.006197	-0.004490	0.058579	0.021518	-0.059429	-0.001992	0.037602	0.009432	0.002418	0.039760	0.005875	0.016720	0.012160	-0.061079	0.033483	0.022172	0.079136	-0.007149	0.007668	-0.006964	0.032169	-0.015756	-0.009613	-0.004222	0.032573	-0.014001	-0.025748	0.078743	-0.009148	0.076916	-0.023518	0.001787	-0.007696	0.035256	0.009723	0.031794
0.954095	0.005609	-0.098175	0.012906	0.035717	0.004181	-0.002446	0.042980	0.012784	0.077636	-0.018628	0.047944	-0.090866	-0.090828	0.030442	0.024152	-0.004458	0.115377	-0.091470	0.051206	0.088567	0.008189	-0.024330	-0.054791	-0.006046	-0.011493	0.040390	0.026049	0.003977	-0.019424	-0.024268	-0.004315	-0.040495	-0.014858	-0.014025	-0.037622	0.044092	0.008811	0.030281	-0.007237	0.031310	0.014940	-0.018150	-0.000366	-0.006189	0.015586	-0.014170	0.011436	-0.021830	-0.038422
0.966215	-0.072744	-0.005840	0.065482	0.046006	0.106311	-0.028782	0.049127	0.101870	0.027930	-0.091865	0.033003	-0.007600	-0.018695	-0.016583	0.023898	0.030754	-0.014764	0.018232	-0.032636	-0.048110	-0.026450	-0.022537	-0.007893	-0.017848	-0.006635	0.029949	-0.035429	-0.021275	-0.000862	-0.046756	-0.010982	0.004957	-0.013389	-0.034909	-0.017688	-0.004139	-0.009171	0.014199	-0.024600	0.015451	-0.018531	-0.002188	-0.002596	0.009835	0.009248	-0.004735	0.040623	-0.017942	0.037161
0.958219	-0.136793	0.019062	0.161346	0.036588	-0.103321	0.031324	-0.004543	0.073618	-0.001654	0.041695	-0.007185	-0.029540	-0.025169	-0.027910	0.013070	0.017908	0.035154	-0.042158	-0.036804	-0.008509	-0.047369	-0.027421	0.002120	-0.035695	-0.007892	0.001065	0.014743	0.003925	0.005257	-0.003956	0.005634	-0.008001	-0.012083	-0.017554	-0.012751	0.010582	-0.013386	-0.011561	0.014519	-0.013773	-0.046916	0.013344	-0.001679	-0.003091	-0.018625	0.004019	0.001583	0.002004	-0.018730
0.965224	-0.099497	0.002028	-0.142751	0.001570	-0.020782	-0.007590	-0.047316	-0.022919	0.023312	0.028967	-0.041889	0.087954	-0.012300	-0.050571	0.029737	0.014543	0.023452	0.008718	-0.058691	0.022682	0.069253	0.030655	-0.020019	-0.012406	0.012293	0.003386	0.026186	0.012145	-0.041726	-0.008278	0.003916	0.002543	-0.039177	0.014081	-0.001318	0.028725	0.020317	0.011768	-0.015433	0.013327	-0.033778	0.023276	-0.010102	0.026161	-0.011565	0.008785	-0.004660	-0.010462	0.009333
0.956305	-0.058113	0.039874	-0.026808	-0.110896	0.070285	-0.061390	-0.132813	-0.030695	-0.027372	-0.006898	0.053909	0.060772	0.055666	-0.067568	0.061956	-0.056070	0.033068	0.077104	0.013066	-0.012946	0.028097	-0.003321	0.011377	-0.007308	0.009205	-0.047273	-0.013154	-0.018399	-0.025737	-0.015837	0.020677	-0.048038	-0.017303	0.001556	0.019072	0.001042	-0.011066	-0.002566	-0.006152	0.023945	0.025231	0.012868	-0.010955	-0.011290	0.002279	0.012030	-0.004268	-0.026183	0.003817
0.941796	0.067752	-0.119179	-0.044052	-0.155793	0.032238	0.130575	-0.091633	0.003174	0.046137	-0.052871	0.007745	-0.073508	0.030621	0.028571	0.012122	0.042926	-0.010281	0.075435	-0.045705	-0.025385	-0.057417	0.009722	-0.012332	-0.010694	-0.014472	0.011861	-0.046726	-0.061022	-0.017122	-0.006777	-0.019159	-0.002664	-0.028284	0.012006	-0.050881	-0.007037	0.010260	-0.032053	-0.007008	0.007821	0.000425	-0.022015	0.035628	-0.001226	0.000963	0.003376	0.039378	0.002315	0.008979
0.952617	0.033245	0.007965	-0.047189	-0.013315	0.064857	0.061332	-0.008459	0.134418	0.002747	0.007110	0.036133	0.066102	-0.025257	-0.007010	-0.076047	0.075512	0.115732	-0.005053	-0.057082	-0.063650	0.043604	-0.009507	-0.040859	-0.007278	-0.023834	0.040880	0.042529	0.023850	0.003605	-0.005579	-0.048047	-0.005685	-0.015759	0.036406	-0.014140	0.001875	-0.048945	0.020715	0.022439	-0.014744	0.025638	0.045134	0.008339	0.004647	0.051371	-0.035962	0.024068	-0.029385	-0.002574
0.949481	-0.079544	0.156181	0.030757	0.033478	-0.082741	-0.047749	0.027558	-0.040369	0.029862	0.001126	-0.009197	-0.028130	-0.052408	0.034771	0.048211	0.094435	-0.102039	-0.061787	-0.003102	-0.046007	-0.027776	0.001800	-0.038678	-0.005439	-0.030652	-0.028044	0.034496	-0.037404	0.010381	0.013595	0.009743	-0.043654	-0.011972	0.005898	-0.017549	-0.020097	0.007910	0.010910	0.018854	0.037507	-0.004823	-0.017299	-0.040023	0.027417	0.052708	0.053129	0.025368	0.001257	0.014016
0.937002	-0.066340	-0.015666	0.024880	-0.074053	0.156366	0.002339	0.048644	-0.027705	0.181133	0.026605	-0.069952	-0.022325	-0.060730	-0.056909	0.028832	-0.029649	-0.007495	-0.020031	-0.009652	-0.071616	-0.085195	-0.019540	-0.030341	-0.023506	0.038333	-0.018938	-0.006805	-0.036195	-0.046601	0.004628	-0.023198	0.004527	-0.003482	-0.000612	-0.009456	0.024913	-0.009747	-0.028267	-0.001377	0.009786	-0.039901	-0.016596	-0.005544	0.025380	-0.089177	0.025073	-0.006997	0.008253	-0.049589
0.960710	0.120826	-0.006498	0.033896	-0.037891	0.094023	-0.102969	0.080809	-0.022825	0.087244	0.024594	-0.006837	0.008780	-0.011670	-0.044736	-0.008414	-0.062344	0.018174	0.052766	0.036600	-0.036210	-0.003769	-0.033224	-0.009019	0.002210	0.026756	0.013314	0.013253	-0.020614	0.006621	0.020345	-0.034999	0.029108	-0.007557	0.034240	-0.011926	-0.007817	0.052513	0.022590	-0.004722	0.025572	0.030629	0.000348	0.008713	-0.009491	0.033239	-0.014267	0.003009	-0.006180	0.007090
0.980478	-0.135538	-0.018930	-0.026924	-0.043066	-0.013450	0.002789	-0.006544	-0.019734	-0.007731	0.012081	0.005216	-0.047606	-0.036519	-0.011886	0.008041	0.016712	0.043906	-0.004742	-0.020380	-0.005035	0.009905	-0.006143	-0.012308	-0.015777	-0.022800	0.035921	0.002307	0.020314	-0.001389	0.017798	0.007981	-0.001126	0.013210	-0.009738	-0.001370	0.026088	0.020501	0.004399	-0.011251	0.006901	-0.035088	0.037612	0.003276	0.031231	-0.012362	-0.022046	0.004425	-0.011410	0.029824
0.962909	-0.151432	-0.027859	0.036036	-0.000339	0.046112	0.074085	-0.012134	-0.048854	0.010719	-0.003716	-0.046873	0.018541	-0.062467	-0.085134	0.035728	-0.022366	-0.049389	-0.026040	-0.022073	0.049350	0.058256	0.058335	-0.019937	0.024559	0.016453	-0.020959	-0.014703	-0.025030	0.020591	-0.035833	-0.025602	0.016250	0.008135	0.031089	-0.005219	-0.027999	-0.012938	0.010567	-0.005011	0.002841	-0.002645	-0.006714	0.019242	0.029027	0.002848	-0.003003	0.010202	-0.015905	-0.015565
0.971336	-0.033866	-0.148940	0.015865	-0.005999	0.013883	0.021730	-0.009397	-0.036732	-0.060658	0.011229	0.065242	0.034974	0.005542	-0.022228	-0.081870	0.001799	0.015431	0.003266	-0.018434	0.019584	-0.013220	-0.000403	-0.008565	-0.025598	-0.005173	-0.028671	0.035346	0.015640	0.006563	-0.022753	0.027770	0.019842	0.002083	-0.002946	0.064702	-0.022661	-0.025371	0.029718	0.009605	0.007448	0.010657	-0.021889	-0.004686	-0.000796	-0.006496	-0.028733	-0.013881	-0.004327	-0.015596
0.973399	-0.039343	0.021197	-0.123887	0.009632	0.042162	-0.038062	0.048665	0.026801	0.046642	-0.087375	0.052678	-0.009654	-0.042417	-0.003722	0.044051	-0.038506	-0.015333	0.010729	0.023752	0.014792	0.008164	-0.002863	-0.033497	0.001394	-0.019288	0.005921	0.011901	-0.001453	-0.005186	-0.005898	-0.020258	0.021118	-0.023399	-0.011656	-0.017692	0.039900	0.017613	-0.001022	-0.007736	0.026901	-0.008831	-0.004179	0.009638	0.032663	-0.028117	0.007917	-0.004460	-0.031448	-0.015105
0.958128	-0.003359	0.143566	0.157211	0.025241	0.013421	-0.094041	-0.069818	-0.003483	-0.018062	0.031207	-0.074208	-0.055174	0.040498	0.028185	-0.028900	-0.004713	-0.022866	-0.017866	-0.016496	0.022778	-0.030140	0.038785	0.014239	-0.011281	-0.021319	0.020471	0.005749	-0.003595	-0.003297	0.025356	0.014803	0.000395	0.010359	-0.022671	-0.010297	0.008797	-0.011415	0.007109	0.004495	0.002650	-0.002214	-0.009094	0.018705	-0.018534	0.020911	-0.005297	-0.014770	-0.017779	0.000597
0.981413	-0.005870	-0.016641	-0.010357	0.091196	0.047878	-0.028524	0.017680	-0.060693	0.020716	0.013848	-0.024403	0.044647	-0.008405	-0.018138	-0.040789	0.008838	-0.055042	-0.009735	-0.046859	0.023978	-0.004405	0.002132	-0.023659	0.001207	0.006908	-0.029559	-0.001973	-0.014599	-0.009498	-0.010594	-0.010630	0.029681	-0.004032	-0.012222	-0.002492	-0.005178	0.043511	-0.027442	0.015718	-0.000761	0.007432	-0.045887	0.005864	0.032726	0.000175	0.016032	0.001047	-0.004882	-0.013587
0.932254	-0.045214	0.259774	0.082785	0.057712	0.067444	0.062773	0.054789	-0.090865	0.011899	-0.105689	-0.038457	0.014681	-0.042240	-0.022533	0.002457	0.009460	-0.006303	-0.009999	0.001375	-0.005712	-0.005569	0.046635	-0.026663	0.005301	-0.000851	0.023442	0.006816	0.040527	-0.002109	-0.000121	-0.075456	-0.001475	0.014251	0.003022	-0.002096	0.025191	-0.004937	-0.001419	-0.015825	0.025958	-0.006453	0.018153	0.020046	0.012820	-0.017246	-0.000899	0.000607	-0.022332	-0.038150
0.913409	-0.025528	0.209092	0.061537	-0.036174	0.019068	-0.068582	0.012507	0.054014	0.071999	0.028899	-0.022836	0.015065	-0.011893	0.103960	0.021972	0.079234	-0.037260	-0.009458	0.019187	0.016703	0.029939	0.042492	-0.067610	0.031449	-0.050956	-0.060037	0.040952	0.011332	0.100516	-0.012247	0.046600	-0.019118	0.047243	-0.037717	-0.006246	-0.065359	0.038649	-0.029421	-0.088439	-0.002699	0.078042	-0.074508	0.039614	-0.040065	-0.094857	-0.033775	-0.072835	-0.052572	-0.035193
0.842102	0.071220	0.143649	-0.111936	0.302306	-0.160711	0.258938	0.084532	-0.082704	0.093525	-0.050844	-0.009259	0.056416	-0.088969	-0.008074	0.065599	0.017799	-0.122913	0.060591	-0.025440	0.033797	0.010325	0.008593	-0.001705	0.010963	0.006476	0.025946	0.021667	0.021344	-0.016755	0.007538	0.034108	-0.013536	-0.016462	-0.001543	-0.029195	0.003021	-0.001854	-0.008120	0.023014	-0.012727	-0.021179	0.015030	-0.010859	-0.009606	0.007633	0.004418	-0.008840	-0.002860	-0.005758
0.982423	0.043572	-0.026126	0.012269	-0.021474	-0.047763	-0.017170	-0.009963	-0.040846	-0.040912	-0.028488	-0.006552	-0.004508	-0.025751	-0.016289	-0.025408	-0.003051	0.052110	-0.008366	-0.035215	0.011160	-0.041384	0.040837	0.010716	0.017006	0.022543	-0.000096	0.009204	-0.031968	0.004506	0.009694	0.000158	-0.034447	0.061888	0.043824	0.005087	0.020318	-0.011291	-0.005992	-0.009223	0.023355	0.049987	0.002039	0.037604	0.005174	0.012919	-0.014237	0.028503	-0.006300	0.013346
0.932374	0.162130	-0.022568	-0.022168	0.084471	0.078421	0.088988	0.229437	0.041285	0.042161	0.048350	-0.015005	0.007295	-0.056681	-0.014790	0.000539	-0.065857	0.002686	0.012180	-0.004235	0.002989	-0.041050	-0.000579	0.019806	0.007185	-0.030819	-0.052331	-0.007363	0.028528	-0.004399	-0.033129	-0.000871	0.008827	-0.001441	0.000175	-0.012578	0.017568	0.005129	-0.006119	-0.042328	0.021436	0.019654	-0.023328	-0.020028	0.017819	0.035468	0.039954	0.011794	0.013692	-0.001574
0.973165	0.101448	0.039374	0.010714	-0.027045	-0.032198	0.063970	0.041115	0.014245	0.010008	0.009163	-0.021174	-0.045385	0.036440	0.057423	0.002895	0.018782	0.018732	-0.012885	-0.103659	-0.018765	0.051258	-0.018615	-0.018122	0.011295	0.011161	-0.026761	-0.002686	0.008228	0.025012	-0.033157	-0.021801	0.033621	-0.015986	0.034496	0.025836	-0.026997	-0.003830	-0.015133	-0.020986	-0.005140	0.008761	0.015309	-0.027940	0.007693	0.009856	-0.026671	-0.008822	-0.025357	-0.006110
0.959325	-0.134020	-0.012400	0.056075	0.049747	0.139378	0.019806	-0.099356	0.005829	0.025399	0.003390	0.012765	0.018456	-0.035600	0.017578	-0.047810	-0.002189	-0.002531	-0.039561	-0.012565	-0.004073	0.034262	-0.029576	0.016046	0.023457	-0.010638	-0.003939	-0.004872	0.045230	0.007061	-0.026215	0.020168	0.017533	-0.006129	0.004568	-0.024079	0.063999	-0.007344	-0.035948	-0.022743	0.034468	0.016633	0.003271	-0.004690	-0.010869	-0.005750	-0.049456	-0.010160	0.017054	0.043280
0.979100	0.036450	-0.009991	0.072374	0.069718	0.070303	0.068801	0.018933	-0.010934	0.010319	0.026946	0.007858	-0.067022	-0.042441	-0.025359	-0.022418	-0.007583	0.020255	0.013672	-0.014763	-0.041565	0.023499	0.010024	0.005240	0.030658	-0.023584	-0.014271	0.021523	0.014634	-0.007236	0.014669	-0.001825	0.014141	-0.027604	-0.010248	-0.012543	0.001342	-0.007865	-0.000711	-0.014584	0.030163	0.000430	0.002903	0.011680	-0.005013	-0.025412	-0.042636	0.011779	-0.004377	0.014775
0.953401	0.052070	-0.006570	-0.060008	-0.013017	-0.009855	0.195513	0.099438	-0.014670	0.013494	0.028419	0.025196	0.051131	-0.000768	-0.041139	-0.034408	-0.045325	-0.072973	-0.036420	-0.027822	-0.033927	0.009653	-0.019204	0.072144	0.010943	0.011624	-0.009326	-0.005653	0.023389	-0.020535	-0.016778	0.050734	0.030004	0.009964	-0.008934	-0.033214	-0.011418	-0.021282	-0.012174	0.019274	-0.012418	-0.026410	0.040195	-0.024737	0.006735	0.026620	-0.026847	0.006113	0.004254	0.023881
0.934513	-0.144627	-0.044734	-0.063363	0.020335	0.076618	0.107536	0.076790	0.064777	0.004753	-0.021109	-0.058373	-0.107293	0.101121	0.004833	-0.147050	0.007044	-0.010501	0.003835	0.057508	-0.030201	0.060486	-0.039119	0.004481	0.002955	-0.010319	-0.016587	0.016607	0.002262	0.000522	0.005601	0.057951	0.006967	-0.018050	-0.023479	0.015942	0.023801	-0.024740	0.009221	0.010283	-0.022748	-0.015068	0.042738	0.032617	0.035207	0.002292	-0.018980	0.019305	0.019790	-0.048318
0.927831	0.099003	0.064330	0.005385	0.005297	0.181441	-0.082988	0.050756	-0.000354	0.020740	-0.114841	0.030731	-0.063892	-0.024953	-0.006615	0.081203	0.063266	0.006531	-0.007208	0.022679	-0.024425	0.059121	-0.040104	-0.039520	-0.008307	-0.018084	-0.026244	-0.046277	0.040587	0.024441	0.029300	-0.034106	0.039810	-0.064232	-0.023961	-0.018165	-0.015684	-0.110297	0.023304	0.029466	0.036626	0.065040	-0.021341	-0.038156	0.002294	0.066199	-0.001848	0.048097	-0.049768	-0.019366
0.977572	-0.020220	0.085076	0.043285	-0.066261	-0.073056	0.038573	0.024743	-0.039058	0.021160	-0.004204	-0.038261	-0.025869	0.001564	-0.029649	0.000688	-0.029222	-0.035854	-0.043737	-0.014316	0.002361	-0.025789	0.018019	-0.019237	0.006428	-0.003255	-0.037141	-0.037566	0.031338	-0.003706	0.023052	-0.027758	0.003506	-0.019533	-0.027478	-0.016241	0.034711	-0.011281	0.012711	0.009839	0.000400	0.016831	0.001641	0.038585	-0.000856	0.003713	0.027553	0.003190	0.036911	0.017620
0.939893	0.007279	0.116021	0.042852	0.078421	-0.161442	-0.049229	0.021009	-0.046371	0.021119	-0.066909	0.012185	-0.049982	-0.124610	0.033718	0.035957	0.006551	-0.089532	-0.001890	0.059181	0.058742	0.015303	-0.002458	0.054601	-0.030035	-0.052777	-0.021279	0.005904	-0.046266	-0.020577	-0.014745	0.016359	-0.032708	-0.027828	0.006171	0.078716	0.013657	-0.022842	0.019857	0.032162	0.011553	-0.023631	0.002698	-0.030510	-0.004881	-0.011734	0.030665	-0.007060	0.001675	-0.005802
0.971862	-0.054514	0.079428	-0.062665	0.084793	0.089878	0.041644	-0.033856	-0.048098	0.036075	-0.016880	0.020441	-0.007265	-0.029879	-0.021493	0.024671	0.008553	-0.041061	0.024614	-0.004291	-0.040990	-0.019713	-0.026836	-0.004033	-0.035042	-0.011546	-0.019444	-0.058332	-0.013603	-0.023750	0.024646	0.006630	0.022622	-0.027533	0.006096	-0.028538	0.027448	0.033499	0.018108	0.014301	-0.015115	-0.010200	-0.014910	0.001612	-0.007988	-0.008047	-0.007837	0.016737	-0.022448	0.001644
0.961001	0.045002	-0.132940	-0.106547	0.054341	-0.003783	-0.079088	0.048355	-0.030602	0.000461	-0.020205	0.043690	0.025366	-0.016884	-0.054383	0.016998	0.063497	-0.017098	0.012103	-0.029503	-0.011053	-0.053179	0.047485	-0.021251	0.010063	-0.003643	0.006518	0.019532	0.040557	-0.023483	0.059995	-0.025313	0.005244	-0.022044	0.017993	-0.002593	-0.037212	0.035281	0.044958	-0.000373	-0.017793	-0.001970	0.025061	0.028529	0.029108	-0.015065	0.005289	-0.002346	0.006666	0.007465
0.973085	-0.101299	-0.066135	0.034602	-0.013493	0.024080	0.025488	-0.057300	0.013728	-0.015690	0.012740	0.013544	-0.068732	-0.076256	0.024281	-0.055118	-0.022189	-0.014073	0.018017	0.038044	0.018905	0.028028	-0.027005	0.041404	0.014788	-0.025773	-0.026762	0.023548	-0.021423	0.010250	0.001062	-0.006251	0.014557	-0.009145	-0.009294	0.028196	-0.025372	-0.019764	0.006614	-0.014356	-0.019148	-0.034460	0.002429	0.014937	-0.050096	-0.012838	-0.019146	-0.034780	0.003149	-0.017890
0.913477	-0.024437	0.016437	-0.012780	-0.010785	0.090776	-0.187808	-0.001231	0.058960	-0.005521	-0.075693	0.020305	-0.049772	-0.114570	0.013532	0.132870	0.026885	-0.005168	0.037968	0.023011	0.039779	-0.031411	-0.045808	0.047886	0.032927	-0.005451	-0.030444	0.031292	0.039094	-0.019074	-0.020447	-0.003063	0.101014	-0.017367	0.036054	-0.017890	0.142853	0.030927	0.111289	0.079640	-0.054859	0.041928	0.007881	0.002544	0.003246	-0.027173	0.031013	0.006022	0.053004	-0.034359
0.791440	-0.125609	-0.034640	-0.130786	-0.310384	-0.022607	-0.091238	0.071602	0.021599	-0.040541	0.017462	0.052772	0.072288	-0.118079	-0.003368	-0.094051	-0.053879	-0.091936	0.050103	0.019766	0.008703	0.009480	-0.145948	-0.052863	0.017146	0.029907	-0.099115	0.061761	-0.005947	0.084570	-0.032274	-0.050166	0.032771	-0.020018	0.205895	-0.025712	-0.110797	0.080315	-0.049462	-0.030423	0.020216	0.071620	0.010875	-0.004230	-0.103401	0.122298	-0.054740	-0.064748	0.142039	0.081309
0.907131	-0.113209	-0.023861	0.138253	0.038817	0.170527	0.019563	-0.017669	-0.077611	0.107929	-0.163274	0.067253	0.049458	-0.073616	-0.062694	0.029328	0.054126	-0.008570	-0.001030	0.090806	-0.012291	0.019724	-0.004906	0.004449	-0.005699	0.037057	-0.060255	-0.005438	0.060989	0.038429	-0.031907	0.000349	0.022726	0.002080	-0.022805	0.106019	-0.062589	0.070786	-0.011665	-0.023913	-0.025623	0.015231	0.015330	0.000701	-0.007083	-0.006756	-0.049461	-0.043104	-0.012602	-0.033304
0.936852	0.083838	-0.033596	-0.063213	0.037948	-0.032761	0.021301	0.062322	-0.058790	-0.004516	-0.170348	0.164281	-0.004240	-0.018071	0.003869	0.099691	0.035483	0.000201	0.012154	-0.011153	-0.025838	0.091419	-0.070405	0.015639	0.007391	-0.009595	-0.005645	0.023902	0.012051	-0.021256	0.005037	-0.003460	-0.003632	0.037391	0.005029	0.022903	0.008173	-0.017924	-0.025629	-0.021609	0.002055	-0.004002	0.098210	-0.000385	0.021473	0.023751	0.029893	0.011907	-0.023317	-0.025263
0.885031	0.258280	0.240873	-0.069060	-0.154689	-0.088378	-0.005620	0.006527	0.033495	-0.042277	0.026163	-0.043130	0.147608	-0.022815	-0.047903	-0.059460	0.051018	-0.021150	0.008492	0.027479	0.000047	0.007765	0.009389	0.017828	-0.030268	-0.019503	0.044313	-0.009012	0.018810	-0.042431	0.034785	-0.046241	-0.014865	-0.015718	-0.008963	0.023385	0.007815	0.041634	-0.040744	-0.035720	-0.014541	0.007388	0.041972	-0.001876	0.003045	0.011512	-0.003501	-0.002580	-0.000337	0.024726
0.952804	-0.043716	-0.132983	0.088452	0.000407	0.120196	-0.146084	0.035815	-0.073428	0.009642	-0.033893	0.018808	0.006671	-0.001959	-0.014575	0.010149	-0.051579	0.011753	0.024090	-0.018155	0.027876	-0.019169	-0.053674	-0.022229	-0.022217	0.019343	0.003656	0.030926	-0.019399	0.001238	0.005779	-0.022522	-0.012300	-0.021128	-0.004455	0.024276	0.031663	-0.048817	0.000328	-0.035559	0.006354	-0.021324	-0.029867	0.010317	0.016367	-0.018930	-0.014569	-0.001959	-0.011965	0.031671
0.952624	0.041281	-0.125847	0.164261	-0.057782	-0.039566	-0.062903	-0.007371	-0.066061	-0.047446	-0.066458	0.015855	-0.043062	0.007659	-0.038928	-0.065907	-0.024255	-0.020920	-0.037684	-0.001361	0.019163	-0.006794	0.058450	-0.028287	-0.016293	-0.010152	-0.002261	-0.011508	-0.037309	0.042488	0.017851	0.030815	-0.030650	-0.003874	0.029855	0.006980	0.033187	0.016582	0.012141	-0.022293	0.012009	-0.039190	0.004427	-0.024187	0.020894	-0.002438	-0.021378	-0.010008	0.012370	0.024731
0.951848	-0.136682	-0.059129	-0.011923	-0.059812	-0.027166	-0.021156	-0.150481	0.065785	0.049691	0.026307	0.081804	0.045418	-0.023038	0.035436	0.008265	-0.001725	-0.002916	0.087156	0.001569	0.000537	0.023209	-0.000845	-0.041102	0.054642	0.023143	-0.013323	-0.024762	-0.031573	0.027676	-0.002756	-0.009903	0.027354	0.019454	-0.022539	0.002907	0.018833	-0.009879	0.007626	0.018554	0.012074	-0.009138	-0.027407	0.001480	0.012576	-0.029657	0.031074	0.008659	0.006609	0.067354
0.886371	-0.118191	-0.074861	0.133703	0.007859	-0.056469	-0.117817	0.014330	-0.072672	0.175604	0.126453	-0.025028	-0.067016	-0.023199	-0.120660	-0.055510	-0.048350	0.010608	-0.086310	0.057349	-0.139831	-0.063134	0.062019	-0.000125	0.050091	0.087553	-0.049094	-0.064666	-0.036870	0.017933	0.035570	-0.012667	0.018860	0.001185	-0.011928	0.027617	0.002934	0.005448	0.064164	0.027828	-0.003494	0.054313	0.055391	0.066905	-0.038838	0.025586	0.051494	-0.015044	0.041547	0.015590
0.956007	-0.002793	0.178778	0.106880	-0.008110	0.036654	0.051151	0.039229	-0.074437	0.063859	0.013902	-0.004360	0.030435	0.039358	-0.005750	-0.029522	-0.033089	0.003397	-0.049525	0.002122	-0.009449	0.012875	0.002005	0.005262	0.006939	0.002391	0.020569	-0.014465	0.017126	-0.045529	0.020984	0.014975	0.003086	-0.010731	-0.036254	0.045838	-0.003660	0.036177	-0.030880	-0.003247	-0.011271	-0.044731	-0.049261	0.033180	-0.014651	0.041961	0.011979	0.014830	-0.041265	-0.028120
0.949555	0.030189	-0.009585	0.143119	0.007406	0.025412	0.036094	-0.118551	0.063427	-0.009206	-0.013071	-0.019943	-0.054812	0.033159	-0.070889	-0.019090	0.030884	-0.051728	0.036693	0.061673	0.035301	-0.007450	-0.003055	-0.039952	-0.031871	-0.023958	0.039035	-0.027381	0.004262	-0.008866	-0.026594	0.008389	-0.057345	0.028006	-0.016322	-0.000572	-0.085040	0.010544	0.025882	0.049132	0.044348	0.061307	-0.053999	0.001330	-0.011953	0.065282	0.028851	0.004860	0.003955	-0.038993
0.913372	0.042660	0.011467	-0.112266	0.047718	0.194956	-0.142425	-0.006214	-0.025525	-0.064767	-0.041466	0.026048	-0.008538	-0.034939	0.017129	0.109988	0.002115	0.006946	-0.083711	-0.039925	0.010269	-0.030006	-0.062044	0.044121	0.050920	0.071379	-0.091072	0.045779	-0.025521	0.006488	0.089725	0.073105	-0.019826	0.017873	0.033431	-0.026465	-0.037217	-0.071605	0.016659	-0.010497	-0.033513	0.029881	-0.036694	0.028566	-0.044652	-0.009641	-0.045718	0.051650	0.021913	-0.033226
0.757474	-0.101278	-0.021465	0.009668	0.153746	-0.207116	0.099485	-0.099222	-0.025777	-0.019624	0.130149	0.057965	-0.002020	-0.154786	0.008720	-0.030534	-0.014493	-0.038386	-0.175230	0.043244	0.011971	-0.163317	0.043147	0.035214	-0.078139	0.016257	-0.153436	-0.079204	0.153013	0.054930	-0.031246	-0.055329	0.003055	-0.081361	-0.190008	-0.079703	-0.038707	0.078488	0.024148	0.192011	-0.068567	-0.006429	0.003553	0.021064	0.016663	0.166730	-0.069689	0.004784	-0.121306	-0.070210
0.921371	0.096923	-0.030425	0.195920	0.049317	0.133533	0.039762	0.011640	-0.004191	0.052608	0.010409	0.042500	-0.012122	-0.011339	0.009291	0.037629	0.073868	-0.044062	-0.082614	0.056604	-0.024443	-0.017320	0.079742	-0.012376	-0.099948	-0.067302	-0.005680	0.047106	-0.037160	-0.021961	0.055269	-0.019166	-0.003059	0.039696	-0.004579	0.005790	-0.008008	0.006915	-0.003705	-0.106526	0.032361	-0.019046	0.020560	0.051311	-0.019073	-0.072739	0.009405	-0.017965	-0.001826	0.058089
0.957629	0.123187	0.064189	-0.008127	0.040300	0.052499	0.106974	-0.028740	0.027557	-0.103975	-0.016319	0.009741	-0.036546	0.026839	0.008655	0.004028	0.009419	0.014561	-0.023259	0.011044	0.074079	-0.053191	0.043713	0.004531	0.041986	-0.023836	0.002997	0.008750	-0.006178	-0.020774	0.056023	-0.007396	-0.013445	-0.022482	0.012980	-0.004600	0.026933	0.015368	0.004523	0.015508	0.001927	0.011302	-0.032891	0.042736	-0.028345	-0.065096	0.027100	-0.048479	0.047534	0.006493
0.962557	-0.140357	0.095513	-0.015500	-0.050444	-0.004599	0.001111	-0.036839	-0.007292	-0.074431	0.081012	0.027878	-0.015491	0.022433	-0.020944	0.012239	0.020600	-0.017300	-0.019562	-0.016072	-0.057488	0.017203	0.034255	-0.016115	0.030939	-0.016464	-0.005572	-0.000728	0.061249	0.016506	-0.001987	0.004784	0.048770	0.074316	-0.019419	-0.023559	-0.010915	-0.000054	-0.022471	-0.010356	0.050235	-0.003913	0.013280	-0.014512	-0.005463	-0.007685	-0.023478	-0.013623	-0.033811	0.007974
0.964712	0.097571	-0.003999	-0.045074	-0.048904	-0.094149	0.000729	0.001540	-0.122693	-0.013316	0.035766	0.025900	0.010955	-0.033761	0.026265	-0.020879	0.015670	-0.007689	-0.011202	-0.018354	-0.019320	-0.004779	-0.013855	-0.008890	-0.083797	-0.002017	-0.036035	-0.016049	-0.002063	0.030911	-0.015874	0.079571	-0.026568	-0.003923	0.000989	-0.026902	-0.015994	0.029554	0.010691	-0.031591	0.019830	0.002539	0.040738	-0.004121	0.015843	0.021183	-0.004741	0.047238	0.016572	0.019659
0.874070	-0.046853	-0.046597	0.139071	-0.136101	0.066425	0.096207	0.122275	0.022327	0.184566	0.183341	-0.055188	-0.015934	0.009171	0.087601	0.072485	0.031887	-0.060960	0.010720	0.008553	0.092730	0.058645	-0.030858	-0.006899	0.031175	-0.023834	0.059103	-0.041939	0.038083	0.017692	0.090368	0.057987	0.034918	0.070589	-0.064581	-0.021781	-0.052179	-0.060689	0.042836	-0.040770	-0.034984	0.091996	0.007726	0.014377	-0.060840	-0.017937	0.079451	-0.015913	-0.021175	-0.029636
0.779330	-0.127420	-0.286457	-0.064237	-0.170212	0.062278	-0.094434	0.182285	0.031746	0.042416	-0.096413	0.220766	0.063827	0.057520	0.140664	0.045119	-0.207515	0.023235	-0.065192	0.038188	0.137541	-0.058476	-0.104157	-0.006142	-0.057375	0.000152	-0.069045	0.015610	-0.045222	0.025897	-0.007257	-0.018255	-0.026748	-0.016576	0.039066	-0.031925	0.056200	-0.028552	0.064934	-0.090644	-0.023686	0.011210	-0.004188	-0.062853	-0.013580	0.025678	-0.043776	-0.048384	0.039314	-0.001221
0.954932	0.069949	-0.009745	0.035924	0.038816	-0.042111	0.015005	0.122119	-0.059689	-0.078130	0.039581	-0.043843	-0.010540	-0.031243	-0.007306	-0.050836	-0.035137	-0.011460	0.030724	-0.001952	-0.014545	-0.080822	0.045141	0.081044	0.020184	-0.000782	-0.069549	0.061459	-0.017391	0.042061	-0.012012	0.009822	-0.023168	-0.014469	0.010862	-0.011905	-0.005373	-0.044165	0.011897	0.061289	0.003775	-0.066240	0.041680	-0.022370	0.017572	0.036017	0.012465	-0.001586	0.028821	-0.037569
0.856372	0.065104	-0.123716	0.048338	-0.045398	-0.185547	-0.203655	-0.123484	0.052863	-0.077668	0.067230	0.038231	-0.010858	-0.062566	-0.102245	0.044736	-0.036301	0.056890	0.132196	-0.038455	-0.057778	-0.050279	0.000573	-0.006816	-0.041994	0.007752	-0.062253	0.030645	0.050612	-0.009139	-0.037223	-0.009664	-0.035932	0.034621	-0.050792	0.024317	0.040469	0.009939	0.027742	-0.029267	0.015668	-0.001346	-0.091929	-0.039515	-0.150271	0.009628	0.036765	0.161854	-0.082169	0.061613
0.714850	0.022370	0.126309	-0.157261	0.127926	0.115884	-0.126196	-0.134048	-0.076074	0.113212	-0.092554	0.018340	0.066514	0.049243	0.034853	0.046892	-0.032274	0.031269	-0.092969	0.052361	-0.010835	-0.124742	0.093204	-0.023608	-0.045587	0.018195	0.064125	0.168592	-0.023641	0.225576	-0.071204	-0.113832	0.031043	-0.153937	0.132880	0.010006	-0.121755	-0.143904	0.025780	0.030793	0.020797	-0.139192	0.132154	0.001336	-0.120100	-0.022760	0.187468	-0.114617	-0.152078	-0.020437
0.839631	-0.091554	0.005401	-0.023004	-0.176858	0.031195	0.031980	0.100100	0.026928	0.101073	-0.100748	0.048348	0.025763	-0.043870	-0.028783	0.079117	0.153305	-0.027763	-0.218865	0.071206	-0.112324	0.020633	0.094308	0.077817	-0.024241	0.062308	0.032186	-0.025991	-0.026179	-0.053873	0.045381	0.032086	-0.123847	0.077003	0.027433	0.070331	0.048744	-0.009161	-0.003956	0.077072	0.098583	0.076213	-0.013984	-0.051028	-0.070002	0.007796	0.073248	-0.152548	0.045523	0.046965
0.900879	-0.129992	0.122597	0.170224	-0.002462	0.039815	0.139753	-0.053043	0.087600	0.000486	0.139341	-0.002966	-0.015398	0.111369	0.080163	0.044689	0.021287	0.030004	0.001734	-0.030773	0.030143	-0.031441	-0.044953	0.008707	-0.027032	0.040511	-0.022954	-0.100730	-0.000721	0.006062	-0.051340	0.047079	0.027687	-0.049865	-0.020044	0.023609	-0.042537	0.027413	0.014391	0.032014	0.069628	0.001932	-0.075035	0.040072	-0.037994	0.053602	0.039204	0.066170	-0.011552	0.026929
0.918414	-0.100551	-0.017185	0.047866	-0.154271	-0.009794	0.001989	0.170087	-0.051030	-0.053113	-0.055017	0.069711	0.068062	-0.081740	-0.019015	-0.071630	-0.015171	-0.012066	0.089105	0.052346	-0.033704	0.007079	0.118659	-0.034686	0.032580	0.034024	0.062242	0.057169	-0.021174	-0.012878	0.026771	-0.033014	-0.036923	0.030308	0.026496	0.011180	0.069995	0.065863	0.030059	0.019377	-0.010538	-0.019569	0.024806	0.011310	-0.001691	0.032126	-0.003702	0.037043	-0.065432	-0.000693
0.897775	0.037398	0.131137	0.036794	-0.007747	0.064077	-0.127310	-0.025942	0.112698	0.001170	-0.076641	-0.093689	0.028527	0.048202	-0.017660	-0.062915	-0.094974	-0.054826	-0.034305	-0.012436	0.008817	0.018400	0.056200	0.009947	0.038967	-0.083127	-0.042717	-0.078294	-0.029378	0.043142	-0.030389	0.002671	-0.067414	-0.068734	-0.044121	-0.078339	0.143014	-0.002651	-0.074756	-0.086941	-0.042987	-0.019873	-0.035551	-0.035056	0.019038	0.032438	-0.125317	-0.015673	0.018134	0.088228
0.881581	-0.028301	-0.019334	0.017584	0.090426	-0.031038	0.028241	0.075810	0.011578	0.063333	0.060327	0.098912	-0.025236	-0.184705	-0.079554	0.088807	-0.015268	-0.119250	-0.025837	0.060518	-0.108361	-0.062552	0.014705	0.065441	0.060541	0.011606	-0.086752	-0.024052	0.005866	0.002502	-0.028537	0.012331	-0.063552	-0.125829	-0.179046	-0.067601	-0.000116	0.029071	0.072755	0.005393	-0.020247	0.010013	0.104712	0.017948	0.024627	0.097959	0.013432	-0.008018	0.016478	0.045586
0.942511	0.037844	0.110562	-0.033560	0.158859	-0.174255	-0.001523	0.078360	-0.033062	-0.038734	0.063070	-0.021356	0.018096	0.033753	-0.074796	-0.011130	0.008435	-0.045358	-0.016907	-0.027333	-0.005099	0.036234	0.042409	0.031727	-0.007780	-0.030980	-0.004618	-0.004979	-0.031207	-0.020214	0.026964	0.000551	0.035991	-0.009155	0.023021	0.015362	-0.018027	0.026316	0.012748	-0.001068	0.032221	-0.037300	-0.010147	-0.039625	0.011873	-0.013367	0.004547	-0.029282	0.042354	0.005663
0.911534	-0.008243	0.088163	0.057904	-0.153365	-0.012138	0.131239	0.059074	0.096528	0.056721	-0.021803	0.027904	-0.016374	0.108823	-0.043580	0.121985	-0.016032	-0.012040	-0.001122	0.052337	-0.027224	-0.006520	-0.028897	0.040883	-0.053005	-0.055213	-0.016503	0.015111	-0.030523	-0.060957	0.071890	-0.016852	-0.079777	-0.045796	-0.021915	0.094289	0.021869	-0.027295	0.071088	-0.020002	0.042278	0.063627	0.046420	-0.098620	0.031483	0.002295	-0.016254	0.007604	0.065167	0.013074
0.761349	-0.084054	0.282600	0.092645	-0.067286	-0.043936	0.031489	-0.015330	-0.005778	-0.031713	0.108239	-0.129305	0.018137	-0.080771	-0.090648	0.004944	0.047599	0.108912	0.011624	-0.020556	-0.070572	0.000188	0.065708	0.067736	-0.024618	-0.033299	-0.108343	-0.046198	0.101018	0.087513	-0.230230	0.034561	0.175806	0.031182	0.008651	0.033663	-0.074356	-0.097444	0.025395	-0.083836	0.034658	0.127238	-0.050548	-0.258730	0.091003	0.048519	-0.011892	-0.003632	0.013280	0.052172
0.806149	0.075896	0.024003	-0.093071	0.206402	0.033987	0.103063	0.147217	0.237531	0.000610	0.105855	0.084494	0.201283	-0.194385	-0.099834	-0.070752	0.098591	-0.065656	-0.058419	0.004396	-0.027160	0.065431	-0.056394	-0.026599	-0.045455	0.009193	0.051603	-0.051597	0.089378	-0.030068	0.004873	-0.089234	0.029418	-0.043366	0.003392	0.107343	0.039247	-0.000024	0.056679	-0.057407	0.025437	-0.078170	-0.017265	0.005667	0.043850	-0.026564	-0.033391	0.069530	0.041515	-0.024326
0.923817	-0.001855	0.012983	0.006333	-0.190571	-0.044065	-0.040713	-0.002764	0.046876	0.141257	-0.084326	-0.053319	0.056264	-0.068074	-0.003194	-0.059376	0.056761	-0.008194	0.047297	0.042333	-0.027292	-0.063984	0.054759	0.014427	0.059352	-0.061460	-0.079053	0.055953	-0.054233	0.017351	-0.040884	-0.076789	-0.032764	-0.027541	0.060628	0.004175	0.013097	-0.039432	-0.024979	0.031631	-0.043893	-0.037790	0.068306	-0.012193	-0.010143	-0.022901	0.028713	-0.027657	0.003052	0.029340
0.857568	-0.036965	0.329946	0.163837	-0.070882	-0.056195	0.074955	0.092483	0.050341	0.149667	-0.175221	-0.032665	0.116796	-0.027321	-0.014965	0.081973	0.055398	0.004409	-0.033175	0.012848	-0.039785	0.063986	-0.027287	0.001474	-0.011656	0.002395	-0.005974	0.040804	0.029359	-0.013936	0.051619	-0.010618	-0.040735	-0.015142	-0.041505	0.027553	0.046007	0.018801	0.001241	0.026616	0.015870	0.030964	0.010775	-0.007485	0.008709	-0.015462	-0.003883	0.030307	0.004218	0.021508
0.873399	0.008778	-0.113666	0.170065	-0.002593	-0.125975	0.267328	0.091510	0.072118	-0.008797	0.009914	0.055974	0.010411	-0.122179	0.014099	-0.024638	0.049436	-0.064228	-0.115322	0.021599	0.041349	-0.026191	0.023447	0.104388	0.000767	0.042098	0.001291	-0.035516	0.004421	-0.053755	-0.033576	-0.002978	0.012874	-0.043486	-0.067058	-0.041972	-0.025234	0.001529	0.053671	0.011864	-0.021501	0.041199	0.099553	-0.030032	-0.061268	0.060009	-0.030267	0.016821	-0.020291	0.004026
0.912653	-0.113618	0.059571	-0.130979	0.176009	-0.050700	0.094880	-0.055565	-0.074905	0.058896	0.033634	0.050279	-0.050554	-0.073894	0.064888	0.071499	-0.025697	0.044345	-0.033889	0.009975	0.021883	-0.059900	0.021519	-0.001327	-0.009187	-0.023967	-0.013296	0.001752	-0.008599	0.032707	0.001190	-0.009340	-0.094426	-0.037310	0.036519	0.061809	0.084844	0.002050	0.056694	0.041502	-0.035242	-0.027622	-0.020609	0.020992	-0.005342	0.009420	0.127696	-0.018370	0.003526	0.003483
0.932632	0.240591	0.050807	0.073482	0.075494	0.086821	0.002518	-0.071766	0.019746	0.005054	-0.031029	-0.039351	0.036865	-0.062622	-0.054452	-0.023269	0.023895	0.037683	-0.017900	-0.005050	-0.004705	-0.013238	-0.016151	-0.016899	-0.019083	0.041309	0.016800	0.072579	0.009713	0.015594	0.002826	0.034174	0.053720	0.044795	-0.007580	-0.012039	-0.045608	-0.007714	-0.043079	-0.072558	0.051678	-0.036031	0.037566	-0.002624	0.000197	0.001388	0.022287	0.041540	-0.004656	0.004833
0.941852	-0.087501	-0.122489	-0.123779	0.008618	0.000605	-0.012948	-0.113661	-0.056661	0.098300	-0.027948	-0.021765	0.022257	0.013221	0.044216	-0.058260	0.000026	-0.063278	0.077618	-0.051401	-0.034731	-0.011309	-0.004489	0.007412	-0.046815	0.039405	-0.019832	-0.050432	0.017973	0.004079	0.062780	-0.054843	0.024369	-0.023248	0.026731	0.028925	0.002028	-0.039394	0.034118	-0.001449	0.013979	-0.023451	0.048137	-0.005106	-0.011417	0.003612	0.057938	-0.024812	-0.005354	-0.030567
0.918627	0.060966	-0.033228	-0.151442	-0.164380	0.078956	0.016054	-0.035052	0.012677	0.032831	0.128498	0.025808	0.135424	-0.019662	-0.023399	-0.011176	-0.073320	0.100847	0.090075	-0.014507	-0.059481	-0.063959	0.024012	0.045309	-0.025592	0.038351	0.014995	-0.015777	-0.031227	0.021277	-0.042845	-0.043309	-0.022783	0.013773	0.009660	0.027582	0.053225	-0.006704	0.047616	0.065819	-0.011596	0.027229	-0.022750	-0.000528	-0.031122	0.008173	0.014527	0.014424	-0.004674	0.006038
0.899981	-0.031455	0.236494	0.017378	-0.046281	-0.152612	0.053489	0.065135	-0.151766	-0.085893	0.004886	0.039174	-0.030083	0.050016	0.043278	0.026560	-0.051731	-0.043717	-0.011930	0.006813	0.044262	-0.046310	0.073439	-0.070764	0.001127	0.067747	0.065349	0.073853	0.011177	0.026729	-0.048008	-0.034149	0.012674	-0.009686	-0.049380	0.008878	0.013298	0.034926	-0.040322	0.051480	-0.004501	-0.025788	0.071257	0.047336	0.007976	-0.030147	0.001022	-0.046386	0.047325	-0.051016
0.800667	-0.001584	0.127065	-0.010648	0.230729	-0.168353	-0.052504	-0.037775	0.068302	0.069052	0.178933	-0.019057	0.064458	-0.068193	-0.004259	-0.127413	-0.018717	0.068035	0.015865	0.131702	0.112601	0.083833	-0.082694	-0.028731	0.038314	-0.205160	-0.087139	0.034718	-0.059642	-0.031371	0.101459	-0.100088	-0.013937	0.069452	0.018823	0.046195	-0.171677	-0.000599	-0.044014	0.036560	-0.039638	-0.063441	-0.047479	-0.074010	-0.012623	-0.020338	-0.000800	0.006699	0.080883	0.046255
0.792066	0.111367	-0.221605	-0.186869	-0.310662	-0.142047	0.115457	0.031958	0.043850	0.003528	0.006228	0.064588	-0.112157	-0.026168	0.049026	0.045001	-0.120952	0.061857	-0.163553	0.021079	0.153097	-0.115231	0.065816	0.007844	0.062178	-0.038904	-0.002211	-0.028754	-0.002909	-0.055134	0.029110	-0.030438	-0.041335	-0.006968	-0.044602	-0.014310	0.045995	0.047150	0.004395	0.010503	0.065147	-0.058691	-0.019087	-0.045747	0.038113	-0.011208	0.006685	-0.028064	0.050508	0.000905
0.891469	0.112565	0.084058	0.129665	-0.030780	-0.056160	-0.073744	-0.059534	0.064873	-0.063249	0.111922	-0.037338	0.091896	-0.129180	-0.151504	-0.085738	0.062655	-0.110770	-0.045807	0.096340	-0.058863	-0.025579	0.006152	0.085585	0.067506	0.019120	-0.067682	0.025192	0.020550	-0.018401	-0.045070	0.022740	-0.015114	-0.035741	-0.039177	-0.048844	0.001689	0.009576	0.030360	0.002760	-0.014552	-0.012810	0.075500	0.029265	-0.022280	0.009653	-0.014372	-0.084730	-0.001966	0.064935
0.840219	0.067321	-0.137922	-0.091136	-0.070127	-0.153879	0.086904	-0.021643	0.090855	-0.009245	-0.011806	-0.006404	-0.171056	-0.005577	0.021130	-0.153843	0.092373	0.112209	-0.105176	-0.063193	-0.083091	0.127863	0.042839	-0.090850	-0.126408	-0.018864	0.002594	-0.071876	0.038894	0.170365	0.115414	0.016478	0.011574	-0.056240	0.098628	0.013321	0.006675	0.011222	0.001124	-0.021683	0.021220	-0.049156	0.074194	0.009277	-0.038640	0.030567	-0.020097	0.040474	-0.032297	0.025645
0.907079	0.143287	0.040469	0.161462	-0.000332	0.200841	0.013683	0.111777	-0.032443	0.003865	0.051593	-0.050509	-0.062611	-0.043147	0.022253	0.014565	-0.041116	0.033779	0.023816	-0.019889	-0.003026	-0.055405	0.063730	0.044179	-0.049290	0.030207	-0.030784	0.065502	0.071061	0.015435	-0.018270	-0.004819	0.058925	0.014564	0.010110	-0.000736	-0.029051	0.039295	-0.069392	0.023924	-0.074615	-0.080690	-0.003286	0.059534	-0.017566	-0.027031	-0.069495	-0.018176	-0.050804	-0.009635
0.873179	0.036139	0.199319	0.131421	-0.013272	-0.072455	-0.000666	-0.053513	-0.116153	0.113160	-0.164017	0.072790	0.118109	-0.003724	0.032627	0.004107	0.064166	0.002870	0.004572	0.063800	0.003729	0.005155	0.161313	-0.000615	0.065920	-0.049440	-0.000804	0.092975	-0.006996	-0.014183	0.012246	0.007178	0.069213	-0.014499	0.063882	-0.042143	0.054375	0.067045	0.012898	0.085122	-0.015686	0.017719	-0.042385	-0.040087	0.027669	-0.006478	0.040856	0.069642	0.076414	-0.066369
0.925955	-0.016208	-0.003879	-0.059524	0.162283	-0.178251	0.084663	0.004927	0.067953	-0.013021	0.068753	-0.057781	-0.105180	0.023504	-0.071901	0.055118	-0.037345	-0.056394	0.119310	0.055279	-0.001519	-0.006862	0.040846	0.022854	-0.023434	-0.003658	0.020690	0.025726	0.005958	-0.001194	0.019618	0.006201	-0.029090	-0.043924	-0.010170	-0.034271	0.063608	-0.006029	-0.035593	-0.019416	0.035463	-0.037696	0.002522	-0.009225	0.034561	0.007549	-0.002928	-0.017958	0.021215	0.002863
0.913064	-0.114639	0.107051	0.087457	-0.139118	0.160164	0.005413	0.015027	-0.020358	-0.044035	0.053551	0.010413	-0.000836	0.021376	-0.023478	0.045188	-0.086417	0.026849	-0.013591	0.012763	0.025298	-0.031886	-0.026045	0.013344	-0.056680	-0.076027	-0.058205	-0.068607	0.027965	0.044847	-0.000331	0.025366	-0.087641	-0.050428	0.006186	0.077475	0.067838	-0.026861	0.005892	0.022938	0.030331	-0.008602	0.071619	-0.088619	0.035896	-0.008555	0.000288	0.078633	0.053207	-0.048437
0.907332	-0.248772	-0.109759	0.047940	-0.113118	-0.082450	0.087790	-0.043870	0.124417	0.031598	0.029228	-0.005570	0.008746	-0.039894	-0.040589	0.013538	0.048217	-0.007777	0.021113	0.011116	0.036899	-0.029004	-0.008193	-0.002697	-0.036159	-0.076924	0.004101	-0.040397	0.079939	0.028857	0.077677	-0.047100	0.027954	-0.010345	-0.027288	-0.036831	-0.070298	0.029549	0.015088	0.013522	0.023112	0.007488	0.074363	0.022033	0.061929	0.031261	0.000914	-0.012460	0.005099	0.005773
0.896871	-0.080324	0.204841	0.114223	-0.090734	0.081809	-0.047367	0.092975	0.088822	0.005860	-0.038895	0.025693	0.001371	0.042703	-0.017554	-0.025561	-0.086414	0.070636	-0.062767	0.050991	0.020990	-0.012489	0.075913	-0.032894	-0.028546	-0.071794	0.045111	-0.043308	-0.050878	0.156917	0.001817	0.117063	-0.034363	-0.006845	0.064121	-0.007044	0.041033	0.049260	-0.027234	0.013438	0.032728	-0.011717	0.039494	-0.028465	0.003034	-0.007767	-0.049915	0.029701	0.020534	-0.019124
0.712484	-0.202871	0.026217	0.057940	0.043573	0.038247	0.014544	0.153539	0.104861	0.034487	-0.004983	0.079140	-0.047890	0.015660	-0.088087	0.108153	-0.169292	-0.021717	0.036977	0.007300	-0.061243	-0.017723	-0.181369	-0.024221	-0.019044	-0.015221	-0.002060	-0.035215	-0.008289	0.118765	0.016312	-0.095576	-0.008303	-0.149125	0.264716	0.030755	-0.019980	0.027100	-0.087694	-0.103503	-0.226414	-0.069960	0.006352	0.092631	-0.173333	0.202207	-0.075068	-0.078861	0.129399	-0.094157
0.884359	0.113415	-0.006339	-0.022889	0.007920	0.073332	0.196780	-0.074923	-0.011616	0.159786	0.052647	-0.040675	0.133778	-0.019724	-0.035075	-0.007700	-0.076057	0.033980	0.049380	-0.031051	0.013712	-0.075402	0.092084	0.082236	0.020711	-0.054557	-0.034201	0.097308	0.081068	0.021296	-0.001562	-0.032756	0.041415	-0.082063	0.119923	-0.032474	0.032160	-0.063764	0.003000	0.037145	-0.001893	-0.065246	0.026167	-0.039010	0.029043	0.030137	0.101905	0.025301	-0.019346	-0.037980
0.665264	0.040001	0.192294	-0.051160	-0.136969	-0.091208	0.059205	-0.161825	-0.023986	0.085762	0.021378	-0.009465	0.166402	-0.114301	0.006075	-0.097246	-0.081902	0.066890	-0.125679	0.024840	0.098253	0.016668	-0.022406	0.184101	-0.051763	-0.052742	0.117177	0.078755	0.164280	-0.032877	-0.058337	0.200461	0.281475	-0.056725	-0.001774	-0.111569	-0.018167	0.013525	0.083736	-0.107473	0.040513	-0.034900	-0.087625	0.091009	0.108056	0.051620	0.242329	0.022692	0.135360	0.084076
0.860755	-0.250049	0.156391	-0.146851	0.019765	0.138220	0.078237	-0.015035	0.080760	-0.003479	-0.011152	-0.100251	-0.103917	0.023230	0.066259	-0.086914	-0.051688	0.059642	0.022279	-0.019794	-0.058495	0.049172	0.014134	-0.034668	0.017170	0.002049	-0.000016	-0.034189	0.061442	0.046029	0.005680	-0.035148	-0.031259	0.041448	0.089167	0.028935	0.028700	-0.036898	0.056113	-0.005533	-0.023266	-0.029844	0.051698	0.082534	-0.081052	0.122001	0.026328	-0.008192	0.097531	0.047347
0.836989	0.045566	0.364316	-0.002199	-0.160334	-0.159689	-0.024941	0.019405	0.020262	-0.023964	0.121082	-0.077067	0.126174	-0.096574	-0.019199	-0.010892	-0.018441	0.079678	-0.011627	0.056672	0.053200	0.062001	-0.052215	0.029170	-0.007350	-0.077471	0.046782	0.023089	-0.000252	-0.016013	0.055485	-0.041279	-0.064390	0.074833	-0.030206	0.013293	0.046234	-0.028352	-0.102061	0.012829	-0.002600	0.014160	0.065790	-0.002216	-0.004205	0.017164	0.016972	-0.024568	-0.024135	-0.018162
0.794528	0.194842	-0.074765	0.068953	0.055492	-0.001091	-0.125968	-0.111556	0.322554	-0.010550	-0.190900	0.010315	-0.022303	0.054353	0.009725	-0.095919	0.063104	-0.110101	-0.026669	0.026403	-0.065626	0.001837	0.113312	0.070843	-0.061544	-0.021079	-0.002006	-0.024300	0.068166	0.080948	-0.000322	-0.066185	-0.131145	0.028595	0.039946	-0.042963	0.113493	0.068887	0.005388	0.000828	-0.019831	-0.060698	-0.135118	-0.022367	0.046976	0.028871	0.027256	-0.047558	0.023909	-0.083198
0.804687	-0.013985	-0.104044	0.149171	-0.051832	0.062082	0.172480	0.056870	0.022326	0.156921	0.223076	-0.107365	-0.043824	-0.032155	-0.051575	0.020011	-0.131344	0.018468	0.182583	-0.034057	-0.029073	-0.012474	0.082369	0.032471	-0.023938	0.025952	0.112488	-0.026727	0.101903	-0.021958	0.085000	0.070683	-0.149713	0.057974	0.012948	-0.012054	-0.112850	-0.022853	0.124006	-0.053006	-0.045027	-0.009993	-0.047867	-0.018467	0.098966	-0.005712	-0.019259	-0.087556	-0.089988	0.019260
0.787377	-0.049810	-0.035305	0.011504	-0.076164	0.097913	0.073451	-0.047265	-0.207910	0.251330	-0.215171	0.002778	0.141217	0.021717	0.132647	-0.091455	0.013898	0.025840	-0.008994	-0.041696	0.048114	-0.032383	0.217516	-0.091374	0.027507	-0.040617	-0.078763	-0.066727	0.003261	-0.088729	0.042160	0.037784	-0.054451	0.061510	0.012364	-0.023489	-0.088080	-0.080076	0.077447	-0.023478	-0.116624	-0.017318	0.001931	0.049303	-0.069835	-0.052651	-0.112120	-0.022735	0.020989	0.050445
0.847165	-0.033832	-0.130628	-0.220984	-0.113905	0.008817	-0.157485	-0.011812	-0.021784	0.040388	-0.050718	0.103104	-0.054864	-0.071487	0.105823	-0.069051	-0.049529	0.091013	0.064355	0.089895	-0.055627	-0.002495	0.134007	0.114119	-0.050891	-0.040713	-0.016438	0.116034	-0.001236	0.077863	-0.042668	0.058689	0.090291	0.031769	-0.048573	-0.041176	-0.102127	0.048642	-0.024376	-0.047560	0.066331	-0.088012	-0.018543	0.080208	-0.003617	0.002040	0.001954	0.013844	-0.055648	-0.020683
0.850073	0.113008	-0.073028	0.182220	0.237607	-0.281737	-0.018988	-0.079288	-0.032951	0.013166	0.117510	-0.003377	-0.045848	-0.038463	-0.052908	-0.021752	0.007049	-0.004304	0.087372	0.016908	0.055932	-0.022543	0.026491	-0.037232	-0.033449	-0.054568	-0.043413	0.053071	-0.016704	0.016920	0.009536	-0.017681	0.103830	0.059674	0.013552	0.026509	0.062413	0.060615	0.001640	-0.043314	-0.055111	0.074787	0.037175	-0.013804	0.009128	-0.012940	-0.013847	0.030357	0.006048	-0.043539
